template_id,sql_text,query_length,join_count,where_condition_count,subquery_count,has_group_by,has_order_by,has_distinct,table_reference_count,unique_table_count,select_expression_count,aggregate_function_count,inner_join_count,left_join_count,right_join_count,full_join_count,cross_join_count,estimated_startup_cost,estimated_total_cost,estimated_plan_rows,estimated_plan_width,estimated_rows_all_nodes,actual_total_time_ms,node_count,max_plan_depth,relation_count,root_node_type,seq_scan_count,index_scan_count,index_only_scan_count,bitmap_heap_scan_count,hash_join_count,merge_join_count,nested_loop_count,sort_node_count,aggregate_node_count,shared_hit_blocks,shared_read_blocks,temp_read_blocks,temp_written_blocks
daily_flight_count,"SELECT scheduled_departure::date AS flight_date, COUNT(*) AS flight_count FROM aviation.flights WHERE departure_airport = 'BQT' GROUP BY scheduled_departure::date ORDER BY flight_date",183,0,1,0,True,True,False,1,1,2,1,0,0,0,0,0,281.33,301.24,993.0,12,2993.0,2.976,3,3,1,Aggregate,1,0,0,0,0,0,0,1,1,318,0,0,0
fare_statistics,"SELECT fare_conditions, COUNT(*) AS ticket_count, AVG(amount) AS average_amount FROM aviation.ticket_flights WHERE fare_conditions = 'Business' AND amount >= 17750 GROUP BY fare_conditions HAVING COUNT(*) > 10",209,0,2,0,True,False,False,1,1,3,3,0,0,0,0,0,0.0,2355.68,1.0,48,4333.0,27.52,2,2,1,Aggregate,1,0,0,0,0,0,0,0,1,1668,0,0,0
aircraft_flight_counts,"SELECT a.aircraft_code, a.model, COUNT(f.flight_id) AS flight_count FROM aviation.aircrafts AS a LEFT JOIN aviation.flights AS f ON f.aircraft_code = a.aircraft_code WHERE a.range_km >= 5000 GROUP BY a.aircraft_code, a.model",224,1,1,0,True,False,False,2,2,3,1,0,1,0,0,0,293.61,293.65,4.0,27,18012.0,11.411,5,4,2,Aggregate,2,0,0,0,1,0,0,0,1,316,0,0,0
route_revenue,"SELECT f.departure_airport, f.arrival_airport, SUM(tf.amount) AS revenue FROM aviation.flights AS f JOIN aviation.ticket_flights AS tf ON tf.flight_id = f.flight_id WHERE f.departure_airport = 'GME' GROUP BY f.departure_airport, f.arrival_airport ORDER BY revenue DESC",268,1,1,0,True,True,False,2,2,3,1,1,0,0,0,0,2388.4,2388.43,10.0,40,112020.0,64.919,6,5,2,Sort,2,0,0,0,1,0,0,1,1,3859,0,0,0
booking_amount_range,"SELECT book_ref, book_date, total_amount FROM aviation.bookings WHERE total_amount BETWEEN 150000 AND 295000",108,0,1,0,False,False,False,1,1,3,0,0,0,0,0,0,0.0,1069.0,14549.0,21,14549.0,27.012,1,1,1,Seq Scan,1,0,0,0,0,0,0,0,0,319,0,0,0
flight_occupancy,"SELECT f.flight_id, COUNT(DISTINCT tf.ticket_no) AS tickets, COUNT(DISTINCT bp.ticket_no) AS boarded FROM aviation.flights AS f LEFT JOIN aviation.ticket_flights AS tf ON tf.flight_id = f.flight_id LEFT JOIN aviation.boarding_passes AS bp ON bp.flight_id = tf.flight_id AND bp.ticket_no = tf.ticket_no WHERE f.flight_id = 5752 GROUP BY f.flight_id",347,2,1,0,True,False,False,3,3,3,2,0,2,0,0,0,2112.95,2113.12,1.0,20,62.0,13.745,8,5,3,Aggregate,1,1,1,0,0,1,1,2,1,4197,0,0,0
booking_ticket_count,"SELECT b.book_ref, COUNT(t.ticket_no) AS ticket_count FROM aviation.bookings AS b JOIN aviation.tickets AS t ON t.book_ref = b.book_ref WHERE b.book_date >= DATE '2024-12-11' AND b.book_date < DATE '2025-01-10' GROUP BY b.book_ref HAVING COUNT(t.ticket_no) >= 2",261,1,2,0,True,False,False,2,2,2,2,1,0,0,0,0,3445.41,3496.46,1361.0,15,117697.0,76.247,5,4,2,Aggregate,2,0,0,0,1,0,0,0,1,4342,0,0,0
aircraft_seat_capacity,"SELECT a.aircraft_code, a.model, COUNT(s.seat_no) AS seat_count FROM aviation.aircrafts AS a JOIN aviation.seats AS s ON s.aircraft_code = a.aircraft_code WHERE s.fare_conditions = 'Business' GROUP BY a.aircraft_code, a.model ORDER BY seat_count DESC",250,1,1,0,True,True,False,2,2,3,1,1,0,0,0,0,18.06,18.07,5.0,27,140.0,0.527,6,5,2,Sort,2,0,0,0,1,0,0,1,1,28,0,0,0
flight_revenue,"SELECT f.flight_id, f.flight_no, COUNT(*) AS ticket_count, SUM(tf.amount) AS revenue FROM aviation.flights AS f JOIN aviation.ticket_flights AS tf ON tf.flight_id = f.flight_id WHERE f.flight_id = 8071 GROUP BY f.flight_id, f.flight_no",235,1,1,0,True,False,False,2,2,4,2,1,0,0,0,0,0.29,2092.47,1.0,51,22.0,13.855,4,3,2,Aggregate,1,1,0,0,0,0,1,0,1,2511,0,0,0
route_by_date,"SELECT flight_id, flight_no, scheduled_departure, status FROM aviation.flights WHERE departure_airport = 'IST' AND arrival_airport = 'GME' AND scheduled_departure >= DATE '2025-01-19' AND scheduled_departure < DATE '2025-01-19' + INTERVAL '1 day'",246,0,4,0,False,False,False,1,1,4,0,0,0,0,0,0,0.0,304.0,1.0,27,1.0,2.77,1,1,1,Seq Scan,1,0,0,0,0,0,0,0,0,104,0,0,0
boarding_pass_lookup,"SELECT bp.boarding_no, bp.seat_no, t.passenger_name FROM aviation.boarding_passes AS bp JOIN aviation.tickets AS t ON t.ticket_no = bp.ticket_no WHERE bp.flight_id = 5292 AND bp.boarding_no BETWEEN 2 AND 7",205,1,2,0,False,False,False,2,2,3,0,1,0,0,0,0,0.71,67.79,6.0,22,13.0,0.353,3,2,2,Nested Loop,0,2,0,0,0,0,1,0,0,54,0,0,0
airport_connections,"SELECT dep.city AS departure_city, arr.city AS arrival_city, COUNT(*) AS flights FROM aviation.flights AS f JOIN aviation.airports AS dep ON dep.airport_code = f.departure_airport JOIN aviation.airports AS arr ON arr.airport_code = f.arrival_airport WHERE f.departure_airport = 'GME' AND f.status = 'On Time' GROUP BY dep.city, arr.city",336,2,2,0,True,False,False,3,2,3,1,2,0,0,0,0,261.66,261.76,10.0,24,781.0,1.977,7,4,2,Aggregate,3,0,0,0,1,0,1,0,1,420,0,0,0
aircraft_fare_capacity,"SELECT fare_conditions, COUNT(*) AS seat_count FROM aviation.seats WHERE aircraft_code = '320' GROUP BY fare_conditions ORDER BY seat_count DESC",144,0,1,0,True,True,False,1,1,2,1,0,0,0,0,0,17.2,17.21,3.0,16,186.0,0.297,3,3,1,Sort,1,0,0,0,0,0,0,1,1,18,0,0,0
passengers_for_booking,"SELECT b.book_ref, b.book_date, t.ticket_no, t.passenger_name FROM aviation.bookings AS b JOIN aviation.tickets AS t ON t.book_ref = b.book_ref WHERE b.book_ref = '020799'",171,1,1,0,False,False,False,2,2,4,0,1,0,0,0,0,0.29,2280.33,2.0,44,5.0,20.96,3,2,2,Nested Loop,1,1,0,0,0,0,1,0,0,2050,0,0,0
recent_flights_sorted,"SELECT flight_no, departure_airport, arrival_airport, scheduled_departure FROM aviation.flights WHERE departure_airport = 'VTB' ORDER BY scheduled_departure DESC LIMIT 10",170,0,1,0,False,True,False,1,1,4,0,0,0,0,0,0,250.61,250.63,10.0,23,2010.0,2.165,3,3,1,Limit,1,0,0,0,0,0,0,1,0,318,0,0,0
ticket_fare_lookup,"SELECT t.ticket_no, tf.flight_id, tf.amount FROM aviation.tickets AS t JOIN aviation.ticket_flights AS tf ON tf.ticket_no = t.ticket_no WHERE t.passenger_id = '4607-024605' AND tf.fare_conditions = 'Comfort'",207,1,2,0,False,False,False,2,2,3,0,1,0,0,0,0,0.42,2280.45,1.0,24,3.0,15.546,3,2,2,Nested Loop,1,1,0,0,0,0,1,0,0,2052,0,0,0
flights_without_tickets,"SELECT f.flight_id, f.flight_no FROM aviation.flights AS f WHERE f.scheduled_departure >= DATE '2025-12-21' AND NOT EXISTS (SELECT 1 FROM aviation.ticket_flights AS tf WHERE tf.flight_id = f.flight_id)",201,0,3,1,False,False,False,2,2,3,0,0,0,0,0,0,3084.0,3314.47,1.0,11,200295.0,53.306,4,3,2,Hash Join,2,0,0,0,1,0,0,0,0,2710,0,0,0
ticket_name_prefix,"SELECT ticket_no, passenger_id, passenger_name FROM aviation.tickets WHERE passenger_name LIKE 'Passenger 17549%' ORDER BY ticket_no LIMIT 50",141,0,1,0,False,True,False,1,1,3,0,0,0,0,0,0,2272.17,2272.19,10.0,41,30.0,18.612,3,3,1,Limit,1,0,0,0,0,0,0,1,0,3072,0,0,0
high_value_passengers,"SELECT t.passenger_id, t.passenger_name, b.total_amount FROM aviation.tickets AS t JOIN aviation.bookings AS b ON b.book_ref = t.book_ref WHERE b.total_amount >= 232500 ORDER BY b.total_amount DESC LIMIT 100",207,1,1,0,False,True,False,2,2,3,0,1,0,0,0,0,5638.4,5638.65,100.0,33,262676.0,108.947,6,5,2,Limit,2,0,0,0,1,0,0,1,0,5689,0,0,0
passenger_flight_history,"SELECT t.passenger_id, t.passenger_name, f.flight_no, f.scheduled_departure, tf.fare_conditions FROM aviation.tickets AS t JOIN aviation.ticket_flights AS tf ON tf.ticket_no = t.ticket_no JOIN aviation.flights AS f ON f.flight_id = tf.flight_id WHERE t.passenger_id = '6679-056674' AND f.status = 'Arrived' ORDER BY f.scheduled_departure DESC",342,2,2,0,False,True,False,3,3,5,0,2,0,0,0,0,2280.77,2280.77,1.0,50,6.0,16.403,6,4,3,Sort,1,2,0,0,0,0,2,1,0,4116,0,0,0
top_routes,"SELECT departure_airport, arrival_airport, COUNT(*) AS flight_count FROM aviation.flights WHERE scheduled_departure >= DATE '2025-08-30' AND scheduled_departure < DATE '2025-09-29' GROUP BY departure_airport, arrival_airport ORDER BY flight_count DESC LIMIT 10",260,0,2,0,True,True,False,1,1,3,1,0,0,0,0,0,263.23,263.25,10.0,16,1019.0,2.739,4,4,1,Limit,1,0,0,0,0,0,0,1,1,422,0,0,0
bookings_with_expensive_ticket,"SELECT b.book_ref, b.total_amount FROM aviation.bookings AS b WHERE EXISTS (SELECT 1 FROM aviation.tickets AS t JOIN aviation.ticket_flights AS tf ON tf.ticket_no = t.ticket_no WHERE t.book_ref = b.book_ref AND tf.amount >= 70500)",230,1,3,1,False,False,False,3,3,3,0,1,0,0,0,0,6019.81,7459.18,43966.0,13,369830.0,170.528,7,5,3,Hash Join,3,0,0,0,2,0,0,0,0,8896,0,0,0
airport_departure_counts,"SELECT departure_airport, COUNT(*) AS flight_count FROM aviation.flights WHERE scheduled_departure >= DATE '2025-07-01' AND scheduled_departure < DATE '2025-07-08' GROUP BY departure_airport ORDER BY flight_count DESC",217,0,2,0,True,True,False,1,1,2,1,0,0,0,0,0,255.22,255.24,10.0,12,210.0,2.573,3,3,1,Sort,1,0,0,0,0,0,0,1,1,315,0,0,0
unboarded_tickets,"SELECT tf.ticket_no, tf.fare_conditions FROM aviation.ticket_flights AS tf LEFT JOIN aviation.boarding_passes AS bp ON bp.ticket_no = tf.ticket_no AND bp.flight_id = tf.flight_id WHERE tf.flight_id = 9839 AND bp.ticket_no IS NULL",229,1,2,0,False,False,False,2,2,2,0,0,1,0,0,0,0.29,2109.74,10.0,22,40.0,13.001,4,3,2,Nested Loop,1,1,0,0,0,0,1,0,0,1677,0,0,0
flight_revenue,"SELECT f.flight_id, f.flight_no, COUNT(*) AS ticket_count, SUM(tf.amount) AS revenue FROM aviation.flights AS f JOIN aviation.ticket_flights AS tf ON tf.flight_id = f.flight_id WHERE f.flight_id = 7227 GROUP BY f.flight_id, f.flight_no",235,1,1,0,True,False,False,2,2,4,2,1,0,0,0,0,0.29,2092.47,1.0,51,22.0,13.448,4,3,2,Aggregate,1,1,0,0,0,0,1,0,1,2511,0,0,0
daily_flight_count,"SELECT scheduled_departure::date AS flight_date, COUNT(*) AS flight_count FROM aviation.flights WHERE departure_airport = 'BQT' GROUP BY scheduled_departure::date ORDER BY flight_date",183,0,1,0,True,True,False,1,1,2,1,0,0,0,0,0,281.33,301.24,993.0,12,2993.0,2.476,3,3,1,Aggregate,1,0,0,0,0,0,0,1,1,318,0,0,0
flights_without_tickets,"SELECT f.flight_id, f.flight_no FROM aviation.flights AS f WHERE f.scheduled_departure >= DATE '2025-09-24' AND NOT EXISTS (SELECT 1 FROM aviation.ticket_flights AS tf WHERE tf.flight_id = f.flight_id)",201,0,3,1,False,False,False,2,2,3,0,0,0,0,0,0,3084.0,3326.35,1.0,11,202671.0,52.388,4,3,2,Hash Join,2,0,0,0,1,0,0,0,0,2710,0,0,0
booking_amount_range,"SELECT book_ref, book_date, total_amount FROM aviation.bookings WHERE total_amount BETWEEN 145000 AND 225000",108,0,1,0,False,False,False,1,1,3,0,0,0,0,0,0,0.0,1069.0,8024.0,21,8024.0,14.881,1,1,1,Seq Scan,1,0,0,0,0,0,0,0,0,319,0,0,0
aircraft_flight_counts,"SELECT a.aircraft_code, a.model, COUNT(f.flight_id) AS flight_count FROM aviation.aircrafts AS a LEFT JOIN aviation.flights AS f ON f.aircraft_code = a.aircraft_code WHERE a.range_km >= 3500 GROUP BY a.aircraft_code, a.model",224,1,1,0,True,False,False,2,2,3,1,0,1,0,0,0,303.62,303.68,5.0,27,20015.0,9.898,5,4,2,Aggregate,2,0,0,0,1,0,0,0,1,316,0,0,0
airport_connections,"SELECT dep.city AS departure_city, arr.city AS arrival_city, COUNT(*) AS flights FROM aviation.flights AS f JOIN aviation.airports AS dep ON dep.airport_code = f.departure_airport JOIN aviation.airports AS arr ON arr.airport_code = f.arrival_airport WHERE f.departure_airport = 'MSQ' AND f.status = 'Scheduled' GROUP BY dep.city, arr.city",338,2,2,0,True,False,False,3,2,3,1,2,0,0,0,0,261.66,261.76,10.0,24,781.0,3.272,7,4,2,Aggregate,3,0,0,0,1,0,1,0,1,424,0,0,0
boarding_pass_lookup,"SELECT bp.boarding_no, bp.seat_no, t.passenger_name FROM aviation.boarding_passes AS bp JOIN aviation.tickets AS t ON t.ticket_no = bp.ticket_no WHERE bp.flight_id = 3069 AND bp.boarding_no BETWEEN 1 AND 3",205,1,2,0,False,False,False,2,2,3,0,1,0,0,0,0,0.71,37.17,3.0,22,7.0,0.12,3,2,2,Nested Loop,0,2,0,0,0,0,1,0,0,30,0,0,0
route_revenue,"SELECT f.departure_airport, f.arrival_airport, SUM(tf.amount) AS revenue FROM aviation.flights AS f JOIN aviation.ticket_flights AS tf ON tf.flight_id = f.flight_id WHERE f.departure_airport = 'MSQ' GROUP BY f.departure_airport, f.arrival_airport ORDER BY revenue DESC",268,1,1,0,True,True,False,2,2,3,1,1,0,0,0,0,2388.4,2388.43,10.0,40,112020.0,38.097,6,5,2,Sort,2,0,0,0,1,0,0,1,1,3859,0,0,0
recent_flights_sorted,"SELECT flight_no, departure_airport, arrival_airport, scheduled_departure FROM aviation.flights WHERE departure_airport = 'SVO' ORDER BY scheduled_departure DESC LIMIT 50",170,0,1,0,False,True,False,1,1,4,0,0,0,0,0,0,262.22,262.34,50.0,23,2050.0,2.483,3,3,1,Limit,1,0,0,0,0,0,0,1,0,318,0,0,0
airport_departure_counts,"SELECT departure_airport, COUNT(*) AS flight_count FROM aviation.flights WHERE scheduled_departure >= DATE '2025-10-15' AND scheduled_departure < DATE '2025-10-22' GROUP BY departure_airport ORDER BY flight_count DESC",217,0,2,0,True,True,False,1,1,2,1,0,0,0,0,0,255.21,255.23,10.0,12,208.0,2.247,3,3,1,Sort,1,0,0,0,0,0,0,1,1,315,0,0,0
unboarded_tickets,"SELECT tf.ticket_no, tf.fare_conditions FROM aviation.ticket_flights AS tf LEFT JOIN aviation.boarding_passes AS bp ON bp.ticket_no = tf.ticket_no AND bp.flight_id = tf.flight_id WHERE tf.flight_id = 4120 AND bp.ticket_no IS NULL",229,1,2,0,False,False,False,2,2,2,0,0,1,0,0,0,0.29,2109.74,10.0,22,40.0,14.753,4,3,2,Nested Loop,1,1,0,0,0,0,1,0,0,1677,0,0,0
ticket_fare_lookup,"SELECT t.ticket_no, tf.flight_id, tf.amount FROM aviation.tickets AS t JOIN aviation.ticket_flights AS tf ON tf.ticket_no = t.ticket_no WHERE t.passenger_id = '0509-020507' AND tf.fare_conditions = 'Business'",208,1,2,0,False,False,False,2,2,3,0,1,0,0,0,0,0.42,2280.45,1.0,24,3.0,16.355,3,2,2,Nested Loop,1,1,0,0,0,0,1,0,0,2052,0,0,0
route_by_date,"SELECT flight_id, flight_no, scheduled_departure, status FROM aviation.flights WHERE departure_airport = 'BQT' AND arrival_airport = 'GNA' AND scheduled_departure >= DATE '2025-07-11' AND scheduled_departure < DATE '2025-07-11' + INTERVAL '1 day'",246,0,4,0,False,False,False,1,1,4,0,0,0,0,0,0,0.0,304.0,1.0,27,1.0,2.896,1,1,1,Seq Scan,1,0,0,0,0,0,0,0,0,104,0,0,0
passengers_for_booking,"SELECT b.book_ref, b.book_date, t.ticket_no, t.passenger_name FROM aviation.bookings AS b JOIN aviation.tickets AS t ON t.book_ref = b.book_ref WHERE b.book_ref = '023545'",171,1,1,0,False,False,False,2,2,4,0,1,0,0,0,0,0.29,2280.33,2.0,44,5.0,15.777,3,2,2,Nested Loop,1,1,0,0,0,0,1,0,0,2050,0,0,0
high_value_passengers,"SELECT t.passenger_id, t.passenger_name, b.total_amount FROM aviation.tickets AS t JOIN aviation.bookings AS b ON b.book_ref = t.book_ref WHERE b.total_amount >= 367500 ORDER BY b.total_amount DESC LIMIT 100",207,1,1,0,False,True,False,2,2,3,0,1,0,0,0,0,4414.61,4414.86,100.0,33,180116.0,75.355,6,5,2,Limit,2,0,0,0,1,0,0,1,0,5689,0,0,0
passenger_flight_history,"SELECT t.passenger_id, t.passenger_name, f.flight_no, f.scheduled_departure, tf.fare_conditions FROM aviation.tickets AS t JOIN aviation.ticket_flights AS tf ON tf.ticket_no = t.ticket_no JOIN aviation.flights AS f ON f.flight_id = tf.flight_id WHERE t.passenger_id = '2634-062628' AND f.status = 'Departed' ORDER BY f.scheduled_departure DESC",343,2,2,0,False,True,False,3,3,5,0,2,0,0,0,0,2280.77,2280.77,1.0,50,6.0,15.875,6,4,3,Sort,1,2,0,0,0,0,2,1,0,4116,0,0,0
top_routes,"SELECT departure_airport, arrival_airport, COUNT(*) AS flight_count FROM aviation.flights WHERE scheduled_departure >= DATE '2025-07-24' AND scheduled_departure < DATE '2025-08-23' GROUP BY departure_airport, arrival_airport ORDER BY flight_count DESC LIMIT 3",259,0,2,0,True,True,False,1,1,3,1,0,0,0,0,0,262.37,262.38,3.0,16,1014.0,2.6,4,4,1,Limit,1,0,0,0,0,0,0,1,1,422,0,0,0
fare_statistics,"SELECT fare_conditions, COUNT(*) AS ticket_count, AVG(amount) AS average_amount FROM aviation.ticket_flights WHERE fare_conditions = 'Business' AND amount >= 61000 GROUP BY fare_conditions HAVING COUNT(*) > 10",209,0,2,0,True,False,False,1,1,3,3,0,0,0,0,0,0.0,2346.85,1.0,48,2568.0,26.206,2,2,1,Aggregate,1,0,0,0,0,0,0,0,1,1668,0,0,0
flight_occupancy,"SELECT f.flight_id, COUNT(DISTINCT tf.ticket_no) AS tickets, COUNT(DISTINCT bp.ticket_no) AS boarded FROM aviation.flights AS f LEFT JOIN aviation.ticket_flights AS tf ON tf.flight_id = f.flight_id LEFT JOIN aviation.boarding_passes AS bp ON bp.flight_id = tf.flight_id AND bp.ticket_no = tf.ticket_no WHERE f.flight_id = 8129 GROUP BY f.flight_id",347,2,1,0,True,False,False,3,3,3,2,0,2,0,0,0,2112.95,2113.12,1.0,20,62.0,15.049,8,5,3,Aggregate,1,1,1,0,0,1,1,2,1,4197,0,0,0
aircraft_seat_capacity,"SELECT a.aircraft_code, a.model, COUNT(s.seat_no) AS seat_count FROM aviation.aircrafts AS a JOIN aviation.seats AS s ON s.aircraft_code = a.aircraft_code WHERE s.fare_conditions = 'Comfort' GROUP BY a.aircraft_code, a.model ORDER BY seat_count DESC",249,1,1,0,True,True,False,2,2,3,1,1,0,0,0,0,18.65,18.67,5.0,27,260.0,0.533,6,5,2,Sort,2,0,0,0,1,0,0,1,1,28,0,0,0
ticket_name_prefix,"SELECT ticket_no, passenger_id, passenger_name FROM aviation.tickets WHERE passenger_name LIKE 'Passenger 75406%' ORDER BY ticket_no LIMIT 50",141,0,1,0,False,True,False,1,1,3,0,0,0,0,0,0,2272.17,2272.19,10.0,41,30.0,22.25,3,3,1,Limit,1,0,0,0,0,0,0,1,0,3072,0,0,0
bookings_with_expensive_ticket,"SELECT b.book_ref, b.total_amount FROM aviation.bookings AS b WHERE EXISTS (SELECT 1 FROM aviation.tickets AS t JOIN aviation.ticket_flights AS tf ON tf.ticket_no = t.ticket_no WHERE t.book_ref = b.book_ref AND tf.amount >= 118500)",231,1,3,1,False,False,False,3,3,3,0,1,0,0,0,0,4611.55,5603.3,3730.0,13,168650.0,89.388,7,5,3,Hash Join,3,0,0,0,2,0,0,0,0,8896,0,0,0
booking_ticket_count,"SELECT b.book_ref, COUNT(t.ticket_no) AS ticket_count FROM aviation.bookings AS b JOIN aviation.tickets AS t ON t.book_ref = b.book_ref WHERE b.book_date >= DATE '2025-07-21' AND b.book_date < DATE '2025-07-28' GROUP BY b.book_ref HAVING COUNT(t.ticket_no) >= 2",261,1,2,0,True,False,False,2,2,2,2,1,0,0,0,0,3376.56,3389.36,341.0,15,104437.0,45.903,5,4,2,Aggregate,2,0,0,0,1,0,0,0,1,4342,0,0,0
aircraft_fare_capacity,"SELECT fare_conditions, COUNT(*) AS seat_count FROM aviation.seats WHERE aircraft_code = '738' GROUP BY fare_conditions ORDER BY seat_count DESC",144,0,1,0,True,True,False,1,1,2,1,0,0,0,0,0,17.2,17.21,3.0,16,186.0,0.309,3,3,1,Sort,1,0,0,0,0,0,0,1,1,18,0,0,0
route_by_date,"SELECT flight_id, flight_no, scheduled_departure, status FROM aviation.flights WHERE departure_airport = 'TBS' AND arrival_airport = 'BQT' AND scheduled_departure >= DATE '2025-10-02' AND scheduled_departure < DATE '2025-10-02' + INTERVAL '1 day'",246,0,4,0,False,False,False,1,1,4,0,0,0,0,0,0,0.0,304.0,1.0,27,1.0,2.253,1,1,1,Seq Scan,1,0,0,0,0,0,0,0,0,104,0,0,0
flights_without_tickets,"SELECT f.flight_id, f.flight_no FROM aviation.flights AS f WHERE f.scheduled_departure >= DATE '2025-03-01' AND NOT EXISTS (SELECT 1 FROM aviation.ticket_flights AS tf WHERE tf.flight_id = f.flight_id)",201,0,3,1,False,False,False,2,2,3,0,0,0,0,0,0,3084.0,3354.73,1.0,11,208347.0,72.453,4,3,2,Hash Join,2,0,0,0,1,0,0,0,0,2710,0,0,0
flight_revenue,"SELECT f.flight_id, f.flight_no, COUNT(*) AS ticket_count, SUM(tf.amount) AS revenue FROM aviation.flights AS f JOIN aviation.ticket_flights AS tf ON tf.flight_id = f.flight_id WHERE f.flight_id = 7853 GROUP BY f.flight_id, f.flight_no",235,1,1,0,True,False,False,2,2,4,2,1,0,0,0,0,0.29,2092.47,1.0,51,22.0,14.301,4,3,2,Aggregate,1,1,0,0,0,0,1,0,1,2511,0,0,0
passenger_flight_history,"SELECT t.passenger_id, t.passenger_name, f.flight_no, f.scheduled_departure, tf.fare_conditions FROM aviation.tickets AS t JOIN aviation.ticket_flights AS tf ON tf.ticket_no = t.ticket_no JOIN aviation.flights AS f ON f.flight_id = tf.flight_id WHERE t.passenger_id = '5145-095136' AND f.status = 'Arrived' ORDER BY f.scheduled_departure DESC",342,2,2,0,False,True,False,3,3,5,0,2,0,0,0,0,2280.77,2280.77,1.0,50,6.0,15.873,6,4,3,Sort,1,2,0,0,0,0,2,1,0,4116,0,0,0
aircraft_seat_capacity,"SELECT a.aircraft_code, a.model, COUNT(s.seat_no) AS seat_count FROM aviation.aircrafts AS a JOIN aviation.seats AS s ON s.aircraft_code = a.aircraft_code WHERE s.fare_conditions = 'Economy' GROUP BY a.aircraft_code, a.model ORDER BY seat_count DESC",249,1,1,0,True,True,False,2,2,3,1,1,0,0,0,0,24.56,24.58,5.0,27,1460.0,0.897,6,5,2,Sort,2,0,0,0,1,0,0,1,1,28,0,0,0
booking_ticket_count,"SELECT b.book_ref, COUNT(t.ticket_no) AS ticket_count FROM aviation.bookings AS b JOIN aviation.tickets AS t ON t.book_ref = b.book_ref WHERE b.book_date >= DATE '2025-03-24' AND b.book_date < DATE '2025-04-07' GROUP BY b.book_ref HAVING COUNT(t.ticket_no) >= 2",261,1,2,0,True,False,False,2,2,2,2,1,0,0,0,0,3396.77,3420.79,641.0,15,108329.0,50.964,5,4,2,Aggregate,2,0,0,0,1,0,0,0,1,4342,0,0,0
aircraft_flight_counts,"SELECT a.aircraft_code, a.model, COUNT(f.flight_id) AS flight_count FROM aviation.aircrafts AS a LEFT JOIN aviation.flights AS f ON f.aircraft_code = a.aircraft_code WHERE a.range_km >= 3000 GROUP BY a.aircraft_code, a.model",224,1,1,0,True,False,False,2,2,3,1,0,1,0,0,0,303.62,303.68,5.0,27,20015.0,10.153,5,4,2,Aggregate,2,0,0,0,1,0,0,0,1,316,0,0,0
daily_flight_count,"SELECT scheduled_departure::date AS flight_date, COUNT(*) AS flight_count FROM aviation.flights WHERE departure_airport = 'GME' GROUP BY scheduled_departure::date ORDER BY flight_date",183,0,1,0,True,True,False,1,1,2,1,0,0,0,0,0,281.33,301.24,993.0,12,2993.0,3.154,3,3,1,Aggregate,1,0,0,0,0,0,0,1,1,318,0,0,0
booking_amount_range,"SELECT book_ref, book_date, total_amount FROM aviation.bookings WHERE total_amount BETWEEN 235000 AND 380000",108,0,1,0,False,False,False,1,1,3,0,0,0,0,0,0,0.0,1069.0,14764.0,21,14764.0,14.808,1,1,1,Seq Scan,1,0,0,0,0,0,0,0,0,319,0,0,0
unboarded_tickets,"SELECT tf.ticket_no, tf.fare_conditions FROM aviation.ticket_flights AS tf LEFT JOIN aviation.boarding_passes AS bp ON bp.ticket_no = tf.ticket_no AND bp.flight_id = tf.flight_id WHERE tf.flight_id = 535 AND bp.ticket_no IS NULL",228,1,2,0,False,False,False,2,2,2,0,0,1,0,0,0,0.29,2109.74,10.0,22,40.0,14.026,4,3,2,Nested Loop,1,1,0,0,0,0,1,0,0,1677,0,0,0
passengers_for_booking,"SELECT b.book_ref, b.book_date, t.ticket_no, t.passenger_name FROM aviation.bookings AS b JOIN aviation.tickets AS t ON t.book_ref = b.book_ref WHERE b.book_ref = '022426'",171,1,1,0,False,False,False,2,2,4,0,1,0,0,0,0,0.29,2280.33,2.0,44,5.0,18.011,3,2,2,Nested Loop,1,1,0,0,0,0,1,0,0,2050,0,0,0
airport_departure_counts,"SELECT departure_airport, COUNT(*) AS flight_count FROM aviation.flights WHERE scheduled_departure >= DATE '2025-03-27' AND scheduled_departure < DATE '2025-04-26' GROUP BY departure_airport ORDER BY flight_count DESC",217,0,2,0,True,True,False,1,1,2,1,0,0,0,0,0,258.47,258.49,10.0,12,860.0,3.106,3,3,1,Sort,1,0,0,0,0,0,0,1,1,315,0,0,0
aircraft_fare_capacity,"SELECT fare_conditions, COUNT(*) AS seat_count FROM aviation.seats WHERE aircraft_code = 'E95' GROUP BY fare_conditions ORDER BY seat_count DESC",144,0,1,0,True,True,False,1,1,2,1,0,0,0,0,0,17.2,17.21,3.0,16,186.0,0.311,3,3,1,Sort,1,0,0,0,0,0,0,1,1,18,0,0,0
boarding_pass_lookup,"SELECT bp.boarding_no, bp.seat_no, t.passenger_name FROM aviation.boarding_passes AS bp JOIN aviation.tickets AS t ON t.ticket_no = bp.ticket_no WHERE bp.flight_id = 7692 AND bp.boarding_no BETWEEN 2 AND 7",205,1,2,0,False,False,False,2,2,3,0,1,0,0,0,0,0.71,67.79,6.0,22,13.0,0.315,3,2,2,Nested Loop,0,2,0,0,0,0,1,0,0,54,0,0,0
top_routes,"SELECT departure_airport, arrival_airport, COUNT(*) AS flight_count FROM aviation.flights WHERE scheduled_departure >= DATE '2025-02-20' AND scheduled_departure < DATE '2025-03-22' GROUP BY departure_airport, arrival_airport ORDER BY flight_count DESC LIMIT 5",259,0,2,0,True,True,False,1,1,3,1,0,0,0,0,0,262.95,262.97,5.0,16,1044.0,3.768,4,4,1,Limit,1,0,0,0,0,0,0,1,1,422,0,0,0
airport_connections,"SELECT dep.city AS departure_city, arr.city AS arrival_city, COUNT(*) AS flights FROM aviation.flights AS f JOIN aviation.airports AS dep ON dep.airport_code = f.departure_airport JOIN aviation.airports AS arr ON arr.airport_code = f.arrival_airport WHERE f.departure_airport = 'TBS' AND f.status = 'Departed' GROUP BY dep.city, arr.city",337,2,2,0,True,False,False,3,2,3,1,2,0,0,0,0,261.66,261.76,10.0,24,781.0,2.622,7,4,2,Aggregate,3,0,0,0,1,0,1,0,1,424,0,0,0
high_value_passengers,"SELECT t.passenger_id, t.passenger_name, b.total_amount FROM aviation.tickets AS t JOIN aviation.bookings AS b ON b.book_ref = t.book_ref WHERE b.total_amount >= 367500 ORDER BY b.total_amount DESC LIMIT 100",207,1,1,0,False,True,False,2,2,3,0,1,0,0,0,0,4414.61,4414.86,100.0,33,180116.0,77.599,6,5,2,Limit,2,0,0,0,1,0,0,1,0,5689,0,0,0
bookings_with_expensive_ticket,"SELECT b.book_ref, b.total_amount FROM aviation.bookings AS b WHERE EXISTS (SELECT 1 FROM aviation.tickets AS t JOIN aviation.ticket_flights AS tf ON tf.ticket_no = t.ticket_no WHERE t.book_ref = b.book_ref AND tf.amount >= 112750)",231,1,3,1,False,False,False,3,3,3,0,1,0,0,0,0,4779.52,5824.65,8529.0,13,192645.0,89.986,7,5,3,Hash Join,3,0,0,0,2,0,0,0,0,8896,0,0,0
recent_flights_sorted,"SELECT flight_no, departure_airport, arrival_airport, scheduled_departure FROM aviation.flights WHERE departure_airport = 'TBS' ORDER BY scheduled_departure DESC LIMIT 100",171,0,1,0,False,True,False,1,1,4,0,0,0,0,0,0,267.22,267.47,100.0,23,2100.0,2.466,3,3,1,Limit,1,0,0,0,0,0,0,1,0,318,0,0,0
ticket_fare_lookup,"SELECT t.ticket_no, tf.flight_id, tf.amount FROM aviation.tickets AS t JOIN aviation.ticket_flights AS tf ON tf.ticket_no = t.ticket_no WHERE t.passenger_id = '4489-084481' AND tf.fare_conditions = 'Economy'",207,1,2,0,False,False,False,2,2,3,0,1,0,0,0,0,0.42,2280.45,1.0,24,3.0,16.014,3,2,2,Nested Loop,1,1,0,0,0,0,1,0,0,2052,0,0,0
ticket_name_prefix,"SELECT ticket_no, passenger_id, passenger_name FROM aviation.tickets WHERE passenger_name LIKE 'Passenger 86989%' ORDER BY ticket_no LIMIT 50",141,0,1,0,False,True,False,1,1,3,0,0,0,0,0,0,2272.17,2272.19,10.0,41,30.0,18.808,3,3,1,Limit,1,0,0,0,0,0,0,1,0,3072,0,0,0
route_revenue,"SELECT f.departure_airport, f.arrival_airport, SUM(tf.amount) AS revenue FROM aviation.flights AS f JOIN aviation.ticket_flights AS tf ON tf.flight_id = f.flight_id WHERE f.departure_airport = 'SVO' GROUP BY f.departure_airport, f.arrival_airport ORDER BY revenue DESC",268,1,1,0,True,True,False,2,2,3,1,1,0,0,0,0,2388.4,2388.43,10.0,40,112020.0,40.359,6,5,2,Sort,2,0,0,0,1,0,0,1,1,3859,0,0,0
flight_occupancy,"SELECT f.flight_id, COUNT(DISTINCT tf.ticket_no) AS tickets, COUNT(DISTINCT bp.ticket_no) AS boarded FROM aviation.flights AS f LEFT JOIN aviation.ticket_flights AS tf ON tf.flight_id = f.flight_id LEFT JOIN aviation.boarding_passes AS bp ON bp.flight_id = tf.flight_id AND bp.ticket_no = tf.ticket_no WHERE f.flight_id = 174 GROUP BY f.flight_id",346,2,1,0,True,False,False,3,3,3,2,0,2,0,0,0,2112.95,2113.12,1.0,20,62.0,16.199,8,5,3,Aggregate,1,1,1,0,0,1,1,2,1,4197,0,0,0
fare_statistics,"SELECT fare_conditions, COUNT(*) AS ticket_count, AVG(amount) AS average_amount FROM aviation.ticket_flights WHERE fare_conditions = 'Comfort' AND amount >= 71000 GROUP BY fare_conditions HAVING COUNT(*) > 10",208,0,2,0,True,False,False,1,1,3,3,0,0,0,0,0,0.0,2364.14,1.0,48,6026.0,26.434,2,2,1,Aggregate,1,0,0,0,0,0,0,0,1,1668,0,0,0
booking_amount_range,"SELECT book_ref, book_date, total_amount FROM aviation.bookings WHERE total_amount BETWEEN 180000 AND 310000",108,0,1,0,False,False,False,1,1,3,0,0,0,0,0,0,0.0,1069.0,13031.0,21,13031.0,13.778,1,1,1,Seq Scan,1,0,0,0,0,0,0,0,0,319,0,0,0
ticket_fare_lookup,"SELECT t.ticket_no, tf.flight_id, tf.amount FROM aviation.tickets AS t JOIN aviation.ticket_flights AS tf ON tf.ticket_no = t.ticket_no WHERE t.passenger_id = '0206-010205' AND tf.fare_conditions = 'Comfort'",207,1,2,0,False,False,False,2,2,3,0,1,0,0,0,0,0.42,2280.45,1.0,24,3.0,17.662,3,2,2,Nested Loop,1,1,0,0,0,0,1,0,0,2052,0,0,0
passengers_for_booking,"SELECT b.book_ref, b.book_date, t.ticket_no, t.passenger_name FROM aviation.bookings AS b JOIN aviation.tickets AS t ON t.book_ref = b.book_ref WHERE b.book_ref = '000114'",171,1,1,0,False,False,False,2,2,4,0,1,0,0,0,0,0.29,2280.33,2.0,44,5.0,17.444,3,2,2,Nested Loop,1,1,0,0,0,0,1,0,0,2050,0,0,0
aircraft_flight_counts,"SELECT a.aircraft_code, a.model, COUNT(f.flight_id) AS flight_count FROM aviation.aircrafts AS a LEFT JOIN aviation.flights AS f ON f.aircraft_code = a.aircraft_code WHERE a.range_km >= 3000 GROUP BY a.aircraft_code, a.model",224,1,1,0,True,False,False,2,2,3,1,0,1,0,0,0,303.62,303.68,5.0,27,20015.0,14.782,5,4,2,Aggregate,2,0,0,0,1,0,0,0,1,316,0,0,0
booking_ticket_count,"SELECT b.book_ref, COUNT(t.ticket_no) AS ticket_count FROM aviation.bookings AS b JOIN aviation.tickets AS t ON t.book_ref = b.book_ref WHERE b.book_date >= DATE '2024-11-17' AND b.book_date < DATE '2024-12-17' GROUP BY b.book_ref HAVING COUNT(t.ticket_no) >= 2",261,1,2,0,True,False,False,2,2,2,2,1,0,0,0,0,3443.5,3493.49,1333.0,15,117329.0,55.511,5,4,2,Aggregate,2,0,0,0,1,0,0,0,1,4342,0,0,0
aircraft_seat_capacity,"SELECT a.aircraft_code, a.model, COUNT(s.seat_no) AS seat_count FROM aviation.aircrafts AS a JOIN aviation.seats AS s ON s.aircraft_code = a.aircraft_code WHERE s.fare_conditions = 'Economy' GROUP BY a.aircraft_code, a.model ORDER BY seat_count DESC",249,1,1,0,True,True,False,2,2,3,1,1,0,0,0,0,24.56,24.58,5.0,27,1460.0,0.952,6,5,2,Sort,2,0,0,0,1,0,0,1,1,28,0,0,0
ticket_name_prefix,"SELECT ticket_no, passenger_id, passenger_name FROM aviation.tickets WHERE passenger_name LIKE 'Passenger 7618%' ORDER BY ticket_no LIMIT 50",140,0,1,0,False,True,False,1,1,3,0,0,0,0,0,0,2272.17,2272.19,10.0,41,30.0,18.093,3,3,1,Limit,1,0,0,0,0,0,0,1,0,3072,0,0,0
route_revenue,"SELECT f.departure_airport, f.arrival_airport, SUM(tf.amount) AS revenue FROM aviation.flights AS f JOIN aviation.ticket_flights AS tf ON tf.flight_id = f.flight_id WHERE f.departure_airport = 'WAW' GROUP BY f.departure_airport, f.arrival_airport ORDER BY revenue DESC",268,1,1,0,True,True,False,2,2,3,1,1,0,0,0,0,2388.4,2388.43,10.0,40,112020.0,44.224,6,5,2,Sort,2,0,0,0,1,0,0,1,1,3859,0,0,0
top_routes,"SELECT departure_airport, arrival_airport, COUNT(*) AS flight_count FROM aviation.flights WHERE scheduled_departure >= DATE '2025-04-05' AND scheduled_departure < DATE '2025-07-04' GROUP BY departure_airport, arrival_airport ORDER BY flight_count DESC LIMIT 5",259,0,2,0,True,True,False,1,1,3,1,0,0,0,0,0,275.27,275.28,5.0,16,2686.0,4.471,4,4,1,Limit,1,0,0,0,0,0,0,1,1,422,0,0,0
flights_without_tickets,"SELECT f.flight_id, f.flight_no FROM aviation.flights AS f WHERE f.scheduled_departure >= DATE '2025-11-11' AND NOT EXISTS (SELECT 1 FROM aviation.ticket_flights AS tf WHERE tf.flight_id = f.flight_id)",201,0,3,1,False,False,False,2,2,3,0,0,0,0,0,0,3084.0,3319.86,1.0,11,201374.0,52.303,4,3,2,Hash Join,2,0,0,0,1,0,0,0,0,2710,0,0,0
high_value_passengers,"SELECT t.passenger_id, t.passenger_name, b.total_amount FROM aviation.tickets AS t JOIN aviation.bookings AS b ON b.book_ref = t.book_ref WHERE b.total_amount >= 170000 ORDER BY b.total_amount DESC LIMIT 100",207,1,1,0,False,True,False,2,2,3,0,1,0,0,0,0,6196.31,6196.56,100.0,33,300314.0,128.753,6,5,2,Limit,2,0,0,0,1,0,0,1,0,5689,0,0,0
route_by_date,"SELECT flight_id, flight_no, scheduled_departure, status FROM aviation.flights WHERE departure_airport = 'WAW' AND arrival_airport = 'MSQ' AND scheduled_departure >= DATE '2025-07-15' AND scheduled_departure < DATE '2025-07-15' + INTERVAL '1 day'",246,0,4,0,False,False,False,1,1,4,0,0,0,0,0,0,0.0,304.0,1.0,27,1.0,2.509,1,1,1,Seq Scan,1,0,0,0,0,0,0,0,0,104,0,0,0
airport_connections,"SELECT dep.city AS departure_city, arr.city AS arrival_city, COUNT(*) AS flights FROM aviation.flights AS f JOIN aviation.airports AS dep ON dep.airport_code = f.departure_airport JOIN aviation.airports AS arr ON arr.airport_code = f.arrival_airport WHERE f.departure_airport = 'GME' AND f.status = 'Arrived' GROUP BY dep.city, arr.city",336,2,2,0,True,False,False,3,2,3,1,2,0,0,0,0,261.66,261.76,10.0,24,781.0,2.647,7,4,2,Aggregate,3,0,0,0,1,0,1,0,1,420,0,0,0
passenger_flight_history,"SELECT t.passenger_id, t.passenger_name, f.flight_no, f.scheduled_departure, tf.fare_conditions FROM aviation.tickets AS t JOIN aviation.ticket_flights AS tf ON tf.ticket_no = t.ticket_no JOIN aviation.flights AS f ON f.flight_id = tf.flight_id WHERE t.passenger_id = '1365-091356' AND f.status = 'On Time' ORDER BY f.scheduled_departure DESC",342,2,2,0,False,True,False,3,3,5,0,2,0,0,0,0,2280.77,2280.77,1.0,50,6.0,25.519,6,4,3,Sort,1,2,0,0,0,0,2,1,0,4116,0,0,0
aircraft_fare_capacity,"SELECT fare_conditions, COUNT(*) AS seat_count FROM aviation.seats WHERE aircraft_code = '320' GROUP BY fare_conditions ORDER BY seat_count DESC",144,0,1,0,True,True,False,1,1,2,1,0,0,0,0,0,17.2,17.21,3.0,16,186.0,1.394,3,3,1,Sort,1,0,0,0,0,0,0,1,1,18,0,0,0
flight_occupancy,"SELECT f.flight_id, COUNT(DISTINCT tf.ticket_no) AS tickets, COUNT(DISTINCT bp.ticket_no) AS boarded FROM aviation.flights AS f LEFT JOIN aviation.ticket_flights AS tf ON tf.flight_id = f.flight_id LEFT JOIN aviation.boarding_passes AS bp ON bp.flight_id = tf.flight_id AND bp.ticket_no = tf.ticket_no WHERE f.flight_id = 7837 GROUP BY f.flight_id",347,2,1,0,True,False,False,3,3,3,2,0,2,0,0,0,2112.95,2113.12,1.0,20,62.0,15.149,8,5,3,Aggregate,1,1,1,0,0,1,1,2,1,4197,0,0,0
airport_departure_counts,"SELECT departure_airport, COUNT(*) AS flight_count FROM aviation.flights WHERE scheduled_departure >= DATE '2025-05-13' AND scheduled_departure < DATE '2025-07-12' GROUP BY departure_airport ORDER BY flight_count DESC",217,0,2,0,True,True,False,1,1,2,1,0,0,0,0,0,262.44,262.46,10.0,12,1654.0,3.823,3,3,1,Sort,1,0,0,0,0,0,0,1,1,315,0,0,0
boarding_pass_lookup,"SELECT bp.boarding_no, bp.seat_no, t.passenger_name FROM aviation.boarding_passes AS bp JOIN aviation.tickets AS t ON t.ticket_no = bp.ticket_no WHERE bp.flight_id = 2804 AND bp.boarding_no BETWEEN 4 AND 6",205,1,2,0,False,False,False,2,2,3,0,1,0,0,0,0,0.71,37.17,3.0,22,7.0,0.228,3,2,2,Nested Loop,0,2,0,0,0,0,1,0,0,30,0,0,0
unboarded_tickets,"SELECT tf.ticket_no, tf.fare_conditions FROM aviation.ticket_flights AS tf LEFT JOIN aviation.boarding_passes AS bp ON bp.ticket_no = tf.ticket_no AND bp.flight_id = tf.flight_id WHERE tf.flight_id = 9867 AND bp.ticket_no IS NULL",229,1,2,0,False,False,False,2,2,2,0,0,1,0,0,0,0.29,2109.74,10.0,22,40.0,15.377,4,3,2,Nested Loop,1,1,0,0,0,0,1,0,0,1677,0,0,0
flight_revenue,"SELECT f.flight_id, f.flight_no, COUNT(*) AS ticket_count, SUM(tf.amount) AS revenue FROM aviation.flights AS f JOIN aviation.ticket_flights AS tf ON tf.flight_id = f.flight_id WHERE f.flight_id = 4770 GROUP BY f.flight_id, f.flight_no",235,1,1,0,True,False,False,2,2,4,2,1,0,0,0,0,0.29,2092.47,1.0,51,22.0,13.383,4,3,2,Aggregate,1,1,0,0,0,0,1,0,1,2511,0,0,0
recent_flights_sorted,"SELECT flight_no, departure_airport, arrival_airport, scheduled_departure FROM aviation.flights WHERE departure_airport = 'SVO' ORDER BY scheduled_departure DESC LIMIT 100",171,0,1,0,False,True,False,1,1,4,0,0,0,0,0,0,267.22,267.47,100.0,23,2100.0,2.443,3,3,1,Limit,1,0,0,0,0,0,0,1,0,318,0,0,0
daily_flight_count,"SELECT scheduled_departure::date AS flight_date, COUNT(*) AS flight_count FROM aviation.flights WHERE departure_airport = 'TBS' GROUP BY scheduled_departure::date ORDER BY flight_date",183,0,1,0,True,True,False,1,1,2,1,0,0,0,0,0,281.33,301.24,993.0,12,2993.0,2.461,3,3,1,Aggregate,1,0,0,0,0,0,0,1,1,318,0,0,0
fare_statistics,"SELECT fare_conditions, COUNT(*) AS ticket_count, AVG(amount) AS average_amount FROM aviation.ticket_flights WHERE fare_conditions = 'Business' AND amount >= 33750 GROUP BY fare_conditions HAVING COUNT(*) > 10",209,0,2,0,True,False,False,1,1,3,3,0,0,0,0,0,0.0,2352.39,1.0,48,3676.0,27.986,2,2,1,Aggregate,1,0,0,0,0,0,0,0,1,1668,0,0,0
bookings_with_expensive_ticket,"SELECT b.book_ref, b.total_amount FROM aviation.bookings AS b WHERE EXISTS (SELECT 1 FROM aviation.tickets AS t JOIN aviation.ticket_flights AS tf ON tf.ticket_no = t.ticket_no WHERE t.book_ref = b.book_ref AND tf.amount >= 65250)",230,1,3,1,False,False,False,3,3,3,0,1,0,0,0,0,6084.65,7570.84,48175.0,13,442700.0,193.908,7,5,3,Hash Join,3,0,0,0,2,0,0,0,0,9084,0,0,0
daily_flight_count,"SELECT scheduled_departure::date AS flight_date, COUNT(*) AS flight_count FROM aviation.flights WHERE departure_airport = 'WAW' GROUP BY scheduled_departure::date ORDER BY flight_date",183,0,1,0,True,True,False,1,1,2,1,0,0,0,0,0,281.33,301.24,993.0,12,2993.0,2.737,3,3,1,Aggregate,1,0,0,0,0,0,0,1,1,318,0,0,0
recent_flights_sorted,"SELECT flight_no, departure_airport, arrival_airport, scheduled_departure FROM aviation.flights WHERE departure_airport = 'IST' ORDER BY scheduled_departure DESC LIMIT 10",170,0,1,0,False,True,False,1,1,4,0,0,0,0,0,0,250.61,250.63,10.0,23,2010.0,2.272,3,3,1,Limit,1,0,0,0,0,0,0,1,0,318,0,0,0
fare_statistics,"SELECT fare_conditions, COUNT(*) AS ticket_count, AVG(amount) AS average_amount FROM aviation.ticket_flights WHERE fare_conditions = 'Economy' AND amount >= 62250 GROUP BY fare_conditions HAVING COUNT(*) > 10",208,0,2,0,True,False,False,1,1,3,3,0,0,0,0,0,0.0,2540.53,1.0,48,41304.0,34.814,2,2,1,Aggregate,1,0,0,0,0,0,0,0,1,1668,0,0,0
ticket_fare_lookup,"SELECT t.ticket_no, tf.flight_id, tf.amount FROM aviation.tickets AS t JOIN aviation.ticket_flights AS tf ON tf.ticket_no = t.ticket_no WHERE t.passenger_id = '3671-003671' AND tf.fare_conditions = 'Comfort'",207,1,2,0,False,False,False,2,2,3,0,1,0,0,0,0,0.42,2280.45,1.0,24,3.0,20.577,3,2,2,Nested Loop,1,1,0,0,0,0,1,0,0,2052,0,0,0
route_by_date,"SELECT flight_id, flight_no, scheduled_departure, status FROM aviation.flights WHERE departure_airport = 'MSQ' AND arrival_airport = 'VTB' AND scheduled_departure >= DATE '2025-01-06' AND scheduled_departure < DATE '2025-01-06' + INTERVAL '1 day'",246,0,4,0,False,False,False,1,1,4,0,0,0,0,0,0,0.0,304.0,1.0,27,1.0,3.018,1,1,1,Seq Scan,1,0,0,0,0,0,0,0,0,104,0,0,0
airport_departure_counts,"SELECT departure_airport, COUNT(*) AS flight_count FROM aviation.flights WHERE scheduled_departure >= DATE '2025-06-08' AND scheduled_departure < DATE '2025-06-22' GROUP BY departure_airport ORDER BY flight_count DESC",217,0,2,0,True,True,False,1,1,2,1,0,0,0,0,0,256.15,256.18,10.0,12,397.0,2.475,3,3,1,Sort,1,0,0,0,0,0,0,1,1,315,0,0,0
flights_without_tickets,"SELECT f.flight_id, f.flight_no FROM aviation.flights AS f WHERE f.scheduled_departure >= DATE '2025-04-18' AND NOT EXISTS (SELECT 1 FROM aviation.ticket_flights AS tf WHERE tf.flight_id = f.flight_id)",201,0,3,1,False,False,False,2,2,3,0,0,0,0,0,0,3084.0,3348.01,1.0,11,207003.0,74.81,4,3,2,Hash Join,2,0,0,0,1,0,0,0,0,2710,0,0,0
route_revenue,"SELECT f.departure_airport, f.arrival_airport, SUM(tf.amount) AS revenue FROM aviation.flights AS f JOIN aviation.ticket_flights AS tf ON tf.flight_id = f.flight_id WHERE f.departure_airport = 'IST' GROUP BY f.departure_airport, f.arrival_airport ORDER BY revenue DESC",268,1,1,0,True,True,False,2,2,3,1,1,0,0,0,0,2388.4,2388.43,10.0,40,112020.0,45.838,6,5,2,Sort,2,0,0,0,1,0,0,1,1,3859,0,0,0
boarding_pass_lookup,"SELECT bp.boarding_no, bp.seat_no, t.passenger_name FROM aviation.boarding_passes AS bp JOIN aviation.tickets AS t ON t.ticket_no = bp.ticket_no WHERE bp.flight_id = 5305 AND bp.boarding_no BETWEEN 1 AND 3",205,1,2,0,False,False,False,2,2,3,0,1,0,0,0,0,0.71,37.17,3.0,22,7.0,0.215,3,2,2,Nested Loop,0,2,0,0,0,0,1,0,0,32,0,0,0
bookings_with_expensive_ticket,"SELECT b.book_ref, b.total_amount FROM aviation.bookings AS b WHERE EXISTS (SELECT 1 FROM aviation.tickets AS t JOIN aviation.ticket_flights AS tf ON tf.ticket_no = t.ticket_no WHERE t.book_ref = b.book_ref AND tf.amount >= 115750)",231,1,3,1,False,False,False,3,3,3,0,1,0,0,0,0,4691.77,5709.01,6022.0,13,180110.0,86.774,7,5,3,Hash Join,3,0,0,0,2,0,0,0,0,8896,0,0,0
high_value_passengers,"SELECT t.passenger_id, t.passenger_name, b.total_amount FROM aviation.tickets AS t JOIN aviation.bookings AS b ON b.book_ref = t.book_ref WHERE b.total_amount >= 382500 ORDER BY b.total_amount DESC LIMIT 100",207,1,1,0,False,True,False,2,2,3,0,1,0,0,0,0,4281.11,4281.36,100.0,33,171110.0,69.667,6,5,2,Limit,2,0,0,0,1,0,0,1,0,5689,0,0,0
booking_amount_range,"SELECT book_ref, book_date, total_amount FROM aviation.bookings WHERE total_amount BETWEEN 245000 AND 295000",108,0,1,0,False,False,False,1,1,3,0,0,0,0,0,0,0.0,1069.0,5018.0,21,5018.0,17.342,1,1,1,Seq Scan,1,0,0,0,0,0,0,0,0,319,0,0,0
unboarded_tickets,"SELECT tf.ticket_no, tf.fare_conditions FROM aviation.ticket_flights AS tf LEFT JOIN aviation.boarding_passes AS bp ON bp.ticket_no = tf.ticket_no AND bp.flight_id = tf.flight_id WHERE tf.flight_id = 8714 AND bp.ticket_no IS NULL",229,1,2,0,False,False,False,2,2,2,0,0,1,0,0,0,0.29,2109.74,10.0,22,40.0,13.752,4,3,2,Nested Loop,1,1,0,0,0,0,1,0,0,1677,0,0,0
aircraft_flight_counts,"SELECT a.aircraft_code, a.model, COUNT(f.flight_id) AS flight_count FROM aviation.aircrafts AS a LEFT JOIN aviation.flights AS f ON f.aircraft_code = a.aircraft_code WHERE a.range_km >= 3500 GROUP BY a.aircraft_code, a.model",224,1,1,0,True,False,False,2,2,3,1,0,1,0,0,0,303.62,303.68,5.0,27,20015.0,8.102,5,4,2,Aggregate,2,0,0,0,1,0,0,0,1,316,0,0,0
aircraft_fare_capacity,"SELECT fare_conditions, COUNT(*) AS seat_count FROM aviation.seats WHERE aircraft_code = 'E95' GROUP BY fare_conditions ORDER BY seat_count DESC",144,0,1,0,True,True,False,1,1,2,1,0,0,0,0,0,17.2,17.21,3.0,16,186.0,0.483,3,3,1,Sort,1,0,0,0,0,0,0,1,1,18,0,0,0
passengers_for_booking,"SELECT b.book_ref, b.book_date, t.ticket_no, t.passenger_name FROM aviation.bookings AS b JOIN aviation.tickets AS t ON t.book_ref = b.book_ref WHERE b.book_ref = '011377'",171,1,1,0,False,False,False,2,2,4,0,1,0,0,0,0,0.29,2280.33,2.0,44,5.0,16.63,3,2,2,Nested Loop,1,1,0,0,0,0,1,0,0,2050,0,0,0
booking_ticket_count,"SELECT b.book_ref, COUNT(t.ticket_no) AS ticket_count FROM aviation.bookings AS b JOIN aviation.tickets AS t ON t.book_ref = b.book_ref WHERE b.book_date >= DATE '2025-03-23' AND b.book_date < DATE '2025-03-30' GROUP BY b.book_ref HAVING COUNT(t.ticket_no) >= 2",261,1,2,0,True,False,False,2,2,2,2,1,0,0,0,0,3375.14,3387.16,320.0,15,104164.0,54.196,5,4,2,Aggregate,2,0,0,0,1,0,0,0,1,4342,0,0,0
top_routes,"SELECT departure_airport, arrival_airport, COUNT(*) AS flight_count FROM aviation.flights WHERE scheduled_departure >= DATE '2025-03-23' AND scheduled_departure < DATE '2025-05-22' GROUP BY departure_airport, arrival_airport ORDER BY flight_count DESC LIMIT 10",260,0,2,0,True,True,False,1,1,3,1,0,0,0,0,0,269.77,269.79,10.0,16,1891.0,3.439,4,4,1,Limit,1,0,0,0,0,0,0,1,1,422,0,0,0
passenger_flight_history,"SELECT t.passenger_id, t.passenger_name, f.flight_no, f.scheduled_departure, tf.fare_conditions FROM aviation.tickets AS t JOIN aviation.ticket_flights AS tf ON tf.ticket_no = t.ticket_no JOIN aviation.flights AS f ON f.flight_id = tf.flight_id WHERE t.passenger_id = '2008-012007' AND f.status = 'On Time' ORDER BY f.scheduled_departure DESC",342,2,2,0,False,True,False,3,3,5,0,2,0,0,0,0,2280.77,2280.77,1.0,50,6.0,16.423,6,4,3,Sort,1,2,0,0,0,0,2,1,0,4116,0,0,0
ticket_name_prefix,"SELECT ticket_no, passenger_id, passenger_name FROM aviation.tickets WHERE passenger_name LIKE 'Passenger 35752%' ORDER BY ticket_no LIMIT 50",141,0,1,0,False,True,False,1,1,3,0,0,0,0,0,0,2272.17,2272.19,10.0,41,30.0,19.016,3,3,1,Limit,1,0,0,0,0,0,0,1,0,3072,0,0,0
airport_connections,"SELECT dep.city AS departure_city, arr.city AS arrival_city, COUNT(*) AS flights FROM aviation.flights AS f JOIN aviation.airports AS dep ON dep.airport_code = f.departure_airport JOIN aviation.airports AS arr ON arr.airport_code = f.arrival_airport WHERE f.departure_airport = 'SVO' AND f.status = 'Scheduled' GROUP BY dep.city, arr.city",338,2,2,0,True,False,False,3,2,3,1,2,0,0,0,0,261.66,261.76,10.0,24,781.0,1.841,7,4,2,Aggregate,3,0,0,0,1,0,1,0,1,420,0,0,0
flight_occupancy,"SELECT f.flight_id, COUNT(DISTINCT tf.ticket_no) AS tickets, COUNT(DISTINCT bp.ticket_no) AS boarded FROM aviation.flights AS f LEFT JOIN aviation.ticket_flights AS tf ON tf.flight_id = f.flight_id LEFT JOIN aviation.boarding_passes AS bp ON bp.flight_id = tf.flight_id AND bp.ticket_no = tf.ticket_no WHERE f.flight_id = 8306 GROUP BY f.flight_id",347,2,1,0,True,False,False,3,3,3,2,0,2,0,0,0,2112.95,2113.12,1.0,20,62.0,13.845,8,5,3,Aggregate,1,1,1,0,0,1,1,2,1,4193,0,0,0
aircraft_seat_capacity,"SELECT a.aircraft_code, a.model, COUNT(s.seat_no) AS seat_count FROM aviation.aircrafts AS a JOIN aviation.seats AS s ON s.aircraft_code = a.aircraft_code WHERE s.fare_conditions = 'Business' GROUP BY a.aircraft_code, a.model ORDER BY seat_count DESC",250,1,1,0,True,True,False,2,2,3,1,1,0,0,0,0,18.06,18.07,5.0,27,140.0,0.367,6,5,2,Sort,2,0,0,0,1,0,0,1,1,28,0,0,0
flight_revenue,"SELECT f.flight_id, f.flight_no, COUNT(*) AS ticket_count, SUM(tf.amount) AS revenue FROM aviation.flights AS f JOIN aviation.ticket_flights AS tf ON tf.flight_id = f.flight_id WHERE f.flight_id = 965 GROUP BY f.flight_id, f.flight_no",234,1,1,0,True,False,False,2,2,4,2,1,0,0,0,0,0.29,2092.47,1.0,51,22.0,14.597,4,3,2,Aggregate,1,1,0,0,0,0,1,0,1,2511,0,0,0
daily_flight_count,"SELECT scheduled_departure::date AS flight_date, COUNT(*) AS flight_count FROM aviation.flights WHERE departure_airport = 'IST' GROUP BY scheduled_departure::date ORDER BY flight_date",183,0,1,0,True,True,False,1,1,2,1,0,0,0,0,0,281.33,301.24,993.0,12,2993.0,3.258,3,3,1,Aggregate,1,0,0,0,0,0,0,1,1,318,0,0,0
aircraft_seat_capacity,"SELECT a.aircraft_code, a.model, COUNT(s.seat_no) AS seat_count FROM aviation.aircrafts AS a JOIN aviation.seats AS s ON s.aircraft_code = a.aircraft_code WHERE s.fare_conditions = 'Business' GROUP BY a.aircraft_code, a.model ORDER BY seat_count DESC",250,1,1,0,True,True,False,2,2,3,1,1,0,0,0,0,18.06,18.07,5.0,27,140.0,0.483,6,5,2,Sort,2,0,0,0,1,0,0,1,1,28,0,0,0
booking_amount_range,"SELECT book_ref, book_date, total_amount FROM aviation.bookings WHERE total_amount BETWEEN 15000 AND 140000",107,0,1,0,False,False,False,1,1,3,0,0,0,0,0,0,0.0,1069.0,12611.0,21,12611.0,14.535,1,1,1,Seq Scan,1,0,0,0,0,0,0,0,0,319,0,0,0
ticket_name_prefix,"SELECT ticket_no, passenger_id, passenger_name FROM aviation.tickets WHERE passenger_name LIKE 'Passenger 16688%' ORDER BY ticket_no LIMIT 50",141,0,1,0,False,True,False,1,1,3,0,0,0,0,0,0,2272.17,2272.19,10.0,41,30.0,19.727,3,3,1,Limit,1,0,0,0,0,0,0,1,0,3072,0,0,0
boarding_pass_lookup,"SELECT bp.boarding_no, bp.seat_no, t.passenger_name FROM aviation.boarding_passes AS bp JOIN aviation.tickets AS t ON t.ticket_no = bp.ticket_no WHERE bp.flight_id = 6702 AND bp.boarding_no BETWEEN 5 AND 9",205,1,2,0,False,False,False,2,2,3,0,1,0,0,0,0,0.71,57.58,5.0,22,11.0,0.251,3,2,2,Nested Loop,0,2,0,0,0,0,1,0,0,46,0,0,0
flight_revenue,"SELECT f.flight_id, f.flight_no, COUNT(*) AS ticket_count, SUM(tf.amount) AS revenue FROM aviation.flights AS f JOIN aviation.ticket_flights AS tf ON tf.flight_id = f.flight_id WHERE f.flight_id = 8732 GROUP BY f.flight_id, f.flight_no",235,1,1,0,True,False,False,2,2,4,2,1,0,0,0,0,0.29,2092.47,1.0,51,22.0,13.637,4,3,2,Aggregate,1,1,0,0,0,0,1,0,1,2511,0,0,0
aircraft_flight_counts,"SELECT a.aircraft_code, a.model, COUNT(f.flight_id) AS flight_count FROM aviation.aircrafts AS a LEFT JOIN aviation.flights AS f ON f.aircraft_code = a.aircraft_code WHERE a.range_km >= 3750 GROUP BY a.aircraft_code, a.model",224,1,1,0,True,False,False,2,2,3,1,0,1,0,0,0,303.62,303.68,5.0,27,20015.0,8.465,5,4,2,Aggregate,2,0,0,0,1,0,0,0,1,316,0,0,0
route_by_date,"SELECT flight_id, flight_no, scheduled_departure, status FROM aviation.flights WHERE departure_airport = 'VTB' AND arrival_airport = 'LED' AND scheduled_departure >= DATE '2025-09-11' AND scheduled_departure < DATE '2025-09-11' + INTERVAL '1 day'",246,0,4,0,False,False,False,1,1,4,0,0,0,0,0,0,0.0,304.0,1.0,27,1.0,3.283,1,1,1,Seq Scan,1,0,0,0,0,0,0,0,0,104,0,0,0
fare_statistics,"SELECT fare_conditions, COUNT(*) AS ticket_count, AVG(amount) AS average_amount FROM aviation.ticket_flights WHERE fare_conditions = 'Business' AND amount >= 17250 GROUP BY fare_conditions HAVING COUNT(*) > 10",209,0,2,0,True,False,False,1,1,3,3,0,0,0,0,0,0.0,2355.79,1.0,48,4355.0,29.874,2,2,1,Aggregate,1,0,0,0,0,0,0,0,1,1668,0,0,0
recent_flights_sorted,"SELECT flight_no, departure_airport, arrival_airport, scheduled_departure FROM aviation.flights WHERE departure_airport = 'GME' ORDER BY scheduled_departure DESC LIMIT 100",171,0,1,0,False,True,False,1,1,4,0,0,0,0,0,0,267.22,267.47,100.0,23,2100.0,2.405,3,3,1,Limit,1,0,0,0,0,0,0,1,0,318,0,0,0
flights_without_tickets,"SELECT f.flight_id, f.flight_no FROM aviation.flights AS f WHERE f.scheduled_departure >= DATE '2025-09-23' AND NOT EXISTS (SELECT 1 FROM aviation.ticket_flights AS tf WHERE tf.flight_id = f.flight_id)",201,0,3,1,False,False,False,2,2,3,0,0,0,0,0,0,3084.0,3326.49,1.0,11,202698.0,61.073,4,3,2,Hash Join,2,0,0,0,1,0,0,0,0,2710,0,0,0
ticket_fare_lookup,"SELECT t.ticket_no, tf.flight_id, tf.amount FROM aviation.tickets AS t JOIN aviation.ticket_flights AS tf ON tf.ticket_no = t.ticket_no WHERE t.passenger_id = '8251-058246' AND tf.fare_conditions = 'Business'",208,1,2,0,False,False,False,2,2,3,0,1,0,0,0,0,0.42,2280.45,1.0,24,3.0,15.418,3,2,2,Nested Loop,1,1,0,0,0,0,1,0,0,2052,0,0,0
booking_ticket_count,"SELECT b.book_ref, COUNT(t.ticket_no) AS ticket_count FROM aviation.bookings AS b JOIN aviation.tickets AS t ON t.book_ref = b.book_ref WHERE b.book_date >= DATE '2025-04-17' AND b.book_date < DATE '2025-05-01' GROUP BY b.book_ref HAVING COUNT(t.ticket_no) >= 2",261,1,2,0,True,False,False,2,2,2,2,1,0,0,0,0,3396.77,3420.79,641.0,15,108329.0,47.606,5,4,2,Aggregate,2,0,0,0,1,0,0,0,1,4342,0,0,0
aircraft_fare_capacity,"SELECT fare_conditions, COUNT(*) AS seat_count FROM aviation.seats WHERE aircraft_code = 'E95' GROUP BY fare_conditions ORDER BY seat_count DESC",144,0,1,0,True,True,False,1,1,2,1,0,0,0,0,0,17.2,17.21,3.0,16,186.0,0.85,3,3,1,Sort,1,0,0,0,0,0,0,1,1,18,0,0,0
airport_connections,"SELECT dep.city AS departure_city, arr.city AS arrival_city, COUNT(*) AS flights FROM aviation.flights AS f JOIN aviation.airports AS dep ON dep.airport_code = f.departure_airport JOIN aviation.airports AS arr ON arr.airport_code = f.arrival_airport WHERE f.departure_airport = 'LED' AND f.status = 'Departed' GROUP BY dep.city, arr.city",337,2,2,0,True,False,False,3,2,3,1,2,0,0,0,0,261.66,261.76,10.0,24,781.0,2.921,7,4,2,Aggregate,3,0,0,0,1,0,1,0,1,424,0,0,0
top_routes,"SELECT departure_airport, arrival_airport, COUNT(*) AS flight_count FROM aviation.flights WHERE scheduled_departure >= DATE '2025-08-11' AND scheduled_departure < DATE '2025-09-10' GROUP BY departure_airport, arrival_airport ORDER BY flight_count DESC LIMIT 5",259,0,2,0,True,True,False,1,1,3,1,0,0,0,0,0,262.73,262.74,5.0,16,1014.0,2.663,4,4,1,Limit,1,0,0,0,0,0,0,1,1,422,0,0,0
airport_departure_counts,"SELECT departure_airport, COUNT(*) AS flight_count FROM aviation.flights WHERE scheduled_departure >= DATE '2025-05-22' AND scheduled_departure < DATE '2025-07-21' GROUP BY departure_airport ORDER BY flight_count DESC",217,0,2,0,True,True,False,1,1,2,1,0,0,0,0,0,262.39,262.41,10.0,12,1644.0,3.424,3,3,1,Sort,1,0,0,0,0,0,0,1,1,315,0,0,0
unboarded_tickets,"SELECT tf.ticket_no, tf.fare_conditions FROM aviation.ticket_flights AS tf LEFT JOIN aviation.boarding_passes AS bp ON bp.ticket_no = tf.ticket_no AND bp.flight_id = tf.flight_id WHERE tf.flight_id = 4052 AND bp.ticket_no IS NULL",229,1,2,0,False,False,False,2,2,2,0,0,1,0,0,0,0.29,2109.74,10.0,22,40.0,13.686,4,3,2,Nested Loop,1,1,0,0,0,0,1,0,0,1677,0,0,0
passenger_flight_history,"SELECT t.passenger_id, t.passenger_name, f.flight_no, f.scheduled_departure, tf.fare_conditions FROM aviation.tickets AS t JOIN aviation.ticket_flights AS tf ON tf.ticket_no = t.ticket_no JOIN aviation.flights AS f ON f.flight_id = tf.flight_id WHERE t.passenger_id = '0028-010027' AND f.status = 'Scheduled' ORDER BY f.scheduled_departure DESC",344,2,2,0,False,True,False,3,3,5,0,2,0,0,0,0,2280.77,2280.77,1.0,50,6.0,17.27,6,4,3,Sort,1,2,0,0,0,0,2,1,0,4116,0,0,0
high_value_passengers,"SELECT t.passenger_id, t.passenger_name, b.total_amount FROM aviation.tickets AS t JOIN aviation.bookings AS b ON b.book_ref = t.book_ref WHERE b.total_amount >= 122500 ORDER BY b.total_amount DESC LIMIT 100",207,1,1,0,False,True,False,2,2,3,0,1,0,0,0,0,6619.3,6619.55,100.0,33,328850.0,131.93,6,5,2,Limit,2,0,0,0,1,0,0,1,0,5689,0,0,0
passengers_for_booking,"SELECT b.book_ref, b.book_date, t.ticket_no, t.passenger_name FROM aviation.bookings AS b JOIN aviation.tickets AS t ON t.book_ref = b.book_ref WHERE b.book_ref = '036123'",171,1,1,0,False,False,False,2,2,4,0,1,0,0,0,0,0.29,2280.33,2.0,44,5.0,17.201,3,2,2,Nested Loop,1,1,0,0,0,0,1,0,0,2050,0,0,0
flight_occupancy,"SELECT f.flight_id, COUNT(DISTINCT tf.ticket_no) AS tickets, COUNT(DISTINCT bp.ticket_no) AS boarded FROM aviation.flights AS f LEFT JOIN aviation.ticket_flights AS tf ON tf.flight_id = f.flight_id LEFT JOIN aviation.boarding_passes AS bp ON bp.flight_id = tf.flight_id AND bp.ticket_no = tf.ticket_no WHERE f.flight_id = 2002 GROUP BY f.flight_id",347,2,1,0,True,False,False,3,3,3,2,0,2,0,0,0,2112.95,2113.12,1.0,20,62.0,16.544,8,5,3,Aggregate,1,1,1,0,0,1,1,2,1,4197,0,0,0
route_revenue,"SELECT f.departure_airport, f.arrival_airport, SUM(tf.amount) AS revenue FROM aviation.flights AS f JOIN aviation.ticket_flights AS tf ON tf.flight_id = f.flight_id WHERE f.departure_airport = 'VTB' GROUP BY f.departure_airport, f.arrival_airport ORDER BY revenue DESC",268,1,1,0,True,True,False,2,2,3,1,1,0,0,0,0,2388.4,2388.43,10.0,40,112020.0,44.812,6,5,2,Sort,2,0,0,0,1,0,0,1,1,3859,0,0,0
bookings_with_expensive_ticket,"SELECT b.book_ref, b.total_amount FROM aviation.bookings AS b WHERE EXISTS (SELECT 1 FROM aviation.tickets AS t JOIN aviation.ticket_flights AS tf ON tf.ticket_no = t.ticket_no WHERE t.book_ref = b.book_ref AND tf.amount >= 112000)",231,1,3,1,False,False,False,3,3,3,0,1,0,0,0,0,4801.39,5853.48,9154.0,13,195770.0,96.636,7,5,3,Hash Join,3,0,0,0,2,0,0,0,0,8896,0,0,0
high_value_passengers,"SELECT t.passenger_id, t.passenger_name, b.total_amount FROM aviation.tickets AS t JOIN aviation.bookings AS b ON b.book_ref = t.book_ref WHERE b.total_amount >= 195000 ORDER BY b.total_amount DESC LIMIT 100",207,1,1,0,False,True,False,2,2,3,0,1,0,0,0,0,5970.68,5970.93,100.0,33,285092.0,116.363,6,5,2,Limit,2,0,0,0,1,0,0,1,0,5689,0,0,0
boarding_pass_lookup,"SELECT bp.boarding_no, bp.seat_no, t.passenger_name FROM aviation.boarding_passes AS bp JOIN aviation.tickets AS t ON t.ticket_no = bp.ticket_no WHERE bp.flight_id = 8734 AND bp.boarding_no BETWEEN 3 AND 7",205,1,2,0,False,False,False,2,2,3,0,1,0,0,0,0,0.71,57.58,5.0,22,11.0,0.3,3,2,2,Nested Loop,0,2,0,0,0,0,1,0,0,46,0,0,0
booking_ticket_count,"SELECT b.book_ref, COUNT(t.ticket_no) AS ticket_count FROM aviation.bookings AS b JOIN aviation.tickets AS t ON t.book_ref = b.book_ref WHERE b.book_date >= DATE '2025-06-04' AND b.book_date < DATE '2025-07-04' GROUP BY b.book_ref HAVING COUNT(t.ticket_no) >= 2",261,1,2,0,True,False,False,2,2,2,2,1,0,0,0,0,3441.16,3489.85,1298.0,15,116878.0,53.86,5,4,2,Aggregate,2,0,0,0,1,0,0,0,1,4342,0,0,0
route_by_date,"SELECT flight_id, flight_no, scheduled_departure, status FROM aviation.flights WHERE departure_airport = 'TBS' AND arrival_airport = 'BQT' AND scheduled_departure >= DATE '2025-02-27' AND scheduled_departure < DATE '2025-02-27' + INTERVAL '1 day'",246,0,4,0,False,False,False,1,1,4,0,0,0,0,0,0,0.0,304.0,1.0,27,1.0,3.528,1,1,1,Seq Scan,1,0,0,0,0,0,0,0,0,104,0,0,0
ticket_fare_lookup,"SELECT t.ticket_no, tf.flight_id, tf.amount FROM aviation.tickets AS t JOIN aviation.ticket_flights AS tf ON tf.ticket_no = t.ticket_no WHERE t.passenger_id = '2798-072791' AND tf.fare_conditions = 'Business'",208,1,2,0,False,False,False,2,2,3,0,1,0,0,0,0,0.42,2280.45,1.0,24,3.0,17.152,3,2,2,Nested Loop,1,1,0,0,0,0,1,0,0,2052,0,0,0
ticket_name_prefix,"SELECT ticket_no, passenger_id, passenger_name FROM aviation.tickets WHERE passenger_name LIKE 'Passenger 57948%' ORDER BY ticket_no LIMIT 50",141,0,1,0,False,True,False,1,1,3,0,0,0,0,0,0,2272.17,2272.19,10.0,41,30.0,18.92,3,3,1,Limit,1,0,0,0,0,0,0,1,0,3072,0,0,0
passenger_flight_history,"SELECT t.passenger_id, t.passenger_name, f.flight_no, f.scheduled_departure, tf.fare_conditions FROM aviation.tickets AS t JOIN aviation.ticket_flights AS tf ON tf.ticket_no = t.ticket_no JOIN aviation.flights AS f ON f.flight_id = tf.flight_id WHERE t.passenger_id = '0999-010998' AND f.status = 'On Time' ORDER BY f.scheduled_departure DESC",342,2,2,0,False,True,False,3,3,5,0,2,0,0,0,0,2280.77,2280.77,1.0,50,6.0,15.957,6,4,3,Sort,1,2,0,0,0,0,2,1,0,4116,0,0,0
flight_occupancy,"SELECT f.flight_id, COUNT(DISTINCT tf.ticket_no) AS tickets, COUNT(DISTINCT bp.ticket_no) AS boarded FROM aviation.flights AS f LEFT JOIN aviation.ticket_flights AS tf ON tf.flight_id = f.flight_id LEFT JOIN aviation.boarding_passes AS bp ON bp.flight_id = tf.flight_id AND bp.ticket_no = tf.ticket_no WHERE f.flight_id = 5097 GROUP BY f.flight_id",347,2,1,0,True,False,False,3,3,3,2,0,2,0,0,0,2112.95,2113.12,1.0,20,62.0,13.944,8,5,3,Aggregate,1,1,1,0,0,1,1,2,1,4197,0,0,0
airport_connections,"SELECT dep.city AS departure_city, arr.city AS arrival_city, COUNT(*) AS flights FROM aviation.flights AS f JOIN aviation.airports AS dep ON dep.airport_code = f.departure_airport JOIN aviation.airports AS arr ON arr.airport_code = f.arrival_airport WHERE f.departure_airport = 'GNA' AND f.status = 'Arrived' GROUP BY dep.city, arr.city",336,2,2,0,True,False,False,3,2,3,1,2,0,0,0,0,261.66,261.76,10.0,24,781.0,2.092,7,4,2,Aggregate,3,0,0,0,1,0,1,0,1,420,0,0,0
aircraft_fare_capacity,"SELECT fare_conditions, COUNT(*) AS seat_count FROM aviation.seats WHERE aircraft_code = '320' GROUP BY fare_conditions ORDER BY seat_count DESC",144,0,1,0,True,True,False,1,1,2,1,0,0,0,0,0,17.2,17.21,3.0,16,186.0,0.28,3,3,1,Sort,1,0,0,0,0,0,0,1,1,18,0,0,0
aircraft_seat_capacity,"SELECT a.aircraft_code, a.model, COUNT(s.seat_no) AS seat_count FROM aviation.aircrafts AS a JOIN aviation.seats AS s ON s.aircraft_code = a.aircraft_code WHERE s.fare_conditions = 'Comfort' GROUP BY a.aircraft_code, a.model ORDER BY seat_count DESC",249,1,1,0,True,True,False,2,2,3,1,1,0,0,0,0,18.65,18.67,5.0,27,260.0,0.502,6,5,2,Sort,2,0,0,0,1,0,0,1,1,28,0,0,0
booking_amount_range,"SELECT book_ref, book_date, total_amount FROM aviation.bookings WHERE total_amount BETWEEN 285000 AND 320000",108,0,1,0,False,False,False,1,1,3,0,0,0,0,0,0,0.0,1069.0,3530.0,21,3530.0,12.264,1,1,1,Seq Scan,1,0,0,0,0,0,0,0,0,319,0,0,0
passengers_for_booking,"SELECT b.book_ref, b.book_date, t.ticket_no, t.passenger_name FROM aviation.bookings AS b JOIN aviation.tickets AS t ON t.book_ref = b.book_ref WHERE b.book_ref = '014249'",171,1,1,0,False,False,False,2,2,4,0,1,0,0,0,0,0.29,2280.33,2.0,44,5.0,17.405,3,2,2,Nested Loop,1,1,0,0,0,0,1,0,0,2050,0,0,0
recent_flights_sorted,"SELECT flight_no, departure_airport, arrival_airport, scheduled_departure FROM aviation.flights WHERE departure_airport = 'GNA' ORDER BY scheduled_departure DESC LIMIT 10",170,0,1,0,False,True,False,1,1,4,0,0,0,0,0,0,250.61,250.63,10.0,23,2010.0,2.243,3,3,1,Limit,1,0,0,0,0,0,0,1,0,318,0,0,0
aircraft_flight_counts,"SELECT a.aircraft_code, a.model, COUNT(f.flight_id) AS flight_count FROM aviation.aircrafts AS a LEFT JOIN aviation.flights AS f ON f.aircraft_code = a.aircraft_code WHERE a.range_km >= 3750 GROUP BY a.aircraft_code, a.model",224,1,1,0,True,False,False,2,2,3,1,0,1,0,0,0,303.62,303.68,5.0,27,20015.0,8.522,5,4,2,Aggregate,2,0,0,0,1,0,0,0,1,316,0,0,0
flight_revenue,"SELECT f.flight_id, f.flight_no, COUNT(*) AS ticket_count, SUM(tf.amount) AS revenue FROM aviation.flights AS f JOIN aviation.ticket_flights AS tf ON tf.flight_id = f.flight_id WHERE f.flight_id = 3069 GROUP BY f.flight_id, f.flight_no",235,1,1,0,True,False,False,2,2,4,2,1,0,0,0,0,0.29,2092.47,1.0,51,22.0,14.355,4,3,2,Aggregate,1,1,0,0,0,0,1,0,1,2511,0,0,0
top_routes,"SELECT departure_airport, arrival_airport, COUNT(*) AS flight_count FROM aviation.flights WHERE scheduled_departure >= DATE '2025-04-12' AND scheduled_departure < DATE '2025-07-11' GROUP BY departure_airport, arrival_airport ORDER BY flight_count DESC LIMIT 5",259,0,2,0,True,True,False,1,1,3,1,0,0,0,0,0,275.22,275.23,5.0,16,2679.0,5.345,4,4,1,Limit,1,0,0,0,0,0,0,1,1,422,0,0,0
fare_statistics,"SELECT fare_conditions, COUNT(*) AS ticket_count, AVG(amount) AS average_amount FROM aviation.ticket_flights WHERE fare_conditions = 'Economy' AND amount >= 21250 GROUP BY fare_conditions HAVING COUNT(*) > 10",208,0,2,0,True,False,False,1,1,3,3,0,0,0,0,0,0.0,2677.94,1.0,48,68785.0,44.463,2,2,1,Aggregate,1,0,0,0,0,0,0,0,1,1668,0,0,0
airport_departure_counts,"SELECT departure_airport, COUNT(*) AS flight_count FROM aviation.flights WHERE scheduled_departure >= DATE '2025-02-07' AND scheduled_departure < DATE '2025-03-09' GROUP BY departure_airport ORDER BY flight_count DESC",217,0,2,0,True,True,False,1,1,2,1,0,0,0,0,0,258.46,258.49,10.0,12,859.0,2.953,3,3,1,Sort,1,0,0,0,0,0,0,1,1,315,0,0,0
route_revenue,"SELECT f.departure_airport, f.arrival_airport, SUM(tf.amount) AS revenue FROM aviation.flights AS f JOIN aviation.ticket_flights AS tf ON tf.flight_id = f.flight_id WHERE f.departure_airport = 'SVO' GROUP BY f.departure_airport, f.arrival_airport ORDER BY revenue DESC",268,1,1,0,True,True,False,2,2,3,1,1,0,0,0,0,2388.4,2388.43,10.0,40,112020.0,40.756,6,5,2,Sort,2,0,0,0,1,0,0,1,1,3859,0,0,0
daily_flight_count,"SELECT scheduled_departure::date AS flight_date, COUNT(*) AS flight_count FROM aviation.flights WHERE departure_airport = 'GME' GROUP BY scheduled_departure::date ORDER BY flight_date",183,0,1,0,True,True,False,1,1,2,1,0,0,0,0,0,281.33,301.24,993.0,12,2993.0,2.828,3,3,1,Aggregate,1,0,0,0,0,0,0,1,1,318,0,0,0
flights_without_tickets,"SELECT f.flight_id, f.flight_no FROM aviation.flights AS f WHERE f.scheduled_departure >= DATE '2025-01-02' AND NOT EXISTS (SELECT 1 FROM aviation.ticket_flights AS tf WHERE tf.flight_id = f.flight_id)",201,0,3,1,False,False,False,2,2,3,0,0,0,0,0,0,3084.0,3362.85,1.0,11,209970.0,85.737,4,3,2,Hash Join,2,0,0,0,1,0,0,0,0,2710,0,0,0
unboarded_tickets,"SELECT tf.ticket_no, tf.fare_conditions FROM aviation.ticket_flights AS tf LEFT JOIN aviation.boarding_passes AS bp ON bp.ticket_no = tf.ticket_no AND bp.flight_id = tf.flight_id WHERE tf.flight_id = 8928 AND bp.ticket_no IS NULL",229,1,2,0,False,False,False,2,2,2,0,0,1,0,0,0,0.29,2109.74,10.0,22,40.0,20.175,4,3,2,Nested Loop,1,1,0,0,0,0,1,0,0,1677,0,0,0
bookings_with_expensive_ticket,"SELECT b.book_ref, b.total_amount FROM aviation.bookings AS b WHERE EXISTS (SELECT 1 FROM aviation.tickets AS t JOIN aviation.ticket_flights AS tf ON tf.ticket_no = t.ticket_no WHERE t.book_ref = b.book_ref AND tf.amount >= 94750)",230,1,3,1,False,False,False,3,3,3,0,1,0,0,0,0,5311.44,6525.66,23727.0,13,268635.0,125.927,7,5,3,Hash Join,3,0,0,0,2,0,0,0,0,8896,0,0,0
booking_amount_range,"SELECT book_ref, book_date, total_amount FROM aviation.bookings WHERE total_amount BETWEEN 245000 AND 300000",108,0,1,0,False,False,False,1,1,3,0,0,0,0,0,0,0.0,1069.0,5539.0,21,5539.0,16.439,1,1,1,Seq Scan,1,0,0,0,0,0,0,0,0,319,0,0,0
passenger_flight_history,"SELECT t.passenger_id, t.passenger_name, f.flight_no, f.scheduled_departure, tf.fare_conditions FROM aviation.tickets AS t JOIN aviation.ticket_flights AS tf ON tf.ticket_no = t.ticket_no JOIN aviation.flights AS f ON f.flight_id = tf.flight_id WHERE t.passenger_id = '2998-042994' AND f.status = 'On Time' ORDER BY f.scheduled_departure DESC",342,2,2,0,False,True,False,3,3,5,0,2,0,0,0,0,2280.77,2280.77,1.0,50,6.0,16.04,6,4,3,Sort,1,2,0,0,0,0,2,1,0,4116,0,0,0
aircraft_seat_capacity,"SELECT a.aircraft_code, a.model, COUNT(s.seat_no) AS seat_count FROM aviation.aircrafts AS a JOIN aviation.seats AS s ON s.aircraft_code = a.aircraft_code WHERE s.fare_conditions = 'Business' GROUP BY a.aircraft_code, a.model ORDER BY seat_count DESC",250,1,1,0,True,True,False,2,2,3,1,1,0,0,0,0,18.06,18.07,5.0,27,140.0,0.485,6,5,2,Sort,2,0,0,0,1,0,0,1,1,28,0,0,0
ticket_name_prefix,"SELECT ticket_no, passenger_id, passenger_name FROM aviation.tickets WHERE passenger_name LIKE 'Passenger 29548%' ORDER BY ticket_no LIMIT 50",141,0,1,0,False,True,False,1,1,3,0,0,0,0,0,0,2272.17,2272.19,10.0,41,30.0,19.642,3,3,1,Limit,1,0,0,0,0,0,0,1,0,3072,0,0,0
booking_ticket_count,"SELECT b.book_ref, COUNT(t.ticket_no) AS ticket_count FROM aviation.bookings AS b JOIN aviation.tickets AS t ON t.book_ref = b.book_ref WHERE b.book_date >= DATE '2025-02-11' AND b.book_date < DATE '2025-03-13' GROUP BY b.book_ref HAVING COUNT(t.ticket_no) >= 2",261,1,2,0,True,False,False,2,2,2,2,1,0,0,0,0,3447.55,3499.79,1393.0,15,118109.0,61.2,5,4,2,Aggregate,2,0,0,0,1,0,0,0,1,4342,0,0,0
aircraft_fare_capacity,"SELECT fare_conditions, COUNT(*) AS seat_count FROM aviation.seats WHERE aircraft_code = 'E95' GROUP BY fare_conditions ORDER BY seat_count DESC",144,0,1,0,True,True,False,1,1,2,1,0,0,0,0,0,17.2,17.21,3.0,16,186.0,1.032,3,3,1,Sort,1,0,0,0,0,0,0,1,1,18,0,0,0
unboarded_tickets,"SELECT tf.ticket_no, tf.fare_conditions FROM aviation.ticket_flights AS tf LEFT JOIN aviation.boarding_passes AS bp ON bp.ticket_no = tf.ticket_no AND bp.flight_id = tf.flight_id WHERE tf.flight_id = 1912 AND bp.ticket_no IS NULL",229,1,2,0,False,False,False,2,2,2,0,0,1,0,0,0,0.29,2109.74,10.0,22,40.0,17.418,4,3,2,Nested Loop,1,1,0,0,0,0,1,0,0,1677,0,0,0
top_routes,"SELECT departure_airport, arrival_airport, COUNT(*) AS flight_count FROM aviation.flights WHERE scheduled_departure >= DATE '2025-10-05' AND scheduled_departure < DATE '2025-12-04' GROUP BY departure_airport, arrival_airport ORDER BY flight_count DESC LIMIT 5",259,0,2,0,True,True,False,1,1,3,1,0,0,0,0,0,268.81,268.82,5.0,16,1825.0,4.495,4,4,1,Limit,1,0,0,0,0,0,0,1,1,422,0,0,0
bookings_with_expensive_ticket,"SELECT b.book_ref, b.total_amount FROM aviation.bookings AS b WHERE EXISTS (SELECT 1 FROM aviation.tickets AS t JOIN aviation.ticket_flights AS tf ON tf.ticket_no = t.ticket_no WHERE t.book_ref = b.book_ref AND tf.amount >= 116750)",231,1,3,1,False,False,False,3,3,3,0,1,0,0,0,0,4661.81,5669.53,5166.0,13,175830.0,94.557,7,5,3,Hash Join,3,0,0,0,2,0,0,0,0,8896,0,0,0
ticket_fare_lookup,"SELECT t.ticket_no, tf.flight_id, tf.amount FROM aviation.tickets AS t JOIN aviation.ticket_flights AS tf ON tf.ticket_no = t.ticket_no WHERE t.passenger_id = '3969-073962' AND tf.fare_conditions = 'Business'",208,1,2,0,False,False,False,2,2,3,0,1,0,0,0,0,0.42,2280.45,1.0,24,3.0,16.532,3,2,2,Nested Loop,1,1,0,0,0,0,1,0,0,2052,0,0,0
route_by_date,"SELECT flight_id, flight_no, scheduled_departure, status FROM aviation.flights WHERE departure_airport = 'IST' AND arrival_airport = 'GME' AND scheduled_departure >= DATE '2025-04-24' AND scheduled_departure < DATE '2025-04-24' + INTERVAL '1 day'",246,0,4,0,False,False,False,1,1,4,0,0,0,0,0,0,0.0,304.0,1.0,27,1.0,2.78,1,1,1,Seq Scan,1,0,0,0,0,0,0,0,0,104,0,0,0
flight_occupancy,"SELECT f.flight_id, COUNT(DISTINCT tf.ticket_no) AS tickets, COUNT(DISTINCT bp.ticket_no) AS boarded FROM aviation.flights AS f LEFT JOIN aviation.ticket_flights AS tf ON tf.flight_id = f.flight_id LEFT JOIN aviation.boarding_passes AS bp ON bp.flight_id = tf.flight_id AND bp.ticket_no = tf.ticket_no WHERE f.flight_id = 9526 GROUP BY f.flight_id",347,2,1,0,True,False,False,3,3,3,2,0,2,0,0,0,2112.95,2113.12,1.0,20,62.0,14.428,8,5,3,Aggregate,1,1,1,0,0,1,1,2,1,4193,0,0,0
aircraft_flight_counts,"SELECT a.aircraft_code, a.model, COUNT(f.flight_id) AS flight_count FROM aviation.aircrafts AS a LEFT JOIN aviation.flights AS f ON f.aircraft_code = a.aircraft_code WHERE a.range_km >= 6000 GROUP BY a.aircraft_code, a.model",224,1,1,0,True,False,False,2,2,3,1,0,1,0,0,0,273.59,273.61,2.0,27,14006.0,6.498,5,4,2,Aggregate,2,0,0,0,1,0,0,0,1,316,0,0,0
recent_flights_sorted,"SELECT flight_no, departure_airport, arrival_airport, scheduled_departure FROM aviation.flights WHERE departure_airport = 'BQT' ORDER BY scheduled_departure DESC LIMIT 100",171,0,1,0,False,True,False,1,1,4,0,0,0,0,0,0,267.22,267.47,100.0,23,2100.0,2.246,3,3,1,Limit,1,0,0,0,0,0,0,1,0,318,0,0,0
flights_without_tickets,"SELECT f.flight_id, f.flight_no FROM aviation.flights AS f WHERE f.scheduled_departure >= DATE '2025-10-20' AND NOT EXISTS (SELECT 1 FROM aviation.ticket_flights AS tf WHERE tf.flight_id = f.flight_id)",201,0,3,1,False,False,False,2,2,3,0,0,0,0,0,0,3084.0,3322.84,1.0,11,201969.0,49.377,4,3,2,Hash Join,2,0,0,0,1,0,0,0,0,2710,0,0,0
fare_statistics,"SELECT fare_conditions, COUNT(*) AS ticket_count, AVG(amount) AS average_amount FROM aviation.ticket_flights WHERE fare_conditions = 'Comfort' AND amount >= 7000 GROUP BY fare_conditions HAVING COUNT(*) > 10",207,0,2,0,True,False,False,1,1,3,3,0,0,0,0,0,0.0,2400.88,1.0,48,13373.0,33.321,2,2,1,Aggregate,1,0,0,0,0,0,0,0,1,1668,0,0,0
route_revenue,"SELECT f.departure_airport, f.arrival_airport, SUM(tf.amount) AS revenue FROM aviation.flights AS f JOIN aviation.ticket_flights AS tf ON tf.flight_id = f.flight_id WHERE f.departure_airport = 'SVO' GROUP BY f.departure_airport, f.arrival_airport ORDER BY revenue DESC",268,1,1,0,True,True,False,2,2,3,1,1,0,0,0,0,2388.4,2388.43,10.0,40,112020.0,39.595,6,5,2,Sort,2,0,0,0,1,0,0,1,1,3859,0,0,0
boarding_pass_lookup,"SELECT bp.boarding_no, bp.seat_no, t.passenger_name FROM aviation.boarding_passes AS bp JOIN aviation.tickets AS t ON t.ticket_no = bp.ticket_no WHERE bp.flight_id = 7706 AND bp.boarding_no BETWEEN 3 AND 8",205,1,2,0,False,False,False,2,2,3,0,1,0,0,0,0,0.71,67.79,6.0,22,13.0,0.042,3,2,2,Nested Loop,0,2,0,0,0,0,1,0,0,4,0,0,0
passengers_for_booking,"SELECT b.book_ref, b.book_date, t.ticket_no, t.passenger_name FROM aviation.bookings AS b JOIN aviation.tickets AS t ON t.book_ref = b.book_ref WHERE b.book_ref = '026746'",171,1,1,0,False,False,False,2,2,4,0,1,0,0,0,0,0.29,2280.33,2.0,44,5.0,21.027,3,2,2,Nested Loop,1,1,0,0,0,0,1,0,0,2050,0,0,0
high_value_passengers,"SELECT t.passenger_id, t.passenger_name, b.total_amount FROM aviation.tickets AS t JOIN aviation.bookings AS b ON b.book_ref = t.book_ref WHERE b.total_amount >= 215000 ORDER BY b.total_amount DESC LIMIT 100",207,1,1,0,False,True,False,2,2,3,0,1,0,0,0,0,5794.04,5794.29,100.0,33,273176.0,103.454,6,5,2,Limit,2,0,0,0,1,0,0,1,0,5689,0,0,0
airport_departure_counts,"SELECT departure_airport, COUNT(*) AS flight_count FROM aviation.flights WHERE scheduled_departure >= DATE '2025-10-17' AND scheduled_departure < DATE '2025-10-24' GROUP BY departure_airport ORDER BY flight_count DESC",217,0,2,0,True,True,False,1,1,2,1,0,0,0,0,0,255.21,255.23,10.0,12,208.0,2.129,3,3,1,Sort,1,0,0,0,0,0,0,1,1,315,0,0,0
daily_flight_count,"SELECT scheduled_departure::date AS flight_date, COUNT(*) AS flight_count FROM aviation.flights WHERE departure_airport = 'WAW' GROUP BY scheduled_departure::date ORDER BY flight_date",183,0,1,0,True,True,False,1,1,2,1,0,0,0,0,0,281.33,301.24,993.0,12,2993.0,2.515,3,3,1,Aggregate,1,0,0,0,0,0,0,1,1,318,0,0,0
airport_connections,"SELECT dep.city AS departure_city, arr.city AS arrival_city, COUNT(*) AS flights FROM aviation.flights AS f JOIN aviation.airports AS dep ON dep.airport_code = f.departure_airport JOIN aviation.airports AS arr ON arr.airport_code = f.arrival_airport WHERE f.departure_airport = 'IST' AND f.status = 'Scheduled' GROUP BY dep.city, arr.city",338,2,2,0,True,False,False,3,2,3,1,2,0,0,0,0,261.66,261.76,10.0,24,781.0,1.889,7,4,2,Aggregate,3,0,0,0,1,0,1,0,1,420,0,0,0
flight_revenue,"SELECT f.flight_id, f.flight_no, COUNT(*) AS ticket_count, SUM(tf.amount) AS revenue FROM aviation.flights AS f JOIN aviation.ticket_flights AS tf ON tf.flight_id = f.flight_id WHERE f.flight_id = 806 GROUP BY f.flight_id, f.flight_no",234,1,1,0,True,False,False,2,2,4,2,1,0,0,0,0,0.29,2092.47,1.0,51,22.0,15.045,4,3,2,Aggregate,1,1,0,0,0,0,1,0,1,2511,0,0,0
ticket_fare_lookup,"SELECT t.ticket_no, tf.flight_id, tf.amount FROM aviation.tickets AS t JOIN aviation.ticket_flights AS tf ON tf.ticket_no = t.ticket_no WHERE t.passenger_id = '3522-023520' AND tf.fare_conditions = 'Comfort'",207,1,2,0,False,False,False,2,2,3,0,1,0,0,0,0,0.42,2280.45,1.0,24,3.0,16.879,3,2,2,Nested Loop,1,1,0,0,0,0,1,0,0,2052,0,0,0
aircraft_seat_capacity,"SELECT a.aircraft_code, a.model, COUNT(s.seat_no) AS seat_count FROM aviation.aircrafts AS a JOIN aviation.seats AS s ON s.aircraft_code = a.aircraft_code WHERE s.fare_conditions = 'Comfort' GROUP BY a.aircraft_code, a.model ORDER BY seat_count DESC",249,1,1,0,True,True,False,2,2,3,1,1,0,0,0,0,18.65,18.67,5.0,27,260.0,0.438,6,5,2,Sort,2,0,0,0,1,0,0,1,1,28,0,0,0
passengers_for_booking,"SELECT b.book_ref, b.book_date, t.ticket_no, t.passenger_name FROM aviation.bookings AS b JOIN aviation.tickets AS t ON t.book_ref = b.book_ref WHERE b.book_ref = '038547'",171,1,1,0,False,False,False,2,2,4,0,1,0,0,0,0,0.29,2280.33,2.0,44,5.0,16.213,3,2,2,Nested Loop,1,1,0,0,0,0,1,0,0,2050,0,0,0
flight_occupancy,"SELECT f.flight_id, COUNT(DISTINCT tf.ticket_no) AS tickets, COUNT(DISTINCT bp.ticket_no) AS boarded FROM aviation.flights AS f LEFT JOIN aviation.ticket_flights AS tf ON tf.flight_id = f.flight_id LEFT JOIN aviation.boarding_passes AS bp ON bp.flight_id = tf.flight_id AND bp.ticket_no = tf.ticket_no WHERE f.flight_id = 1120 GROUP BY f.flight_id",347,2,1,0,True,False,False,3,3,3,2,0,2,0,0,0,2112.95,2113.12,1.0,20,62.0,14.999,8,5,3,Aggregate,1,1,1,0,0,1,1,2,1,4197,0,0,0
airport_connections,"SELECT dep.city AS departure_city, arr.city AS arrival_city, COUNT(*) AS flights FROM aviation.flights AS f JOIN aviation.airports AS dep ON dep.airport_code = f.departure_airport JOIN aviation.airports AS arr ON arr.airport_code = f.arrival_airport WHERE f.departure_airport = 'WAW' AND f.status = 'On Time' GROUP BY dep.city, arr.city",336,2,2,0,True,False,False,3,2,3,1,2,0,0,0,0,261.66,261.76,10.0,24,781.0,2.631,7,4,2,Aggregate,3,0,0,0,1,0,1,0,1,424,0,0,0
route_by_date,"SELECT flight_id, flight_no, scheduled_departure, status FROM aviation.flights WHERE departure_airport = 'BQT' AND arrival_airport = 'GNA' AND scheduled_departure >= DATE '2025-02-28' AND scheduled_departure < DATE '2025-02-28' + INTERVAL '1 day'",246,0,4,0,False,False,False,1,1,4,0,0,0,0,0,0,0.0,304.0,1.0,27,1.0,2.78,1,1,1,Seq Scan,1,0,0,0,0,0,0,0,0,104,0,0,0
top_routes,"SELECT departure_airport, arrival_airport, COUNT(*) AS flight_count FROM aviation.flights WHERE scheduled_departure >= DATE '2025-01-03' AND scheduled_departure < DATE '2025-04-03' GROUP BY departure_airport, arrival_airport ORDER BY flight_count DESC LIMIT 10",260,0,2,0,True,True,False,1,1,3,1,0,0,0,0,0,276.06,276.09,10.0,16,2730.0,4.117,4,4,1,Limit,1,0,0,0,0,0,0,1,1,422,0,0,0
booking_amount_range,"SELECT book_ref, book_date, total_amount FROM aviation.bookings WHERE total_amount BETWEEN 140000 AND 265000",108,0,1,0,False,False,False,1,1,3,0,0,0,0,0,0,0.0,1069.0,12517.0,21,12517.0,14.785,1,1,1,Seq Scan,1,0,0,0,0,0,0,0,0,319,0,0,0
route_revenue,"SELECT f.departure_airport, f.arrival_airport, SUM(tf.amount) AS revenue FROM aviation.flights AS f JOIN aviation.ticket_flights AS tf ON tf.flight_id = f.flight_id WHERE f.departure_airport = 'LED' GROUP BY f.departure_airport, f.arrival_airport ORDER BY revenue DESC",268,1,1,0,True,True,False,2,2,3,1,1,0,0,0,0,2388.4,2388.43,10.0,40,112020.0,41.606,6,5,2,Sort,2,0,0,0,1,0,0,1,1,3859,0,0,0
daily_flight_count,"SELECT scheduled_departure::date AS flight_date, COUNT(*) AS flight_count FROM aviation.flights WHERE departure_airport = 'LED' GROUP BY scheduled_departure::date ORDER BY flight_date",183,0,1,0,True,True,False,1,1,2,1,0,0,0,0,0,281.33,301.24,993.0,12,2993.0,2.693,3,3,1,Aggregate,1,0,0,0,0,0,0,1,1,318,0,0,0
aircraft_fare_capacity,"SELECT fare_conditions, COUNT(*) AS seat_count FROM aviation.seats WHERE aircraft_code = 'E95' GROUP BY fare_conditions ORDER BY seat_count DESC",144,0,1,0,True,True,False,1,1,2,1,0,0,0,0,0,17.2,17.21,3.0,16,186.0,0.413,3,3,1,Sort,1,0,0,0,0,0,0,1,1,18,0,0,0
bookings_with_expensive_ticket,"SELECT b.book_ref, b.total_amount FROM aviation.bookings AS b WHERE EXISTS (SELECT 1 FROM aviation.tickets AS t JOIN aviation.ticket_flights AS tf ON tf.ticket_no = t.ticket_no WHERE t.book_ref = b.book_ref AND tf.amount >= 105000)",231,1,3,1,False,False,False,3,3,3,0,1,0,0,0,0,5006.81,6124.19,15023.0,13,225115.0,122.872,7,5,3,Hash Join,3,0,0,0,2,0,0,0,0,8896,0,0,0
aircraft_flight_counts,"SELECT a.aircraft_code, a.model, COUNT(f.flight_id) AS flight_count FROM aviation.aircrafts AS a LEFT JOIN aviation.flights AS f ON f.aircraft_code = a.aircraft_code WHERE a.range_km >= 4750 GROUP BY a.aircraft_code, a.model",224,1,1,0,True,False,False,2,2,3,1,0,1,0,0,0,303.62,303.68,5.0,27,20015.0,9.215,5,4,2,Aggregate,2,0,0,0,1,0,0,0,1,316,0,0,0
airport_departure_counts,"SELECT departure_airport, COUNT(*) AS flight_count FROM aviation.flights WHERE scheduled_departure >= DATE '2025-12-20' AND scheduled_departure < DATE '2025-12-27' GROUP BY departure_airport ORDER BY flight_count DESC",217,0,2,0,True,True,False,1,1,2,1,0,0,0,0,0,255.22,255.24,10.0,12,210.0,2.226,3,3,1,Sort,1,0,0,0,0,0,0,1,1,315,0,0,0
booking_ticket_count,"SELECT b.book_ref, COUNT(t.ticket_no) AS ticket_count FROM aviation.bookings AS b JOIN aviation.tickets AS t ON t.book_ref = b.book_ref WHERE b.book_date >= DATE '2025-02-03' AND b.book_date < DATE '2025-02-17' GROUP BY b.book_ref HAVING COUNT(t.ticket_no) >= 2",261,1,2,0,True,False,False,2,2,2,2,1,0,0,0,0,3397.73,3422.3,655.0,15,108515.0,50.841,5,4,2,Aggregate,2,0,0,0,1,0,0,0,1,4342,0,0,0
boarding_pass_lookup,"SELECT bp.boarding_no, bp.seat_no, t.passenger_name FROM aviation.boarding_passes AS bp JOIN aviation.tickets AS t ON t.ticket_no = bp.ticket_no WHERE bp.flight_id = 8789 AND bp.boarding_no BETWEEN 2 AND 7",205,1,2,0,False,False,False,2,2,3,0,1,0,0,0,0,0.71,67.79,6.0,22,13.0,0.507,3,2,2,Nested Loop,0,2,0,0,0,0,1,0,0,54,0,0,0
flights_without_tickets,"SELECT f.flight_id, f.flight_no FROM aviation.flights AS f WHERE f.scheduled_departure >= DATE '2025-05-03' AND NOT EXISTS (SELECT 1 FROM aviation.ticket_flights AS tf WHERE tf.flight_id = f.flight_id)",201,0,3,1,False,False,False,2,2,3,0,0,0,0,0,0,3084.0,3345.9,1.0,11,206582.0,63.894,4,3,2,Hash Join,2,0,0,0,1,0,0,0,0,2710,0,0,0
fare_statistics,"SELECT fare_conditions, COUNT(*) AS ticket_count, AVG(amount) AS average_amount FROM aviation.ticket_flights WHERE fare_conditions = 'Economy' AND amount >= 63750 GROUP BY fare_conditions HAVING COUNT(*) > 10",208,0,2,0,True,False,False,1,1,3,3,0,0,0,0,0,0.0,2535.02,1.0,48,40202.0,33.275,2,2,1,Aggregate,1,0,0,0,0,0,0,0,1,1668,0,0,0
recent_flights_sorted,"SELECT flight_no, departure_airport, arrival_airport, scheduled_departure FROM aviation.flights WHERE departure_airport = 'VTB' ORDER BY scheduled_departure DESC LIMIT 25",170,0,1,0,False,True,False,1,1,4,0,0,0,0,0,0,257.22,257.28,25.0,23,2025.0,3.409,3,3,1,Limit,1,0,0,0,0,0,0,1,0,318,0,0,0
ticket_name_prefix,"SELECT ticket_no, passenger_id, passenger_name FROM aviation.tickets WHERE passenger_name LIKE 'Passenger 57500%' ORDER BY ticket_no LIMIT 50",141,0,1,0,False,True,False,1,1,3,0,0,0,0,0,0,2272.17,2272.19,10.0,41,30.0,18.244,3,3,1,Limit,1,0,0,0,0,0,0,1,0,3072,0,0,0
unboarded_tickets,"SELECT tf.ticket_no, tf.fare_conditions FROM aviation.ticket_flights AS tf LEFT JOIN aviation.boarding_passes AS bp ON bp.ticket_no = tf.ticket_no AND bp.flight_id = tf.flight_id WHERE tf.flight_id = 6028 AND bp.ticket_no IS NULL",229,1,2,0,False,False,False,2,2,2,0,0,1,0,0,0,0.29,2109.74,10.0,22,40.0,13.641,4,3,2,Nested Loop,1,1,0,0,0,0,1,0,0,1677,0,0,0
high_value_passengers,"SELECT t.passenger_id, t.passenger_name, b.total_amount FROM aviation.tickets AS t JOIN aviation.bookings AS b ON b.book_ref = t.book_ref WHERE b.total_amount >= 295000 ORDER BY b.total_amount DESC LIMIT 100",207,1,1,0,False,True,False,2,2,3,0,1,0,0,0,0,5082.09,5082.34,100.0,33,225146.0,89.975,6,5,2,Limit,2,0,0,0,1,0,0,1,0,5689,0,0,0
flight_revenue,"SELECT f.flight_id, f.flight_no, COUNT(*) AS ticket_count, SUM(tf.amount) AS revenue FROM aviation.flights AS f JOIN aviation.ticket_flights AS tf ON tf.flight_id = f.flight_id WHERE f.flight_id = 1301 GROUP BY f.flight_id, f.flight_no",235,1,1,0,True,False,False,2,2,4,2,1,0,0,0,0,0.29,2092.47,1.0,51,22.0,13.821,4,3,2,Aggregate,1,1,0,0,0,0,1,0,1,2511,0,0,0
passenger_flight_history,"SELECT t.passenger_id, t.passenger_name, f.flight_no, f.scheduled_departure, tf.fare_conditions FROM aviation.tickets AS t JOIN aviation.ticket_flights AS tf ON tf.ticket_no = t.ticket_no JOIN aviation.flights AS f ON f.flight_id = tf.flight_id WHERE t.passenger_id = '6680-036677' AND f.status = 'Departed' ORDER BY f.scheduled_departure DESC",343,2,2,0,False,True,False,3,3,5,0,2,0,0,0,0,2280.77,2280.77,1.0,50,6.0,18.461,6,4,3,Sort,1,2,0,0,0,0,2,1,0,4116,0,0,0
passengers_for_booking,"SELECT b.book_ref, b.book_date, t.ticket_no, t.passenger_name FROM aviation.bookings AS b JOIN aviation.tickets AS t ON t.book_ref = b.book_ref WHERE b.book_ref = '005533'",171,1,1,0,False,False,False,2,2,4,0,1,0,0,0,0,0.29,2280.33,2.0,44,5.0,16.129,3,2,2,Nested Loop,1,1,0,0,0,0,1,0,0,2050,0,0,0
flights_without_tickets,"SELECT f.flight_id, f.flight_no FROM aviation.flights AS f WHERE f.scheduled_departure >= DATE '2025-11-06' AND NOT EXISTS (SELECT 1 FROM aviation.ticket_flights AS tf WHERE tf.flight_id = f.flight_id)",201,0,3,1,False,False,False,2,2,3,0,0,0,0,0,0,3084.0,3320.55,1.0,11,201510.0,51.161,4,3,2,Hash Join,2,0,0,0,1,0,0,0,0,2710,0,0,0
booking_ticket_count,"SELECT b.book_ref, COUNT(t.ticket_no) AS ticket_count FROM aviation.bookings AS b JOIN aviation.tickets AS t ON t.book_ref = b.book_ref WHERE b.book_date >= DATE '2025-04-27' AND b.book_date < DATE '2025-05-27' GROUP BY b.book_ref HAVING COUNT(t.ticket_no) >= 2",261,1,2,0,True,False,False,2,2,2,2,1,0,0,0,0,3443.68,3493.77,1336.0,15,117364.0,59.914,5,4,2,Aggregate,2,0,0,0,1,0,0,0,1,4342,0,0,0
route_by_date,"SELECT flight_id, flight_no, scheduled_departure, status FROM aviation.flights WHERE departure_airport = 'GME' AND arrival_airport = 'SVO' AND scheduled_departure >= DATE '2025-01-26' AND scheduled_departure < DATE '2025-01-26' + INTERVAL '1 day'",246,0,4,0,False,False,False,1,1,4,0,0,0,0,0,0,0.0,304.0,1.0,27,1.0,2.756,1,1,1,Seq Scan,1,0,0,0,0,0,0,0,0,104,0,0,0
ticket_fare_lookup,"SELECT t.ticket_no, tf.flight_id, tf.amount FROM aviation.tickets AS t JOIN aviation.ticket_flights AS tf ON tf.ticket_no = t.ticket_no WHERE t.passenger_id = '3581-033578' AND tf.fare_conditions = 'Comfort'",207,1,2,0,False,False,False,2,2,3,0,1,0,0,0,0,0.42,2280.45,1.0,24,3.0,17.471,3,2,2,Nested Loop,1,1,0,0,0,0,1,0,0,2052,0,0,0
recent_flights_sorted,"SELECT flight_no, departure_airport, arrival_airport, scheduled_departure FROM aviation.flights WHERE departure_airport = 'MSQ' ORDER BY scheduled_departure DESC LIMIT 50",170,0,1,0,False,True,False,1,1,4,0,0,0,0,0,0,262.22,262.34,50.0,23,2050.0,2.187,3,3,1,Limit,1,0,0,0,0,0,0,1,0,318,0,0,0
route_revenue,"SELECT f.departure_airport, f.arrival_airport, SUM(tf.amount) AS revenue FROM aviation.flights AS f JOIN aviation.ticket_flights AS tf ON tf.flight_id = f.flight_id WHERE f.departure_airport = 'BQT' GROUP BY f.departure_airport, f.arrival_airport ORDER BY revenue DESC",268,1,1,0,True,True,False,2,2,3,1,1,0,0,0,0,2388.4,2388.43,10.0,40,112020.0,42.242,6,5,2,Sort,2,0,0,0,1,0,0,1,1,3859,0,0,0
aircraft_fare_capacity,"SELECT fare_conditions, COUNT(*) AS seat_count FROM aviation.seats WHERE aircraft_code = '320' GROUP BY fare_conditions ORDER BY seat_count DESC",144,0,1,0,True,True,False,1,1,2,1,0,0,0,0,0,17.2,17.21,3.0,16,186.0,0.416,3,3,1,Sort,1,0,0,0,0,0,0,1,1,18,0,0,0
booking_amount_range,"SELECT book_ref, book_date, total_amount FROM aviation.bookings WHERE total_amount BETWEEN 200000 AND 265000",108,0,1,0,False,False,False,1,1,3,0,0,0,0,0,0,0.0,1069.0,6478.0,21,6478.0,14.956,1,1,1,Seq Scan,1,0,0,0,0,0,0,0,0,319,0,0,0
aircraft_flight_counts,"SELECT a.aircraft_code, a.model, COUNT(f.flight_id) AS flight_count FROM aviation.aircrafts AS a LEFT JOIN aviation.flights AS f ON f.aircraft_code = a.aircraft_code WHERE a.range_km >= 6250 GROUP BY a.aircraft_code, a.model",224,1,1,0,True,False,False,2,2,3,1,0,1,0,0,0,273.59,273.61,2.0,27,14006.0,5.899,5,4,2,Aggregate,2,0,0,0,1,0,0,0,1,316,0,0,0
daily_flight_count,"SELECT scheduled_departure::date AS flight_date, COUNT(*) AS flight_count FROM aviation.flights WHERE departure_airport = 'VTB' GROUP BY scheduled_departure::date ORDER BY flight_date",183,0,1,0,True,True,False,1,1,2,1,0,0,0,0,0,281.33,301.24,993.0,12,2993.0,2.581,3,3,1,Aggregate,1,0,0,0,0,0,0,1,1,318,0,0,0
airport_departure_counts,"SELECT departure_airport, COUNT(*) AS flight_count FROM aviation.flights WHERE scheduled_departure >= DATE '2025-12-27' AND scheduled_departure < DATE '2026-01-03' GROUP BY departure_airport ORDER BY flight_count DESC",217,0,2,0,True,True,False,1,1,2,1,0,0,0,0,0,254.92,254.94,10.0,12,150.0,2.232,3,3,1,Sort,1,0,0,0,0,0,0,1,1,315,0,0,0
fare_statistics,"SELECT fare_conditions, COUNT(*) AS ticket_count, AVG(amount) AS average_amount FROM aviation.ticket_flights WHERE fare_conditions = 'Comfort' AND amount >= 21500 GROUP BY fare_conditions HAVING COUNT(*) > 10",208,0,2,0,True,False,False,1,1,3,3,0,0,0,0,0,0.0,2392.47,1.0,48,11691.0,29.385,2,2,1,Aggregate,1,0,0,0,0,0,0,0,1,1668,0,0,0
high_value_passengers,"SELECT t.passenger_id, t.passenger_name, b.total_amount FROM aviation.tickets AS t JOIN aviation.bookings AS b ON b.book_ref = t.book_ref WHERE b.total_amount >= 427500 ORDER BY b.total_amount DESC LIMIT 100",207,1,1,0,False,True,False,2,2,3,0,1,0,0,0,0,3877.6,3877.85,100.0,33,143888.0,62.915,6,5,2,Limit,2,0,0,0,1,0,0,1,0,5689,0,0,0
top_routes,"SELECT departure_airport, arrival_airport, COUNT(*) AS flight_count FROM aviation.flights WHERE scheduled_departure >= DATE '2025-09-15' AND scheduled_departure < DATE '2025-12-14' GROUP BY departure_airport, arrival_airport ORDER BY flight_count DESC LIMIT 10",260,0,2,0,True,True,False,1,1,3,1,0,0,0,0,0,275.39,275.41,10.0,16,2640.0,3.907,4,4,1,Limit,1,0,0,0,0,0,0,1,1,422,0,0,0
bookings_with_expensive_ticket,"SELECT b.book_ref, b.total_amount FROM aviation.bookings AS b WHERE EXISTS (SELECT 1 FROM aviation.tickets AS t JOIN aviation.ticket_flights AS tf ON tf.ticket_no = t.ticket_no WHERE t.book_ref = b.book_ref AND tf.amount >= 54500)",230,1,3,1,False,False,False,3,3,3,0,1,0,0,0,0,6221.98,7727.47,49909.0,13,471671.0,185.738,7,5,3,Hash Join,3,0,0,0,2,0,0,0,0,9084,0,0,0
passenger_flight_history,"SELECT t.passenger_id, t.passenger_name, f.flight_no, f.scheduled_departure, tf.fare_conditions FROM aviation.tickets AS t JOIN aviation.ticket_flights AS tf ON tf.ticket_no = t.ticket_no JOIN aviation.flights AS f ON f.flight_id = tf.flight_id WHERE t.passenger_id = '4442-084434' AND f.status = 'Arrived' ORDER BY f.scheduled_departure DESC",342,2,2,0,False,True,False,3,3,5,0,2,0,0,0,0,2280.77,2280.77,1.0,50,6.0,16.336,6,4,3,Sort,1,2,0,0,0,0,2,1,0,4116,0,0,0
airport_connections,"SELECT dep.city AS departure_city, arr.city AS arrival_city, COUNT(*) AS flights FROM aviation.flights AS f JOIN aviation.airports AS dep ON dep.airport_code = f.departure_airport JOIN aviation.airports AS arr ON arr.airport_code = f.arrival_airport WHERE f.departure_airport = 'BQT' AND f.status = 'Arrived' GROUP BY dep.city, arr.city",336,2,2,0,True,False,False,3,2,3,1,2,0,0,0,0,261.66,261.76,10.0,24,781.0,2.436,7,4,2,Aggregate,3,0,0,0,1,0,1,0,1,424,0,0,0
flight_occupancy,"SELECT f.flight_id, COUNT(DISTINCT tf.ticket_no) AS tickets, COUNT(DISTINCT bp.ticket_no) AS boarded FROM aviation.flights AS f LEFT JOIN aviation.ticket_flights AS tf ON tf.flight_id = f.flight_id LEFT JOIN aviation.boarding_passes AS bp ON bp.flight_id = tf.flight_id AND bp.ticket_no = tf.ticket_no WHERE f.flight_id = 791 GROUP BY f.flight_id",346,2,1,0,True,False,False,3,3,3,2,0,2,0,0,0,2112.95,2113.12,1.0,20,62.0,13.816,8,5,3,Aggregate,1,1,1,0,0,1,1,2,1,4197,0,0,0
flight_revenue,"SELECT f.flight_id, f.flight_no, COUNT(*) AS ticket_count, SUM(tf.amount) AS revenue FROM aviation.flights AS f JOIN aviation.ticket_flights AS tf ON tf.flight_id = f.flight_id WHERE f.flight_id = 2163 GROUP BY f.flight_id, f.flight_no",235,1,1,0,True,False,False,2,2,4,2,1,0,0,0,0,0.29,2092.47,1.0,51,22.0,13.75,4,3,2,Aggregate,1,1,0,0,0,0,1,0,1,2511,0,0,0
aircraft_seat_capacity,"SELECT a.aircraft_code, a.model, COUNT(s.seat_no) AS seat_count FROM aviation.aircrafts AS a JOIN aviation.seats AS s ON s.aircraft_code = a.aircraft_code WHERE s.fare_conditions = 'Business' GROUP BY a.aircraft_code, a.model ORDER BY seat_count DESC",250,1,1,0,True,True,False,2,2,3,1,1,0,0,0,0,18.06,18.07,5.0,27,140.0,0.562,6,5,2,Sort,2,0,0,0,1,0,0,1,1,28,0,0,0
unboarded_tickets,"SELECT tf.ticket_no, tf.fare_conditions FROM aviation.ticket_flights AS tf LEFT JOIN aviation.boarding_passes AS bp ON bp.ticket_no = tf.ticket_no AND bp.flight_id = tf.flight_id WHERE tf.flight_id = 3493 AND bp.ticket_no IS NULL",229,1,2,0,False,False,False,2,2,2,0,0,1,0,0,0,0.29,2109.74,10.0,22,40.0,14.596,4,3,2,Nested Loop,1,1,0,0,0,0,1,0,0,1674,0,0,0
boarding_pass_lookup,"SELECT bp.boarding_no, bp.seat_no, t.passenger_name FROM aviation.boarding_passes AS bp JOIN aviation.tickets AS t ON t.ticket_no = bp.ticket_no WHERE bp.flight_id = 9748 AND bp.boarding_no BETWEEN 4 AND 7",205,1,2,0,False,False,False,2,2,3,0,1,0,0,0,0,0.71,47.37,4.0,22,9.0,0.275,3,2,2,Nested Loop,0,2,0,0,0,0,1,0,0,38,0,0,0
ticket_name_prefix,"SELECT ticket_no, passenger_id, passenger_name FROM aviation.tickets WHERE passenger_name LIKE 'Passenger 14746%' ORDER BY ticket_no LIMIT 50",141,0,1,0,False,True,False,1,1,3,0,0,0,0,0,0,2272.17,2272.19,10.0,41,30.0,18.319,3,3,1,Limit,1,0,0,0,0,0,0,1,0,3072,0,0,0
flights_without_tickets,"SELECT f.flight_id, f.flight_no FROM aviation.flights AS f WHERE f.scheduled_departure >= DATE '2025-01-03' AND NOT EXISTS (SELECT 1 FROM aviation.ticket_flights AS tf WHERE tf.flight_id = f.flight_id)",201,0,3,1,False,False,False,2,2,3,0,0,0,0,0,0,3084.0,3362.7,1.0,11,209942.0,57.033,4,3,2,Hash Join,2,0,0,0,1,0,0,0,0,2710,0,0,0
passenger_flight_history,"SELECT t.passenger_id, t.passenger_name, f.flight_no, f.scheduled_departure, tf.fare_conditions FROM aviation.tickets AS t JOIN aviation.ticket_flights AS tf ON tf.ticket_no = t.ticket_no JOIN aviation.flights AS f ON f.flight_id = tf.flight_id WHERE t.passenger_id = '5145-035142' AND f.status = 'Scheduled' ORDER BY f.scheduled_departure DESC",344,2,2,0,False,True,False,3,3,5,0,2,0,0,0,0,2280.77,2280.77,1.0,50,6.0,16.357,6,4,3,Sort,1,2,0,0,0,0,2,1,0,4116,0,0,0
aircraft_fare_capacity,"SELECT fare_conditions, COUNT(*) AS seat_count FROM aviation.seats WHERE aircraft_code = '738' GROUP BY fare_conditions ORDER BY seat_count DESC",144,0,1,0,True,True,False,1,1,2,1,0,0,0,0,0,17.2,17.21,3.0,16,186.0,0.407,3,3,1,Sort,1,0,0,0,0,0,0,1,1,18,0,0,0
route_by_date,"SELECT flight_id, flight_no, scheduled_departure, status FROM aviation.flights WHERE departure_airport = 'TBS' AND arrival_airport = 'BQT' AND scheduled_departure >= DATE '2025-05-06' AND scheduled_departure < DATE '2025-05-06' + INTERVAL '1 day'",246,0,4,0,False,False,False,1,1,4,0,0,0,0,0,0,0.0,304.0,1.0,27,1.0,2.492,1,1,1,Seq Scan,1,0,0,0,0,0,0,0,0,104,0,0,0
ticket_fare_lookup,"SELECT t.ticket_no, tf.flight_id, tf.amount FROM aviation.tickets AS t JOIN aviation.ticket_flights AS tf ON tf.ticket_no = t.ticket_no WHERE t.passenger_id = '4692-044688' AND tf.fare_conditions = 'Economy'",207,1,2,0,False,False,False,2,2,3,0,1,0,0,0,0,0.42,2280.45,1.0,24,3.0,20.207,3,2,2,Nested Loop,1,1,0,0,0,0,1,0,0,2052,0,0,0
daily_flight_count,"SELECT scheduled_departure::date AS flight_date, COUNT(*) AS flight_count FROM aviation.flights WHERE departure_airport = 'TBS' GROUP BY scheduled_departure::date ORDER BY flight_date",183,0,1,0,True,True,False,1,1,2,1,0,0,0,0,0,281.33,301.24,993.0,12,2993.0,3.944,3,3,1,Aggregate,1,0,0,0,0,0,0,1,1,318,0,0,0
aircraft_seat_capacity,"SELECT a.aircraft_code, a.model, COUNT(s.seat_no) AS seat_count FROM aviation.aircrafts AS a JOIN aviation.seats AS s ON s.aircraft_code = a.aircraft_code WHERE s.fare_conditions = 'Business' GROUP BY a.aircraft_code, a.model ORDER BY seat_count DESC",250,1,1,0,True,True,False,2,2,3,1,1,0,0,0,0,18.06,18.07,5.0,27,140.0,0.529,6,5,2,Sort,2,0,0,0,1,0,0,1,1,28,0,0,0
flight_occupancy,"SELECT f.flight_id, COUNT(DISTINCT tf.ticket_no) AS tickets, COUNT(DISTINCT bp.ticket_no) AS boarded FROM aviation.flights AS f LEFT JOIN aviation.ticket_flights AS tf ON tf.flight_id = f.flight_id LEFT JOIN aviation.boarding_passes AS bp ON bp.flight_id = tf.flight_id AND bp.ticket_no = tf.ticket_no WHERE f.flight_id = 9740 GROUP BY f.flight_id",347,2,1,0,True,False,False,3,3,3,2,0,2,0,0,0,2112.95,2113.12,1.0,20,62.0,35.577,8,5,3,Aggregate,1,1,1,0,0,1,1,2,1,4197,0,0,0
boarding_pass_lookup,"SELECT bp.boarding_no, bp.seat_no, t.passenger_name FROM aviation.boarding_passes AS bp JOIN aviation.tickets AS t ON t.ticket_no = bp.ticket_no WHERE bp.flight_id = 3617 AND bp.boarding_no BETWEEN 2 AND 7",205,1,2,0,False,False,False,2,2,3,0,1,0,0,0,0,0.71,67.79,6.0,22,13.0,0.308,3,2,2,Nested Loop,0,2,0,0,0,0,1,0,0,54,0,0,0
passengers_for_booking,"SELECT b.book_ref, b.book_date, t.ticket_no, t.passenger_name FROM aviation.bookings AS b JOIN aviation.tickets AS t ON t.book_ref = b.book_ref WHERE b.book_ref = '033772'",171,1,1,0,False,False,False,2,2,4,0,1,0,0,0,0,0.29,2280.33,2.0,44,5.0,18.442,3,2,2,Nested Loop,1,1,0,0,0,0,1,0,0,2050,0,0,0
ticket_name_prefix,"SELECT ticket_no, passenger_id, passenger_name FROM aviation.tickets WHERE passenger_name LIKE 'Passenger 46993%' ORDER BY ticket_no LIMIT 50",141,0,1,0,False,True,False,1,1,3,0,0,0,0,0,0,2272.17,2272.19,10.0,41,30.0,19.178,3,3,1,Limit,1,0,0,0,0,0,0,1,0,3072,0,0,0
aircraft_flight_counts,"SELECT a.aircraft_code, a.model, COUNT(f.flight_id) AS flight_count FROM aviation.aircrafts AS a LEFT JOIN aviation.flights AS f ON f.aircraft_code = a.aircraft_code WHERE a.range_km >= 3000 GROUP BY a.aircraft_code, a.model",224,1,1,0,True,False,False,2,2,3,1,0,1,0,0,0,303.62,303.68,5.0,27,20015.0,13.574,5,4,2,Aggregate,2,0,0,0,1,0,0,0,1,316,0,0,0
booking_amount_range,"SELECT book_ref, book_date, total_amount FROM aviation.bookings WHERE total_amount BETWEEN 65000 AND 185000",107,0,1,0,False,False,False,1,1,3,0,0,0,0,0,0,0.0,1069.0,12086.0,21,12086.0,13.895,1,1,1,Seq Scan,1,0,0,0,0,0,0,0,0,319,0,0,0
high_value_passengers,"SELECT t.passenger_id, t.passenger_name, b.total_amount FROM aviation.tickets AS t JOIN aviation.bookings AS b ON b.book_ref = t.book_ref WHERE b.total_amount >= 437500 ORDER BY b.total_amount DESC LIMIT 100",207,1,1,0,False,True,False,2,2,3,0,1,0,0,0,0,3786.97,3787.22,100.0,33,137774.0,56.802,6,5,2,Limit,2,0,0,0,1,0,0,1,0,5689,0,0,0
airport_connections,"SELECT dep.city AS departure_city, arr.city AS arrival_city, COUNT(*) AS flights FROM aviation.flights AS f JOIN aviation.airports AS dep ON dep.airport_code = f.departure_airport JOIN aviation.airports AS arr ON arr.airport_code = f.arrival_airport WHERE f.departure_airport = 'LED' AND f.status = 'Scheduled' GROUP BY dep.city, arr.city",338,2,2,0,True,False,False,3,2,3,1,2,0,0,0,0,261.66,261.76,10.0,24,781.0,2.482,7,4,2,Aggregate,3,0,0,0,1,0,1,0,1,424,0,0,0
bookings_with_expensive_ticket,"SELECT b.book_ref, b.total_amount FROM aviation.bookings AS b WHERE EXISTS (SELECT 1 FROM aviation.tickets AS t JOIN aviation.ticket_flights AS tf ON tf.ticket_no = t.ticket_no WHERE t.book_ref = b.book_ref AND tf.amount >= 98500)",230,1,3,1,False,False,False,3,3,3,0,1,0,0,0,0,5200.57,6379.53,20559.0,13,252795.0,121.789,7,5,3,Hash Join,3,0,0,0,2,0,0,0,0,8896,0,0,0
airport_departure_counts,"SELECT departure_airport, COUNT(*) AS flight_count FROM aviation.flights WHERE scheduled_departure >= DATE '2025-11-19' AND scheduled_departure < DATE '2025-12-03' GROUP BY departure_airport ORDER BY flight_count DESC",217,0,2,0,True,True,False,1,1,2,1,0,0,0,0,0,256.15,256.18,10.0,12,397.0,2.243,3,3,1,Sort,1,0,0,0,0,0,0,1,1,315,0,0,0
fare_statistics,"SELECT fare_conditions, COUNT(*) AS ticket_count, AVG(amount) AS average_amount FROM aviation.ticket_flights WHERE fare_conditions = 'Business' AND amount >= 13750 GROUP BY fare_conditions HAVING COUNT(*) > 10",209,0,2,0,True,False,False,1,1,3,3,0,0,0,0,0,0.0,2356.53,1.0,48,4503.0,26.531,2,2,1,Aggregate,1,0,0,0,0,0,0,0,1,1668,0,0,0
flight_revenue,"SELECT f.flight_id, f.flight_no, COUNT(*) AS ticket_count, SUM(tf.amount) AS revenue FROM aviation.flights AS f JOIN aviation.ticket_flights AS tf ON tf.flight_id = f.flight_id WHERE f.flight_id = 1178 GROUP BY f.flight_id, f.flight_no",235,1,1,0,True,False,False,2,2,4,2,1,0,0,0,0,0.29,2092.47,1.0,51,22.0,14.075,4,3,2,Aggregate,1,1,0,0,0,0,1,0,1,2511,0,0,0
route_revenue,"SELECT f.departure_airport, f.arrival_airport, SUM(tf.amount) AS revenue FROM aviation.flights AS f JOIN aviation.ticket_flights AS tf ON tf.flight_id = f.flight_id WHERE f.departure_airport = 'MSQ' GROUP BY f.departure_airport, f.arrival_airport ORDER BY revenue DESC",268,1,1,0,True,True,False,2,2,3,1,1,0,0,0,0,2388.4,2388.43,10.0,40,112020.0,39.694,6,5,2,Sort,2,0,0,0,1,0,0,1,1,3859,0,0,0
booking_ticket_count,"SELECT b.book_ref, COUNT(t.ticket_no) AS ticket_count FROM aviation.bookings AS b JOIN aviation.tickets AS t ON t.book_ref = b.book_ref WHERE b.book_date >= DATE '2024-12-18' AND b.book_date < DATE '2025-01-01' GROUP BY b.book_ref HAVING COUNT(t.ticket_no) >= 2",261,1,2,0,True,False,False,2,2,2,2,1,0,0,0,0,3396.77,3420.79,641.0,15,108329.0,53.132,5,4,2,Aggregate,2,0,0,0,1,0,0,0,1,4342,0,0,0
unboarded_tickets,"SELECT tf.ticket_no, tf.fare_conditions FROM aviation.ticket_flights AS tf LEFT JOIN aviation.boarding_passes AS bp ON bp.ticket_no = tf.ticket_no AND bp.flight_id = tf.flight_id WHERE tf.flight_id = 9567 AND bp.ticket_no IS NULL",229,1,2,0,False,False,False,2,2,2,0,0,1,0,0,0,0.29,2109.74,10.0,22,40.0,14.977,4,3,2,Nested Loop,1,1,0,0,0,0,1,0,0,1677,0,0,0
top_routes,"SELECT departure_airport, arrival_airport, COUNT(*) AS flight_count FROM aviation.flights WHERE scheduled_departure >= DATE '2025-05-27' AND scheduled_departure < DATE '2025-06-26' GROUP BY departure_airport, arrival_airport ORDER BY flight_count DESC LIMIT 10",260,0,2,0,True,True,False,1,1,3,1,0,0,0,0,0,263.23,263.25,10.0,16,1019.0,2.999,4,4,1,Limit,1,0,0,0,0,0,0,1,1,422,0,0,0
recent_flights_sorted,"SELECT flight_no, departure_airport, arrival_airport, scheduled_departure FROM aviation.flights WHERE departure_airport = 'IST' ORDER BY scheduled_departure DESC LIMIT 100",171,0,1,0,False,True,False,1,1,4,0,0,0,0,0,0,267.22,267.47,100.0,23,2100.0,2.173,3,3,1,Limit,1,0,0,0,0,0,0,1,0,318,0,0,0
daily_flight_count,"SELECT scheduled_departure::date AS flight_date, COUNT(*) AS flight_count FROM aviation.flights WHERE departure_airport = 'TBS' GROUP BY scheduled_departure::date ORDER BY flight_date",183,0,1,0,True,True,False,1,1,2,1,0,0,0,0,0,281.33,301.24,993.0,12,2993.0,3.018,3,3,1,Aggregate,1,0,0,0,0,0,0,1,1,318,0,0,0
recent_flights_sorted,"SELECT flight_no, departure_airport, arrival_airport, scheduled_departure FROM aviation.flights WHERE departure_airport = 'SVO' ORDER BY scheduled_departure DESC LIMIT 10",170,0,1,0,False,True,False,1,1,4,0,0,0,0,0,0,250.61,250.63,10.0,23,2010.0,2.249,3,3,1,Limit,1,0,0,0,0,0,0,1,0,318,0,0,0
unboarded_tickets,"SELECT tf.ticket_no, tf.fare_conditions FROM aviation.ticket_flights AS tf LEFT JOIN aviation.boarding_passes AS bp ON bp.ticket_no = tf.ticket_no AND bp.flight_id = tf.flight_id WHERE tf.flight_id = 9856 AND bp.ticket_no IS NULL",229,1,2,0,False,False,False,2,2,2,0,0,1,0,0,0,0.29,2109.74,10.0,22,40.0,14.058,4,3,2,Nested Loop,1,1,0,0,0,0,1,0,0,1674,0,0,0
boarding_pass_lookup,"SELECT bp.boarding_no, bp.seat_no, t.passenger_name FROM aviation.boarding_passes AS bp JOIN aviation.tickets AS t ON t.ticket_no = bp.ticket_no WHERE bp.flight_id = 8689 AND bp.boarding_no BETWEEN 5 AND 7",205,1,2,0,False,False,False,2,2,3,0,1,0,0,0,0,0.71,37.17,3.0,22,7.0,0.14,3,2,2,Nested Loop,0,2,0,0,0,0,1,0,0,30,0,0,0
top_routes,"SELECT departure_airport, arrival_airport, COUNT(*) AS flight_count FROM aviation.flights WHERE scheduled_departure >= DATE '2025-08-26' AND scheduled_departure < DATE '2025-09-25' GROUP BY departure_airport, arrival_airport ORDER BY flight_count DESC LIMIT 10",260,0,2,0,True,True,False,1,1,3,1,0,0,0,0,0,263.24,263.26,10.0,16,1020.0,2.644,4,4,1,Limit,1,0,0,0,0,0,0,1,1,422,0,0,0
ticket_name_prefix,"SELECT ticket_no, passenger_id, passenger_name FROM aviation.tickets WHERE passenger_name LIKE 'Passenger 45687%' ORDER BY ticket_no LIMIT 50",141,0,1,0,False,True,False,1,1,3,0,0,0,0,0,0,2272.17,2272.19,10.0,41,30.0,18.994,3,3,1,Limit,1,0,0,0,0,0,0,1,0,3072,0,0,0
airport_connections,"SELECT dep.city AS departure_city, arr.city AS arrival_city, COUNT(*) AS flights FROM aviation.flights AS f JOIN aviation.airports AS dep ON dep.airport_code = f.departure_airport JOIN aviation.airports AS arr ON arr.airport_code = f.arrival_airport WHERE f.departure_airport = 'GNA' AND f.status = 'On Time' GROUP BY dep.city, arr.city",336,2,2,0,True,False,False,3,2,3,1,2,0,0,0,0,261.66,261.76,10.0,24,781.0,2.031,7,4,2,Aggregate,3,0,0,0,1,0,1,0,1,420,0,0,0
flight_revenue,"SELECT f.flight_id, f.flight_no, COUNT(*) AS ticket_count, SUM(tf.amount) AS revenue FROM aviation.flights AS f JOIN aviation.ticket_flights AS tf ON tf.flight_id = f.flight_id WHERE f.flight_id = 734 GROUP BY f.flight_id, f.flight_no",234,1,1,0,True,False,False,2,2,4,2,1,0,0,0,0,0.29,2092.47,1.0,51,22.0,12.742,4,3,2,Aggregate,1,1,0,0,0,0,1,0,1,2511,0,0,0
flight_occupancy,"SELECT f.flight_id, COUNT(DISTINCT tf.ticket_no) AS tickets, COUNT(DISTINCT bp.ticket_no) AS boarded FROM aviation.flights AS f LEFT JOIN aviation.ticket_flights AS tf ON tf.flight_id = f.flight_id LEFT JOIN aviation.boarding_passes AS bp ON bp.flight_id = tf.flight_id AND bp.ticket_no = tf.ticket_no WHERE f.flight_id = 5059 GROUP BY f.flight_id",347,2,1,0,True,False,False,3,3,3,2,0,2,0,0,0,2112.95,2113.12,1.0,20,62.0,13.421,8,5,3,Aggregate,1,1,1,0,0,1,1,2,1,4197,0,0,0
passenger_flight_history,"SELECT t.passenger_id, t.passenger_name, f.flight_no, f.scheduled_departure, tf.fare_conditions FROM aviation.tickets AS t JOIN aviation.ticket_flights AS tf ON tf.ticket_no = t.ticket_no JOIN aviation.flights AS f ON f.flight_id = tf.flight_id WHERE t.passenger_id = '1941-031938' AND f.status = 'Departed' ORDER BY f.scheduled_departure DESC",343,2,2,0,False,True,False,3,3,5,0,2,0,0,0,0,2280.77,2280.77,1.0,50,6.0,17.203,6,4,3,Sort,1,2,0,0,0,0,2,1,0,4116,0,0,0
ticket_fare_lookup,"SELECT t.ticket_no, tf.flight_id, tf.amount FROM aviation.tickets AS t JOIN aviation.ticket_flights AS tf ON tf.ticket_no = t.ticket_no WHERE t.passenger_id = '2158-002158' AND tf.fare_conditions = 'Economy'",207,1,2,0,False,False,False,2,2,3,0,1,0,0,0,0,0.42,2280.45,1.0,24,3.0,17.805,3,2,2,Nested Loop,1,1,0,0,0,0,1,0,0,2052,0,0,0
booking_ticket_count,"SELECT b.book_ref, COUNT(t.ticket_no) AS ticket_count FROM aviation.bookings AS b JOIN aviation.tickets AS t ON t.book_ref = b.book_ref WHERE b.book_date >= DATE '2025-02-11' AND b.book_date < DATE '2025-02-18' GROUP BY b.book_ref HAVING COUNT(t.ticket_no) >= 2",261,1,2,0,True,False,False,2,2,2,2,1,0,0,0,0,3375.14,3387.16,320.0,15,104164.0,48.681,5,4,2,Aggregate,2,0,0,0,1,0,0,0,1,4342,0,0,0
route_by_date,"SELECT flight_id, flight_no, scheduled_departure, status FROM aviation.flights WHERE departure_airport = 'MSQ' AND arrival_airport = 'VTB' AND scheduled_departure >= DATE '2025-04-03' AND scheduled_departure < DATE '2025-04-03' + INTERVAL '1 day'",246,0,4,0,False,False,False,1,1,4,0,0,0,0,0,0,0.0,304.0,1.0,27,1.0,2.736,1,1,1,Seq Scan,1,0,0,0,0,0,0,0,0,104,0,0,0
flights_without_tickets,"SELECT f.flight_id, f.flight_no FROM aviation.flights AS f WHERE f.scheduled_departure >= DATE '2025-11-10' AND NOT EXISTS (SELECT 1 FROM aviation.ticket_flights AS tf WHERE tf.flight_id = f.flight_id)",201,0,3,1,False,False,False,2,2,3,0,0,0,0,0,0,3084.0,3320.0,1.0,11,201401.0,50.824,4,3,2,Hash Join,2,0,0,0,1,0,0,0,0,2710,0,0,0
airport_departure_counts,"SELECT departure_airport, COUNT(*) AS flight_count FROM aviation.flights WHERE scheduled_departure >= DATE '2025-03-01' AND scheduled_departure < DATE '2025-03-15' GROUP BY departure_airport ORDER BY flight_count DESC",217,0,2,0,True,True,False,1,1,2,1,0,0,0,0,0,256.23,256.26,10.0,12,413.0,3.167,3,3,1,Sort,1,0,0,0,0,0,0,1,1,315,0,0,0
passengers_for_booking,"SELECT b.book_ref, b.book_date, t.ticket_no, t.passenger_name FROM aviation.bookings AS b JOIN aviation.tickets AS t ON t.book_ref = b.book_ref WHERE b.book_ref = '031744'",171,1,1,0,False,False,False,2,2,4,0,1,0,0,0,0,0.29,2280.33,2.0,44,5.0,16.472,3,2,2,Nested Loop,1,1,0,0,0,0,1,0,0,2050,0,0,0
route_revenue,"SELECT f.departure_airport, f.arrival_airport, SUM(tf.amount) AS revenue FROM aviation.flights AS f JOIN aviation.ticket_flights AS tf ON tf.flight_id = f.flight_id WHERE f.departure_airport = 'MSQ' GROUP BY f.departure_airport, f.arrival_airport ORDER BY revenue DESC",268,1,1,0,True,True,False,2,2,3,1,1,0,0,0,0,2388.4,2388.43,10.0,40,112020.0,43.417,6,5,2,Sort,2,0,0,0,1,0,0,1,1,3859,0,0,0
aircraft_fare_capacity,"SELECT fare_conditions, COUNT(*) AS seat_count FROM aviation.seats WHERE aircraft_code = 'SU9' GROUP BY fare_conditions ORDER BY seat_count DESC",144,0,1,0,True,True,False,1,1,2,1,0,0,0,0,0,17.2,17.21,3.0,16,186.0,0.457,3,3,1,Sort,1,0,0,0,0,0,0,1,1,18,0,0,0
aircraft_flight_counts,"SELECT a.aircraft_code, a.model, COUNT(f.flight_id) AS flight_count FROM aviation.aircrafts AS a LEFT JOIN aviation.flights AS f ON f.aircraft_code = a.aircraft_code WHERE a.range_km >= 3750 GROUP BY a.aircraft_code, a.model",224,1,1,0,True,False,False,2,2,3,1,0,1,0,0,0,303.62,303.68,5.0,27,20015.0,8.192,5,4,2,Aggregate,2,0,0,0,1,0,0,0,1,316,0,0,0
booking_amount_range,"SELECT book_ref, book_date, total_amount FROM aviation.bookings WHERE total_amount BETWEEN 205000 AND 290000",108,0,1,0,False,False,False,1,1,3,0,0,0,0,0,0,0.0,1069.0,8489.0,21,8489.0,13.227,1,1,1,Seq Scan,1,0,0,0,0,0,0,0,0,319,0,0,0
bookings_with_expensive_ticket,"SELECT b.book_ref, b.total_amount FROM aviation.bookings AS b WHERE EXISTS (SELECT 1 FROM aviation.tickets AS t JOIN aviation.ticket_flights AS tf ON tf.ticket_no = t.ticket_no WHERE t.book_ref = b.book_ref AND tf.amount >= 52750)",230,1,3,1,False,False,False,3,3,3,0,1,0,0,0,0,6243.68,7749.17,49909.0,13,475976.0,181.051,7,5,3,Hash Join,3,0,0,0,2,0,0,0,0,9084,0,0,0
aircraft_seat_capacity,"SELECT a.aircraft_code, a.model, COUNT(s.seat_no) AS seat_count FROM aviation.aircrafts AS a JOIN aviation.seats AS s ON s.aircraft_code = a.aircraft_code WHERE s.fare_conditions = 'Business' GROUP BY a.aircraft_code, a.model ORDER BY seat_count DESC",250,1,1,0,True,True,False,2,2,3,1,1,0,0,0,0,18.06,18.07,5.0,27,140.0,0.382,6,5,2,Sort,2,0,0,0,1,0,0,1,1,28,0,0,0
fare_statistics,"SELECT fare_conditions, COUNT(*) AS ticket_count, AVG(amount) AS average_amount FROM aviation.ticket_flights WHERE fare_conditions = 'Comfort' AND amount >= 18750 GROUP BY fare_conditions HAVING COUNT(*) > 10",208,0,2,0,True,False,False,1,1,3,3,0,0,0,0,0,0.0,2394.06,1.0,48,12009.0,30.455,2,2,1,Aggregate,1,0,0,0,0,0,0,0,1,1668,0,0,0
high_value_passengers,"SELECT t.passenger_id, t.passenger_name, b.total_amount FROM aviation.tickets AS t JOIN aviation.bookings AS b ON b.book_ref = t.book_ref WHERE b.total_amount >= 215000 ORDER BY b.total_amount DESC LIMIT 100",207,1,1,0,False,True,False,2,2,3,0,1,0,0,0,0,5794.04,5794.29,100.0,33,273176.0,101.995,6,5,2,Limit,2,0,0,0,1,0,0,1,0,5689,0,0,0
booking_amount_range,"SELECT book_ref, book_date, total_amount FROM aviation.bookings WHERE total_amount BETWEEN 115000 AND 200000",108,0,1,0,False,False,False,1,1,3,0,0,0,0,0,0,0.0,1069.0,8572.0,21,8572.0,14.878,1,1,1,Seq Scan,1,0,0,0,0,0,0,0,0,319,0,0,0
booking_ticket_count,"SELECT b.book_ref, COUNT(t.ticket_no) AS ticket_count FROM aviation.bookings AS b JOIN aviation.tickets AS t ON t.book_ref = b.book_ref WHERE b.book_date >= DATE '2025-02-08' AND b.book_date < DATE '2025-02-15' GROUP BY b.book_ref HAVING COUNT(t.ticket_no) >= 2",261,1,2,0,True,False,False,2,2,2,2,1,0,0,0,0,3373.46,3384.53,295.0,15,103839.0,48.155,5,4,2,Aggregate,2,0,0,0,1,0,0,0,1,4342,0,0,0
recent_flights_sorted,"SELECT flight_no, departure_airport, arrival_airport, scheduled_departure FROM aviation.flights WHERE departure_airport = 'VTB' ORDER BY scheduled_departure DESC LIMIT 10",170,0,1,0,False,True,False,1,1,4,0,0,0,0,0,0,250.61,250.63,10.0,23,2010.0,2.98,3,3,1,Limit,1,0,0,0,0,0,0,1,0,318,0,0,0
bookings_with_expensive_ticket,"SELECT b.book_ref, b.total_amount FROM aviation.bookings AS b WHERE EXISTS (SELECT 1 FROM aviation.tickets AS t JOIN aviation.ticket_flights AS tf ON tf.ticket_no = t.ticket_no WHERE t.book_ref = b.book_ref AND tf.amount >= 62500)",230,1,3,1,False,False,False,3,3,3,0,1,0,0,0,0,6121.84,7627.32,49909.0,13,451808.0,172.7,7,5,3,Hash Join,3,0,0,0,2,0,0,0,0,9084,0,0,0
airport_connections,"SELECT dep.city AS departure_city, arr.city AS arrival_city, COUNT(*) AS flights FROM aviation.flights AS f JOIN aviation.airports AS dep ON dep.airport_code = f.departure_airport JOIN aviation.airports AS arr ON arr.airport_code = f.arrival_airport WHERE f.departure_airport = 'SVO' AND f.status = 'Arrived' GROUP BY dep.city, arr.city",336,2,2,0,True,False,False,3,2,3,1,2,0,0,0,0,261.66,261.76,10.0,24,781.0,2.758,7,4,2,Aggregate,3,0,0,0,1,0,1,0,1,424,0,0,0
ticket_name_prefix,"SELECT ticket_no, passenger_id, passenger_name FROM aviation.tickets WHERE passenger_name LIKE 'Passenger 6189%' ORDER BY ticket_no LIMIT 50",140,0,1,0,False,True,False,1,1,3,0,0,0,0,0,0,2272.17,2272.19,10.0,41,30.0,19.295,3,3,1,Limit,1,0,0,0,0,0,0,1,0,3072,0,0,0
aircraft_seat_capacity,"SELECT a.aircraft_code, a.model, COUNT(s.seat_no) AS seat_count FROM aviation.aircrafts AS a JOIN aviation.seats AS s ON s.aircraft_code = a.aircraft_code WHERE s.fare_conditions = 'Comfort' GROUP BY a.aircraft_code, a.model ORDER BY seat_count DESC",249,1,1,0,True,True,False,2,2,3,1,1,0,0,0,0,18.65,18.67,5.0,27,260.0,0.392,6,5,2,Sort,2,0,0,0,1,0,0,1,1,28,0,0,0
airport_departure_counts,"SELECT departure_airport, COUNT(*) AS flight_count FROM aviation.flights WHERE scheduled_departure >= DATE '2025-04-15' AND scheduled_departure < DATE '2025-05-15' GROUP BY departure_airport ORDER BY flight_count DESC",217,0,2,0,True,True,False,1,1,2,1,0,0,0,0,0,258.46,258.49,10.0,12,859.0,2.769,3,3,1,Sort,1,0,0,0,0,0,0,1,1,315,0,0,0
ticket_fare_lookup,"SELECT t.ticket_no, tf.flight_id, tf.amount FROM aviation.tickets AS t JOIN aviation.ticket_flights AS tf ON tf.ticket_no = t.ticket_no WHERE t.passenger_id = '6756-096747' AND tf.fare_conditions = 'Business'",208,1,2,0,False,False,False,2,2,3,0,1,0,0,0,0,0.42,2280.45,1.0,24,3.0,17.779,3,2,2,Nested Loop,1,1,0,0,0,0,1,0,0,2052,0,0,0
unboarded_tickets,"SELECT tf.ticket_no, tf.fare_conditions FROM aviation.ticket_flights AS tf LEFT JOIN aviation.boarding_passes AS bp ON bp.ticket_no = tf.ticket_no AND bp.flight_id = tf.flight_id WHERE tf.flight_id = 3585 AND bp.ticket_no IS NULL",229,1,2,0,False,False,False,2,2,2,0,0,1,0,0,0,0.29,2109.74,10.0,22,40.0,14.113,4,3,2,Nested Loop,1,1,0,0,0,0,1,0,0,1677,0,0,0
passenger_flight_history,"SELECT t.passenger_id, t.passenger_name, f.flight_no, f.scheduled_departure, tf.fare_conditions FROM aviation.tickets AS t JOIN aviation.ticket_flights AS tf ON tf.ticket_no = t.ticket_no JOIN aviation.flights AS f ON f.flight_id = tf.flight_id WHERE t.passenger_id = '3177-013176' AND f.status = 'Arrived' ORDER BY f.scheduled_departure DESC",342,2,2,0,False,True,False,3,3,5,0,2,0,0,0,0,2280.77,2280.77,1.0,50,6.0,17.67,6,4,3,Sort,1,2,0,0,0,0,2,1,0,4116,0,0,0
route_revenue,"SELECT f.departure_airport, f.arrival_airport, SUM(tf.amount) AS revenue FROM aviation.flights AS f JOIN aviation.ticket_flights AS tf ON tf.flight_id = f.flight_id WHERE f.departure_airport = 'MSQ' GROUP BY f.departure_airport, f.arrival_airport ORDER BY revenue DESC",268,1,1,0,True,True,False,2,2,3,1,1,0,0,0,0,2388.4,2388.43,10.0,40,112020.0,43.341,6,5,2,Sort,2,0,0,0,1,0,0,1,1,3859,0,0,0
flights_without_tickets,"SELECT f.flight_id, f.flight_no FROM aviation.flights AS f WHERE f.scheduled_departure >= DATE '2025-10-14' AND NOT EXISTS (SELECT 1 FROM aviation.ticket_flights AS tf WHERE tf.flight_id = f.flight_id)",201,0,3,1,False,False,False,2,2,3,0,0,0,0,0,0,3084.0,3323.64,1.0,11,202130.0,58.262,4,3,2,Hash Join,2,0,0,0,1,0,0,0,0,2710,0,0,0
boarding_pass_lookup,"SELECT bp.boarding_no, bp.seat_no, t.passenger_name FROM aviation.boarding_passes AS bp JOIN aviation.tickets AS t ON t.ticket_no = bp.ticket_no WHERE bp.flight_id = 4973 AND bp.boarding_no BETWEEN 2 AND 5",205,1,2,0,False,False,False,2,2,3,0,1,0,0,0,0,0.71,47.37,4.0,22,9.0,0.113,3,2,2,Nested Loop,0,2,0,0,0,0,1,0,0,4,0,0,0
daily_flight_count,"SELECT scheduled_departure::date AS flight_date, COUNT(*) AS flight_count FROM aviation.flights WHERE departure_airport = 'BQT' GROUP BY scheduled_departure::date ORDER BY flight_date",183,0,1,0,True,True,False,1,1,2,1,0,0,0,0,0,281.33,301.24,993.0,12,2993.0,3.21,3,3,1,Aggregate,1,0,0,0,0,0,0,1,1,318,0,0,0
high_value_passengers,"SELECT t.passenger_id, t.passenger_name, b.total_amount FROM aviation.tickets AS t JOIN aviation.bookings AS b ON b.book_ref = t.book_ref WHERE b.total_amount >= 165000 ORDER BY b.total_amount DESC LIMIT 100",207,1,1,0,False,True,False,2,2,3,0,1,0,0,0,0,6241.32,6241.57,100.0,33,303350.0,109.194,6,5,2,Limit,2,0,0,0,1,0,0,1,0,5689,0,0,0
flight_occupancy,"SELECT f.flight_id, COUNT(DISTINCT tf.ticket_no) AS tickets, COUNT(DISTINCT bp.ticket_no) AS boarded FROM aviation.flights AS f LEFT JOIN aviation.ticket_flights AS tf ON tf.flight_id = f.flight_id LEFT JOIN aviation.boarding_passes AS bp ON bp.flight_id = tf.flight_id AND bp.ticket_no = tf.ticket_no WHERE f.flight_id = 296 GROUP BY f.flight_id",346,2,1,0,True,False,False,3,3,3,2,0,2,0,0,0,2112.95,2113.12,1.0,20,62.0,13.596,8,5,3,Aggregate,1,1,1,0,0,1,1,2,1,4193,0,0,0
flight_revenue,"SELECT f.flight_id, f.flight_no, COUNT(*) AS ticket_count, SUM(tf.amount) AS revenue FROM aviation.flights AS f JOIN aviation.ticket_flights AS tf ON tf.flight_id = f.flight_id WHERE f.flight_id = 6709 GROUP BY f.flight_id, f.flight_no",235,1,1,0,True,False,False,2,2,4,2,1,0,0,0,0,0.29,2092.47,1.0,51,22.0,12.954,4,3,2,Aggregate,1,1,0,0,0,0,1,0,1,2511,0,0,0
fare_statistics,"SELECT fare_conditions, COUNT(*) AS ticket_count, AVG(amount) AS average_amount FROM aviation.ticket_flights WHERE fare_conditions = 'Comfort' AND amount >= 44500 GROUP BY fare_conditions HAVING COUNT(*) > 10",208,0,2,0,True,False,False,1,1,3,3,0,0,0,0,0,0.0,2379.41,1.0,48,9079.0,27.923,2,2,1,Aggregate,1,0,0,0,0,0,0,0,1,1668,0,0,0
route_by_date,"SELECT flight_id, flight_no, scheduled_departure, status FROM aviation.flights WHERE departure_airport = 'BQT' AND arrival_airport = 'GNA' AND scheduled_departure >= DATE '2025-05-08' AND scheduled_departure < DATE '2025-05-08' + INTERVAL '1 day'",246,0,4,0,False,False,False,1,1,4,0,0,0,0,0,0,0.0,304.0,1.0,27,1.0,2.595,1,1,1,Seq Scan,1,0,0,0,0,0,0,0,0,104,0,0,0
top_routes,"SELECT departure_airport, arrival_airport, COUNT(*) AS flight_count FROM aviation.flights WHERE scheduled_departure >= DATE '2025-08-11' AND scheduled_departure < DATE '2025-09-10' GROUP BY departure_airport, arrival_airport ORDER BY flight_count DESC LIMIT 3",259,0,2,0,True,True,False,1,1,3,1,0,0,0,0,0,262.36,262.37,3.0,16,1012.0,3.956,4,4,1,Limit,1,0,0,0,0,0,0,1,1,422,0,0,0
aircraft_fare_capacity,"SELECT fare_conditions, COUNT(*) AS seat_count FROM aviation.seats WHERE aircraft_code = '320' GROUP BY fare_conditions ORDER BY seat_count DESC",144,0,1,0,True,True,False,1,1,2,1,0,0,0,0,0,17.2,17.21,3.0,16,186.0,0.361,3,3,1,Sort,1,0,0,0,0,0,0,1,1,18,0,0,0
passengers_for_booking,"SELECT b.book_ref, b.book_date, t.ticket_no, t.passenger_name FROM aviation.bookings AS b JOIN aviation.tickets AS t ON t.book_ref = b.book_ref WHERE b.book_ref = '031256'",171,1,1,0,False,False,False,2,2,4,0,1,0,0,0,0,0.29,2280.33,2.0,44,5.0,16.096,3,2,2,Nested Loop,1,1,0,0,0,0,1,0,0,2050,0,0,0
aircraft_flight_counts,"SELECT a.aircraft_code, a.model, COUNT(f.flight_id) AS flight_count FROM aviation.aircrafts AS a LEFT JOIN aviation.flights AS f ON f.aircraft_code = a.aircraft_code WHERE a.range_km >= 6500 GROUP BY a.aircraft_code, a.model",224,1,1,0,True,False,False,2,2,3,1,0,1,0,0,0,273.59,273.61,2.0,27,14006.0,5.891,5,4,2,Aggregate,2,0,0,0,1,0,0,0,1,316,0,0,0
passengers_for_booking,"SELECT b.book_ref, b.book_date, t.ticket_no, t.passenger_name FROM aviation.bookings AS b JOIN aviation.tickets AS t ON t.book_ref = b.book_ref WHERE b.book_ref = '042079'",171,1,1,0,False,False,False,2,2,4,0,1,0,0,0,0,0.29,2280.33,2.0,44,5.0,18.256,3,2,2,Nested Loop,1,1,0,0,0,0,1,0,0,2050,0,0,0
airport_connections,"SELECT dep.city AS departure_city, arr.city AS arrival_city, COUNT(*) AS flights FROM aviation.flights AS f JOIN aviation.airports AS dep ON dep.airport_code = f.departure_airport JOIN aviation.airports AS arr ON arr.airport_code = f.arrival_airport WHERE f.departure_airport = 'VTB' AND f.status = 'Scheduled' GROUP BY dep.city, arr.city",338,2,2,0,True,False,False,3,2,3,1,2,0,0,0,0,261.66,261.76,10.0,24,781.0,1.877,7,4,2,Aggregate,3,0,0,0,1,0,1,0,1,420,0,0,0
unboarded_tickets,"SELECT tf.ticket_no, tf.fare_conditions FROM aviation.ticket_flights AS tf LEFT JOIN aviation.boarding_passes AS bp ON bp.ticket_no = tf.ticket_no AND bp.flight_id = tf.flight_id WHERE tf.flight_id = 3586 AND bp.ticket_no IS NULL",229,1,2,0,False,False,False,2,2,2,0,0,1,0,0,0,0.29,2109.74,10.0,22,40.0,13.809,4,3,2,Nested Loop,1,1,0,0,0,0,1,0,0,1674,0,0,0
airport_departure_counts,"SELECT departure_airport, COUNT(*) AS flight_count FROM aviation.flights WHERE scheduled_departure >= DATE '2025-05-11' AND scheduled_departure < DATE '2025-05-18' GROUP BY departure_airport ORDER BY flight_count DESC",217,0,2,0,True,True,False,1,1,2,1,0,0,0,0,0,255.24,255.27,10.0,12,215.0,3.651,3,3,1,Sort,1,0,0,0,0,0,0,1,1,315,0,0,0
route_revenue,"SELECT f.departure_airport, f.arrival_airport, SUM(tf.amount) AS revenue FROM aviation.flights AS f JOIN aviation.ticket_flights AS tf ON tf.flight_id = f.flight_id WHERE f.departure_airport = 'TBS' GROUP BY f.departure_airport, f.arrival_airport ORDER BY revenue DESC",268,1,1,0,True,True,False,2,2,3,1,1,0,0,0,0,2388.4,2388.43,10.0,40,112020.0,41.322,6,5,2,Sort,2,0,0,0,1,0,0,1,1,3859,0,0,0
high_value_passengers,"SELECT t.passenger_id, t.passenger_name, b.total_amount FROM aviation.tickets AS t JOIN aviation.bookings AS b ON b.book_ref = t.book_ref WHERE b.total_amount >= 402500 ORDER BY b.total_amount DESC LIMIT 100",207,1,1,0,False,True,False,2,2,3,0,1,0,0,0,0,4099.5,4099.75,100.0,33,158858.0,70.772,6,5,2,Limit,2,0,0,0,1,0,0,1,0,5689,0,0,0
booking_amount_range,"SELECT book_ref, book_date, total_amount FROM aviation.bookings WHERE total_amount BETWEEN 260000 AND 385000",108,0,1,0,False,False,False,1,1,3,0,0,0,0,0,0,0.0,1069.0,12756.0,21,12756.0,14.194,1,1,1,Seq Scan,1,0,0,0,0,0,0,0,0,319,0,0,0
fare_statistics,"SELECT fare_conditions, COUNT(*) AS ticket_count, AVG(amount) AS average_amount FROM aviation.ticket_flights WHERE fare_conditions = 'Comfort' AND amount >= 28750 GROUP BY fare_conditions HAVING COUNT(*) > 10",208,0,2,0,True,False,False,1,1,3,3,0,0,0,0,0,0.0,2388.23,1.0,48,10843.0,35.616,2,2,1,Aggregate,1,0,0,0,0,0,0,0,1,1668,0,0,0
ticket_name_prefix,"SELECT ticket_no, passenger_id, passenger_name FROM aviation.tickets WHERE passenger_name LIKE 'Passenger 84443%' ORDER BY ticket_no LIMIT 50",141,0,1,0,False,True,False,1,1,3,0,0,0,0,0,0,2272.17,2272.19,10.0,41,30.0,18.911,3,3,1,Limit,1,0,0,0,0,0,0,1,0,3072,0,0,0
bookings_with_expensive_ticket,"SELECT b.book_ref, b.total_amount FROM aviation.bookings AS b WHERE EXISTS (SELECT 1 FROM aviation.tickets AS t JOIN aviation.ticket_flights AS tf ON tf.ticket_no = t.ticket_no WHERE t.book_ref = b.book_ref AND tf.amount >= 83500)",230,1,3,1,False,False,False,3,3,3,0,1,0,0,0,0,5639.82,6958.4,33109.0,13,315545.0,124.188,7,5,3,Hash Join,3,0,0,0,2,0,0,0,0,8896,0,0,0
aircraft_seat_capacity,"SELECT a.aircraft_code, a.model, COUNT(s.seat_no) AS seat_count FROM aviation.aircrafts AS a JOIN aviation.seats AS s ON s.aircraft_code = a.aircraft_code WHERE s.fare_conditions = 'Business' GROUP BY a.aircraft_code, a.model ORDER BY seat_count DESC",250,1,1,0,True,True,False,2,2,3,1,1,0,0,0,0,18.06,18.07,5.0,27,140.0,0.424,6,5,2,Sort,2,0,0,0,1,0,0,1,1,28,0,0,0
aircraft_fare_capacity,"SELECT fare_conditions, COUNT(*) AS seat_count FROM aviation.seats WHERE aircraft_code = 'E95' GROUP BY fare_conditions ORDER BY seat_count DESC",144,0,1,0,True,True,False,1,1,2,1,0,0,0,0,0,17.2,17.21,3.0,16,186.0,0.301,3,3,1,Sort,1,0,0,0,0,0,0,1,1,18,0,0,0
top_routes,"SELECT departure_airport, arrival_airport, COUNT(*) AS flight_count FROM aviation.flights WHERE scheduled_departure >= DATE '2025-01-31' AND scheduled_departure < DATE '2025-05-01' GROUP BY departure_airport, arrival_airport ORDER BY flight_count DESC LIMIT 10",260,0,2,0,True,True,False,1,1,3,1,0,0,0,0,0,276.06,276.09,10.0,16,2730.0,5.843,4,4,1,Limit,1,0,0,0,0,0,0,1,1,422,0,0,0
boarding_pass_lookup,"SELECT bp.boarding_no, bp.seat_no, t.passenger_name FROM aviation.boarding_passes AS bp JOIN aviation.tickets AS t ON t.ticket_no = bp.ticket_no WHERE bp.flight_id = 4457 AND bp.boarding_no BETWEEN 3 AND 7",205,1,2,0,False,False,False,2,2,3,0,1,0,0,0,0,0.71,57.58,5.0,22,11.0,0.38,3,2,2,Nested Loop,0,2,0,0,0,0,1,0,0,46,0,0,0
flight_occupancy,"SELECT f.flight_id, COUNT(DISTINCT tf.ticket_no) AS tickets, COUNT(DISTINCT bp.ticket_no) AS boarded FROM aviation.flights AS f LEFT JOIN aviation.ticket_flights AS tf ON tf.flight_id = f.flight_id LEFT JOIN aviation.boarding_passes AS bp ON bp.flight_id = tf.flight_id AND bp.ticket_no = tf.ticket_no WHERE f.flight_id = 7998 GROUP BY f.flight_id",347,2,1,0,True,False,False,3,3,3,2,0,2,0,0,0,2112.95,2113.12,1.0,20,62.0,21.374,8,5,3,Aggregate,1,1,1,0,0,1,1,2,1,4197,0,0,0
passenger_flight_history,"SELECT t.passenger_id, t.passenger_name, f.flight_no, f.scheduled_departure, tf.fare_conditions FROM aviation.tickets AS t JOIN aviation.ticket_flights AS tf ON tf.ticket_no = t.ticket_no JOIN aviation.flights AS f ON f.flight_id = tf.flight_id WHERE t.passenger_id = '9734-079727' AND f.status = 'Arrived' ORDER BY f.scheduled_departure DESC",342,2,2,0,False,True,False,3,3,5,0,2,0,0,0,0,2280.77,2280.77,1.0,50,6.0,36.51,6,4,3,Sort,1,2,0,0,0,0,2,1,0,4116,0,0,0
flights_without_tickets,"SELECT f.flight_id, f.flight_no FROM aviation.flights AS f WHERE f.scheduled_departure >= DATE '2025-03-31' AND NOT EXISTS (SELECT 1 FROM aviation.ticket_flights AS tf WHERE tf.flight_id = f.flight_id)",201,0,3,1,False,False,False,2,2,3,0,0,0,0,0,0,3084.0,3350.53,1.0,11,207506.0,52.357,4,3,2,Hash Join,2,0,0,0,1,0,0,0,0,2710,0,0,0
ticket_fare_lookup,"SELECT t.ticket_no, tf.flight_id, tf.amount FROM aviation.tickets AS t JOIN aviation.ticket_flights AS tf ON tf.ticket_no = t.ticket_no WHERE t.passenger_id = '4796-034793' AND tf.fare_conditions = 'Comfort'",207,1,2,0,False,False,False,2,2,3,0,1,0,0,0,0,0.42,2280.45,1.0,24,3.0,16.994,3,2,2,Nested Loop,1,1,0,0,0,0,1,0,0,2052,0,0,0
daily_flight_count,"SELECT scheduled_departure::date AS flight_date, COUNT(*) AS flight_count FROM aviation.flights WHERE departure_airport = 'LED' GROUP BY scheduled_departure::date ORDER BY flight_date",183,0,1,0,True,True,False,1,1,2,1,0,0,0,0,0,281.33,301.24,993.0,12,2993.0,2.497,3,3,1,Aggregate,1,0,0,0,0,0,0,1,1,318,0,0,0
aircraft_flight_counts,"SELECT a.aircraft_code, a.model, COUNT(f.flight_id) AS flight_count FROM aviation.aircrafts AS a LEFT JOIN aviation.flights AS f ON f.aircraft_code = a.aircraft_code WHERE a.range_km >= 3250 GROUP BY a.aircraft_code, a.model",224,1,1,0,True,False,False,2,2,3,1,0,1,0,0,0,303.62,303.68,5.0,27,20015.0,8.19,5,4,2,Aggregate,2,0,0,0,1,0,0,0,1,316,0,0,0
flight_revenue,"SELECT f.flight_id, f.flight_no, COUNT(*) AS ticket_count, SUM(tf.amount) AS revenue FROM aviation.flights AS f JOIN aviation.ticket_flights AS tf ON tf.flight_id = f.flight_id WHERE f.flight_id = 3198 GROUP BY f.flight_id, f.flight_no",235,1,1,0,True,False,False,2,2,4,2,1,0,0,0,0,0.29,2092.47,1.0,51,22.0,15.146,4,3,2,Aggregate,1,1,0,0,0,0,1,0,1,2511,0,0,0
route_by_date,"SELECT flight_id, flight_no, scheduled_departure, status FROM aviation.flights WHERE departure_airport = 'GME' AND arrival_airport = 'SVO' AND scheduled_departure >= DATE '2025-12-06' AND scheduled_departure < DATE '2025-12-06' + INTERVAL '1 day'",246,0,4,0,False,False,False,1,1,4,0,0,0,0,0,0,0.0,304.0,1.0,27,1.0,2.103,1,1,1,Seq Scan,1,0,0,0,0,0,0,0,0,104,0,0,0
recent_flights_sorted,"SELECT flight_no, departure_airport, arrival_airport, scheduled_departure FROM aviation.flights WHERE departure_airport = 'GME' ORDER BY scheduled_departure DESC LIMIT 25",170,0,1,0,False,True,False,1,1,4,0,0,0,0,0,0,257.22,257.28,25.0,23,2025.0,2.562,3,3,1,Limit,1,0,0,0,0,0,0,1,0,318,0,0,0
booking_ticket_count,"SELECT b.book_ref, COUNT(t.ticket_no) AS ticket_count FROM aviation.bookings AS b JOIN aviation.tickets AS t ON t.book_ref = b.book_ref WHERE b.book_date >= DATE '2025-03-22' AND b.book_date < DATE '2025-04-21' GROUP BY b.book_ref HAVING COUNT(t.ticket_no) >= 2",261,1,2,0,True,False,False,2,2,2,2,1,0,0,0,0,3445.95,3497.3,1369.0,15,117801.0,57.282,5,4,2,Aggregate,2,0,0,0,1,0,0,0,1,4342,0,0,0
booking_ticket_count,"SELECT b.book_ref, COUNT(t.ticket_no) AS ticket_count FROM aviation.bookings AS b JOIN aviation.tickets AS t ON t.book_ref = b.book_ref WHERE b.book_date >= DATE '2024-12-05' AND b.book_date < DATE '2025-01-04' GROUP BY b.book_ref HAVING COUNT(t.ticket_no) >= 2",261,1,2,0,True,False,False,2,2,2,2,1,0,0,0,0,3443.61,3493.66,1335.0,15,117351.0,54.511,5,4,2,Aggregate,2,0,0,0,1,0,0,0,1,4342,0,0,0
aircraft_fare_capacity,"SELECT fare_conditions, COUNT(*) AS seat_count FROM aviation.seats WHERE aircraft_code = '320' GROUP BY fare_conditions ORDER BY seat_count DESC",144,0,1,0,True,True,False,1,1,2,1,0,0,0,0,0,17.2,17.21,3.0,16,186.0,0.288,3,3,1,Sort,1,0,0,0,0,0,0,1,1,18,0,0,0
flights_without_tickets,"SELECT f.flight_id, f.flight_no FROM aviation.flights AS f WHERE f.scheduled_departure >= DATE '2025-01-06' AND NOT EXISTS (SELECT 1 FROM aviation.ticket_flights AS tf WHERE tf.flight_id = f.flight_id)",201,0,3,1,False,False,False,2,2,3,0,0,0,0,0,0,3084.0,3362.3,1.0,11,209860.0,57.346,4,3,2,Hash Join,2,0,0,0,1,0,0,0,0,2710,0,0,0
passengers_for_booking,"SELECT b.book_ref, b.book_date, t.ticket_no, t.passenger_name FROM aviation.bookings AS b JOIN aviation.tickets AS t ON t.book_ref = b.book_ref WHERE b.book_ref = '009165'",171,1,1,0,False,False,False,2,2,4,0,1,0,0,0,0,0.29,2280.33,2.0,44,5.0,16.276,3,2,2,Nested Loop,1,1,0,0,0,0,1,0,0,2050,0,0,0
route_by_date,"SELECT flight_id, flight_no, scheduled_departure, status FROM aviation.flights WHERE departure_airport = 'MSQ' AND arrival_airport = 'VTB' AND scheduled_departure >= DATE '2025-12-11' AND scheduled_departure < DATE '2025-12-11' + INTERVAL '1 day'",246,0,4,0,False,False,False,1,1,4,0,0,0,0,0,0,0.0,304.0,1.0,27,1.0,2.103,1,1,1,Seq Scan,1,0,0,0,0,0,0,0,0,104,0,0,0
recent_flights_sorted,"SELECT flight_no, departure_airport, arrival_airport, scheduled_departure FROM aviation.flights WHERE departure_airport = 'SVO' ORDER BY scheduled_departure DESC LIMIT 10",170,0,1,0,False,True,False,1,1,4,0,0,0,0,0,0,250.61,250.63,10.0,23,2010.0,2.4,3,3,1,Limit,1,0,0,0,0,0,0,1,0,318,0,0,0
fare_statistics,"SELECT fare_conditions, COUNT(*) AS ticket_count, AVG(amount) AS average_amount FROM aviation.ticket_flights WHERE fare_conditions = 'Economy' AND amount >= 53500 GROUP BY fare_conditions HAVING COUNT(*) > 10",208,0,2,0,True,False,False,1,1,3,3,0,0,0,0,0,0.0,2569.91,1.0,48,47180.0,37.316,2,2,1,Aggregate,1,0,0,0,0,0,0,0,1,1668,0,0,0
airport_departure_counts,"SELECT departure_airport, COUNT(*) AS flight_count FROM aviation.flights WHERE scheduled_departure >= DATE '2025-10-15' AND scheduled_departure < DATE '2025-11-14' GROUP BY departure_airport ORDER BY flight_count DESC",217,0,2,0,True,True,False,1,1,2,1,0,0,0,0,0,258.32,258.34,10.0,12,830.0,2.314,3,3,1,Sort,1,0,0,0,0,0,0,1,1,315,0,0,0
top_routes,"SELECT departure_airport, arrival_airport, COUNT(*) AS flight_count FROM aviation.flights WHERE scheduled_departure >= DATE '2025-08-11' AND scheduled_departure < DATE '2025-11-09' GROUP BY departure_airport, arrival_airport ORDER BY flight_count DESC LIMIT 3",259,0,2,0,True,True,False,1,1,3,1,0,0,0,0,0,274.52,274.52,3.0,16,2633.0,3.55,4,4,1,Limit,1,0,0,0,0,0,0,1,1,422,0,0,0
ticket_name_prefix,"SELECT ticket_no, passenger_id, passenger_name FROM aviation.tickets WHERE passenger_name LIKE 'Passenger 40359%' ORDER BY ticket_no LIMIT 50",141,0,1,0,False,True,False,1,1,3,0,0,0,0,0,0,2272.17,2272.19,10.0,41,30.0,18.915,3,3,1,Limit,1,0,0,0,0,0,0,1,0,3072,0,0,0
booking_amount_range,"SELECT book_ref, book_date, total_amount FROM aviation.bookings WHERE total_amount BETWEEN 250000 AND 360000",108,0,1,0,False,False,False,1,1,3,0,0,0,0,0,0,0.0,1069.0,11261.0,21,11261.0,12.621,1,1,1,Seq Scan,1,0,0,0,0,0,0,0,0,319,0,0,0
airport_connections,"SELECT dep.city AS departure_city, arr.city AS arrival_city, COUNT(*) AS flights FROM aviation.flights AS f JOIN aviation.airports AS dep ON dep.airport_code = f.departure_airport JOIN aviation.airports AS arr ON arr.airport_code = f.arrival_airport WHERE f.departure_airport = 'BQT' AND f.status = 'On Time' GROUP BY dep.city, arr.city",336,2,2,0,True,False,False,3,2,3,1,2,0,0,0,0,261.66,261.76,10.0,24,781.0,2.651,7,4,2,Aggregate,3,0,0,0,1,0,1,0,1,424,0,0,0
ticket_fare_lookup,"SELECT t.ticket_no, tf.flight_id, tf.amount FROM aviation.tickets AS t JOIN aviation.ticket_flights AS tf ON tf.ticket_no = t.ticket_no WHERE t.passenger_id = '1333-001333' AND tf.fare_conditions = 'Economy'",207,1,2,0,False,False,False,2,2,3,0,1,0,0,0,0,0.42,2280.45,1.0,24,3.0,18.384,3,2,2,Nested Loop,1,1,0,0,0,0,1,0,0,2052,0,0,0
passenger_flight_history,"SELECT t.passenger_id, t.passenger_name, f.flight_no, f.scheduled_departure, tf.fare_conditions FROM aviation.tickets AS t JOIN aviation.ticket_flights AS tf ON tf.ticket_no = t.ticket_no JOIN aviation.flights AS f ON f.flight_id = tf.flight_id WHERE t.passenger_id = '1156-061150' AND f.status = 'On Time' ORDER BY f.scheduled_departure DESC",342,2,2,0,False,True,False,3,3,5,0,2,0,0,0,0,2280.77,2280.77,1.0,50,6.0,17.821,6,4,3,Sort,1,2,0,0,0,0,2,1,0,4116,0,0,0
unboarded_tickets,"SELECT tf.ticket_no, tf.fare_conditions FROM aviation.ticket_flights AS tf LEFT JOIN aviation.boarding_passes AS bp ON bp.ticket_no = tf.ticket_no AND bp.flight_id = tf.flight_id WHERE tf.flight_id = 7539 AND bp.ticket_no IS NULL",229,1,2,0,False,False,False,2,2,2,0,0,1,0,0,0,0.29,2109.74,10.0,22,40.0,13.945,4,3,2,Nested Loop,1,1,0,0,0,0,1,0,0,1677,0,0,0
route_revenue,"SELECT f.departure_airport, f.arrival_airport, SUM(tf.amount) AS revenue FROM aviation.flights AS f JOIN aviation.ticket_flights AS tf ON tf.flight_id = f.flight_id WHERE f.departure_airport = 'GNA' GROUP BY f.departure_airport, f.arrival_airport ORDER BY revenue DESC",268,1,1,0,True,True,False,2,2,3,1,1,0,0,0,0,2388.4,2388.43,10.0,40,112020.0,39.985,6,5,2,Sort,2,0,0,0,1,0,0,1,1,3859,0,0,0
flight_revenue,"SELECT f.flight_id, f.flight_no, COUNT(*) AS ticket_count, SUM(tf.amount) AS revenue FROM aviation.flights AS f JOIN aviation.ticket_flights AS tf ON tf.flight_id = f.flight_id WHERE f.flight_id = 1434 GROUP BY f.flight_id, f.flight_no",235,1,1,0,True,False,False,2,2,4,2,1,0,0,0,0,0.29,2092.47,1.0,51,22.0,14.088,4,3,2,Aggregate,1,1,0,0,0,0,1,0,1,2511,0,0,0
daily_flight_count,"SELECT scheduled_departure::date AS flight_date, COUNT(*) AS flight_count FROM aviation.flights WHERE departure_airport = 'SVO' GROUP BY scheduled_departure::date ORDER BY flight_date",183,0,1,0,True,True,False,1,1,2,1,0,0,0,0,0,281.33,301.24,993.0,12,2993.0,2.74,3,3,1,Aggregate,1,0,0,0,0,0,0,1,1,318,0,0,0
aircraft_flight_counts,"SELECT a.aircraft_code, a.model, COUNT(f.flight_id) AS flight_count FROM aviation.aircrafts AS a LEFT JOIN aviation.flights AS f ON f.aircraft_code = a.aircraft_code WHERE a.range_km >= 5750 GROUP BY a.aircraft_code, a.model",224,1,1,0,True,False,False,2,2,3,1,0,1,0,0,0,283.6,283.63,3.0,27,16009.0,5.901,5,4,2,Aggregate,2,0,0,0,1,0,0,0,1,316,0,0,0
aircraft_seat_capacity,"SELECT a.aircraft_code, a.model, COUNT(s.seat_no) AS seat_count FROM aviation.aircrafts AS a JOIN aviation.seats AS s ON s.aircraft_code = a.aircraft_code WHERE s.fare_conditions = 'Comfort' GROUP BY a.aircraft_code, a.model ORDER BY seat_count DESC",249,1,1,0,True,True,False,2,2,3,1,1,0,0,0,0,18.65,18.67,5.0,27,260.0,0.384,6,5,2,Sort,2,0,0,0,1,0,0,1,1,28,0,0,0
bookings_with_expensive_ticket,"SELECT b.book_ref, b.total_amount FROM aviation.bookings AS b WHERE EXISTS (SELECT 1 FROM aviation.tickets AS t JOIN aviation.ticket_flights AS tf ON tf.ticket_no = t.ticket_no WHERE t.book_ref = b.book_ref AND tf.amount >= 91750)",230,1,3,1,False,False,False,3,3,3,0,1,0,0,0,0,5396.15,6637.28,26147.0,13,280735.0,121.012,7,5,3,Hash Join,3,0,0,0,2,0,0,0,0,8896,0,0,0
high_value_passengers,"SELECT t.passenger_id, t.passenger_name, b.total_amount FROM aviation.tickets AS t JOIN aviation.bookings AS b ON b.book_ref = t.book_ref WHERE b.total_amount >= 320000 ORDER BY b.total_amount DESC LIMIT 100",207,1,1,0,False,True,False,2,2,3,0,1,0,0,0,0,4856.99,4857.24,100.0,33,209960.0,88.256,6,5,2,Limit,2,0,0,0,1,0,0,1,0,5689,0,0,0
boarding_pass_lookup,"SELECT bp.boarding_no, bp.seat_no, t.passenger_name FROM aviation.boarding_passes AS bp JOIN aviation.tickets AS t ON t.ticket_no = bp.ticket_no WHERE bp.flight_id = 4641 AND bp.boarding_no BETWEEN 2 AND 4",205,1,2,0,False,False,False,2,2,3,0,1,0,0,0,0,0.71,37.17,3.0,22,7.0,0.226,3,2,2,Nested Loop,0,2,0,0,0,0,1,0,0,30,0,0,0
flight_occupancy,"SELECT f.flight_id, COUNT(DISTINCT tf.ticket_no) AS tickets, COUNT(DISTINCT bp.ticket_no) AS boarded FROM aviation.flights AS f LEFT JOIN aviation.ticket_flights AS tf ON tf.flight_id = f.flight_id LEFT JOIN aviation.boarding_passes AS bp ON bp.flight_id = tf.flight_id AND bp.ticket_no = tf.ticket_no WHERE f.flight_id = 6708 GROUP BY f.flight_id",347,2,1,0,True,False,False,3,3,3,2,0,2,0,0,0,2112.95,2113.12,1.0,20,62.0,13.825,8,5,3,Aggregate,1,1,1,0,0,1,1,2,1,4197,0,0,0
aircraft_seat_capacity,"SELECT a.aircraft_code, a.model, COUNT(s.seat_no) AS seat_count FROM aviation.aircrafts AS a JOIN aviation.seats AS s ON s.aircraft_code = a.aircraft_code WHERE s.fare_conditions = 'Business' GROUP BY a.aircraft_code, a.model ORDER BY seat_count DESC",250,1,1,0,True,True,False,2,2,3,1,1,0,0,0,0,18.06,18.07,5.0,27,140.0,0.427,6,5,2,Sort,2,0,0,0,1,0,0,1,1,28,0,0,0
fare_statistics,"SELECT fare_conditions, COUNT(*) AS ticket_count, AVG(amount) AS average_amount FROM aviation.ticket_flights WHERE fare_conditions = 'Comfort' AND amount >= 70250 GROUP BY fare_conditions HAVING COUNT(*) > 10",208,0,2,0,True,False,False,1,1,3,3,0,0,0,0,0,0.0,2364.57,1.0,48,6112.0,28.931,2,2,1,Aggregate,1,0,0,0,0,0,0,0,1,1668,0,0,0
recent_flights_sorted,"SELECT flight_no, departure_airport, arrival_airport, scheduled_departure FROM aviation.flights WHERE departure_airport = 'MSQ' ORDER BY scheduled_departure DESC LIMIT 50",170,0,1,0,False,True,False,1,1,4,0,0,0,0,0,0,262.22,262.34,50.0,23,2050.0,2.896,3,3,1,Limit,1,0,0,0,0,0,0,1,0,318,0,0,0
ticket_fare_lookup,"SELECT t.ticket_no, tf.flight_id, tf.amount FROM aviation.tickets AS t JOIN aviation.ticket_flights AS tf ON tf.ticket_no = t.ticket_no WHERE t.passenger_id = '1379-001379' AND tf.fare_conditions = 'Comfort'",207,1,2,0,False,False,False,2,2,3,0,1,0,0,0,0,0.42,2280.45,1.0,24,3.0,16.528,3,2,2,Nested Loop,1,1,0,0,0,0,1,0,0,2052,0,0,0
passenger_flight_history,"SELECT t.passenger_id, t.passenger_name, f.flight_no, f.scheduled_departure, tf.fare_conditions FROM aviation.tickets AS t JOIN aviation.ticket_flights AS tf ON tf.ticket_no = t.ticket_no JOIN aviation.flights AS f ON f.flight_id = tf.flight_id WHERE t.passenger_id = '7942-007942' AND f.status = 'On Time' ORDER BY f.scheduled_departure DESC",342,2,2,0,False,True,False,3,3,5,0,2,0,0,0,0,2280.77,2280.77,1.0,50,6.0,16.149,6,4,3,Sort,1,2,0,0,0,0,2,1,0,4116,0,0,0
booking_amount_range,"SELECT book_ref, book_date, total_amount FROM aviation.bookings WHERE total_amount BETWEEN 345000 AND 390000",108,0,1,0,False,False,False,1,1,3,0,0,0,0,0,0,0.0,1069.0,4652.0,21,4652.0,13.027,1,1,1,Seq Scan,1,0,0,0,0,0,0,0,0,319,0,0,0
daily_flight_count,"SELECT scheduled_departure::date AS flight_date, COUNT(*) AS flight_count FROM aviation.flights WHERE departure_airport = 'GME' GROUP BY scheduled_departure::date ORDER BY flight_date",183,0,1,0,True,True,False,1,1,2,1,0,0,0,0,0,281.33,301.24,993.0,12,2993.0,3.536,3,3,1,Aggregate,1,0,0,0,0,0,0,1,1,318,0,0,0
flights_without_tickets,"SELECT f.flight_id, f.flight_no FROM aviation.flights AS f WHERE f.scheduled_departure >= DATE '2025-08-26' AND NOT EXISTS (SELECT 1 FROM aviation.ticket_flights AS tf WHERE tf.flight_id = f.flight_id)",201,0,3,1,False,False,False,2,2,3,0,0,0,0,0,0,3084.0,3330.26,1.0,11,203454.0,51.305,4,3,2,Hash Join,2,0,0,0,1,0,0,0,0,2710,0,0,0
route_revenue,"SELECT f.departure_airport, f.arrival_airport, SUM(tf.amount) AS revenue FROM aviation.flights AS f JOIN aviation.ticket_flights AS tf ON tf.flight_id = f.flight_id WHERE f.departure_airport = 'GME' GROUP BY f.departure_airport, f.arrival_airport ORDER BY revenue DESC",268,1,1,0,True,True,False,2,2,3,1,1,0,0,0,0,2388.4,2388.43,10.0,40,112020.0,39.311,6,5,2,Sort,2,0,0,0,1,0,0,1,1,3859,0,0,0
airport_connections,"SELECT dep.city AS departure_city, arr.city AS arrival_city, COUNT(*) AS flights FROM aviation.flights AS f JOIN aviation.airports AS dep ON dep.airport_code = f.departure_airport JOIN aviation.airports AS arr ON arr.airport_code = f.arrival_airport WHERE f.departure_airport = 'BQT' AND f.status = 'On Time' GROUP BY dep.city, arr.city",336,2,2,0,True,False,False,3,2,3,1,2,0,0,0,0,261.66,261.76,10.0,24,781.0,2.651,7,4,2,Aggregate,3,0,0,0,1,0,1,0,1,424,0,0,0
route_by_date,"SELECT flight_id, flight_no, scheduled_departure, status FROM aviation.flights WHERE departure_airport = 'VTB' AND arrival_airport = 'LED' AND scheduled_departure >= DATE '2025-01-03' AND scheduled_departure < DATE '2025-01-03' + INTERVAL '1 day'",246,0,4,0,False,False,False,1,1,4,0,0,0,0,0,0,0.0,304.0,1.0,27,1.0,3.24,1,1,1,Seq Scan,1,0,0,0,0,0,0,0,0,104,0,0,0
flight_occupancy,"SELECT f.flight_id, COUNT(DISTINCT tf.ticket_no) AS tickets, COUNT(DISTINCT bp.ticket_no) AS boarded FROM aviation.flights AS f LEFT JOIN aviation.ticket_flights AS tf ON tf.flight_id = f.flight_id LEFT JOIN aviation.boarding_passes AS bp ON bp.flight_id = tf.flight_id AND bp.ticket_no = tf.ticket_no WHERE f.flight_id = 8050 GROUP BY f.flight_id",347,2,1,0,True,False,False,3,3,3,2,0,2,0,0,0,2112.95,2113.12,1.0,20,62.0,15.179,8,5,3,Aggregate,1,1,1,0,0,1,1,2,1,4197,0,0,0
top_routes,"SELECT departure_airport, arrival_airport, COUNT(*) AS flight_count FROM aviation.flights WHERE scheduled_departure >= DATE '2025-01-03' AND scheduled_departure < DATE '2025-03-04' GROUP BY departure_airport, arrival_airport ORDER BY flight_count DESC LIMIT 3",259,0,2,0,True,True,False,1,1,3,1,0,0,0,0,0,268.89,268.9,3.0,16,1883.0,8.333,4,4,1,Limit,1,0,0,0,0,0,0,1,1,422,0,0,0
boarding_pass_lookup,"SELECT bp.boarding_no, bp.seat_no, t.passenger_name FROM aviation.boarding_passes AS bp JOIN aviation.tickets AS t ON t.ticket_no = bp.ticket_no WHERE bp.flight_id = 8039 AND bp.boarding_no BETWEEN 3 AND 6",205,1,2,0,False,False,False,2,2,3,0,1,0,0,0,0,0.71,47.37,4.0,22,9.0,0.288,3,2,2,Nested Loop,0,2,0,0,0,0,1,0,0,38,0,0,0
aircraft_flight_counts,"SELECT a.aircraft_code, a.model, COUNT(f.flight_id) AS flight_count FROM aviation.aircrafts AS a LEFT JOIN aviation.flights AS f ON f.aircraft_code = a.aircraft_code WHERE a.range_km >= 4250 GROUP BY a.aircraft_code, a.model",224,1,1,0,True,False,False,2,2,3,1,0,1,0,0,0,303.62,303.68,5.0,27,20015.0,8.898,5,4,2,Aggregate,2,0,0,0,1,0,0,0,1,316,0,0,0
bookings_with_expensive_ticket,"SELECT b.book_ref, b.total_amount FROM aviation.bookings AS b WHERE EXISTS (SELECT 1 FROM aviation.tickets AS t JOIN aviation.ticket_flights AS tf ON tf.ticket_no = t.ticket_no WHERE t.book_ref = b.book_ref AND tf.amount >= 56500)",230,1,3,1,False,False,False,3,3,3,0,1,0,0,0,0,6197.22,7702.71,49909.0,13,466760.0,193.247,7,5,3,Hash Join,3,0,0,0,2,0,0,0,0,9084,0,0,0
unboarded_tickets,"SELECT tf.ticket_no, tf.fare_conditions FROM aviation.ticket_flights AS tf LEFT JOIN aviation.boarding_passes AS bp ON bp.ticket_no = tf.ticket_no AND bp.flight_id = tf.flight_id WHERE tf.flight_id = 1096 AND bp.ticket_no IS NULL",229,1,2,0,False,False,False,2,2,2,0,0,1,0,0,0,0.29,2109.74,10.0,22,40.0,13.262,4,3,2,Nested Loop,1,1,0,0,0,0,1,0,0,1674,0,0,0
airport_departure_counts,"SELECT departure_airport, COUNT(*) AS flight_count FROM aviation.flights WHERE scheduled_departure >= DATE '2025-10-26' AND scheduled_departure < DATE '2025-11-02' GROUP BY departure_airport ORDER BY flight_count DESC",217,0,2,0,True,True,False,1,1,2,1,0,0,0,0,0,255.21,255.24,10.0,12,209.0,2.312,3,3,1,Sort,1,0,0,0,0,0,0,1,1,315,0,0,0
flight_revenue,"SELECT f.flight_id, f.flight_no, COUNT(*) AS ticket_count, SUM(tf.amount) AS revenue FROM aviation.flights AS f JOIN aviation.ticket_flights AS tf ON tf.flight_id = f.flight_id WHERE f.flight_id = 4795 GROUP BY f.flight_id, f.flight_no",235,1,1,0,True,False,False,2,2,4,2,1,0,0,0,0,0.29,2092.47,1.0,51,22.0,13.641,4,3,2,Aggregate,1,1,0,0,0,0,1,0,1,2511,0,0,0
aircraft_fare_capacity,"SELECT fare_conditions, COUNT(*) AS seat_count FROM aviation.seats WHERE aircraft_code = 'SU9' GROUP BY fare_conditions ORDER BY seat_count DESC",144,0,1,0,True,True,False,1,1,2,1,0,0,0,0,0,17.2,17.21,3.0,16,186.0,0.295,3,3,1,Sort,1,0,0,0,0,0,0,1,1,18,0,0,0
booking_ticket_count,"SELECT b.book_ref, COUNT(t.ticket_no) AS ticket_count FROM aviation.bookings AS b JOIN aviation.tickets AS t ON t.book_ref = b.book_ref WHERE b.book_date >= DATE '2025-07-23' AND b.book_date < DATE '2025-07-30' GROUP BY b.book_ref HAVING COUNT(t.ticket_no) >= 2",261,1,2,0,True,False,False,2,2,2,2,1,0,0,0,0,3375.14,3387.16,320.0,15,104164.0,47.251,5,4,2,Aggregate,2,0,0,0,1,0,0,0,1,4342,0,0,0
ticket_name_prefix,"SELECT ticket_no, passenger_id, passenger_name FROM aviation.tickets WHERE passenger_name LIKE 'Passenger 93075%' ORDER BY ticket_no LIMIT 50",141,0,1,0,False,True,False,1,1,3,0,0,0,0,0,0,2272.17,2272.19,10.0,41,30.0,20.614,3,3,1,Limit,1,0,0,0,0,0,0,1,0,3072,0,0,0
passengers_for_booking,"SELECT b.book_ref, b.book_date, t.ticket_no, t.passenger_name FROM aviation.bookings AS b JOIN aviation.tickets AS t ON t.book_ref = b.book_ref WHERE b.book_ref = '039869'",171,1,1,0,False,False,False,2,2,4,0,1,0,0,0,0,0.29,2280.33,2.0,44,5.0,16.396,3,2,2,Nested Loop,1,1,0,0,0,0,1,0,0,2050,0,0,0
high_value_passengers,"SELECT t.passenger_id, t.passenger_name, b.total_amount FROM aviation.tickets AS t JOIN aviation.bookings AS b ON b.book_ref = t.book_ref WHERE b.total_amount >= 137500 ORDER BY b.total_amount DESC LIMIT 100",207,1,1,0,False,True,False,2,2,3,0,1,0,0,0,0,6485.63,6485.88,100.0,33,319832.0,124.285,6,5,2,Limit,2,0,0,0,1,0,0,1,0,5689,0,0,0
booking_amount_range,"SELECT book_ref, book_date, total_amount FROM aviation.bookings WHERE total_amount BETWEEN 270000 AND 340000",108,0,1,0,False,False,False,1,1,3,0,0,0,0,0,0,0.0,1069.0,7113.0,21,7113.0,12.895,1,1,1,Seq Scan,1,0,0,0,0,0,0,0,0,319,0,0,0
top_routes,"SELECT departure_airport, arrival_airport, COUNT(*) AS flight_count FROM aviation.flights WHERE scheduled_departure >= DATE '2025-01-01' AND scheduled_departure < DATE '2025-01-31' GROUP BY departure_airport, arrival_airport ORDER BY flight_count DESC LIMIT 10",260,0,2,0,True,True,False,1,1,3,1,0,0,0,0,0,263.45,263.48,10.0,16,1049.0,4.034,4,4,1,Limit,1,0,0,0,0,0,0,1,1,422,0,0,0
daily_flight_count,"SELECT scheduled_departure::date AS flight_date, COUNT(*) AS flight_count FROM aviation.flights WHERE departure_airport = 'VTB' GROUP BY scheduled_departure::date ORDER BY flight_date",183,0,1,0,True,True,False,1,1,2,1,0,0,0,0,0,281.33,301.24,993.0,12,2993.0,2.42,3,3,1,Aggregate,1,0,0,0,0,0,0,1,1,318,0,0,0
airport_departure_counts,"SELECT departure_airport, COUNT(*) AS flight_count FROM aviation.flights WHERE scheduled_departure >= DATE '2025-09-05' AND scheduled_departure < DATE '2025-09-19' GROUP BY departure_airport ORDER BY flight_count DESC",217,0,2,0,True,True,False,1,1,2,1,0,0,0,0,0,256.16,256.18,10.0,12,398.0,2.346,3,3,1,Sort,1,0,0,0,0,0,0,1,1,315,0,0,0
recent_flights_sorted,"SELECT flight_no, departure_airport, arrival_airport, scheduled_departure FROM aviation.flights WHERE departure_airport = 'BQT' ORDER BY scheduled_departure DESC LIMIT 25",170,0,1,0,False,True,False,1,1,4,0,0,0,0,0,0,257.22,257.28,25.0,23,2025.0,2.463,3,3,1,Limit,1,0,0,0,0,0,0,1,0,318,0,0,0
booking_ticket_count,"SELECT b.book_ref, COUNT(t.ticket_no) AS ticket_count FROM aviation.bookings AS b JOIN aviation.tickets AS t ON t.book_ref = b.book_ref WHERE b.book_date >= DATE '2025-06-13' AND b.book_date < DATE '2025-07-13' GROUP BY b.book_ref HAVING COUNT(t.ticket_no) >= 2",261,1,2,0,True,False,False,2,2,2,2,1,0,0,0,0,3442.82,3492.44,1323.0,15,117199.0,57.79,5,4,2,Aggregate,2,0,0,0,1,0,0,0,1,4342,0,0,0
flights_without_tickets,"SELECT f.flight_id, f.flight_no FROM aviation.flights AS f WHERE f.scheduled_departure >= DATE '2025-10-23' AND NOT EXISTS (SELECT 1 FROM aviation.ticket_flights AS tf WHERE tf.flight_id = f.flight_id)",201,0,3,1,False,False,False,2,2,3,0,0,0,0,0,0,3084.0,3322.43,1.0,11,201888.0,56.24,4,3,2,Hash Join,2,0,0,0,1,0,0,0,0,2710,0,0,0
bookings_with_expensive_ticket,"SELECT b.book_ref, b.total_amount FROM aviation.bookings AS b WHERE EXISTS (SELECT 1 FROM aviation.tickets AS t JOIN aviation.ticket_flights AS tf ON tf.ticket_no = t.ticket_no WHERE t.book_ref = b.book_ref AND tf.amount >= 84750)",230,1,3,1,False,False,False,3,3,3,0,1,0,0,0,0,5604.53,6911.91,32101.0,13,310505.0,138.323,7,5,3,Hash Join,3,0,0,0,2,0,0,0,0,8896,0,0,0
aircraft_fare_capacity,"SELECT fare_conditions, COUNT(*) AS seat_count FROM aviation.seats WHERE aircraft_code = 'E95' GROUP BY fare_conditions ORDER BY seat_count DESC",144,0,1,0,True,True,False,1,1,2,1,0,0,0,0,0,17.2,17.21,3.0,16,186.0,0.329,3,3,1,Sort,1,0,0,0,0,0,0,1,1,18,0,0,0
unboarded_tickets,"SELECT tf.ticket_no, tf.fare_conditions FROM aviation.ticket_flights AS tf LEFT JOIN aviation.boarding_passes AS bp ON bp.ticket_no = tf.ticket_no AND bp.flight_id = tf.flight_id WHERE tf.flight_id = 2736 AND bp.ticket_no IS NULL",229,1,2,0,False,False,False,2,2,2,0,0,1,0,0,0,0.29,2109.74,10.0,22,40.0,13.902,4,3,2,Nested Loop,1,1,0,0,0,0,1,0,0,1674,0,0,0
route_by_date,"SELECT flight_id, flight_no, scheduled_departure, status FROM aviation.flights WHERE departure_airport = 'TBS' AND arrival_airport = 'BQT' AND scheduled_departure >= DATE '2025-10-20' AND scheduled_departure < DATE '2025-10-20' + INTERVAL '1 day'",246,0,4,0,False,False,False,1,1,4,0,0,0,0,0,0,0.0,304.0,1.0,27,1.0,2.841,1,1,1,Seq Scan,1,0,0,0,0,0,0,0,0,104,0,0,0
flight_revenue,"SELECT f.flight_id, f.flight_no, COUNT(*) AS ticket_count, SUM(tf.amount) AS revenue FROM aviation.flights AS f JOIN aviation.ticket_flights AS tf ON tf.flight_id = f.flight_id WHERE f.flight_id = 4933 GROUP BY f.flight_id, f.flight_no",235,1,1,0,True,False,False,2,2,4,2,1,0,0,0,0,0.29,2092.47,1.0,51,22.0,14.261,4,3,2,Aggregate,1,1,0,0,0,0,1,0,1,2511,0,0,0
aircraft_seat_capacity,"SELECT a.aircraft_code, a.model, COUNT(s.seat_no) AS seat_count FROM aviation.aircrafts AS a JOIN aviation.seats AS s ON s.aircraft_code = a.aircraft_code WHERE s.fare_conditions = 'Comfort' GROUP BY a.aircraft_code, a.model ORDER BY seat_count DESC",249,1,1,0,True,True,False,2,2,3,1,1,0,0,0,0,18.65,18.67,5.0,27,260.0,0.534,6,5,2,Sort,2,0,0,0,1,0,0,1,1,28,0,0,0
passenger_flight_history,"SELECT t.passenger_id, t.passenger_name, f.flight_no, f.scheduled_departure, tf.fare_conditions FROM aviation.tickets AS t JOIN aviation.ticket_flights AS tf ON tf.ticket_no = t.ticket_no JOIN aviation.flights AS f ON f.flight_id = tf.flight_id WHERE t.passenger_id = '1316-001316' AND f.status = 'Scheduled' ORDER BY f.scheduled_departure DESC",344,2,2,0,False,True,False,3,3,5,0,2,0,0,0,0,2280.77,2280.77,1.0,50,6.0,18.695,6,4,3,Sort,1,2,0,0,0,0,2,1,0,4116,0,0,0
passengers_for_booking,"SELECT b.book_ref, b.book_date, t.ticket_no, t.passenger_name FROM aviation.bookings AS b JOIN aviation.tickets AS t ON t.book_ref = b.book_ref WHERE b.book_ref = '002990'",171,1,1,0,False,False,False,2,2,4,0,1,0,0,0,0,0.29,2280.33,2.0,44,5.0,23.014,3,2,2,Nested Loop,1,1,0,0,0,0,1,0,0,2050,0,0,0
fare_statistics,"SELECT fare_conditions, COUNT(*) AS ticket_count, AVG(amount) AS average_amount FROM aviation.ticket_flights WHERE fare_conditions = 'Comfort' AND amount >= 46000 GROUP BY fare_conditions HAVING COUNT(*) > 10",208,0,2,0,True,False,False,1,1,3,3,0,0,0,0,0,0.0,2378.56,1.0,48,8910.0,29.108,2,2,1,Aggregate,1,0,0,0,0,0,0,0,1,1668,0,0,0
ticket_name_prefix,"SELECT ticket_no, passenger_id, passenger_name FROM aviation.tickets WHERE passenger_name LIKE 'Passenger 57079%' ORDER BY ticket_no LIMIT 50",141,0,1,0,False,True,False,1,1,3,0,0,0,0,0,0,2272.17,2272.19,10.0,41,30.0,20.616,3,3,1,Limit,1,0,0,0,0,0,0,1,0,3072,0,0,0
flight_occupancy,"SELECT f.flight_id, COUNT(DISTINCT tf.ticket_no) AS tickets, COUNT(DISTINCT bp.ticket_no) AS boarded FROM aviation.flights AS f LEFT JOIN aviation.ticket_flights AS tf ON tf.flight_id = f.flight_id LEFT JOIN aviation.boarding_passes AS bp ON bp.flight_id = tf.flight_id AND bp.ticket_no = tf.ticket_no WHERE f.flight_id = 1051 GROUP BY f.flight_id",347,2,1,0,True,False,False,3,3,3,2,0,2,0,0,0,2112.95,2113.12,1.0,20,62.0,13.622,8,5,3,Aggregate,1,1,1,0,0,1,1,2,1,4197,0,0,0
boarding_pass_lookup,"SELECT bp.boarding_no, bp.seat_no, t.passenger_name FROM aviation.boarding_passes AS bp JOIN aviation.tickets AS t ON t.ticket_no = bp.ticket_no WHERE bp.flight_id = 1253 AND bp.boarding_no BETWEEN 2 AND 7",205,1,2,0,False,False,False,2,2,3,0,1,0,0,0,0,0.71,67.79,6.0,22,13.0,0.04,3,2,2,Nested Loop,0,2,0,0,0,0,1,0,0,4,0,0,0
high_value_passengers,"SELECT t.passenger_id, t.passenger_name, b.total_amount FROM aviation.tickets AS t JOIN aviation.bookings AS b ON b.book_ref = t.book_ref WHERE b.total_amount >= 442500 ORDER BY b.total_amount DESC LIMIT 100",207,1,1,0,False,True,False,2,2,3,0,1,0,0,0,0,3741.25,3741.5,100.0,33,134690.0,66.692,6,5,2,Limit,2,0,0,0,1,0,0,1,0,5689,0,0,0
ticket_fare_lookup,"SELECT t.ticket_no, tf.flight_id, tf.amount FROM aviation.tickets AS t JOIN aviation.ticket_flights AS tf ON tf.ticket_no = t.ticket_no WHERE t.passenger_id = '2620-012619' AND tf.fare_conditions = 'Comfort'",207,1,2,0,False,False,False,2,2,3,0,1,0,0,0,0,0.42,2280.45,1.0,24,3.0,15.941,3,2,2,Nested Loop,1,1,0,0,0,0,1,0,0,2052,0,0,0
aircraft_flight_counts,"SELECT a.aircraft_code, a.model, COUNT(f.flight_id) AS flight_count FROM aviation.aircrafts AS a LEFT JOIN aviation.flights AS f ON f.aircraft_code = a.aircraft_code WHERE a.range_km >= 3000 GROUP BY a.aircraft_code, a.model",224,1,1,0,True,False,False,2,2,3,1,0,1,0,0,0,303.62,303.68,5.0,27,20015.0,9.331,5,4,2,Aggregate,2,0,0,0,1,0,0,0,1,316,0,0,0
route_revenue,"SELECT f.departure_airport, f.arrival_airport, SUM(tf.amount) AS revenue FROM aviation.flights AS f JOIN aviation.ticket_flights AS tf ON tf.flight_id = f.flight_id WHERE f.departure_airport = 'TBS' GROUP BY f.departure_airport, f.arrival_airport ORDER BY revenue DESC",268,1,1,0,True,True,False,2,2,3,1,1,0,0,0,0,2388.4,2388.43,10.0,40,112020.0,51.796,6,5,2,Sort,2,0,0,0,1,0,0,1,1,3859,0,0,0
airport_connections,"SELECT dep.city AS departure_city, arr.city AS arrival_city, COUNT(*) AS flights FROM aviation.flights AS f JOIN aviation.airports AS dep ON dep.airport_code = f.departure_airport JOIN aviation.airports AS arr ON arr.airport_code = f.arrival_airport WHERE f.departure_airport = 'SVO' AND f.status = 'Scheduled' GROUP BY dep.city, arr.city",338,2,2,0,True,False,False,3,2,3,1,2,0,0,0,0,261.66,261.76,10.0,24,781.0,3.143,7,4,2,Aggregate,3,0,0,0,1,0,1,0,1,420,0,0,0
flights_without_tickets,"SELECT f.flight_id, f.flight_no FROM aviation.flights AS f WHERE f.scheduled_departure >= DATE '2025-02-07' AND NOT EXISTS (SELECT 1 FROM aviation.ticket_flights AS tf WHERE tf.flight_id = f.flight_id)",201,0,3,1,False,False,False,2,2,3,0,0,0,0,0,0,3084.0,3357.8,1.0,11,208962.0,112.149,4,3,2,Hash Join,2,0,0,0,1,0,0,0,0,2710,0,0,0
flight_revenue,"SELECT f.flight_id, f.flight_no, COUNT(*) AS ticket_count, SUM(tf.amount) AS revenue FROM aviation.flights AS f JOIN aviation.ticket_flights AS tf ON tf.flight_id = f.flight_id WHERE f.flight_id = 2642 GROUP BY f.flight_id, f.flight_no",235,1,1,0,True,False,False,2,2,4,2,1,0,0,0,0,0.29,2092.47,1.0,51,22.0,12.934,4,3,2,Aggregate,1,1,0,0,0,0,1,0,1,2511,0,0,0
aircraft_fare_capacity,"SELECT fare_conditions, COUNT(*) AS seat_count FROM aviation.seats WHERE aircraft_code = 'E95' GROUP BY fare_conditions ORDER BY seat_count DESC",144,0,1,0,True,True,False,1,1,2,1,0,0,0,0,0,17.2,17.21,3.0,16,186.0,0.282,3,3,1,Sort,1,0,0,0,0,0,0,1,1,18,0,0,0
daily_flight_count,"SELECT scheduled_departure::date AS flight_date, COUNT(*) AS flight_count FROM aviation.flights WHERE departure_airport = 'LED' GROUP BY scheduled_departure::date ORDER BY flight_date",183,0,1,0,True,True,False,1,1,2,1,0,0,0,0,0,281.33,301.24,993.0,12,2993.0,3.684,3,3,1,Aggregate,1,0,0,0,0,0,0,1,1,318,0,0,0
ticket_fare_lookup,"SELECT t.ticket_no, tf.flight_id, tf.amount FROM aviation.tickets AS t JOIN aviation.ticket_flights AS tf ON tf.ticket_no = t.ticket_no WHERE t.passenger_id = '6074-016073' AND tf.fare_conditions = 'Business'",208,1,2,0,False,False,False,2,2,3,0,1,0,0,0,0,0.42,2280.45,1.0,24,3.0,24.217,3,2,2,Nested Loop,1,1,0,0,0,0,1,0,0,2052,0,0,0
booking_ticket_count,"SELECT b.book_ref, COUNT(t.ticket_no) AS ticket_count FROM aviation.bookings AS b JOIN aviation.tickets AS t ON t.book_ref = b.book_ref WHERE b.book_date >= DATE '2025-04-05' AND b.book_date < DATE '2025-04-12' GROUP BY b.book_ref HAVING COUNT(t.ticket_no) >= 2",261,1,2,0,True,False,False,2,2,2,2,1,0,0,0,0,3375.14,3387.16,320.0,15,104164.0,44.222,5,4,2,Aggregate,2,0,0,0,1,0,0,0,1,4342,0,0,0
bookings_with_expensive_ticket,"SELECT b.book_ref, b.total_amount FROM aviation.bookings AS b WHERE EXISTS (SELECT 1 FROM aviation.tickets AS t JOIN aviation.ticket_flights AS tf ON tf.ticket_no = t.ticket_no WHERE t.book_ref = b.book_ref AND tf.amount >= 82000)",230,1,3,1,False,False,False,3,3,3,0,1,0,0,0,0,5683.43,7015.87,34355.0,13,321775.0,171.467,7,5,3,Hash Join,3,0,0,0,2,0,0,0,0,8896,0,0,0
airport_departure_counts,"SELECT departure_airport, COUNT(*) AS flight_count FROM aviation.flights WHERE scheduled_departure >= DATE '2025-08-26' AND scheduled_departure < DATE '2025-09-02' GROUP BY departure_airport ORDER BY flight_count DESC",217,0,2,0,True,True,False,1,1,2,1,0,0,0,0,0,255.21,255.24,10.0,12,209.0,2.787,3,3,1,Sort,1,0,0,0,0,0,0,1,1,315,0,0,0
passengers_for_booking,"SELECT b.book_ref, b.book_date, t.ticket_no, t.passenger_name FROM aviation.bookings AS b JOIN aviation.tickets AS t ON t.book_ref = b.book_ref WHERE b.book_ref = '041451'",171,1,1,0,False,False,False,2,2,4,0,1,0,0,0,0,0.29,2280.33,2.0,44,5.0,18.185,3,2,2,Nested Loop,1,1,0,0,0,0,1,0,0,2050,0,0,0
ticket_name_prefix,"SELECT ticket_no, passenger_id, passenger_name FROM aviation.tickets WHERE passenger_name LIKE 'Passenger 18805%' ORDER BY ticket_no LIMIT 50",141,0,1,0,False,True,False,1,1,3,0,0,0,0,0,0,2272.17,2272.19,10.0,41,30.0,23.391,3,3,1,Limit,1,0,0,0,0,0,0,1,0,3072,0,0,0
booking_amount_range,"SELECT book_ref, book_date, total_amount FROM aviation.bookings WHERE total_amount BETWEEN 265000 AND 330000",108,0,1,0,False,False,False,1,1,3,0,0,0,0,0,0,0.0,1069.0,6593.0,21,6593.0,18.0,1,1,1,Seq Scan,1,0,0,0,0,0,0,0,0,319,0,0,0
fare_statistics,"SELECT fare_conditions, COUNT(*) AS ticket_count, AVG(amount) AS average_amount FROM aviation.ticket_flights WHERE fare_conditions = 'Economy' AND amount >= 69750 GROUP BY fare_conditions HAVING COUNT(*) > 10",208,0,2,0,True,False,False,1,1,3,3,0,0,0,0,0,0.0,2515.01,1.0,48,36199.0,34.325,2,2,1,Aggregate,1,0,0,0,0,0,0,0,1,1668,0,0,0
airport_connections,"SELECT dep.city AS departure_city, arr.city AS arrival_city, COUNT(*) AS flights FROM aviation.flights AS f JOIN aviation.airports AS dep ON dep.airport_code = f.departure_airport JOIN aviation.airports AS arr ON arr.airport_code = f.arrival_airport WHERE f.departure_airport = 'IST' AND f.status = 'Arrived' GROUP BY dep.city, arr.city",336,2,2,0,True,False,False,3,2,3,1,2,0,0,0,0,261.66,261.76,10.0,24,781.0,2.918,7,4,2,Aggregate,3,0,0,0,1,0,1,0,1,424,0,0,0
aircraft_flight_counts,"SELECT a.aircraft_code, a.model, COUNT(f.flight_id) AS flight_count FROM aviation.aircrafts AS a LEFT JOIN aviation.flights AS f ON f.aircraft_code = a.aircraft_code WHERE a.range_km >= 6750 GROUP BY a.aircraft_code, a.model",224,1,1,0,True,False,False,2,2,3,1,0,1,0,0,0,273.59,273.61,2.0,27,14006.0,4.549,5,4,2,Aggregate,2,0,0,0,1,0,0,0,1,316,0,0,0
flight_occupancy,"SELECT f.flight_id, COUNT(DISTINCT tf.ticket_no) AS tickets, COUNT(DISTINCT bp.ticket_no) AS boarded FROM aviation.flights AS f LEFT JOIN aviation.ticket_flights AS tf ON tf.flight_id = f.flight_id LEFT JOIN aviation.boarding_passes AS bp ON bp.flight_id = tf.flight_id AND bp.ticket_no = tf.ticket_no WHERE f.flight_id = 7789 GROUP BY f.flight_id",347,2,1,0,True,False,False,3,3,3,2,0,2,0,0,0,2112.95,2113.12,1.0,20,62.0,15.385,8,5,3,Aggregate,1,1,1,0,0,1,1,2,1,4197,0,0,0
recent_flights_sorted,"SELECT flight_no, departure_airport, arrival_airport, scheduled_departure FROM aviation.flights WHERE departure_airport = 'TBS' ORDER BY scheduled_departure DESC LIMIT 25",170,0,1,0,False,True,False,1,1,4,0,0,0,0,0,0,257.22,257.28,25.0,23,2025.0,2.22,3,3,1,Limit,1,0,0,0,0,0,0,1,0,318,0,0,0
passenger_flight_history,"SELECT t.passenger_id, t.passenger_name, f.flight_no, f.scheduled_departure, tf.fare_conditions FROM aviation.tickets AS t JOIN aviation.ticket_flights AS tf ON tf.ticket_no = t.ticket_no JOIN aviation.flights AS f ON f.flight_id = tf.flight_id WHERE t.passenger_id = '0130-040126' AND f.status = 'Arrived' ORDER BY f.scheduled_departure DESC",342,2,2,0,False,True,False,3,3,5,0,2,0,0,0,0,2280.77,2280.77,1.0,50,6.0,19.694,6,4,3,Sort,1,2,0,0,0,0,2,1,0,4116,0,0,0
high_value_passengers,"SELECT t.passenger_id, t.passenger_name, b.total_amount FROM aviation.tickets AS t JOIN aviation.bookings AS b ON b.book_ref = t.book_ref WHERE b.total_amount >= 165000 ORDER BY b.total_amount DESC LIMIT 100",207,1,1,0,False,True,False,2,2,3,0,1,0,0,0,0,6241.32,6241.57,100.0,33,303350.0,128.729,6,5,2,Limit,2,0,0,0,1,0,0,1,0,5689,0,0,0
top_routes,"SELECT departure_airport, arrival_airport, COUNT(*) AS flight_count FROM aviation.flights WHERE scheduled_departure >= DATE '2025-07-04' AND scheduled_departure < DATE '2025-09-02' GROUP BY departure_airport, arrival_airport ORDER BY flight_count DESC LIMIT 5",259,0,2,0,True,True,False,1,1,3,1,0,0,0,0,0,268.81,268.82,5.0,16,1825.0,4.267,4,4,1,Limit,1,0,0,0,0,0,0,1,1,422,0,0,0
aircraft_seat_capacity,"SELECT a.aircraft_code, a.model, COUNT(s.seat_no) AS seat_count FROM aviation.aircrafts AS a JOIN aviation.seats AS s ON s.aircraft_code = a.aircraft_code WHERE s.fare_conditions = 'Comfort' GROUP BY a.aircraft_code, a.model ORDER BY seat_count DESC",249,1,1,0,True,True,False,2,2,3,1,1,0,0,0,0,18.65,18.67,5.0,27,260.0,0.446,6,5,2,Sort,2,0,0,0,1,0,0,1,1,28,0,0,0
unboarded_tickets,"SELECT tf.ticket_no, tf.fare_conditions FROM aviation.ticket_flights AS tf LEFT JOIN aviation.boarding_passes AS bp ON bp.ticket_no = tf.ticket_no AND bp.flight_id = tf.flight_id WHERE tf.flight_id = 4833 AND bp.ticket_no IS NULL",229,1,2,0,False,False,False,2,2,2,0,0,1,0,0,0,0.29,2109.74,10.0,22,40.0,16.596,4,3,2,Nested Loop,1,1,0,0,0,0,1,0,0,1674,0,0,0
boarding_pass_lookup,"SELECT bp.boarding_no, bp.seat_no, t.passenger_name FROM aviation.boarding_passes AS bp JOIN aviation.tickets AS t ON t.ticket_no = bp.ticket_no WHERE bp.flight_id = 3685 AND bp.boarding_no BETWEEN 3 AND 5",205,1,2,0,False,False,False,2,2,3,0,1,0,0,0,0,0.71,37.17,3.0,22,7.0,0.266,3,2,2,Nested Loop,0,2,0,0,0,0,1,0,0,30,0,0,0
route_by_date,"SELECT flight_id, flight_no, scheduled_departure, status FROM aviation.flights WHERE departure_airport = 'BQT' AND arrival_airport = 'GNA' AND scheduled_departure >= DATE '2025-03-05' AND scheduled_departure < DATE '2025-03-05' + INTERVAL '1 day'",246,0,4,0,False,False,False,1,1,4,0,0,0,0,0,0,0.0,304.0,1.0,27,1.0,2.644,1,1,1,Seq Scan,1,0,0,0,0,0,0,0,0,104,0,0,0
route_revenue,"SELECT f.departure_airport, f.arrival_airport, SUM(tf.amount) AS revenue FROM aviation.flights AS f JOIN aviation.ticket_flights AS tf ON tf.flight_id = f.flight_id WHERE f.departure_airport = 'TBS' GROUP BY f.departure_airport, f.arrival_airport ORDER BY revenue DESC",268,1,1,0,True,True,False,2,2,3,1,1,0,0,0,0,2388.4,2388.43,10.0,40,112020.0,40.779,6,5,2,Sort,2,0,0,0,1,0,0,1,1,3859,0,0,0
high_value_passengers,"SELECT t.passenger_id, t.passenger_name, b.total_amount FROM aviation.tickets AS t JOIN aviation.bookings AS b ON b.book_ref = t.book_ref WHERE b.total_amount >= 347500 ORDER BY b.total_amount DESC LIMIT 100",207,1,1,0,False,True,False,2,2,3,0,1,0,0,0,0,4603.42,4603.67,100.0,33,192854.0,78.323,6,5,2,Limit,2,0,0,0,1,0,0,1,0,5689,0,0,0
route_by_date,"SELECT flight_id, flight_no, scheduled_departure, status FROM aviation.flights WHERE departure_airport = 'GME' AND arrival_airport = 'SVO' AND scheduled_departure >= DATE '2025-08-21' AND scheduled_departure < DATE '2025-08-21' + INTERVAL '1 day'",246,0,4,0,False,False,False,1,1,4,0,0,0,0,0,0,0.0,304.0,1.0,27,1.0,2.495,1,1,1,Seq Scan,1,0,0,0,0,0,0,0,0,104,0,0,0
aircraft_flight_counts,"SELECT a.aircraft_code, a.model, COUNT(f.flight_id) AS flight_count FROM aviation.aircrafts AS a LEFT JOIN aviation.flights AS f ON f.aircraft_code = a.aircraft_code WHERE a.range_km >= 6500 GROUP BY a.aircraft_code, a.model",224,1,1,0,True,False,False,2,2,3,1,0,1,0,0,0,273.59,273.61,2.0,27,14006.0,5.157,5,4,2,Aggregate,2,0,0,0,1,0,0,0,1,316,0,0,0
booking_amount_range,"SELECT book_ref, book_date, total_amount FROM aviation.bookings WHERE total_amount BETWEEN 25000 AND 55000",106,0,1,0,False,False,False,1,1,3,0,0,0,0,0,0,0.0,1069.0,3039.0,21,3039.0,13.696,1,1,1,Seq Scan,1,0,0,0,0,0,0,0,0,319,0,0,0
aircraft_fare_capacity,"SELECT fare_conditions, COUNT(*) AS seat_count FROM aviation.seats WHERE aircraft_code = 'SU9' GROUP BY fare_conditions ORDER BY seat_count DESC",144,0,1,0,True,True,False,1,1,2,1,0,0,0,0,0,17.2,17.21,3.0,16,186.0,0.285,3,3,1,Sort,1,0,0,0,0,0,0,1,1,18,0,0,0
unboarded_tickets,"SELECT tf.ticket_no, tf.fare_conditions FROM aviation.ticket_flights AS tf LEFT JOIN aviation.boarding_passes AS bp ON bp.ticket_no = tf.ticket_no AND bp.flight_id = tf.flight_id WHERE tf.flight_id = 762 AND bp.ticket_no IS NULL",228,1,2,0,False,False,False,2,2,2,0,0,1,0,0,0,0.29,2109.74,10.0,22,40.0,13.627,4,3,2,Nested Loop,1,1,0,0,0,0,1,0,0,1677,0,0,0
ticket_name_prefix,"SELECT ticket_no, passenger_id, passenger_name FROM aviation.tickets WHERE passenger_name LIKE 'Passenger 66023%' ORDER BY ticket_no LIMIT 50",141,0,1,0,False,True,False,1,1,3,0,0,0,0,0,0,2272.17,2272.19,10.0,41,30.0,21.949,3,3,1,Limit,1,0,0,0,0,0,0,1,0,3072,0,0,0
airport_connections,"SELECT dep.city AS departure_city, arr.city AS arrival_city, COUNT(*) AS flights FROM aviation.flights AS f JOIN aviation.airports AS dep ON dep.airport_code = f.departure_airport JOIN aviation.airports AS arr ON arr.airport_code = f.arrival_airport WHERE f.departure_airport = 'GNA' AND f.status = 'Arrived' GROUP BY dep.city, arr.city",336,2,2,0,True,False,False,3,2,3,1,2,0,0,0,0,261.66,261.76,10.0,24,781.0,2.384,7,4,2,Aggregate,3,0,0,0,1,0,1,0,1,420,0,0,0
passengers_for_booking,"SELECT b.book_ref, b.book_date, t.ticket_no, t.passenger_name FROM aviation.bookings AS b JOIN aviation.tickets AS t ON t.book_ref = b.book_ref WHERE b.book_ref = '045137'",171,1,1,0,False,False,False,2,2,4,0,1,0,0,0,0,0.29,2280.33,2.0,44,5.0,17.177,3,2,2,Nested Loop,1,1,0,0,0,0,1,0,0,2050,0,0,0
bookings_with_expensive_ticket,"SELECT b.book_ref, b.total_amount FROM aviation.bookings AS b WHERE EXISTS (SELECT 1 FROM aviation.tickets AS t JOIN aviation.ticket_flights AS tf ON tf.ticket_no = t.ticket_no WHERE t.book_ref = b.book_ref AND tf.amount >= 54250)",230,1,3,1,False,False,False,3,3,3,0,1,0,0,0,0,6225.14,7730.63,49909.0,13,472298.0,180.7,7,5,3,Hash Join,3,0,0,0,2,0,0,0,0,9084,0,0,0
top_routes,"SELECT departure_airport, arrival_airport, COUNT(*) AS flight_count FROM aviation.flights WHERE scheduled_departure >= DATE '2025-12-03' AND scheduled_departure < DATE '2026-03-03' GROUP BY departure_airport, arrival_airport ORDER BY flight_count DESC LIMIT 3",259,0,2,0,True,True,False,1,1,3,1,0,0,0,0,0,262.14,262.15,3.0,16,983.0,2.366,4,4,1,Limit,1,0,0,0,0,0,0,1,1,422,0,0,0
flight_revenue,"SELECT f.flight_id, f.flight_no, COUNT(*) AS ticket_count, SUM(tf.amount) AS revenue FROM aviation.flights AS f JOIN aviation.ticket_flights AS tf ON tf.flight_id = f.flight_id WHERE f.flight_id = 1927 GROUP BY f.flight_id, f.flight_no",235,1,1,0,True,False,False,2,2,4,2,1,0,0,0,0,0.29,2092.47,1.0,51,22.0,13.342,4,3,2,Aggregate,1,1,0,0,0,0,1,0,1,2511,0,0,0
route_revenue,"SELECT f.departure_airport, f.arrival_airport, SUM(tf.amount) AS revenue FROM aviation.flights AS f JOIN aviation.ticket_flights AS tf ON tf.flight_id = f.flight_id WHERE f.departure_airport = 'BQT' GROUP BY f.departure_airport, f.arrival_airport ORDER BY revenue DESC",268,1,1,0,True,True,False,2,2,3,1,1,0,0,0,0,2388.4,2388.43,10.0,40,112020.0,43.231,6,5,2,Sort,2,0,0,0,1,0,0,1,1,3859,0,0,0
fare_statistics,"SELECT fare_conditions, COUNT(*) AS ticket_count, AVG(amount) AS average_amount FROM aviation.ticket_flights WHERE fare_conditions = 'Economy' AND amount >= 60000 GROUP BY fare_conditions HAVING COUNT(*) > 10",208,0,2,0,True,False,False,1,1,3,3,0,0,0,0,0,0.0,2548.15,1.0,48,42828.0,35.484,2,2,1,Aggregate,1,0,0,0,0,0,0,0,1,1668,0,0,0
boarding_pass_lookup,"SELECT bp.boarding_no, bp.seat_no, t.passenger_name FROM aviation.boarding_passes AS bp JOIN aviation.tickets AS t ON t.ticket_no = bp.ticket_no WHERE bp.flight_id = 178 AND bp.boarding_no BETWEEN 2 AND 7",204,1,2,0,False,False,False,2,2,3,0,1,0,0,0,0,0.71,67.79,6.0,22,13.0,0.272,3,2,2,Nested Loop,0,2,0,0,0,0,1,0,0,54,0,0,0
booking_ticket_count,"SELECT b.book_ref, COUNT(t.ticket_no) AS ticket_count FROM aviation.bookings AS b JOIN aviation.tickets AS t ON t.book_ref = b.book_ref WHERE b.book_date >= DATE '2025-02-17' AND b.book_date < DATE '2025-03-03' GROUP BY b.book_ref HAVING COUNT(t.ticket_no) >= 2",261,1,2,0,True,False,False,2,2,2,2,1,0,0,0,0,3396.77,3420.79,641.0,15,108329.0,47.749,5,4,2,Aggregate,2,0,0,0,1,0,0,0,1,4342,0,0,0
passenger_flight_history,"SELECT t.passenger_id, t.passenger_name, f.flight_no, f.scheduled_departure, tf.fare_conditions FROM aviation.tickets AS t JOIN aviation.ticket_flights AS tf ON tf.ticket_no = t.ticket_no JOIN aviation.flights AS f ON f.flight_id = tf.flight_id WHERE t.passenger_id = '7423-017422' AND f.status = 'Arrived' ORDER BY f.scheduled_departure DESC",342,2,2,0,False,True,False,3,3,5,0,2,0,0,0,0,2280.77,2280.77,1.0,50,6.0,16.675,6,4,3,Sort,1,2,0,0,0,0,2,1,0,4116,0,0,0
flights_without_tickets,"SELECT f.flight_id, f.flight_no FROM aviation.flights AS f WHERE f.scheduled_departure >= DATE '2025-03-11' AND NOT EXISTS (SELECT 1 FROM aviation.ticket_flights AS tf WHERE tf.flight_id = f.flight_id)",201,0,3,1,False,False,False,2,2,3,0,0,0,0,0,0,3084.0,3353.32,1.0,11,208066.0,53.057,4,3,2,Hash Join,2,0,0,0,1,0,0,0,0,2710,0,0,0
daily_flight_count,"SELECT scheduled_departure::date AS flight_date, COUNT(*) AS flight_count FROM aviation.flights WHERE departure_airport = 'WAW' GROUP BY scheduled_departure::date ORDER BY flight_date",183,0,1,0,True,True,False,1,1,2,1,0,0,0,0,0,281.33,301.24,993.0,12,2993.0,3.94,3,3,1,Aggregate,1,0,0,0,0,0,0,1,1,318,0,0,0
flight_occupancy,"SELECT f.flight_id, COUNT(DISTINCT tf.ticket_no) AS tickets, COUNT(DISTINCT bp.ticket_no) AS boarded FROM aviation.flights AS f LEFT JOIN aviation.ticket_flights AS tf ON tf.flight_id = f.flight_id LEFT JOIN aviation.boarding_passes AS bp ON bp.flight_id = tf.flight_id AND bp.ticket_no = tf.ticket_no WHERE f.flight_id = 9184 GROUP BY f.flight_id",347,2,1,0,True,False,False,3,3,3,2,0,2,0,0,0,2112.95,2113.12,1.0,20,62.0,15.391,8,5,3,Aggregate,1,1,1,0,0,1,1,2,1,4197,0,0,0
ticket_fare_lookup,"SELECT t.ticket_no, tf.flight_id, tf.amount FROM aviation.tickets AS t JOIN aviation.ticket_flights AS tf ON tf.ticket_no = t.ticket_no WHERE t.passenger_id = '2432-072425' AND tf.fare_conditions = 'Economy'",207,1,2,0,False,False,False,2,2,3,0,1,0,0,0,0,0.42,2280.45,1.0,24,3.0,19.064,3,2,2,Nested Loop,1,1,0,0,0,0,1,0,0,2052,0,0,0
aircraft_seat_capacity,"SELECT a.aircraft_code, a.model, COUNT(s.seat_no) AS seat_count FROM aviation.aircrafts AS a JOIN aviation.seats AS s ON s.aircraft_code = a.aircraft_code WHERE s.fare_conditions = 'Business' GROUP BY a.aircraft_code, a.model ORDER BY seat_count DESC",250,1,1,0,True,True,False,2,2,3,1,1,0,0,0,0,18.06,18.07,5.0,27,140.0,0.507,6,5,2,Sort,2,0,0,0,1,0,0,1,1,28,0,0,0
recent_flights_sorted,"SELECT flight_no, departure_airport, arrival_airport, scheduled_departure FROM aviation.flights WHERE departure_airport = 'WAW' ORDER BY scheduled_departure DESC LIMIT 100",171,0,1,0,False,True,False,1,1,4,0,0,0,0,0,0,267.22,267.47,100.0,23,2100.0,2.361,3,3,1,Limit,1,0,0,0,0,0,0,1,0,318,0,0,0
airport_departure_counts,"SELECT departure_airport, COUNT(*) AS flight_count FROM aviation.flights WHERE scheduled_departure >= DATE '2025-01-09' AND scheduled_departure < DATE '2025-01-16' GROUP BY departure_airport ORDER BY flight_count DESC",217,0,2,0,True,True,False,1,1,2,1,0,0,0,0,0,255.26,255.28,10.0,12,218.0,2.635,3,3,1,Sort,1,0,0,0,0,0,0,1,1,315,0,0,0
aircraft_fare_capacity,"SELECT fare_conditions, COUNT(*) AS seat_count FROM aviation.seats WHERE aircraft_code = '320' GROUP BY fare_conditions ORDER BY seat_count DESC",144,0,1,0,True,True,False,1,1,2,1,0,0,0,0,0,17.2,17.21,3.0,16,186.0,0.313,3,3,1,Sort,1,0,0,0,0,0,0,1,1,18,0,0,0
high_value_passengers,"SELECT t.passenger_id, t.passenger_name, b.total_amount FROM aviation.tickets AS t JOIN aviation.bookings AS b ON b.book_ref = t.book_ref WHERE b.total_amount >= 275000 ORDER BY b.total_amount DESC LIMIT 100",207,1,1,0,False,True,False,2,2,3,0,1,0,0,0,0,5260.06,5260.31,100.0,33,237152.0,103.219,6,5,2,Limit,2,0,0,0,1,0,0,1,0,5689,0,0,0
ticket_fare_lookup,"SELECT t.ticket_no, tf.flight_id, tf.amount FROM aviation.tickets AS t JOIN aviation.ticket_flights AS tf ON tf.ticket_no = t.ticket_no WHERE t.passenger_id = '9992-069986' AND tf.fare_conditions = 'Comfort'",207,1,2,0,False,False,False,2,2,3,0,1,0,0,0,0,0.42,2280.45,1.0,24,3.0,16.423,3,2,2,Nested Loop,1,1,0,0,0,0,1,0,0,2052,0,0,0
unboarded_tickets,"SELECT tf.ticket_no, tf.fare_conditions FROM aviation.ticket_flights AS tf LEFT JOIN aviation.boarding_passes AS bp ON bp.ticket_no = tf.ticket_no AND bp.flight_id = tf.flight_id WHERE tf.flight_id = 9812 AND bp.ticket_no IS NULL",229,1,2,0,False,False,False,2,2,2,0,0,1,0,0,0,0.29,2109.74,10.0,22,40.0,13.43,4,3,2,Nested Loop,1,1,0,0,0,0,1,0,0,1677,0,0,0
airport_connections,"SELECT dep.city AS departure_city, arr.city AS arrival_city, COUNT(*) AS flights FROM aviation.flights AS f JOIN aviation.airports AS dep ON dep.airport_code = f.departure_airport JOIN aviation.airports AS arr ON arr.airport_code = f.arrival_airport WHERE f.departure_airport = 'IST' AND f.status = 'Departed' GROUP BY dep.city, arr.city",337,2,2,0,True,False,False,3,2,3,1,2,0,0,0,0,261.66,261.76,10.0,24,781.0,2.322,7,4,2,Aggregate,3,0,0,0,1,0,1,0,1,420,0,0,0
booking_ticket_count,"SELECT b.book_ref, COUNT(t.ticket_no) AS ticket_count FROM aviation.bookings AS b JOIN aviation.tickets AS t ON t.book_ref = b.book_ref WHERE b.book_date >= DATE '2024-11-26' AND b.book_date < DATE '2024-12-03' GROUP BY b.book_ref HAVING COUNT(t.ticket_no) >= 2",261,1,2,0,True,False,False,2,2,2,2,1,0,0,0,0,3375.14,3387.16,320.0,15,104164.0,46.894,5,4,2,Aggregate,2,0,0,0,1,0,0,0,1,4342,0,0,0
ticket_name_prefix,"SELECT ticket_no, passenger_id, passenger_name FROM aviation.tickets WHERE passenger_name LIKE 'Passenger 15401%' ORDER BY ticket_no LIMIT 50",141,0,1,0,False,True,False,1,1,3,0,0,0,0,0,0,2272.17,2272.19,10.0,41,30.0,17.783,3,3,1,Limit,1,0,0,0,0,0,0,1,0,3072,0,0,0
top_routes,"SELECT departure_airport, arrival_airport, COUNT(*) AS flight_count FROM aviation.flights WHERE scheduled_departure >= DATE '2025-05-06' AND scheduled_departure < DATE '2025-06-05' GROUP BY departure_airport, arrival_airport ORDER BY flight_count DESC LIMIT 3",259,0,2,0,True,True,False,1,1,3,1,0,0,0,0,0,262.52,262.53,3.0,16,1034.0,3.955,4,4,1,Limit,1,0,0,0,0,0,0,1,1,422,0,0,0
aircraft_flight_counts,"SELECT a.aircraft_code, a.model, COUNT(f.flight_id) AS flight_count FROM aviation.aircrafts AS a LEFT JOIN aviation.flights AS f ON f.aircraft_code = a.aircraft_code WHERE a.range_km >= 6000 GROUP BY a.aircraft_code, a.model",224,1,1,0,True,False,False,2,2,3,1,0,1,0,0,0,273.59,273.61,2.0,27,14006.0,6.093,5,4,2,Aggregate,2,0,0,0,1,0,0,0,1,316,0,0,0
flight_occupancy,"SELECT f.flight_id, COUNT(DISTINCT tf.ticket_no) AS tickets, COUNT(DISTINCT bp.ticket_no) AS boarded FROM aviation.flights AS f LEFT JOIN aviation.ticket_flights AS tf ON tf.flight_id = f.flight_id LEFT JOIN aviation.boarding_passes AS bp ON bp.flight_id = tf.flight_id AND bp.ticket_no = tf.ticket_no WHERE f.flight_id = 6107 GROUP BY f.flight_id",347,2,1,0,True,False,False,3,3,3,2,0,2,0,0,0,2112.95,2113.12,1.0,20,62.0,15.602,8,5,3,Aggregate,1,1,1,0,0,1,1,2,1,4197,0,0,0
airport_departure_counts,"SELECT departure_airport, COUNT(*) AS flight_count FROM aviation.flights WHERE scheduled_departure >= DATE '2025-05-20' AND scheduled_departure < DATE '2025-07-19' GROUP BY departure_airport ORDER BY flight_count DESC",217,0,2,0,True,True,False,1,1,2,1,0,0,0,0,0,262.4,262.43,10.0,12,1647.0,3.216,3,3,1,Sort,1,0,0,0,0,0,0,1,1,315,0,0,0
flights_without_tickets,"SELECT f.flight_id, f.flight_no FROM aviation.flights AS f WHERE f.scheduled_departure >= DATE '2025-06-19' AND NOT EXISTS (SELECT 1 FROM aviation.ticket_flights AS tf WHERE tf.flight_id = f.flight_id)",201,0,3,1,False,False,False,2,2,3,0,0,0,0,0,0,3084.0,3339.45,1.0,11,205290.0,55.44,4,3,2,Hash Join,2,0,0,0,1,0,0,0,0,2710,0,0,0
daily_flight_count,"SELECT scheduled_departure::date AS flight_date, COUNT(*) AS flight_count FROM aviation.flights WHERE departure_airport = 'LED' GROUP BY scheduled_departure::date ORDER BY flight_date",183,0,1,0,True,True,False,1,1,2,1,0,0,0,0,0,281.33,301.24,993.0,12,2993.0,3.268,3,3,1,Aggregate,1,0,0,0,0,0,0,1,1,318,0,0,0
booking_amount_range,"SELECT book_ref, book_date, total_amount FROM aviation.bookings WHERE total_amount BETWEEN 45000 AND 160000",107,0,1,0,False,False,False,1,1,3,0,0,0,0,0,0,0.0,1069.0,11526.0,21,11526.0,17.051,1,1,1,Seq Scan,1,0,0,0,0,0,0,0,0,319,0,0,0
boarding_pass_lookup,"SELECT bp.boarding_no, bp.seat_no, t.passenger_name FROM aviation.boarding_passes AS bp JOIN aviation.tickets AS t ON t.ticket_no = bp.ticket_no WHERE bp.flight_id = 8546 AND bp.boarding_no BETWEEN 3 AND 6",205,1,2,0,False,False,False,2,2,3,0,1,0,0,0,0,0.71,47.37,4.0,22,9.0,0.103,3,2,2,Nested Loop,0,2,0,0,0,0,1,0,0,4,0,0,0
flight_revenue,"SELECT f.flight_id, f.flight_no, COUNT(*) AS ticket_count, SUM(tf.amount) AS revenue FROM aviation.flights AS f JOIN aviation.ticket_flights AS tf ON tf.flight_id = f.flight_id WHERE f.flight_id = 3223 GROUP BY f.flight_id, f.flight_no",235,1,1,0,True,False,False,2,2,4,2,1,0,0,0,0,0.29,2092.47,1.0,51,22.0,13.076,4,3,2,Aggregate,1,1,0,0,0,0,1,0,1,2511,0,0,0
fare_statistics,"SELECT fare_conditions, COUNT(*) AS ticket_count, AVG(amount) AS average_amount FROM aviation.ticket_flights WHERE fare_conditions = 'Business' AND amount >= 28250 GROUP BY fare_conditions HAVING COUNT(*) > 10",209,0,2,0,True,False,False,1,1,3,3,0,0,0,0,0,0.0,2353.5,1.0,48,3897.0,25.774,2,2,1,Aggregate,1,0,0,0,0,0,0,0,1,1668,0,0,0
passenger_flight_history,"SELECT t.passenger_id, t.passenger_name, f.flight_no, f.scheduled_departure, tf.fare_conditions FROM aviation.tickets AS t JOIN aviation.ticket_flights AS tf ON tf.ticket_no = t.ticket_no JOIN aviation.flights AS f ON f.flight_id = tf.flight_id WHERE t.passenger_id = '9087-039084' AND f.status = 'Arrived' ORDER BY f.scheduled_departure DESC",342,2,2,0,False,True,False,3,3,5,0,2,0,0,0,0,2280.77,2280.77,1.0,50,6.0,18.693,6,4,3,Sort,1,2,0,0,0,0,2,1,0,4116,0,0,0
route_revenue,"SELECT f.departure_airport, f.arrival_airport, SUM(tf.amount) AS revenue FROM aviation.flights AS f JOIN aviation.ticket_flights AS tf ON tf.flight_id = f.flight_id WHERE f.departure_airport = 'GME' GROUP BY f.departure_airport, f.arrival_airport ORDER BY revenue DESC",268,1,1,0,True,True,False,2,2,3,1,1,0,0,0,0,2388.4,2388.43,10.0,40,112020.0,39.482,6,5,2,Sort,2,0,0,0,1,0,0,1,1,3859,0,0,0
recent_flights_sorted,"SELECT flight_no, departure_airport, arrival_airport, scheduled_departure FROM aviation.flights WHERE departure_airport = 'SVO' ORDER BY scheduled_departure DESC LIMIT 25",170,0,1,0,False,True,False,1,1,4,0,0,0,0,0,0,257.22,257.28,25.0,23,2025.0,2.491,3,3,1,Limit,1,0,0,0,0,0,0,1,0,318,0,0,0
aircraft_seat_capacity,"SELECT a.aircraft_code, a.model, COUNT(s.seat_no) AS seat_count FROM aviation.aircrafts AS a JOIN aviation.seats AS s ON s.aircraft_code = a.aircraft_code WHERE s.fare_conditions = 'Business' GROUP BY a.aircraft_code, a.model ORDER BY seat_count DESC",250,1,1,0,True,True,False,2,2,3,1,1,0,0,0,0,18.06,18.07,5.0,27,140.0,0.568,6,5,2,Sort,2,0,0,0,1,0,0,1,1,28,0,0,0
bookings_with_expensive_ticket,"SELECT b.book_ref, b.total_amount FROM aviation.bookings AS b WHERE EXISTS (SELECT 1 FROM aviation.tickets AS t JOIN aviation.ticket_flights AS tf ON tf.ticket_no = t.ticket_no WHERE t.book_ref = b.book_ref AND tf.amount >= 54000)",230,1,3,1,False,False,False,3,3,3,0,1,0,0,0,0,6228.32,7733.8,49909.0,13,472928.0,187.41,7,5,3,Hash Join,3,0,0,0,2,0,0,0,0,9084,0,0,0
route_by_date,"SELECT flight_id, flight_no, scheduled_departure, status FROM aviation.flights WHERE departure_airport = 'TBS' AND arrival_airport = 'BQT' AND scheduled_departure >= DATE '2025-12-27' AND scheduled_departure < DATE '2025-12-27' + INTERVAL '1 day'",246,0,4,0,False,False,False,1,1,4,0,0,0,0,0,0,0.0,304.0,1.0,27,1.0,1.998,1,1,1,Seq Scan,1,0,0,0,0,0,0,0,0,104,0,0,0
passengers_for_booking,"SELECT b.book_ref, b.book_date, t.ticket_no, t.passenger_name FROM aviation.bookings AS b JOIN aviation.tickets AS t ON t.book_ref = b.book_ref WHERE b.book_ref = '043654'",171,1,1,0,False,False,False,2,2,4,0,1,0,0,0,0,0.29,2280.33,2.0,44,5.0,16.731,3,2,2,Nested Loop,1,1,0,0,0,0,1,0,0,2050,0,0,0
flight_revenue,"SELECT f.flight_id, f.flight_no, COUNT(*) AS ticket_count, SUM(tf.amount) AS revenue FROM aviation.flights AS f JOIN aviation.ticket_flights AS tf ON tf.flight_id = f.flight_id WHERE f.flight_id = 2623 GROUP BY f.flight_id, f.flight_no",235,1,1,0,True,False,False,2,2,4,2,1,0,0,0,0,0.29,2092.47,1.0,51,22.0,13.269,4,3,2,Aggregate,1,1,0,0,0,0,1,0,1,2511,0,0,0
boarding_pass_lookup,"SELECT bp.boarding_no, bp.seat_no, t.passenger_name FROM aviation.boarding_passes AS bp JOIN aviation.tickets AS t ON t.ticket_no = bp.ticket_no WHERE bp.flight_id = 8775 AND bp.boarding_no BETWEEN 4 AND 8",205,1,2,0,False,False,False,2,2,3,0,1,0,0,0,0,0.71,57.58,5.0,22,11.0,0.292,3,2,2,Nested Loop,0,2,0,0,0,0,1,0,0,46,0,0,0
bookings_with_expensive_ticket,"SELECT b.book_ref, b.total_amount FROM aviation.bookings AS b WHERE EXISTS (SELECT 1 FROM aviation.tickets AS t JOIN aviation.ticket_flights AS tf ON tf.ticket_no = t.ticket_no WHERE t.book_ref = b.book_ref AND tf.amount >= 103500)",231,1,3,1,False,False,False,3,3,3,0,1,0,0,0,0,5052.59,6184.52,16331.0,13,231655.0,101.54,7,5,3,Hash Join,3,0,0,0,2,0,0,0,0,8896,0,0,0
recent_flights_sorted,"SELECT flight_no, departure_airport, arrival_airport, scheduled_departure FROM aviation.flights WHERE departure_airport = 'SVO' ORDER BY scheduled_departure DESC LIMIT 10",170,0,1,0,False,True,False,1,1,4,0,0,0,0,0,0,250.61,250.63,10.0,23,2010.0,2.222,3,3,1,Limit,1,0,0,0,0,0,0,1,0,318,0,0,0
flights_without_tickets,"SELECT f.flight_id, f.flight_no FROM aviation.flights AS f WHERE f.scheduled_departure >= DATE '2025-10-19' AND NOT EXISTS (SELECT 1 FROM aviation.ticket_flights AS tf WHERE tf.flight_id = f.flight_id)",201,0,3,1,False,False,False,2,2,3,0,0,0,0,0,0,3084.0,3322.97,1.0,11,201996.0,57.752,4,3,2,Hash Join,2,0,0,0,1,0,0,0,0,2710,0,0,0
airport_connections,"SELECT dep.city AS departure_city, arr.city AS arrival_city, COUNT(*) AS flights FROM aviation.flights AS f JOIN aviation.airports AS dep ON dep.airport_code = f.departure_airport JOIN aviation.airports AS arr ON arr.airport_code = f.arrival_airport WHERE f.departure_airport = 'TBS' AND f.status = 'Arrived' GROUP BY dep.city, arr.city",336,2,2,0,True,False,False,3,2,3,1,2,0,0,0,0,261.66,261.76,10.0,24,781.0,1.755,7,4,2,Aggregate,3,0,0,0,1,0,1,0,1,420,0,0,0
top_routes,"SELECT departure_airport, arrival_airport, COUNT(*) AS flight_count FROM aviation.flights WHERE scheduled_departure >= DATE '2025-06-02' AND scheduled_departure < DATE '2025-07-02' GROUP BY departure_airport, arrival_airport ORDER BY flight_count DESC LIMIT 5",259,0,2,0,True,True,False,1,1,3,1,0,0,0,0,0,262.73,262.74,5.0,16,1014.0,3.842,4,4,1,Limit,1,0,0,0,0,0,0,1,1,422,0,0,0
aircraft_seat_capacity,"SELECT a.aircraft_code, a.model, COUNT(s.seat_no) AS seat_count FROM aviation.aircrafts AS a JOIN aviation.seats AS s ON s.aircraft_code = a.aircraft_code WHERE s.fare_conditions = 'Comfort' GROUP BY a.aircraft_code, a.model ORDER BY seat_count DESC",249,1,1,0,True,True,False,2,2,3,1,1,0,0,0,0,18.65,18.67,5.0,27,260.0,0.398,6,5,2,Sort,2,0,0,0,1,0,0,1,1,28,0,0,0
aircraft_fare_capacity,"SELECT fare_conditions, COUNT(*) AS seat_count FROM aviation.seats WHERE aircraft_code = '321' GROUP BY fare_conditions ORDER BY seat_count DESC",144,0,1,0,True,True,False,1,1,2,1,0,0,0,0,0,17.2,17.21,3.0,16,186.0,0.449,3,3,1,Sort,1,0,0,0,0,0,0,1,1,18,0,0,0
route_revenue,"SELECT f.departure_airport, f.arrival_airport, SUM(tf.amount) AS revenue FROM aviation.flights AS f JOIN aviation.ticket_flights AS tf ON tf.flight_id = f.flight_id WHERE f.departure_airport = 'WAW' GROUP BY f.departure_airport, f.arrival_airport ORDER BY revenue DESC",268,1,1,0,True,True,False,2,2,3,1,1,0,0,0,0,2388.4,2388.43,10.0,40,112020.0,84.793,6,5,2,Sort,2,0,0,0,1,0,0,1,1,3859,0,0,0
fare_statistics,"SELECT fare_conditions, COUNT(*) AS ticket_count, AVG(amount) AS average_amount FROM aviation.ticket_flights WHERE fare_conditions = 'Comfort' AND amount >= 44250 GROUP BY fare_conditions HAVING COUNT(*) > 10",208,0,2,0,True,False,False,1,1,3,3,0,0,0,0,0,0.0,2379.55,1.0,48,9107.0,26.922,2,2,1,Aggregate,1,0,0,0,0,0,0,0,1,1668,0,0,0
booking_ticket_count,"SELECT b.book_ref, COUNT(t.ticket_no) AS ticket_count FROM aviation.bookings AS b JOIN aviation.tickets AS t ON t.book_ref = b.book_ref WHERE b.book_date >= DATE '2024-12-22' AND b.book_date < DATE '2025-01-21' GROUP BY b.book_ref HAVING COUNT(t.ticket_no) >= 2",261,1,2,0,True,False,False,2,2,2,2,1,0,0,0,0,3449.03,3502.1,1415.0,15,118395.0,56.036,5,4,2,Aggregate,2,0,0,0,1,0,0,0,1,4342,0,0,0
daily_flight_count,"SELECT scheduled_departure::date AS flight_date, COUNT(*) AS flight_count FROM aviation.flights WHERE departure_airport = 'BQT' GROUP BY scheduled_departure::date ORDER BY flight_date",183,0,1,0,True,True,False,1,1,2,1,0,0,0,0,0,281.33,301.24,993.0,12,2993.0,3.645,3,3,1,Aggregate,1,0,0,0,0,0,0,1,1,318,0,0,0
ticket_name_prefix,"SELECT ticket_no, passenger_id, passenger_name FROM aviation.tickets WHERE passenger_name LIKE 'Passenger 83433%' ORDER BY ticket_no LIMIT 50",141,0,1,0,False,True,False,1,1,3,0,0,0,0,0,0,2272.17,2272.19,10.0,41,30.0,18.4,3,3,1,Limit,1,0,0,0,0,0,0,1,0,3072,0,0,0
passenger_flight_history,"SELECT t.passenger_id, t.passenger_name, f.flight_no, f.scheduled_departure, tf.fare_conditions FROM aviation.tickets AS t JOIN aviation.ticket_flights AS tf ON tf.ticket_no = t.ticket_no JOIN aviation.flights AS f ON f.flight_id = tf.flight_id WHERE t.passenger_id = '3223-003223' AND f.status = 'On Time' ORDER BY f.scheduled_departure DESC",342,2,2,0,False,True,False,3,3,5,0,2,0,0,0,0,2280.77,2280.77,1.0,50,6.0,16.047,6,4,3,Sort,1,2,0,0,0,0,2,1,0,4116,0,0,0
passengers_for_booking,"SELECT b.book_ref, b.book_date, t.ticket_no, t.passenger_name FROM aviation.bookings AS b JOIN aviation.tickets AS t ON t.book_ref = b.book_ref WHERE b.book_ref = '026686'",171,1,1,0,False,False,False,2,2,4,0,1,0,0,0,0,0.29,2280.33,2.0,44,5.0,15.784,3,2,2,Nested Loop,1,1,0,0,0,0,1,0,0,2050,0,0,0
booking_amount_range,"SELECT book_ref, book_date, total_amount FROM aviation.bookings WHERE total_amount BETWEEN 185000 AND 225000",108,0,1,0,False,False,False,1,1,3,0,0,0,0,0,0,0.0,1069.0,4001.0,21,4001.0,12.873,1,1,1,Seq Scan,1,0,0,0,0,0,0,0,0,319,0,0,0
route_by_date,"SELECT flight_id, flight_no, scheduled_departure, status FROM aviation.flights WHERE departure_airport = 'IST' AND arrival_airport = 'GME' AND scheduled_departure >= DATE '2025-03-28' AND scheduled_departure < DATE '2025-03-28' + INTERVAL '1 day'",246,0,4,0,False,False,False,1,1,4,0,0,0,0,0,0,0.0,304.0,1.0,27,1.0,3.176,1,1,1,Seq Scan,1,0,0,0,0,0,0,0,0,104,0,0,0
airport_departure_counts,"SELECT departure_airport, COUNT(*) AS flight_count FROM aviation.flights WHERE scheduled_departure >= DATE '2025-08-11' AND scheduled_departure < DATE '2025-10-10' GROUP BY departure_airport ORDER BY flight_count DESC",217,0,2,0,True,True,False,1,1,2,1,0,0,0,0,0,262.37,262.39,10.0,12,1640.0,3.509,3,3,1,Sort,1,0,0,0,0,0,0,1,1,315,0,0,0
flight_occupancy,"SELECT f.flight_id, COUNT(DISTINCT tf.ticket_no) AS tickets, COUNT(DISTINCT bp.ticket_no) AS boarded FROM aviation.flights AS f LEFT JOIN aviation.ticket_flights AS tf ON tf.flight_id = f.flight_id LEFT JOIN aviation.boarding_passes AS bp ON bp.flight_id = tf.flight_id AND bp.ticket_no = tf.ticket_no WHERE f.flight_id = 9436 GROUP BY f.flight_id",347,2,1,0,True,False,False,3,3,3,2,0,2,0,0,0,2112.95,2113.12,1.0,20,62.0,13.407,8,5,3,Aggregate,1,1,1,0,0,1,1,2,1,4193,0,0,0
ticket_fare_lookup,"SELECT t.ticket_no, tf.flight_id, tf.amount FROM aviation.tickets AS t JOIN aviation.ticket_flights AS tf ON tf.ticket_no = t.ticket_no WHERE t.passenger_id = '8013-018012' AND tf.fare_conditions = 'Economy'",207,1,2,0,False,False,False,2,2,3,0,1,0,0,0,0,0.42,2280.45,1.0,24,3.0,16.033,3,2,2,Nested Loop,1,1,0,0,0,0,1,0,0,2052,0,0,0
unboarded_tickets,"SELECT tf.ticket_no, tf.fare_conditions FROM aviation.ticket_flights AS tf LEFT JOIN aviation.boarding_passes AS bp ON bp.ticket_no = tf.ticket_no AND bp.flight_id = tf.flight_id WHERE tf.flight_id = 4375 AND bp.ticket_no IS NULL",229,1,2,0,False,False,False,2,2,2,0,0,1,0,0,0,0.29,2109.74,10.0,22,40.0,15.954,4,3,2,Nested Loop,1,1,0,0,0,0,1,0,0,1677,0,0,0
aircraft_flight_counts,"SELECT a.aircraft_code, a.model, COUNT(f.flight_id) AS flight_count FROM aviation.aircrafts AS a LEFT JOIN aviation.flights AS f ON f.aircraft_code = a.aircraft_code WHERE a.range_km >= 6000 GROUP BY a.aircraft_code, a.model",224,1,1,0,True,False,False,2,2,3,1,0,1,0,0,0,273.59,273.61,2.0,27,14006.0,6.137,5,4,2,Aggregate,2,0,0,0,1,0,0,0,1,316,0,0,0
high_value_passengers,"SELECT t.passenger_id, t.passenger_name, b.total_amount FROM aviation.tickets AS t JOIN aviation.bookings AS b ON b.book_ref = t.book_ref WHERE b.total_amount >= 365000 ORDER BY b.total_amount DESC LIMIT 100",207,1,1,0,False,True,False,2,2,3,0,1,0,0,0,0,4436.93,4437.18,100.0,33,181622.0,72.195,6,5,2,Limit,2,0,0,0,1,0,0,1,0,5689,0,0,0
passenger_flight_history,"SELECT t.passenger_id, t.passenger_name, f.flight_no, f.scheduled_departure, tf.fare_conditions FROM aviation.tickets AS t JOIN aviation.ticket_flights AS tf ON tf.ticket_no = t.ticket_no JOIN aviation.flights AS f ON f.flight_id = tf.flight_id WHERE t.passenger_id = '4891-044887' AND f.status = 'Scheduled' ORDER BY f.scheduled_departure DESC",344,2,2,0,False,True,False,3,3,5,0,2,0,0,0,0,2280.77,2280.77,1.0,50,6.0,18.925,6,4,3,Sort,1,2,0,0,0,0,2,1,0,4116,0,0,0
airport_departure_counts,"SELECT departure_airport, COUNT(*) AS flight_count FROM aviation.flights WHERE scheduled_departure >= DATE '2025-08-07' AND scheduled_departure < DATE '2025-09-06' GROUP BY departure_airport ORDER BY flight_count DESC",217,0,2,0,True,True,False,1,1,2,1,0,0,0,0,0,258.32,258.34,10.0,12,830.0,2.949,3,3,1,Sort,1,0,0,0,0,0,0,1,1,315,0,0,0
airport_connections,"SELECT dep.city AS departure_city, arr.city AS arrival_city, COUNT(*) AS flights FROM aviation.flights AS f JOIN aviation.airports AS dep ON dep.airport_code = f.departure_airport JOIN aviation.airports AS arr ON arr.airport_code = f.arrival_airport WHERE f.departure_airport = 'WAW' AND f.status = 'On Time' GROUP BY dep.city, arr.city",336,2,2,0,True,False,False,3,2,3,1,2,0,0,0,0,261.66,261.76,10.0,24,781.0,6.139,7,4,2,Aggregate,3,0,0,0,1,0,1,0,1,424,0,0,0
flight_occupancy,"SELECT f.flight_id, COUNT(DISTINCT tf.ticket_no) AS tickets, COUNT(DISTINCT bp.ticket_no) AS boarded FROM aviation.flights AS f LEFT JOIN aviation.ticket_flights AS tf ON tf.flight_id = f.flight_id LEFT JOIN aviation.boarding_passes AS bp ON bp.flight_id = tf.flight_id AND bp.ticket_no = tf.ticket_no WHERE f.flight_id = 5057 GROUP BY f.flight_id",347,2,1,0,True,False,False,3,3,3,2,0,2,0,0,0,2112.95,2113.12,1.0,20,62.0,13.095,8,5,3,Aggregate,1,1,1,0,0,1,1,2,1,4197,0,0,0
ticket_name_prefix,"SELECT ticket_no, passenger_id, passenger_name FROM aviation.tickets WHERE passenger_name LIKE 'Passenger 186%' ORDER BY ticket_no LIMIT 50",139,0,1,0,False,True,False,1,1,3,0,0,0,0,0,0,2272.17,2272.19,10.0,41,30.0,18.85,3,3,1,Limit,1,0,0,0,0,0,0,1,0,3072,0,0,0
route_revenue,"SELECT f.departure_airport, f.arrival_airport, SUM(tf.amount) AS revenue FROM aviation.flights AS f JOIN aviation.ticket_flights AS tf ON tf.flight_id = f.flight_id WHERE f.departure_airport = 'LED' GROUP BY f.departure_airport, f.arrival_airport ORDER BY revenue DESC",268,1,1,0,True,True,False,2,2,3,1,1,0,0,0,0,2388.4,2388.43,10.0,40,112020.0,47.031,6,5,2,Sort,2,0,0,0,1,0,0,1,1,3859,0,0,0
ticket_fare_lookup,"SELECT t.ticket_no, tf.flight_id, tf.amount FROM aviation.tickets AS t JOIN aviation.ticket_flights AS tf ON tf.ticket_no = t.ticket_no WHERE t.passenger_id = '6200-026198' AND tf.fare_conditions = 'Business'",208,1,2,0,False,False,False,2,2,3,0,1,0,0,0,0,0.42,2280.45,1.0,24,3.0,18.004,3,2,2,Nested Loop,1,1,0,0,0,0,1,0,0,2052,0,0,0
unboarded_tickets,"SELECT tf.ticket_no, tf.fare_conditions FROM aviation.ticket_flights AS tf LEFT JOIN aviation.boarding_passes AS bp ON bp.ticket_no = tf.ticket_no AND bp.flight_id = tf.flight_id WHERE tf.flight_id = 1547 AND bp.ticket_no IS NULL",229,1,2,0,False,False,False,2,2,2,0,0,1,0,0,0,0.29,2109.74,10.0,22,40.0,13.16,4,3,2,Nested Loop,1,1,0,0,0,0,1,0,0,1677,0,0,0
bookings_with_expensive_ticket,"SELECT b.book_ref, b.total_amount FROM aviation.bookings AS b WHERE EXISTS (SELECT 1 FROM aviation.tickets AS t JOIN aviation.ticket_flights AS tf ON tf.ticket_no = t.ticket_no WHERE t.book_ref = b.book_ref AND tf.amount >= 106750)",231,1,3,1,False,False,False,3,3,3,0,1,0,0,0,0,4955.6,6056.7,13560.0,13,217800.0,112.215,7,5,3,Hash Join,3,0,0,0,2,0,0,0,0,8896,0,0,0
aircraft_flight_counts,"SELECT a.aircraft_code, a.model, COUNT(f.flight_id) AS flight_count FROM aviation.aircrafts AS a LEFT JOIN aviation.flights AS f ON f.aircraft_code = a.aircraft_code WHERE a.range_km >= 5000 GROUP BY a.aircraft_code, a.model",224,1,1,0,True,False,False,2,2,3,1,0,1,0,0,0,293.61,293.65,4.0,27,18012.0,7.062,5,4,2,Aggregate,2,0,0,0,1,0,0,0,1,316,0,0,0
aircraft_fare_capacity,"SELECT fare_conditions, COUNT(*) AS seat_count FROM aviation.seats WHERE aircraft_code = '320' GROUP BY fare_conditions ORDER BY seat_count DESC",144,0,1,0,True,True,False,1,1,2,1,0,0,0,0,0,17.2,17.21,3.0,16,186.0,0.283,3,3,1,Sort,1,0,0,0,0,0,0,1,1,18,0,0,0
flight_revenue,"SELECT f.flight_id, f.flight_no, COUNT(*) AS ticket_count, SUM(tf.amount) AS revenue FROM aviation.flights AS f JOIN aviation.ticket_flights AS tf ON tf.flight_id = f.flight_id WHERE f.flight_id = 5675 GROUP BY f.flight_id, f.flight_no",235,1,1,0,True,False,False,2,2,4,2,1,0,0,0,0,0.29,2092.47,1.0,51,22.0,14.033,4,3,2,Aggregate,1,1,0,0,0,0,1,0,1,2511,0,0,0
aircraft_seat_capacity,"SELECT a.aircraft_code, a.model, COUNT(s.seat_no) AS seat_count FROM aviation.aircrafts AS a JOIN aviation.seats AS s ON s.aircraft_code = a.aircraft_code WHERE s.fare_conditions = 'Economy' GROUP BY a.aircraft_code, a.model ORDER BY seat_count DESC",249,1,1,0,True,True,False,2,2,3,1,1,0,0,0,0,24.56,24.58,5.0,27,1460.0,0.855,6,5,2,Sort,2,0,0,0,1,0,0,1,1,28,0,0,0
route_by_date,"SELECT flight_id, flight_no, scheduled_departure, status FROM aviation.flights WHERE departure_airport = 'GNA' AND arrival_airport = 'WAW' AND scheduled_departure >= DATE '2025-09-25' AND scheduled_departure < DATE '2025-09-25' + INTERVAL '1 day'",246,0,4,0,False,False,False,1,1,4,0,0,0,0,0,0,0.0,304.0,1.0,27,1.0,2.264,1,1,1,Seq Scan,1,0,0,0,0,0,0,0,0,104,0,0,0
flights_without_tickets,"SELECT f.flight_id, f.flight_no FROM aviation.flights AS f WHERE f.scheduled_departure >= DATE '2025-02-13' AND NOT EXISTS (SELECT 1 FROM aviation.ticket_flights AS tf WHERE tf.flight_id = f.flight_id)",201,0,3,1,False,False,False,2,2,3,0,0,0,0,0,0,3084.0,3356.97,1.0,11,208795.0,56.766,4,3,2,Hash Join,2,0,0,0,1,0,0,0,0,2710,0,0,0
booking_amount_range,"SELECT book_ref, book_date, total_amount FROM aviation.bookings WHERE total_amount BETWEEN 50000 AND 125000",107,0,1,0,False,False,False,1,1,3,0,0,0,0,0,0,0.0,1069.0,7535.0,21,7535.0,14.619,1,1,1,Seq Scan,1,0,0,0,0,0,0,0,0,319,0,0,0
top_routes,"SELECT departure_airport, arrival_airport, COUNT(*) AS flight_count FROM aviation.flights WHERE scheduled_departure >= DATE '2025-02-12' AND scheduled_departure < DATE '2025-05-13' GROUP BY departure_airport, arrival_airport ORDER BY flight_count DESC LIMIT 5",259,0,2,0,True,True,False,1,1,3,1,0,0,0,0,0,275.56,275.57,5.0,16,2725.0,4.722,4,4,1,Limit,1,0,0,0,0,0,0,1,1,422,0,0,0
high_value_passengers,"SELECT t.passenger_id, t.passenger_name, b.total_amount FROM aviation.tickets AS t JOIN aviation.bookings AS b ON b.book_ref = t.book_ref WHERE b.total_amount >= 240000 ORDER BY b.total_amount DESC LIMIT 100",207,1,1,0,False,True,False,2,2,3,0,1,0,0,0,0,5571.52,5571.77,100.0,33,258164.0,110.902,6,5,2,Limit,2,0,0,0,1,0,0,1,0,5689,0,0,0
daily_flight_count,"SELECT scheduled_departure::date AS flight_date, COUNT(*) AS flight_count FROM aviation.flights WHERE departure_airport = 'MSQ' GROUP BY scheduled_departure::date ORDER BY flight_date",183,0,1,0,True,True,False,1,1,2,1,0,0,0,0,0,281.33,301.24,993.0,12,2993.0,2.939,3,3,1,Aggregate,1,0,0,0,0,0,0,1,1,318,0,0,0
recent_flights_sorted,"SELECT flight_no, departure_airport, arrival_airport, scheduled_departure FROM aviation.flights WHERE departure_airport = 'GNA' ORDER BY scheduled_departure DESC LIMIT 25",170,0,1,0,False,True,False,1,1,4,0,0,0,0,0,0,257.22,257.28,25.0,23,2025.0,2.073,3,3,1,Limit,1,0,0,0,0,0,0,1,0,318,0,0,0
passengers_for_booking,"SELECT b.book_ref, b.book_date, t.ticket_no, t.passenger_name FROM aviation.bookings AS b JOIN aviation.tickets AS t ON t.book_ref = b.book_ref WHERE b.book_ref = '005509'",171,1,1,0,False,False,False,2,2,4,0,1,0,0,0,0,0.29,2280.33,2.0,44,5.0,17.117,3,2,2,Nested Loop,1,1,0,0,0,0,1,0,0,2050,0,0,0
fare_statistics,"SELECT fare_conditions, COUNT(*) AS ticket_count, AVG(amount) AS average_amount FROM aviation.ticket_flights WHERE fare_conditions = 'Economy' AND amount >= 72000 GROUP BY fare_conditions HAVING COUNT(*) > 10",208,0,2,0,True,False,False,1,1,3,3,0,0,0,0,0,0.0,2507.48,1.0,48,34693.0,33.855,2,2,1,Aggregate,1,0,0,0,0,0,0,0,1,1668,0,0,0
booking_ticket_count,"SELECT b.book_ref, COUNT(t.ticket_no) AS ticket_count FROM aviation.bookings AS b JOIN aviation.tickets AS t ON t.book_ref = b.book_ref WHERE b.book_date >= DATE '2025-01-03' AND b.book_date < DATE '2025-01-17' GROUP BY b.book_ref HAVING COUNT(t.ticket_no) >= 2",261,1,2,0,True,False,False,2,2,2,2,1,0,0,0,0,3395.98,3419.57,629.0,15,108177.0,52.335,5,4,2,Aggregate,2,0,0,0,1,0,0,0,1,4342,0,0,0
boarding_pass_lookup,"SELECT bp.boarding_no, bp.seat_no, t.passenger_name FROM aviation.boarding_passes AS bp JOIN aviation.tickets AS t ON t.ticket_no = bp.ticket_no WHERE bp.flight_id = 1771 AND bp.boarding_no BETWEEN 5 AND 8",205,1,2,0,False,False,False,2,2,3,0,1,0,0,0,0,0.71,47.37,4.0,22,9.0,0.207,3,2,2,Nested Loop,0,2,0,0,0,0,1,0,0,38,0,0,0
aircraft_fare_capacity,"SELECT fare_conditions, COUNT(*) AS seat_count FROM aviation.seats WHERE aircraft_code = '321' GROUP BY fare_conditions ORDER BY seat_count DESC",144,0,1,0,True,True,False,1,1,2,1,0,0,0,0,0,17.2,17.21,3.0,16,186.0,0.329,3,3,1,Sort,1,0,0,0,0,0,0,1,1,18,0,0,0
aircraft_seat_capacity,"SELECT a.aircraft_code, a.model, COUNT(s.seat_no) AS seat_count FROM aviation.aircrafts AS a JOIN aviation.seats AS s ON s.aircraft_code = a.aircraft_code WHERE s.fare_conditions = 'Economy' GROUP BY a.aircraft_code, a.model ORDER BY seat_count DESC",249,1,1,0,True,True,False,2,2,3,1,1,0,0,0,0,24.56,24.58,5.0,27,1460.0,0.946,6,5,2,Sort,2,0,0,0,1,0,0,1,1,28,0,0,0
route_by_date,"SELECT flight_id, flight_no, scheduled_departure, status FROM aviation.flights WHERE departure_airport = 'BQT' AND arrival_airport = 'GNA' AND scheduled_departure >= DATE '2025-08-08' AND scheduled_departure < DATE '2025-08-08' + INTERVAL '1 day'",246,0,4,0,False,False,False,1,1,4,0,0,0,0,0,0,0.0,304.0,1.0,27,1.0,2.27,1,1,1,Seq Scan,1,0,0,0,0,0,0,0,0,104,0,0,0
booking_amount_range,"SELECT book_ref, book_date, total_amount FROM aviation.bookings WHERE total_amount BETWEEN 150000 AND 250000",108,0,1,0,False,False,False,1,1,3,0,0,0,0,0,0,0.0,1069.0,10023.0,21,10023.0,14.819,1,1,1,Seq Scan,1,0,0,0,0,0,0,0,0,319,0,0,0
high_value_passengers,"SELECT t.passenger_id, t.passenger_name, b.total_amount FROM aviation.tickets AS t JOIN aviation.bookings AS b ON b.book_ref = t.book_ref WHERE b.total_amount >= 250000 ORDER BY b.total_amount DESC LIMIT 100",207,1,1,0,False,True,False,2,2,3,0,1,0,0,0,0,5484.63,5484.88,100.0,33,252302.0,100.676,6,5,2,Limit,2,0,0,0,1,0,0,1,0,5689,0,0,0
flight_occupancy,"SELECT f.flight_id, COUNT(DISTINCT tf.ticket_no) AS tickets, COUNT(DISTINCT bp.ticket_no) AS boarded FROM aviation.flights AS f LEFT JOIN aviation.ticket_flights AS tf ON tf.flight_id = f.flight_id LEFT JOIN aviation.boarding_passes AS bp ON bp.flight_id = tf.flight_id AND bp.ticket_no = tf.ticket_no WHERE f.flight_id = 6641 GROUP BY f.flight_id",347,2,1,0,True,False,False,3,3,3,2,0,2,0,0,0,2112.95,2113.12,1.0,20,62.0,15.616,8,5,3,Aggregate,1,1,1,0,0,1,1,2,1,4197,0,0,0
flight_revenue,"SELECT f.flight_id, f.flight_no, COUNT(*) AS ticket_count, SUM(tf.amount) AS revenue FROM aviation.flights AS f JOIN aviation.ticket_flights AS tf ON tf.flight_id = f.flight_id WHERE f.flight_id = 6114 GROUP BY f.flight_id, f.flight_no",235,1,1,0,True,False,False,2,2,4,2,1,0,0,0,0,0.29,2092.47,1.0,51,22.0,14.055,4,3,2,Aggregate,1,1,0,0,0,0,1,0,1,2511,0,0,0
passenger_flight_history,"SELECT t.passenger_id, t.passenger_name, f.flight_no, f.scheduled_departure, tf.fare_conditions FROM aviation.tickets AS t JOIN aviation.ticket_flights AS tf ON tf.ticket_no = t.ticket_no JOIN aviation.flights AS f ON f.flight_id = tf.flight_id WHERE t.passenger_id = '3014-003014' AND f.status = 'On Time' ORDER BY f.scheduled_departure DESC",342,2,2,0,False,True,False,3,3,5,0,2,0,0,0,0,2280.77,2280.77,1.0,50,6.0,16.104,6,4,3,Sort,1,2,0,0,0,0,2,1,0,4116,0,0,0
airport_connections,"SELECT dep.city AS departure_city, arr.city AS arrival_city, COUNT(*) AS flights FROM aviation.flights AS f JOIN aviation.airports AS dep ON dep.airport_code = f.departure_airport JOIN aviation.airports AS arr ON arr.airport_code = f.arrival_airport WHERE f.departure_airport = 'IST' AND f.status = 'On Time' GROUP BY dep.city, arr.city",336,2,2,0,True,False,False,3,2,3,1,2,0,0,0,0,261.66,261.76,10.0,24,781.0,2.896,7,4,2,Aggregate,3,0,0,0,1,0,1,0,1,424,0,0,0
route_revenue,"SELECT f.departure_airport, f.arrival_airport, SUM(tf.amount) AS revenue FROM aviation.flights AS f JOIN aviation.ticket_flights AS tf ON tf.flight_id = f.flight_id WHERE f.departure_airport = 'GME' GROUP BY f.departure_airport, f.arrival_airport ORDER BY revenue DESC",268,1,1,0,True,True,False,2,2,3,1,1,0,0,0,0,2388.4,2388.43,10.0,40,112020.0,41.646,6,5,2,Sort,2,0,0,0,1,0,0,1,1,3859,0,0,0
ticket_fare_lookup,"SELECT t.ticket_no, tf.flight_id, tf.amount FROM aviation.tickets AS t JOIN aviation.ticket_flights AS tf ON tf.ticket_no = t.ticket_no WHERE t.passenger_id = '3907-063901' AND tf.fare_conditions = 'Economy'",207,1,2,0,False,False,False,2,2,3,0,1,0,0,0,0,0.42,2280.45,1.0,24,3.0,16.05,3,2,2,Nested Loop,1,1,0,0,0,0,1,0,0,2052,0,0,0
airport_departure_counts,"SELECT departure_airport, COUNT(*) AS flight_count FROM aviation.flights WHERE scheduled_departure >= DATE '2025-10-24' AND scheduled_departure < DATE '2025-12-23' GROUP BY departure_airport ORDER BY flight_count DESC",217,0,2,0,True,True,False,1,1,2,1,0,0,0,0,0,262.37,262.39,10.0,12,1640.0,2.838,3,3,1,Sort,1,0,0,0,0,0,0,1,1,315,0,0,0
booking_ticket_count,"SELECT b.book_ref, COUNT(t.ticket_no) AS ticket_count FROM aviation.bookings AS b JOIN aviation.tickets AS t ON t.book_ref = b.book_ref WHERE b.book_date >= DATE '2025-05-24' AND b.book_date < DATE '2025-05-31' GROUP BY b.book_ref HAVING COUNT(t.ticket_no) >= 2",261,1,2,0,True,False,False,2,2,2,2,1,0,0,0,0,3376.16,3388.73,335.0,15,104359.0,44.487,5,4,2,Aggregate,2,0,0,0,1,0,0,0,1,4342,0,0,0
passengers_for_booking,"SELECT b.book_ref, b.book_date, t.ticket_no, t.passenger_name FROM aviation.bookings AS b JOIN aviation.tickets AS t ON t.book_ref = b.book_ref WHERE b.book_ref = '031716'",171,1,1,0,False,False,False,2,2,4,0,1,0,0,0,0,0.29,2280.33,2.0,44,5.0,19.286,3,2,2,Nested Loop,1,1,0,0,0,0,1,0,0,2050,0,0,0
boarding_pass_lookup,"SELECT bp.boarding_no, bp.seat_no, t.passenger_name FROM aviation.boarding_passes AS bp JOIN aviation.tickets AS t ON t.ticket_no = bp.ticket_no WHERE bp.flight_id = 9730 AND bp.boarding_no BETWEEN 3 AND 5",205,1,2,0,False,False,False,2,2,3,0,1,0,0,0,0,0.71,37.17,3.0,22,7.0,0.146,3,2,2,Nested Loop,0,2,0,0,0,0,1,0,0,30,0,0,0
flights_without_tickets,"SELECT f.flight_id, f.flight_no FROM aviation.flights AS f WHERE f.scheduled_departure >= DATE '2025-03-29' AND NOT EXISTS (SELECT 1 FROM aviation.ticket_flights AS tf WHERE tf.flight_id = f.flight_id)",201,0,3,1,False,False,False,2,2,3,0,0,0,0,0,0,3084.0,3350.8,1.0,11,207562.0,55.567,4,3,2,Hash Join,2,0,0,0,1,0,0,0,0,2710,0,0,0
ticket_name_prefix,"SELECT ticket_no, passenger_id, passenger_name FROM aviation.tickets WHERE passenger_name LIKE 'Passenger 20394%' ORDER BY ticket_no LIMIT 50",141,0,1,0,False,True,False,1,1,3,0,0,0,0,0,0,2272.17,2272.19,10.0,41,30.0,19.95,3,3,1,Limit,1,0,0,0,0,0,0,1,0,3072,0,0,0
recent_flights_sorted,"SELECT flight_no, departure_airport, arrival_airport, scheduled_departure FROM aviation.flights WHERE departure_airport = 'VTB' ORDER BY scheduled_departure DESC LIMIT 10",170,0,1,0,False,True,False,1,1,4,0,0,0,0,0,0,250.61,250.63,10.0,23,2010.0,2.511,3,3,1,Limit,1,0,0,0,0,0,0,1,0,318,0,0,0
bookings_with_expensive_ticket,"SELECT b.book_ref, b.total_amount FROM aviation.bookings AS b WHERE EXISTS (SELECT 1 FROM aviation.tickets AS t JOIN aviation.ticket_flights AS tf ON tf.ticket_no = t.ticket_no WHERE t.book_ref = b.book_ref AND tf.amount >= 67000)",230,1,3,1,False,False,False,3,3,3,0,1,0,0,0,0,6116.44,7586.53,46727.0,13,383635.0,152.297,7,5,3,Hash Join,3,0,0,0,2,0,0,0,0,8896,0,0,0
unboarded_tickets,"SELECT tf.ticket_no, tf.fare_conditions FROM aviation.ticket_flights AS tf LEFT JOIN aviation.boarding_passes AS bp ON bp.ticket_no = tf.ticket_no AND bp.flight_id = tf.flight_id WHERE tf.flight_id = 4241 AND bp.ticket_no IS NULL",229,1,2,0,False,False,False,2,2,2,0,0,1,0,0,0,0.29,2109.74,10.0,22,40.0,15.66,4,3,2,Nested Loop,1,1,0,0,0,0,1,0,0,1677,0,0,0
daily_flight_count,"SELECT scheduled_departure::date AS flight_date, COUNT(*) AS flight_count FROM aviation.flights WHERE departure_airport = 'LED' GROUP BY scheduled_departure::date ORDER BY flight_date",183,0,1,0,True,True,False,1,1,2,1,0,0,0,0,0,281.33,301.24,993.0,12,2993.0,2.393,3,3,1,Aggregate,1,0,0,0,0,0,0,1,1,318,0,0,0
aircraft_flight_counts,"SELECT a.aircraft_code, a.model, COUNT(f.flight_id) AS flight_count FROM aviation.aircrafts AS a LEFT JOIN aviation.flights AS f ON f.aircraft_code = a.aircraft_code WHERE a.range_km >= 3000 GROUP BY a.aircraft_code, a.model",224,1,1,0,True,False,False,2,2,3,1,0,1,0,0,0,303.62,303.68,5.0,27,20015.0,10.817,5,4,2,Aggregate,2,0,0,0,1,0,0,0,1,316,0,0,0
top_routes,"SELECT departure_airport, arrival_airport, COUNT(*) AS flight_count FROM aviation.flights WHERE scheduled_departure >= DATE '2025-03-06' AND scheduled_departure < DATE '2025-05-05' GROUP BY departure_airport, arrival_airport ORDER BY flight_count DESC LIMIT 5",259,0,2,0,True,True,False,1,1,3,1,0,0,0,0,0,269.26,269.27,5.0,16,1885.0,6.167,4,4,1,Limit,1,0,0,0,0,0,0,1,1,422,0,0,0
fare_statistics,"SELECT fare_conditions, COUNT(*) AS ticket_count, AVG(amount) AS average_amount FROM aviation.ticket_flights WHERE fare_conditions = 'Comfort' AND amount >= 43750 GROUP BY fare_conditions HAVING COUNT(*) > 10",208,0,2,0,True,False,False,1,1,3,3,0,0,0,0,0,0.0,2379.83,1.0,48,9163.0,28.896,2,2,1,Aggregate,1,0,0,0,0,0,0,0,1,1668,0,0,0
daily_flight_count,"SELECT scheduled_departure::date AS flight_date, COUNT(*) AS flight_count FROM aviation.flights WHERE departure_airport = 'IST' GROUP BY scheduled_departure::date ORDER BY flight_date",183,0,1,0,True,True,False,1,1,2,1,0,0,0,0,0,281.33,301.24,993.0,12,2993.0,2.41,3,3,1,Aggregate,1,0,0,0,0,0,0,1,1,318,0,0,0
flight_occupancy,"SELECT f.flight_id, COUNT(DISTINCT tf.ticket_no) AS tickets, COUNT(DISTINCT bp.ticket_no) AS boarded FROM aviation.flights AS f LEFT JOIN aviation.ticket_flights AS tf ON tf.flight_id = f.flight_id LEFT JOIN aviation.boarding_passes AS bp ON bp.flight_id = tf.flight_id AND bp.ticket_no = tf.ticket_no WHERE f.flight_id = 9087 GROUP BY f.flight_id",347,2,1,0,True,False,False,3,3,3,2,0,2,0,0,0,2112.95,2113.12,1.0,20,62.0,14.255,8,5,3,Aggregate,1,1,1,0,0,1,1,2,1,4197,0,0,0
booking_ticket_count,"SELECT b.book_ref, COUNT(t.ticket_no) AS ticket_count FROM aviation.bookings AS b JOIN aviation.tickets AS t ON t.book_ref = b.book_ref WHERE b.book_date >= DATE '2025-04-28' AND b.book_date < DATE '2025-05-28' GROUP BY b.book_ref HAVING COUNT(t.ticket_no) >= 2",261,1,2,0,True,False,False,2,2,2,2,1,0,0,0,0,3444.58,3495.17,1349.0,15,117537.0,57.715,5,4,2,Aggregate,2,0,0,0,1,0,0,0,1,4342,0,0,0
boarding_pass_lookup,"SELECT bp.boarding_no, bp.seat_no, t.passenger_name FROM aviation.boarding_passes AS bp JOIN aviation.tickets AS t ON t.ticket_no = bp.ticket_no WHERE bp.flight_id = 3082 AND bp.boarding_no BETWEEN 1 AND 6",205,1,2,0,False,False,False,2,2,3,0,1,0,0,0,0,0.71,67.79,6.0,22,13.0,0.228,3,2,2,Nested Loop,0,2,0,0,0,0,1,0,0,54,0,0,0
high_value_passengers,"SELECT t.passenger_id, t.passenger_name, b.total_amount FROM aviation.tickets AS t JOIN aviation.bookings AS b ON b.book_ref = t.book_ref WHERE b.total_amount >= 102500 ORDER BY b.total_amount DESC LIMIT 100",207,1,1,0,False,True,False,2,2,3,0,1,0,0,0,0,6797.45,6797.7,100.0,33,340868.0,138.09,6,5,2,Limit,2,0,0,0,1,0,0,1,0,5689,0,0,0
airport_departure_counts,"SELECT departure_airport, COUNT(*) AS flight_count FROM aviation.flights WHERE scheduled_departure >= DATE '2025-01-05' AND scheduled_departure < DATE '2025-01-19' GROUP BY departure_airport ORDER BY flight_count DESC",217,0,2,0,True,True,False,1,1,2,1,0,0,0,0,0,256.23,256.25,10.0,12,412.0,2.826,3,3,1,Sort,1,0,0,0,0,0,0,1,1,315,0,0,0
bookings_with_expensive_ticket,"SELECT b.book_ref, b.total_amount FROM aviation.bookings AS b WHERE EXISTS (SELECT 1 FROM aviation.tickets AS t JOIN aviation.ticket_flights AS tf ON tf.ticket_no = t.ticket_no WHERE t.book_ref = b.book_ref AND tf.amount >= 110500)",231,1,3,1,False,False,False,3,3,3,0,1,0,0,0,0,4844.65,5910.49,10390.0,13,201950.0,110.739,7,5,3,Hash Join,3,0,0,0,2,0,0,0,0,8896,0,0,0
fare_statistics,"SELECT fare_conditions, COUNT(*) AS ticket_count, AVG(amount) AS average_amount FROM aviation.ticket_flights WHERE fare_conditions = 'Comfort' AND amount >= 16000 GROUP BY fare_conditions HAVING COUNT(*) > 10",208,0,2,0,True,False,False,1,1,3,3,0,0,0,0,0,0.0,2395.68,1.0,48,12334.0,28.409,2,2,1,Aggregate,1,0,0,0,0,0,0,0,1,1668,0,0,0
aircraft_seat_capacity,"SELECT a.aircraft_code, a.model, COUNT(s.seat_no) AS seat_count FROM aviation.aircrafts AS a JOIN aviation.seats AS s ON s.aircraft_code = a.aircraft_code WHERE s.fare_conditions = 'Economy' GROUP BY a.aircraft_code, a.model ORDER BY seat_count DESC",249,1,1,0,True,True,False,2,2,3,1,1,0,0,0,0,24.56,24.58,5.0,27,1460.0,0.841,6,5,2,Sort,2,0,0,0,1,0,0,1,1,28,0,0,0
unboarded_tickets,"SELECT tf.ticket_no, tf.fare_conditions FROM aviation.ticket_flights AS tf LEFT JOIN aviation.boarding_passes AS bp ON bp.ticket_no = tf.ticket_no AND bp.flight_id = tf.flight_id WHERE tf.flight_id = 996 AND bp.ticket_no IS NULL",228,1,2,0,False,False,False,2,2,2,0,0,1,0,0,0,0.29,2109.74,10.0,22,40.0,13.369,4,3,2,Nested Loop,1,1,0,0,0,0,1,0,0,1674,0,0,0
ticket_name_prefix,"SELECT ticket_no, passenger_id, passenger_name FROM aviation.tickets WHERE passenger_name LIKE 'Passenger 21880%' ORDER BY ticket_no LIMIT 50",141,0,1,0,False,True,False,1,1,3,0,0,0,0,0,0,2272.17,2272.19,10.0,41,30.0,19.551,3,3,1,Limit,1,0,0,0,0,0,0,1,0,3072,0,0,0
aircraft_flight_counts,"SELECT a.aircraft_code, a.model, COUNT(f.flight_id) AS flight_count FROM aviation.aircrafts AS a LEFT JOIN aviation.flights AS f ON f.aircraft_code = a.aircraft_code WHERE a.range_km >= 6000 GROUP BY a.aircraft_code, a.model",224,1,1,0,True,False,False,2,2,3,1,0,1,0,0,0,273.59,273.61,2.0,27,14006.0,5.911,5,4,2,Aggregate,2,0,0,0,1,0,0,0,1,316,0,0,0
top_routes,"SELECT departure_airport, arrival_airport, COUNT(*) AS flight_count FROM aviation.flights WHERE scheduled_departure >= DATE '2025-10-22' AND scheduled_departure < DATE '2025-12-21' GROUP BY departure_airport, arrival_airport ORDER BY flight_count DESC LIMIT 5",259,0,2,0,True,True,False,1,1,3,1,0,0,0,0,0,268.81,268.82,5.0,16,1825.0,2.82,4,4,1,Limit,1,0,0,0,0,0,0,1,1,422,0,0,0
flight_revenue,"SELECT f.flight_id, f.flight_no, COUNT(*) AS ticket_count, SUM(tf.amount) AS revenue FROM aviation.flights AS f JOIN aviation.ticket_flights AS tf ON tf.flight_id = f.flight_id WHERE f.flight_id = 4667 GROUP BY f.flight_id, f.flight_no",235,1,1,0,True,False,False,2,2,4,2,1,0,0,0,0,0.29,2092.47,1.0,51,22.0,12.921,4,3,2,Aggregate,1,1,0,0,0,0,1,0,1,2511,0,0,0
ticket_fare_lookup,"SELECT t.ticket_no, tf.flight_id, tf.amount FROM aviation.tickets AS t JOIN aviation.ticket_flights AS tf ON tf.ticket_no = t.ticket_no WHERE t.passenger_id = '2700-022698' AND tf.fare_conditions = 'Comfort'",207,1,2,0,False,False,False,2,2,3,0,1,0,0,0,0,0.42,2280.45,1.0,24,3.0,16.937,3,2,2,Nested Loop,1,1,0,0,0,0,1,0,0,2052,0,0,0
recent_flights_sorted,"SELECT flight_no, departure_airport, arrival_airport, scheduled_departure FROM aviation.flights WHERE departure_airport = 'VTB' ORDER BY scheduled_departure DESC LIMIT 10",170,0,1,0,False,True,False,1,1,4,0,0,0,0,0,0,250.61,250.63,10.0,23,2010.0,2.264,3,3,1,Limit,1,0,0,0,0,0,0,1,0,318,0,0,0
route_by_date,"SELECT flight_id, flight_no, scheduled_departure, status FROM aviation.flights WHERE departure_airport = 'VTB' AND arrival_airport = 'LED' AND scheduled_departure >= DATE '2025-02-11' AND scheduled_departure < DATE '2025-02-11' + INTERVAL '1 day'",246,0,4,0,False,False,False,1,1,4,0,0,0,0,0,0,0.0,304.0,1.0,27,1.0,3.935,1,1,1,Seq Scan,1,0,0,0,0,0,0,0,0,104,0,0,0
aircraft_fare_capacity,"SELECT fare_conditions, COUNT(*) AS seat_count FROM aviation.seats WHERE aircraft_code = '320' GROUP BY fare_conditions ORDER BY seat_count DESC",144,0,1,0,True,True,False,1,1,2,1,0,0,0,0,0,17.2,17.21,3.0,16,186.0,0.289,3,3,1,Sort,1,0,0,0,0,0,0,1,1,18,0,0,0
booking_amount_range,"SELECT book_ref, book_date, total_amount FROM aviation.bookings WHERE total_amount BETWEEN 30000 AND 165000",107,0,1,0,False,False,False,1,1,3,0,0,0,0,0,0,0.0,1069.0,13577.0,21,13577.0,19.956,1,1,1,Seq Scan,1,0,0,0,0,0,0,0,0,319,0,0,0
passengers_for_booking,"SELECT b.book_ref, b.book_date, t.ticket_no, t.passenger_name FROM aviation.bookings AS b JOIN aviation.tickets AS t ON t.book_ref = b.book_ref WHERE b.book_ref = '035673'",171,1,1,0,False,False,False,2,2,4,0,1,0,0,0,0,0.29,2280.33,2.0,44,5.0,34.551,3,2,2,Nested Loop,1,1,0,0,0,0,1,0,0,2050,0,0,0
route_revenue,"SELECT f.departure_airport, f.arrival_airport, SUM(tf.amount) AS revenue FROM aviation.flights AS f JOIN aviation.ticket_flights AS tf ON tf.flight_id = f.flight_id WHERE f.departure_airport = 'IST' GROUP BY f.departure_airport, f.arrival_airport ORDER BY revenue DESC",268,1,1,0,True,True,False,2,2,3,1,1,0,0,0,0,2388.4,2388.43,10.0,40,112020.0,38.041,6,5,2,Sort,2,0,0,0,1,0,0,1,1,3859,0,0,0
passenger_flight_history,"SELECT t.passenger_id, t.passenger_name, f.flight_no, f.scheduled_departure, tf.fare_conditions FROM aviation.tickets AS t JOIN aviation.ticket_flights AS tf ON tf.ticket_no = t.ticket_no JOIN aviation.flights AS f ON f.flight_id = tf.flight_id WHERE t.passenger_id = '5276-055271' AND f.status = 'Arrived' ORDER BY f.scheduled_departure DESC",342,2,2,0,False,True,False,3,3,5,0,2,0,0,0,0,2280.77,2280.77,1.0,50,6.0,18.347,6,4,3,Sort,1,2,0,0,0,0,2,1,0,4116,0,0,0
flights_without_tickets,"SELECT f.flight_id, f.flight_no FROM aviation.flights AS f WHERE f.scheduled_departure >= DATE '2025-01-02' AND NOT EXISTS (SELECT 1 FROM aviation.ticket_flights AS tf WHERE tf.flight_id = f.flight_id)",201,0,3,1,False,False,False,2,2,3,0,0,0,0,0,0,3084.0,3362.85,1.0,11,209970.0,72.162,4,3,2,Hash Join,2,0,0,0,1,0,0,0,0,2710,0,0,0
airport_connections,"SELECT dep.city AS departure_city, arr.city AS arrival_city, COUNT(*) AS flights FROM aviation.flights AS f JOIN aviation.airports AS dep ON dep.airport_code = f.departure_airport JOIN aviation.airports AS arr ON arr.airport_code = f.arrival_airport WHERE f.departure_airport = 'MSQ' AND f.status = 'Departed' GROUP BY dep.city, arr.city",337,2,2,0,True,False,False,3,2,3,1,2,0,0,0,0,261.66,261.76,10.0,24,781.0,3.065,7,4,2,Aggregate,3,0,0,0,1,0,1,0,1,424,0,0,0
passenger_flight_history,"SELECT t.passenger_id, t.passenger_name, f.flight_no, f.scheduled_departure, tf.fare_conditions FROM aviation.tickets AS t JOIN aviation.ticket_flights AS tf ON tf.ticket_no = t.ticket_no JOIN aviation.flights AS f ON f.flight_id = tf.flight_id WHERE t.passenger_id = '3005-082997' AND f.status = 'Arrived' ORDER BY f.scheduled_departure DESC",342,2,2,0,False,True,False,3,3,5,0,2,0,0,0,0,2280.77,2280.77,1.0,50,6.0,16.74,6,4,3,Sort,1,2,0,0,0,0,2,1,0,4116,0,0,0
top_routes,"SELECT departure_airport, arrival_airport, COUNT(*) AS flight_count FROM aviation.flights WHERE scheduled_departure >= DATE '2025-07-09' AND scheduled_departure < DATE '2025-08-08' GROUP BY departure_airport, arrival_airport ORDER BY flight_count DESC LIMIT 10",260,0,2,0,True,True,False,1,1,3,1,0,0,0,0,0,263.24,263.27,10.0,16,1021.0,2.667,4,4,1,Limit,1,0,0,0,0,0,0,1,1,422,0,0,0
flight_revenue,"SELECT f.flight_id, f.flight_no, COUNT(*) AS ticket_count, SUM(tf.amount) AS revenue FROM aviation.flights AS f JOIN aviation.ticket_flights AS tf ON tf.flight_id = f.flight_id WHERE f.flight_id = 693 GROUP BY f.flight_id, f.flight_no",234,1,1,0,True,False,False,2,2,4,2,1,0,0,0,0,0.29,2092.47,1.0,51,22.0,12.783,4,3,2,Aggregate,1,1,0,0,0,0,1,0,1,2511,0,0,0
boarding_pass_lookup,"SELECT bp.boarding_no, bp.seat_no, t.passenger_name FROM aviation.boarding_passes AS bp JOIN aviation.tickets AS t ON t.ticket_no = bp.ticket_no WHERE bp.flight_id = 350 AND bp.boarding_no BETWEEN 2 AND 7",204,1,2,0,False,False,False,2,2,3,0,1,0,0,0,0,0.71,67.79,6.0,22,13.0,0.376,3,2,2,Nested Loop,0,2,0,0,0,0,1,0,0,54,0,0,0
aircraft_fare_capacity,"SELECT fare_conditions, COUNT(*) AS seat_count FROM aviation.seats WHERE aircraft_code = '320' GROUP BY fare_conditions ORDER BY seat_count DESC",144,0,1,0,True,True,False,1,1,2,1,0,0,0,0,0,17.2,17.21,3.0,16,186.0,0.331,3,3,1,Sort,1,0,0,0,0,0,0,1,1,18,0,0,0
aircraft_flight_counts,"SELECT a.aircraft_code, a.model, COUNT(f.flight_id) AS flight_count FROM aviation.aircrafts AS a LEFT JOIN aviation.flights AS f ON f.aircraft_code = a.aircraft_code WHERE a.range_km >= 3750 GROUP BY a.aircraft_code, a.model",224,1,1,0,True,False,False,2,2,3,1,0,1,0,0,0,303.62,303.68,5.0,27,20015.0,8.239,5,4,2,Aggregate,2,0,0,0,1,0,0,0,1,316,0,0,0
high_value_passengers,"SELECT t.passenger_id, t.passenger_name, b.total_amount FROM aviation.tickets AS t JOIN aviation.bookings AS b ON b.book_ref = t.book_ref WHERE b.total_amount >= 180000 ORDER BY b.total_amount DESC LIMIT 100",207,1,1,0,False,True,False,2,2,3,0,1,0,0,0,0,6103.99,6104.24,100.0,33,294086.0,133.039,6,5,2,Limit,2,0,0,0,1,0,0,1,0,5689,0,0,0
route_by_date,"SELECT flight_id, flight_no, scheduled_departure, status FROM aviation.flights WHERE departure_airport = 'GME' AND arrival_airport = 'SVO' AND scheduled_departure >= DATE '2025-04-08' AND scheduled_departure < DATE '2025-04-08' + INTERVAL '1 day'",246,0,4,0,False,False,False,1,1,4,0,0,0,0,0,0,0.0,304.0,1.0,27,1.0,2.71,1,1,1,Seq Scan,1,0,0,0,0,0,0,0,0,104,0,0,0
bookings_with_expensive_ticket,"SELECT b.book_ref, b.total_amount FROM aviation.bookings AS b WHERE EXISTS (SELECT 1 FROM aviation.tickets AS t JOIN aviation.ticket_flights AS tf ON tf.ticket_no = t.ticket_no WHERE t.book_ref = b.book_ref AND tf.amount >= 76500)",230,1,3,1,False,False,False,3,3,3,0,1,0,0,0,0,5841.2,7223.81,38863.0,13,344315.0,185.358,7,5,3,Hash Join,3,0,0,0,2,0,0,0,0,8896,0,0,0
ticket_fare_lookup,"SELECT t.ticket_no, tf.flight_id, tf.amount FROM aviation.tickets AS t JOIN aviation.ticket_flights AS tf ON tf.ticket_no = t.ticket_no WHERE t.passenger_id = '0708-050703' AND tf.fare_conditions = 'Comfort'",207,1,2,0,False,False,False,2,2,3,0,1,0,0,0,0,0.42,2280.45,1.0,24,3.0,16.46,3,2,2,Nested Loop,1,1,0,0,0,0,1,0,0,2052,0,0,0
aircraft_seat_capacity,"SELECT a.aircraft_code, a.model, COUNT(s.seat_no) AS seat_count FROM aviation.aircrafts AS a JOIN aviation.seats AS s ON s.aircraft_code = a.aircraft_code WHERE s.fare_conditions = 'Comfort' GROUP BY a.aircraft_code, a.model ORDER BY seat_count DESC",249,1,1,0,True,True,False,2,2,3,1,1,0,0,0,0,18.65,18.67,5.0,27,260.0,0.482,6,5,2,Sort,2,0,0,0,1,0,0,1,1,28,0,0,0
recent_flights_sorted,"SELECT flight_no, departure_airport, arrival_airport, scheduled_departure FROM aviation.flights WHERE departure_airport = 'GME' ORDER BY scheduled_departure DESC LIMIT 25",170,0,1,0,False,True,False,1,1,4,0,0,0,0,0,0,257.22,257.28,25.0,23,2025.0,2.191,3,3,1,Limit,1,0,0,0,0,0,0,1,0,318,0,0,0
unboarded_tickets,"SELECT tf.ticket_no, tf.fare_conditions FROM aviation.ticket_flights AS tf LEFT JOIN aviation.boarding_passes AS bp ON bp.ticket_no = tf.ticket_no AND bp.flight_id = tf.flight_id WHERE tf.flight_id = 2680 AND bp.ticket_no IS NULL",229,1,2,0,False,False,False,2,2,2,0,0,1,0,0,0,0.29,2109.74,10.0,22,40.0,12.991,4,3,2,Nested Loop,1,1,0,0,0,0,1,0,0,1677,0,0,0
flights_without_tickets,"SELECT f.flight_id, f.flight_no FROM aviation.flights AS f WHERE f.scheduled_departure >= DATE '2025-01-06' AND NOT EXISTS (SELECT 1 FROM aviation.ticket_flights AS tf WHERE tf.flight_id = f.flight_id)",201,0,3,1,False,False,False,2,2,3,0,0,0,0,0,0,3084.0,3362.3,1.0,11,209860.0,56.397,4,3,2,Hash Join,2,0,0,0,1,0,0,0,0,2710,0,0,0
fare_statistics,"SELECT fare_conditions, COUNT(*) AS ticket_count, AVG(amount) AS average_amount FROM aviation.ticket_flights WHERE fare_conditions = 'Comfort' AND amount >= 55250 GROUP BY fare_conditions HAVING COUNT(*) > 10",208,0,2,0,True,False,False,1,1,3,3,0,0,0,0,0,0.0,2373.2,1.0,48,7838.0,30.865,2,2,1,Aggregate,1,0,0,0,0,0,0,0,1,1668,0,0,0
flight_occupancy,"SELECT f.flight_id, COUNT(DISTINCT tf.ticket_no) AS tickets, COUNT(DISTINCT bp.ticket_no) AS boarded FROM aviation.flights AS f LEFT JOIN aviation.ticket_flights AS tf ON tf.flight_id = f.flight_id LEFT JOIN aviation.boarding_passes AS bp ON bp.flight_id = tf.flight_id AND bp.ticket_no = tf.ticket_no WHERE f.flight_id = 40 GROUP BY f.flight_id",345,2,1,0,True,False,False,3,3,3,2,0,2,0,0,0,2112.95,2113.12,1.0,20,62.0,14.406,8,5,3,Aggregate,1,1,1,0,0,1,1,2,1,4197,0,0,0
passengers_for_booking,"SELECT b.book_ref, b.book_date, t.ticket_no, t.passenger_name FROM aviation.bookings AS b JOIN aviation.tickets AS t ON t.book_ref = b.book_ref WHERE b.book_ref = '016911'",171,1,1,0,False,False,False,2,2,4,0,1,0,0,0,0,0.29,2280.33,2.0,44,5.0,24.061,3,2,2,Nested Loop,1,1,0,0,0,0,1,0,0,2050,0,0,0
booking_ticket_count,"SELECT b.book_ref, COUNT(t.ticket_no) AS ticket_count FROM aviation.bookings AS b JOIN aviation.tickets AS t ON t.book_ref = b.book_ref WHERE b.book_date >= DATE '2025-03-13' AND b.book_date < DATE '2025-03-27' GROUP BY b.book_ref HAVING COUNT(t.ticket_no) >= 2",261,1,2,0,True,False,False,2,2,2,2,1,0,0,0,0,3396.79,3420.83,641.0,15,108333.0,49.112,5,4,2,Aggregate,2,0,0,0,1,0,0,0,1,4342,0,0,0
airport_connections,"SELECT dep.city AS departure_city, arr.city AS arrival_city, COUNT(*) AS flights FROM aviation.flights AS f JOIN aviation.airports AS dep ON dep.airport_code = f.departure_airport JOIN aviation.airports AS arr ON arr.airport_code = f.arrival_airport WHERE f.departure_airport = 'TBS' AND f.status = 'Arrived' GROUP BY dep.city, arr.city",336,2,2,0,True,False,False,3,2,3,1,2,0,0,0,0,261.66,261.76,10.0,24,781.0,1.861,7,4,2,Aggregate,3,0,0,0,1,0,1,0,1,420,0,0,0
daily_flight_count,"SELECT scheduled_departure::date AS flight_date, COUNT(*) AS flight_count FROM aviation.flights WHERE departure_airport = 'MSQ' GROUP BY scheduled_departure::date ORDER BY flight_date",183,0,1,0,True,True,False,1,1,2,1,0,0,0,0,0,281.33,301.24,993.0,12,2993.0,3.016,3,3,1,Aggregate,1,0,0,0,0,0,0,1,1,318,0,0,0
booking_amount_range,"SELECT book_ref, book_date, total_amount FROM aviation.bookings WHERE total_amount BETWEEN 335000 AND 430000",108,0,1,0,False,False,False,1,1,3,0,0,0,0,0,0,0.0,1069.0,9674.0,21,9674.0,11.905,1,1,1,Seq Scan,1,0,0,0,0,0,0,0,0,319,0,0,0
route_revenue,"SELECT f.departure_airport, f.arrival_airport, SUM(tf.amount) AS revenue FROM aviation.flights AS f JOIN aviation.ticket_flights AS tf ON tf.flight_id = f.flight_id WHERE f.departure_airport = 'TBS' GROUP BY f.departure_airport, f.arrival_airport ORDER BY revenue DESC",268,1,1,0,True,True,False,2,2,3,1,1,0,0,0,0,2388.4,2388.43,10.0,40,112020.0,40.822,6,5,2,Sort,2,0,0,0,1,0,0,1,1,3859,0,0,0
ticket_name_prefix,"SELECT ticket_no, passenger_id, passenger_name FROM aviation.tickets WHERE passenger_name LIKE 'Passenger 95192%' ORDER BY ticket_no LIMIT 50",141,0,1,0,False,True,False,1,1,3,0,0,0,0,0,0,2272.17,2272.19,10.0,41,30.0,18.905,3,3,1,Limit,1,0,0,0,0,0,0,1,0,3072,0,0,0
airport_departure_counts,"SELECT departure_airport, COUNT(*) AS flight_count FROM aviation.flights WHERE scheduled_departure >= DATE '2025-09-17' AND scheduled_departure < DATE '2025-11-16' GROUP BY departure_airport ORDER BY flight_count DESC",217,0,2,0,True,True,False,1,1,2,1,0,0,0,0,0,262.37,262.4,10.0,12,1641.0,2.936,3,3,1,Sort,1,0,0,0,0,0,0,1,1,315,0,0,0
booking_amount_range,"SELECT book_ref, book_date, total_amount FROM aviation.bookings WHERE total_amount BETWEEN 100000 AND 155000",108,0,1,0,False,False,False,1,1,3,0,0,0,0,0,0,0.0,1069.0,5501.0,21,5501.0,14.572,1,1,1,Seq Scan,1,0,0,0,0,0,0,0,0,319,0,0,0
flights_without_tickets,"SELECT f.flight_id, f.flight_no FROM aviation.flights AS f WHERE f.scheduled_departure >= DATE '2025-07-15' AND NOT EXISTS (SELECT 1 FROM aviation.ticket_flights AS tf WHERE tf.flight_id = f.flight_id)",201,0,3,1,False,False,False,2,2,3,0,0,0,0,0,0,3084.0,3335.93,1.0,11,204587.0,50.837,4,3,2,Hash Join,2,0,0,0,1,0,0,0,0,2710,0,0,0
route_by_date,"SELECT flight_id, flight_no, scheduled_departure, status FROM aviation.flights WHERE departure_airport = 'LED' AND arrival_airport = 'IST' AND scheduled_departure >= DATE '2025-08-27' AND scheduled_departure < DATE '2025-08-27' + INTERVAL '1 day'",246,0,4,0,False,False,False,1,1,4,0,0,0,0,0,0,0.0,304.0,1.0,27,1.0,2.306,1,1,1,Seq Scan,1,0,0,0,0,0,0,0,0,104,0,0,0
top_routes,"SELECT departure_airport, arrival_airport, COUNT(*) AS flight_count FROM aviation.flights WHERE scheduled_departure >= DATE '2025-11-19' AND scheduled_departure < DATE '2026-01-18' GROUP BY departure_airport, arrival_airport ORDER BY flight_count DESC LIMIT 3",259,0,2,0,True,True,False,1,1,3,1,0,0,0,0,0,264.97,264.98,3.0,16,1360.0,3.09,4,4,1,Limit,1,0,0,0,0,0,0,1,1,422,0,0,0
high_value_passengers,"SELECT t.passenger_id, t.passenger_name, b.total_amount FROM aviation.tickets AS t JOIN aviation.bookings AS b ON b.book_ref = t.book_ref WHERE b.total_amount >= 370000 ORDER BY b.total_amount DESC LIMIT 100",207,1,1,0,False,True,False,2,2,3,0,1,0,0,0,0,4392.46,4392.71,100.0,33,178622.0,74.572,6,5,2,Limit,2,0,0,0,1,0,0,1,0,5689,0,0,0
ticket_name_prefix,"SELECT ticket_no, passenger_id, passenger_name FROM aviation.tickets WHERE passenger_name LIKE 'Passenger 21238%' ORDER BY ticket_no LIMIT 50",141,0,1,0,False,True,False,1,1,3,0,0,0,0,0,0,2272.17,2272.19,10.0,41,30.0,21.432,3,3,1,Limit,1,0,0,0,0,0,0,1,0,3072,0,0,0
boarding_pass_lookup,"SELECT bp.boarding_no, bp.seat_no, t.passenger_name FROM aviation.boarding_passes AS bp JOIN aviation.tickets AS t ON t.ticket_no = bp.ticket_no WHERE bp.flight_id = 1973 AND bp.boarding_no BETWEEN 5 AND 8",205,1,2,0,False,False,False,2,2,3,0,1,0,0,0,0,0.71,47.37,4.0,22,9.0,0.074,3,2,2,Nested Loop,0,2,0,0,0,0,1,0,0,4,0,0,0
passengers_for_booking,"SELECT b.book_ref, b.book_date, t.ticket_no, t.passenger_name FROM aviation.bookings AS b JOIN aviation.tickets AS t ON t.book_ref = b.book_ref WHERE b.book_ref = '043367'",171,1,1,0,False,False,False,2,2,4,0,1,0,0,0,0,0.29,2280.33,2.0,44,5.0,18.474,3,2,2,Nested Loop,1,1,0,0,0,0,1,0,0,2050,0,0,0
aircraft_fare_capacity,"SELECT fare_conditions, COUNT(*) AS seat_count FROM aviation.seats WHERE aircraft_code = '320' GROUP BY fare_conditions ORDER BY seat_count DESC",144,0,1,0,True,True,False,1,1,2,1,0,0,0,0,0,17.2,17.21,3.0,16,186.0,0.53,3,3,1,Sort,1,0,0,0,0,0,0,1,1,18,0,0,0
unboarded_tickets,"SELECT tf.ticket_no, tf.fare_conditions FROM aviation.ticket_flights AS tf LEFT JOIN aviation.boarding_passes AS bp ON bp.ticket_no = tf.ticket_no AND bp.flight_id = tf.flight_id WHERE tf.flight_id = 7930 AND bp.ticket_no IS NULL",229,1,2,0,False,False,False,2,2,2,0,0,1,0,0,0,0.29,2109.74,10.0,22,40.0,14.208,4,3,2,Nested Loop,1,1,0,0,0,0,1,0,0,1677,0,0,0
airport_connections,"SELECT dep.city AS departure_city, arr.city AS arrival_city, COUNT(*) AS flights FROM aviation.flights AS f JOIN aviation.airports AS dep ON dep.airport_code = f.departure_airport JOIN aviation.airports AS arr ON arr.airport_code = f.arrival_airport WHERE f.departure_airport = 'TBS' AND f.status = 'Scheduled' GROUP BY dep.city, arr.city",338,2,2,0,True,False,False,3,2,3,1,2,0,0,0,0,261.66,261.76,10.0,24,781.0,4.016,7,4,2,Aggregate,3,0,0,0,1,0,1,0,1,424,0,0,0
ticket_fare_lookup,"SELECT t.ticket_no, tf.flight_id, tf.amount FROM aviation.tickets AS t JOIN aviation.ticket_flights AS tf ON tf.ticket_no = t.ticket_no WHERE t.passenger_id = '8069-068063' AND tf.fare_conditions = 'Comfort'",207,1,2,0,False,False,False,2,2,3,0,1,0,0,0,0,0.42,2280.45,1.0,24,3.0,19.975,3,2,2,Nested Loop,1,1,0,0,0,0,1,0,0,2052,0,0,0
recent_flights_sorted,"SELECT flight_no, departure_airport, arrival_airport, scheduled_departure FROM aviation.flights WHERE departure_airport = 'VTB' ORDER BY scheduled_departure DESC LIMIT 25",170,0,1,0,False,True,False,1,1,4,0,0,0,0,0,0,257.22,257.28,25.0,23,2025.0,2.633,3,3,1,Limit,1,0,0,0,0,0,0,1,0,318,0,0,0
booking_ticket_count,"SELECT b.book_ref, COUNT(t.ticket_no) AS ticket_count FROM aviation.bookings AS b JOIN aviation.tickets AS t ON t.book_ref = b.book_ref WHERE b.book_date >= DATE '2024-12-09' AND b.book_date < DATE '2024-12-16' GROUP BY b.book_ref HAVING COUNT(t.ticket_no) >= 2",261,1,2,0,True,False,False,2,2,2,2,1,0,0,0,0,3374.36,3385.93,309.0,15,104013.0,52.847,5,4,2,Aggregate,2,0,0,0,1,0,0,0,1,4342,0,0,0
aircraft_flight_counts,"SELECT a.aircraft_code, a.model, COUNT(f.flight_id) AS flight_count FROM aviation.aircrafts AS a LEFT JOIN aviation.flights AS f ON f.aircraft_code = a.aircraft_code WHERE a.range_km >= 5250 GROUP BY a.aircraft_code, a.model",224,1,1,0,True,False,False,2,2,3,1,0,1,0,0,0,293.61,293.65,4.0,27,18012.0,7.017,5,4,2,Aggregate,2,0,0,0,1,0,0,0,1,316,0,0,0
flight_occupancy,"SELECT f.flight_id, COUNT(DISTINCT tf.ticket_no) AS tickets, COUNT(DISTINCT bp.ticket_no) AS boarded FROM aviation.flights AS f LEFT JOIN aviation.ticket_flights AS tf ON tf.flight_id = f.flight_id LEFT JOIN aviation.boarding_passes AS bp ON bp.flight_id = tf.flight_id AND bp.ticket_no = tf.ticket_no WHERE f.flight_id = 2020 GROUP BY f.flight_id",347,2,1,0,True,False,False,3,3,3,2,0,2,0,0,0,2112.95,2113.12,1.0,20,62.0,15.216,8,5,3,Aggregate,1,1,1,0,0,1,1,2,1,4197,0,0,0
passenger_flight_history,"SELECT t.passenger_id, t.passenger_name, f.flight_no, f.scheduled_departure, tf.fare_conditions FROM aviation.tickets AS t JOIN aviation.ticket_flights AS tf ON tf.ticket_no = t.ticket_no JOIN aviation.flights AS f ON f.flight_id = tf.flight_id WHERE t.passenger_id = '7068-047064' AND f.status = 'Departed' ORDER BY f.scheduled_departure DESC",343,2,2,0,False,True,False,3,3,5,0,2,0,0,0,0,2280.77,2280.77,1.0,50,6.0,19.739,6,4,3,Sort,1,2,0,0,0,0,2,1,0,4116,0,0,0
daily_flight_count,"SELECT scheduled_departure::date AS flight_date, COUNT(*) AS flight_count FROM aviation.flights WHERE departure_airport = 'BQT' GROUP BY scheduled_departure::date ORDER BY flight_date",183,0,1,0,True,True,False,1,1,2,1,0,0,0,0,0,281.33,301.24,993.0,12,2993.0,2.937,3,3,1,Aggregate,1,0,0,0,0,0,0,1,1,318,0,0,0
airport_departure_counts,"SELECT departure_airport, COUNT(*) AS flight_count FROM aviation.flights WHERE scheduled_departure >= DATE '2025-10-21' AND scheduled_departure < DATE '2025-11-20' GROUP BY departure_airport ORDER BY flight_count DESC",217,0,2,0,True,True,False,1,1,2,1,0,0,0,0,0,258.32,258.34,10.0,12,830.0,2.606,3,3,1,Sort,1,0,0,0,0,0,0,1,1,315,0,0,0
bookings_with_expensive_ticket,"SELECT b.book_ref, b.total_amount FROM aviation.bookings AS b WHERE EXISTS (SELECT 1 FROM aviation.tickets AS t JOIN aviation.ticket_flights AS tf ON tf.ticket_no = t.ticket_no WHERE t.book_ref = b.book_ref AND tf.amount >= 90000)",230,1,3,1,False,False,False,3,3,3,0,1,0,0,0,0,5451.2,6709.84,27720.0,13,288600.0,122.582,7,5,3,Hash Join,3,0,0,0,2,0,0,0,0,8896,0,0,0
flight_revenue,"SELECT f.flight_id, f.flight_no, COUNT(*) AS ticket_count, SUM(tf.amount) AS revenue FROM aviation.flights AS f JOIN aviation.ticket_flights AS tf ON tf.flight_id = f.flight_id WHERE f.flight_id = 656 GROUP BY f.flight_id, f.flight_no",234,1,1,0,True,False,False,2,2,4,2,1,0,0,0,0,0.29,2092.47,1.0,51,22.0,13.731,4,3,2,Aggregate,1,1,0,0,0,0,1,0,1,2511,0,0,0
fare_statistics,"SELECT fare_conditions, COUNT(*) AS ticket_count, AVG(amount) AS average_amount FROM aviation.ticket_flights WHERE fare_conditions = 'Economy' AND amount >= 30250 GROUP BY fare_conditions HAVING COUNT(*) > 10",208,0,2,0,True,False,False,1,1,3,3,0,0,0,0,0,0.0,2647.37,1.0,48,62672.0,46.131,2,2,1,Aggregate,1,0,0,0,0,0,0,0,1,1668,0,0,0
route_revenue,"SELECT f.departure_airport, f.arrival_airport, SUM(tf.amount) AS revenue FROM aviation.flights AS f JOIN aviation.ticket_flights AS tf ON tf.flight_id = f.flight_id WHERE f.departure_airport = 'MSQ' GROUP BY f.departure_airport, f.arrival_airport ORDER BY revenue DESC",268,1,1,0,True,True,False,2,2,3,1,1,0,0,0,0,2388.4,2388.43,10.0,40,112020.0,40.825,6,5,2,Sort,2,0,0,0,1,0,0,1,1,3859,0,0,0
aircraft_seat_capacity,"SELECT a.aircraft_code, a.model, COUNT(s.seat_no) AS seat_count FROM aviation.aircrafts AS a JOIN aviation.seats AS s ON s.aircraft_code = a.aircraft_code WHERE s.fare_conditions = 'Economy' GROUP BY a.aircraft_code, a.model ORDER BY seat_count DESC",249,1,1,0,True,True,False,2,2,3,1,1,0,0,0,0,24.56,24.58,5.0,27,1460.0,0.975,6,5,2,Sort,2,0,0,0,1,0,0,1,1,28,0,0,0
booking_ticket_count,"SELECT b.book_ref, COUNT(t.ticket_no) AS ticket_count FROM aviation.bookings AS b JOIN aviation.tickets AS t ON t.book_ref = b.book_ref WHERE b.book_date >= DATE '2024-10-18' AND b.book_date < DATE '2024-11-01' GROUP BY b.book_ref HAVING COUNT(t.ticket_no) >= 2",261,1,2,0,True,False,False,2,2,2,2,1,0,0,0,0,3396.65,3420.62,639.0,15,108307.0,55.53,5,4,2,Aggregate,2,0,0,0,1,0,0,0,1,4342,0,0,0
passengers_for_booking,"SELECT b.book_ref, b.book_date, t.ticket_no, t.passenger_name FROM aviation.bookings AS b JOIN aviation.tickets AS t ON t.book_ref = b.book_ref WHERE b.book_ref = '002413'",171,1,1,0,False,False,False,2,2,4,0,1,0,0,0,0,0.29,2280.33,2.0,44,5.0,18.913,3,2,2,Nested Loop,1,1,0,0,0,0,1,0,0,2050,0,0,0
airport_connections,"SELECT dep.city AS departure_city, arr.city AS arrival_city, COUNT(*) AS flights FROM aviation.flights AS f JOIN aviation.airports AS dep ON dep.airport_code = f.departure_airport JOIN aviation.airports AS arr ON arr.airport_code = f.arrival_airport WHERE f.departure_airport = 'MSQ' AND f.status = 'Scheduled' GROUP BY dep.city, arr.city",338,2,2,0,True,False,False,3,2,3,1,2,0,0,0,0,261.66,261.76,10.0,24,781.0,2.529,7,4,2,Aggregate,3,0,0,0,1,0,1,0,1,424,0,0,0
route_revenue,"SELECT f.departure_airport, f.arrival_airport, SUM(tf.amount) AS revenue FROM aviation.flights AS f JOIN aviation.ticket_flights AS tf ON tf.flight_id = f.flight_id WHERE f.departure_airport = 'IST' GROUP BY f.departure_airport, f.arrival_airport ORDER BY revenue DESC",268,1,1,0,True,True,False,2,2,3,1,1,0,0,0,0,2388.4,2388.43,10.0,40,112020.0,41.936,6,5,2,Sort,2,0,0,0,1,0,0,1,1,3859,0,0,0
boarding_pass_lookup,"SELECT bp.boarding_no, bp.seat_no, t.passenger_name FROM aviation.boarding_passes AS bp JOIN aviation.tickets AS t ON t.ticket_no = bp.ticket_no WHERE bp.flight_id = 8442 AND bp.boarding_no BETWEEN 5 AND 9",205,1,2,0,False,False,False,2,2,3,0,1,0,0,0,0,0.71,57.58,5.0,22,11.0,0.165,3,2,2,Nested Loop,0,2,0,0,0,0,1,0,0,46,0,0,0
recent_flights_sorted,"SELECT flight_no, departure_airport, arrival_airport, scheduled_departure FROM aviation.flights WHERE departure_airport = 'BQT' ORDER BY scheduled_departure DESC LIMIT 50",170,0,1,0,False,True,False,1,1,4,0,0,0,0,0,0,262.22,262.34,50.0,23,2050.0,2.419,3,3,1,Limit,1,0,0,0,0,0,0,1,0,318,0,0,0
booking_amount_range,"SELECT book_ref, book_date, total_amount FROM aviation.bookings WHERE total_amount BETWEEN 340000 AND 380000",108,0,1,0,False,False,False,1,1,3,0,0,0,0,0,0,0.0,1069.0,4147.0,21,4147.0,12.03,1,1,1,Seq Scan,1,0,0,0,0,0,0,0,0,319,0,0,0
daily_flight_count,"SELECT scheduled_departure::date AS flight_date, COUNT(*) AS flight_count FROM aviation.flights WHERE departure_airport = 'BQT' GROUP BY scheduled_departure::date ORDER BY flight_date",183,0,1,0,True,True,False,1,1,2,1,0,0,0,0,0,281.33,301.24,993.0,12,2993.0,2.357,3,3,1,Aggregate,1,0,0,0,0,0,0,1,1,318,0,0,0
flight_occupancy,"SELECT f.flight_id, COUNT(DISTINCT tf.ticket_no) AS tickets, COUNT(DISTINCT bp.ticket_no) AS boarded FROM aviation.flights AS f LEFT JOIN aviation.ticket_flights AS tf ON tf.flight_id = f.flight_id LEFT JOIN aviation.boarding_passes AS bp ON bp.flight_id = tf.flight_id AND bp.ticket_no = tf.ticket_no WHERE f.flight_id = 6373 GROUP BY f.flight_id",347,2,1,0,True,False,False,3,3,3,2,0,2,0,0,0,2112.95,2113.12,1.0,20,62.0,14.282,8,5,3,Aggregate,1,1,1,0,0,1,1,2,1,4193,0,0,0
aircraft_seat_capacity,"SELECT a.aircraft_code, a.model, COUNT(s.seat_no) AS seat_count FROM aviation.aircrafts AS a JOIN aviation.seats AS s ON s.aircraft_code = a.aircraft_code WHERE s.fare_conditions = 'Economy' GROUP BY a.aircraft_code, a.model ORDER BY seat_count DESC",249,1,1,0,True,True,False,2,2,3,1,1,0,0,0,0,24.56,24.58,5.0,27,1460.0,1.038,6,5,2,Sort,2,0,0,0,1,0,0,1,1,28,0,0,0
high_value_passengers,"SELECT t.passenger_id, t.passenger_name, b.total_amount FROM aviation.tickets AS t JOIN aviation.bookings AS b ON b.book_ref = t.book_ref WHERE b.total_amount >= 375000 ORDER BY b.total_amount DESC LIMIT 100",207,1,1,0,False,True,False,2,2,3,0,1,0,0,0,0,4348.08,4348.33,100.0,33,175628.0,72.757,6,5,2,Limit,2,0,0,0,1,0,0,1,0,5689,0,0,0
flight_revenue,"SELECT f.flight_id, f.flight_no, COUNT(*) AS ticket_count, SUM(tf.amount) AS revenue FROM aviation.flights AS f JOIN aviation.ticket_flights AS tf ON tf.flight_id = f.flight_id WHERE f.flight_id = 2499 GROUP BY f.flight_id, f.flight_no",235,1,1,0,True,False,False,2,2,4,2,1,0,0,0,0,0.29,2092.47,1.0,51,22.0,13.362,4,3,2,Aggregate,1,1,0,0,0,0,1,0,1,2511,0,0,0
bookings_with_expensive_ticket,"SELECT b.book_ref, b.total_amount FROM aviation.bookings AS b WHERE EXISTS (SELECT 1 FROM aviation.tickets AS t JOIN aviation.ticket_flights AS tf ON tf.ticket_no = t.ticket_no WHERE t.book_ref = b.book_ref AND tf.amount >= 44500)",230,1,3,1,False,False,False,3,3,3,0,1,0,0,0,0,6348.29,7853.77,49909.0,13,496724.0,193.671,7,5,3,Hash Join,3,0,0,0,2,0,0,0,0,9084,0,0,0
ticket_fare_lookup,"SELECT t.ticket_no, tf.flight_id, tf.amount FROM aviation.tickets AS t JOIN aviation.ticket_flights AS tf ON tf.ticket_no = t.ticket_no WHERE t.passenger_id = '9753-069747' AND tf.fare_conditions = 'Comfort'",207,1,2,0,False,False,False,2,2,3,0,1,0,0,0,0,0.42,2280.45,1.0,24,3.0,16.551,3,2,2,Nested Loop,1,1,0,0,0,0,1,0,0,2052,0,0,0
top_routes,"SELECT departure_airport, arrival_airport, COUNT(*) AS flight_count FROM aviation.flights WHERE scheduled_departure >= DATE '2025-08-20' AND scheduled_departure < DATE '2025-10-19' GROUP BY departure_airport, arrival_airport ORDER BY flight_count DESC LIMIT 10",260,0,2,0,True,True,False,1,1,3,1,0,0,0,0,0,269.31,269.34,10.0,16,1830.0,3.404,4,4,1,Limit,1,0,0,0,0,0,0,1,1,422,0,0,0
ticket_name_prefix,"SELECT ticket_no, passenger_id, passenger_name FROM aviation.tickets WHERE passenger_name LIKE 'Passenger 1940%' ORDER BY ticket_no LIMIT 50",140,0,1,0,False,True,False,1,1,3,0,0,0,0,0,0,2272.17,2272.19,10.0,41,30.0,23.739,3,3,1,Limit,1,0,0,0,0,0,0,1,0,3072,0,0,0
passenger_flight_history,"SELECT t.passenger_id, t.passenger_name, f.flight_no, f.scheduled_departure, tf.fare_conditions FROM aviation.tickets AS t JOIN aviation.ticket_flights AS tf ON tf.ticket_no = t.ticket_no JOIN aviation.flights AS f ON f.flight_id = tf.flight_id WHERE t.passenger_id = '2571-032568' AND f.status = 'Arrived' ORDER BY f.scheduled_departure DESC",342,2,2,0,False,True,False,3,3,5,0,2,0,0,0,0,2280.77,2280.77,1.0,50,6.0,17.519,6,4,3,Sort,1,2,0,0,0,0,2,1,0,4116,0,0,0
airport_departure_counts,"SELECT departure_airport, COUNT(*) AS flight_count FROM aviation.flights WHERE scheduled_departure >= DATE '2025-09-28' AND scheduled_departure < DATE '2025-11-27' GROUP BY departure_airport ORDER BY flight_count DESC",217,0,2,0,True,True,False,1,1,2,1,0,0,0,0,0,262.37,262.39,10.0,12,1640.0,3.277,3,3,1,Sort,1,0,0,0,0,0,0,1,1,315,0,0,0
aircraft_fare_capacity,"SELECT fare_conditions, COUNT(*) AS seat_count FROM aviation.seats WHERE aircraft_code = '738' GROUP BY fare_conditions ORDER BY seat_count DESC",144,0,1,0,True,True,False,1,1,2,1,0,0,0,0,0,17.2,17.21,3.0,16,186.0,0.467,3,3,1,Sort,1,0,0,0,0,0,0,1,1,18,0,0,0
route_by_date,"SELECT flight_id, flight_no, scheduled_departure, status FROM aviation.flights WHERE departure_airport = 'SVO' AND arrival_airport = 'TBS' AND scheduled_departure >= DATE '2025-10-22' AND scheduled_departure < DATE '2025-10-22' + INTERVAL '1 day'",246,0,4,0,False,False,False,1,1,4,0,0,0,0,0,0,0.0,304.0,1.0,27,1.0,2.078,1,1,1,Seq Scan,1,0,0,0,0,0,0,0,0,104,0,0,0
aircraft_flight_counts,"SELECT a.aircraft_code, a.model, COUNT(f.flight_id) AS flight_count FROM aviation.aircrafts AS a LEFT JOIN aviation.flights AS f ON f.aircraft_code = a.aircraft_code WHERE a.range_km >= 6750 GROUP BY a.aircraft_code, a.model",224,1,1,0,True,False,False,2,2,3,1,0,1,0,0,0,273.59,273.61,2.0,27,14006.0,5.25,5,4,2,Aggregate,2,0,0,0,1,0,0,0,1,316,0,0,0
fare_statistics,"SELECT fare_conditions, COUNT(*) AS ticket_count, AVG(amount) AS average_amount FROM aviation.ticket_flights WHERE fare_conditions = 'Economy' AND amount >= 72500 GROUP BY fare_conditions HAVING COUNT(*) > 10",208,0,2,0,True,False,False,1,1,3,3,0,0,0,0,0,0.0,2505.84,1.0,48,34366.0,34.657,2,2,1,Aggregate,1,0,0,0,0,0,0,0,1,1668,0,0,0
unboarded_tickets,"SELECT tf.ticket_no, tf.fare_conditions FROM aviation.ticket_flights AS tf LEFT JOIN aviation.boarding_passes AS bp ON bp.ticket_no = tf.ticket_no AND bp.flight_id = tf.flight_id WHERE tf.flight_id = 8344 AND bp.ticket_no IS NULL",229,1,2,0,False,False,False,2,2,2,0,0,1,0,0,0,0.29,2109.74,10.0,22,40.0,13.922,4,3,2,Nested Loop,1,1,0,0,0,0,1,0,0,1677,0,0,0
flights_without_tickets,"SELECT f.flight_id, f.flight_no FROM aviation.flights AS f WHERE f.scheduled_departure >= DATE '2025-05-08' AND NOT EXISTS (SELECT 1 FROM aviation.ticket_flights AS tf WHERE tf.flight_id = f.flight_id)",201,0,3,1,False,False,False,2,2,3,0,0,0,0,0,0,3084.0,3345.21,1.0,11,206443.0,55.776,4,3,2,Hash Join,2,0,0,0,1,0,0,0,0,2710,0,0,0
passengers_for_booking,"SELECT b.book_ref, b.book_date, t.ticket_no, t.passenger_name FROM aviation.bookings AS b JOIN aviation.tickets AS t ON t.book_ref = b.book_ref WHERE b.book_ref = '000431'",171,1,1,0,False,False,False,2,2,4,0,1,0,0,0,0,0.29,2280.33,2.0,44,5.0,20.151,3,2,2,Nested Loop,1,1,0,0,0,0,1,0,0,2050,0,0,0
recent_flights_sorted,"SELECT flight_no, departure_airport, arrival_airport, scheduled_departure FROM aviation.flights WHERE departure_airport = 'IST' ORDER BY scheduled_departure DESC LIMIT 25",170,0,1,0,False,True,False,1,1,4,0,0,0,0,0,0,257.22,257.28,25.0,23,2025.0,2.567,3,3,1,Limit,1,0,0,0,0,0,0,1,0,318,0,0,0
aircraft_flight_counts,"SELECT a.aircraft_code, a.model, COUNT(f.flight_id) AS flight_count FROM aviation.aircrafts AS a LEFT JOIN aviation.flights AS f ON f.aircraft_code = a.aircraft_code WHERE a.range_km >= 7000 GROUP BY a.aircraft_code, a.model",224,1,1,0,True,False,False,2,2,3,1,0,1,0,0,0,263.57,263.58,1.0,27,12003.0,5.677,5,4,2,Aggregate,2,0,0,0,1,0,0,0,1,316,0,0,0
airport_connections,"SELECT dep.city AS departure_city, arr.city AS arrival_city, COUNT(*) AS flights FROM aviation.flights AS f JOIN aviation.airports AS dep ON dep.airport_code = f.departure_airport JOIN aviation.airports AS arr ON arr.airport_code = f.arrival_airport WHERE f.departure_airport = 'BQT' AND f.status = 'Departed' GROUP BY dep.city, arr.city",337,2,2,0,True,False,False,3,2,3,1,2,0,0,0,0,261.66,261.76,10.0,24,781.0,2.987,7,4,2,Aggregate,3,0,0,0,1,0,1,0,1,420,0,0,0
flight_revenue,"SELECT f.flight_id, f.flight_no, COUNT(*) AS ticket_count, SUM(tf.amount) AS revenue FROM aviation.flights AS f JOIN aviation.ticket_flights AS tf ON tf.flight_id = f.flight_id WHERE f.flight_id = 4834 GROUP BY f.flight_id, f.flight_no",235,1,1,0,True,False,False,2,2,4,2,1,0,0,0,0,0.29,2092.47,1.0,51,22.0,21.058,4,3,2,Aggregate,1,1,0,0,0,0,1,0,1,2511,0,0,0
ticket_fare_lookup,"SELECT t.ticket_no, tf.flight_id, tf.amount FROM aviation.tickets AS t JOIN aviation.ticket_flights AS tf ON tf.ticket_no = t.ticket_no WHERE t.passenger_id = '7390-007390' AND tf.fare_conditions = 'Comfort'",207,1,2,0,False,False,False,2,2,3,0,1,0,0,0,0,0.42,2280.45,1.0,24,3.0,22.757,3,2,2,Nested Loop,1,1,0,0,0,0,1,0,0,2052,0,0,0
aircraft_fare_capacity,"SELECT fare_conditions, COUNT(*) AS seat_count FROM aviation.seats WHERE aircraft_code = '320' GROUP BY fare_conditions ORDER BY seat_count DESC",144,0,1,0,True,True,False,1,1,2,1,0,0,0,0,0,17.2,17.21,3.0,16,186.0,0.286,3,3,1,Sort,1,0,0,0,0,0,0,1,1,18,0,0,0
route_by_date,"SELECT flight_id, flight_no, scheduled_departure, status FROM aviation.flights WHERE departure_airport = 'MSQ' AND arrival_airport = 'VTB' AND scheduled_departure >= DATE '2025-01-25' AND scheduled_departure < DATE '2025-01-25' + INTERVAL '1 day'",246,0,4,0,False,False,False,1,1,4,0,0,0,0,0,0,0.0,304.0,1.0,27,1.0,3.507,1,1,1,Seq Scan,1,0,0,0,0,0,0,0,0,104,0,0,0
fare_statistics,"SELECT fare_conditions, COUNT(*) AS ticket_count, AVG(amount) AS average_amount FROM aviation.ticket_flights WHERE fare_conditions = 'Comfort' AND amount >= 50000 GROUP BY fare_conditions HAVING COUNT(*) > 10",208,0,2,0,True,False,False,1,1,3,3,0,0,0,0,0,0.0,2376.22,1.0,48,8441.0,26.775,2,2,1,Aggregate,1,0,0,0,0,0,0,0,1,1668,0,0,0
bookings_with_expensive_ticket,"SELECT b.book_ref, b.total_amount FROM aviation.bookings AS b WHERE EXISTS (SELECT 1 FROM aviation.tickets AS t JOIN aviation.ticket_flights AS tf ON tf.ticket_no = t.ticket_no WHERE t.book_ref = b.book_ref AND tf.amount >= 57000)",230,1,3,1,False,False,False,3,3,3,0,1,0,0,0,0,6190.99,7696.47,49909.0,13,465524.0,181.116,7,5,3,Hash Join,3,0,0,0,2,0,0,0,0,9084,0,0,0
booking_amount_range,"SELECT book_ref, book_date, total_amount FROM aviation.bookings WHERE total_amount BETWEEN 265000 AND 320000",108,0,1,0,False,False,False,1,1,3,0,0,0,0,0,0,0.0,1069.0,5540.0,21,5540.0,14.325,1,1,1,Seq Scan,1,0,0,0,0,0,0,0,0,319,0,0,0
booking_ticket_count,"SELECT b.book_ref, COUNT(t.ticket_no) AS ticket_count FROM aviation.bookings AS b JOIN aviation.tickets AS t ON t.book_ref = b.book_ref WHERE b.book_date >= DATE '2025-05-26' AND b.book_date < DATE '2025-06-09' GROUP BY b.book_ref HAVING COUNT(t.ticket_no) >= 2",261,1,2,0,True,False,False,2,2,2,2,1,0,0,0,0,3399.65,3425.27,683.0,15,108883.0,47.633,5,4,2,Aggregate,2,0,0,0,1,0,0,0,1,4342,0,0,0
boarding_pass_lookup,"SELECT bp.boarding_no, bp.seat_no, t.passenger_name FROM aviation.boarding_passes AS bp JOIN aviation.tickets AS t ON t.ticket_no = bp.ticket_no WHERE bp.flight_id = 6646 AND bp.boarding_no BETWEEN 1 AND 3",205,1,2,0,False,False,False,2,2,3,0,1,0,0,0,0,0.71,37.17,3.0,22,7.0,0.041,3,2,2,Nested Loop,0,2,0,0,0,0,1,0,0,4,0,0,0
airport_departure_counts,"SELECT departure_airport, COUNT(*) AS flight_count FROM aviation.flights WHERE scheduled_departure >= DATE '2025-10-06' AND scheduled_departure < DATE '2025-11-05' GROUP BY departure_airport ORDER BY flight_count DESC",217,0,2,0,True,True,False,1,1,2,1,0,0,0,0,0,258.32,258.34,10.0,12,830.0,2.694,3,3,1,Sort,1,0,0,0,0,0,0,1,1,315,0,0,0
aircraft_seat_capacity,"SELECT a.aircraft_code, a.model, COUNT(s.seat_no) AS seat_count FROM aviation.aircrafts AS a JOIN aviation.seats AS s ON s.aircraft_code = a.aircraft_code WHERE s.fare_conditions = 'Business' GROUP BY a.aircraft_code, a.model ORDER BY seat_count DESC",250,1,1,0,True,True,False,2,2,3,1,1,0,0,0,0,18.06,18.07,5.0,27,140.0,0.505,6,5,2,Sort,2,0,0,0,1,0,0,1,1,28,0,0,0
flight_occupancy,"SELECT f.flight_id, COUNT(DISTINCT tf.ticket_no) AS tickets, COUNT(DISTINCT bp.ticket_no) AS boarded FROM aviation.flights AS f LEFT JOIN aviation.ticket_flights AS tf ON tf.flight_id = f.flight_id LEFT JOIN aviation.boarding_passes AS bp ON bp.flight_id = tf.flight_id AND bp.ticket_no = tf.ticket_no WHERE f.flight_id = 9286 GROUP BY f.flight_id",347,2,1,0,True,False,False,3,3,3,2,0,2,0,0,0,2112.95,2113.12,1.0,20,62.0,15.091,8,5,3,Aggregate,1,1,1,0,0,1,1,2,1,4193,0,0,0
top_routes,"SELECT departure_airport, arrival_airport, COUNT(*) AS flight_count FROM aviation.flights WHERE scheduled_departure >= DATE '2025-05-15' AND scheduled_departure < DATE '2025-06-14' GROUP BY departure_airport, arrival_airport ORDER BY flight_count DESC LIMIT 10",260,0,2,0,True,True,False,1,1,3,1,0,0,0,0,0,263.33,263.36,10.0,16,1033.0,2.871,4,4,1,Limit,1,0,0,0,0,0,0,1,1,422,0,0,0
daily_flight_count,"SELECT scheduled_departure::date AS flight_date, COUNT(*) AS flight_count FROM aviation.flights WHERE departure_airport = 'BQT' GROUP BY scheduled_departure::date ORDER BY flight_date",183,0,1,0,True,True,False,1,1,2,1,0,0,0,0,0,281.33,301.24,993.0,12,2993.0,3.146,3,3,1,Aggregate,1,0,0,0,0,0,0,1,1,318,0,0,0
ticket_name_prefix,"SELECT ticket_no, passenger_id, passenger_name FROM aviation.tickets WHERE passenger_name LIKE 'Passenger 12880%' ORDER BY ticket_no LIMIT 50",141,0,1,0,False,True,False,1,1,3,0,0,0,0,0,0,2272.17,2272.19,10.0,41,30.0,19.288,3,3,1,Limit,1,0,0,0,0,0,0,1,0,3072,0,0,0
high_value_passengers,"SELECT t.passenger_id, t.passenger_name, b.total_amount FROM aviation.tickets AS t JOIN aviation.bookings AS b ON b.book_ref = t.book_ref WHERE b.total_amount >= 402500 ORDER BY b.total_amount DESC LIMIT 100",207,1,1,0,False,True,False,2,2,3,0,1,0,0,0,0,4099.5,4099.75,100.0,33,158858.0,72.894,6,5,2,Limit,2,0,0,0,1,0,0,1,0,5689,0,0,0
flights_without_tickets,"SELECT f.flight_id, f.flight_no FROM aviation.flights AS f WHERE f.scheduled_departure >= DATE '2025-04-20' AND NOT EXISTS (SELECT 1 FROM aviation.ticket_flights AS tf WHERE tf.flight_id = f.flight_id)",201,0,3,1,False,False,False,2,2,3,0,0,0,0,0,0,3084.0,3347.73,1.0,11,206947.0,55.05,4,3,2,Hash Join,2,0,0,0,1,0,0,0,0,2710,0,0,0
unboarded_tickets,"SELECT tf.ticket_no, tf.fare_conditions FROM aviation.ticket_flights AS tf LEFT JOIN aviation.boarding_passes AS bp ON bp.ticket_no = tf.ticket_no AND bp.flight_id = tf.flight_id WHERE tf.flight_id = 1705 AND bp.ticket_no IS NULL",229,1,2,0,False,False,False,2,2,2,0,0,1,0,0,0,0.29,2109.74,10.0,22,40.0,14.022,4,3,2,Nested Loop,1,1,0,0,0,0,1,0,0,1677,0,0,0
route_revenue,"SELECT f.departure_airport, f.arrival_airport, SUM(tf.amount) AS revenue FROM aviation.flights AS f JOIN aviation.ticket_flights AS tf ON tf.flight_id = f.flight_id WHERE f.departure_airport = 'TBS' GROUP BY f.departure_airport, f.arrival_airport ORDER BY revenue DESC",268,1,1,0,True,True,False,2,2,3,1,1,0,0,0,0,2388.4,2388.43,10.0,40,112020.0,39.685,6,5,2,Sort,2,0,0,0,1,0,0,1,1,3859,0,0,0
passenger_flight_history,"SELECT t.passenger_id, t.passenger_name, f.flight_no, f.scheduled_departure, tf.fare_conditions FROM aviation.tickets AS t JOIN aviation.ticket_flights AS tf ON tf.ticket_no = t.ticket_no JOIN aviation.flights AS f ON f.flight_id = tf.flight_id WHERE t.passenger_id = '1283-021281' AND f.status = 'Departed' ORDER BY f.scheduled_departure DESC",343,2,2,0,False,True,False,3,3,5,0,2,0,0,0,0,2280.77,2280.77,1.0,50,6.0,15.857,6,4,3,Sort,1,2,0,0,0,0,2,1,0,4116,0,0,0
route_revenue,"SELECT f.departure_airport, f.arrival_airport, SUM(tf.amount) AS revenue FROM aviation.flights AS f JOIN aviation.ticket_flights AS tf ON tf.flight_id = f.flight_id WHERE f.departure_airport = 'VTB' GROUP BY f.departure_airport, f.arrival_airport ORDER BY revenue DESC",268,1,1,0,True,True,False,2,2,3,1,1,0,0,0,0,2388.4,2388.43,10.0,40,112020.0,40.315,6,5,2,Sort,2,0,0,0,1,0,0,1,1,3859,0,0,0
route_by_date,"SELECT flight_id, flight_no, scheduled_departure, status FROM aviation.flights WHERE departure_airport = 'GME' AND arrival_airport = 'SVO' AND scheduled_departure >= DATE '2025-11-19' AND scheduled_departure < DATE '2025-11-19' + INTERVAL '1 day'",246,0,4,0,False,False,False,1,1,4,0,0,0,0,0,0,0.0,304.0,1.0,27,1.0,2.76,1,1,1,Seq Scan,1,0,0,0,0,0,0,0,0,104,0,0,0
booking_ticket_count,"SELECT b.book_ref, COUNT(t.ticket_no) AS ticket_count FROM aviation.bookings AS b JOIN aviation.tickets AS t ON t.book_ref = b.book_ref WHERE b.book_date >= DATE '2024-12-29' AND b.book_date < DATE '2025-01-12' GROUP BY b.book_ref HAVING COUNT(t.ticket_no) >= 2",261,1,2,0,True,False,False,2,2,2,2,1,0,0,0,0,3395.75,3419.22,626.0,15,108134.0,48.307,5,4,2,Aggregate,2,0,0,0,1,0,0,0,1,4342,0,0,0
airport_connections,"SELECT dep.city AS departure_city, arr.city AS arrival_city, COUNT(*) AS flights FROM aviation.flights AS f JOIN aviation.airports AS dep ON dep.airport_code = f.departure_airport JOIN aviation.airports AS arr ON arr.airport_code = f.arrival_airport WHERE f.departure_airport = 'BQT' AND f.status = 'On Time' GROUP BY dep.city, arr.city",336,2,2,0,True,False,False,3,2,3,1,2,0,0,0,0,261.66,261.76,10.0,24,781.0,3.097,7,4,2,Aggregate,3,0,0,0,1,0,1,0,1,424,0,0,0
ticket_fare_lookup,"SELECT t.ticket_no, tf.flight_id, tf.amount FROM aviation.tickets AS t JOIN aviation.ticket_flights AS tf ON tf.ticket_no = t.ticket_no WHERE t.passenger_id = '9699-079692' AND tf.fare_conditions = 'Comfort'",207,1,2,0,False,False,False,2,2,3,0,1,0,0,0,0,0.42,2280.45,1.0,24,3.0,18.535,3,2,2,Nested Loop,1,1,0,0,0,0,1,0,0,2052,0,0,0
flights_without_tickets,"SELECT f.flight_id, f.flight_no FROM aviation.flights AS f WHERE f.scheduled_departure >= DATE '2025-04-06' AND NOT EXISTS (SELECT 1 FROM aviation.ticket_flights AS tf WHERE tf.flight_id = f.flight_id)",201,0,3,1,False,False,False,2,2,3,0,0,0,0,0,0,3084.0,3349.68,1.0,11,207338.0,55.576,4,3,2,Hash Join,2,0,0,0,1,0,0,0,0,2710,0,0,0
aircraft_seat_capacity,"SELECT a.aircraft_code, a.model, COUNT(s.seat_no) AS seat_count FROM aviation.aircrafts AS a JOIN aviation.seats AS s ON s.aircraft_code = a.aircraft_code WHERE s.fare_conditions = 'Business' GROUP BY a.aircraft_code, a.model ORDER BY seat_count DESC",250,1,1,0,True,True,False,2,2,3,1,1,0,0,0,0,18.06,18.07,5.0,27,140.0,0.486,6,5,2,Sort,2,0,0,0,1,0,0,1,1,28,0,0,0
aircraft_fare_capacity,"SELECT fare_conditions, COUNT(*) AS seat_count FROM aviation.seats WHERE aircraft_code = '738' GROUP BY fare_conditions ORDER BY seat_count DESC",144,0,1,0,True,True,False,1,1,2,1,0,0,0,0,0,17.2,17.21,3.0,16,186.0,0.308,3,3,1,Sort,1,0,0,0,0,0,0,1,1,18,0,0,0
unboarded_tickets,"SELECT tf.ticket_no, tf.fare_conditions FROM aviation.ticket_flights AS tf LEFT JOIN aviation.boarding_passes AS bp ON bp.ticket_no = tf.ticket_no AND bp.flight_id = tf.flight_id WHERE tf.flight_id = 5006 AND bp.ticket_no IS NULL",229,1,2,0,False,False,False,2,2,2,0,0,1,0,0,0,0.29,2109.74,10.0,22,40.0,13.585,4,3,2,Nested Loop,1,1,0,0,0,0,1,0,0,1674,0,0,0
boarding_pass_lookup,"SELECT bp.boarding_no, bp.seat_no, t.passenger_name FROM aviation.boarding_passes AS bp JOIN aviation.tickets AS t ON t.ticket_no = bp.ticket_no WHERE bp.flight_id = 6408 AND bp.boarding_no BETWEEN 4 AND 8",205,1,2,0,False,False,False,2,2,3,0,1,0,0,0,0,0.71,57.58,5.0,22,11.0,0.446,3,2,2,Nested Loop,0,2,0,0,0,0,1,0,0,46,0,0,0
aircraft_flight_counts,"SELECT a.aircraft_code, a.model, COUNT(f.flight_id) AS flight_count FROM aviation.aircrafts AS a LEFT JOIN aviation.flights AS f ON f.aircraft_code = a.aircraft_code WHERE a.range_km >= 4250 GROUP BY a.aircraft_code, a.model",224,1,1,0,True,False,False,2,2,3,1,0,1,0,0,0,303.62,303.68,5.0,27,20015.0,8.437,5,4,2,Aggregate,2,0,0,0,1,0,0,0,1,316,0,0,0
high_value_passengers,"SELECT t.passenger_id, t.passenger_name, b.total_amount FROM aviation.tickets AS t JOIN aviation.bookings AS b ON b.book_ref = t.book_ref WHERE b.total_amount >= 342500 ORDER BY b.total_amount DESC LIMIT 100",207,1,1,0,False,True,False,2,2,3,0,1,0,0,0,0,4650.47,4650.72,100.0,33,196028.0,78.769,6,5,2,Limit,2,0,0,0,1,0,0,1,0,5689,0,0,0
flight_revenue,"SELECT f.flight_id, f.flight_no, COUNT(*) AS ticket_count, SUM(tf.amount) AS revenue FROM aviation.flights AS f JOIN aviation.ticket_flights AS tf ON tf.flight_id = f.flight_id WHERE f.flight_id = 2239 GROUP BY f.flight_id, f.flight_no",235,1,1,0,True,False,False,2,2,4,2,1,0,0,0,0,0.29,2092.47,1.0,51,22.0,13.592,4,3,2,Aggregate,1,1,0,0,0,0,1,0,1,2511,0,0,0
daily_flight_count,"SELECT scheduled_departure::date AS flight_date, COUNT(*) AS flight_count FROM aviation.flights WHERE departure_airport = 'VTB' GROUP BY scheduled_departure::date ORDER BY flight_date",183,0,1,0,True,True,False,1,1,2,1,0,0,0,0,0,281.33,301.24,993.0,12,2993.0,3.191,3,3,1,Aggregate,1,0,0,0,0,0,0,1,1,318,0,0,0
ticket_name_prefix,"SELECT ticket_no, passenger_id, passenger_name FROM aviation.tickets WHERE passenger_name LIKE 'Passenger 61014%' ORDER BY ticket_no LIMIT 50",141,0,1,0,False,True,False,1,1,3,0,0,0,0,0,0,2272.17,2272.19,10.0,41,30.0,21.958,3,3,1,Limit,1,0,0,0,0,0,0,1,0,3072,0,0,0
booking_amount_range,"SELECT book_ref, book_date, total_amount FROM aviation.bookings WHERE total_amount BETWEEN 285000 AND 425000",108,0,1,0,False,False,False,1,1,3,0,0,0,0,0,0,0.0,1069.0,14291.0,21,14291.0,12.886,1,1,1,Seq Scan,1,0,0,0,0,0,0,0,0,319,0,0,0
bookings_with_expensive_ticket,"SELECT b.book_ref, b.total_amount FROM aviation.bookings AS b WHERE EXISTS (SELECT 1 FROM aviation.tickets AS t JOIN aviation.ticket_flights AS tf ON tf.ticket_no = t.ticket_no WHERE t.book_ref = b.book_ref AND tf.amount >= 75500)",230,1,3,1,False,False,False,3,3,3,0,1,0,0,0,0,5871.23,7263.38,39721.0,13,348605.0,151.573,7,5,3,Hash Join,3,0,0,0,2,0,0,0,0,8896,0,0,0
top_routes,"SELECT departure_airport, arrival_airport, COUNT(*) AS flight_count FROM aviation.flights WHERE scheduled_departure >= DATE '2025-05-08' AND scheduled_departure < DATE '2025-08-06' GROUP BY departure_airport, arrival_airport ORDER BY flight_count DESC LIMIT 10",260,0,2,0,True,True,False,1,1,3,1,0,0,0,0,0,275.54,275.56,10.0,16,2660.0,3.474,4,4,1,Limit,1,0,0,0,0,0,0,1,1,422,0,0,0
airport_departure_counts,"SELECT departure_airport, COUNT(*) AS flight_count FROM aviation.flights WHERE scheduled_departure >= DATE '2025-06-22' AND scheduled_departure < DATE '2025-07-06' GROUP BY departure_airport ORDER BY flight_count DESC",217,0,2,0,True,True,False,1,1,2,1,0,0,0,0,0,256.16,256.18,10.0,12,398.0,2.507,3,3,1,Sort,1,0,0,0,0,0,0,1,1,315,0,0,0
passengers_for_booking,"SELECT b.book_ref, b.book_date, t.ticket_no, t.passenger_name FROM aviation.bookings AS b JOIN aviation.tickets AS t ON t.book_ref = b.book_ref WHERE b.book_ref = '045485'",171,1,1,0,False,False,False,2,2,4,0,1,0,0,0,0,0.29,2280.33,2.0,44,5.0,16.928,3,2,2,Nested Loop,1,1,0,0,0,0,1,0,0,2050,0,0,0
recent_flights_sorted,"SELECT flight_no, departure_airport, arrival_airport, scheduled_departure FROM aviation.flights WHERE departure_airport = 'LED' ORDER BY scheduled_departure DESC LIMIT 10",170,0,1,0,False,True,False,1,1,4,0,0,0,0,0,0,250.61,250.63,10.0,23,2010.0,2.371,3,3,1,Limit,1,0,0,0,0,0,0,1,0,318,0,0,0
passenger_flight_history,"SELECT t.passenger_id, t.passenger_name, f.flight_no, f.scheduled_departure, tf.fare_conditions FROM aviation.tickets AS t JOIN aviation.ticket_flights AS tf ON tf.ticket_no = t.ticket_no JOIN aviation.flights AS f ON f.flight_id = tf.flight_id WHERE t.passenger_id = '4369-044365' AND f.status = 'Scheduled' ORDER BY f.scheduled_departure DESC",344,2,2,0,False,True,False,3,3,5,0,2,0,0,0,0,2280.77,2280.77,1.0,50,6.0,19.672,6,4,3,Sort,1,2,0,0,0,0,2,1,0,4116,0,0,0
fare_statistics,"SELECT fare_conditions, COUNT(*) AS ticket_count, AVG(amount) AS average_amount FROM aviation.ticket_flights WHERE fare_conditions = 'Economy' AND amount >= 80000 GROUP BY fare_conditions HAVING COUNT(*) > 10",208,0,2,0,True,False,False,1,1,3,3,0,0,0,0,0,0.0,2480.38,1.0,48,29273.0,33.404,2,2,1,Aggregate,1,0,0,0,0,0,0,0,1,1668,0,0,0
flight_occupancy,"SELECT f.flight_id, COUNT(DISTINCT tf.ticket_no) AS tickets, COUNT(DISTINCT bp.ticket_no) AS boarded FROM aviation.flights AS f LEFT JOIN aviation.ticket_flights AS tf ON tf.flight_id = f.flight_id LEFT JOIN aviation.boarding_passes AS bp ON bp.flight_id = tf.flight_id AND bp.ticket_no = tf.ticket_no WHERE f.flight_id = 9079 GROUP BY f.flight_id",347,2,1,0,True,False,False,3,3,3,2,0,2,0,0,0,2112.95,2113.12,1.0,20,62.0,13.594,8,5,3,Aggregate,1,1,1,0,0,1,1,2,1,4201,0,0,0
flights_without_tickets,"SELECT f.flight_id, f.flight_no FROM aviation.flights AS f WHERE f.scheduled_departure >= DATE '2025-07-06' AND NOT EXISTS (SELECT 1 FROM aviation.ticket_flights AS tf WHERE tf.flight_id = f.flight_id)",201,0,3,1,False,False,False,2,2,3,0,0,0,0,0,0,3084.0,3337.14,1.0,11,204830.0,65.097,4,3,2,Hash Join,2,0,0,0,1,0,0,0,0,2710,0,0,0
flight_revenue,"SELECT f.flight_id, f.flight_no, COUNT(*) AS ticket_count, SUM(tf.amount) AS revenue FROM aviation.flights AS f JOIN aviation.ticket_flights AS tf ON tf.flight_id = f.flight_id WHERE f.flight_id = 5825 GROUP BY f.flight_id, f.flight_no",235,1,1,0,True,False,False,2,2,4,2,1,0,0,0,0,0.29,2092.47,1.0,51,22.0,13.832,4,3,2,Aggregate,1,1,0,0,0,0,1,0,1,2511,0,0,0
ticket_fare_lookup,"SELECT t.ticket_no, tf.flight_id, tf.amount FROM aviation.tickets AS t JOIN aviation.ticket_flights AS tf ON tf.ticket_no = t.ticket_no WHERE t.passenger_id = '5569-025567' AND tf.fare_conditions = 'Economy'",207,1,2,0,False,False,False,2,2,3,0,1,0,0,0,0,0.42,2280.45,1.0,24,3.0,15.495,3,2,2,Nested Loop,1,1,0,0,0,0,1,0,0,2052,0,0,0
top_routes,"SELECT departure_airport, arrival_airport, COUNT(*) AS flight_count FROM aviation.flights WHERE scheduled_departure >= DATE '2025-04-19' AND scheduled_departure < DATE '2025-06-18' GROUP BY departure_airport, arrival_airport ORDER BY flight_count DESC LIMIT 3",259,0,2,0,True,True,False,1,1,3,1,0,0,0,0,0,268.73,268.74,3.0,16,1862.0,3.818,4,4,1,Limit,1,0,0,0,0,0,0,1,1,422,0,0,0
ticket_name_prefix,"SELECT ticket_no, passenger_id, passenger_name FROM aviation.tickets WHERE passenger_name LIKE 'Passenger 54329%' ORDER BY ticket_no LIMIT 50",141,0,1,0,False,True,False,1,1,3,0,0,0,0,0,0,2272.17,2272.19,10.0,41,30.0,23.855,3,3,1,Limit,1,0,0,0,0,0,0,1,0,3072,0,0,0
aircraft_seat_capacity,"SELECT a.aircraft_code, a.model, COUNT(s.seat_no) AS seat_count FROM aviation.aircrafts AS a JOIN aviation.seats AS s ON s.aircraft_code = a.aircraft_code WHERE s.fare_conditions = 'Comfort' GROUP BY a.aircraft_code, a.model ORDER BY seat_count DESC",249,1,1,0,True,True,False,2,2,3,1,1,0,0,0,0,18.65,18.67,5.0,27,260.0,0.589,6,5,2,Sort,2,0,0,0,1,0,0,1,1,28,0,0,0
route_by_date,"SELECT flight_id, flight_no, scheduled_departure, status FROM aviation.flights WHERE departure_airport = 'SVO' AND arrival_airport = 'TBS' AND scheduled_departure >= DATE '2025-07-19' AND scheduled_departure < DATE '2025-07-19' + INTERVAL '1 day'",246,0,4,0,False,False,False,1,1,4,0,0,0,0,0,0,0.0,304.0,1.0,27,1.0,3.466,1,1,1,Seq Scan,1,0,0,0,0,0,0,0,0,104,0,0,0
recent_flights_sorted,"SELECT flight_no, departure_airport, arrival_airport, scheduled_departure FROM aviation.flights WHERE departure_airport = 'MSQ' ORDER BY scheduled_departure DESC LIMIT 50",170,0,1,0,False,True,False,1,1,4,0,0,0,0,0,0,262.22,262.34,50.0,23,2050.0,2.244,3,3,1,Limit,1,0,0,0,0,0,0,1,0,318,0,0,0
passengers_for_booking,"SELECT b.book_ref, b.book_date, t.ticket_no, t.passenger_name FROM aviation.bookings AS b JOIN aviation.tickets AS t ON t.book_ref = b.book_ref WHERE b.book_ref = '011212'",171,1,1,0,False,False,False,2,2,4,0,1,0,0,0,0,0.29,2280.33,2.0,44,5.0,16.433,3,2,2,Nested Loop,1,1,0,0,0,0,1,0,0,2050,0,0,0
flight_occupancy,"SELECT f.flight_id, COUNT(DISTINCT tf.ticket_no) AS tickets, COUNT(DISTINCT bp.ticket_no) AS boarded FROM aviation.flights AS f LEFT JOIN aviation.ticket_flights AS tf ON tf.flight_id = f.flight_id LEFT JOIN aviation.boarding_passes AS bp ON bp.flight_id = tf.flight_id AND bp.ticket_no = tf.ticket_no WHERE f.flight_id = 3317 GROUP BY f.flight_id",347,2,1,0,True,False,False,3,3,3,2,0,2,0,0,0,2112.95,2113.12,1.0,20,62.0,13.893,8,5,3,Aggregate,1,1,1,0,0,1,1,2,1,4197,0,0,0
bookings_with_expensive_ticket,"SELECT b.book_ref, b.total_amount FROM aviation.bookings AS b WHERE EXISTS (SELECT 1 FROM aviation.tickets AS t JOIN aviation.ticket_flights AS tf ON tf.ticket_no = t.ticket_no WHERE t.book_ref = b.book_ref AND tf.amount >= 56000)",230,1,3,1,False,False,False,3,3,3,0,1,0,0,0,0,6203.45,7708.94,49909.0,13,467996.0,220.438,7,5,3,Hash Join,3,0,0,0,2,0,0,0,0,9084,0,0,0
airport_connections,"SELECT dep.city AS departure_city, arr.city AS arrival_city, COUNT(*) AS flights FROM aviation.flights AS f JOIN aviation.airports AS dep ON dep.airport_code = f.departure_airport JOIN aviation.airports AS arr ON arr.airport_code = f.arrival_airport WHERE f.departure_airport = 'VTB' AND f.status = 'On Time' GROUP BY dep.city, arr.city",336,2,2,0,True,False,False,3,2,3,1,2,0,0,0,0,261.66,261.76,10.0,24,781.0,2.522,7,4,2,Aggregate,3,0,0,0,1,0,1,0,1,424,0,0,0
high_value_passengers,"SELECT t.passenger_id, t.passenger_name, b.total_amount FROM aviation.tickets AS t JOIN aviation.bookings AS b ON b.book_ref = t.book_ref WHERE b.total_amount >= 212500 ORDER BY b.total_amount DESC LIMIT 100",207,1,1,0,False,True,False,2,2,3,0,1,0,0,0,0,5815.92,5816.17,100.0,33,274652.0,128.783,6,5,2,Limit,2,0,0,0,1,0,0,1,0,5689,0,0,0
booking_ticket_count,"SELECT b.book_ref, COUNT(t.ticket_no) AS ticket_count FROM aviation.bookings AS b JOIN aviation.tickets AS t ON t.book_ref = b.book_ref WHERE b.book_date >= DATE '2025-05-15' AND b.book_date < DATE '2025-05-22' GROUP BY b.book_ref HAVING COUNT(t.ticket_no) >= 2",261,1,2,0,True,False,False,2,2,2,2,1,0,0,0,0,3375.28,3387.37,322.0,15,104190.0,53.964,5,4,2,Aggregate,2,0,0,0,1,0,0,0,1,4342,0,0,0
route_revenue,"SELECT f.departure_airport, f.arrival_airport, SUM(tf.amount) AS revenue FROM aviation.flights AS f JOIN aviation.ticket_flights AS tf ON tf.flight_id = f.flight_id WHERE f.departure_airport = 'WAW' GROUP BY f.departure_airport, f.arrival_airport ORDER BY revenue DESC",268,1,1,0,True,True,False,2,2,3,1,1,0,0,0,0,2388.4,2388.43,10.0,40,112020.0,44.274,6,5,2,Sort,2,0,0,0,1,0,0,1,1,3859,0,0,0
booking_amount_range,"SELECT book_ref, book_date, total_amount FROM aviation.bookings WHERE total_amount BETWEEN 65000 AND 210000",107,0,1,0,False,False,False,1,1,3,0,0,0,0,0,0,0.0,1069.0,14588.0,21,14588.0,15.137,1,1,1,Seq Scan,1,0,0,0,0,0,0,0,0,319,0,0,0
passenger_flight_history,"SELECT t.passenger_id, t.passenger_name, f.flight_no, f.scheduled_departure, tf.fare_conditions FROM aviation.tickets AS t JOIN aviation.ticket_flights AS tf ON tf.ticket_no = t.ticket_no JOIN aviation.flights AS f ON f.flight_id = tf.flight_id WHERE t.passenger_id = '2640-072633' AND f.status = 'Departed' ORDER BY f.scheduled_departure DESC",343,2,2,0,False,True,False,3,3,5,0,2,0,0,0,0,2280.77,2280.77,1.0,50,6.0,16.215,6,4,3,Sort,1,2,0,0,0,0,2,1,0,4116,0,0,0
aircraft_flight_counts,"SELECT a.aircraft_code, a.model, COUNT(f.flight_id) AS flight_count FROM aviation.aircrafts AS a LEFT JOIN aviation.flights AS f ON f.aircraft_code = a.aircraft_code WHERE a.range_km >= 6000 GROUP BY a.aircraft_code, a.model",224,1,1,0,True,False,False,2,2,3,1,0,1,0,0,0,273.59,273.61,2.0,27,14006.0,7.655,5,4,2,Aggregate,2,0,0,0,1,0,0,0,1,316,0,0,0
airport_departure_counts,"SELECT departure_airport, COUNT(*) AS flight_count FROM aviation.flights WHERE scheduled_departure >= DATE '2025-10-20' AND scheduled_departure < DATE '2025-10-27' GROUP BY departure_airport ORDER BY flight_count DESC",217,0,2,0,True,True,False,1,1,2,1,0,0,0,0,0,255.21,255.23,10.0,12,208.0,2.423,3,3,1,Sort,1,0,0,0,0,0,0,1,1,315,0,0,0
aircraft_fare_capacity,"SELECT fare_conditions, COUNT(*) AS seat_count FROM aviation.seats WHERE aircraft_code = 'SU9' GROUP BY fare_conditions ORDER BY seat_count DESC",144,0,1,0,True,True,False,1,1,2,1,0,0,0,0,0,17.2,17.21,3.0,16,186.0,0.313,3,3,1,Sort,1,0,0,0,0,0,0,1,1,18,0,0,0
daily_flight_count,"SELECT scheduled_departure::date AS flight_date, COUNT(*) AS flight_count FROM aviation.flights WHERE departure_airport = 'BQT' GROUP BY scheduled_departure::date ORDER BY flight_date",183,0,1,0,True,True,False,1,1,2,1,0,0,0,0,0,281.33,301.24,993.0,12,2993.0,2.48,3,3,1,Aggregate,1,0,0,0,0,0,0,1,1,318,0,0,0
fare_statistics,"SELECT fare_conditions, COUNT(*) AS ticket_count, AVG(amount) AS average_amount FROM aviation.ticket_flights WHERE fare_conditions = 'Comfort' AND amount >= 57250 GROUP BY fare_conditions HAVING COUNT(*) > 10",208,0,2,0,True,False,False,1,1,3,3,0,0,0,0,0,0.0,2372.07,1.0,48,7611.0,27.068,2,2,1,Aggregate,1,0,0,0,0,0,0,0,1,1668,0,0,0
boarding_pass_lookup,"SELECT bp.boarding_no, bp.seat_no, t.passenger_name FROM aviation.boarding_passes AS bp JOIN aviation.tickets AS t ON t.ticket_no = bp.ticket_no WHERE bp.flight_id = 5845 AND bp.boarding_no BETWEEN 5 AND 9",205,1,2,0,False,False,False,2,2,3,0,1,0,0,0,0,0.71,57.58,5.0,22,11.0,0.386,3,2,2,Nested Loop,0,2,0,0,0,0,1,0,0,46,0,0,0
unboarded_tickets,"SELECT tf.ticket_no, tf.fare_conditions FROM aviation.ticket_flights AS tf LEFT JOIN aviation.boarding_passes AS bp ON bp.ticket_no = tf.ticket_no AND bp.flight_id = tf.flight_id WHERE tf.flight_id = 7552 AND bp.ticket_no IS NULL",229,1,2,0,False,False,False,2,2,2,0,0,1,0,0,0,0.29,2109.74,10.0,22,40.0,14.126,4,3,2,Nested Loop,1,1,0,0,0,0,1,0,0,1677,0,0,0
high_value_passengers,"SELECT t.passenger_id, t.passenger_name, b.total_amount FROM aviation.tickets AS t JOIN aviation.bookings AS b ON b.book_ref = t.book_ref WHERE b.total_amount >= 422500 ORDER BY b.total_amount DESC LIMIT 100",207,1,1,0,False,True,False,2,2,3,0,1,0,0,0,0,3921.98,3922.23,100.0,33,146882.0,99.911,6,5,2,Limit,2,0,0,0,1,0,0,1,0,5689,0,0,0
recent_flights_sorted,"SELECT flight_no, departure_airport, arrival_airport, scheduled_departure FROM aviation.flights WHERE departure_airport = 'GNA' ORDER BY scheduled_departure DESC LIMIT 100",171,0,1,0,False,True,False,1,1,4,0,0,0,0,0,0,267.22,267.47,100.0,23,2100.0,2.828,3,3,1,Limit,1,0,0,0,0,0,0,1,0,318,0,0,0
daily_flight_count,"SELECT scheduled_departure::date AS flight_date, COUNT(*) AS flight_count FROM aviation.flights WHERE departure_airport = 'SVO' GROUP BY scheduled_departure::date ORDER BY flight_date",183,0,1,0,True,True,False,1,1,2,1,0,0,0,0,0,281.33,301.24,993.0,12,2993.0,2.724,3,3,1,Aggregate,1,0,0,0,0,0,0,1,1,318,0,0,0
passenger_flight_history,"SELECT t.passenger_id, t.passenger_name, f.flight_no, f.scheduled_departure, tf.fare_conditions FROM aviation.tickets AS t JOIN aviation.ticket_flights AS tf ON tf.ticket_no = t.ticket_no JOIN aviation.flights AS f ON f.flight_id = tf.flight_id WHERE t.passenger_id = '2991-052986' AND f.status = 'Arrived' ORDER BY f.scheduled_departure DESC",342,2,2,0,False,True,False,3,3,5,0,2,0,0,0,0,2280.77,2280.77,1.0,50,6.0,22.713,6,4,3,Sort,1,2,0,0,0,0,2,1,0,4116,0,0,0
boarding_pass_lookup,"SELECT bp.boarding_no, bp.seat_no, t.passenger_name FROM aviation.boarding_passes AS bp JOIN aviation.tickets AS t ON t.ticket_no = bp.ticket_no WHERE bp.flight_id = 7421 AND bp.boarding_no BETWEEN 1 AND 6",205,1,2,0,False,False,False,2,2,3,0,1,0,0,0,0,0.71,67.79,6.0,22,13.0,0.565,3,2,2,Nested Loop,0,2,0,0,0,0,1,0,0,54,0,0,0
airport_connections,"SELECT dep.city AS departure_city, arr.city AS arrival_city, COUNT(*) AS flights FROM aviation.flights AS f JOIN aviation.airports AS dep ON dep.airport_code = f.departure_airport JOIN aviation.airports AS arr ON arr.airport_code = f.arrival_airport WHERE f.departure_airport = 'GME' AND f.status = 'Departed' GROUP BY dep.city, arr.city",337,2,2,0,True,False,False,3,2,3,1,2,0,0,0,0,261.66,261.76,10.0,24,781.0,3.783,7,4,2,Aggregate,3,0,0,0,1,0,1,0,1,424,0,0,0
bookings_with_expensive_ticket,"SELECT b.book_ref, b.total_amount FROM aviation.bookings AS b WHERE EXISTS (SELECT 1 FROM aviation.tickets AS t JOIN aviation.ticket_flights AS tf ON tf.ticket_no = t.ticket_no WHERE t.book_ref = b.book_ref AND tf.amount >= 55250)",230,1,3,1,False,False,False,3,3,3,0,1,0,0,0,0,6212.65,7718.13,49909.0,13,469820.0,198.608,7,5,3,Hash Join,3,0,0,0,2,0,0,0,0,9084,0,0,0
aircraft_flight_counts,"SELECT a.aircraft_code, a.model, COUNT(f.flight_id) AS flight_count FROM aviation.aircrafts AS a LEFT JOIN aviation.flights AS f ON f.aircraft_code = a.aircraft_code WHERE a.range_km >= 3250 GROUP BY a.aircraft_code, a.model",224,1,1,0,True,False,False,2,2,3,1,0,1,0,0,0,303.62,303.68,5.0,27,20015.0,8.704,5,4,2,Aggregate,2,0,0,0,1,0,0,0,1,316,0,0,0
airport_departure_counts,"SELECT departure_airport, COUNT(*) AS flight_count FROM aviation.flights WHERE scheduled_departure >= DATE '2025-06-20' AND scheduled_departure < DATE '2025-06-27' GROUP BY departure_airport ORDER BY flight_count DESC",217,0,2,0,True,True,False,1,1,2,1,0,0,0,0,0,255.21,255.23,10.0,12,208.0,2.645,3,3,1,Sort,1,0,0,0,0,0,0,1,1,315,0,0,0
ticket_fare_lookup,"SELECT t.ticket_no, tf.flight_id, tf.amount FROM aviation.tickets AS t JOIN aviation.ticket_flights AS tf ON tf.ticket_no = t.ticket_no WHERE t.passenger_id = '9277-099268' AND tf.fare_conditions = 'Comfort'",207,1,2,0,False,False,False,2,2,3,0,1,0,0,0,0,0.42,2280.45,1.0,24,3.0,18.094,3,2,2,Nested Loop,1,1,0,0,0,0,1,0,0,2052,0,0,0
flight_revenue,"SELECT f.flight_id, f.flight_no, COUNT(*) AS ticket_count, SUM(tf.amount) AS revenue FROM aviation.flights AS f JOIN aviation.ticket_flights AS tf ON tf.flight_id = f.flight_id WHERE f.flight_id = 2787 GROUP BY f.flight_id, f.flight_no",235,1,1,0,True,False,False,2,2,4,2,1,0,0,0,0,0.29,2092.47,1.0,51,22.0,15.945,4,3,2,Aggregate,1,1,0,0,0,0,1,0,1,2511,0,0,0
passengers_for_booking,"SELECT b.book_ref, b.book_date, t.ticket_no, t.passenger_name FROM aviation.bookings AS b JOIN aviation.tickets AS t ON t.book_ref = b.book_ref WHERE b.book_ref = '004751'",171,1,1,0,False,False,False,2,2,4,0,1,0,0,0,0,0.29,2280.33,2.0,44,5.0,23.133,3,2,2,Nested Loop,1,1,0,0,0,0,1,0,0,2050,0,0,0
aircraft_seat_capacity,"SELECT a.aircraft_code, a.model, COUNT(s.seat_no) AS seat_count FROM aviation.aircrafts AS a JOIN aviation.seats AS s ON s.aircraft_code = a.aircraft_code WHERE s.fare_conditions = 'Comfort' GROUP BY a.aircraft_code, a.model ORDER BY seat_count DESC",249,1,1,0,True,True,False,2,2,3,1,1,0,0,0,0,18.65,18.67,5.0,27,260.0,0.67,6,5,2,Sort,2,0,0,0,1,0,0,1,1,28,0,0,0
ticket_name_prefix,"SELECT ticket_no, passenger_id, passenger_name FROM aviation.tickets WHERE passenger_name LIKE 'Passenger 19567%' ORDER BY ticket_no LIMIT 50",141,0,1,0,False,True,False,1,1,3,0,0,0,0,0,0,2272.17,2272.19,10.0,41,30.0,20.186,3,3,1,Limit,1,0,0,0,0,0,0,1,0,3072,0,0,0
unboarded_tickets,"SELECT tf.ticket_no, tf.fare_conditions FROM aviation.ticket_flights AS tf LEFT JOIN aviation.boarding_passes AS bp ON bp.ticket_no = tf.ticket_no AND bp.flight_id = tf.flight_id WHERE tf.flight_id = 8896 AND bp.ticket_no IS NULL",229,1,2,0,False,False,False,2,2,2,0,0,1,0,0,0,0.29,2109.74,10.0,22,40.0,15.473,4,3,2,Nested Loop,1,1,0,0,0,0,1,0,0,1674,0,0,0
booking_ticket_count,"SELECT b.book_ref, COUNT(t.ticket_no) AS ticket_count FROM aviation.bookings AS b JOIN aviation.tickets AS t ON t.book_ref = b.book_ref WHERE b.book_date >= DATE '2025-06-28' AND b.book_date < DATE '2025-07-12' GROUP BY b.book_ref HAVING COUNT(t.ticket_no) >= 2",261,1,2,0,True,False,False,2,2,2,2,1,0,0,0,0,3394.07,3416.59,601.0,15,107809.0,76.043,5,4,2,Aggregate,2,0,0,0,1,0,0,0,1,4342,0,0,0
route_by_date,"SELECT flight_id, flight_no, scheduled_departure, status FROM aviation.flights WHERE departure_airport = 'GNA' AND arrival_airport = 'WAW' AND scheduled_departure >= DATE '2025-11-24' AND scheduled_departure < DATE '2025-11-24' + INTERVAL '1 day'",246,0,4,0,False,False,False,1,1,4,0,0,0,0,0,0,0.0,304.0,1.0,27,1.0,2.481,1,1,1,Seq Scan,1,0,0,0,0,0,0,0,0,104,0,0,0
booking_amount_range,"SELECT book_ref, book_date, total_amount FROM aviation.bookings WHERE total_amount BETWEEN 235000 AND 360000",108,0,1,0,False,False,False,1,1,3,0,0,0,0,0,0,0.0,1069.0,12738.0,21,12738.0,13.442,1,1,1,Seq Scan,1,0,0,0,0,0,0,0,0,319,0,0,0
flights_without_tickets,"SELECT f.flight_id, f.flight_no FROM aviation.flights AS f WHERE f.scheduled_departure >= DATE '2025-08-19' AND NOT EXISTS (SELECT 1 FROM aviation.ticket_flights AS tf WHERE tf.flight_id = f.flight_id)",201,0,3,1,False,False,False,2,2,3,0,0,0,0,0,0,3084.0,3331.21,1.0,11,203643.0,49.576,4,3,2,Hash Join,2,0,0,0,1,0,0,0,0,2710,0,0,0
top_routes,"SELECT departure_airport, arrival_airport, COUNT(*) AS flight_count FROM aviation.flights WHERE scheduled_departure >= DATE '2025-01-24' AND scheduled_departure < DATE '2025-04-24' GROUP BY departure_airport, arrival_airport ORDER BY flight_count DESC LIMIT 10",260,0,2,0,True,True,False,1,1,3,1,0,0,0,0,0,276.08,276.11,10.0,16,2733.0,4.27,4,4,1,Limit,1,0,0,0,0,0,0,1,1,422,0,0,0
route_revenue,"SELECT f.departure_airport, f.arrival_airport, SUM(tf.amount) AS revenue FROM aviation.flights AS f JOIN aviation.ticket_flights AS tf ON tf.flight_id = f.flight_id WHERE f.departure_airport = 'SVO' GROUP BY f.departure_airport, f.arrival_airport ORDER BY revenue DESC",268,1,1,0,True,True,False,2,2,3,1,1,0,0,0,0,2388.4,2388.43,10.0,40,112020.0,39.816,6,5,2,Sort,2,0,0,0,1,0,0,1,1,3859,0,0,0
aircraft_fare_capacity,"SELECT fare_conditions, COUNT(*) AS seat_count FROM aviation.seats WHERE aircraft_code = '321' GROUP BY fare_conditions ORDER BY seat_count DESC",144,0,1,0,True,True,False,1,1,2,1,0,0,0,0,0,17.2,17.21,3.0,16,186.0,0.427,3,3,1,Sort,1,0,0,0,0,0,0,1,1,18,0,0,0
fare_statistics,"SELECT fare_conditions, COUNT(*) AS ticket_count, AVG(amount) AS average_amount FROM aviation.ticket_flights WHERE fare_conditions = 'Business' AND amount >= 12500 GROUP BY fare_conditions HAVING COUNT(*) > 10",209,0,2,0,True,False,False,1,1,3,3,0,0,0,0,0,0.0,2356.78,1.0,48,4553.0,27.855,2,2,1,Aggregate,1,0,0,0,0,0,0,0,1,1668,0,0,0
flight_occupancy,"SELECT f.flight_id, COUNT(DISTINCT tf.ticket_no) AS tickets, COUNT(DISTINCT bp.ticket_no) AS boarded FROM aviation.flights AS f LEFT JOIN aviation.ticket_flights AS tf ON tf.flight_id = f.flight_id LEFT JOIN aviation.boarding_passes AS bp ON bp.flight_id = tf.flight_id AND bp.ticket_no = tf.ticket_no WHERE f.flight_id = 5698 GROUP BY f.flight_id",347,2,1,0,True,False,False,3,3,3,2,0,2,0,0,0,2112.95,2113.12,1.0,20,62.0,13.842,8,5,3,Aggregate,1,1,1,0,0,1,1,2,1,4197,0,0,0
fare_statistics,"SELECT fare_conditions, COUNT(*) AS ticket_count, AVG(amount) AS average_amount FROM aviation.ticket_flights WHERE fare_conditions = 'Economy' AND amount >= 38000 GROUP BY fare_conditions HAVING COUNT(*) > 10",208,0,2,0,True,False,False,1,1,3,3,0,0,0,0,0,0.0,2622.16,1.0,48,57629.0,45.438,2,2,1,Aggregate,1,0,0,0,0,0,0,0,1,1668,0,0,0
high_value_passengers,"SELECT t.passenger_id, t.passenger_name, b.total_amount FROM aviation.tickets AS t JOIN aviation.bookings AS b ON b.book_ref = t.book_ref WHERE b.total_amount >= 120000 ORDER BY b.total_amount DESC LIMIT 100",207,1,1,0,False,True,False,2,2,3,0,1,0,0,0,0,6641.54,6641.79,100.0,33,330350.0,132.24,6,5,2,Limit,2,0,0,0,1,0,0,1,0,5689,0,0,0
flight_occupancy,"SELECT f.flight_id, COUNT(DISTINCT tf.ticket_no) AS tickets, COUNT(DISTINCT bp.ticket_no) AS boarded FROM aviation.flights AS f LEFT JOIN aviation.ticket_flights AS tf ON tf.flight_id = f.flight_id LEFT JOIN aviation.boarding_passes AS bp ON bp.flight_id = tf.flight_id AND bp.ticket_no = tf.ticket_no WHERE f.flight_id = 6575 GROUP BY f.flight_id",347,2,1,0,True,False,False,3,3,3,2,0,2,0,0,0,2112.95,2113.12,1.0,20,62.0,14.018,8,5,3,Aggregate,1,1,1,0,0,1,1,2,1,4197,0,0,0
ticket_name_prefix,"SELECT ticket_no, passenger_id, passenger_name FROM aviation.tickets WHERE passenger_name LIKE 'Passenger 8716%' ORDER BY ticket_no LIMIT 50",140,0,1,0,False,True,False,1,1,3,0,0,0,0,0,0,2272.17,2272.19,10.0,41,30.0,18.13,3,3,1,Limit,1,0,0,0,0,0,0,1,0,3072,0,0,0
airport_connections,"SELECT dep.city AS departure_city, arr.city AS arrival_city, COUNT(*) AS flights FROM aviation.flights AS f JOIN aviation.airports AS dep ON dep.airport_code = f.departure_airport JOIN aviation.airports AS arr ON arr.airport_code = f.arrival_airport WHERE f.departure_airport = 'VTB' AND f.status = 'Scheduled' GROUP BY dep.city, arr.city",338,2,2,0,True,False,False,3,2,3,1,2,0,0,0,0,261.66,261.76,10.0,24,781.0,2.787,7,4,2,Aggregate,3,0,0,0,1,0,1,0,1,420,0,0,0
bookings_with_expensive_ticket,"SELECT b.book_ref, b.total_amount FROM aviation.bookings AS b WHERE EXISTS (SELECT 1 FROM aviation.tickets AS t JOIN aviation.ticket_flights AS tf ON tf.ticket_no = t.ticket_no WHERE t.book_ref = b.book_ref AND tf.amount >= 40000)",230,1,3,1,False,False,False,3,3,3,0,1,0,0,0,0,6405.26,7910.75,49909.0,13,508025.0,209.588,7,5,3,Hash Join,3,0,0,0,2,0,0,0,0,9084,0,0,0
unboarded_tickets,"SELECT tf.ticket_no, tf.fare_conditions FROM aviation.ticket_flights AS tf LEFT JOIN aviation.boarding_passes AS bp ON bp.ticket_no = tf.ticket_no AND bp.flight_id = tf.flight_id WHERE tf.flight_id = 9871 AND bp.ticket_no IS NULL",229,1,2,0,False,False,False,2,2,2,0,0,1,0,0,0,0.29,2109.74,10.0,22,40.0,14.956,4,3,2,Nested Loop,1,1,0,0,0,0,1,0,0,1677,0,0,0
flights_without_tickets,"SELECT f.flight_id, f.flight_no FROM aviation.flights AS f WHERE f.scheduled_departure >= DATE '2025-05-29' AND NOT EXISTS (SELECT 1 FROM aviation.ticket_flights AS tf WHERE tf.flight_id = f.flight_id)",201,0,3,1,False,False,False,2,2,3,0,0,0,0,0,0,3084.0,3342.28,1.0,11,205856.0,72.775,4,3,2,Hash Join,2,0,0,0,1,0,0,0,0,2710,0,0,0
top_routes,"SELECT departure_airport, arrival_airport, COUNT(*) AS flight_count FROM aviation.flights WHERE scheduled_departure >= DATE '2025-05-24' AND scheduled_departure < DATE '2025-06-23' GROUP BY departure_airport, arrival_airport ORDER BY flight_count DESC LIMIT 5",259,0,2,0,True,True,False,1,1,3,1,0,0,0,0,0,262.75,262.76,5.0,16,1017.0,4.172,4,4,1,Limit,1,0,0,0,0,0,0,1,1,422,0,0,0
daily_flight_count,"SELECT scheduled_departure::date AS flight_date, COUNT(*) AS flight_count FROM aviation.flights WHERE departure_airport = 'VTB' GROUP BY scheduled_departure::date ORDER BY flight_date",183,0,1,0,True,True,False,1,1,2,1,0,0,0,0,0,281.33,301.24,993.0,12,2993.0,2.632,3,3,1,Aggregate,1,0,0,0,0,0,0,1,1,318,0,0,0
route_by_date,"SELECT flight_id, flight_no, scheduled_departure, status FROM aviation.flights WHERE departure_airport = 'GNA' AND arrival_airport = 'WAW' AND scheduled_departure >= DATE '2025-06-05' AND scheduled_departure < DATE '2025-06-05' + INTERVAL '1 day'",246,0,4,0,False,False,False,1,1,4,0,0,0,0,0,0,0.0,304.0,1.0,27,1.0,2.797,1,1,1,Seq Scan,1,0,0,0,0,0,0,0,0,104,0,0,0
boarding_pass_lookup,"SELECT bp.boarding_no, bp.seat_no, t.passenger_name FROM aviation.boarding_passes AS bp JOIN aviation.tickets AS t ON t.ticket_no = bp.ticket_no WHERE bp.flight_id = 8877 AND bp.boarding_no BETWEEN 4 AND 6",205,1,2,0,False,False,False,2,2,3,0,1,0,0,0,0,0.71,37.17,3.0,22,7.0,0.25,3,2,2,Nested Loop,0,2,0,0,0,0,1,0,0,30,0,0,0
aircraft_flight_counts,"SELECT a.aircraft_code, a.model, COUNT(f.flight_id) AS flight_count FROM aviation.aircrafts AS a LEFT JOIN aviation.flights AS f ON f.aircraft_code = a.aircraft_code WHERE a.range_km >= 7000 GROUP BY a.aircraft_code, a.model",224,1,1,0,True,False,False,2,2,3,1,0,1,0,0,0,263.57,263.58,1.0,27,12003.0,4.863,5,4,2,Aggregate,2,0,0,0,1,0,0,0,1,316,0,0,0
aircraft_fare_capacity,"SELECT fare_conditions, COUNT(*) AS seat_count FROM aviation.seats WHERE aircraft_code = '738' GROUP BY fare_conditions ORDER BY seat_count DESC",144,0,1,0,True,True,False,1,1,2,1,0,0,0,0,0,17.2,17.21,3.0,16,186.0,0.297,3,3,1,Sort,1,0,0,0,0,0,0,1,1,18,0,0,0
aircraft_seat_capacity,"SELECT a.aircraft_code, a.model, COUNT(s.seat_no) AS seat_count FROM aviation.aircrafts AS a JOIN aviation.seats AS s ON s.aircraft_code = a.aircraft_code WHERE s.fare_conditions = 'Business' GROUP BY a.aircraft_code, a.model ORDER BY seat_count DESC",250,1,1,0,True,True,False,2,2,3,1,1,0,0,0,0,18.06,18.07,5.0,27,140.0,0.56,6,5,2,Sort,2,0,0,0,1,0,0,1,1,28,0,0,0
flight_revenue,"SELECT f.flight_id, f.flight_no, COUNT(*) AS ticket_count, SUM(tf.amount) AS revenue FROM aviation.flights AS f JOIN aviation.ticket_flights AS tf ON tf.flight_id = f.flight_id WHERE f.flight_id = 8119 GROUP BY f.flight_id, f.flight_no",235,1,1,0,True,False,False,2,2,4,2,1,0,0,0,0,0.29,2092.47,1.0,51,22.0,15.464,4,3,2,Aggregate,1,1,0,0,0,0,1,0,1,2511,0,0,0
passenger_flight_history,"SELECT t.passenger_id, t.passenger_name, f.flight_no, f.scheduled_departure, tf.fare_conditions FROM aviation.tickets AS t JOIN aviation.ticket_flights AS tf ON tf.ticket_no = t.ticket_no JOIN aviation.flights AS f ON f.flight_id = tf.flight_id WHERE t.passenger_id = '2730-082722' AND f.status = 'Departed' ORDER BY f.scheduled_departure DESC",343,2,2,0,False,True,False,3,3,5,0,2,0,0,0,0,2280.77,2280.77,1.0,50,6.0,18.05,6,4,3,Sort,1,2,0,0,0,0,2,1,0,4116,0,0,0
booking_ticket_count,"SELECT b.book_ref, COUNT(t.ticket_no) AS ticket_count FROM aviation.bookings AS b JOIN aviation.tickets AS t ON t.book_ref = b.book_ref WHERE b.book_date >= DATE '2025-05-06' AND b.book_date < DATE '2025-06-05' GROUP BY b.book_ref HAVING COUNT(t.ticket_no) >= 2",261,1,2,0,True,False,False,2,2,2,2,1,0,0,0,0,3448.25,3500.87,1403.0,15,118243.0,55.234,5,4,2,Aggregate,2,0,0,0,1,0,0,0,1,4342,0,0,0
route_revenue,"SELECT f.departure_airport, f.arrival_airport, SUM(tf.amount) AS revenue FROM aviation.flights AS f JOIN aviation.ticket_flights AS tf ON tf.flight_id = f.flight_id WHERE f.departure_airport = 'VTB' GROUP BY f.departure_airport, f.arrival_airport ORDER BY revenue DESC",268,1,1,0,True,True,False,2,2,3,1,1,0,0,0,0,2388.4,2388.43,10.0,40,112020.0,46.777,6,5,2,Sort,2,0,0,0,1,0,0,1,1,3859,0,0,0
passengers_for_booking,"SELECT b.book_ref, b.book_date, t.ticket_no, t.passenger_name FROM aviation.bookings AS b JOIN aviation.tickets AS t ON t.book_ref = b.book_ref WHERE b.book_ref = '002399'",171,1,1,0,False,False,False,2,2,4,0,1,0,0,0,0,0.29,2280.33,2.0,44,5.0,21.381,3,2,2,Nested Loop,1,1,0,0,0,0,1,0,0,2050,0,0,0
ticket_fare_lookup,"SELECT t.ticket_no, tf.flight_id, tf.amount FROM aviation.tickets AS t JOIN aviation.ticket_flights AS tf ON tf.ticket_no = t.ticket_no WHERE t.passenger_id = '9278-069272' AND tf.fare_conditions = 'Economy'",207,1,2,0,False,False,False,2,2,3,0,1,0,0,0,0,0.42,2280.45,1.0,24,3.0,22.205,3,2,2,Nested Loop,1,1,0,0,0,0,1,0,0,2052,0,0,0
airport_departure_counts,"SELECT departure_airport, COUNT(*) AS flight_count FROM aviation.flights WHERE scheduled_departure >= DATE '2025-06-06' AND scheduled_departure < DATE '2025-06-13' GROUP BY departure_airport ORDER BY flight_count DESC",217,0,2,0,True,True,False,1,1,2,1,0,0,0,0,0,255.21,255.24,10.0,12,209.0,2.453,3,3,1,Sort,1,0,0,0,0,0,0,1,1,315,0,0,0
recent_flights_sorted,"SELECT flight_no, departure_airport, arrival_airport, scheduled_departure FROM aviation.flights WHERE departure_airport = 'GNA' ORDER BY scheduled_departure DESC LIMIT 10",170,0,1,0,False,True,False,1,1,4,0,0,0,0,0,0,250.61,250.63,10.0,23,2010.0,2.587,3,3,1,Limit,1,0,0,0,0,0,0,1,0,318,0,0,0
booking_amount_range,"SELECT book_ref, book_date, total_amount FROM aviation.bookings WHERE total_amount BETWEEN 150000 AND 245000",108,0,1,0,False,False,False,1,1,3,0,0,0,0,0,0,0.0,1069.0,9532.0,21,9532.0,15.301,1,1,1,Seq Scan,1,0,0,0,0,0,0,0,0,319,0,0,0
top_routes,"SELECT departure_airport, arrival_airport, COUNT(*) AS flight_count FROM aviation.flights WHERE scheduled_departure >= DATE '2025-02-14' AND scheduled_departure < DATE '2025-03-16' GROUP BY departure_airport, arrival_airport ORDER BY flight_count DESC LIMIT 3",259,0,2,0,True,True,False,1,1,3,1,0,0,0,0,0,262.59,262.6,3.0,16,1043.0,3.128,4,4,1,Limit,1,0,0,0,0,0,0,1,1,422,0,0,0
airport_departure_counts,"SELECT departure_airport, COUNT(*) AS flight_count FROM aviation.flights WHERE scheduled_departure >= DATE '2025-06-20' AND scheduled_departure < DATE '2025-07-04' GROUP BY departure_airport ORDER BY flight_count DESC",217,0,2,0,True,True,False,1,1,2,1,0,0,0,0,0,256.16,256.18,10.0,12,398.0,2.392,3,3,1,Sort,1,0,0,0,0,0,0,1,1,315,0,0,0
boarding_pass_lookup,"SELECT bp.boarding_no, bp.seat_no, t.passenger_name FROM aviation.boarding_passes AS bp JOIN aviation.tickets AS t ON t.ticket_no = bp.ticket_no WHERE bp.flight_id = 5566 AND bp.boarding_no BETWEEN 3 AND 8",205,1,2,0,False,False,False,2,2,3,0,1,0,0,0,0,0.71,67.79,6.0,22,13.0,0.061,3,2,2,Nested Loop,0,2,0,0,0,0,1,0,0,4,0,0,0
bookings_with_expensive_ticket,"SELECT b.book_ref, b.total_amount FROM aviation.bookings AS b WHERE EXISTS (SELECT 1 FROM aviation.tickets AS t JOIN aviation.ticket_flights AS tf ON tf.ticket_no = t.ticket_no WHERE t.book_ref = b.book_ref AND tf.amount >= 80250)",230,1,3,1,False,False,False,3,3,3,0,1,0,0,0,0,5734.84,7083.63,35824.0,13,329120.0,169.565,7,5,3,Hash Join,3,0,0,0,2,0,0,0,0,8896,0,0,0
airport_connections,"SELECT dep.city AS departure_city, arr.city AS arrival_city, COUNT(*) AS flights FROM aviation.flights AS f JOIN aviation.airports AS dep ON dep.airport_code = f.departure_airport JOIN aviation.airports AS arr ON arr.airport_code = f.arrival_airport WHERE f.departure_airport = 'MSQ' AND f.status = 'On Time' GROUP BY dep.city, arr.city",336,2,2,0,True,False,False,3,2,3,1,2,0,0,0,0,261.66,261.76,10.0,24,781.0,2.914,7,4,2,Aggregate,3,0,0,0,1,0,1,0,1,420,0,0,0
passengers_for_booking,"SELECT b.book_ref, b.book_date, t.ticket_no, t.passenger_name FROM aviation.bookings AS b JOIN aviation.tickets AS t ON t.book_ref = b.book_ref WHERE b.book_ref = '021797'",171,1,1,0,False,False,False,2,2,4,0,1,0,0,0,0,0.29,2280.33,2.0,44,5.0,18.825,3,2,2,Nested Loop,1,1,0,0,0,0,1,0,0,2050,0,0,0
flights_without_tickets,"SELECT f.flight_id, f.flight_no FROM aviation.flights AS f WHERE f.scheduled_departure >= DATE '2025-01-31' AND NOT EXISTS (SELECT 1 FROM aviation.ticket_flights AS tf WHERE tf.flight_id = f.flight_id)",201,0,3,1,False,False,False,2,2,3,0,0,0,0,0,0,3084.0,3358.79,1.0,11,209159.0,63.66,4,3,2,Hash Join,2,0,0,0,1,0,0,0,0,2710,0,0,0
ticket_name_prefix,"SELECT ticket_no, passenger_id, passenger_name FROM aviation.tickets WHERE passenger_name LIKE 'Passenger 24944%' ORDER BY ticket_no LIMIT 50",141,0,1,0,False,True,False,1,1,3,0,0,0,0,0,0,2272.17,2272.19,10.0,41,30.0,19.404,3,3,1,Limit,1,0,0,0,0,0,0,1,0,3072,0,0,0
booking_amount_range,"SELECT book_ref, book_date, total_amount FROM aviation.bookings WHERE total_amount BETWEEN 105000 AND 140000",108,0,1,0,False,False,False,1,1,3,0,0,0,0,0,0,0.0,1069.0,3508.0,21,3508.0,13.794,1,1,1,Seq Scan,1,0,0,0,0,0,0,0,0,319,0,0,0
aircraft_seat_capacity,"SELECT a.aircraft_code, a.model, COUNT(s.seat_no) AS seat_count FROM aviation.aircrafts AS a JOIN aviation.seats AS s ON s.aircraft_code = a.aircraft_code WHERE s.fare_conditions = 'Comfort' GROUP BY a.aircraft_code, a.model ORDER BY seat_count DESC",249,1,1,0,True,True,False,2,2,3,1,1,0,0,0,0,18.65,18.67,5.0,27,260.0,0.402,6,5,2,Sort,2,0,0,0,1,0,0,1,1,28,0,0,0
flight_revenue,"SELECT f.flight_id, f.flight_no, COUNT(*) AS ticket_count, SUM(tf.amount) AS revenue FROM aviation.flights AS f JOIN aviation.ticket_flights AS tf ON tf.flight_id = f.flight_id WHERE f.flight_id = 977 GROUP BY f.flight_id, f.flight_no",234,1,1,0,True,False,False,2,2,4,2,1,0,0,0,0,0.29,2092.47,1.0,51,22.0,15.962,4,3,2,Aggregate,1,1,0,0,0,0,1,0,1,2511,0,0,0
ticket_fare_lookup,"SELECT t.ticket_no, tf.flight_id, tf.amount FROM aviation.tickets AS t JOIN aviation.ticket_flights AS tf ON tf.ticket_no = t.ticket_no WHERE t.passenger_id = '9608-039605' AND tf.fare_conditions = 'Business'",208,1,2,0,False,False,False,2,2,3,0,1,0,0,0,0,0.42,2280.45,1.0,24,3.0,15.846,3,2,2,Nested Loop,1,1,0,0,0,0,1,0,0,2052,0,0,0
aircraft_flight_counts,"SELECT a.aircraft_code, a.model, COUNT(f.flight_id) AS flight_count FROM aviation.aircrafts AS a LEFT JOIN aviation.flights AS f ON f.aircraft_code = a.aircraft_code WHERE a.range_km >= 3250 GROUP BY a.aircraft_code, a.model",224,1,1,0,True,False,False,2,2,3,1,0,1,0,0,0,303.62,303.68,5.0,27,20015.0,8.459,5,4,2,Aggregate,2,0,0,0,1,0,0,0,1,316,0,0,0
route_by_date,"SELECT flight_id, flight_no, scheduled_departure, status FROM aviation.flights WHERE departure_airport = 'SVO' AND arrival_airport = 'TBS' AND scheduled_departure >= DATE '2025-06-02' AND scheduled_departure < DATE '2025-06-02' + INTERVAL '1 day'",246,0,4,0,False,False,False,1,1,4,0,0,0,0,0,0,0.0,304.0,1.0,27,1.0,2.793,1,1,1,Seq Scan,1,0,0,0,0,0,0,0,0,104,0,0,0
booking_ticket_count,"SELECT b.book_ref, COUNT(t.ticket_no) AS ticket_count FROM aviation.bookings AS b JOIN aviation.tickets AS t ON t.book_ref = b.book_ref WHERE b.book_date >= DATE '2025-06-19' AND b.book_date < DATE '2025-07-19' GROUP BY b.book_ref HAVING COUNT(t.ticket_no) >= 2",261,1,2,0,True,False,False,2,2,2,2,1,0,0,0,0,3448.02,3500.52,1400.0,15,118200.0,56.346,5,4,2,Aggregate,2,0,0,0,1,0,0,0,1,4342,0,0,0
passenger_flight_history,"SELECT t.passenger_id, t.passenger_name, f.flight_no, f.scheduled_departure, tf.fare_conditions FROM aviation.tickets AS t JOIN aviation.ticket_flights AS tf ON tf.ticket_no = t.ticket_no JOIN aviation.flights AS f ON f.flight_id = tf.flight_id WHERE t.passenger_id = '7894-017893' AND f.status = 'On Time' ORDER BY f.scheduled_departure DESC",342,2,2,0,False,True,False,3,3,5,0,2,0,0,0,0,2280.77,2280.77,1.0,50,6.0,17.342,6,4,3,Sort,1,2,0,0,0,0,2,1,0,4116,0,0,0
fare_statistics,"SELECT fare_conditions, COUNT(*) AS ticket_count, AVG(amount) AS average_amount FROM aviation.ticket_flights WHERE fare_conditions = 'Comfort' AND amount >= 30500 GROUP BY fare_conditions HAVING COUNT(*) > 10",208,0,2,0,True,False,False,1,1,3,3,0,0,0,0,0,0.0,2387.27,1.0,48,10651.0,30.683,2,2,1,Aggregate,1,0,0,0,0,0,0,0,1,1668,0,0,0
daily_flight_count,"SELECT scheduled_departure::date AS flight_date, COUNT(*) AS flight_count FROM aviation.flights WHERE departure_airport = 'IST' GROUP BY scheduled_departure::date ORDER BY flight_date",183,0,1,0,True,True,False,1,1,2,1,0,0,0,0,0,281.33,301.24,993.0,12,2993.0,2.834,3,3,1,Aggregate,1,0,0,0,0,0,0,1,1,318,0,0,0
route_revenue,"SELECT f.departure_airport, f.arrival_airport, SUM(tf.amount) AS revenue FROM aviation.flights AS f JOIN aviation.ticket_flights AS tf ON tf.flight_id = f.flight_id WHERE f.departure_airport = 'GME' GROUP BY f.departure_airport, f.arrival_airport ORDER BY revenue DESC",268,1,1,0,True,True,False,2,2,3,1,1,0,0,0,0,2388.4,2388.43,10.0,40,112020.0,51.031,6,5,2,Sort,2,0,0,0,1,0,0,1,1,3859,0,0,0
aircraft_fare_capacity,"SELECT fare_conditions, COUNT(*) AS seat_count FROM aviation.seats WHERE aircraft_code = '320' GROUP BY fare_conditions ORDER BY seat_count DESC",144,0,1,0,True,True,False,1,1,2,1,0,0,0,0,0,17.2,17.21,3.0,16,186.0,0.432,3,3,1,Sort,1,0,0,0,0,0,0,1,1,18,0,0,0
flight_occupancy,"SELECT f.flight_id, COUNT(DISTINCT tf.ticket_no) AS tickets, COUNT(DISTINCT bp.ticket_no) AS boarded FROM aviation.flights AS f LEFT JOIN aviation.ticket_flights AS tf ON tf.flight_id = f.flight_id LEFT JOIN aviation.boarding_passes AS bp ON bp.flight_id = tf.flight_id AND bp.ticket_no = tf.ticket_no WHERE f.flight_id = 5406 GROUP BY f.flight_id",347,2,1,0,True,False,False,3,3,3,2,0,2,0,0,0,2112.95,2113.12,1.0,20,62.0,14.352,8,5,3,Aggregate,1,1,1,0,0,1,1,2,1,4193,0,0,0
recent_flights_sorted,"SELECT flight_no, departure_airport, arrival_airport, scheduled_departure FROM aviation.flights WHERE departure_airport = 'VTB' ORDER BY scheduled_departure DESC LIMIT 25",170,0,1,0,False,True,False,1,1,4,0,0,0,0,0,0,257.22,257.28,25.0,23,2025.0,2.474,3,3,1,Limit,1,0,0,0,0,0,0,1,0,318,0,0,0
unboarded_tickets,"SELECT tf.ticket_no, tf.fare_conditions FROM aviation.ticket_flights AS tf LEFT JOIN aviation.boarding_passes AS bp ON bp.ticket_no = tf.ticket_no AND bp.flight_id = tf.flight_id WHERE tf.flight_id = 487 AND bp.ticket_no IS NULL",228,1,2,0,False,False,False,2,2,2,0,0,1,0,0,0,0.29,2109.74,10.0,22,40.0,14.274,4,3,2,Nested Loop,1,1,0,0,0,0,1,0,0,1677,0,0,0
high_value_passengers,"SELECT t.passenger_id, t.passenger_name, b.total_amount FROM aviation.tickets AS t JOIN aviation.bookings AS b ON b.book_ref = t.book_ref WHERE b.total_amount >= 437500 ORDER BY b.total_amount DESC LIMIT 100",207,1,1,0,False,True,False,2,2,3,0,1,0,0,0,0,3786.97,3787.22,100.0,33,137774.0,61.641,6,5,2,Limit,2,0,0,0,1,0,0,1,0,5689,0,0,0
daily_flight_count,"SELECT scheduled_departure::date AS flight_date, COUNT(*) AS flight_count FROM aviation.flights WHERE departure_airport = 'LED' GROUP BY scheduled_departure::date ORDER BY flight_date",183,0,1,0,True,True,False,1,1,2,1,0,0,0,0,0,281.33,301.24,993.0,12,2993.0,3.088,3,3,1,Aggregate,1,0,0,0,0,0,0,1,1,318,0,0,0
airport_connections,"SELECT dep.city AS departure_city, arr.city AS arrival_city, COUNT(*) AS flights FROM aviation.flights AS f JOIN aviation.airports AS dep ON dep.airport_code = f.departure_airport JOIN aviation.airports AS arr ON arr.airport_code = f.arrival_airport WHERE f.departure_airport = 'BQT' AND f.status = 'Arrived' GROUP BY dep.city, arr.city",336,2,2,0,True,False,False,3,2,3,1,2,0,0,0,0,261.66,261.76,10.0,24,781.0,2.786,7,4,2,Aggregate,3,0,0,0,1,0,1,0,1,424,0,0,0
route_revenue,"SELECT f.departure_airport, f.arrival_airport, SUM(tf.amount) AS revenue FROM aviation.flights AS f JOIN aviation.ticket_flights AS tf ON tf.flight_id = f.flight_id WHERE f.departure_airport = 'BQT' GROUP BY f.departure_airport, f.arrival_airport ORDER BY revenue DESC",268,1,1,0,True,True,False,2,2,3,1,1,0,0,0,0,2388.4,2388.43,10.0,40,112020.0,43.037,6,5,2,Sort,2,0,0,0,1,0,0,1,1,3859,0,0,0
flight_revenue,"SELECT f.flight_id, f.flight_no, COUNT(*) AS ticket_count, SUM(tf.amount) AS revenue FROM aviation.flights AS f JOIN aviation.ticket_flights AS tf ON tf.flight_id = f.flight_id WHERE f.flight_id = 7878 GROUP BY f.flight_id, f.flight_no",235,1,1,0,True,False,False,2,2,4,2,1,0,0,0,0,0.29,2092.47,1.0,51,22.0,13.807,4,3,2,Aggregate,1,1,0,0,0,0,1,0,1,2511,0,0,0
route_by_date,"SELECT flight_id, flight_no, scheduled_departure, status FROM aviation.flights WHERE departure_airport = 'IST' AND arrival_airport = 'GME' AND scheduled_departure >= DATE '2025-07-21' AND scheduled_departure < DATE '2025-07-21' + INTERVAL '1 day'",246,0,4,0,False,False,False,1,1,4,0,0,0,0,0,0,0.0,304.0,1.0,27,1.0,2.419,1,1,1,Seq Scan,1,0,0,0,0,0,0,0,0,104,0,0,0
aircraft_fare_capacity,"SELECT fare_conditions, COUNT(*) AS seat_count FROM aviation.seats WHERE aircraft_code = '738' GROUP BY fare_conditions ORDER BY seat_count DESC",144,0,1,0,True,True,False,1,1,2,1,0,0,0,0,0,17.2,17.21,3.0,16,186.0,0.306,3,3,1,Sort,1,0,0,0,0,0,0,1,1,18,0,0,0
high_value_passengers,"SELECT t.passenger_id, t.passenger_name, b.total_amount FROM aviation.tickets AS t JOIN aviation.bookings AS b ON b.book_ref = t.book_ref WHERE b.total_amount >= 347500 ORDER BY b.total_amount DESC LIMIT 100",207,1,1,0,False,True,False,2,2,3,0,1,0,0,0,0,4603.42,4603.67,100.0,33,192854.0,106.784,6,5,2,Limit,2,0,0,0,1,0,0,1,0,5689,0,0,0
ticket_name_prefix,"SELECT ticket_no, passenger_id, passenger_name FROM aviation.tickets WHERE passenger_name LIKE 'Passenger 67704%' ORDER BY ticket_no LIMIT 50",141,0,1,0,False,True,False,1,1,3,0,0,0,0,0,0,2272.17,2272.19,10.0,41,30.0,26.058,3,3,1,Limit,1,0,0,0,0,0,0,1,0,3072,0,0,0
passenger_flight_history,"SELECT t.passenger_id, t.passenger_name, f.flight_no, f.scheduled_departure, tf.fare_conditions FROM aviation.tickets AS t JOIN aviation.ticket_flights AS tf ON tf.ticket_no = t.ticket_no JOIN aviation.flights AS f ON f.flight_id = tf.flight_id WHERE t.passenger_id = '3325-023323' AND f.status = 'Scheduled' ORDER BY f.scheduled_departure DESC",344,2,2,0,False,True,False,3,3,5,0,2,0,0,0,0,2280.77,2280.77,1.0,50,6.0,18.224,6,4,3,Sort,1,2,0,0,0,0,2,1,0,4116,0,0,0
passengers_for_booking,"SELECT b.book_ref, b.book_date, t.ticket_no, t.passenger_name FROM aviation.bookings AS b JOIN aviation.tickets AS t ON t.book_ref = b.book_ref WHERE b.book_ref = '036773'",171,1,1,0,False,False,False,2,2,4,0,1,0,0,0,0,0.29,2280.33,2.0,44,5.0,16.19,3,2,2,Nested Loop,1,1,0,0,0,0,1,0,0,2050,0,0,0
unboarded_tickets,"SELECT tf.ticket_no, tf.fare_conditions FROM aviation.ticket_flights AS tf LEFT JOIN aviation.boarding_passes AS bp ON bp.ticket_no = tf.ticket_no AND bp.flight_id = tf.flight_id WHERE tf.flight_id = 708 AND bp.ticket_no IS NULL",228,1,2,0,False,False,False,2,2,2,0,0,1,0,0,0,0.29,2109.74,10.0,22,40.0,14.105,4,3,2,Nested Loop,1,1,0,0,0,0,1,0,0,1677,0,0,0
airport_departure_counts,"SELECT departure_airport, COUNT(*) AS flight_count FROM aviation.flights WHERE scheduled_departure >= DATE '2025-03-28' AND scheduled_departure < DATE '2025-04-27' GROUP BY departure_airport ORDER BY flight_count DESC",217,0,2,0,True,True,False,1,1,2,1,0,0,0,0,0,258.47,258.49,10.0,12,860.0,3.148,3,3,1,Sort,1,0,0,0,0,0,0,1,1,315,0,0,0
bookings_with_expensive_ticket,"SELECT b.book_ref, b.total_amount FROM aviation.bookings AS b WHERE EXISTS (SELECT 1 FROM aviation.tickets AS t JOIN aviation.ticket_flights AS tf ON tf.ticket_no = t.ticket_no WHERE t.book_ref = b.book_ref AND tf.amount >= 79000)",230,1,3,1,False,False,False,3,3,3,0,1,0,0,0,0,5771.03,7131.33,36858.0,13,334290.0,138.831,7,5,3,Hash Join,3,0,0,0,2,0,0,0,0,8896,0,0,0
recent_flights_sorted,"SELECT flight_no, departure_airport, arrival_airport, scheduled_departure FROM aviation.flights WHERE departure_airport = 'WAW' ORDER BY scheduled_departure DESC LIMIT 50",170,0,1,0,False,True,False,1,1,4,0,0,0,0,0,0,262.22,262.34,50.0,23,2050.0,2.127,3,3,1,Limit,1,0,0,0,0,0,0,1,0,318,0,0,0
ticket_fare_lookup,"SELECT t.ticket_no, tf.flight_id, tf.amount FROM aviation.tickets AS t JOIN aviation.ticket_flights AS tf ON tf.ticket_no = t.ticket_no WHERE t.passenger_id = '5290-045286' AND tf.fare_conditions = 'Comfort'",207,1,2,0,False,False,False,2,2,3,0,1,0,0,0,0,0.42,2280.45,1.0,24,3.0,18.312,3,2,2,Nested Loop,1,1,0,0,0,0,1,0,0,2052,0,0,0
flights_without_tickets,"SELECT f.flight_id, f.flight_no FROM aviation.flights AS f WHERE f.scheduled_departure >= DATE '2025-04-08' AND NOT EXISTS (SELECT 1 FROM aviation.ticket_flights AS tf WHERE tf.flight_id = f.flight_id)",201,0,3,1,False,False,False,2,2,3,0,0,0,0,0,0,3084.0,3349.4,1.0,11,207282.0,65.121,4,3,2,Hash Join,2,0,0,0,1,0,0,0,0,2710,0,0,0
top_routes,"SELECT departure_airport, arrival_airport, COUNT(*) AS flight_count FROM aviation.flights WHERE scheduled_departure >= DATE '2025-05-25' AND scheduled_departure < DATE '2025-06-24' GROUP BY departure_airport, arrival_airport ORDER BY flight_count DESC LIMIT 5",259,0,2,0,True,True,False,1,1,3,1,0,0,0,0,0,262.74,262.76,5.0,16,1016.0,2.98,4,4,1,Limit,1,0,0,0,0,0,0,1,1,422,0,0,0
booking_ticket_count,"SELECT b.book_ref, COUNT(t.ticket_no) AS ticket_count FROM aviation.bookings AS b JOIN aviation.tickets AS t ON t.book_ref = b.book_ref WHERE b.book_date >= DATE '2025-03-28' AND b.book_date < DATE '2025-04-11' GROUP BY b.book_ref HAVING COUNT(t.ticket_no) >= 2",261,1,2,0,True,False,False,2,2,2,2,1,0,0,0,0,3396.77,3420.79,641.0,15,108329.0,61.938,5,4,2,Aggregate,2,0,0,0,1,0,0,0,1,4342,0,0,0
fare_statistics,"SELECT fare_conditions, COUNT(*) AS ticket_count, AVG(amount) AS average_amount FROM aviation.ticket_flights WHERE fare_conditions = 'Comfort' AND amount >= 27500 GROUP BY fare_conditions HAVING COUNT(*) > 10",208,0,2,0,True,False,False,1,1,3,3,0,0,0,0,0,0.0,2388.99,1.0,48,10995.0,42.811,2,2,1,Aggregate,1,0,0,0,0,0,0,0,1,1668,0,0,0
flight_occupancy,"SELECT f.flight_id, COUNT(DISTINCT tf.ticket_no) AS tickets, COUNT(DISTINCT bp.ticket_no) AS boarded FROM aviation.flights AS f LEFT JOIN aviation.ticket_flights AS tf ON tf.flight_id = f.flight_id LEFT JOIN aviation.boarding_passes AS bp ON bp.flight_id = tf.flight_id AND bp.ticket_no = tf.ticket_no WHERE f.flight_id = 4476 GROUP BY f.flight_id",347,2,1,0,True,False,False,3,3,3,2,0,2,0,0,0,2112.95,2113.12,1.0,20,62.0,23.0,8,5,3,Aggregate,1,1,1,0,0,1,1,2,1,4193,0,0,0
aircraft_flight_counts,"SELECT a.aircraft_code, a.model, COUNT(f.flight_id) AS flight_count FROM aviation.aircrafts AS a LEFT JOIN aviation.flights AS f ON f.aircraft_code = a.aircraft_code WHERE a.range_km >= 3750 GROUP BY a.aircraft_code, a.model",224,1,1,0,True,False,False,2,2,3,1,0,1,0,0,0,303.62,303.68,5.0,27,20015.0,8.987,5,4,2,Aggregate,2,0,0,0,1,0,0,0,1,316,0,0,0
booking_amount_range,"SELECT book_ref, book_date, total_amount FROM aviation.bookings WHERE total_amount BETWEEN 120000 AND 260000",108,0,1,0,False,False,False,1,1,3,0,0,0,0,0,0,0.0,1069.0,14028.0,21,14028.0,14.45,1,1,1,Seq Scan,1,0,0,0,0,0,0,0,0,319,0,0,0
aircraft_seat_capacity,"SELECT a.aircraft_code, a.model, COUNT(s.seat_no) AS seat_count FROM aviation.aircrafts AS a JOIN aviation.seats AS s ON s.aircraft_code = a.aircraft_code WHERE s.fare_conditions = 'Comfort' GROUP BY a.aircraft_code, a.model ORDER BY seat_count DESC",249,1,1,0,True,True,False,2,2,3,1,1,0,0,0,0,18.65,18.67,5.0,27,260.0,0.598,6,5,2,Sort,2,0,0,0,1,0,0,1,1,28,0,0,0
boarding_pass_lookup,"SELECT bp.boarding_no, bp.seat_no, t.passenger_name FROM aviation.boarding_passes AS bp JOIN aviation.tickets AS t ON t.ticket_no = bp.ticket_no WHERE bp.flight_id = 2285 AND bp.boarding_no BETWEEN 3 AND 6",205,1,2,0,False,False,False,2,2,3,0,1,0,0,0,0,0.71,47.37,4.0,22,9.0,0.217,3,2,2,Nested Loop,0,2,0,0,0,0,1,0,0,38,0,0,0
airport_departure_counts,"SELECT departure_airport, COUNT(*) AS flight_count FROM aviation.flights WHERE scheduled_departure >= DATE '2025-10-06' AND scheduled_departure < DATE '2025-12-05' GROUP BY departure_airport ORDER BY flight_count DESC",217,0,2,0,True,True,False,1,1,2,1,0,0,0,0,0,262.37,262.39,10.0,12,1640.0,2.962,3,3,1,Sort,1,0,0,0,0,0,0,1,1,315,0,0,0
route_by_date,"SELECT flight_id, flight_no, scheduled_departure, status FROM aviation.flights WHERE departure_airport = 'GME' AND arrival_airport = 'SVO' AND scheduled_departure >= DATE '2025-12-24' AND scheduled_departure < DATE '2025-12-24' + INTERVAL '1 day'",246,0,4,0,False,False,False,1,1,4,0,0,0,0,0,0,0.0,304.0,1.0,27,1.0,2.093,1,1,1,Seq Scan,1,0,0,0,0,0,0,0,0,104,0,0,0
route_revenue,"SELECT f.departure_airport, f.arrival_airport, SUM(tf.amount) AS revenue FROM aviation.flights AS f JOIN aviation.ticket_flights AS tf ON tf.flight_id = f.flight_id WHERE f.departure_airport = 'LED' GROUP BY f.departure_airport, f.arrival_airport ORDER BY revenue DESC",268,1,1,0,True,True,False,2,2,3,1,1,0,0,0,0,2388.4,2388.43,10.0,40,112020.0,38.751,6,5,2,Sort,2,0,0,0,1,0,0,1,1,3859,0,0,0
passenger_flight_history,"SELECT t.passenger_id, t.passenger_name, f.flight_no, f.scheduled_departure, tf.fare_conditions FROM aviation.tickets AS t JOIN aviation.ticket_flights AS tf ON tf.ticket_no = t.ticket_no JOIN aviation.flights AS f ON f.flight_id = tf.flight_id WHERE t.passenger_id = '3146-063140' AND f.status = 'Arrived' ORDER BY f.scheduled_departure DESC",342,2,2,0,False,True,False,3,3,5,0,2,0,0,0,0,2280.77,2280.77,1.0,50,6.0,18.961,6,4,3,Sort,1,2,0,0,0,0,2,1,0,4116,0,0,0
aircraft_seat_capacity,"SELECT a.aircraft_code, a.model, COUNT(s.seat_no) AS seat_count FROM aviation.aircrafts AS a JOIN aviation.seats AS s ON s.aircraft_code = a.aircraft_code WHERE s.fare_conditions = 'Comfort' GROUP BY a.aircraft_code, a.model ORDER BY seat_count DESC",249,1,1,0,True,True,False,2,2,3,1,1,0,0,0,0,18.65,18.67,5.0,27,260.0,0.396,6,5,2,Sort,2,0,0,0,1,0,0,1,1,28,0,0,0
aircraft_fare_capacity,"SELECT fare_conditions, COUNT(*) AS seat_count FROM aviation.seats WHERE aircraft_code = 'E95' GROUP BY fare_conditions ORDER BY seat_count DESC",144,0,1,0,True,True,False,1,1,2,1,0,0,0,0,0,17.2,17.21,3.0,16,186.0,0.568,3,3,1,Sort,1,0,0,0,0,0,0,1,1,18,0,0,0
flight_revenue,"SELECT f.flight_id, f.flight_no, COUNT(*) AS ticket_count, SUM(tf.amount) AS revenue FROM aviation.flights AS f JOIN aviation.ticket_flights AS tf ON tf.flight_id = f.flight_id WHERE f.flight_id = 3680 GROUP BY f.flight_id, f.flight_no",235,1,1,0,True,False,False,2,2,4,2,1,0,0,0,0,0.29,2092.47,1.0,51,22.0,13.347,4,3,2,Aggregate,1,1,0,0,0,0,1,0,1,2511,0,0,0
unboarded_tickets,"SELECT tf.ticket_no, tf.fare_conditions FROM aviation.ticket_flights AS tf LEFT JOIN aviation.boarding_passes AS bp ON bp.ticket_no = tf.ticket_no AND bp.flight_id = tf.flight_id WHERE tf.flight_id = 425 AND bp.ticket_no IS NULL",228,1,2,0,False,False,False,2,2,2,0,0,1,0,0,0,0.29,2109.74,10.0,22,40.0,13.34,4,3,2,Nested Loop,1,1,0,0,0,0,1,0,0,1677,0,0,0
ticket_fare_lookup,"SELECT t.ticket_no, tf.flight_id, tf.amount FROM aviation.tickets AS t JOIN aviation.ticket_flights AS tf ON tf.ticket_no = t.ticket_no WHERE t.passenger_id = '2403-042399' AND tf.fare_conditions = 'Economy'",207,1,2,0,False,False,False,2,2,3,0,1,0,0,0,0,0.42,2280.45,1.0,24,3.0,16.821,3,2,2,Nested Loop,1,1,0,0,0,0,1,0,0,2052,0,0,0
passengers_for_booking,"SELECT b.book_ref, b.book_date, t.ticket_no, t.passenger_name FROM aviation.bookings AS b JOIN aviation.tickets AS t ON t.book_ref = b.book_ref WHERE b.book_ref = '036104'",171,1,1,0,False,False,False,2,2,4,0,1,0,0,0,0,0.29,2280.33,2.0,44,5.0,17.295,3,2,2,Nested Loop,1,1,0,0,0,0,1,0,0,2050,0,0,0
bookings_with_expensive_ticket,"SELECT b.book_ref, b.total_amount FROM aviation.bookings AS b WHERE EXISTS (SELECT 1 FROM aviation.tickets AS t JOIN aviation.ticket_flights AS tf ON tf.ticket_no = t.ticket_no WHERE t.book_ref = b.book_ref AND tf.amount >= 43500)",230,1,3,1,False,False,False,3,3,3,0,1,0,0,0,0,6360.72,7866.21,49909.0,13,499190.0,202.066,7,5,3,Hash Join,3,0,0,0,2,0,0,0,0,9084,0,0,0
aircraft_flight_counts,"SELECT a.aircraft_code, a.model, COUNT(f.flight_id) AS flight_count FROM aviation.aircrafts AS a LEFT JOIN aviation.flights AS f ON f.aircraft_code = a.aircraft_code WHERE a.range_km >= 4500 GROUP BY a.aircraft_code, a.model",224,1,1,0,True,False,False,2,2,3,1,0,1,0,0,0,303.62,303.68,5.0,27,20015.0,8.436,5,4,2,Aggregate,2,0,0,0,1,0,0,0,1,316,0,0,0
fare_statistics,"SELECT fare_conditions, COUNT(*) AS ticket_count, AVG(amount) AS average_amount FROM aviation.ticket_flights WHERE fare_conditions = 'Business' AND amount >= 63000 GROUP BY fare_conditions HAVING COUNT(*) > 10",209,0,2,0,True,False,False,1,1,3,3,0,0,0,0,0,0.0,2346.42,1.0,48,2482.0,24.669,2,2,1,Aggregate,1,0,0,0,0,0,0,0,1,1668,0,0,0
booking_ticket_count,"SELECT b.book_ref, COUNT(t.ticket_no) AS ticket_count FROM aviation.bookings AS b JOIN aviation.tickets AS t ON t.book_ref = b.book_ref WHERE b.book_date >= DATE '2024-12-21' AND b.book_date < DATE '2025-01-20' GROUP BY b.book_ref HAVING COUNT(t.ticket_no) >= 2",261,1,2,0,True,False,False,2,2,2,2,1,0,0,0,0,3445.41,3496.46,1361.0,15,117697.0,57.959,5,4,2,Aggregate,2,0,0,0,1,0,0,0,1,4342,0,0,0
airport_connections,"SELECT dep.city AS departure_city, arr.city AS arrival_city, COUNT(*) AS flights FROM aviation.flights AS f JOIN aviation.airports AS dep ON dep.airport_code = f.departure_airport JOIN aviation.airports AS arr ON arr.airport_code = f.arrival_airport WHERE f.departure_airport = 'GNA' AND f.status = 'Scheduled' GROUP BY dep.city, arr.city",338,2,2,0,True,False,False,3,2,3,1,2,0,0,0,0,261.66,261.76,10.0,24,781.0,2.523,7,4,2,Aggregate,3,0,0,0,1,0,1,0,1,424,0,0,0
flights_without_tickets,"SELECT f.flight_id, f.flight_no FROM aviation.flights AS f WHERE f.scheduled_departure >= DATE '2025-11-26' AND NOT EXISTS (SELECT 1 FROM aviation.ticket_flights AS tf WHERE tf.flight_id = f.flight_id)",201,0,3,1,False,False,False,2,2,3,0,0,0,0,0,0,3084.0,3317.85,1.0,11,200970.0,58.576,4,3,2,Hash Join,2,0,0,0,1,0,0,0,0,2710,0,0,0
booking_amount_range,"SELECT book_ref, book_date, total_amount FROM aviation.bookings WHERE total_amount BETWEEN 280000 AND 345000",108,0,1,0,False,False,False,1,1,3,0,0,0,0,0,0,0.0,1069.0,6614.0,21,6614.0,19.243,1,1,1,Seq Scan,1,0,0,0,0,0,0,0,0,319,0,0,0
daily_flight_count,"SELECT scheduled_departure::date AS flight_date, COUNT(*) AS flight_count FROM aviation.flights WHERE departure_airport = 'LED' GROUP BY scheduled_departure::date ORDER BY flight_date",183,0,1,0,True,True,False,1,1,2,1,0,0,0,0,0,281.33,301.24,993.0,12,2993.0,3.181,3,3,1,Aggregate,1,0,0,0,0,0,0,1,1,318,0,0,0
high_value_passengers,"SELECT t.passenger_id, t.passenger_name, b.total_amount FROM aviation.tickets AS t JOIN aviation.bookings AS b ON b.book_ref = t.book_ref WHERE b.total_amount >= 280000 ORDER BY b.total_amount DESC LIMIT 100",207,1,1,0,False,True,False,2,2,3,0,1,0,0,0,0,5215.14,5215.39,100.0,33,234122.0,90.99,6,5,2,Limit,2,0,0,0,1,0,0,1,0,5689,0,0,0
flight_occupancy,"SELECT f.flight_id, COUNT(DISTINCT tf.ticket_no) AS tickets, COUNT(DISTINCT bp.ticket_no) AS boarded FROM aviation.flights AS f LEFT JOIN aviation.ticket_flights AS tf ON tf.flight_id = f.flight_id LEFT JOIN aviation.boarding_passes AS bp ON bp.flight_id = tf.flight_id AND bp.ticket_no = tf.ticket_no WHERE f.flight_id = 8740 GROUP BY f.flight_id",347,2,1,0,True,False,False,3,3,3,2,0,2,0,0,0,2112.95,2113.12,1.0,20,62.0,14.113,8,5,3,Aggregate,1,1,1,0,0,1,1,2,1,4197,0,0,0
top_routes,"SELECT departure_airport, arrival_airport, COUNT(*) AS flight_count FROM aviation.flights WHERE scheduled_departure >= DATE '2025-07-26' AND scheduled_departure < DATE '2025-09-24' GROUP BY departure_airport, arrival_airport ORDER BY flight_count DESC LIMIT 3",259,0,2,0,True,True,False,1,1,3,1,0,0,0,0,0,268.45,268.46,3.0,16,1824.0,3.093,4,4,1,Limit,1,0,0,0,0,0,0,1,1,422,0,0,0
boarding_pass_lookup,"SELECT bp.boarding_no, bp.seat_no, t.passenger_name FROM aviation.boarding_passes AS bp JOIN aviation.tickets AS t ON t.ticket_no = bp.ticket_no WHERE bp.flight_id = 601 AND bp.boarding_no BETWEEN 4 AND 7",204,1,2,0,False,False,False,2,2,3,0,1,0,0,0,0,0.71,47.37,4.0,22,9.0,0.248,3,2,2,Nested Loop,0,2,0,0,0,0,1,0,0,38,0,0,0
recent_flights_sorted,"SELECT flight_no, departure_airport, arrival_airport, scheduled_departure FROM aviation.flights WHERE departure_airport = 'SVO' ORDER BY scheduled_departure DESC LIMIT 25",170,0,1,0,False,True,False,1,1,4,0,0,0,0,0,0,257.22,257.28,25.0,23,2025.0,2.563,3,3,1,Limit,1,0,0,0,0,0,0,1,0,318,0,0,0
ticket_name_prefix,"SELECT ticket_no, passenger_id, passenger_name FROM aviation.tickets WHERE passenger_name LIKE 'Passenger 72252%' ORDER BY ticket_no LIMIT 50",141,0,1,0,False,True,False,1,1,3,0,0,0,0,0,0,2272.17,2272.19,10.0,41,30.0,20.977,3,3,1,Limit,1,0,0,0,0,0,0,1,0,3072,0,0,0
flight_occupancy,"SELECT f.flight_id, COUNT(DISTINCT tf.ticket_no) AS tickets, COUNT(DISTINCT bp.ticket_no) AS boarded FROM aviation.flights AS f LEFT JOIN aviation.ticket_flights AS tf ON tf.flight_id = f.flight_id LEFT JOIN aviation.boarding_passes AS bp ON bp.flight_id = tf.flight_id AND bp.ticket_no = tf.ticket_no WHERE f.flight_id = 9951 GROUP BY f.flight_id",347,2,1,0,True,False,False,3,3,3,2,0,2,0,0,0,2112.95,2113.12,1.0,20,62.0,14.88,8,5,3,Aggregate,1,1,1,0,0,1,1,2,1,4197,0,0,0
passenger_flight_history,"SELECT t.passenger_id, t.passenger_name, f.flight_no, f.scheduled_departure, tf.fare_conditions FROM aviation.tickets AS t JOIN aviation.ticket_flights AS tf ON tf.ticket_no = t.ticket_no JOIN aviation.flights AS f ON f.flight_id = tf.flight_id WHERE t.passenger_id = '2146-082138' AND f.status = 'Departed' ORDER BY f.scheduled_departure DESC",343,2,2,0,False,True,False,3,3,5,0,2,0,0,0,0,2280.77,2280.77,1.0,50,6.0,21.716,6,4,3,Sort,1,2,0,0,0,0,2,1,0,4116,0,0,0
ticket_fare_lookup,"SELECT t.ticket_no, tf.flight_id, tf.amount FROM aviation.tickets AS t JOIN aviation.ticket_flights AS tf ON tf.ticket_no = t.ticket_no WHERE t.passenger_id = '5299-015298' AND tf.fare_conditions = 'Economy'",207,1,2,0,False,False,False,2,2,3,0,1,0,0,0,0,0.42,2280.45,1.0,24,3.0,20.662,3,2,2,Nested Loop,1,1,0,0,0,0,1,0,0,2052,0,0,0
top_routes,"SELECT departure_airport, arrival_airport, COUNT(*) AS flight_count FROM aviation.flights WHERE scheduled_departure >= DATE '2025-02-13' AND scheduled_departure < DATE '2025-03-15' GROUP BY departure_airport, arrival_airport ORDER BY flight_count DESC LIMIT 10",260,0,2,0,True,True,False,1,1,3,1,0,0,0,0,0,263.47,263.49,10.0,16,1051.0,4.114,4,4,1,Limit,1,0,0,0,0,0,0,1,1,422,0,0,0
booking_amount_range,"SELECT book_ref, book_date, total_amount FROM aviation.bookings WHERE total_amount BETWEEN 190000 AND 315000",108,0,1,0,False,False,False,1,1,3,0,0,0,0,0,0,0.0,1069.0,12555.0,21,12555.0,15.9,1,1,1,Seq Scan,1,0,0,0,0,0,0,0,0,319,0,0,0
aircraft_flight_counts,"SELECT a.aircraft_code, a.model, COUNT(f.flight_id) AS flight_count FROM aviation.aircrafts AS a LEFT JOIN aviation.flights AS f ON f.aircraft_code = a.aircraft_code WHERE a.range_km >= 5250 GROUP BY a.aircraft_code, a.model",224,1,1,0,True,False,False,2,2,3,1,0,1,0,0,0,293.61,293.65,4.0,27,18012.0,8.004,5,4,2,Aggregate,2,0,0,0,1,0,0,0,1,316,0,0,0
aircraft_seat_capacity,"SELECT a.aircraft_code, a.model, COUNT(s.seat_no) AS seat_count FROM aviation.aircrafts AS a JOIN aviation.seats AS s ON s.aircraft_code = a.aircraft_code WHERE s.fare_conditions = 'Comfort' GROUP BY a.aircraft_code, a.model ORDER BY seat_count DESC",249,1,1,0,True,True,False,2,2,3,1,1,0,0,0,0,18.65,18.67,5.0,27,260.0,0.418,6,5,2,Sort,2,0,0,0,1,0,0,1,1,28,0,0,0
route_revenue,"SELECT f.departure_airport, f.arrival_airport, SUM(tf.amount) AS revenue FROM aviation.flights AS f JOIN aviation.ticket_flights AS tf ON tf.flight_id = f.flight_id WHERE f.departure_airport = 'VTB' GROUP BY f.departure_airport, f.arrival_airport ORDER BY revenue DESC",268,1,1,0,True,True,False,2,2,3,1,1,0,0,0,0,2388.4,2388.43,10.0,40,112020.0,43.825,6,5,2,Sort,2,0,0,0,1,0,0,1,1,3859,0,0,0
recent_flights_sorted,"SELECT flight_no, departure_airport, arrival_airport, scheduled_departure FROM aviation.flights WHERE departure_airport = 'TBS' ORDER BY scheduled_departure DESC LIMIT 100",171,0,1,0,False,True,False,1,1,4,0,0,0,0,0,0,267.22,267.47,100.0,23,2100.0,2.355,3,3,1,Limit,1,0,0,0,0,0,0,1,0,318,0,0,0
aircraft_fare_capacity,"SELECT fare_conditions, COUNT(*) AS seat_count FROM aviation.seats WHERE aircraft_code = 'E95' GROUP BY fare_conditions ORDER BY seat_count DESC",144,0,1,0,True,True,False,1,1,2,1,0,0,0,0,0,17.2,17.21,3.0,16,186.0,0.374,3,3,1,Sort,1,0,0,0,0,0,0,1,1,18,0,0,0
unboarded_tickets,"SELECT tf.ticket_no, tf.fare_conditions FROM aviation.ticket_flights AS tf LEFT JOIN aviation.boarding_passes AS bp ON bp.ticket_no = tf.ticket_no AND bp.flight_id = tf.flight_id WHERE tf.flight_id = 4669 AND bp.ticket_no IS NULL",229,1,2,0,False,False,False,2,2,2,0,0,1,0,0,0,0.29,2109.74,10.0,22,40.0,14.157,4,3,2,Nested Loop,1,1,0,0,0,0,1,0,0,1677,0,0,0
flights_without_tickets,"SELECT f.flight_id, f.flight_no FROM aviation.flights AS f WHERE f.scheduled_departure >= DATE '2025-09-06' AND NOT EXISTS (SELECT 1 FROM aviation.ticket_flights AS tf WHERE tf.flight_id = f.flight_id)",201,0,3,1,False,False,False,2,2,3,0,0,0,0,0,0,3084.0,3328.78,1.0,11,203156.0,57.677,4,3,2,Hash Join,2,0,0,0,1,0,0,0,0,2710,0,0,0
fare_statistics,"SELECT fare_conditions, COUNT(*) AS ticket_count, AVG(amount) AS average_amount FROM aviation.ticket_flights WHERE fare_conditions = 'Comfort' AND amount >= 68000 GROUP BY fare_conditions HAVING COUNT(*) > 10",208,0,2,0,True,False,False,1,1,3,3,0,0,0,0,0,0.0,2365.81,1.0,48,6359.0,28.666,2,2,1,Aggregate,1,0,0,0,0,0,0,0,1,1668,0,0,0
flight_revenue,"SELECT f.flight_id, f.flight_no, COUNT(*) AS ticket_count, SUM(tf.amount) AS revenue FROM aviation.flights AS f JOIN aviation.ticket_flights AS tf ON tf.flight_id = f.flight_id WHERE f.flight_id = 4350 GROUP BY f.flight_id, f.flight_no",235,1,1,0,True,False,False,2,2,4,2,1,0,0,0,0,0.29,2092.47,1.0,51,22.0,13.853,4,3,2,Aggregate,1,1,0,0,0,0,1,0,1,2511,0,0,0
airport_connections,"SELECT dep.city AS departure_city, arr.city AS arrival_city, COUNT(*) AS flights FROM aviation.flights AS f JOIN aviation.airports AS dep ON dep.airport_code = f.departure_airport JOIN aviation.airports AS arr ON arr.airport_code = f.arrival_airport WHERE f.departure_airport = 'MSQ' AND f.status = 'Arrived' GROUP BY dep.city, arr.city",336,2,2,0,True,False,False,3,2,3,1,2,0,0,0,0,261.66,261.76,10.0,24,781.0,1.852,7,4,2,Aggregate,3,0,0,0,1,0,1,0,1,420,0,0,0
high_value_passengers,"SELECT t.passenger_id, t.passenger_name, b.total_amount FROM aviation.tickets AS t JOIN aviation.bookings AS b ON b.book_ref = t.book_ref WHERE b.total_amount >= 367500 ORDER BY b.total_amount DESC LIMIT 100",207,1,1,0,False,True,False,2,2,3,0,1,0,0,0,0,4414.61,4414.86,100.0,33,180116.0,97.071,6,5,2,Limit,2,0,0,0,1,0,0,1,0,5689,0,0,0
daily_flight_count,"SELECT scheduled_departure::date AS flight_date, COUNT(*) AS flight_count FROM aviation.flights WHERE departure_airport = 'WAW' GROUP BY scheduled_departure::date ORDER BY flight_date",183,0,1,0,True,True,False,1,1,2,1,0,0,0,0,0,281.33,301.24,993.0,12,2993.0,2.404,3,3,1,Aggregate,1,0,0,0,0,0,0,1,1,318,0,0,0
passengers_for_booking,"SELECT b.book_ref, b.book_date, t.ticket_no, t.passenger_name FROM aviation.bookings AS b JOIN aviation.tickets AS t ON t.book_ref = b.book_ref WHERE b.book_ref = '047984'",171,1,1,0,False,False,False,2,2,4,0,1,0,0,0,0,0.29,2280.33,2.0,44,5.0,16.435,3,2,2,Nested Loop,1,1,0,0,0,0,1,0,0,2050,0,0,0
route_by_date,"SELECT flight_id, flight_no, scheduled_departure, status FROM aviation.flights WHERE departure_airport = 'GME' AND arrival_airport = 'SVO' AND scheduled_departure >= DATE '2025-11-19' AND scheduled_departure < DATE '2025-11-19' + INTERVAL '1 day'",246,0,4,0,False,False,False,1,1,4,0,0,0,0,0,0,0.0,304.0,1.0,27,1.0,2.167,1,1,1,Seq Scan,1,0,0,0,0,0,0,0,0,104,0,0,0
boarding_pass_lookup,"SELECT bp.boarding_no, bp.seat_no, t.passenger_name FROM aviation.boarding_passes AS bp JOIN aviation.tickets AS t ON t.ticket_no = bp.ticket_no WHERE bp.flight_id = 996 AND bp.boarding_no BETWEEN 4 AND 7",204,1,2,0,False,False,False,2,2,3,0,1,0,0,0,0,0.71,47.37,4.0,22,9.0,0.131,3,2,2,Nested Loop,0,2,0,0,0,0,1,0,0,4,0,0,0
bookings_with_expensive_ticket,"SELECT b.book_ref, b.total_amount FROM aviation.bookings AS b WHERE EXISTS (SELECT 1 FROM aviation.tickets AS t JOIN aviation.ticket_flights AS tf ON tf.ticket_no = t.ticket_no WHERE t.book_ref = b.book_ref AND tf.amount >= 114750)",231,1,3,1,False,False,False,3,3,3,0,1,0,0,0,0,4721.77,5748.54,6879.0,13,184395.0,100.599,7,5,3,Hash Join,3,0,0,0,2,0,0,0,0,8896,0,0,0
booking_ticket_count,"SELECT b.book_ref, COUNT(t.ticket_no) AS ticket_count FROM aviation.bookings AS b JOIN aviation.tickets AS t ON t.book_ref = b.book_ref WHERE b.book_date >= DATE '2025-06-16' AND b.book_date < DATE '2025-06-30' GROUP BY b.book_ref HAVING COUNT(t.ticket_no) >= 2",261,1,2,0,True,False,False,2,2,2,2,1,0,0,0,0,3396.77,3420.79,641.0,15,108329.0,51.556,5,4,2,Aggregate,2,0,0,0,1,0,0,0,1,4342,0,0,0
ticket_name_prefix,"SELECT ticket_no, passenger_id, passenger_name FROM aviation.tickets WHERE passenger_name LIKE 'Passenger 20577%' ORDER BY ticket_no LIMIT 50",141,0,1,0,False,True,False,1,1,3,0,0,0,0,0,0,2272.17,2272.19,10.0,41,30.0,19.475,3,3,1,Limit,1,0,0,0,0,0,0,1,0,3072,0,0,0
airport_departure_counts,"SELECT departure_airport, COUNT(*) AS flight_count FROM aviation.flights WHERE scheduled_departure >= DATE '2025-07-15' AND scheduled_departure < DATE '2025-09-13' GROUP BY departure_airport ORDER BY flight_count DESC",217,0,2,0,True,True,False,1,1,2,1,0,0,0,0,0,262.36,262.39,10.0,12,1639.0,3.835,3,3,1,Sort,1,0,0,0,0,0,0,1,1,315,0,0,0
airport_departure_counts,"SELECT departure_airport, COUNT(*) AS flight_count FROM aviation.flights WHERE scheduled_departure >= DATE '2025-06-22' AND scheduled_departure < DATE '2025-07-22' GROUP BY departure_airport ORDER BY flight_count DESC",217,0,2,0,True,True,False,1,1,2,1,0,0,0,0,0,258.32,258.34,10.0,12,830.0,3.081,3,3,1,Sort,1,0,0,0,0,0,0,1,1,315,0,0,0
flights_without_tickets,"SELECT f.flight_id, f.flight_no FROM aviation.flights AS f WHERE f.scheduled_departure >= DATE '2025-05-20' AND NOT EXISTS (SELECT 1 FROM aviation.ticket_flights AS tf WHERE tf.flight_id = f.flight_id)",201,0,3,1,False,False,False,2,2,3,0,0,0,0,0,0,3084.0,3343.53,1.0,11,206106.0,60.378,4,3,2,Hash Join,2,0,0,0,1,0,0,0,0,2710,0,0,0
boarding_pass_lookup,"SELECT bp.boarding_no, bp.seat_no, t.passenger_name FROM aviation.boarding_passes AS bp JOIN aviation.tickets AS t ON t.ticket_no = bp.ticket_no WHERE bp.flight_id = 9870 AND bp.boarding_no BETWEEN 5 AND 7",205,1,2,0,False,False,False,2,2,3,0,1,0,0,0,0,0.71,37.17,3.0,22,7.0,0.252,3,2,2,Nested Loop,0,2,0,0,0,0,1,0,0,30,0,0,0
ticket_fare_lookup,"SELECT t.ticket_no, tf.flight_id, tf.amount FROM aviation.tickets AS t JOIN aviation.ticket_flights AS tf ON tf.ticket_no = t.ticket_no WHERE t.passenger_id = '0727-090718' AND tf.fare_conditions = 'Business'",208,1,2,0,False,False,False,2,2,3,0,1,0,0,0,0,0.42,2280.45,1.0,24,3.0,16.917,3,2,2,Nested Loop,1,1,0,0,0,0,1,0,0,2052,0,0,0
passenger_flight_history,"SELECT t.passenger_id, t.passenger_name, f.flight_no, f.scheduled_departure, tf.fare_conditions FROM aviation.tickets AS t JOIN aviation.ticket_flights AS tf ON tf.ticket_no = t.ticket_no JOIN aviation.flights AS f ON f.flight_id = tf.flight_id WHERE t.passenger_id = '9773-049769' AND f.status = 'On Time' ORDER BY f.scheduled_departure DESC",342,2,2,0,False,True,False,3,3,5,0,2,0,0,0,0,2280.77,2280.77,1.0,50,6.0,16.743,6,4,3,Sort,1,2,0,0,0,0,2,1,0,4116,0,0,0
aircraft_fare_capacity,"SELECT fare_conditions, COUNT(*) AS seat_count FROM aviation.seats WHERE aircraft_code = '320' GROUP BY fare_conditions ORDER BY seat_count DESC",144,0,1,0,True,True,False,1,1,2,1,0,0,0,0,0,17.2,17.21,3.0,16,186.0,0.334,3,3,1,Sort,1,0,0,0,0,0,0,1,1,18,0,0,0
booking_amount_range,"SELECT book_ref, book_date, total_amount FROM aviation.bookings WHERE total_amount BETWEEN 105000 AND 230000",108,0,1,0,False,False,False,1,1,3,0,0,0,0,0,0,0.0,1069.0,12528.0,21,12528.0,14.239,1,1,1,Seq Scan,1,0,0,0,0,0,0,0,0,319,0,0,0
unboarded_tickets,"SELECT tf.ticket_no, tf.fare_conditions FROM aviation.ticket_flights AS tf LEFT JOIN aviation.boarding_passes AS bp ON bp.ticket_no = tf.ticket_no AND bp.flight_id = tf.flight_id WHERE tf.flight_id = 676 AND bp.ticket_no IS NULL",228,1,2,0,False,False,False,2,2,2,0,0,1,0,0,0,0.29,2109.74,10.0,22,40.0,14.811,4,3,2,Nested Loop,1,1,0,0,0,0,1,0,0,1674,0,0,0
daily_flight_count,"SELECT scheduled_departure::date AS flight_date, COUNT(*) AS flight_count FROM aviation.flights WHERE departure_airport = 'GNA' GROUP BY scheduled_departure::date ORDER BY flight_date",183,0,1,0,True,True,False,1,1,2,1,0,0,0,0,0,281.33,301.24,993.0,12,2993.0,2.413,3,3,1,Aggregate,1,0,0,0,0,0,0,1,1,318,0,0,0
aircraft_flight_counts,"SELECT a.aircraft_code, a.model, COUNT(f.flight_id) AS flight_count FROM aviation.aircrafts AS a LEFT JOIN aviation.flights AS f ON f.aircraft_code = a.aircraft_code WHERE a.range_km >= 6000 GROUP BY a.aircraft_code, a.model",224,1,1,0,True,False,False,2,2,3,1,0,1,0,0,0,273.59,273.61,2.0,27,14006.0,7.007,5,4,2,Aggregate,2,0,0,0,1,0,0,0,1,316,0,0,0
route_revenue,"SELECT f.departure_airport, f.arrival_airport, SUM(tf.amount) AS revenue FROM aviation.flights AS f JOIN aviation.ticket_flights AS tf ON tf.flight_id = f.flight_id WHERE f.departure_airport = 'TBS' GROUP BY f.departure_airport, f.arrival_airport ORDER BY revenue DESC",268,1,1,0,True,True,False,2,2,3,1,1,0,0,0,0,2388.4,2388.43,10.0,40,112020.0,45.775,6,5,2,Sort,2,0,0,0,1,0,0,1,1,3859,0,0,0
aircraft_seat_capacity,"SELECT a.aircraft_code, a.model, COUNT(s.seat_no) AS seat_count FROM aviation.aircrafts AS a JOIN aviation.seats AS s ON s.aircraft_code = a.aircraft_code WHERE s.fare_conditions = 'Comfort' GROUP BY a.aircraft_code, a.model ORDER BY seat_count DESC",249,1,1,0,True,True,False,2,2,3,1,1,0,0,0,0,18.65,18.67,5.0,27,260.0,0.399,6,5,2,Sort,2,0,0,0,1,0,0,1,1,28,0,0,0
ticket_name_prefix,"SELECT ticket_no, passenger_id, passenger_name FROM aviation.tickets WHERE passenger_name LIKE 'Passenger 98398%' ORDER BY ticket_no LIMIT 50",141,0,1,0,False,True,False,1,1,3,0,0,0,0,0,0,2272.17,2272.19,10.0,41,30.0,24.72,3,3,1,Limit,1,0,0,0,0,0,0,1,0,3072,0,0,0
high_value_passengers,"SELECT t.passenger_id, t.passenger_name, b.total_amount FROM aviation.tickets AS t JOIN aviation.bookings AS b ON b.book_ref = t.book_ref WHERE b.total_amount >= 442500 ORDER BY b.total_amount DESC LIMIT 100",207,1,1,0,False,True,False,2,2,3,0,1,0,0,0,0,3741.25,3741.5,100.0,33,134690.0,59.746,6,5,2,Limit,2,0,0,0,1,0,0,1,0,5689,0,0,0
flight_revenue,"SELECT f.flight_id, f.flight_no, COUNT(*) AS ticket_count, SUM(tf.amount) AS revenue FROM aviation.flights AS f JOIN aviation.ticket_flights AS tf ON tf.flight_id = f.flight_id WHERE f.flight_id = 2886 GROUP BY f.flight_id, f.flight_no",235,1,1,0,True,False,False,2,2,4,2,1,0,0,0,0,0.29,2092.47,1.0,51,22.0,13.148,4,3,2,Aggregate,1,1,0,0,0,0,1,0,1,2511,0,0,0
airport_connections,"SELECT dep.city AS departure_city, arr.city AS arrival_city, COUNT(*) AS flights FROM aviation.flights AS f JOIN aviation.airports AS dep ON dep.airport_code = f.departure_airport JOIN aviation.airports AS arr ON arr.airport_code = f.arrival_airport WHERE f.departure_airport = 'MSQ' AND f.status = 'Scheduled' GROUP BY dep.city, arr.city",338,2,2,0,True,False,False,3,2,3,1,2,0,0,0,0,261.66,261.76,10.0,24,781.0,3.142,7,4,2,Aggregate,3,0,0,0,1,0,1,0,1,424,0,0,0
booking_ticket_count,"SELECT b.book_ref, COUNT(t.ticket_no) AS ticket_count FROM aviation.bookings AS b JOIN aviation.tickets AS t ON t.book_ref = b.book_ref WHERE b.book_date >= DATE '2025-03-08' AND b.book_date < DATE '2025-03-22' GROUP BY b.book_ref HAVING COUNT(t.ticket_no) >= 2",261,1,2,0,True,False,False,2,2,2,2,1,0,0,0,0,3398.39,3423.31,665.0,15,108641.0,49.742,5,4,2,Aggregate,2,0,0,0,1,0,0,0,1,4342,0,0,0
bookings_with_expensive_ticket,"SELECT b.book_ref, b.total_amount FROM aviation.bookings AS b WHERE EXISTS (SELECT 1 FROM aviation.tickets AS t JOIN aviation.ticket_flights AS tf ON tf.ticket_no = t.ticket_no WHERE t.book_ref = b.book_ref AND tf.amount >= 116500)",231,1,3,1,False,False,False,3,3,3,0,1,0,0,0,0,4669.3,5679.4,5380.0,13,176900.0,86.586,7,5,3,Hash Join,3,0,0,0,2,0,0,0,0,8896,0,0,0
route_by_date,"SELECT flight_id, flight_no, scheduled_departure, status FROM aviation.flights WHERE departure_airport = 'GME' AND arrival_airport = 'SVO' AND scheduled_departure >= DATE '2025-03-30' AND scheduled_departure < DATE '2025-03-30' + INTERVAL '1 day'",246,0,4,0,False,False,False,1,1,4,0,0,0,0,0,0,0.0,304.0,1.0,27,1.0,2.851,1,1,1,Seq Scan,1,0,0,0,0,0,0,0,0,104,0,0,0
flight_occupancy,"SELECT f.flight_id, COUNT(DISTINCT tf.ticket_no) AS tickets, COUNT(DISTINCT bp.ticket_no) AS boarded FROM aviation.flights AS f LEFT JOIN aviation.ticket_flights AS tf ON tf.flight_id = f.flight_id LEFT JOIN aviation.boarding_passes AS bp ON bp.flight_id = tf.flight_id AND bp.ticket_no = tf.ticket_no WHERE f.flight_id = 4468 GROUP BY f.flight_id",347,2,1,0,True,False,False,3,3,3,2,0,2,0,0,0,2112.95,2113.12,1.0,20,62.0,13.75,8,5,3,Aggregate,1,1,1,0,0,1,1,2,1,4197,0,0,0
recent_flights_sorted,"SELECT flight_no, departure_airport, arrival_airport, scheduled_departure FROM aviation.flights WHERE departure_airport = 'MSQ' ORDER BY scheduled_departure DESC LIMIT 50",170,0,1,0,False,True,False,1,1,4,0,0,0,0,0,0,262.22,262.34,50.0,23,2050.0,2.994,3,3,1,Limit,1,0,0,0,0,0,0,1,0,318,0,0,0
fare_statistics,"SELECT fare_conditions, COUNT(*) AS ticket_count, AVG(amount) AS average_amount FROM aviation.ticket_flights WHERE fare_conditions = 'Business' AND amount >= 77000 GROUP BY fare_conditions HAVING COUNT(*) > 10",209,0,2,0,True,False,False,1,1,3,3,0,0,0,0,0,0.0,2343.52,1.0,48,1902.0,28.536,2,2,1,Aggregate,1,0,0,0,0,0,0,0,1,1668,0,0,0
passengers_for_booking,"SELECT b.book_ref, b.book_date, t.ticket_no, t.passenger_name FROM aviation.bookings AS b JOIN aviation.tickets AS t ON t.book_ref = b.book_ref WHERE b.book_ref = '036461'",171,1,1,0,False,False,False,2,2,4,0,1,0,0,0,0,0.29,2280.33,2.0,44,5.0,17.04,3,2,2,Nested Loop,1,1,0,0,0,0,1,0,0,2050,0,0,0
top_routes,"SELECT departure_airport, arrival_airport, COUNT(*) AS flight_count FROM aviation.flights WHERE scheduled_departure >= DATE '2025-10-30' AND scheduled_departure < DATE '2025-11-29' GROUP BY departure_airport, arrival_airport ORDER BY flight_count DESC LIMIT 3",259,0,2,0,True,True,False,1,1,3,1,0,0,0,0,0,262.37,262.38,3.0,16,1014.0,2.501,4,4,1,Limit,1,0,0,0,0,0,0,1,1,422,0,0,0
bookings_with_expensive_ticket,"SELECT b.book_ref, b.total_amount FROM aviation.bookings AS b WHERE EXISTS (SELECT 1 FROM aviation.tickets AS t JOIN aviation.ticket_flights AS tf ON tf.ticket_no = t.ticket_no WHERE t.book_ref = b.book_ref AND tf.amount >= 54250)",230,1,3,1,False,False,False,3,3,3,0,1,0,0,0,0,6225.14,7730.63,49909.0,13,472298.0,193.447,7,5,3,Hash Join,3,0,0,0,2,0,0,0,0,9084,0,0,0
airport_departure_counts,"SELECT departure_airport, COUNT(*) AS flight_count FROM aviation.flights WHERE scheduled_departure >= DATE '2025-07-24' AND scheduled_departure < DATE '2025-09-22' GROUP BY departure_airport ORDER BY flight_count DESC",217,0,2,0,True,True,False,1,1,2,1,0,0,0,0,0,262.37,262.4,10.0,12,1641.0,2.976,3,3,1,Sort,1,0,0,0,0,0,0,1,1,315,0,0,0
passenger_flight_history,"SELECT t.passenger_id, t.passenger_name, f.flight_no, f.scheduled_departure, tf.fare_conditions FROM aviation.tickets AS t JOIN aviation.ticket_flights AS tf ON tf.ticket_no = t.ticket_no JOIN aviation.flights AS f ON f.flight_id = tf.flight_id WHERE t.passenger_id = '7792-007792' AND f.status = 'Arrived' ORDER BY f.scheduled_departure DESC",342,2,2,0,False,True,False,3,3,5,0,2,0,0,0,0,2280.77,2280.77,1.0,50,6.0,16.758,6,4,3,Sort,1,2,0,0,0,0,2,1,0,4116,0,0,0
boarding_pass_lookup,"SELECT bp.boarding_no, bp.seat_no, t.passenger_name FROM aviation.boarding_passes AS bp JOIN aviation.tickets AS t ON t.ticket_no = bp.ticket_no WHERE bp.flight_id = 3180 AND bp.boarding_no BETWEEN 1 AND 3",205,1,2,0,False,False,False,2,2,3,0,1,0,0,0,0,0.71,37.17,3.0,22,7.0,0.134,3,2,2,Nested Loop,0,2,0,0,0,0,1,0,0,32,0,0,0
aircraft_fare_capacity,"SELECT fare_conditions, COUNT(*) AS seat_count FROM aviation.seats WHERE aircraft_code = '320' GROUP BY fare_conditions ORDER BY seat_count DESC",144,0,1,0,True,True,False,1,1,2,1,0,0,0,0,0,17.2,17.21,3.0,16,186.0,0.541,3,3,1,Sort,1,0,0,0,0,0,0,1,1,18,0,0,0
high_value_passengers,"SELECT t.passenger_id, t.passenger_name, b.total_amount FROM aviation.tickets AS t JOIN aviation.bookings AS b ON b.book_ref = t.book_ref WHERE b.total_amount >= 435000 ORDER BY b.total_amount DESC LIMIT 100",207,1,1,0,False,True,False,2,2,3,0,1,0,0,0,0,3809.47,3809.72,100.0,33,139292.0,94.51,6,5,2,Limit,2,0,0,0,1,0,0,1,0,5689,0,0,0
flights_without_tickets,"SELECT f.flight_id, f.flight_no FROM aviation.flights AS f WHERE f.scheduled_departure >= DATE '2025-06-09' AND NOT EXISTS (SELECT 1 FROM aviation.ticket_flights AS tf WHERE tf.flight_id = f.flight_id)",201,0,3,1,False,False,False,2,2,3,0,0,0,0,0,0,3084.0,3340.79,1.0,11,205559.0,49.037,4,3,2,Hash Join,2,0,0,0,1,0,0,0,0,2710,0,0,0
passengers_for_booking,"SELECT b.book_ref, b.book_date, t.ticket_no, t.passenger_name FROM aviation.bookings AS b JOIN aviation.tickets AS t ON t.book_ref = b.book_ref WHERE b.book_ref = '000272'",171,1,1,0,False,False,False,2,2,4,0,1,0,0,0,0,0.29,2280.33,2.0,44,5.0,18.918,3,2,2,Nested Loop,1,1,0,0,0,0,1,0,0,2050,0,0,0
fare_statistics,"SELECT fare_conditions, COUNT(*) AS ticket_count, AVG(amount) AS average_amount FROM aviation.ticket_flights WHERE fare_conditions = 'Economy' AND amount >= 46750 GROUP BY fare_conditions HAVING COUNT(*) > 10",208,0,2,0,True,False,False,1,1,3,3,0,0,0,0,0,0.0,2592.96,1.0,48,51789.0,54.254,2,2,1,Aggregate,1,0,0,0,0,0,0,0,1,1668,0,0,0
top_routes,"SELECT departure_airport, arrival_airport, COUNT(*) AS flight_count FROM aviation.flights WHERE scheduled_departure >= DATE '2025-04-14' AND scheduled_departure < DATE '2025-07-13' GROUP BY departure_airport, arrival_airport ORDER BY flight_count DESC LIMIT 3",259,0,2,0,True,True,False,1,1,3,1,0,0,0,0,0,274.84,274.85,3.0,16,2676.0,3.704,4,4,1,Limit,1,0,0,0,0,0,0,1,1,422,0,0,0
aircraft_flight_counts,"SELECT a.aircraft_code, a.model, COUNT(f.flight_id) AS flight_count FROM aviation.aircrafts AS a LEFT JOIN aviation.flights AS f ON f.aircraft_code = a.aircraft_code WHERE a.range_km >= 3500 GROUP BY a.aircraft_code, a.model",224,1,1,0,True,False,False,2,2,3,1,0,1,0,0,0,303.62,303.68,5.0,27,20015.0,8.447,5,4,2,Aggregate,2,0,0,0,1,0,0,0,1,316,0,0,0
flight_revenue,"SELECT f.flight_id, f.flight_no, COUNT(*) AS ticket_count, SUM(tf.amount) AS revenue FROM aviation.flights AS f JOIN aviation.ticket_flights AS tf ON tf.flight_id = f.flight_id WHERE f.flight_id = 7668 GROUP BY f.flight_id, f.flight_no",235,1,1,0,True,False,False,2,2,4,2,1,0,0,0,0,0.29,2092.47,1.0,51,22.0,13.631,4,3,2,Aggregate,1,1,0,0,0,0,1,0,1,2511,0,0,0
airport_connections,"SELECT dep.city AS departure_city, arr.city AS arrival_city, COUNT(*) AS flights FROM aviation.flights AS f JOIN aviation.airports AS dep ON dep.airport_code = f.departure_airport JOIN aviation.airports AS arr ON arr.airport_code = f.arrival_airport WHERE f.departure_airport = 'TBS' AND f.status = 'Arrived' GROUP BY dep.city, arr.city",336,2,2,0,True,False,False,3,2,3,1,2,0,0,0,0,261.66,261.76,10.0,24,781.0,2.571,7,4,2,Aggregate,3,0,0,0,1,0,1,0,1,420,0,0,0
booking_ticket_count,"SELECT b.book_ref, COUNT(t.ticket_no) AS ticket_count FROM aviation.bookings AS b JOIN aviation.tickets AS t ON t.book_ref = b.book_ref WHERE b.book_date >= DATE '2025-03-13' AND b.book_date < DATE '2025-04-12' GROUP BY b.book_ref HAVING COUNT(t.ticket_no) >= 2",261,1,2,0,True,False,False,2,2,2,2,1,0,0,0,0,3445.43,3496.5,1362.0,15,117702.0,64.209,5,4,2,Aggregate,2,0,0,0,1,0,0,0,1,4342,0,0,0
ticket_fare_lookup,"SELECT t.ticket_no, tf.flight_id, tf.amount FROM aviation.tickets AS t JOIN aviation.ticket_flights AS tf ON tf.ticket_no = t.ticket_no WHERE t.passenger_id = '2408-002408' AND tf.fare_conditions = 'Comfort'",207,1,2,0,False,False,False,2,2,3,0,1,0,0,0,0,0.42,2280.45,1.0,24,3.0,15.99,3,2,2,Nested Loop,1,1,0,0,0,0,1,0,0,2052,0,0,0
recent_flights_sorted,"SELECT flight_no, departure_airport, arrival_airport, scheduled_departure FROM aviation.flights WHERE departure_airport = 'BQT' ORDER BY scheduled_departure DESC LIMIT 10",170,0,1,0,False,True,False,1,1,4,0,0,0,0,0,0,250.61,250.63,10.0,23,2010.0,2.395,3,3,1,Limit,1,0,0,0,0,0,0,1,0,318,0,0,0
flight_occupancy,"SELECT f.flight_id, COUNT(DISTINCT tf.ticket_no) AS tickets, COUNT(DISTINCT bp.ticket_no) AS boarded FROM aviation.flights AS f LEFT JOIN aviation.ticket_flights AS tf ON tf.flight_id = f.flight_id LEFT JOIN aviation.boarding_passes AS bp ON bp.flight_id = tf.flight_id AND bp.ticket_no = tf.ticket_no WHERE f.flight_id = 6617 GROUP BY f.flight_id",347,2,1,0,True,False,False,3,3,3,2,0,2,0,0,0,2112.95,2113.12,1.0,20,62.0,14.725,8,5,3,Aggregate,1,1,1,0,0,1,1,2,1,4197,0,0,0
booking_amount_range,"SELECT book_ref, book_date, total_amount FROM aviation.bookings WHERE total_amount BETWEEN 80000 AND 110000",107,0,1,0,False,False,False,1,1,3,0,0,0,0,0,0,0.0,1069.0,3012.0,21,3012.0,14.81,1,1,1,Seq Scan,1,0,0,0,0,0,0,0,0,319,0,0,0
unboarded_tickets,"SELECT tf.ticket_no, tf.fare_conditions FROM aviation.ticket_flights AS tf LEFT JOIN aviation.boarding_passes AS bp ON bp.ticket_no = tf.ticket_no AND bp.flight_id = tf.flight_id WHERE tf.flight_id = 4629 AND bp.ticket_no IS NULL",229,1,2,0,False,False,False,2,2,2,0,0,1,0,0,0,0.29,2109.74,10.0,22,40.0,13.418,4,3,2,Nested Loop,1,1,0,0,0,0,1,0,0,1677,0,0,0
aircraft_seat_capacity,"SELECT a.aircraft_code, a.model, COUNT(s.seat_no) AS seat_count FROM aviation.aircrafts AS a JOIN aviation.seats AS s ON s.aircraft_code = a.aircraft_code WHERE s.fare_conditions = 'Business' GROUP BY a.aircraft_code, a.model ORDER BY seat_count DESC",250,1,1,0,True,True,False,2,2,3,1,1,0,0,0,0,18.06,18.07,5.0,27,140.0,0.674,6,5,2,Sort,2,0,0,0,1,0,0,1,1,28,0,0,0
route_revenue,"SELECT f.departure_airport, f.arrival_airport, SUM(tf.amount) AS revenue FROM aviation.flights AS f JOIN aviation.ticket_flights AS tf ON tf.flight_id = f.flight_id WHERE f.departure_airport = 'BQT' GROUP BY f.departure_airport, f.arrival_airport ORDER BY revenue DESC",268,1,1,0,True,True,False,2,2,3,1,1,0,0,0,0,2388.4,2388.43,10.0,40,112020.0,39.915,6,5,2,Sort,2,0,0,0,1,0,0,1,1,3859,0,0,0
route_by_date,"SELECT flight_id, flight_no, scheduled_departure, status FROM aviation.flights WHERE departure_airport = 'IST' AND arrival_airport = 'GME' AND scheduled_departure >= DATE '2025-11-13' AND scheduled_departure < DATE '2025-11-13' + INTERVAL '1 day'",246,0,4,0,False,False,False,1,1,4,0,0,0,0,0,0,0.0,304.0,1.0,27,1.0,2.298,1,1,1,Seq Scan,1,0,0,0,0,0,0,0,0,104,0,0,0
daily_flight_count,"SELECT scheduled_departure::date AS flight_date, COUNT(*) AS flight_count FROM aviation.flights WHERE departure_airport = 'GME' GROUP BY scheduled_departure::date ORDER BY flight_date",183,0,1,0,True,True,False,1,1,2,1,0,0,0,0,0,281.33,301.24,993.0,12,2993.0,2.902,3,3,1,Aggregate,1,0,0,0,0,0,0,1,1,318,0,0,0
ticket_name_prefix,"SELECT ticket_no, passenger_id, passenger_name FROM aviation.tickets WHERE passenger_name LIKE 'Passenger 20304%' ORDER BY ticket_no LIMIT 50",141,0,1,0,False,True,False,1,1,3,0,0,0,0,0,0,2272.17,2272.19,10.0,41,30.0,20.814,3,3,1,Limit,1,0,0,0,0,0,0,1,0,3072,0,0,0
passengers_for_booking,"SELECT b.book_ref, b.book_date, t.ticket_no, t.passenger_name FROM aviation.bookings AS b JOIN aviation.tickets AS t ON t.book_ref = b.book_ref WHERE b.book_ref = '028022'",171,1,1,0,False,False,False,2,2,4,0,1,0,0,0,0,0.29,2280.33,2.0,44,5.0,16.589,3,2,2,Nested Loop,1,1,0,0,0,0,1,0,0,2050,0,0,0
airport_departure_counts,"SELECT departure_airport, COUNT(*) AS flight_count FROM aviation.flights WHERE scheduled_departure >= DATE '2025-08-15' AND scheduled_departure < DATE '2025-08-29' GROUP BY departure_airport ORDER BY flight_count DESC",217,0,2,0,True,True,False,1,1,2,1,0,0,0,0,0,256.16,256.19,10.0,12,399.0,2.638,3,3,1,Sort,1,0,0,0,0,0,0,1,1,315,0,0,0
unboarded_tickets,"SELECT tf.ticket_no, tf.fare_conditions FROM aviation.ticket_flights AS tf LEFT JOIN aviation.boarding_passes AS bp ON bp.ticket_no = tf.ticket_no AND bp.flight_id = tf.flight_id WHERE tf.flight_id = 1894 AND bp.ticket_no IS NULL",229,1,2,0,False,False,False,2,2,2,0,0,1,0,0,0,0.29,2109.74,10.0,22,40.0,14.384,4,3,2,Nested Loop,1,1,0,0,0,0,1,0,0,1677,0,0,0
daily_flight_count,"SELECT scheduled_departure::date AS flight_date, COUNT(*) AS flight_count FROM aviation.flights WHERE departure_airport = 'GNA' GROUP BY scheduled_departure::date ORDER BY flight_date",183,0,1,0,True,True,False,1,1,2,1,0,0,0,0,0,281.33,301.24,993.0,12,2993.0,2.849,3,3,1,Aggregate,1,0,0,0,0,0,0,1,1,318,0,0,0
booking_amount_range,"SELECT book_ref, book_date, total_amount FROM aviation.bookings WHERE total_amount BETWEEN 155000 AND 265000",108,0,1,0,False,False,False,1,1,3,0,0,0,0,0,0,0.0,1069.0,11042.0,21,11042.0,14.075,1,1,1,Seq Scan,1,0,0,0,0,0,0,0,0,319,0,0,0
ticket_name_prefix,"SELECT ticket_no, passenger_id, passenger_name FROM aviation.tickets WHERE passenger_name LIKE 'Passenger 31311%' ORDER BY ticket_no LIMIT 50",141,0,1,0,False,True,False,1,1,3,0,0,0,0,0,0,2272.17,2272.19,10.0,41,30.0,18.789,3,3,1,Limit,1,0,0,0,0,0,0,1,0,3072,0,0,0
fare_statistics,"SELECT fare_conditions, COUNT(*) AS ticket_count, AVG(amount) AS average_amount FROM aviation.ticket_flights WHERE fare_conditions = 'Comfort' AND amount >= 31000 GROUP BY fare_conditions HAVING COUNT(*) > 10",208,0,2,0,True,False,False,1,1,3,3,0,0,0,0,0,0.0,2387.01,1.0,48,10599.0,35.055,2,2,1,Aggregate,1,0,0,0,0,0,0,0,1,1668,0,0,0
recent_flights_sorted,"SELECT flight_no, departure_airport, arrival_airport, scheduled_departure FROM aviation.flights WHERE departure_airport = 'SVO' ORDER BY scheduled_departure DESC LIMIT 50",170,0,1,0,False,True,False,1,1,4,0,0,0,0,0,0,262.22,262.34,50.0,23,2050.0,2.51,3,3,1,Limit,1,0,0,0,0,0,0,1,0,318,0,0,0
flight_occupancy,"SELECT f.flight_id, COUNT(DISTINCT tf.ticket_no) AS tickets, COUNT(DISTINCT bp.ticket_no) AS boarded FROM aviation.flights AS f LEFT JOIN aviation.ticket_flights AS tf ON tf.flight_id = f.flight_id LEFT JOIN aviation.boarding_passes AS bp ON bp.flight_id = tf.flight_id AND bp.ticket_no = tf.ticket_no WHERE f.flight_id = 9486 GROUP BY f.flight_id",347,2,1,0,True,False,False,3,3,3,2,0,2,0,0,0,2112.95,2113.12,1.0,20,62.0,17.954,8,5,3,Aggregate,1,1,1,0,0,1,1,2,1,4193,0,0,0
flight_revenue,"SELECT f.flight_id, f.flight_no, COUNT(*) AS ticket_count, SUM(tf.amount) AS revenue FROM aviation.flights AS f JOIN aviation.ticket_flights AS tf ON tf.flight_id = f.flight_id WHERE f.flight_id = 3630 GROUP BY f.flight_id, f.flight_no",235,1,1,0,True,False,False,2,2,4,2,1,0,0,0,0,0.29,2092.47,1.0,51,22.0,12.934,4,3,2,Aggregate,1,1,0,0,0,0,1,0,1,2511,0,0,0
boarding_pass_lookup,"SELECT bp.boarding_no, bp.seat_no, t.passenger_name FROM aviation.boarding_passes AS bp JOIN aviation.tickets AS t ON t.ticket_no = bp.ticket_no WHERE bp.flight_id = 3987 AND bp.boarding_no BETWEEN 1 AND 4",205,1,2,0,False,False,False,2,2,3,0,1,0,0,0,0,0.71,47.37,4.0,22,9.0,0.221,3,2,2,Nested Loop,0,2,0,0,0,0,1,0,0,38,0,0,0
route_by_date,"SELECT flight_id, flight_no, scheduled_departure, status FROM aviation.flights WHERE departure_airport = 'BQT' AND arrival_airport = 'GNA' AND scheduled_departure >= DATE '2025-06-10' AND scheduled_departure < DATE '2025-06-10' + INTERVAL '1 day'",246,0,4,0,False,False,False,1,1,4,0,0,0,0,0,0,0.0,304.0,1.0,27,1.0,2.557,1,1,1,Seq Scan,1,0,0,0,0,0,0,0,0,104,0,0,0
bookings_with_expensive_ticket,"SELECT b.book_ref, b.total_amount FROM aviation.bookings AS b WHERE EXISTS (SELECT 1 FROM aviation.tickets AS t JOIN aviation.ticket_flights AS tf ON tf.ticket_no = t.ticket_no WHERE t.book_ref = b.book_ref AND tf.amount >= 102000)",231,1,3,1,False,False,False,3,3,3,0,1,0,0,0,0,5096.51,6242.4,17586.0,13,237930.0,113.468,7,5,3,Hash Join,3,0,0,0,2,0,0,0,0,8896,0,0,0
airport_connections,"SELECT dep.city AS departure_city, arr.city AS arrival_city, COUNT(*) AS flights FROM aviation.flights AS f JOIN aviation.airports AS dep ON dep.airport_code = f.departure_airport JOIN aviation.airports AS arr ON arr.airport_code = f.arrival_airport WHERE f.departure_airport = 'TBS' AND f.status = 'Departed' GROUP BY dep.city, arr.city",337,2,2,0,True,False,False,3,2,3,1,2,0,0,0,0,261.66,261.76,10.0,24,781.0,2.542,7,4,2,Aggregate,3,0,0,0,1,0,1,0,1,424,0,0,0
aircraft_fare_capacity,"SELECT fare_conditions, COUNT(*) AS seat_count FROM aviation.seats WHERE aircraft_code = '321' GROUP BY fare_conditions ORDER BY seat_count DESC",144,0,1,0,True,True,False,1,1,2,1,0,0,0,0,0,17.2,17.21,3.0,16,186.0,0.479,3,3,1,Sort,1,0,0,0,0,0,0,1,1,18,0,0,0
booking_ticket_count,"SELECT b.book_ref, COUNT(t.ticket_no) AS ticket_count FROM aviation.bookings AS b JOIN aviation.tickets AS t ON t.book_ref = b.book_ref WHERE b.book_date >= DATE '2024-12-21' AND b.book_date < DATE '2025-01-04' GROUP BY b.book_ref HAVING COUNT(t.ticket_no) >= 2",261,1,2,0,True,False,False,2,2,2,2,1,0,0,0,0,3396.88,3420.97,642.0,15,108350.0,57.794,5,4,2,Aggregate,2,0,0,0,1,0,0,0,1,4342,0,0,0
aircraft_flight_counts,"SELECT a.aircraft_code, a.model, COUNT(f.flight_id) AS flight_count FROM aviation.aircrafts AS a LEFT JOIN aviation.flights AS f ON f.aircraft_code = a.aircraft_code WHERE a.range_km >= 4250 GROUP BY a.aircraft_code, a.model",224,1,1,0,True,False,False,2,2,3,1,0,1,0,0,0,303.62,303.68,5.0,27,20015.0,8.268,5,4,2,Aggregate,2,0,0,0,1,0,0,0,1,316,0,0,0
top_routes,"SELECT departure_airport, arrival_airport, COUNT(*) AS flight_count FROM aviation.flights WHERE scheduled_departure >= DATE '2025-01-18' AND scheduled_departure < DATE '2025-02-17' GROUP BY departure_airport, arrival_airport ORDER BY flight_count DESC LIMIT 3",259,0,2,0,True,True,False,1,1,3,1,0,0,0,0,0,262.61,262.61,3.0,16,1045.0,4.937,4,4,1,Limit,1,0,0,0,0,0,0,1,1,422,0,0,0
aircraft_seat_capacity,"SELECT a.aircraft_code, a.model, COUNT(s.seat_no) AS seat_count FROM aviation.aircrafts AS a JOIN aviation.seats AS s ON s.aircraft_code = a.aircraft_code WHERE s.fare_conditions = 'Business' GROUP BY a.aircraft_code, a.model ORDER BY seat_count DESC",250,1,1,0,True,True,False,2,2,3,1,1,0,0,0,0,18.06,18.07,5.0,27,140.0,0.457,6,5,2,Sort,2,0,0,0,1,0,0,1,1,28,0,0,0
passenger_flight_history,"SELECT t.passenger_id, t.passenger_name, f.flight_no, f.scheduled_departure, tf.fare_conditions FROM aviation.tickets AS t JOIN aviation.ticket_flights AS tf ON tf.ticket_no = t.ticket_no JOIN aviation.flights AS f ON f.flight_id = tf.flight_id WHERE t.passenger_id = '6768-086760' AND f.status = 'Arrived' ORDER BY f.scheduled_departure DESC",342,2,2,0,False,True,False,3,3,5,0,2,0,0,0,0,2280.77,2280.77,1.0,50,6.0,20.203,6,4,3,Sort,1,2,0,0,0,0,2,1,0,4116,0,0,0
flights_without_tickets,"SELECT f.flight_id, f.flight_no FROM aviation.flights AS f WHERE f.scheduled_departure >= DATE '2025-10-28' AND NOT EXISTS (SELECT 1 FROM aviation.ticket_flights AS tf WHERE tf.flight_id = f.flight_id)",201,0,3,1,False,False,False,2,2,3,0,0,0,0,0,0,3084.0,3321.76,1.0,11,201754.0,52.269,4,3,2,Hash Join,2,0,0,0,1,0,0,0,0,2710,0,0,0
ticket_fare_lookup,"SELECT t.ticket_no, tf.flight_id, tf.amount FROM aviation.tickets AS t JOIN aviation.ticket_flights AS tf ON tf.ticket_no = t.ticket_no WHERE t.passenger_id = '2131-002131' AND tf.fare_conditions = 'Business'",208,1,2,0,False,False,False,2,2,3,0,1,0,0,0,0,0.42,2280.45,1.0,24,3.0,17.016,3,2,2,Nested Loop,1,1,0,0,0,0,1,0,0,2052,0,0,0
high_value_passengers,"SELECT t.passenger_id, t.passenger_name, b.total_amount FROM aviation.tickets AS t JOIN aviation.bookings AS b ON b.book_ref = t.book_ref WHERE b.total_amount >= 365000 ORDER BY b.total_amount DESC LIMIT 100",207,1,1,0,False,True,False,2,2,3,0,1,0,0,0,0,4436.93,4437.18,100.0,33,181622.0,84.732,6,5,2,Limit,2,0,0,0,1,0,0,1,0,5689,0,0,0
route_revenue,"SELECT f.departure_airport, f.arrival_airport, SUM(tf.amount) AS revenue FROM aviation.flights AS f JOIN aviation.ticket_flights AS tf ON tf.flight_id = f.flight_id WHERE f.departure_airport = 'GNA' GROUP BY f.departure_airport, f.arrival_airport ORDER BY revenue DESC",268,1,1,0,True,True,False,2,2,3,1,1,0,0,0,0,2388.4,2388.43,10.0,40,112020.0,38.918,6,5,2,Sort,2,0,0,0,1,0,0,1,1,3859,0,0,0
bookings_with_expensive_ticket,"SELECT b.book_ref, b.total_amount FROM aviation.bookings AS b WHERE EXISTS (SELECT 1 FROM aviation.tickets AS t JOIN aviation.ticket_flights AS tf ON tf.ticket_no = t.ticket_no WHERE t.book_ref = b.book_ref AND tf.amount >= 88500)",230,1,3,1,False,False,False,3,3,3,0,1,0,0,0,0,5494.81,6767.31,28966.0,13,294830.0,135.461,7,5,3,Hash Join,3,0,0,0,2,0,0,0,0,8896,0,0,0
flights_without_tickets,"SELECT f.flight_id, f.flight_no FROM aviation.flights AS f WHERE f.scheduled_departure >= DATE '2025-12-02' AND NOT EXISTS (SELECT 1 FROM aviation.ticket_flights AS tf WHERE tf.flight_id = f.flight_id)",201,0,3,1,False,False,False,2,2,3,0,0,0,0,0,0,3084.0,3317.03,1.0,11,200808.0,64.826,4,3,2,Hash Join,2,0,0,0,1,0,0,0,0,2710,0,0,0
ticket_name_prefix,"SELECT ticket_no, passenger_id, passenger_name FROM aviation.tickets WHERE passenger_name LIKE 'Passenger 7556%' ORDER BY ticket_no LIMIT 50",140,0,1,0,False,True,False,1,1,3,0,0,0,0,0,0,2272.17,2272.19,10.0,41,30.0,24.502,3,3,1,Limit,1,0,0,0,0,0,0,1,0,3072,0,0,0
recent_flights_sorted,"SELECT flight_no, departure_airport, arrival_airport, scheduled_departure FROM aviation.flights WHERE departure_airport = 'LED' ORDER BY scheduled_departure DESC LIMIT 25",170,0,1,0,False,True,False,1,1,4,0,0,0,0,0,0,257.22,257.28,25.0,23,2025.0,2.155,3,3,1,Limit,1,0,0,0,0,0,0,1,0,318,0,0,0
booking_ticket_count,"SELECT b.book_ref, COUNT(t.ticket_no) AS ticket_count FROM aviation.bookings AS b JOIN aviation.tickets AS t ON t.book_ref = b.book_ref WHERE b.book_date >= DATE '2025-04-02' AND b.book_date < DATE '2025-04-09' GROUP BY b.book_ref HAVING COUNT(t.ticket_no) >= 2",261,1,2,0,True,False,False,2,2,2,2,1,0,0,0,0,3375.14,3387.16,320.0,15,104164.0,45.869,5,4,2,Aggregate,2,0,0,0,1,0,0,0,1,4342,0,0,0
aircraft_seat_capacity,"SELECT a.aircraft_code, a.model, COUNT(s.seat_no) AS seat_count FROM aviation.aircrafts AS a JOIN aviation.seats AS s ON s.aircraft_code = a.aircraft_code WHERE s.fare_conditions = 'Business' GROUP BY a.aircraft_code, a.model ORDER BY seat_count DESC",250,1,1,0,True,True,False,2,2,3,1,1,0,0,0,0,18.06,18.07,5.0,27,140.0,0.441,6,5,2,Sort,2,0,0,0,1,0,0,1,1,28,0,0,0
passenger_flight_history,"SELECT t.passenger_id, t.passenger_name, f.flight_no, f.scheduled_departure, tf.fare_conditions FROM aviation.tickets AS t JOIN aviation.ticket_flights AS tf ON tf.ticket_no = t.ticket_no JOIN aviation.flights AS f ON f.flight_id = tf.flight_id WHERE t.passenger_id = '3841-003841' AND f.status = 'Departed' ORDER BY f.scheduled_departure DESC",343,2,2,0,False,True,False,3,3,5,0,2,0,0,0,0,2280.77,2280.77,1.0,50,6.0,16.552,6,4,3,Sort,1,2,0,0,0,0,2,1,0,4116,0,0,0
ticket_fare_lookup,"SELECT t.ticket_no, tf.flight_id, tf.amount FROM aviation.tickets AS t JOIN aviation.ticket_flights AS tf ON tf.ticket_no = t.ticket_no WHERE t.passenger_id = '5202-055197' AND tf.fare_conditions = 'Comfort'",207,1,2,0,False,False,False,2,2,3,0,1,0,0,0,0,0.42,2280.45,1.0,24,3.0,17.002,3,2,2,Nested Loop,1,1,0,0,0,0,1,0,0,2052,0,0,0
route_revenue,"SELECT f.departure_airport, f.arrival_airport, SUM(tf.amount) AS revenue FROM aviation.flights AS f JOIN aviation.ticket_flights AS tf ON tf.flight_id = f.flight_id WHERE f.departure_airport = 'BQT' GROUP BY f.departure_airport, f.arrival_airport ORDER BY revenue DESC",268,1,1,0,True,True,False,2,2,3,1,1,0,0,0,0,2388.4,2388.43,10.0,40,112020.0,41.469,6,5,2,Sort,2,0,0,0,1,0,0,1,1,3859,0,0,0
airport_connections,"SELECT dep.city AS departure_city, arr.city AS arrival_city, COUNT(*) AS flights FROM aviation.flights AS f JOIN aviation.airports AS dep ON dep.airport_code = f.departure_airport JOIN aviation.airports AS arr ON arr.airport_code = f.arrival_airport WHERE f.departure_airport = 'TBS' AND f.status = 'Scheduled' GROUP BY dep.city, arr.city",338,2,2,0,True,False,False,3,2,3,1,2,0,0,0,0,261.66,261.76,10.0,24,781.0,2.728,7,4,2,Aggregate,3,0,0,0,1,0,1,0,1,424,0,0,0
high_value_passengers,"SELECT t.passenger_id, t.passenger_name, b.total_amount FROM aviation.tickets AS t JOIN aviation.bookings AS b ON b.book_ref = t.book_ref WHERE b.total_amount >= 390000 ORDER BY b.total_amount DESC LIMIT 100",207,1,1,0,False,True,False,2,2,3,0,1,0,0,0,0,4213.34,4213.59,100.0,33,166538.0,84.138,6,5,2,Limit,2,0,0,0,1,0,0,1,0,5689,0,0,0
daily_flight_count,"SELECT scheduled_departure::date AS flight_date, COUNT(*) AS flight_count FROM aviation.flights WHERE departure_airport = 'SVO' GROUP BY scheduled_departure::date ORDER BY flight_date",183,0,1,0,True,True,False,1,1,2,1,0,0,0,0,0,281.33,301.24,993.0,12,2993.0,2.431,3,3,1,Aggregate,1,0,0,0,0,0,0,1,1,318,0,0,0
unboarded_tickets,"SELECT tf.ticket_no, tf.fare_conditions FROM aviation.ticket_flights AS tf LEFT JOIN aviation.boarding_passes AS bp ON bp.ticket_no = tf.ticket_no AND bp.flight_id = tf.flight_id WHERE tf.flight_id = 4546 AND bp.ticket_no IS NULL",229,1,2,0,False,False,False,2,2,2,0,0,1,0,0,0,0.29,2109.74,10.0,22,40.0,13.692,4,3,2,Nested Loop,1,1,0,0,0,0,1,0,0,1674,0,0,0
route_by_date,"SELECT flight_id, flight_no, scheduled_departure, status FROM aviation.flights WHERE departure_airport = 'IST' AND arrival_airport = 'GME' AND scheduled_departure >= DATE '2025-08-02' AND scheduled_departure < DATE '2025-08-02' + INTERVAL '1 day'",246,0,4,0,False,False,False,1,1,4,0,0,0,0,0,0,0.0,304.0,1.0,27,1.0,2.448,1,1,1,Seq Scan,1,0,0,0,0,0,0,0,0,104,0,0,0
top_routes,"SELECT departure_airport, arrival_airport, COUNT(*) AS flight_count FROM aviation.flights WHERE scheduled_departure >= DATE '2025-10-04' AND scheduled_departure < DATE '2025-11-03' GROUP BY departure_airport, arrival_airport ORDER BY flight_count DESC LIMIT 10",260,0,2,0,True,True,False,1,1,3,1,0,0,0,0,0,263.24,263.26,10.0,16,1020.0,2.91,4,4,1,Limit,1,0,0,0,0,0,0,1,1,422,0,0,0
flight_occupancy,"SELECT f.flight_id, COUNT(DISTINCT tf.ticket_no) AS tickets, COUNT(DISTINCT bp.ticket_no) AS boarded FROM aviation.flights AS f LEFT JOIN aviation.ticket_flights AS tf ON tf.flight_id = f.flight_id LEFT JOIN aviation.boarding_passes AS bp ON bp.flight_id = tf.flight_id AND bp.ticket_no = tf.ticket_no WHERE f.flight_id = 3797 GROUP BY f.flight_id",347,2,1,0,True,False,False,3,3,3,2,0,2,0,0,0,2112.95,2113.12,1.0,20,62.0,14.373,8,5,3,Aggregate,1,1,1,0,0,1,1,2,1,4197,0,0,0
fare_statistics,"SELECT fare_conditions, COUNT(*) AS ticket_count, AVG(amount) AS average_amount FROM aviation.ticket_flights WHERE fare_conditions = 'Economy' AND amount >= 37500 GROUP BY fare_conditions HAVING COUNT(*) > 10",208,0,2,0,True,False,False,1,1,3,3,0,0,0,0,0,0.0,2623.82,1.0,48,57961.0,48.191,2,2,1,Aggregate,1,0,0,0,0,0,0,0,1,1668,0,0,0
boarding_pass_lookup,"SELECT bp.boarding_no, bp.seat_no, t.passenger_name FROM aviation.boarding_passes AS bp JOIN aviation.tickets AS t ON t.ticket_no = bp.ticket_no WHERE bp.flight_id = 1621 AND bp.boarding_no BETWEEN 2 AND 6",205,1,2,0,False,False,False,2,2,3,0,1,0,0,0,0,0.71,57.58,5.0,22,11.0,0.21,3,2,2,Nested Loop,0,2,0,0,0,0,1,0,0,46,0,0,0
booking_amount_range,"SELECT book_ref, book_date, total_amount FROM aviation.bookings WHERE total_amount BETWEEN 130000 AND 160000",108,0,1,0,False,False,False,1,1,3,0,0,0,0,0,0,0.0,1069.0,3022.0,21,3022.0,13.314,1,1,1,Seq Scan,1,0,0,0,0,0,0,0,0,319,0,0,0
flight_revenue,"SELECT f.flight_id, f.flight_no, COUNT(*) AS ticket_count, SUM(tf.amount) AS revenue FROM aviation.flights AS f JOIN aviation.ticket_flights AS tf ON tf.flight_id = f.flight_id WHERE f.flight_id = 8382 GROUP BY f.flight_id, f.flight_no",235,1,1,0,True,False,False,2,2,4,2,1,0,0,0,0,0.29,2092.47,1.0,51,22.0,13.099,4,3,2,Aggregate,1,1,0,0,0,0,1,0,1,2511,0,0,0
aircraft_flight_counts,"SELECT a.aircraft_code, a.model, COUNT(f.flight_id) AS flight_count FROM aviation.aircrafts AS a LEFT JOIN aviation.flights AS f ON f.aircraft_code = a.aircraft_code WHERE a.range_km >= 4750 GROUP BY a.aircraft_code, a.model",224,1,1,0,True,False,False,2,2,3,1,0,1,0,0,0,303.62,303.68,5.0,27,20015.0,8.465,5,4,2,Aggregate,2,0,0,0,1,0,0,0,1,316,0,0,0
aircraft_fare_capacity,"SELECT fare_conditions, COUNT(*) AS seat_count FROM aviation.seats WHERE aircraft_code = '738' GROUP BY fare_conditions ORDER BY seat_count DESC",144,0,1,0,True,True,False,1,1,2,1,0,0,0,0,0,17.2,17.21,3.0,16,186.0,0.288,3,3,1,Sort,1,0,0,0,0,0,0,1,1,18,0,0,0
passengers_for_booking,"SELECT b.book_ref, b.book_date, t.ticket_no, t.passenger_name FROM aviation.bookings AS b JOIN aviation.tickets AS t ON t.book_ref = b.book_ref WHERE b.book_ref = '000390'",171,1,1,0,False,False,False,2,2,4,0,1,0,0,0,0,0.29,2280.33,2.0,44,5.0,16.326,3,2,2,Nested Loop,1,1,0,0,0,0,1,0,0,2050,0,0,0
airport_departure_counts,"SELECT departure_airport, COUNT(*) AS flight_count FROM aviation.flights WHERE scheduled_departure >= DATE '2025-02-28' AND scheduled_departure < DATE '2025-03-07' GROUP BY departure_airport ORDER BY flight_count DESC",217,0,2,0,True,True,False,1,1,2,1,0,0,0,0,0,255.25,255.28,10.0,12,217.0,3.253,3,3,1,Sort,1,0,0,0,0,0,0,1,1,315,0,0,0
passengers_for_booking,"SELECT b.book_ref, b.book_date, t.ticket_no, t.passenger_name FROM aviation.bookings AS b JOIN aviation.tickets AS t ON t.book_ref = b.book_ref WHERE b.book_ref = '045155'",171,1,1,0,False,False,False,2,2,4,0,1,0,0,0,0,0.29,2280.33,2.0,44,5.0,16.435,3,2,2,Nested Loop,1,1,0,0,0,0,1,0,0,2050,0,0,0
aircraft_flight_counts,"SELECT a.aircraft_code, a.model, COUNT(f.flight_id) AS flight_count FROM aviation.aircrafts AS a LEFT JOIN aviation.flights AS f ON f.aircraft_code = a.aircraft_code WHERE a.range_km >= 7000 GROUP BY a.aircraft_code, a.model",224,1,1,0,True,False,False,2,2,3,1,0,1,0,0,0,263.57,263.58,1.0,27,12003.0,4.916,5,4,2,Aggregate,2,0,0,0,1,0,0,0,1,316,0,0,0
bookings_with_expensive_ticket,"SELECT b.book_ref, b.total_amount FROM aviation.bookings AS b WHERE EXISTS (SELECT 1 FROM aviation.tickets AS t JOIN aviation.ticket_flights AS tf ON tf.ticket_no = t.ticket_no WHERE t.book_ref = b.book_ref AND tf.amount >= 90000)",230,1,3,1,False,False,False,3,3,3,0,1,0,0,0,0,5451.2,6709.84,27720.0,13,288600.0,126.477,7,5,3,Hash Join,3,0,0,0,2,0,0,0,0,8896,0,0,0
aircraft_fare_capacity,"SELECT fare_conditions, COUNT(*) AS seat_count FROM aviation.seats WHERE aircraft_code = '738' GROUP BY fare_conditions ORDER BY seat_count DESC",144,0,1,0,True,True,False,1,1,2,1,0,0,0,0,0,17.2,17.21,3.0,16,186.0,0.297,3,3,1,Sort,1,0,0,0,0,0,0,1,1,18,0,0,0
booking_amount_range,"SELECT book_ref, book_date, total_amount FROM aviation.bookings WHERE total_amount BETWEEN 275000 AND 305000",108,0,1,0,False,False,False,1,1,3,0,0,0,0,0,0,0.0,1069.0,3032.0,21,3032.0,19.136,1,1,1,Seq Scan,1,0,0,0,0,0,0,0,0,319,0,0,0
passenger_flight_history,"SELECT t.passenger_id, t.passenger_name, f.flight_no, f.scheduled_departure, tf.fare_conditions FROM aviation.tickets AS t JOIN aviation.ticket_flights AS tf ON tf.ticket_no = t.ticket_no JOIN aviation.flights AS f ON f.flight_id = tf.flight_id WHERE t.passenger_id = '3251-023249' AND f.status = 'Scheduled' ORDER BY f.scheduled_departure DESC",344,2,2,0,False,True,False,3,3,5,0,2,0,0,0,0,2280.77,2280.77,1.0,50,6.0,16.272,6,4,3,Sort,1,2,0,0,0,0,2,1,0,4116,0,0,0
airport_departure_counts,"SELECT departure_airport, COUNT(*) AS flight_count FROM aviation.flights WHERE scheduled_departure >= DATE '2025-08-07' AND scheduled_departure < DATE '2025-08-14' GROUP BY departure_airport ORDER BY flight_count DESC",217,0,2,0,True,True,False,1,1,2,1,0,0,0,0,0,255.21,255.23,10.0,12,208.0,2.355,3,3,1,Sort,1,0,0,0,0,0,0,1,1,315,0,0,0
flight_revenue,"SELECT f.flight_id, f.flight_no, COUNT(*) AS ticket_count, SUM(tf.amount) AS revenue FROM aviation.flights AS f JOIN aviation.ticket_flights AS tf ON tf.flight_id = f.flight_id WHERE f.flight_id = 1707 GROUP BY f.flight_id, f.flight_no",235,1,1,0,True,False,False,2,2,4,2,1,0,0,0,0,0.29,2092.47,1.0,51,22.0,14.755,4,3,2,Aggregate,1,1,0,0,0,0,1,0,1,2511,0,0,0
recent_flights_sorted,"SELECT flight_no, departure_airport, arrival_airport, scheduled_departure FROM aviation.flights WHERE departure_airport = 'SVO' ORDER BY scheduled_departure DESC LIMIT 50",170,0,1,0,False,True,False,1,1,4,0,0,0,0,0,0,262.22,262.34,50.0,23,2050.0,3.442,3,3,1,Limit,1,0,0,0,0,0,0,1,0,318,0,0,0
top_routes,"SELECT departure_airport, arrival_airport, COUNT(*) AS flight_count FROM aviation.flights WHERE scheduled_departure >= DATE '2025-09-11' AND scheduled_departure < DATE '2025-11-10' GROUP BY departure_airport, arrival_airport ORDER BY flight_count DESC LIMIT 5",259,0,2,0,True,True,False,1,1,3,1,0,0,0,0,0,268.83,268.84,5.0,16,1827.0,2.922,4,4,1,Limit,1,0,0,0,0,0,0,1,1,422,0,0,0
aircraft_seat_capacity,"SELECT a.aircraft_code, a.model, COUNT(s.seat_no) AS seat_count FROM aviation.aircrafts AS a JOIN aviation.seats AS s ON s.aircraft_code = a.aircraft_code WHERE s.fare_conditions = 'Economy' GROUP BY a.aircraft_code, a.model ORDER BY seat_count DESC",249,1,1,0,True,True,False,2,2,3,1,1,0,0,0,0,24.56,24.58,5.0,27,1460.0,1.94,6,5,2,Sort,2,0,0,0,1,0,0,1,1,28,0,0,0
ticket_fare_lookup,"SELECT t.ticket_no, tf.flight_id, tf.amount FROM aviation.tickets AS t JOIN aviation.ticket_flights AS tf ON tf.ticket_no = t.ticket_no WHERE t.passenger_id = '4423-034420' AND tf.fare_conditions = 'Business'",208,1,2,0,False,False,False,2,2,3,0,1,0,0,0,0,0.42,2280.45,1.0,24,3.0,16.171,3,2,2,Nested Loop,1,1,0,0,0,0,1,0,0,2052,0,0,0
fare_statistics,"SELECT fare_conditions, COUNT(*) AS ticket_count, AVG(amount) AS average_amount FROM aviation.ticket_flights WHERE fare_conditions = 'Business' AND amount >= 71250 GROUP BY fare_conditions HAVING COUNT(*) > 10",209,0,2,0,True,False,False,1,1,3,3,0,0,0,0,0,0.0,2344.73,1.0,48,2143.0,26.211,2,2,1,Aggregate,1,0,0,0,0,0,0,0,1,1668,0,0,0
high_value_passengers,"SELECT t.passenger_id, t.passenger_name, b.total_amount FROM aviation.tickets AS t JOIN aviation.bookings AS b ON b.book_ref = t.book_ref WHERE b.total_amount >= 447500 ORDER BY b.total_amount DESC LIMIT 100",207,1,1,0,False,True,False,2,2,3,0,1,0,0,0,0,3696.16,3696.41,100.0,33,131648.0,59.969,6,5,2,Limit,2,0,0,0,1,0,0,1,0,5689,0,0,0
booking_ticket_count,"SELECT b.book_ref, COUNT(t.ticket_no) AS ticket_count FROM aviation.bookings AS b JOIN aviation.tickets AS t ON t.book_ref = b.book_ref WHERE b.book_date >= DATE '2025-03-18' AND b.book_date < DATE '2025-04-17' GROUP BY b.book_ref HAVING COUNT(t.ticket_no) >= 2",261,1,2,0,True,False,False,2,2,2,2,1,0,0,0,0,3443.93,3494.15,1339.0,15,117411.0,69.688,5,4,2,Aggregate,2,0,0,0,1,0,0,0,1,4342,0,0,0
flight_occupancy,"SELECT f.flight_id, COUNT(DISTINCT tf.ticket_no) AS tickets, COUNT(DISTINCT bp.ticket_no) AS boarded FROM aviation.flights AS f LEFT JOIN aviation.ticket_flights AS tf ON tf.flight_id = f.flight_id LEFT JOIN aviation.boarding_passes AS bp ON bp.flight_id = tf.flight_id AND bp.ticket_no = tf.ticket_no WHERE f.flight_id = 4680 GROUP BY f.flight_id",347,2,1,0,True,False,False,3,3,3,2,0,2,0,0,0,2112.95,2113.12,1.0,20,62.0,21.475,8,5,3,Aggregate,1,1,1,0,0,1,1,2,1,4197,0,0,0
flights_without_tickets,"SELECT f.flight_id, f.flight_no FROM aviation.flights AS f WHERE f.scheduled_departure >= DATE '2025-01-13' AND NOT EXISTS (SELECT 1 FROM aviation.ticket_flights AS tf WHERE tf.flight_id = f.flight_id)",201,0,3,1,False,False,False,2,2,3,0,0,0,0,0,0,3084.0,3361.32,1.0,11,209664.0,112.797,4,3,2,Hash Join,2,0,0,0,1,0,0,0,0,2710,0,0,0
ticket_name_prefix,"SELECT ticket_no, passenger_id, passenger_name FROM aviation.tickets WHERE passenger_name LIKE 'Passenger 16080%' ORDER BY ticket_no LIMIT 50",141,0,1,0,False,True,False,1,1,3,0,0,0,0,0,0,2272.17,2272.19,10.0,41,30.0,22.17,3,3,1,Limit,1,0,0,0,0,0,0,1,0,3072,0,0,0
route_by_date,"SELECT flight_id, flight_no, scheduled_departure, status FROM aviation.flights WHERE departure_airport = 'WAW' AND arrival_airport = 'MSQ' AND scheduled_departure >= DATE '2025-12-17' AND scheduled_departure < DATE '2025-12-17' + INTERVAL '1 day'",246,0,4,0,False,False,False,1,1,4,0,0,0,0,0,0,0.0,304.0,1.0,27,1.0,1.968,1,1,1,Seq Scan,1,0,0,0,0,0,0,0,0,104,0,0,0
daily_flight_count,"SELECT scheduled_departure::date AS flight_date, COUNT(*) AS flight_count FROM aviation.flights WHERE departure_airport = 'WAW' GROUP BY scheduled_departure::date ORDER BY flight_date",183,0,1,0,True,True,False,1,1,2,1,0,0,0,0,0,281.33,301.24,993.0,12,2993.0,2.901,3,3,1,Aggregate,1,0,0,0,0,0,0,1,1,318,0,0,0
unboarded_tickets,"SELECT tf.ticket_no, tf.fare_conditions FROM aviation.ticket_flights AS tf LEFT JOIN aviation.boarding_passes AS bp ON bp.ticket_no = tf.ticket_no AND bp.flight_id = tf.flight_id WHERE tf.flight_id = 1367 AND bp.ticket_no IS NULL",229,1,2,0,False,False,False,2,2,2,0,0,1,0,0,0,0.29,2109.74,10.0,22,40.0,13.438,4,3,2,Nested Loop,1,1,0,0,0,0,1,0,0,1677,0,0,0
airport_connections,"SELECT dep.city AS departure_city, arr.city AS arrival_city, COUNT(*) AS flights FROM aviation.flights AS f JOIN aviation.airports AS dep ON dep.airport_code = f.departure_airport JOIN aviation.airports AS arr ON arr.airport_code = f.arrival_airport WHERE f.departure_airport = 'VTB' AND f.status = 'Departed' GROUP BY dep.city, arr.city",337,2,2,0,True,False,False,3,2,3,1,2,0,0,0,0,261.66,261.76,10.0,24,781.0,1.927,7,4,2,Aggregate,3,0,0,0,1,0,1,0,1,420,0,0,0
route_revenue,"SELECT f.departure_airport, f.arrival_airport, SUM(tf.amount) AS revenue FROM aviation.flights AS f JOIN aviation.ticket_flights AS tf ON tf.flight_id = f.flight_id WHERE f.departure_airport = 'SVO' GROUP BY f.departure_airport, f.arrival_airport ORDER BY revenue DESC",268,1,1,0,True,True,False,2,2,3,1,1,0,0,0,0,2388.4,2388.43,10.0,40,112020.0,40.105,6,5,2,Sort,2,0,0,0,1,0,0,1,1,3859,0,0,0
boarding_pass_lookup,"SELECT bp.boarding_no, bp.seat_no, t.passenger_name FROM aviation.boarding_passes AS bp JOIN aviation.tickets AS t ON t.ticket_no = bp.ticket_no WHERE bp.flight_id = 5746 AND bp.boarding_no BETWEEN 4 AND 9",205,1,2,0,False,False,False,2,2,3,0,1,0,0,0,0,0.71,67.79,6.0,22,13.0,0.094,3,2,2,Nested Loop,0,2,0,0,0,0,1,0,0,4,0,0,0
booking_ticket_count,"SELECT b.book_ref, COUNT(t.ticket_no) AS ticket_count FROM aviation.bookings AS b JOIN aviation.tickets AS t ON t.book_ref = b.book_ref WHERE b.book_date >= DATE '2024-12-10' AND b.book_date < DATE '2024-12-17' GROUP BY b.book_ref HAVING COUNT(t.ticket_no) >= 2",261,1,2,0,True,False,False,2,2,2,2,1,0,0,0,0,3375.14,3387.16,320.0,15,104164.0,47.616,5,4,2,Aggregate,2,0,0,0,1,0,0,0,1,4342,0,0,0
high_value_passengers,"SELECT t.passenger_id, t.passenger_name, b.total_amount FROM aviation.tickets AS t JOIN aviation.bookings AS b ON b.book_ref = t.book_ref WHERE b.total_amount >= 242500 ORDER BY b.total_amount DESC LIMIT 100",207,1,1,0,False,True,False,2,2,3,0,1,0,0,0,0,5549.82,5550.07,100.0,33,256700.0,103.787,6,5,2,Limit,2,0,0,0,1,0,0,1,0,5689,0,0,0
passengers_for_booking,"SELECT b.book_ref, b.book_date, t.ticket_no, t.passenger_name FROM aviation.bookings AS b JOIN aviation.tickets AS t ON t.book_ref = b.book_ref WHERE b.book_ref = '029055'",171,1,1,0,False,False,False,2,2,4,0,1,0,0,0,0,0.29,2280.33,2.0,44,5.0,16.419,3,2,2,Nested Loop,1,1,0,0,0,0,1,0,0,2050,0,0,0
airport_connections,"SELECT dep.city AS departure_city, arr.city AS arrival_city, COUNT(*) AS flights FROM aviation.flights AS f JOIN aviation.airports AS dep ON dep.airport_code = f.departure_airport JOIN aviation.airports AS arr ON arr.airport_code = f.arrival_airport WHERE f.departure_airport = 'BQT' AND f.status = 'Scheduled' GROUP BY dep.city, arr.city",338,2,2,0,True,False,False,3,2,3,1,2,0,0,0,0,261.66,261.76,10.0,24,781.0,2.307,7,4,2,Aggregate,3,0,0,0,1,0,1,0,1,420,0,0,0
flight_occupancy,"SELECT f.flight_id, COUNT(DISTINCT tf.ticket_no) AS tickets, COUNT(DISTINCT bp.ticket_no) AS boarded FROM aviation.flights AS f LEFT JOIN aviation.ticket_flights AS tf ON tf.flight_id = f.flight_id LEFT JOIN aviation.boarding_passes AS bp ON bp.flight_id = tf.flight_id AND bp.ticket_no = tf.ticket_no WHERE f.flight_id = 7354 GROUP BY f.flight_id",347,2,1,0,True,False,False,3,3,3,2,0,2,0,0,0,2112.95,2113.12,1.0,20,62.0,14.703,8,5,3,Aggregate,1,1,1,0,0,1,1,2,1,4197,0,0,0
aircraft_seat_capacity,"SELECT a.aircraft_code, a.model, COUNT(s.seat_no) AS seat_count FROM aviation.aircrafts AS a JOIN aviation.seats AS s ON s.aircraft_code = a.aircraft_code WHERE s.fare_conditions = 'Comfort' GROUP BY a.aircraft_code, a.model ORDER BY seat_count DESC",249,1,1,0,True,True,False,2,2,3,1,1,0,0,0,0,18.65,18.67,5.0,27,260.0,0.571,6,5,2,Sort,2,0,0,0,1,0,0,1,1,28,0,0,0
ticket_fare_lookup,"SELECT t.ticket_no, tf.flight_id, tf.amount FROM aviation.tickets AS t JOIN aviation.ticket_flights AS tf ON tf.ticket_no = t.ticket_no WHERE t.passenger_id = '0847-060841' AND tf.fare_conditions = 'Economy'",207,1,2,0,False,False,False,2,2,3,0,1,0,0,0,0,0.42,2280.45,1.0,24,3.0,17.163,3,2,2,Nested Loop,1,1,0,0,0,0,1,0,0,2052,0,0,0
flights_without_tickets,"SELECT f.flight_id, f.flight_no FROM aviation.flights AS f WHERE f.scheduled_departure >= DATE '2025-08-03' AND NOT EXISTS (SELECT 1 FROM aviation.ticket_flights AS tf WHERE tf.flight_id = f.flight_id)",201,0,3,1,False,False,False,2,2,3,0,0,0,0,0,0,3084.0,3333.36,1.0,11,204074.0,57.066,4,3,2,Hash Join,2,0,0,0,1,0,0,0,0,2710,0,0,0
aircraft_flight_counts,"SELECT a.aircraft_code, a.model, COUNT(f.flight_id) AS flight_count FROM aviation.aircrafts AS a LEFT JOIN aviation.flights AS f ON f.aircraft_code = a.aircraft_code WHERE a.range_km >= 6750 GROUP BY a.aircraft_code, a.model",224,1,1,0,True,False,False,2,2,3,1,0,1,0,0,0,273.59,273.61,2.0,27,14006.0,5.131,5,4,2,Aggregate,2,0,0,0,1,0,0,0,1,316,0,0,0
route_by_date,"SELECT flight_id, flight_no, scheduled_departure, status FROM aviation.flights WHERE departure_airport = 'IST' AND arrival_airport = 'GME' AND scheduled_departure >= DATE '2025-07-05' AND scheduled_departure < DATE '2025-07-05' + INTERVAL '1 day'",246,0,4,0,False,False,False,1,1,4,0,0,0,0,0,0,0.0,304.0,1.0,27,1.0,2.649,1,1,1,Seq Scan,1,0,0,0,0,0,0,0,0,104,0,0,0
passenger_flight_history,"SELECT t.passenger_id, t.passenger_name, f.flight_no, f.scheduled_departure, tf.fare_conditions FROM aviation.tickets AS t JOIN aviation.ticket_flights AS tf ON tf.ticket_no = t.ticket_no JOIN aviation.flights AS f ON f.flight_id = tf.flight_id WHERE t.passenger_id = '1363-041359' AND f.status = 'Scheduled' ORDER BY f.scheduled_departure DESC",344,2,2,0,False,True,False,3,3,5,0,2,0,0,0,0,2280.77,2280.77,1.0,50,6.0,15.729,6,4,3,Sort,1,2,0,0,0,0,2,1,0,4116,0,0,0
route_revenue,"SELECT f.departure_airport, f.arrival_airport, SUM(tf.amount) AS revenue FROM aviation.flights AS f JOIN aviation.ticket_flights AS tf ON tf.flight_id = f.flight_id WHERE f.departure_airport = 'BQT' GROUP BY f.departure_airport, f.arrival_airport ORDER BY revenue DESC",268,1,1,0,True,True,False,2,2,3,1,1,0,0,0,0,2388.4,2388.43,10.0,40,112020.0,42.63,6,5,2,Sort,2,0,0,0,1,0,0,1,1,3859,0,0,0
fare_statistics,"SELECT fare_conditions, COUNT(*) AS ticket_count, AVG(amount) AS average_amount FROM aviation.ticket_flights WHERE fare_conditions = 'Comfort' AND amount >= 77250 GROUP BY fare_conditions HAVING COUNT(*) > 10",208,0,2,0,True,False,False,1,1,3,3,0,0,0,0,0,0.0,2360.48,1.0,48,5294.0,26.545,2,2,1,Aggregate,1,0,0,0,0,0,0,0,1,1668,0,0,0
boarding_pass_lookup,"SELECT bp.boarding_no, bp.seat_no, t.passenger_name FROM aviation.boarding_passes AS bp JOIN aviation.tickets AS t ON t.ticket_no = bp.ticket_no WHERE bp.flight_id = 5506 AND bp.boarding_no BETWEEN 4 AND 7",205,1,2,0,False,False,False,2,2,3,0,1,0,0,0,0,0.71,47.37,4.0,22,9.0,0.07,3,2,2,Nested Loop,0,2,0,0,0,0,1,0,0,4,0,0,0
recent_flights_sorted,"SELECT flight_no, departure_airport, arrival_airport, scheduled_departure FROM aviation.flights WHERE departure_airport = 'GNA' ORDER BY scheduled_departure DESC LIMIT 10",170,0,1,0,False,True,False,1,1,4,0,0,0,0,0,0,250.61,250.63,10.0,23,2010.0,2.188,3,3,1,Limit,1,0,0,0,0,0,0,1,0,318,0,0,0
flight_revenue,"SELECT f.flight_id, f.flight_no, COUNT(*) AS ticket_count, SUM(tf.amount) AS revenue FROM aviation.flights AS f JOIN aviation.ticket_flights AS tf ON tf.flight_id = f.flight_id WHERE f.flight_id = 1274 GROUP BY f.flight_id, f.flight_no",235,1,1,0,True,False,False,2,2,4,2,1,0,0,0,0,0.29,2092.47,1.0,51,22.0,13.24,4,3,2,Aggregate,1,1,0,0,0,0,1,0,1,2511,0,0,0
ticket_name_prefix,"SELECT ticket_no, passenger_id, passenger_name FROM aviation.tickets WHERE passenger_name LIKE 'Passenger 11591%' ORDER BY ticket_no LIMIT 50",141,0,1,0,False,True,False,1,1,3,0,0,0,0,0,0,2272.17,2272.19,10.0,41,30.0,18.902,3,3,1,Limit,1,0,0,0,0,0,0,1,0,3072,0,0,0
daily_flight_count,"SELECT scheduled_departure::date AS flight_date, COUNT(*) AS flight_count FROM aviation.flights WHERE departure_airport = 'LED' GROUP BY scheduled_departure::date ORDER BY flight_date",183,0,1,0,True,True,False,1,1,2,1,0,0,0,0,0,281.33,301.24,993.0,12,2993.0,2.839,3,3,1,Aggregate,1,0,0,0,0,0,0,1,1,318,0,0,0
top_routes,"SELECT departure_airport, arrival_airport, COUNT(*) AS flight_count FROM aviation.flights WHERE scheduled_departure >= DATE '2025-01-24' AND scheduled_departure < DATE '2025-04-24' GROUP BY departure_airport, arrival_airport ORDER BY flight_count DESC LIMIT 10",260,0,2,0,True,True,False,1,1,3,1,0,0,0,0,0,276.08,276.11,10.0,16,2733.0,4.876,4,4,1,Limit,1,0,0,0,0,0,0,1,1,422,0,0,0
aircraft_fare_capacity,"SELECT fare_conditions, COUNT(*) AS seat_count FROM aviation.seats WHERE aircraft_code = '320' GROUP BY fare_conditions ORDER BY seat_count DESC",144,0,1,0,True,True,False,1,1,2,1,0,0,0,0,0,17.2,17.21,3.0,16,186.0,0.306,3,3,1,Sort,1,0,0,0,0,0,0,1,1,18,0,0,0
unboarded_tickets,"SELECT tf.ticket_no, tf.fare_conditions FROM aviation.ticket_flights AS tf LEFT JOIN aviation.boarding_passes AS bp ON bp.ticket_no = tf.ticket_no AND bp.flight_id = tf.flight_id WHERE tf.flight_id = 6588 AND bp.ticket_no IS NULL",229,1,2,0,False,False,False,2,2,2,0,0,1,0,0,0,0.29,2109.74,10.0,22,40.0,14.718,4,3,2,Nested Loop,1,1,0,0,0,0,1,0,0,1677,0,0,0
airport_departure_counts,"SELECT departure_airport, COUNT(*) AS flight_count FROM aviation.flights WHERE scheduled_departure >= DATE '2025-02-12' AND scheduled_departure < DATE '2025-03-14' GROUP BY departure_airport ORDER BY flight_count DESC",217,0,2,0,True,True,False,1,1,2,1,0,0,0,0,0,258.47,258.5,10.0,12,861.0,2.841,3,3,1,Sort,1,0,0,0,0,0,0,1,1,315,0,0,0
bookings_with_expensive_ticket,"SELECT b.book_ref, b.total_amount FROM aviation.bookings AS b WHERE EXISTS (SELECT 1 FROM aviation.tickets AS t JOIN aviation.ticket_flights AS tf ON tf.ticket_no = t.ticket_no WHERE t.book_ref = b.book_ref AND tf.amount >= 102750)",231,1,3,1,False,False,False,3,3,3,0,1,0,0,0,0,5074.53,6213.44,16958.0,13,234790.0,121.709,7,5,3,Hash Join,3,0,0,0,2,0,0,0,0,8896,0,0,0
booking_amount_range,"SELECT book_ref, book_date, total_amount FROM aviation.bookings WHERE total_amount BETWEEN 195000 AND 340000",108,0,1,0,False,False,False,1,1,3,0,0,0,0,0,0,0.0,1069.0,14606.0,21,14606.0,17.175,1,1,1,Seq Scan,1,0,0,0,0,0,0,0,0,319,0,0,0
boarding_pass_lookup,"SELECT bp.boarding_no, bp.seat_no, t.passenger_name FROM aviation.boarding_passes AS bp JOIN aviation.tickets AS t ON t.ticket_no = bp.ticket_no WHERE bp.flight_id = 9084 AND bp.boarding_no BETWEEN 1 AND 4",205,1,2,0,False,False,False,2,2,3,0,1,0,0,0,0,0.71,47.37,4.0,22,9.0,0.275,3,2,2,Nested Loop,0,2,0,0,0,0,1,0,0,38,0,0,0
passengers_for_booking,"SELECT b.book_ref, b.book_date, t.ticket_no, t.passenger_name FROM aviation.bookings AS b JOIN aviation.tickets AS t ON t.book_ref = b.book_ref WHERE b.book_ref = '001074'",171,1,1,0,False,False,False,2,2,4,0,1,0,0,0,0,0.29,2280.33,2.0,44,5.0,17.652,3,2,2,Nested Loop,1,1,0,0,0,0,1,0,0,2050,0,0,0
route_revenue,"SELECT f.departure_airport, f.arrival_airport, SUM(tf.amount) AS revenue FROM aviation.flights AS f JOIN aviation.ticket_flights AS tf ON tf.flight_id = f.flight_id WHERE f.departure_airport = 'GNA' GROUP BY f.departure_airport, f.arrival_airport ORDER BY revenue DESC",268,1,1,0,True,True,False,2,2,3,1,1,0,0,0,0,2388.4,2388.43,10.0,40,112020.0,41.249,6,5,2,Sort,2,0,0,0,1,0,0,1,1,3859,0,0,0
daily_flight_count,"SELECT scheduled_departure::date AS flight_date, COUNT(*) AS flight_count FROM aviation.flights WHERE departure_airport = 'LED' GROUP BY scheduled_departure::date ORDER BY flight_date",183,0,1,0,True,True,False,1,1,2,1,0,0,0,0,0,281.33,301.24,993.0,12,2993.0,2.625,3,3,1,Aggregate,1,0,0,0,0,0,0,1,1,318,0,0,0
airport_departure_counts,"SELECT departure_airport, COUNT(*) AS flight_count FROM aviation.flights WHERE scheduled_departure >= DATE '2025-12-11' AND scheduled_departure < DATE '2025-12-18' GROUP BY departure_airport ORDER BY flight_count DESC",217,0,2,0,True,True,False,1,1,2,1,0,0,0,0,0,255.21,255.24,10.0,12,209.0,2.402,3,3,1,Sort,1,0,0,0,0,0,0,1,1,315,0,0,0
ticket_name_prefix,"SELECT ticket_no, passenger_id, passenger_name FROM aviation.tickets WHERE passenger_name LIKE 'Passenger 25517%' ORDER BY ticket_no LIMIT 50",141,0,1,0,False,True,False,1,1,3,0,0,0,0,0,0,2272.17,2272.19,10.0,41,30.0,19.647,3,3,1,Limit,1,0,0,0,0,0,0,1,0,3072,0,0,0
passenger_flight_history,"SELECT t.passenger_id, t.passenger_name, f.flight_no, f.scheduled_departure, tf.fare_conditions FROM aviation.tickets AS t JOIN aviation.ticket_flights AS tf ON tf.ticket_no = t.ticket_no JOIN aviation.flights AS f ON f.flight_id = tf.flight_id WHERE t.passenger_id = '8644-078637' AND f.status = 'Departed' ORDER BY f.scheduled_departure DESC",343,2,2,0,False,True,False,3,3,5,0,2,0,0,0,0,2280.77,2280.77,1.0,50,6.0,17.752,6,4,3,Sort,1,2,0,0,0,0,2,1,0,4116,0,0,0
aircraft_seat_capacity,"SELECT a.aircraft_code, a.model, COUNT(s.seat_no) AS seat_count FROM aviation.aircrafts AS a JOIN aviation.seats AS s ON s.aircraft_code = a.aircraft_code WHERE s.fare_conditions = 'Economy' GROUP BY a.aircraft_code, a.model ORDER BY seat_count DESC",249,1,1,0,True,True,False,2,2,3,1,1,0,0,0,0,24.56,24.58,5.0,27,1460.0,1.079,6,5,2,Sort,2,0,0,0,1,0,0,1,1,28,0,0,0
bookings_with_expensive_ticket,"SELECT b.book_ref, b.total_amount FROM aviation.bookings AS b WHERE EXISTS (SELECT 1 FROM aviation.tickets AS t JOIN aviation.ticket_flights AS tf ON tf.ticket_no = t.ticket_no WHERE t.book_ref = b.book_ref AND tf.amount >= 90750)",230,1,3,1,False,False,False,3,3,3,0,1,0,0,0,0,5428.45,6679.85,27070.0,13,285350.0,123.928,7,5,3,Hash Join,3,0,0,0,2,0,0,0,0,8896,0,0,0
high_value_passengers,"SELECT t.passenger_id, t.passenger_name, b.total_amount FROM aviation.tickets AS t JOIN aviation.bookings AS b ON b.book_ref = t.book_ref WHERE b.total_amount >= 125000 ORDER BY b.total_amount DESC LIMIT 100",207,1,1,0,False,True,False,2,2,3,0,1,0,0,0,0,6597.6,6597.85,100.0,33,327386.0,128.038,6,5,2,Limit,2,0,0,0,1,0,0,1,0,5689,0,0,0
booking_amount_range,"SELECT book_ref, book_date, total_amount FROM aviation.bookings WHERE total_amount BETWEEN 140000 AND 230000",108,0,1,0,False,False,False,1,1,3,0,0,0,0,0,0,0.0,1069.0,9021.0,21,9021.0,13.982,1,1,1,Seq Scan,1,0,0,0,0,0,0,0,0,319,0,0,0
fare_statistics,"SELECT fare_conditions, COUNT(*) AS ticket_count, AVG(amount) AS average_amount FROM aviation.ticket_flights WHERE fare_conditions = 'Business' AND amount >= 47000 GROUP BY fare_conditions HAVING COUNT(*) > 10",209,0,2,0,True,False,False,1,1,3,3,0,0,0,0,0,0.0,2349.72,1.0,48,3142.0,28.959,2,2,1,Aggregate,1,0,0,0,0,0,0,0,1,1668,0,0,0
aircraft_flight_counts,"SELECT a.aircraft_code, a.model, COUNT(f.flight_id) AS flight_count FROM aviation.aircrafts AS a LEFT JOIN aviation.flights AS f ON f.aircraft_code = a.aircraft_code WHERE a.range_km >= 5750 GROUP BY a.aircraft_code, a.model",224,1,1,0,True,False,False,2,2,3,1,0,1,0,0,0,283.6,283.63,3.0,27,16009.0,5.893,5,4,2,Aggregate,2,0,0,0,1,0,0,0,1,316,0,0,0
flight_revenue,"SELECT f.flight_id, f.flight_no, COUNT(*) AS ticket_count, SUM(tf.amount) AS revenue FROM aviation.flights AS f JOIN aviation.ticket_flights AS tf ON tf.flight_id = f.flight_id WHERE f.flight_id = 3796 GROUP BY f.flight_id, f.flight_no",235,1,1,0,True,False,False,2,2,4,2,1,0,0,0,0,0.29,2092.47,1.0,51,22.0,13.345,4,3,2,Aggregate,1,1,0,0,0,0,1,0,1,2511,0,0,0
flight_occupancy,"SELECT f.flight_id, COUNT(DISTINCT tf.ticket_no) AS tickets, COUNT(DISTINCT bp.ticket_no) AS boarded FROM aviation.flights AS f LEFT JOIN aviation.ticket_flights AS tf ON tf.flight_id = f.flight_id LEFT JOIN aviation.boarding_passes AS bp ON bp.flight_id = tf.flight_id AND bp.ticket_no = tf.ticket_no WHERE f.flight_id = 1534 GROUP BY f.flight_id",347,2,1,0,True,False,False,3,3,3,2,0,2,0,0,0,2112.95,2113.12,1.0,20,62.0,14.943,8,5,3,Aggregate,1,1,1,0,0,1,1,2,1,4197,0,0,0
top_routes,"SELECT departure_airport, arrival_airport, COUNT(*) AS flight_count FROM aviation.flights WHERE scheduled_departure >= DATE '2025-05-28' AND scheduled_departure < DATE '2025-06-27' GROUP BY departure_airport, arrival_airport ORDER BY flight_count DESC LIMIT 10",260,0,2,0,True,True,False,1,1,3,1,0,0,0,0,0,263.23,263.25,10.0,16,1019.0,2.992,4,4,1,Limit,1,0,0,0,0,0,0,1,1,422,0,0,0
flights_without_tickets,"SELECT f.flight_id, f.flight_no FROM aviation.flights AS f WHERE f.scheduled_departure >= DATE '2025-04-29' AND NOT EXISTS (SELECT 1 FROM aviation.ticket_flights AS tf WHERE tf.flight_id = f.flight_id)",201,0,3,1,False,False,False,2,2,3,0,0,0,0,0,0,3084.0,3346.47,1.0,11,206695.0,63.432,4,3,2,Hash Join,2,0,0,0,1,0,0,0,0,2710,0,0,0
recent_flights_sorted,"SELECT flight_no, departure_airport, arrival_airport, scheduled_departure FROM aviation.flights WHERE departure_airport = 'GME' ORDER BY scheduled_departure DESC LIMIT 100",171,0,1,0,False,True,False,1,1,4,0,0,0,0,0,0,267.22,267.47,100.0,23,2100.0,2.516,3,3,1,Limit,1,0,0,0,0,0,0,1,0,318,0,0,0
airport_connections,"SELECT dep.city AS departure_city, arr.city AS arrival_city, COUNT(*) AS flights FROM aviation.flights AS f JOIN aviation.airports AS dep ON dep.airport_code = f.departure_airport JOIN aviation.airports AS arr ON arr.airport_code = f.arrival_airport WHERE f.departure_airport = 'GNA' AND f.status = 'Arrived' GROUP BY dep.city, arr.city",336,2,2,0,True,False,False,3,2,3,1,2,0,0,0,0,261.66,261.76,10.0,24,781.0,1.936,7,4,2,Aggregate,3,0,0,0,1,0,1,0,1,420,0,0,0
booking_ticket_count,"SELECT b.book_ref, COUNT(t.ticket_no) AS ticket_count FROM aviation.bookings AS b JOIN aviation.tickets AS t ON t.book_ref = b.book_ref WHERE b.book_date >= DATE '2024-11-07' AND b.book_date < DATE '2024-12-07' GROUP BY b.book_ref HAVING COUNT(t.ticket_no) >= 2",261,1,2,0,True,False,False,2,2,2,2,1,0,0,0,0,3446.2,3497.69,1373.0,15,117849.0,54.899,5,4,2,Aggregate,2,0,0,0,1,0,0,0,1,4342,0,0,0
route_by_date,"SELECT flight_id, flight_no, scheduled_departure, status FROM aviation.flights WHERE departure_airport = 'WAW' AND arrival_airport = 'MSQ' AND scheduled_departure >= DATE '2025-12-10' AND scheduled_departure < DATE '2025-12-10' + INTERVAL '1 day'",246,0,4,0,False,False,False,1,1,4,0,0,0,0,0,0,0.0,304.0,1.0,27,1.0,2.82,1,1,1,Seq Scan,1,0,0,0,0,0,0,0,0,104,0,0,0
ticket_fare_lookup,"SELECT t.ticket_no, tf.flight_id, tf.amount FROM aviation.tickets AS t JOIN aviation.ticket_flights AS tf ON tf.ticket_no = t.ticket_no WHERE t.passenger_id = '6703-096694' AND tf.fare_conditions = 'Business'",208,1,2,0,False,False,False,2,2,3,0,1,0,0,0,0,0.42,2280.45,1.0,24,3.0,20.459,3,2,2,Nested Loop,1,1,0,0,0,0,1,0,0,2052,0,0,0
unboarded_tickets,"SELECT tf.ticket_no, tf.fare_conditions FROM aviation.ticket_flights AS tf LEFT JOIN aviation.boarding_passes AS bp ON bp.ticket_no = tf.ticket_no AND bp.flight_id = tf.flight_id WHERE tf.flight_id = 5915 AND bp.ticket_no IS NULL",229,1,2,0,False,False,False,2,2,2,0,0,1,0,0,0,0.29,2109.74,10.0,22,40.0,14.254,4,3,2,Nested Loop,1,1,0,0,0,0,1,0,0,1677,0,0,0
aircraft_fare_capacity,"SELECT fare_conditions, COUNT(*) AS seat_count FROM aviation.seats WHERE aircraft_code = '320' GROUP BY fare_conditions ORDER BY seat_count DESC",144,0,1,0,True,True,False,1,1,2,1,0,0,0,0,0,17.2,17.21,3.0,16,186.0,0.318,3,3,1,Sort,1,0,0,0,0,0,0,1,1,18,0,0,0
recent_flights_sorted,"SELECT flight_no, departure_airport, arrival_airport, scheduled_departure FROM aviation.flights WHERE departure_airport = 'TBS' ORDER BY scheduled_departure DESC LIMIT 100",171,0,1,0,False,True,False,1,1,4,0,0,0,0,0,0,267.22,267.47,100.0,23,2100.0,2.319,3,3,1,Limit,1,0,0,0,0,0,0,1,0,318,0,0,0
route_revenue,"SELECT f.departure_airport, f.arrival_airport, SUM(tf.amount) AS revenue FROM aviation.flights AS f JOIN aviation.ticket_flights AS tf ON tf.flight_id = f.flight_id WHERE f.departure_airport = 'GNA' GROUP BY f.departure_airport, f.arrival_airport ORDER BY revenue DESC",268,1,1,0,True,True,False,2,2,3,1,1,0,0,0,0,2388.4,2388.43,10.0,40,112020.0,42.076,6,5,2,Sort,2,0,0,0,1,0,0,1,1,3859,0,0,0
top_routes,"SELECT departure_airport, arrival_airport, COUNT(*) AS flight_count FROM aviation.flights WHERE scheduled_departure >= DATE '2025-07-29' AND scheduled_departure < DATE '2025-09-27' GROUP BY departure_airport, arrival_airport ORDER BY flight_count DESC LIMIT 5",259,0,2,0,True,True,False,1,1,3,1,0,0,0,0,0,268.81,268.82,5.0,16,1825.0,3.364,4,4,1,Limit,1,0,0,0,0,0,0,1,1,422,0,0,0
flight_revenue,"SELECT f.flight_id, f.flight_no, COUNT(*) AS ticket_count, SUM(tf.amount) AS revenue FROM aviation.flights AS f JOIN aviation.ticket_flights AS tf ON tf.flight_id = f.flight_id WHERE f.flight_id = 4275 GROUP BY f.flight_id, f.flight_no",235,1,1,0,True,False,False,2,2,4,2,1,0,0,0,0,0.29,2092.47,1.0,51,22.0,14.947,4,3,2,Aggregate,1,1,0,0,0,0,1,0,1,2511,0,0,0
route_by_date,"SELECT flight_id, flight_no, scheduled_departure, status FROM aviation.flights WHERE departure_airport = 'GME' AND arrival_airport = 'SVO' AND scheduled_departure >= DATE '2025-02-17' AND scheduled_departure < DATE '2025-02-17' + INTERVAL '1 day'",246,0,4,0,False,False,False,1,1,4,0,0,0,0,0,0,0.0,304.0,1.0,27,1.0,2.851,1,1,1,Seq Scan,1,0,0,0,0,0,0,0,0,104,0,0,0
aircraft_seat_capacity,"SELECT a.aircraft_code, a.model, COUNT(s.seat_no) AS seat_count FROM aviation.aircrafts AS a JOIN aviation.seats AS s ON s.aircraft_code = a.aircraft_code WHERE s.fare_conditions = 'Comfort' GROUP BY a.aircraft_code, a.model ORDER BY seat_count DESC",249,1,1,0,True,True,False,2,2,3,1,1,0,0,0,0,18.65,18.67,5.0,27,260.0,0.44,6,5,2,Sort,2,0,0,0,1,0,0,1,1,28,0,0,0
fare_statistics,"SELECT fare_conditions, COUNT(*) AS ticket_count, AVG(amount) AS average_amount FROM aviation.ticket_flights WHERE fare_conditions = 'Business' AND amount >= 68000 GROUP BY fare_conditions HAVING COUNT(*) > 10",209,0,2,0,True,False,False,1,1,3,3,0,0,0,0,0,0.0,2345.38,1.0,48,2273.0,32.798,2,2,1,Aggregate,1,0,0,0,0,0,0,0,1,1668,0,0,0
airport_departure_counts,"SELECT departure_airport, COUNT(*) AS flight_count FROM aviation.flights WHERE scheduled_departure >= DATE '2025-04-24' AND scheduled_departure < DATE '2025-06-23' GROUP BY departure_airport ORDER BY flight_count DESC",217,0,2,0,True,True,False,1,1,2,1,0,0,0,0,0,262.53,262.55,10.0,12,1672.0,3.055,3,3,1,Sort,1,0,0,0,0,0,0,1,1,315,0,0,0
high_value_passengers,"SELECT t.passenger_id, t.passenger_name, b.total_amount FROM aviation.tickets AS t JOIN aviation.bookings AS b ON b.book_ref = t.book_ref WHERE b.total_amount >= 250000 ORDER BY b.total_amount DESC LIMIT 100",207,1,1,0,False,True,False,2,2,3,0,1,0,0,0,0,5484.63,5484.88,100.0,33,252302.0,104.439,6,5,2,Limit,2,0,0,0,1,0,0,1,0,5689,0,0,0
passenger_flight_history,"SELECT t.passenger_id, t.passenger_name, f.flight_no, f.scheduled_departure, tf.fare_conditions FROM aviation.tickets AS t JOIN aviation.ticket_flights AS tf ON tf.ticket_no = t.ticket_no JOIN aviation.flights AS f ON f.flight_id = tf.flight_id WHERE t.passenger_id = '5772-045768' AND f.status = 'Scheduled' ORDER BY f.scheduled_departure DESC",344,2,2,0,False,True,False,3,3,5,0,2,0,0,0,0,2280.77,2280.77,1.0,50,6.0,19.101,6,4,3,Sort,1,2,0,0,0,0,2,1,0,4116,0,0,0
booking_ticket_count,"SELECT b.book_ref, COUNT(t.ticket_no) AS ticket_count FROM aviation.bookings AS b JOIN aviation.tickets AS t ON t.book_ref = b.book_ref WHERE b.book_date >= DATE '2024-12-12' AND b.book_date < DATE '2025-01-11' GROUP BY b.book_ref HAVING COUNT(t.ticket_no) >= 2",261,1,2,0,True,False,False,2,2,2,2,1,0,0,0,0,3445.41,3496.46,1361.0,15,117697.0,69.888,5,4,2,Aggregate,2,0,0,0,1,0,0,0,1,4342,0,0,0
airport_connections,"SELECT dep.city AS departure_city, arr.city AS arrival_city, COUNT(*) AS flights FROM aviation.flights AS f JOIN aviation.airports AS dep ON dep.airport_code = f.departure_airport JOIN aviation.airports AS arr ON arr.airport_code = f.arrival_airport WHERE f.departure_airport = 'TBS' AND f.status = 'On Time' GROUP BY dep.city, arr.city",336,2,2,0,True,False,False,3,2,3,1,2,0,0,0,0,261.66,261.76,10.0,24,781.0,3.225,7,4,2,Aggregate,3,0,0,0,1,0,1,0,1,420,0,0,0
aircraft_fare_capacity,"SELECT fare_conditions, COUNT(*) AS seat_count FROM aviation.seats WHERE aircraft_code = 'E95' GROUP BY fare_conditions ORDER BY seat_count DESC",144,0,1,0,True,True,False,1,1,2,1,0,0,0,0,0,17.2,17.21,3.0,16,186.0,0.288,3,3,1,Sort,1,0,0,0,0,0,0,1,1,18,0,0,0
ticket_fare_lookup,"SELECT t.ticket_no, tf.flight_id, tf.amount FROM aviation.tickets AS t JOIN aviation.ticket_flights AS tf ON tf.ticket_no = t.ticket_no WHERE t.passenger_id = '0843-060837' AND tf.fare_conditions = 'Economy'",207,1,2,0,False,False,False,2,2,3,0,1,0,0,0,0,0.42,2280.45,1.0,24,3.0,15.537,3,2,2,Nested Loop,1,1,0,0,0,0,1,0,0,2052,0,0,0
ticket_name_prefix,"SELECT ticket_no, passenger_id, passenger_name FROM aviation.tickets WHERE passenger_name LIKE 'Passenger 30914%' ORDER BY ticket_no LIMIT 50",141,0,1,0,False,True,False,1,1,3,0,0,0,0,0,0,2272.17,2272.19,10.0,41,30.0,19.854,3,3,1,Limit,1,0,0,0,0,0,0,1,0,3072,0,0,0
flight_occupancy,"SELECT f.flight_id, COUNT(DISTINCT tf.ticket_no) AS tickets, COUNT(DISTINCT bp.ticket_no) AS boarded FROM aviation.flights AS f LEFT JOIN aviation.ticket_flights AS tf ON tf.flight_id = f.flight_id LEFT JOIN aviation.boarding_passes AS bp ON bp.flight_id = tf.flight_id AND bp.ticket_no = tf.ticket_no WHERE f.flight_id = 3316 GROUP BY f.flight_id",347,2,1,0,True,False,False,3,3,3,2,0,2,0,0,0,2112.95,2113.12,1.0,20,62.0,14.463,8,5,3,Aggregate,1,1,1,0,0,1,1,2,1,4193,0,0,0
bookings_with_expensive_ticket,"SELECT b.book_ref, b.total_amount FROM aviation.bookings AS b WHERE EXISTS (SELECT 1 FROM aviation.tickets AS t JOIN aviation.ticket_flights AS tf ON tf.ticket_no = t.ticket_no WHERE t.book_ref = b.book_ref AND tf.amount >= 69500)",230,1,3,1,False,False,False,3,3,3,0,1,0,0,0,0,6047.88,7496.17,44768.0,13,373840.0,185.189,7,5,3,Hash Join,3,0,0,0,2,0,0,0,0,8896,0,0,0
booking_amount_range,"SELECT book_ref, book_date, total_amount FROM aviation.bookings WHERE total_amount BETWEEN 55000 AND 115000",107,0,1,0,False,False,False,1,1,3,0,0,0,0,0,0,0.0,1069.0,6024.0,21,6024.0,17.383,1,1,1,Seq Scan,1,0,0,0,0,0,0,0,0,319,0,0,0
daily_flight_count,"SELECT scheduled_departure::date AS flight_date, COUNT(*) AS flight_count FROM aviation.flights WHERE departure_airport = 'SVO' GROUP BY scheduled_departure::date ORDER BY flight_date",183,0,1,0,True,True,False,1,1,2,1,0,0,0,0,0,281.33,301.24,993.0,12,2993.0,2.722,3,3,1,Aggregate,1,0,0,0,0,0,0,1,1,318,0,0,0
passengers_for_booking,"SELECT b.book_ref, b.book_date, t.ticket_no, t.passenger_name FROM aviation.bookings AS b JOIN aviation.tickets AS t ON t.book_ref = b.book_ref WHERE b.book_ref = '000541'",171,1,1,0,False,False,False,2,2,4,0,1,0,0,0,0,0.29,2280.33,2.0,44,5.0,18.084,3,2,2,Nested Loop,1,1,0,0,0,0,1,0,0,2050,0,0,0
unboarded_tickets,"SELECT tf.ticket_no, tf.fare_conditions FROM aviation.ticket_flights AS tf LEFT JOIN aviation.boarding_passes AS bp ON bp.ticket_no = tf.ticket_no AND bp.flight_id = tf.flight_id WHERE tf.flight_id = 4144 AND bp.ticket_no IS NULL",229,1,2,0,False,False,False,2,2,2,0,0,1,0,0,0,0.29,2109.74,10.0,22,40.0,14.329,4,3,2,Nested Loop,1,1,0,0,0,0,1,0,0,1677,0,0,0
boarding_pass_lookup,"SELECT bp.boarding_no, bp.seat_no, t.passenger_name FROM aviation.boarding_passes AS bp JOIN aviation.tickets AS t ON t.ticket_no = bp.ticket_no WHERE bp.flight_id = 5693 AND bp.boarding_no BETWEEN 2 AND 7",205,1,2,0,False,False,False,2,2,3,0,1,0,0,0,0,0.71,67.79,6.0,22,13.0,0.037,3,2,2,Nested Loop,0,2,0,0,0,0,1,0,0,4,0,0,0
aircraft_flight_counts,"SELECT a.aircraft_code, a.model, COUNT(f.flight_id) AS flight_count FROM aviation.aircrafts AS a LEFT JOIN aviation.flights AS f ON f.aircraft_code = a.aircraft_code WHERE a.range_km >= 6000 GROUP BY a.aircraft_code, a.model",224,1,1,0,True,False,False,2,2,3,1,0,1,0,0,0,273.59,273.61,2.0,27,14006.0,8.12,5,4,2,Aggregate,2,0,0,0,1,0,0,0,1,316,0,0,0
flights_without_tickets,"SELECT f.flight_id, f.flight_no FROM aviation.flights AS f WHERE f.scheduled_departure >= DATE '2025-04-17' AND NOT EXISTS (SELECT 1 FROM aviation.ticket_flights AS tf WHERE tf.flight_id = f.flight_id)",201,0,3,1,False,False,False,2,2,3,0,0,0,0,0,0,3084.0,3348.14,1.0,11,207030.0,58.659,4,3,2,Hash Join,2,0,0,0,1,0,0,0,0,2710,0,0,0
high_value_passengers,"SELECT t.passenger_id, t.passenger_name, b.total_amount FROM aviation.tickets AS t JOIN aviation.bookings AS b ON b.book_ref = t.book_ref WHERE b.total_amount >= 262500 ORDER BY b.total_amount DESC LIMIT 100",207,1,1,0,False,True,False,2,2,3,0,1,0,0,0,0,5372.21,5372.46,100.0,33,244718.0,130.857,6,5,2,Limit,2,0,0,0,1,0,0,1,0,5689,0,0,0
recent_flights_sorted,"SELECT flight_no, departure_airport, arrival_airport, scheduled_departure FROM aviation.flights WHERE departure_airport = 'TBS' ORDER BY scheduled_departure DESC LIMIT 10",170,0,1,0,False,True,False,1,1,4,0,0,0,0,0,0,250.61,250.63,10.0,23,2010.0,5.572,3,3,1,Limit,1,0,0,0,0,0,0,1,0,318,0,0,0
aircraft_seat_capacity,"SELECT a.aircraft_code, a.model, COUNT(s.seat_no) AS seat_count FROM aviation.aircrafts AS a JOIN aviation.seats AS s ON s.aircraft_code = a.aircraft_code WHERE s.fare_conditions = 'Economy' GROUP BY a.aircraft_code, a.model ORDER BY seat_count DESC",249,1,1,0,True,True,False,2,2,3,1,1,0,0,0,0,24.56,24.58,5.0,27,1460.0,6.3,6,5,2,Sort,2,0,0,0,1,0,0,1,1,28,0,0,0
flight_occupancy,"SELECT f.flight_id, COUNT(DISTINCT tf.ticket_no) AS tickets, COUNT(DISTINCT bp.ticket_no) AS boarded FROM aviation.flights AS f LEFT JOIN aviation.ticket_flights AS tf ON tf.flight_id = f.flight_id LEFT JOIN aviation.boarding_passes AS bp ON bp.flight_id = tf.flight_id AND bp.ticket_no = tf.ticket_no WHERE f.flight_id = 8630 GROUP BY f.flight_id",347,2,1,0,True,False,False,3,3,3,2,0,2,0,0,0,2112.95,2113.12,1.0,20,62.0,15.482,8,5,3,Aggregate,1,1,1,0,0,1,1,2,1,4197,0,0,0
passengers_for_booking,"SELECT b.book_ref, b.book_date, t.ticket_no, t.passenger_name FROM aviation.bookings AS b JOIN aviation.tickets AS t ON t.book_ref = b.book_ref WHERE b.book_ref = '038247'",171,1,1,0,False,False,False,2,2,4,0,1,0,0,0,0,0.29,2280.33,2.0,44,5.0,34.015,3,2,2,Nested Loop,1,1,0,0,0,0,1,0,0,2050,0,0,0
bookings_with_expensive_ticket,"SELECT b.book_ref, b.total_amount FROM aviation.bookings AS b WHERE EXISTS (SELECT 1 FROM aviation.tickets AS t JOIN aviation.ticket_flights AS tf ON tf.ticket_no = t.ticket_no WHERE t.book_ref = b.book_ref AND tf.amount >= 47250)",230,1,3,1,False,False,False,3,3,3,0,1,0,0,0,0,6313.89,7819.38,49909.0,13,489902.0,191.506,7,5,3,Hash Join,3,0,0,0,2,0,0,0,0,9084,0,0,0
ticket_fare_lookup,"SELECT t.ticket_no, tf.flight_id, tf.amount FROM aviation.tickets AS t JOIN aviation.ticket_flights AS tf ON tf.ticket_no = t.ticket_no WHERE t.passenger_id = '1174-001174' AND tf.fare_conditions = 'Business'",208,1,2,0,False,False,False,2,2,3,0,1,0,0,0,0,0.42,2280.45,1.0,24,3.0,17.053,3,2,2,Nested Loop,1,1,0,0,0,0,1,0,0,2052,0,0,0
boarding_pass_lookup,"SELECT bp.boarding_no, bp.seat_no, t.passenger_name FROM aviation.boarding_passes AS bp JOIN aviation.tickets AS t ON t.ticket_no = bp.ticket_no WHERE bp.flight_id = 2699 AND bp.boarding_no BETWEEN 1 AND 3",205,1,2,0,False,False,False,2,2,3,0,1,0,0,0,0,0.71,37.17,3.0,22,7.0,0.192,3,2,2,Nested Loop,0,2,0,0,0,0,1,0,0,30,0,0,0
passenger_flight_history,"SELECT t.passenger_id, t.passenger_name, f.flight_no, f.scheduled_departure, tf.fare_conditions FROM aviation.tickets AS t JOIN aviation.ticket_flights AS tf ON tf.ticket_no = t.ticket_no JOIN aviation.flights AS f ON f.flight_id = tf.flight_id WHERE t.passenger_id = '2619-052614' AND f.status = 'Departed' ORDER BY f.scheduled_departure DESC",343,2,2,0,False,True,False,3,3,5,0,2,0,0,0,0,2280.77,2280.77,1.0,50,6.0,16.399,6,4,3,Sort,1,2,0,0,0,0,2,1,0,4116,0,0,0
flight_revenue,"SELECT f.flight_id, f.flight_no, COUNT(*) AS ticket_count, SUM(tf.amount) AS revenue FROM aviation.flights AS f JOIN aviation.ticket_flights AS tf ON tf.flight_id = f.flight_id WHERE f.flight_id = 1759 GROUP BY f.flight_id, f.flight_no",235,1,1,0,True,False,False,2,2,4,2,1,0,0,0,0,0.29,2092.47,1.0,51,22.0,13.288,4,3,2,Aggregate,1,1,0,0,0,0,1,0,1,2511,0,0,0
route_by_date,"SELECT flight_id, flight_no, scheduled_departure, status FROM aviation.flights WHERE departure_airport = 'IST' AND arrival_airport = 'GME' AND scheduled_departure >= DATE '2025-02-28' AND scheduled_departure < DATE '2025-02-28' + INTERVAL '1 day'",246,0,4,0,False,False,False,1,1,4,0,0,0,0,0,0,0.0,304.0,1.0,27,1.0,3.249,1,1,1,Seq Scan,1,0,0,0,0,0,0,0,0,104,0,0,0
top_routes,"SELECT departure_airport, arrival_airport, COUNT(*) AS flight_count FROM aviation.flights WHERE scheduled_departure >= DATE '2025-10-06' AND scheduled_departure < DATE '2026-01-04' GROUP BY departure_airport, arrival_airport ORDER BY flight_count DESC LIMIT 3",259,0,2,0,True,True,False,1,1,3,1,0,0,0,0,0,273.88,273.89,3.0,16,2548.0,3.934,4,4,1,Limit,1,0,0,0,0,0,0,1,1,422,0,0,0
ticket_name_prefix,"SELECT ticket_no, passenger_id, passenger_name FROM aviation.tickets WHERE passenger_name LIKE 'Passenger 89053%' ORDER BY ticket_no LIMIT 50",141,0,1,0,False,True,False,1,1,3,0,0,0,0,0,0,2272.17,2272.19,10.0,41,30.0,19.55,3,3,1,Limit,1,0,0,0,0,0,0,1,0,3072,0,0,0
daily_flight_count,"SELECT scheduled_departure::date AS flight_date, COUNT(*) AS flight_count FROM aviation.flights WHERE departure_airport = 'VTB' GROUP BY scheduled_departure::date ORDER BY flight_date",183,0,1,0,True,True,False,1,1,2,1,0,0,0,0,0,281.33,301.24,993.0,12,2993.0,2.668,3,3,1,Aggregate,1,0,0,0,0,0,0,1,1,318,0,0,0
route_revenue,"SELECT f.departure_airport, f.arrival_airport, SUM(tf.amount) AS revenue FROM aviation.flights AS f JOIN aviation.ticket_flights AS tf ON tf.flight_id = f.flight_id WHERE f.departure_airport = 'BQT' GROUP BY f.departure_airport, f.arrival_airport ORDER BY revenue DESC",268,1,1,0,True,True,False,2,2,3,1,1,0,0,0,0,2388.4,2388.43,10.0,40,112020.0,46.388,6,5,2,Sort,2,0,0,0,1,0,0,1,1,3859,0,0,0
booking_amount_range,"SELECT book_ref, book_date, total_amount FROM aviation.bookings WHERE total_amount BETWEEN 10000 AND 130000",107,0,1,0,False,False,False,1,1,3,0,0,0,0,0,0,0.0,1069.0,12094.0,21,12094.0,15.632,1,1,1,Seq Scan,1,0,0,0,0,0,0,0,0,319,0,0,0
airport_connections,"SELECT dep.city AS departure_city, arr.city AS arrival_city, COUNT(*) AS flights FROM aviation.flights AS f JOIN aviation.airports AS dep ON dep.airport_code = f.departure_airport JOIN aviation.airports AS arr ON arr.airport_code = f.arrival_airport WHERE f.departure_airport = 'TBS' AND f.status = 'On Time' GROUP BY dep.city, arr.city",336,2,2,0,True,False,False,3,2,3,1,2,0,0,0,0,261.66,261.76,10.0,24,781.0,1.817,7,4,2,Aggregate,3,0,0,0,1,0,1,0,1,420,0,0,0
aircraft_flight_counts,"SELECT a.aircraft_code, a.model, COUNT(f.flight_id) AS flight_count FROM aviation.aircrafts AS a LEFT JOIN aviation.flights AS f ON f.aircraft_code = a.aircraft_code WHERE a.range_km >= 4250 GROUP BY a.aircraft_code, a.model",224,1,1,0,True,False,False,2,2,3,1,0,1,0,0,0,303.62,303.68,5.0,27,20015.0,8.15,5,4,2,Aggregate,2,0,0,0,1,0,0,0,1,316,0,0,0
airport_departure_counts,"SELECT departure_airport, COUNT(*) AS flight_count FROM aviation.flights WHERE scheduled_departure >= DATE '2025-06-17' AND scheduled_departure < DATE '2025-07-17' GROUP BY departure_airport ORDER BY flight_count DESC",217,0,2,0,True,True,False,1,1,2,1,0,0,0,0,0,258.32,258.34,10.0,12,830.0,2.747,3,3,1,Sort,1,0,0,0,0,0,0,1,1,315,0,0,0
booking_ticket_count,"SELECT b.book_ref, COUNT(t.ticket_no) AS ticket_count FROM aviation.bookings AS b JOIN aviation.tickets AS t ON t.book_ref = b.book_ref WHERE b.book_date >= DATE '2024-10-28' AND b.book_date < DATE '2024-11-04' GROUP BY b.book_ref HAVING COUNT(t.ticket_no) >= 2",261,1,2,0,True,False,False,2,2,2,2,1,0,0,0,0,3372.44,3382.96,280.0,15,103644.0,54.254,5,4,2,Aggregate,2,0,0,0,1,0,0,0,1,4342,0,0,0
unboarded_tickets,"SELECT tf.ticket_no, tf.fare_conditions FROM aviation.ticket_flights AS tf LEFT JOIN aviation.boarding_passes AS bp ON bp.ticket_no = tf.ticket_no AND bp.flight_id = tf.flight_id WHERE tf.flight_id = 9381 AND bp.ticket_no IS NULL",229,1,2,0,False,False,False,2,2,2,0,0,1,0,0,0,0.29,2109.74,10.0,22,40.0,15.524,4,3,2,Nested Loop,1,1,0,0,0,0,1,0,0,1677,0,0,0
fare_statistics,"SELECT fare_conditions, COUNT(*) AS ticket_count, AVG(amount) AS average_amount FROM aviation.ticket_flights WHERE fare_conditions = 'Business' AND amount >= 19250 GROUP BY fare_conditions HAVING COUNT(*) > 10",209,0,2,0,True,False,False,1,1,3,3,0,0,0,0,0,0.0,2355.36,1.0,48,4270.0,34.084,2,2,1,Aggregate,1,0,0,0,0,0,0,0,1,1668,0,0,0
aircraft_fare_capacity,"SELECT fare_conditions, COUNT(*) AS seat_count FROM aviation.seats WHERE aircraft_code = 'E95' GROUP BY fare_conditions ORDER BY seat_count DESC",144,0,1,0,True,True,False,1,1,2,1,0,0,0,0,0,17.2,17.21,3.0,16,186.0,0.574,3,3,1,Sort,1,0,0,0,0,0,0,1,1,18,0,0,0
flights_without_tickets,"SELECT f.flight_id, f.flight_no FROM aviation.flights AS f WHERE f.scheduled_departure >= DATE '2025-05-04' AND NOT EXISTS (SELECT 1 FROM aviation.ticket_flights AS tf WHERE tf.flight_id = f.flight_id)",201,0,3,1,False,False,False,2,2,3,0,0,0,0,0,0,3084.0,3345.76,1.0,11,206554.0,61.325,4,3,2,Hash Join,2,0,0,0,1,0,0,0,0,2710,0,0,0
aircraft_seat_capacity,"SELECT a.aircraft_code, a.model, COUNT(s.seat_no) AS seat_count FROM aviation.aircrafts AS a JOIN aviation.seats AS s ON s.aircraft_code = a.aircraft_code WHERE s.fare_conditions = 'Economy' GROUP BY a.aircraft_code, a.model ORDER BY seat_count DESC",249,1,1,0,True,True,False,2,2,3,1,1,0,0,0,0,24.56,24.58,5.0,27,1460.0,0.847,6,5,2,Sort,2,0,0,0,1,0,0,1,1,28,0,0,0
route_by_date,"SELECT flight_id, flight_no, scheduled_departure, status FROM aviation.flights WHERE departure_airport = 'TBS' AND arrival_airport = 'BQT' AND scheduled_departure >= DATE '2025-04-20' AND scheduled_departure < DATE '2025-04-20' + INTERVAL '1 day'",246,0,4,0,False,False,False,1,1,4,0,0,0,0,0,0,0.0,304.0,1.0,27,1.0,2.611,1,1,1,Seq Scan,1,0,0,0,0,0,0,0,0,104,0,0,0
ticket_fare_lookup,"SELECT t.ticket_no, tf.flight_id, tf.amount FROM aviation.tickets AS t JOIN aviation.ticket_flights AS tf ON tf.ticket_no = t.ticket_no WHERE t.passenger_id = '8608-018607' AND tf.fare_conditions = 'Business'",208,1,2,0,False,False,False,2,2,3,0,1,0,0,0,0,0.42,2280.45,1.0,24,3.0,16.55,3,2,2,Nested Loop,1,1,0,0,0,0,1,0,0,2052,0,0,0
top_routes,"SELECT departure_airport, arrival_airport, COUNT(*) AS flight_count FROM aviation.flights WHERE scheduled_departure >= DATE '2025-01-11' AND scheduled_departure < DATE '2025-03-12' GROUP BY departure_airport, arrival_airport ORDER BY flight_count DESC LIMIT 3",259,0,2,0,True,True,False,1,1,3,1,0,0,0,0,0,268.89,268.9,3.0,16,1883.0,3.382,4,4,1,Limit,1,0,0,0,0,0,0,1,1,422,0,0,0
aircraft_flight_counts,"SELECT a.aircraft_code, a.model, COUNT(f.flight_id) AS flight_count FROM aviation.aircrafts AS a LEFT JOIN aviation.flights AS f ON f.aircraft_code = a.aircraft_code WHERE a.range_km >= 3750 GROUP BY a.aircraft_code, a.model",224,1,1,0,True,False,False,2,2,3,1,0,1,0,0,0,303.62,303.68,5.0,27,20015.0,8.598,5,4,2,Aggregate,2,0,0,0,1,0,0,0,1,316,0,0,0
high_value_passengers,"SELECT t.passenger_id, t.passenger_name, b.total_amount FROM aviation.tickets AS t JOIN aviation.bookings AS b ON b.book_ref = t.book_ref WHERE b.total_amount >= 102500 ORDER BY b.total_amount DESC LIMIT 100",207,1,1,0,False,True,False,2,2,3,0,1,0,0,0,0,6797.45,6797.7,100.0,33,340868.0,123.896,6,5,2,Limit,2,0,0,0,1,0,0,1,0,5689,0,0,0
bookings_with_expensive_ticket,"SELECT b.book_ref, b.total_amount FROM aviation.bookings AS b WHERE EXISTS (SELECT 1 FROM aviation.tickets AS t JOIN aviation.ticket_flights AS tf ON tf.ticket_no = t.ticket_no WHERE t.book_ref = b.book_ref AND tf.amount >= 68250)",230,1,3,1,False,False,False,3,3,3,0,1,0,0,0,0,6082.49,7541.79,45757.0,13,378785.0,170.195,7,5,3,Hash Join,3,0,0,0,2,0,0,0,0,8896,0,0,0
passenger_flight_history,"SELECT t.passenger_id, t.passenger_name, f.flight_no, f.scheduled_departure, tf.fare_conditions FROM aviation.tickets AS t JOIN aviation.ticket_flights AS tf ON tf.ticket_no = t.ticket_no JOIN aviation.flights AS f ON f.flight_id = tf.flight_id WHERE t.passenger_id = '9983-079976' AND f.status = 'On Time' ORDER BY f.scheduled_departure DESC",342,2,2,0,False,True,False,3,3,5,0,2,0,0,0,0,2280.77,2280.77,1.0,50,6.0,17.596,6,4,3,Sort,1,2,0,0,0,0,2,1,0,4116,0,0,0
passengers_for_booking,"SELECT b.book_ref, b.book_date, t.ticket_no, t.passenger_name FROM aviation.bookings AS b JOIN aviation.tickets AS t ON t.book_ref = b.book_ref WHERE b.book_ref = '005883'",171,1,1,0,False,False,False,2,2,4,0,1,0,0,0,0,0.29,2280.33,2.0,44,5.0,17.349,3,2,2,Nested Loop,1,1,0,0,0,0,1,0,0,2050,0,0,0
airport_connections,"SELECT dep.city AS departure_city, arr.city AS arrival_city, COUNT(*) AS flights FROM aviation.flights AS f JOIN aviation.airports AS dep ON dep.airport_code = f.departure_airport JOIN aviation.airports AS arr ON arr.airport_code = f.arrival_airport WHERE f.departure_airport = 'TBS' AND f.status = 'Arrived' GROUP BY dep.city, arr.city",336,2,2,0,True,False,False,3,2,3,1,2,0,0,0,0,261.66,261.76,10.0,24,781.0,2.135,7,4,2,Aggregate,3,0,0,0,1,0,1,0,1,420,0,0,0
booking_ticket_count,"SELECT b.book_ref, COUNT(t.ticket_no) AS ticket_count FROM aviation.bookings AS b JOIN aviation.tickets AS t ON t.book_ref = b.book_ref WHERE b.book_date >= DATE '2025-05-23' AND b.book_date < DATE '2025-06-22' GROUP BY b.book_ref HAVING COUNT(t.ticket_no) >= 2",261,1,2,0,True,False,False,2,2,2,2,1,0,0,0,0,3446.38,3497.97,1376.0,15,117884.0,58.532,5,4,2,Aggregate,2,0,0,0,1,0,0,0,1,4342,0,0,0
unboarded_tickets,"SELECT tf.ticket_no, tf.fare_conditions FROM aviation.ticket_flights AS tf LEFT JOIN aviation.boarding_passes AS bp ON bp.ticket_no = tf.ticket_no AND bp.flight_id = tf.flight_id WHERE tf.flight_id = 8197 AND bp.ticket_no IS NULL",229,1,2,0,False,False,False,2,2,2,0,0,1,0,0,0,0.29,2109.74,10.0,22,40.0,15.524,4,3,2,Nested Loop,1,1,0,0,0,0,1,0,0,1677,0,0,0
flight_occupancy,"SELECT f.flight_id, COUNT(DISTINCT tf.ticket_no) AS tickets, COUNT(DISTINCT bp.ticket_no) AS boarded FROM aviation.flights AS f LEFT JOIN aviation.ticket_flights AS tf ON tf.flight_id = f.flight_id LEFT JOIN aviation.boarding_passes AS bp ON bp.flight_id = tf.flight_id AND bp.ticket_no = tf.ticket_no WHERE f.flight_id = 2242 GROUP BY f.flight_id",347,2,1,0,True,False,False,3,3,3,2,0,2,0,0,0,2112.95,2113.12,1.0,20,62.0,14.659,8,5,3,Aggregate,1,1,1,0,0,1,1,2,1,4197,0,0,0
route_revenue,"SELECT f.departure_airport, f.arrival_airport, SUM(tf.amount) AS revenue FROM aviation.flights AS f JOIN aviation.ticket_flights AS tf ON tf.flight_id = f.flight_id WHERE f.departure_airport = 'BQT' GROUP BY f.departure_airport, f.arrival_airport ORDER BY revenue DESC",268,1,1,0,True,True,False,2,2,3,1,1,0,0,0,0,2388.4,2388.43,10.0,40,112020.0,41.067,6,5,2,Sort,2,0,0,0,1,0,0,1,1,3859,0,0,0
flight_revenue,"SELECT f.flight_id, f.flight_no, COUNT(*) AS ticket_count, SUM(tf.amount) AS revenue FROM aviation.flights AS f JOIN aviation.ticket_flights AS tf ON tf.flight_id = f.flight_id WHERE f.flight_id = 429 GROUP BY f.flight_id, f.flight_no",234,1,1,0,True,False,False,2,2,4,2,1,0,0,0,0,0.29,2092.47,1.0,51,22.0,13.05,4,3,2,Aggregate,1,1,0,0,0,0,1,0,1,2511,0,0,0
boarding_pass_lookup,"SELECT bp.boarding_no, bp.seat_no, t.passenger_name FROM aviation.boarding_passes AS bp JOIN aviation.tickets AS t ON t.ticket_no = bp.ticket_no WHERE bp.flight_id = 4894 AND bp.boarding_no BETWEEN 4 AND 6",205,1,2,0,False,False,False,2,2,3,0,1,0,0,0,0,0.71,37.17,3.0,22,7.0,0.132,3,2,2,Nested Loop,0,2,0,0,0,0,1,0,0,30,0,0,0
fare_statistics,"SELECT fare_conditions, COUNT(*) AS ticket_count, AVG(amount) AS average_amount FROM aviation.ticket_flights WHERE fare_conditions = 'Comfort' AND amount >= 39750 GROUP BY fare_conditions HAVING COUNT(*) > 10",208,0,2,0,True,False,False,1,1,3,3,0,0,0,0,0,0.0,2382.14,1.0,48,9626.0,29.165,2,2,1,Aggregate,1,0,0,0,0,0,0,0,1,1668,0,0,0
ticket_name_prefix,"SELECT ticket_no, passenger_id, passenger_name FROM aviation.tickets WHERE passenger_name LIKE 'Passenger 94224%' ORDER BY ticket_no LIMIT 50",141,0,1,0,False,True,False,1,1,3,0,0,0,0,0,0,2272.17,2272.19,10.0,41,30.0,20.311,3,3,1,Limit,1,0,0,0,0,0,0,1,0,3072,0,0,0
flights_without_tickets,"SELECT f.flight_id, f.flight_no FROM aviation.flights AS f WHERE f.scheduled_departure >= DATE '2025-11-18' AND NOT EXISTS (SELECT 1 FROM aviation.ticket_flights AS tf WHERE tf.flight_id = f.flight_id)",201,0,3,1,False,False,False,2,2,3,0,0,0,0,0,0,3084.0,3318.93,1.0,11,201186.0,55.53,4,3,2,Hash Join,2,0,0,0,1,0,0,0,0,2710,0,0,0
airport_departure_counts,"SELECT departure_airport, COUNT(*) AS flight_count FROM aviation.flights WHERE scheduled_departure >= DATE '2025-04-14' AND scheduled_departure < DATE '2025-04-21' GROUP BY departure_airport ORDER BY flight_count DESC",217,0,2,0,True,True,False,1,1,2,1,0,0,0,0,0,255.24,255.27,10.0,12,215.0,2.854,3,3,1,Sort,1,0,0,0,0,0,0,1,1,315,0,0,0
booking_amount_range,"SELECT book_ref, book_date, total_amount FROM aviation.bookings WHERE total_amount BETWEEN 245000 AND 285000",108,0,1,0,False,False,False,1,1,3,0,0,0,0,0,0,0.0,1069.0,4019.0,21,4019.0,12.705,1,1,1,Seq Scan,1,0,0,0,0,0,0,0,0,319,0,0,0
recent_flights_sorted,"SELECT flight_no, departure_airport, arrival_airport, scheduled_departure FROM aviation.flights WHERE departure_airport = 'VTB' ORDER BY scheduled_departure DESC LIMIT 25",170,0,1,0,False,True,False,1,1,4,0,0,0,0,0,0,257.22,257.28,25.0,23,2025.0,2.372,3,3,1,Limit,1,0,0,0,0,0,0,1,0,318,0,0,0
aircraft_fare_capacity,"SELECT fare_conditions, COUNT(*) AS seat_count FROM aviation.seats WHERE aircraft_code = 'SU9' GROUP BY fare_conditions ORDER BY seat_count DESC",144,0,1,0,True,True,False,1,1,2,1,0,0,0,0,0,17.2,17.21,3.0,16,186.0,0.288,3,3,1,Sort,1,0,0,0,0,0,0,1,1,18,0,0,0
daily_flight_count,"SELECT scheduled_departure::date AS flight_date, COUNT(*) AS flight_count FROM aviation.flights WHERE departure_airport = 'MSQ' GROUP BY scheduled_departure::date ORDER BY flight_date",183,0,1,0,True,True,False,1,1,2,1,0,0,0,0,0,281.33,301.24,993.0,12,2993.0,3.351,3,3,1,Aggregate,1,0,0,0,0,0,0,1,1,318,0,0,0
recent_flights_sorted,"SELECT flight_no, departure_airport, arrival_airport, scheduled_departure FROM aviation.flights WHERE departure_airport = 'TBS' ORDER BY scheduled_departure DESC LIMIT 100",171,0,1,0,False,True,False,1,1,4,0,0,0,0,0,0,267.22,267.47,100.0,23,2100.0,2.745,3,3,1,Limit,1,0,0,0,0,0,0,1,0,318,0,0,0
aircraft_fare_capacity,"SELECT fare_conditions, COUNT(*) AS seat_count FROM aviation.seats WHERE aircraft_code = '738' GROUP BY fare_conditions ORDER BY seat_count DESC",144,0,1,0,True,True,False,1,1,2,1,0,0,0,0,0,17.2,17.21,3.0,16,186.0,0.284,3,3,1,Sort,1,0,0,0,0,0,0,1,1,18,0,0,0
flights_without_tickets,"SELECT f.flight_id, f.flight_no FROM aviation.flights AS f WHERE f.scheduled_departure >= DATE '2025-07-06' AND NOT EXISTS (SELECT 1 FROM aviation.ticket_flights AS tf WHERE tf.flight_id = f.flight_id)",201,0,3,1,False,False,False,2,2,3,0,0,0,0,0,0,3084.0,3337.14,1.0,11,204830.0,56.962,4,3,2,Hash Join,2,0,0,0,1,0,0,0,0,2710,0,0,0
high_value_passengers,"SELECT t.passenger_id, t.passenger_name, b.total_amount FROM aviation.tickets AS t JOIN aviation.bookings AS b ON b.book_ref = t.book_ref WHERE b.total_amount >= 245000 ORDER BY b.total_amount DESC LIMIT 100",207,1,1,0,False,True,False,2,2,3,0,1,0,0,0,0,5528.3,5528.55,100.0,33,255248.0,105.722,6,5,2,Limit,2,0,0,0,1,0,0,1,0,5689,0,0,0
booking_ticket_count,"SELECT b.book_ref, COUNT(t.ticket_no) AS ticket_count FROM aviation.bookings AS b JOIN aviation.tickets AS t ON t.book_ref = b.book_ref WHERE b.book_date >= DATE '2025-07-08' AND b.book_date < DATE '2025-07-22' GROUP BY b.book_ref HAVING COUNT(t.ticket_no) >= 2",261,1,2,0,True,False,False,2,2,2,2,1,0,0,0,0,3398.59,3423.63,668.0,15,108680.0,46.877,5,4,2,Aggregate,2,0,0,0,1,0,0,0,1,4342,0,0,0
ticket_fare_lookup,"SELECT t.ticket_no, tf.flight_id, tf.amount FROM aviation.tickets AS t JOIN aviation.ticket_flights AS tf ON tf.ticket_no = t.ticket_no WHERE t.passenger_id = '3389-023387' AND tf.fare_conditions = 'Comfort'",207,1,2,0,False,False,False,2,2,3,0,1,0,0,0,0,0.42,2280.45,1.0,24,3.0,15.369,3,2,2,Nested Loop,1,1,0,0,0,0,1,0,0,2052,0,0,0
flight_occupancy,"SELECT f.flight_id, COUNT(DISTINCT tf.ticket_no) AS tickets, COUNT(DISTINCT bp.ticket_no) AS boarded FROM aviation.flights AS f LEFT JOIN aviation.ticket_flights AS tf ON tf.flight_id = f.flight_id LEFT JOIN aviation.boarding_passes AS bp ON bp.flight_id = tf.flight_id AND bp.ticket_no = tf.ticket_no WHERE f.flight_id = 994 GROUP BY f.flight_id",346,2,1,0,True,False,False,3,3,3,2,0,2,0,0,0,2112.95,2113.12,1.0,20,62.0,14.755,8,5,3,Aggregate,1,1,1,0,0,1,1,2,1,4197,0,0,0
flight_revenue,"SELECT f.flight_id, f.flight_no, COUNT(*) AS ticket_count, SUM(tf.amount) AS revenue FROM aviation.flights AS f JOIN aviation.ticket_flights AS tf ON tf.flight_id = f.flight_id WHERE f.flight_id = 5222 GROUP BY f.flight_id, f.flight_no",235,1,1,0,True,False,False,2,2,4,2,1,0,0,0,0,0.29,2092.47,1.0,51,22.0,13.995,4,3,2,Aggregate,1,1,0,0,0,0,1,0,1,2511,0,0,0
aircraft_flight_counts,"SELECT a.aircraft_code, a.model, COUNT(f.flight_id) AS flight_count FROM aviation.aircrafts AS a LEFT JOIN aviation.flights AS f ON f.aircraft_code = a.aircraft_code WHERE a.range_km >= 7000 GROUP BY a.aircraft_code, a.model",224,1,1,0,True,False,False,2,2,3,1,0,1,0,0,0,263.57,263.58,1.0,27,12003.0,6.791,5,4,2,Aggregate,2,0,0,0,1,0,0,0,1,316,0,0,0
top_routes,"SELECT departure_airport, arrival_airport, COUNT(*) AS flight_count FROM aviation.flights WHERE scheduled_departure >= DATE '2025-04-21' AND scheduled_departure < DATE '2025-06-20' GROUP BY departure_airport, arrival_airport ORDER BY flight_count DESC LIMIT 10",260,0,2,0,True,True,False,1,1,3,1,0,0,0,0,0,269.58,269.61,10.0,16,1866.0,4.419,4,4,1,Limit,1,0,0,0,0,0,0,1,1,422,0,0,0
fare_statistics,"SELECT fare_conditions, COUNT(*) AS ticket_count, AVG(amount) AS average_amount FROM aviation.ticket_flights WHERE fare_conditions = 'Comfort' AND amount >= 47750 GROUP BY fare_conditions HAVING COUNT(*) > 10",208,0,2,0,True,False,False,1,1,3,3,0,0,0,0,0,0.0,2377.54,1.0,48,8705.0,32.561,2,2,1,Aggregate,1,0,0,0,0,0,0,0,1,1668,0,0,0
bookings_with_expensive_ticket,"SELECT b.book_ref, b.total_amount FROM aviation.bookings AS b WHERE EXISTS (SELECT 1 FROM aviation.tickets AS t JOIN aviation.ticket_flights AS tf ON tf.ticket_no = t.ticket_no WHERE t.book_ref = b.book_ref AND tf.amount >= 100500)",231,1,3,1,False,False,False,3,3,3,0,1,0,0,0,0,5140.82,6300.8,18852.0,13,244260.0,117.913,7,5,3,Hash Join,3,0,0,0,2,0,0,0,0,8896,0,0,0
aircraft_seat_capacity,"SELECT a.aircraft_code, a.model, COUNT(s.seat_no) AS seat_count FROM aviation.aircrafts AS a JOIN aviation.seats AS s ON s.aircraft_code = a.aircraft_code WHERE s.fare_conditions = 'Economy' GROUP BY a.aircraft_code, a.model ORDER BY seat_count DESC",249,1,1,0,True,True,False,2,2,3,1,1,0,0,0,0,24.56,24.58,5.0,27,1460.0,0.925,6,5,2,Sort,2,0,0,0,1,0,0,1,1,28,0,0,0
ticket_name_prefix,"SELECT ticket_no, passenger_id, passenger_name FROM aviation.tickets WHERE passenger_name LIKE 'Passenger 8066%' ORDER BY ticket_no LIMIT 50",140,0,1,0,False,True,False,1,1,3,0,0,0,0,0,0,2272.17,2272.19,10.0,41,30.0,18.02,3,3,1,Limit,1,0,0,0,0,0,0,1,0,3072,0,0,0
passenger_flight_history,"SELECT t.passenger_id, t.passenger_name, f.flight_no, f.scheduled_departure, tf.fare_conditions FROM aviation.tickets AS t JOIN aviation.ticket_flights AS tf ON tf.ticket_no = t.ticket_no JOIN aviation.flights AS f ON f.flight_id = tf.flight_id WHERE t.passenger_id = '5235-095226' AND f.status = 'Departed' ORDER BY f.scheduled_departure DESC",343,2,2,0,False,True,False,3,3,5,0,2,0,0,0,0,2280.77,2280.77,1.0,50,6.0,16.008,6,4,3,Sort,1,2,0,0,0,0,2,1,0,4116,0,0,0
daily_flight_count,"SELECT scheduled_departure::date AS flight_date, COUNT(*) AS flight_count FROM aviation.flights WHERE departure_airport = 'MSQ' GROUP BY scheduled_departure::date ORDER BY flight_date",183,0,1,0,True,True,False,1,1,2,1,0,0,0,0,0,281.33,301.24,993.0,12,2993.0,2.737,3,3,1,Aggregate,1,0,0,0,0,0,0,1,1,318,0,0,0
boarding_pass_lookup,"SELECT bp.boarding_no, bp.seat_no, t.passenger_name FROM aviation.boarding_passes AS bp JOIN aviation.tickets AS t ON t.ticket_no = bp.ticket_no WHERE bp.flight_id = 9632 AND bp.boarding_no BETWEEN 4 AND 6",205,1,2,0,False,False,False,2,2,3,0,1,0,0,0,0,0.71,37.17,3.0,22,7.0,0.145,3,2,2,Nested Loop,0,2,0,0,0,0,1,0,0,30,0,0,0
airport_departure_counts,"SELECT departure_airport, COUNT(*) AS flight_count FROM aviation.flights WHERE scheduled_departure >= DATE '2025-01-10' AND scheduled_departure < DATE '2025-02-09' GROUP BY departure_airport ORDER BY flight_count DESC",217,0,2,0,True,True,False,1,1,2,1,0,0,0,0,0,258.47,258.49,10.0,12,860.0,3.987,3,3,1,Sort,1,0,0,0,0,0,0,1,1,315,0,0,0
booking_amount_range,"SELECT book_ref, book_date, total_amount FROM aviation.bookings WHERE total_amount BETWEEN 235000 AND 380000",108,0,1,0,False,False,False,1,1,3,0,0,0,0,0,0,0.0,1069.0,14764.0,21,14764.0,13.733,1,1,1,Seq Scan,1,0,0,0,0,0,0,0,0,319,0,0,0
route_by_date,"SELECT flight_id, flight_no, scheduled_departure, status FROM aviation.flights WHERE departure_airport = 'MSQ' AND arrival_airport = 'VTB' AND scheduled_departure >= DATE '2025-04-24' AND scheduled_departure < DATE '2025-04-24' + INTERVAL '1 day'",246,0,4,0,False,False,False,1,1,4,0,0,0,0,0,0,0.0,304.0,1.0,27,1.0,2.935,1,1,1,Seq Scan,1,0,0,0,0,0,0,0,0,104,0,0,0
route_revenue,"SELECT f.departure_airport, f.arrival_airport, SUM(tf.amount) AS revenue FROM aviation.flights AS f JOIN aviation.ticket_flights AS tf ON tf.flight_id = f.flight_id WHERE f.departure_airport = 'MSQ' GROUP BY f.departure_airport, f.arrival_airport ORDER BY revenue DESC",268,1,1,0,True,True,False,2,2,3,1,1,0,0,0,0,2388.4,2388.43,10.0,40,112020.0,59.39,6,5,2,Sort,2,0,0,0,1,0,0,1,1,3859,0,0,0
airport_connections,"SELECT dep.city AS departure_city, arr.city AS arrival_city, COUNT(*) AS flights FROM aviation.flights AS f JOIN aviation.airports AS dep ON dep.airport_code = f.departure_airport JOIN aviation.airports AS arr ON arr.airport_code = f.arrival_airport WHERE f.departure_airport = 'IST' AND f.status = 'On Time' GROUP BY dep.city, arr.city",336,2,2,0,True,False,False,3,2,3,1,2,0,0,0,0,261.66,261.76,10.0,24,781.0,2.817,7,4,2,Aggregate,3,0,0,0,1,0,1,0,1,424,0,0,0
passengers_for_booking,"SELECT b.book_ref, b.book_date, t.ticket_no, t.passenger_name FROM aviation.bookings AS b JOIN aviation.tickets AS t ON t.book_ref = b.book_ref WHERE b.book_ref = '008055'",171,1,1,0,False,False,False,2,2,4,0,1,0,0,0,0,0.29,2280.33,2.0,44,5.0,17.895,3,2,2,Nested Loop,1,1,0,0,0,0,1,0,0,2050,0,0,0
unboarded_tickets,"SELECT tf.ticket_no, tf.fare_conditions FROM aviation.ticket_flights AS tf LEFT JOIN aviation.boarding_passes AS bp ON bp.ticket_no = tf.ticket_no AND bp.flight_id = tf.flight_id WHERE tf.flight_id = 2006 AND bp.ticket_no IS NULL",229,1,2,0,False,False,False,2,2,2,0,0,1,0,0,0,0.29,2109.74,10.0,22,40.0,15.086,4,3,2,Nested Loop,1,1,0,0,0,0,1,0,0,1674,0,0,0
flights_without_tickets,"SELECT f.flight_id, f.flight_no FROM aviation.flights AS f WHERE f.scheduled_departure >= DATE '2025-04-28' AND NOT EXISTS (SELECT 1 FROM aviation.ticket_flights AS tf WHERE tf.flight_id = f.flight_id)",201,0,3,1,False,False,False,2,2,3,0,0,0,0,0,0,3084.0,3346.61,1.0,11,206723.0,57.656,4,3,2,Hash Join,2,0,0,0,1,0,0,0,0,2710,0,0,0
booking_amount_range,"SELECT book_ref, book_date, total_amount FROM aviation.bookings WHERE total_amount BETWEEN 135000 AND 235000",108,0,1,0,False,False,False,1,1,3,0,0,0,0,0,0,0.0,1069.0,10042.0,21,10042.0,13.591,1,1,1,Seq Scan,1,0,0,0,0,0,0,0,0,319,0,0,0
route_revenue,"SELECT f.departure_airport, f.arrival_airport, SUM(tf.amount) AS revenue FROM aviation.flights AS f JOIN aviation.ticket_flights AS tf ON tf.flight_id = f.flight_id WHERE f.departure_airport = 'MSQ' GROUP BY f.departure_airport, f.arrival_airport ORDER BY revenue DESC",268,1,1,0,True,True,False,2,2,3,1,1,0,0,0,0,2388.4,2388.43,10.0,40,112020.0,47.55,6,5,2,Sort,2,0,0,0,1,0,0,1,1,3859,0,0,0
airport_connections,"SELECT dep.city AS departure_city, arr.city AS arrival_city, COUNT(*) AS flights FROM aviation.flights AS f JOIN aviation.airports AS dep ON dep.airport_code = f.departure_airport JOIN aviation.airports AS arr ON arr.airport_code = f.arrival_airport WHERE f.departure_airport = 'GNA' AND f.status = 'On Time' GROUP BY dep.city, arr.city",336,2,2,0,True,False,False,3,2,3,1,2,0,0,0,0,261.66,261.76,10.0,24,781.0,1.895,7,4,2,Aggregate,3,0,0,0,1,0,1,0,1,420,0,0,0
fare_statistics,"SELECT fare_conditions, COUNT(*) AS ticket_count, AVG(amount) AS average_amount FROM aviation.ticket_flights WHERE fare_conditions = 'Business' AND amount >= 48250 GROUP BY fare_conditions HAVING COUNT(*) > 10",209,0,2,0,True,False,False,1,1,3,3,0,0,0,0,0,0.0,2349.46,1.0,48,3090.0,24.504,2,2,1,Aggregate,1,0,0,0,0,0,0,0,1,1668,0,0,0
high_value_passengers,"SELECT t.passenger_id, t.passenger_name, b.total_amount FROM aviation.tickets AS t JOIN aviation.bookings AS b ON b.book_ref = t.book_ref WHERE b.total_amount >= 257500 ORDER BY b.total_amount DESC LIMIT 100",207,1,1,0,False,True,False,2,2,3,0,1,0,0,0,0,5416.23,5416.48,100.0,33,247688.0,151.854,6,5,2,Limit,2,0,0,0,1,0,0,1,0,5689,0,0,0
bookings_with_expensive_ticket,"SELECT b.book_ref, b.total_amount FROM aviation.bookings AS b WHERE EXISTS (SELECT 1 FROM aviation.tickets AS t JOIN aviation.ticket_flights AS tf ON tf.ticket_no = t.ticket_no WHERE t.book_ref = b.book_ref AND tf.amount >= 61750)",230,1,3,1,False,False,False,3,3,3,0,1,0,0,0,0,6131.67,7637.15,49909.0,13,453758.0,227.285,7,5,3,Hash Join,3,0,0,0,2,0,0,0,0,9084,0,0,0
passenger_flight_history,"SELECT t.passenger_id, t.passenger_name, f.flight_no, f.scheduled_departure, tf.fare_conditions FROM aviation.tickets AS t JOIN aviation.ticket_flights AS tf ON tf.ticket_no = t.ticket_no JOIN aviation.flights AS f ON f.flight_id = tf.flight_id WHERE t.passenger_id = '2904-022902' AND f.status = 'Arrived' ORDER BY f.scheduled_departure DESC",342,2,2,0,False,True,False,3,3,5,0,2,0,0,0,0,2280.77,2280.77,1.0,50,6.0,15.978,6,4,3,Sort,1,2,0,0,0,0,2,1,0,4116,0,0,0
airport_departure_counts,"SELECT departure_airport, COUNT(*) AS flight_count FROM aviation.flights WHERE scheduled_departure >= DATE '2025-09-22' AND scheduled_departure < DATE '2025-11-21' GROUP BY departure_airport ORDER BY flight_count DESC",217,0,2,0,True,True,False,1,1,2,1,0,0,0,0,0,262.37,262.39,10.0,12,1640.0,2.862,3,3,1,Sort,1,0,0,0,0,0,0,1,1,315,0,0,0
flight_occupancy,"SELECT f.flight_id, COUNT(DISTINCT tf.ticket_no) AS tickets, COUNT(DISTINCT bp.ticket_no) AS boarded FROM aviation.flights AS f LEFT JOIN aviation.ticket_flights AS tf ON tf.flight_id = f.flight_id LEFT JOIN aviation.boarding_passes AS bp ON bp.flight_id = tf.flight_id AND bp.ticket_no = tf.ticket_no WHERE f.flight_id = 9764 GROUP BY f.flight_id",347,2,1,0,True,False,False,3,3,3,2,0,2,0,0,0,2112.95,2113.12,1.0,20,62.0,14.344,8,5,3,Aggregate,1,1,1,0,0,1,1,2,1,4197,0,0,0
route_by_date,"SELECT flight_id, flight_no, scheduled_departure, status FROM aviation.flights WHERE departure_airport = 'GNA' AND arrival_airport = 'WAW' AND scheduled_departure >= DATE '2025-07-01' AND scheduled_departure < DATE '2025-07-01' + INTERVAL '1 day'",246,0,4,0,False,False,False,1,1,4,0,0,0,0,0,0,0.0,304.0,1.0,27,1.0,2.697,1,1,1,Seq Scan,1,0,0,0,0,0,0,0,0,104,0,0,0
ticket_fare_lookup,"SELECT t.ticket_no, tf.flight_id, tf.amount FROM aviation.tickets AS t JOIN aviation.ticket_flights AS tf ON tf.ticket_no = t.ticket_no WHERE t.passenger_id = '8390-078383' AND tf.fare_conditions = 'Economy'",207,1,2,0,False,False,False,2,2,3,0,1,0,0,0,0,0.42,2280.45,1.0,24,3.0,18.772,3,2,2,Nested Loop,1,1,0,0,0,0,1,0,0,2052,0,0,0
aircraft_fare_capacity,"SELECT fare_conditions, COUNT(*) AS seat_count FROM aviation.seats WHERE aircraft_code = '738' GROUP BY fare_conditions ORDER BY seat_count DESC",144,0,1,0,True,True,False,1,1,2,1,0,0,0,0,0,17.2,17.21,3.0,16,186.0,0.51,3,3,1,Sort,1,0,0,0,0,0,0,1,1,18,0,0,0
passengers_for_booking,"SELECT b.book_ref, b.book_date, t.ticket_no, t.passenger_name FROM aviation.bookings AS b JOIN aviation.tickets AS t ON t.book_ref = b.book_ref WHERE b.book_ref = '030616'",171,1,1,0,False,False,False,2,2,4,0,1,0,0,0,0,0.29,2280.33,2.0,44,5.0,17.596,3,2,2,Nested Loop,1,1,0,0,0,0,1,0,0,2050,0,0,0
recent_flights_sorted,"SELECT flight_no, departure_airport, arrival_airport, scheduled_departure FROM aviation.flights WHERE departure_airport = 'BQT' ORDER BY scheduled_departure DESC LIMIT 10",170,0,1,0,False,True,False,1,1,4,0,0,0,0,0,0,250.61,250.63,10.0,23,2010.0,2.626,3,3,1,Limit,1,0,0,0,0,0,0,1,0,318,0,0,0
boarding_pass_lookup,"SELECT bp.boarding_no, bp.seat_no, t.passenger_name FROM aviation.boarding_passes AS bp JOIN aviation.tickets AS t ON t.ticket_no = bp.ticket_no WHERE bp.flight_id = 2217 AND bp.boarding_no BETWEEN 5 AND 9",205,1,2,0,False,False,False,2,2,3,0,1,0,0,0,0,0.71,57.58,5.0,22,11.0,0.315,3,2,2,Nested Loop,0,2,0,0,0,0,1,0,0,46,0,0,0
top_routes,"SELECT departure_airport, arrival_airport, COUNT(*) AS flight_count FROM aviation.flights WHERE scheduled_departure >= DATE '2025-11-05' AND scheduled_departure < DATE '2026-02-03' GROUP BY departure_airport, arrival_airport ORDER BY flight_count DESC LIMIT 3",259,0,2,0,True,True,False,1,1,3,1,0,0,0,0,0,267.8,267.81,3.0,16,1738.0,3.726,4,4,1,Limit,1,0,0,0,0,0,0,1,1,422,0,0,0
daily_flight_count,"SELECT scheduled_departure::date AS flight_date, COUNT(*) AS flight_count FROM aviation.flights WHERE departure_airport = 'VTB' GROUP BY scheduled_departure::date ORDER BY flight_date",183,0,1,0,True,True,False,1,1,2,1,0,0,0,0,0,281.33,301.24,993.0,12,2993.0,3.617,3,3,1,Aggregate,1,0,0,0,0,0,0,1,1,318,0,0,0
unboarded_tickets,"SELECT tf.ticket_no, tf.fare_conditions FROM aviation.ticket_flights AS tf LEFT JOIN aviation.boarding_passes AS bp ON bp.ticket_no = tf.ticket_no AND bp.flight_id = tf.flight_id WHERE tf.flight_id = 2511 AND bp.ticket_no IS NULL",229,1,2,0,False,False,False,2,2,2,0,0,1,0,0,0,0.29,2109.74,10.0,22,40.0,14.11,4,3,2,Nested Loop,1,1,0,0,0,0,1,0,0,1677,0,0,0
booking_ticket_count,"SELECT b.book_ref, COUNT(t.ticket_no) AS ticket_count FROM aviation.bookings AS b JOIN aviation.tickets AS t ON t.book_ref = b.book_ref WHERE b.book_date >= DATE '2024-12-01' AND b.book_date < DATE '2024-12-15' GROUP BY b.book_ref HAVING COUNT(t.ticket_no) >= 2",261,1,2,0,True,False,False,2,2,2,2,1,0,0,0,0,3395.08,3418.17,616.0,15,108004.0,50.155,5,4,2,Aggregate,2,0,0,0,1,0,0,0,1,4342,0,0,0
aircraft_seat_capacity,"SELECT a.aircraft_code, a.model, COUNT(s.seat_no) AS seat_count FROM aviation.aircrafts AS a JOIN aviation.seats AS s ON s.aircraft_code = a.aircraft_code WHERE s.fare_conditions = 'Comfort' GROUP BY a.aircraft_code, a.model ORDER BY seat_count DESC",249,1,1,0,True,True,False,2,2,3,1,1,0,0,0,0,18.65,18.67,5.0,27,260.0,0.487,6,5,2,Sort,2,0,0,0,1,0,0,1,1,28,0,0,0
flight_revenue,"SELECT f.flight_id, f.flight_no, COUNT(*) AS ticket_count, SUM(tf.amount) AS revenue FROM aviation.flights AS f JOIN aviation.ticket_flights AS tf ON tf.flight_id = f.flight_id WHERE f.flight_id = 2697 GROUP BY f.flight_id, f.flight_no",235,1,1,0,True,False,False,2,2,4,2,1,0,0,0,0,0.29,2092.47,1.0,51,22.0,14.505,4,3,2,Aggregate,1,1,0,0,0,0,1,0,1,2511,0,0,0
ticket_name_prefix,"SELECT ticket_no, passenger_id, passenger_name FROM aviation.tickets WHERE passenger_name LIKE 'Passenger 87004%' ORDER BY ticket_no LIMIT 50",141,0,1,0,False,True,False,1,1,3,0,0,0,0,0,0,2272.17,2272.19,10.0,41,30.0,22.932,3,3,1,Limit,1,0,0,0,0,0,0,1,0,3072,0,0,0
aircraft_flight_counts,"SELECT a.aircraft_code, a.model, COUNT(f.flight_id) AS flight_count FROM aviation.aircrafts AS a LEFT JOIN aviation.flights AS f ON f.aircraft_code = a.aircraft_code WHERE a.range_km >= 4000 GROUP BY a.aircraft_code, a.model",224,1,1,0,True,False,False,2,2,3,1,0,1,0,0,0,303.62,303.68,5.0,27,20015.0,8.795,5,4,2,Aggregate,2,0,0,0,1,0,0,0,1,316,0,0,0
fare_statistics,"SELECT fare_conditions, COUNT(*) AS ticket_count, AVG(amount) AS average_amount FROM aviation.ticket_flights WHERE fare_conditions = 'Business' AND amount >= 9250 GROUP BY fare_conditions HAVING COUNT(*) > 10",208,0,2,0,True,False,False,1,1,3,3,0,0,0,0,0,0.0,2357.44,1.0,48,4686.0,32.208,2,2,1,Aggregate,1,0,0,0,0,0,0,0,1,1668,0,0,0
bookings_with_expensive_ticket,"SELECT b.book_ref, b.total_amount FROM aviation.bookings AS b WHERE EXISTS (SELECT 1 FROM aviation.tickets AS t JOIN aviation.ticket_flights AS tf ON tf.ticket_no = t.ticket_no WHERE t.book_ref = b.book_ref AND tf.amount >= 72000)",230,1,3,1,False,False,False,3,3,3,0,1,0,0,0,0,5975.99,7401.43,42714.0,13,363570.0,149.578,7,5,3,Hash Join,3,0,0,0,2,0,0,0,0,8896,0,0,0
flight_revenue,"SELECT f.flight_id, f.flight_no, COUNT(*) AS ticket_count, SUM(tf.amount) AS revenue FROM aviation.flights AS f JOIN aviation.ticket_flights AS tf ON tf.flight_id = f.flight_id WHERE f.flight_id = 6899 GROUP BY f.flight_id, f.flight_no",235,1,1,0,True,False,False,2,2,4,2,1,0,0,0,0,0.29,2092.47,1.0,51,22.0,17.931,4,3,2,Aggregate,1,1,0,0,0,0,1,0,1,2511,0,0,0
unboarded_tickets,"SELECT tf.ticket_no, tf.fare_conditions FROM aviation.ticket_flights AS tf LEFT JOIN aviation.boarding_passes AS bp ON bp.ticket_no = tf.ticket_no AND bp.flight_id = tf.flight_id WHERE tf.flight_id = 5604 AND bp.ticket_no IS NULL",229,1,2,0,False,False,False,2,2,2,0,0,1,0,0,0,0.29,2109.74,10.0,22,40.0,13.985,4,3,2,Nested Loop,1,1,0,0,0,0,1,0,0,1677,0,0,0
boarding_pass_lookup,"SELECT bp.boarding_no, bp.seat_no, t.passenger_name FROM aviation.boarding_passes AS bp JOIN aviation.tickets AS t ON t.ticket_no = bp.ticket_no WHERE bp.flight_id = 183 AND bp.boarding_no BETWEEN 1 AND 6",204,1,2,0,False,False,False,2,2,3,0,1,0,0,0,0,0.71,67.79,6.0,22,13.0,0.037,3,2,2,Nested Loop,0,2,0,0,0,0,1,0,0,4,0,0,0
airport_connections,"SELECT dep.city AS departure_city, arr.city AS arrival_city, COUNT(*) AS flights FROM aviation.flights AS f JOIN aviation.airports AS dep ON dep.airport_code = f.departure_airport JOIN aviation.airports AS arr ON arr.airport_code = f.arrival_airport WHERE f.departure_airport = 'WAW' AND f.status = 'Departed' GROUP BY dep.city, arr.city",337,2,2,0,True,False,False,3,2,3,1,2,0,0,0,0,261.66,261.76,10.0,24,781.0,1.908,7,4,2,Aggregate,3,0,0,0,1,0,1,0,1,420,0,0,0
aircraft_fare_capacity,"SELECT fare_conditions, COUNT(*) AS seat_count FROM aviation.seats WHERE aircraft_code = '321' GROUP BY fare_conditions ORDER BY seat_count DESC",144,0,1,0,True,True,False,1,1,2,1,0,0,0,0,0,17.2,17.21,3.0,16,186.0,0.455,3,3,1,Sort,1,0,0,0,0,0,0,1,1,18,0,0,0
ticket_name_prefix,"SELECT ticket_no, passenger_id, passenger_name FROM aviation.tickets WHERE passenger_name LIKE 'Passenger 90433%' ORDER BY ticket_no LIMIT 50",141,0,1,0,False,True,False,1,1,3,0,0,0,0,0,0,2272.17,2272.19,10.0,41,30.0,22.499,3,3,1,Limit,1,0,0,0,0,0,0,1,0,3072,0,0,0
aircraft_seat_capacity,"SELECT a.aircraft_code, a.model, COUNT(s.seat_no) AS seat_count FROM aviation.aircrafts AS a JOIN aviation.seats AS s ON s.aircraft_code = a.aircraft_code WHERE s.fare_conditions = 'Economy' GROUP BY a.aircraft_code, a.model ORDER BY seat_count DESC",249,1,1,0,True,True,False,2,2,3,1,1,0,0,0,0,24.56,24.58,5.0,27,1460.0,1.257,6,5,2,Sort,2,0,0,0,1,0,0,1,1,28,0,0,0
passenger_flight_history,"SELECT t.passenger_id, t.passenger_name, f.flight_no, f.scheduled_departure, tf.fare_conditions FROM aviation.tickets AS t JOIN aviation.ticket_flights AS tf ON tf.ticket_no = t.ticket_no JOIN aviation.flights AS f ON f.flight_id = tf.flight_id WHERE t.passenger_id = '0423-040419' AND f.status = 'Scheduled' ORDER BY f.scheduled_departure DESC",344,2,2,0,False,True,False,3,3,5,0,2,0,0,0,0,2280.77,2280.77,1.0,50,6.0,16.816,6,4,3,Sort,1,2,0,0,0,0,2,1,0,4116,0,0,0
flights_without_tickets,"SELECT f.flight_id, f.flight_no FROM aviation.flights AS f WHERE f.scheduled_departure >= DATE '2025-07-04' AND NOT EXISTS (SELECT 1 FROM aviation.ticket_flights AS tf WHERE tf.flight_id = f.flight_id)",201,0,3,1,False,False,False,2,2,3,0,0,0,0,0,0,3084.0,3337.42,1.0,11,204885.0,58.161,4,3,2,Hash Join,2,0,0,0,1,0,0,0,0,2710,0,0,0
airport_departure_counts,"SELECT departure_airport, COUNT(*) AS flight_count FROM aviation.flights WHERE scheduled_departure >= DATE '2025-07-25' AND scheduled_departure < DATE '2025-08-24' GROUP BY departure_airport ORDER BY flight_count DESC",217,0,2,0,True,True,False,1,1,2,1,0,0,0,0,0,258.32,258.35,10.0,12,831.0,2.648,3,3,1,Sort,1,0,0,0,0,0,0,1,1,315,0,0,0
recent_flights_sorted,"SELECT flight_no, departure_airport, arrival_airport, scheduled_departure FROM aviation.flights WHERE departure_airport = 'GME' ORDER BY scheduled_departure DESC LIMIT 50",170,0,1,0,False,True,False,1,1,4,0,0,0,0,0,0,262.22,262.34,50.0,23,2050.0,2.329,3,3,1,Limit,1,0,0,0,0,0,0,1,0,318,0,0,0
top_routes,"SELECT departure_airport, arrival_airport, COUNT(*) AS flight_count FROM aviation.flights WHERE scheduled_departure >= DATE '2025-05-24' AND scheduled_departure < DATE '2025-07-23' GROUP BY departure_airport, arrival_airport ORDER BY flight_count DESC LIMIT 5",259,0,2,0,True,True,False,1,1,3,1,0,0,0,0,0,268.83,268.84,5.0,16,1827.0,3.762,4,4,1,Limit,1,0,0,0,0,0,0,1,1,422,0,0,0
route_revenue,"SELECT f.departure_airport, f.arrival_airport, SUM(tf.amount) AS revenue FROM aviation.flights AS f JOIN aviation.ticket_flights AS tf ON tf.flight_id = f.flight_id WHERE f.departure_airport = 'MSQ' GROUP BY f.departure_airport, f.arrival_airport ORDER BY revenue DESC",268,1,1,0,True,True,False,2,2,3,1,1,0,0,0,0,2388.4,2388.43,10.0,40,112020.0,43.515,6,5,2,Sort,2,0,0,0,1,0,0,1,1,3859,0,0,0
ticket_fare_lookup,"SELECT t.ticket_no, tf.flight_id, tf.amount FROM aviation.tickets AS t JOIN aviation.ticket_flights AS tf ON tf.ticket_no = t.ticket_no WHERE t.passenger_id = '3545-063539' AND tf.fare_conditions = 'Business'",208,1,2,0,False,False,False,2,2,3,0,1,0,0,0,0,0.42,2280.45,1.0,24,3.0,17.558,3,2,2,Nested Loop,1,1,0,0,0,0,1,0,0,2052,0,0,0
booking_ticket_count,"SELECT b.book_ref, COUNT(t.ticket_no) AS ticket_count FROM aviation.bookings AS b JOIN aviation.tickets AS t ON t.book_ref = b.book_ref WHERE b.book_date >= DATE '2025-03-16' AND b.book_date < DATE '2025-04-15' GROUP BY b.book_ref HAVING COUNT(t.ticket_no) >= 2",261,1,2,0,True,False,False,2,2,2,2,1,0,0,0,0,3445.43,3496.5,1362.0,15,117702.0,60.373,5,4,2,Aggregate,2,0,0,0,1,0,0,0,1,4342,0,0,0
booking_amount_range,"SELECT book_ref, book_date, total_amount FROM aviation.bookings WHERE total_amount BETWEEN 45000 AND 110000",107,0,1,0,False,False,False,1,1,3,0,0,0,0,0,0,0.0,1069.0,6522.0,21,6522.0,15.359,1,1,1,Seq Scan,1,0,0,0,0,0,0,0,0,319,0,0,0
daily_flight_count,"SELECT scheduled_departure::date AS flight_date, COUNT(*) AS flight_count FROM aviation.flights WHERE departure_airport = 'VTB' GROUP BY scheduled_departure::date ORDER BY flight_date",183,0,1,0,True,True,False,1,1,2,1,0,0,0,0,0,281.33,301.24,993.0,12,2993.0,2.482,3,3,1,Aggregate,1,0,0,0,0,0,0,1,1,318,0,0,0
aircraft_flight_counts,"SELECT a.aircraft_code, a.model, COUNT(f.flight_id) AS flight_count FROM aviation.aircrafts AS a LEFT JOIN aviation.flights AS f ON f.aircraft_code = a.aircraft_code WHERE a.range_km >= 6500 GROUP BY a.aircraft_code, a.model",224,1,1,0,True,False,False,2,2,3,1,0,1,0,0,0,273.59,273.61,2.0,27,14006.0,5.314,5,4,2,Aggregate,2,0,0,0,1,0,0,0,1,316,0,0,0
route_by_date,"SELECT flight_id, flight_no, scheduled_departure, status FROM aviation.flights WHERE departure_airport = 'SVO' AND arrival_airport = 'TBS' AND scheduled_departure >= DATE '2025-10-16' AND scheduled_departure < DATE '2025-10-16' + INTERVAL '1 day'",246,0,4,0,False,False,False,1,1,4,0,0,0,0,0,0,0.0,304.0,1.0,27,1.0,2.9,1,1,1,Seq Scan,1,0,0,0,0,0,0,0,0,104,0,0,0
flight_occupancy,"SELECT f.flight_id, COUNT(DISTINCT tf.ticket_no) AS tickets, COUNT(DISTINCT bp.ticket_no) AS boarded FROM aviation.flights AS f LEFT JOIN aviation.ticket_flights AS tf ON tf.flight_id = f.flight_id LEFT JOIN aviation.boarding_passes AS bp ON bp.flight_id = tf.flight_id AND bp.ticket_no = tf.ticket_no WHERE f.flight_id = 934 GROUP BY f.flight_id",346,2,1,0,True,False,False,3,3,3,2,0,2,0,0,0,2112.95,2113.12,1.0,20,62.0,17.018,8,5,3,Aggregate,1,1,1,0,0,1,1,2,1,4197,0,0,0
high_value_passengers,"SELECT t.passenger_id, t.passenger_name, b.total_amount FROM aviation.tickets AS t JOIN aviation.bookings AS b ON b.book_ref = t.book_ref WHERE b.total_amount >= 162500 ORDER BY b.total_amount DESC LIMIT 100",207,1,1,0,False,True,False,2,2,3,0,1,0,0,0,0,6263.64,6263.89,100.0,33,304856.0,112.812,6,5,2,Limit,2,0,0,0,1,0,0,1,0,5689,0,0,0
passengers_for_booking,"SELECT b.book_ref, b.book_date, t.ticket_no, t.passenger_name FROM aviation.bookings AS b JOIN aviation.tickets AS t ON t.book_ref = b.book_ref WHERE b.book_ref = '023114'",171,1,1,0,False,False,False,2,2,4,0,1,0,0,0,0,0.29,2280.33,2.0,44,5.0,15.878,3,2,2,Nested Loop,1,1,0,0,0,0,1,0,0,2050,0,0,0
airport_connections,"SELECT dep.city AS departure_city, arr.city AS arrival_city, COUNT(*) AS flights FROM aviation.flights AS f JOIN aviation.airports AS dep ON dep.airport_code = f.departure_airport JOIN aviation.airports AS arr ON arr.airport_code = f.arrival_airport WHERE f.departure_airport = 'GNA' AND f.status = 'Departed' GROUP BY dep.city, arr.city",337,2,2,0,True,False,False,3,2,3,1,2,0,0,0,0,261.66,261.76,10.0,24,781.0,3.826,7,4,2,Aggregate,3,0,0,0,1,0,1,0,1,424,0,0,0
booking_ticket_count,"SELECT b.book_ref, COUNT(t.ticket_no) AS ticket_count FROM aviation.bookings AS b JOIN aviation.tickets AS t ON t.book_ref = b.book_ref WHERE b.book_date >= DATE '2024-12-26' AND b.book_date < DATE '2025-01-09' GROUP BY b.book_ref HAVING COUNT(t.ticket_no) >= 2",261,1,2,0,True,False,False,2,2,2,2,1,0,0,0,0,3398.45,3423.42,666.0,15,108654.0,57.681,5,4,2,Aggregate,2,0,0,0,1,0,0,0,1,4342,0,0,0
flight_revenue,"SELECT f.flight_id, f.flight_no, COUNT(*) AS ticket_count, SUM(tf.amount) AS revenue FROM aviation.flights AS f JOIN aviation.ticket_flights AS tf ON tf.flight_id = f.flight_id WHERE f.flight_id = 8037 GROUP BY f.flight_id, f.flight_no",235,1,1,0,True,False,False,2,2,4,2,1,0,0,0,0,0.29,2092.47,1.0,51,22.0,13.493,4,3,2,Aggregate,1,1,0,0,0,0,1,0,1,2511,0,0,0
passenger_flight_history,"SELECT t.passenger_id, t.passenger_name, f.flight_no, f.scheduled_departure, tf.fare_conditions FROM aviation.tickets AS t JOIN aviation.ticket_flights AS tf ON tf.ticket_no = t.ticket_no JOIN aviation.flights AS f ON f.flight_id = tf.flight_id WHERE t.passenger_id = '7628-057623' AND f.status = 'On Time' ORDER BY f.scheduled_departure DESC",342,2,2,0,False,True,False,3,3,5,0,2,0,0,0,0,2280.77,2280.77,1.0,50,6.0,17.633,6,4,3,Sort,1,2,0,0,0,0,2,1,0,4116,0,0,0
aircraft_flight_counts,"SELECT a.aircraft_code, a.model, COUNT(f.flight_id) AS flight_count FROM aviation.aircrafts AS a LEFT JOIN aviation.flights AS f ON f.aircraft_code = a.aircraft_code WHERE a.range_km >= 5250 GROUP BY a.aircraft_code, a.model",224,1,1,0,True,False,False,2,2,3,1,0,1,0,0,0,293.61,293.65,4.0,27,18012.0,7.612,5,4,2,Aggregate,2,0,0,0,1,0,0,0,1,316,0,0,0
fare_statistics,"SELECT fare_conditions, COUNT(*) AS ticket_count, AVG(amount) AS average_amount FROM aviation.ticket_flights WHERE fare_conditions = 'Comfort' AND amount >= 69500 GROUP BY fare_conditions HAVING COUNT(*) > 10",208,0,2,0,True,False,False,1,1,3,3,0,0,0,0,0,0.0,2364.99,1.0,48,6195.0,26.878,2,2,1,Aggregate,1,0,0,0,0,0,0,0,1,1668,0,0,0
daily_flight_count,"SELECT scheduled_departure::date AS flight_date, COUNT(*) AS flight_count FROM aviation.flights WHERE departure_airport = 'WAW' GROUP BY scheduled_departure::date ORDER BY flight_date",183,0,1,0,True,True,False,1,1,2,1,0,0,0,0,0,281.33,301.24,993.0,12,2993.0,2.653,3,3,1,Aggregate,1,0,0,0,0,0,0,1,1,318,0,0,0
route_by_date,"SELECT flight_id, flight_no, scheduled_departure, status FROM aviation.flights WHERE departure_airport = 'IST' AND arrival_airport = 'GME' AND scheduled_departure >= DATE '2025-04-15' AND scheduled_departure < DATE '2025-04-15' + INTERVAL '1 day'",246,0,4,0,False,False,False,1,1,4,0,0,0,0,0,0,0.0,304.0,1.0,27,1.0,2.636,1,1,1,Seq Scan,1,0,0,0,0,0,0,0,0,104,0,0,0
flight_occupancy,"SELECT f.flight_id, COUNT(DISTINCT tf.ticket_no) AS tickets, COUNT(DISTINCT bp.ticket_no) AS boarded FROM aviation.flights AS f LEFT JOIN aviation.ticket_flights AS tf ON tf.flight_id = f.flight_id LEFT JOIN aviation.boarding_passes AS bp ON bp.flight_id = tf.flight_id AND bp.ticket_no = tf.ticket_no WHERE f.flight_id = 7620 GROUP BY f.flight_id",347,2,1,0,True,False,False,3,3,3,2,0,2,0,0,0,2112.95,2113.12,1.0,20,62.0,14.495,8,5,3,Aggregate,1,1,1,0,0,1,1,2,1,4197,0,0,0
unboarded_tickets,"SELECT tf.ticket_no, tf.fare_conditions FROM aviation.ticket_flights AS tf LEFT JOIN aviation.boarding_passes AS bp ON bp.ticket_no = tf.ticket_no AND bp.flight_id = tf.flight_id WHERE tf.flight_id = 8582 AND bp.ticket_no IS NULL",229,1,2,0,False,False,False,2,2,2,0,0,1,0,0,0,0.29,2109.74,10.0,22,40.0,14.397,4,3,2,Nested Loop,1,1,0,0,0,0,1,0,0,1677,0,0,0
airport_departure_counts,"SELECT departure_airport, COUNT(*) AS flight_count FROM aviation.flights WHERE scheduled_departure >= DATE '2025-03-11' AND scheduled_departure < DATE '2025-03-25' GROUP BY departure_airport ORDER BY flight_count DESC",217,0,2,0,True,True,False,1,1,2,1,0,0,0,0,0,256.23,256.25,10.0,12,412.0,2.969,3,3,1,Sort,1,0,0,0,0,0,0,1,1,315,0,0,0
booking_amount_range,"SELECT book_ref, book_date, total_amount FROM aviation.bookings WHERE total_amount BETWEEN 315000 AND 460000",108,0,1,0,False,False,False,1,1,3,0,0,0,0,0,0,0.0,1069.0,14833.0,21,14833.0,14.243,1,1,1,Seq Scan,1,0,0,0,0,0,0,0,0,319,0,0,0
aircraft_fare_capacity,"SELECT fare_conditions, COUNT(*) AS seat_count FROM aviation.seats WHERE aircraft_code = '738' GROUP BY fare_conditions ORDER BY seat_count DESC",144,0,1,0,True,True,False,1,1,2,1,0,0,0,0,0,17.2,17.21,3.0,16,186.0,0.347,3,3,1,Sort,1,0,0,0,0,0,0,1,1,18,0,0,0
passengers_for_booking,"SELECT b.book_ref, b.book_date, t.ticket_no, t.passenger_name FROM aviation.bookings AS b JOIN aviation.tickets AS t ON t.book_ref = b.book_ref WHERE b.book_ref = '022260'",171,1,1,0,False,False,False,2,2,4,0,1,0,0,0,0,0.29,2280.33,2.0,44,5.0,16.032,3,2,2,Nested Loop,1,1,0,0,0,0,1,0,0,2050,0,0,0
top_routes,"SELECT departure_airport, arrival_airport, COUNT(*) AS flight_count FROM aviation.flights WHERE scheduled_departure >= DATE '2025-04-08' AND scheduled_departure < DATE '2025-05-08' GROUP BY departure_airport, arrival_airport ORDER BY flight_count DESC LIMIT 5",259,0,2,0,True,True,False,1,1,3,1,0,0,0,0,0,262.95,262.97,5.0,16,1044.0,2.873,4,4,1,Limit,1,0,0,0,0,0,0,1,1,422,0,0,0
aircraft_seat_capacity,"SELECT a.aircraft_code, a.model, COUNT(s.seat_no) AS seat_count FROM aviation.aircrafts AS a JOIN aviation.seats AS s ON s.aircraft_code = a.aircraft_code WHERE s.fare_conditions = 'Business' GROUP BY a.aircraft_code, a.model ORDER BY seat_count DESC",250,1,1,0,True,True,False,2,2,3,1,1,0,0,0,0,18.06,18.07,5.0,27,140.0,0.347,6,5,2,Sort,2,0,0,0,1,0,0,1,1,28,0,0,0
bookings_with_expensive_ticket,"SELECT b.book_ref, b.total_amount FROM aviation.bookings AS b WHERE EXISTS (SELECT 1 FROM aviation.tickets AS t JOIN aviation.ticket_flights AS tf ON tf.ticket_no = t.ticket_no WHERE t.book_ref = b.book_ref AND tf.amount >= 82750)",230,1,3,1,False,False,False,3,3,3,0,1,0,0,0,0,5662.01,6987.65,33743.0,13,318715.0,150.328,7,5,3,Hash Join,3,0,0,0,2,0,0,0,0,8896,0,0,0
boarding_pass_lookup,"SELECT bp.boarding_no, bp.seat_no, t.passenger_name FROM aviation.boarding_passes AS bp JOIN aviation.tickets AS t ON t.ticket_no = bp.ticket_no WHERE bp.flight_id = 8353 AND bp.boarding_no BETWEEN 5 AND 7",205,1,2,0,False,False,False,2,2,3,0,1,0,0,0,0,0.71,37.17,3.0,22,7.0,0.042,3,2,2,Nested Loop,0,2,0,0,0,0,1,0,0,4,0,0,0
recent_flights_sorted,"SELECT flight_no, departure_airport, arrival_airport, scheduled_departure FROM aviation.flights WHERE departure_airport = 'LED' ORDER BY scheduled_departure DESC LIMIT 100",171,0,1,0,False,True,False,1,1,4,0,0,0,0,0,0,267.22,267.47,100.0,23,2100.0,2.193,3,3,1,Limit,1,0,0,0,0,0,0,1,0,318,0,0,0
route_revenue,"SELECT f.departure_airport, f.arrival_airport, SUM(tf.amount) AS revenue FROM aviation.flights AS f JOIN aviation.ticket_flights AS tf ON tf.flight_id = f.flight_id WHERE f.departure_airport = 'IST' GROUP BY f.departure_airport, f.arrival_airport ORDER BY revenue DESC",268,1,1,0,True,True,False,2,2,3,1,1,0,0,0,0,2388.4,2388.43,10.0,40,112020.0,44.234,6,5,2,Sort,2,0,0,0,1,0,0,1,1,3859,0,0,0
high_value_passengers,"SELECT t.passenger_id, t.passenger_name, b.total_amount FROM aviation.tickets AS t JOIN aviation.bookings AS b ON b.book_ref = t.book_ref WHERE b.total_amount >= 352500 ORDER BY b.total_amount DESC LIMIT 100",207,1,1,0,False,True,False,2,2,3,0,1,0,0,0,0,4555.49,4555.74,100.0,33,189620.0,91.768,6,5,2,Limit,2,0,0,0,1,0,0,1,0,5689,0,0,0
flights_without_tickets,"SELECT f.flight_id, f.flight_no FROM aviation.flights AS f WHERE f.scheduled_departure >= DATE '2025-06-30' AND NOT EXISTS (SELECT 1 FROM aviation.ticket_flights AS tf WHERE tf.flight_id = f.flight_id)",201,0,3,1,False,False,False,2,2,3,0,0,0,0,0,0,3084.0,3337.96,1.0,11,204993.0,51.174,4,3,2,Hash Join,2,0,0,0,1,0,0,0,0,2710,0,0,0
ticket_fare_lookup,"SELECT t.ticket_no, tf.flight_id, tf.amount FROM aviation.tickets AS t JOIN aviation.ticket_flights AS tf ON tf.ticket_no = t.ticket_no WHERE t.passenger_id = '0209-040205' AND tf.fare_conditions = 'Economy'",207,1,2,0,False,False,False,2,2,3,0,1,0,0,0,0,0.42,2280.45,1.0,24,3.0,17.515,3,2,2,Nested Loop,1,1,0,0,0,0,1,0,0,2052,0,0,0
ticket_name_prefix,"SELECT ticket_no, passenger_id, passenger_name FROM aviation.tickets WHERE passenger_name LIKE 'Passenger 87160%' ORDER BY ticket_no LIMIT 50",141,0,1,0,False,True,False,1,1,3,0,0,0,0,0,0,2272.17,2272.19,10.0,41,30.0,20.707,3,3,1,Limit,1,0,0,0,0,0,0,1,0,3072,0,0,0
ticket_fare_lookup,"SELECT t.ticket_no, tf.flight_id, tf.amount FROM aviation.tickets AS t JOIN aviation.ticket_flights AS tf ON tf.ticket_no = t.ticket_no WHERE t.passenger_id = '2426-072419' AND tf.fare_conditions = 'Business'",208,1,2,0,False,False,False,2,2,3,0,1,0,0,0,0,0.42,2280.45,1.0,24,3.0,16.159,3,2,2,Nested Loop,1,1,0,0,0,0,1,0,0,2052,0,0,0
recent_flights_sorted,"SELECT flight_no, departure_airport, arrival_airport, scheduled_departure FROM aviation.flights WHERE departure_airport = 'LED' ORDER BY scheduled_departure DESC LIMIT 10",170,0,1,0,False,True,False,1,1,4,0,0,0,0,0,0,250.61,250.63,10.0,23,2010.0,2.84,3,3,1,Limit,1,0,0,0,0,0,0,1,0,318,0,0,0
flight_occupancy,"SELECT f.flight_id, COUNT(DISTINCT tf.ticket_no) AS tickets, COUNT(DISTINCT bp.ticket_no) AS boarded FROM aviation.flights AS f LEFT JOIN aviation.ticket_flights AS tf ON tf.flight_id = f.flight_id LEFT JOIN aviation.boarding_passes AS bp ON bp.flight_id = tf.flight_id AND bp.ticket_no = tf.ticket_no WHERE f.flight_id = 809 GROUP BY f.flight_id",346,2,1,0,True,False,False,3,3,3,2,0,2,0,0,0,2112.95,2113.12,1.0,20,62.0,14.281,8,5,3,Aggregate,1,1,1,0,0,1,1,2,1,4197,0,0,0
flight_revenue,"SELECT f.flight_id, f.flight_no, COUNT(*) AS ticket_count, SUM(tf.amount) AS revenue FROM aviation.flights AS f JOIN aviation.ticket_flights AS tf ON tf.flight_id = f.flight_id WHERE f.flight_id = 5106 GROUP BY f.flight_id, f.flight_no",235,1,1,0,True,False,False,2,2,4,2,1,0,0,0,0,0.29,2092.47,1.0,51,22.0,15.129,4,3,2,Aggregate,1,1,0,0,0,0,1,0,1,2511,0,0,0
ticket_name_prefix,"SELECT ticket_no, passenger_id, passenger_name FROM aviation.tickets WHERE passenger_name LIKE 'Passenger 61705%' ORDER BY ticket_no LIMIT 50",141,0,1,0,False,True,False,1,1,3,0,0,0,0,0,0,2272.17,2272.19,10.0,41,30.0,19.24,3,3,1,Limit,1,0,0,0,0,0,0,1,0,3072,0,0,0
passengers_for_booking,"SELECT b.book_ref, b.book_date, t.ticket_no, t.passenger_name FROM aviation.bookings AS b JOIN aviation.tickets AS t ON t.book_ref = b.book_ref WHERE b.book_ref = '030454'",171,1,1,0,False,False,False,2,2,4,0,1,0,0,0,0,0.29,2280.33,2.0,44,5.0,16.505,3,2,2,Nested Loop,1,1,0,0,0,0,1,0,0,2050,0,0,0
boarding_pass_lookup,"SELECT bp.boarding_no, bp.seat_no, t.passenger_name FROM aviation.boarding_passes AS bp JOIN aviation.tickets AS t ON t.ticket_no = bp.ticket_no WHERE bp.flight_id = 7812 AND bp.boarding_no BETWEEN 4 AND 9",205,1,2,0,False,False,False,2,2,3,0,1,0,0,0,0,0.71,67.79,6.0,22,13.0,0.172,3,2,2,Nested Loop,0,2,0,0,0,0,1,0,0,54,0,0,0
daily_flight_count,"SELECT scheduled_departure::date AS flight_date, COUNT(*) AS flight_count FROM aviation.flights WHERE departure_airport = 'SVO' GROUP BY scheduled_departure::date ORDER BY flight_date",183,0,1,0,True,True,False,1,1,2,1,0,0,0,0,0,281.33,301.24,993.0,12,2993.0,3.649,3,3,1,Aggregate,1,0,0,0,0,0,0,1,1,318,0,0,0
route_revenue,"SELECT f.departure_airport, f.arrival_airport, SUM(tf.amount) AS revenue FROM aviation.flights AS f JOIN aviation.ticket_flights AS tf ON tf.flight_id = f.flight_id WHERE f.departure_airport = 'WAW' GROUP BY f.departure_airport, f.arrival_airport ORDER BY revenue DESC",268,1,1,0,True,True,False,2,2,3,1,1,0,0,0,0,2388.4,2388.43,10.0,40,112020.0,44.747,6,5,2,Sort,2,0,0,0,1,0,0,1,1,3859,0,0,0
bookings_with_expensive_ticket,"SELECT b.book_ref, b.total_amount FROM aviation.bookings AS b WHERE EXISTS (SELECT 1 FROM aviation.tickets AS t JOIN aviation.ticket_flights AS tf ON tf.ticket_no = t.ticket_no WHERE t.book_ref = b.book_ref AND tf.amount >= 72500)",230,1,3,1,False,False,False,3,3,3,0,1,0,0,0,0,5961.92,7382.89,42312.0,13,361560.0,154.642,7,5,3,Hash Join,3,0,0,0,2,0,0,0,0,8896,0,0,0
airport_connections,"SELECT dep.city AS departure_city, arr.city AS arrival_city, COUNT(*) AS flights FROM aviation.flights AS f JOIN aviation.airports AS dep ON dep.airport_code = f.departure_airport JOIN aviation.airports AS arr ON arr.airport_code = f.arrival_airport WHERE f.departure_airport = 'GNA' AND f.status = 'Arrived' GROUP BY dep.city, arr.city",336,2,2,0,True,False,False,3,2,3,1,2,0,0,0,0,261.66,261.76,10.0,24,781.0,3.169,7,4,2,Aggregate,3,0,0,0,1,0,1,0,1,420,0,0,0
route_by_date,"SELECT flight_id, flight_no, scheduled_departure, status FROM aviation.flights WHERE departure_airport = 'GME' AND arrival_airport = 'SVO' AND scheduled_departure >= DATE '2025-12-26' AND scheduled_departure < DATE '2025-12-26' + INTERVAL '1 day'",246,0,4,0,False,False,False,1,1,4,0,0,0,0,0,0,0.0,304.0,1.0,27,1.0,3.721,1,1,1,Seq Scan,1,0,0,0,0,0,0,0,0,104,0,0,0
high_value_passengers,"SELECT t.passenger_id, t.passenger_name, b.total_amount FROM aviation.tickets AS t JOIN aviation.bookings AS b ON b.book_ref = t.book_ref WHERE b.total_amount >= 450000 ORDER BY b.total_amount DESC LIMIT 100",207,1,1,0,False,True,False,2,2,3,0,1,0,0,0,0,3674.28,3674.53,100.0,33,130172.0,100.69,6,5,2,Limit,2,0,0,0,1,0,0,1,0,5689,0,0,0
booking_amount_range,"SELECT book_ref, book_date, total_amount FROM aviation.bookings WHERE total_amount BETWEEN 50000 AND 100000",107,0,1,0,False,False,False,1,1,3,0,0,0,0,0,0,0.0,1069.0,5026.0,21,5026.0,14.48,1,1,1,Seq Scan,1,0,0,0,0,0,0,0,0,319,0,0,0
passenger_flight_history,"SELECT t.passenger_id, t.passenger_name, f.flight_no, f.scheduled_departure, tf.fare_conditions FROM aviation.tickets AS t JOIN aviation.ticket_flights AS tf ON tf.ticket_no = t.ticket_no JOIN aviation.flights AS f ON f.flight_id = tf.flight_id WHERE t.passenger_id = '9879-099870' AND f.status = 'On Time' ORDER BY f.scheduled_departure DESC",342,2,2,0,False,True,False,3,3,5,0,2,0,0,0,0,2280.77,2280.77,1.0,50,6.0,23.299,6,4,3,Sort,1,2,0,0,0,0,2,1,0,4116,0,0,0
aircraft_fare_capacity,"SELECT fare_conditions, COUNT(*) AS seat_count FROM aviation.seats WHERE aircraft_code = 'E95' GROUP BY fare_conditions ORDER BY seat_count DESC",144,0,1,0,True,True,False,1,1,2,1,0,0,0,0,0,17.2,17.21,3.0,16,186.0,0.317,3,3,1,Sort,1,0,0,0,0,0,0,1,1,18,0,0,0
unboarded_tickets,"SELECT tf.ticket_no, tf.fare_conditions FROM aviation.ticket_flights AS tf LEFT JOIN aviation.boarding_passes AS bp ON bp.ticket_no = tf.ticket_no AND bp.flight_id = tf.flight_id WHERE tf.flight_id = 8871 AND bp.ticket_no IS NULL",229,1,2,0,False,False,False,2,2,2,0,0,1,0,0,0,0.29,2109.74,10.0,22,40.0,13.036,4,3,2,Nested Loop,1,1,0,0,0,0,1,0,0,1677,0,0,0
booking_ticket_count,"SELECT b.book_ref, COUNT(t.ticket_no) AS ticket_count FROM aviation.bookings AS b JOIN aviation.tickets AS t ON t.book_ref = b.book_ref WHERE b.book_date >= DATE '2024-10-02' AND b.book_date < DATE '2024-11-01' GROUP BY b.book_ref HAVING COUNT(t.ticket_no) >= 2",261,1,2,0,True,False,False,2,2,2,2,1,0,0,0,0,3445.19,3496.11,1358.0,15,117654.0,54.022,5,4,2,Aggregate,2,0,0,0,1,0,0,0,1,4342,0,0,0
airport_departure_counts,"SELECT departure_airport, COUNT(*) AS flight_count FROM aviation.flights WHERE scheduled_departure >= DATE '2025-03-16' AND scheduled_departure < DATE '2025-05-15' GROUP BY departure_airport ORDER BY flight_count DESC",217,0,2,0,True,True,False,1,1,2,1,0,0,0,0,0,262.66,262.69,10.0,12,1699.0,3.488,3,3,1,Sort,1,0,0,0,0,0,0,1,1,315,0,0,0
aircraft_flight_counts,"SELECT a.aircraft_code, a.model, COUNT(f.flight_id) AS flight_count FROM aviation.aircrafts AS a LEFT JOIN aviation.flights AS f ON f.aircraft_code = a.aircraft_code WHERE a.range_km >= 5000 GROUP BY a.aircraft_code, a.model",224,1,1,0,True,False,False,2,2,3,1,0,1,0,0,0,293.61,293.65,4.0,27,18012.0,7.095,5,4,2,Aggregate,2,0,0,0,1,0,0,0,1,316,0,0,0
top_routes,"SELECT departure_airport, arrival_airport, COUNT(*) AS flight_count FROM aviation.flights WHERE scheduled_departure >= DATE '2025-09-20' AND scheduled_departure < DATE '2025-11-19' GROUP BY departure_airport, arrival_airport ORDER BY flight_count DESC LIMIT 5",259,0,2,0,True,True,False,1,1,3,1,0,0,0,0,0,268.81,268.82,5.0,16,1825.0,3.259,4,4,1,Limit,1,0,0,0,0,0,0,1,1,422,0,0,0
flights_without_tickets,"SELECT f.flight_id, f.flight_no FROM aviation.flights AS f WHERE f.scheduled_departure >= DATE '2025-05-16' AND NOT EXISTS (SELECT 1 FROM aviation.ticket_flights AS tf WHERE tf.flight_id = f.flight_id)",201,0,3,1,False,False,False,2,2,3,0,0,0,0,0,0,3084.0,3344.09,1.0,11,206219.0,67.207,4,3,2,Hash Join,2,0,0,0,1,0,0,0,0,2710,0,0,0
fare_statistics,"SELECT fare_conditions, COUNT(*) AS ticket_count, AVG(amount) AS average_amount FROM aviation.ticket_flights WHERE fare_conditions = 'Comfort' AND amount >= 60750 GROUP BY fare_conditions HAVING COUNT(*) > 10",208,0,2,0,True,False,False,1,1,3,3,0,0,0,0,0,0.0,2370.08,1.0,48,7213.0,25.969,2,2,1,Aggregate,1,0,0,0,0,0,0,0,1,1668,0,0,0
aircraft_seat_capacity,"SELECT a.aircraft_code, a.model, COUNT(s.seat_no) AS seat_count FROM aviation.aircrafts AS a JOIN aviation.seats AS s ON s.aircraft_code = a.aircraft_code WHERE s.fare_conditions = 'Economy' GROUP BY a.aircraft_code, a.model ORDER BY seat_count DESC",249,1,1,0,True,True,False,2,2,3,1,1,0,0,0,0,24.56,24.58,5.0,27,1460.0,0.894,6,5,2,Sort,2,0,0,0,1,0,0,1,1,28,0,0,0
daily_flight_count,"SELECT scheduled_departure::date AS flight_date, COUNT(*) AS flight_count FROM aviation.flights WHERE departure_airport = 'LED' GROUP BY scheduled_departure::date ORDER BY flight_date",183,0,1,0,True,True,False,1,1,2,1,0,0,0,0,0,281.33,301.24,993.0,12,2993.0,3.059,3,3,1,Aggregate,1,0,0,0,0,0,0,1,1,318,0,0,0
route_revenue,"SELECT f.departure_airport, f.arrival_airport, SUM(tf.amount) AS revenue FROM aviation.flights AS f JOIN aviation.ticket_flights AS tf ON tf.flight_id = f.flight_id WHERE f.departure_airport = 'LED' GROUP BY f.departure_airport, f.arrival_airport ORDER BY revenue DESC",268,1,1,0,True,True,False,2,2,3,1,1,0,0,0,0,2388.4,2388.43,10.0,40,112020.0,42.939,6,5,2,Sort,2,0,0,0,1,0,0,1,1,3859,0,0,0
passenger_flight_history,"SELECT t.passenger_id, t.passenger_name, f.flight_no, f.scheduled_departure, tf.fare_conditions FROM aviation.tickets AS t JOIN aviation.ticket_flights AS tf ON tf.ticket_no = t.ticket_no JOIN aviation.flights AS f ON f.flight_id = tf.flight_id WHERE t.passenger_id = '5148-095139' AND f.status = 'Scheduled' ORDER BY f.scheduled_departure DESC",344,2,2,0,False,True,False,3,3,5,0,2,0,0,0,0,2280.77,2280.77,1.0,50,6.0,18.008,6,4,3,Sort,1,2,0,0,0,0,2,1,0,4116,0,0,0
ticket_fare_lookup,"SELECT t.ticket_no, tf.flight_id, tf.amount FROM aviation.tickets AS t JOIN aviation.ticket_flights AS tf ON tf.ticket_no = t.ticket_no WHERE t.passenger_id = '5080-055075' AND tf.fare_conditions = 'Business'",208,1,2,0,False,False,False,2,2,3,0,1,0,0,0,0,0.42,2280.45,1.0,24,3.0,16.672,3,2,2,Nested Loop,1,1,0,0,0,0,1,0,0,2052,0,0,0
booking_ticket_count,"SELECT b.book_ref, COUNT(t.ticket_no) AS ticket_count FROM aviation.bookings AS b JOIN aviation.tickets AS t ON t.book_ref = b.book_ref WHERE b.book_date >= DATE '2025-07-19' AND b.book_date < DATE '2025-08-18' GROUP BY b.book_ref HAVING COUNT(t.ticket_no) >= 2",261,1,2,0,True,False,False,2,2,2,2,1,0,0,0,0,3442.94,3492.61,1325.0,15,117221.0,52.315,5,4,2,Aggregate,2,0,0,0,1,0,0,0,1,4342,0,0,0
aircraft_flight_counts,"SELECT a.aircraft_code, a.model, COUNT(f.flight_id) AS flight_count FROM aviation.aircrafts AS a LEFT JOIN aviation.flights AS f ON f.aircraft_code = a.aircraft_code WHERE a.range_km >= 6250 GROUP BY a.aircraft_code, a.model",224,1,1,0,True,False,False,2,2,3,1,0,1,0,0,0,273.59,273.61,2.0,27,14006.0,4.341,5,4,2,Aggregate,2,0,0,0,1,0,0,0,1,316,0,0,0
flight_occupancy,"SELECT f.flight_id, COUNT(DISTINCT tf.ticket_no) AS tickets, COUNT(DISTINCT bp.ticket_no) AS boarded FROM aviation.flights AS f LEFT JOIN aviation.ticket_flights AS tf ON tf.flight_id = f.flight_id LEFT JOIN aviation.boarding_passes AS bp ON bp.flight_id = tf.flight_id AND bp.ticket_no = tf.ticket_no WHERE f.flight_id = 4028 GROUP BY f.flight_id",347,2,1,0,True,False,False,3,3,3,2,0,2,0,0,0,2112.95,2113.12,1.0,20,62.0,14.088,8,5,3,Aggregate,1,1,1,0,0,1,1,2,1,4197,0,0,0
boarding_pass_lookup,"SELECT bp.boarding_no, bp.seat_no, t.passenger_name FROM aviation.boarding_passes AS bp JOIN aviation.tickets AS t ON t.ticket_no = bp.ticket_no WHERE bp.flight_id = 4560 AND bp.boarding_no BETWEEN 4 AND 6",205,1,2,0,False,False,False,2,2,3,0,1,0,0,0,0,0.71,37.17,3.0,22,7.0,0.135,3,2,2,Nested Loop,0,2,0,0,0,0,1,0,0,30,0,0,0
route_by_date,"SELECT flight_id, flight_no, scheduled_departure, status FROM aviation.flights WHERE departure_airport = 'GME' AND arrival_airport = 'SVO' AND scheduled_departure >= DATE '2025-04-07' AND scheduled_departure < DATE '2025-04-07' + INTERVAL '1 day'",246,0,4,0,False,False,False,1,1,4,0,0,0,0,0,0,0.0,304.0,1.0,27,1.0,2.651,1,1,1,Seq Scan,1,0,0,0,0,0,0,0,0,104,0,0,0
flight_revenue,"SELECT f.flight_id, f.flight_no, COUNT(*) AS ticket_count, SUM(tf.amount) AS revenue FROM aviation.flights AS f JOIN aviation.ticket_flights AS tf ON tf.flight_id = f.flight_id WHERE f.flight_id = 27 GROUP BY f.flight_id, f.flight_no",233,1,1,0,True,False,False,2,2,4,2,1,0,0,0,0,0.29,2092.47,1.0,51,22.0,13.614,4,3,2,Aggregate,1,1,0,0,0,0,1,0,1,2511,0,0,0
unboarded_tickets,"SELECT tf.ticket_no, tf.fare_conditions FROM aviation.ticket_flights AS tf LEFT JOIN aviation.boarding_passes AS bp ON bp.ticket_no = tf.ticket_no AND bp.flight_id = tf.flight_id WHERE tf.flight_id = 8197 AND bp.ticket_no IS NULL",229,1,2,0,False,False,False,2,2,2,0,0,1,0,0,0,0.29,2109.74,10.0,22,40.0,13.388,4,3,2,Nested Loop,1,1,0,0,0,0,1,0,0,1677,0,0,0
fare_statistics,"SELECT fare_conditions, COUNT(*) AS ticket_count, AVG(amount) AS average_amount FROM aviation.ticket_flights WHERE fare_conditions = 'Business' AND amount >= 45000 GROUP BY fare_conditions HAVING COUNT(*) > 10",209,0,2,0,True,False,False,1,1,3,3,0,0,0,0,0,0.0,2350.13,1.0,48,3224.0,25.5,2,2,1,Aggregate,1,0,0,0,0,0,0,0,1,1668,0,0,0
airport_departure_counts,"SELECT departure_airport, COUNT(*) AS flight_count FROM aviation.flights WHERE scheduled_departure >= DATE '2025-03-04' AND scheduled_departure < DATE '2025-04-03' GROUP BY departure_airport ORDER BY flight_count DESC",217,0,2,0,True,True,False,1,1,2,1,0,0,0,0,0,258.47,258.49,10.0,12,860.0,3.172,3,3,1,Sort,1,0,0,0,0,0,0,1,1,315,0,0,0
aircraft_seat_capacity,"SELECT a.aircraft_code, a.model, COUNT(s.seat_no) AS seat_count FROM aviation.aircrafts AS a JOIN aviation.seats AS s ON s.aircraft_code = a.aircraft_code WHERE s.fare_conditions = 'Business' GROUP BY a.aircraft_code, a.model ORDER BY seat_count DESC",250,1,1,0,True,True,False,2,2,3,1,1,0,0,0,0,18.06,18.07,5.0,27,140.0,0.352,6,5,2,Sort,2,0,0,0,1,0,0,1,1,28,0,0,0
bookings_with_expensive_ticket,"SELECT b.book_ref, b.total_amount FROM aviation.bookings AS b WHERE EXISTS (SELECT 1 FROM aviation.tickets AS t JOIN aviation.ticket_flights AS tf ON tf.ticket_no = t.ticket_no WHERE t.book_ref = b.book_ref AND tf.amount >= 41750)",230,1,3,1,False,False,False,3,3,3,0,1,0,0,0,0,6384.13,7889.62,49909.0,13,503834.0,197.59,7,5,3,Hash Join,3,0,0,0,2,0,0,0,0,9084,0,0,0
aircraft_fare_capacity,"SELECT fare_conditions, COUNT(*) AS seat_count FROM aviation.seats WHERE aircraft_code = 'SU9' GROUP BY fare_conditions ORDER BY seat_count DESC",144,0,1,0,True,True,False,1,1,2,1,0,0,0,0,0,17.2,17.21,3.0,16,186.0,0.302,3,3,1,Sort,1,0,0,0,0,0,0,1,1,18,0,0,0
airport_connections,"SELECT dep.city AS departure_city, arr.city AS arrival_city, COUNT(*) AS flights FROM aviation.flights AS f JOIN aviation.airports AS dep ON dep.airport_code = f.departure_airport JOIN aviation.airports AS arr ON arr.airport_code = f.arrival_airport WHERE f.departure_airport = 'VTB' AND f.status = 'On Time' GROUP BY dep.city, arr.city",336,2,2,0,True,False,False,3,2,3,1,2,0,0,0,0,261.66,261.76,10.0,24,781.0,2.555,7,4,2,Aggregate,3,0,0,0,1,0,1,0,1,424,0,0,0
flights_without_tickets,"SELECT f.flight_id, f.flight_no FROM aviation.flights AS f WHERE f.scheduled_departure >= DATE '2025-12-19' AND NOT EXISTS (SELECT 1 FROM aviation.ticket_flights AS tf WHERE tf.flight_id = f.flight_id)",201,0,3,1,False,False,False,2,2,3,0,0,0,0,0,0,3084.0,3314.74,1.0,11,200349.0,49.667,4,3,2,Hash Join,2,0,0,0,1,0,0,0,0,2710,0,0,0
booking_amount_range,"SELECT book_ref, book_date, total_amount FROM aviation.bookings WHERE total_amount BETWEEN 35000 AND 75000",106,0,1,0,False,False,False,1,1,3,0,0,0,0,0,0,0.0,1069.0,4013.0,21,4013.0,14.417,1,1,1,Seq Scan,1,0,0,0,0,0,0,0,0,319,0,0,0
recent_flights_sorted,"SELECT flight_no, departure_airport, arrival_airport, scheduled_departure FROM aviation.flights WHERE departure_airport = 'TBS' ORDER BY scheduled_departure DESC LIMIT 10",170,0,1,0,False,True,False,1,1,4,0,0,0,0,0,0,250.61,250.63,10.0,23,2010.0,2.511,3,3,1,Limit,1,0,0,0,0,0,0,1,0,318,0,0,0
passengers_for_booking,"SELECT b.book_ref, b.book_date, t.ticket_no, t.passenger_name FROM aviation.bookings AS b JOIN aviation.tickets AS t ON t.book_ref = b.book_ref WHERE b.book_ref = '005159'",171,1,1,0,False,False,False,2,2,4,0,1,0,0,0,0,0.29,2280.33,2.0,44,5.0,15.417,3,2,2,Nested Loop,1,1,0,0,0,0,1,0,0,2050,0,0,0
top_routes,"SELECT departure_airport, arrival_airport, COUNT(*) AS flight_count FROM aviation.flights WHERE scheduled_departure >= DATE '2025-04-29' AND scheduled_departure < DATE '2025-05-29' GROUP BY departure_airport, arrival_airport ORDER BY flight_count DESC LIMIT 10",260,0,2,0,True,True,False,1,1,3,1,0,0,0,0,0,263.45,263.48,10.0,16,1049.0,3.753,4,4,1,Limit,1,0,0,0,0,0,0,1,1,422,0,0,0
ticket_name_prefix,"SELECT ticket_no, passenger_id, passenger_name FROM aviation.tickets WHERE passenger_name LIKE 'Passenger 13446%' ORDER BY ticket_no LIMIT 50",141,0,1,0,False,True,False,1,1,3,0,0,0,0,0,0,2272.17,2272.19,10.0,41,30.0,19.064,3,3,1,Limit,1,0,0,0,0,0,0,1,0,3072,0,0,0
high_value_passengers,"SELECT t.passenger_id, t.passenger_name, b.total_amount FROM aviation.tickets AS t JOIN aviation.bookings AS b ON b.book_ref = t.book_ref WHERE b.total_amount >= 285000 ORDER BY b.total_amount DESC LIMIT 100",207,1,1,0,False,True,False,2,2,3,0,1,0,0,0,0,5170.94,5171.19,100.0,33,231140.0,101.577,6,5,2,Limit,2,0,0,0,1,0,0,1,0,5689,0,0,0
passengers_for_booking,"SELECT b.book_ref, b.book_date, t.ticket_no, t.passenger_name FROM aviation.bookings AS b JOIN aviation.tickets AS t ON t.book_ref = b.book_ref WHERE b.book_ref = '026249'",171,1,1,0,False,False,False,2,2,4,0,1,0,0,0,0,0.29,2280.33,2.0,44,5.0,18.107,3,2,2,Nested Loop,1,1,0,0,0,0,1,0,0,2050,0,0,0
unboarded_tickets,"SELECT tf.ticket_no, tf.fare_conditions FROM aviation.ticket_flights AS tf LEFT JOIN aviation.boarding_passes AS bp ON bp.ticket_no = tf.ticket_no AND bp.flight_id = tf.flight_id WHERE tf.flight_id = 7924 AND bp.ticket_no IS NULL",229,1,2,0,False,False,False,2,2,2,0,0,1,0,0,0,0.29,2109.74,10.0,22,40.0,14.717,4,3,2,Nested Loop,1,1,0,0,0,0,1,0,0,1677,0,0,0
flight_occupancy,"SELECT f.flight_id, COUNT(DISTINCT tf.ticket_no) AS tickets, COUNT(DISTINCT bp.ticket_no) AS boarded FROM aviation.flights AS f LEFT JOIN aviation.ticket_flights AS tf ON tf.flight_id = f.flight_id LEFT JOIN aviation.boarding_passes AS bp ON bp.flight_id = tf.flight_id AND bp.ticket_no = tf.ticket_no WHERE f.flight_id = 4607 GROUP BY f.flight_id",347,2,1,0,True,False,False,3,3,3,2,0,2,0,0,0,2112.95,2113.12,1.0,20,62.0,13.479,8,5,3,Aggregate,1,1,1,0,0,1,1,2,1,4197,0,0,0
airport_departure_counts,"SELECT departure_airport, COUNT(*) AS flight_count FROM aviation.flights WHERE scheduled_departure >= DATE '2025-11-22' AND scheduled_departure < DATE '2025-12-06' GROUP BY departure_airport ORDER BY flight_count DESC",217,0,2,0,True,True,False,1,1,2,1,0,0,0,0,0,256.16,256.18,10.0,12,398.0,2.845,3,3,1,Sort,1,0,0,0,0,0,0,1,1,315,0,0,0
aircraft_fare_capacity,"SELECT fare_conditions, COUNT(*) AS seat_count FROM aviation.seats WHERE aircraft_code = '738' GROUP BY fare_conditions ORDER BY seat_count DESC",144,0,1,0,True,True,False,1,1,2,1,0,0,0,0,0,17.2,17.21,3.0,16,186.0,0.325,3,3,1,Sort,1,0,0,0,0,0,0,1,1,18,0,0,0
high_value_passengers,"SELECT t.passenger_id, t.passenger_name, b.total_amount FROM aviation.tickets AS t JOIN aviation.bookings AS b ON b.book_ref = t.book_ref WHERE b.total_amount >= 180000 ORDER BY b.total_amount DESC LIMIT 100",207,1,1,0,False,True,False,2,2,3,0,1,0,0,0,0,6103.99,6104.24,100.0,33,294086.0,115.287,6,5,2,Limit,2,0,0,0,1,0,0,1,0,5689,0,0,0
flight_revenue,"SELECT f.flight_id, f.flight_no, COUNT(*) AS ticket_count, SUM(tf.amount) AS revenue FROM aviation.flights AS f JOIN aviation.ticket_flights AS tf ON tf.flight_id = f.flight_id WHERE f.flight_id = 9658 GROUP BY f.flight_id, f.flight_no",235,1,1,0,True,False,False,2,2,4,2,1,0,0,0,0,0.29,2092.47,1.0,51,22.0,13.382,4,3,2,Aggregate,1,1,0,0,0,0,1,0,1,2511,0,0,0
route_by_date,"SELECT flight_id, flight_no, scheduled_departure, status FROM aviation.flights WHERE departure_airport = 'GME' AND arrival_airport = 'SVO' AND scheduled_departure >= DATE '2025-02-24' AND scheduled_departure < DATE '2025-02-24' + INTERVAL '1 day'",246,0,4,0,False,False,False,1,1,4,0,0,0,0,0,0,0.0,304.0,1.0,27,1.0,2.667,1,1,1,Seq Scan,1,0,0,0,0,0,0,0,0,104,0,0,0
top_routes,"SELECT departure_airport, arrival_airport, COUNT(*) AS flight_count FROM aviation.flights WHERE scheduled_departure >= DATE '2025-09-18' AND scheduled_departure < DATE '2025-10-18' GROUP BY departure_airport, arrival_airport ORDER BY flight_count DESC LIMIT 5",259,0,2,0,True,True,False,1,1,3,1,0,0,0,0,0,262.74,262.76,5.0,16,1016.0,3.134,4,4,1,Limit,1,0,0,0,0,0,0,1,1,422,0,0,0
booking_ticket_count,"SELECT b.book_ref, COUNT(t.ticket_no) AS ticket_count FROM aviation.bookings AS b JOIN aviation.tickets AS t ON t.book_ref = b.book_ref WHERE b.book_date >= DATE '2025-04-28' AND b.book_date < DATE '2025-05-28' GROUP BY b.book_ref HAVING COUNT(t.ticket_no) >= 2",261,1,2,0,True,False,False,2,2,2,2,1,0,0,0,0,3444.58,3495.17,1349.0,15,117537.0,51.738,5,4,2,Aggregate,2,0,0,0,1,0,0,0,1,4342,0,0,0
fare_statistics,"SELECT fare_conditions, COUNT(*) AS ticket_count, AVG(amount) AS average_amount FROM aviation.ticket_flights WHERE fare_conditions = 'Economy' AND amount >= 36000 GROUP BY fare_conditions HAVING COUNT(*) > 10",208,0,2,0,True,False,False,1,1,3,3,0,0,0,0,0,0.0,2628.69,1.0,48,58935.0,40.615,2,2,1,Aggregate,1,0,0,0,0,0,0,0,1,1668,0,0,0
route_revenue,"SELECT f.departure_airport, f.arrival_airport, SUM(tf.amount) AS revenue FROM aviation.flights AS f JOIN aviation.ticket_flights AS tf ON tf.flight_id = f.flight_id WHERE f.departure_airport = 'WAW' GROUP BY f.departure_airport, f.arrival_airport ORDER BY revenue DESC",268,1,1,0,True,True,False,2,2,3,1,1,0,0,0,0,2388.4,2388.43,10.0,40,112020.0,43.967,6,5,2,Sort,2,0,0,0,1,0,0,1,1,3859,0,0,0
passenger_flight_history,"SELECT t.passenger_id, t.passenger_name, f.flight_no, f.scheduled_departure, tf.fare_conditions FROM aviation.tickets AS t JOIN aviation.ticket_flights AS tf ON tf.ticket_no = t.ticket_no JOIN aviation.flights AS f ON f.flight_id = tf.flight_id WHERE t.passenger_id = '5581-065575' AND f.status = 'Scheduled' ORDER BY f.scheduled_departure DESC",344,2,2,0,False,True,False,3,3,5,0,2,0,0,0,0,2280.77,2280.77,1.0,50,6.0,20.424,6,4,3,Sort,1,2,0,0,0,0,2,1,0,4116,0,0,0
boarding_pass_lookup,"SELECT bp.boarding_no, bp.seat_no, t.passenger_name FROM aviation.boarding_passes AS bp JOIN aviation.tickets AS t ON t.ticket_no = bp.ticket_no WHERE bp.flight_id = 7638 AND bp.boarding_no BETWEEN 3 AND 5",205,1,2,0,False,False,False,2,2,3,0,1,0,0,0,0,0.71,37.17,3.0,22,7.0,0.197,3,2,2,Nested Loop,0,2,0,0,0,0,1,0,0,30,0,0,0
aircraft_seat_capacity,"SELECT a.aircraft_code, a.model, COUNT(s.seat_no) AS seat_count FROM aviation.aircrafts AS a JOIN aviation.seats AS s ON s.aircraft_code = a.aircraft_code WHERE s.fare_conditions = 'Comfort' GROUP BY a.aircraft_code, a.model ORDER BY seat_count DESC",249,1,1,0,True,True,False,2,2,3,1,1,0,0,0,0,18.65,18.67,5.0,27,260.0,0.382,6,5,2,Sort,2,0,0,0,1,0,0,1,1,28,0,0,0
aircraft_flight_counts,"SELECT a.aircraft_code, a.model, COUNT(f.flight_id) AS flight_count FROM aviation.aircrafts AS a LEFT JOIN aviation.flights AS f ON f.aircraft_code = a.aircraft_code WHERE a.range_km >= 5000 GROUP BY a.aircraft_code, a.model",224,1,1,0,True,False,False,2,2,3,1,0,1,0,0,0,293.61,293.65,4.0,27,18012.0,7.519,5,4,2,Aggregate,2,0,0,0,1,0,0,0,1,316,0,0,0
bookings_with_expensive_ticket,"SELECT b.book_ref, b.total_amount FROM aviation.bookings AS b WHERE EXISTS (SELECT 1 FROM aviation.tickets AS t JOIN aviation.ticket_flights AS tf ON tf.ticket_no = t.ticket_no WHERE t.book_ref = b.book_ref AND tf.amount >= 119750)",231,1,3,1,False,False,False,3,3,3,0,1,0,0,0,0,4549.29,5505.4,2720.0,13,113601.0,80.04,7,5,3,Nested Loop,2,1,0,0,1,0,1,0,1,24512,0,0,0
flights_without_tickets,"SELECT f.flight_id, f.flight_no FROM aviation.flights AS f WHERE f.scheduled_departure >= DATE '2025-04-11' AND NOT EXISTS (SELECT 1 FROM aviation.ticket_flights AS tf WHERE tf.flight_id = f.flight_id)",201,0,3,1,False,False,False,2,2,3,0,0,0,0,0,0,3084.0,3348.99,1.0,11,207198.0,54.47,4,3,2,Hash Join,2,0,0,0,1,0,0,0,0,2710,0,0,0
recent_flights_sorted,"SELECT flight_no, departure_airport, arrival_airport, scheduled_departure FROM aviation.flights WHERE departure_airport = 'LED' ORDER BY scheduled_departure DESC LIMIT 100",171,0,1,0,False,True,False,1,1,4,0,0,0,0,0,0,267.22,267.47,100.0,23,2100.0,2.677,3,3,1,Limit,1,0,0,0,0,0,0,1,0,318,0,0,0
airport_connections,"SELECT dep.city AS departure_city, arr.city AS arrival_city, COUNT(*) AS flights FROM aviation.flights AS f JOIN aviation.airports AS dep ON dep.airport_code = f.departure_airport JOIN aviation.airports AS arr ON arr.airport_code = f.arrival_airport WHERE f.departure_airport = 'LED' AND f.status = 'Scheduled' GROUP BY dep.city, arr.city",338,2,2,0,True,False,False,3,2,3,1,2,0,0,0,0,261.66,261.76,10.0,24,781.0,2.727,7,4,2,Aggregate,3,0,0,0,1,0,1,0,1,424,0,0,0
daily_flight_count,"SELECT scheduled_departure::date AS flight_date, COUNT(*) AS flight_count FROM aviation.flights WHERE departure_airport = 'TBS' GROUP BY scheduled_departure::date ORDER BY flight_date",183,0,1,0,True,True,False,1,1,2,1,0,0,0,0,0,281.33,301.24,993.0,12,2993.0,2.704,3,3,1,Aggregate,1,0,0,0,0,0,0,1,1,318,0,0,0
booking_amount_range,"SELECT book_ref, book_date, total_amount FROM aviation.bookings WHERE total_amount BETWEEN 45000 AND 175000",107,0,1,0,False,False,False,1,1,3,0,0,0,0,0,0,0.0,1069.0,13059.0,21,13059.0,15.035,1,1,1,Seq Scan,1,0,0,0,0,0,0,0,0,319,0,0,0
ticket_fare_lookup,"SELECT t.ticket_no, tf.flight_id, tf.amount FROM aviation.tickets AS t JOIN aviation.ticket_flights AS tf ON tf.ticket_no = t.ticket_no WHERE t.passenger_id = '5368-095359' AND tf.fare_conditions = 'Business'",208,1,2,0,False,False,False,2,2,3,0,1,0,0,0,0,0.42,2280.45,1.0,24,3.0,16.18,3,2,2,Nested Loop,1,1,0,0,0,0,1,0,0,2052,0,0,0
ticket_name_prefix,"SELECT ticket_no, passenger_id, passenger_name FROM aviation.tickets WHERE passenger_name LIKE 'Passenger 1939%' ORDER BY ticket_no LIMIT 50",140,0,1,0,False,True,False,1,1,3,0,0,0,0,0,0,2272.17,2272.19,10.0,41,30.0,19.19,3,3,1,Limit,1,0,0,0,0,0,0,1,0,3072,0,0,0
booking_amount_range,"SELECT book_ref, book_date, total_amount FROM aviation.bookings WHERE total_amount BETWEEN 60000 AND 135000",107,0,1,0,False,False,False,1,1,3,0,0,0,0,0,0,0.0,1069.0,7546.0,21,7546.0,13.876,1,1,1,Seq Scan,1,0,0,0,0,0,0,0,0,319,0,0,0
airport_departure_counts,"SELECT departure_airport, COUNT(*) AS flight_count FROM aviation.flights WHERE scheduled_departure >= DATE '2025-03-23' AND scheduled_departure < DATE '2025-04-06' GROUP BY departure_airport ORDER BY flight_count DESC",217,0,2,0,True,True,False,1,1,2,1,0,0,0,0,0,256.23,256.26,10.0,12,413.0,2.903,3,3,1,Sort,1,0,0,0,0,0,0,1,1,315,0,0,0
flights_without_tickets,"SELECT f.flight_id, f.flight_no FROM aviation.flights AS f WHERE f.scheduled_departure >= DATE '2025-11-05' AND NOT EXISTS (SELECT 1 FROM aviation.ticket_flights AS tf WHERE tf.flight_id = f.flight_id)",201,0,3,1,False,False,False,2,2,3,0,0,0,0,0,0,3084.0,3320.68,1.0,11,201537.0,56.997,4,3,2,Hash Join,2,0,0,0,1,0,0,0,0,2710,0,0,0
recent_flights_sorted,"SELECT flight_no, departure_airport, arrival_airport, scheduled_departure FROM aviation.flights WHERE departure_airport = 'VTB' ORDER BY scheduled_departure DESC LIMIT 10",170,0,1,0,False,True,False,1,1,4,0,0,0,0,0,0,250.61,250.63,10.0,23,2010.0,2.292,3,3,1,Limit,1,0,0,0,0,0,0,1,0,318,0,0,0
fare_statistics,"SELECT fare_conditions, COUNT(*) AS ticket_count, AVG(amount) AS average_amount FROM aviation.ticket_flights WHERE fare_conditions = 'Comfort' AND amount >= 72000 GROUP BY fare_conditions HAVING COUNT(*) > 10",208,0,2,0,True,False,False,1,1,3,3,0,0,0,0,0,0.0,2363.57,1.0,48,5911.0,25.17,2,2,1,Aggregate,1,0,0,0,0,0,0,0,1,1668,0,0,0
unboarded_tickets,"SELECT tf.ticket_no, tf.fare_conditions FROM aviation.ticket_flights AS tf LEFT JOIN aviation.boarding_passes AS bp ON bp.ticket_no = tf.ticket_no AND bp.flight_id = tf.flight_id WHERE tf.flight_id = 185 AND bp.ticket_no IS NULL",228,1,2,0,False,False,False,2,2,2,0,0,1,0,0,0,0.29,2109.74,10.0,22,40.0,14.66,4,3,2,Nested Loop,1,1,0,0,0,0,1,0,0,1677,0,0,0
boarding_pass_lookup,"SELECT bp.boarding_no, bp.seat_no, t.passenger_name FROM aviation.boarding_passes AS bp JOIN aviation.tickets AS t ON t.ticket_no = bp.ticket_no WHERE bp.flight_id = 8244 AND bp.boarding_no BETWEEN 1 AND 4",205,1,2,0,False,False,False,2,2,3,0,1,0,0,0,0,0.71,47.37,4.0,22,9.0,0.44,3,2,2,Nested Loop,0,2,0,0,0,0,1,0,0,38,0,0,0
flight_occupancy,"SELECT f.flight_id, COUNT(DISTINCT tf.ticket_no) AS tickets, COUNT(DISTINCT bp.ticket_no) AS boarded FROM aviation.flights AS f LEFT JOIN aviation.ticket_flights AS tf ON tf.flight_id = f.flight_id LEFT JOIN aviation.boarding_passes AS bp ON bp.flight_id = tf.flight_id AND bp.ticket_no = tf.ticket_no WHERE f.flight_id = 6594 GROUP BY f.flight_id",347,2,1,0,True,False,False,3,3,3,2,0,2,0,0,0,2112.95,2113.12,1.0,20,62.0,14.326,8,5,3,Aggregate,1,1,1,0,0,1,1,2,1,4197,0,0,0
top_routes,"SELECT departure_airport, arrival_airport, COUNT(*) AS flight_count FROM aviation.flights WHERE scheduled_departure >= DATE '2025-01-05' AND scheduled_departure < DATE '2025-02-04' GROUP BY departure_airport, arrival_airport ORDER BY flight_count DESC LIMIT 5",259,0,2,0,True,True,False,1,1,3,1,0,0,0,0,0,262.98,262.99,5.0,16,1047.0,4.311,4,4,1,Limit,1,0,0,0,0,0,0,1,1,422,0,0,0
ticket_name_prefix,"SELECT ticket_no, passenger_id, passenger_name FROM aviation.tickets WHERE passenger_name LIKE 'Passenger 45193%' ORDER BY ticket_no LIMIT 50",141,0,1,0,False,True,False,1,1,3,0,0,0,0,0,0,2272.17,2272.19,10.0,41,30.0,22.823,3,3,1,Limit,1,0,0,0,0,0,0,1,0,3072,0,0,0
high_value_passengers,"SELECT t.passenger_id, t.passenger_name, b.total_amount FROM aviation.tickets AS t JOIN aviation.bookings AS b ON b.book_ref = t.book_ref WHERE b.total_amount >= 197500 ORDER BY b.total_amount DESC LIMIT 100",207,1,1,0,False,True,False,2,2,3,0,1,0,0,0,0,5947.64,5947.89,100.0,33,283538.0,114.645,6,5,2,Limit,2,0,0,0,1,0,0,1,0,5689,0,0,0
booking_ticket_count,"SELECT b.book_ref, COUNT(t.ticket_no) AS ticket_count FROM aviation.bookings AS b JOIN aviation.tickets AS t ON t.book_ref = b.book_ref WHERE b.book_date >= DATE '2025-07-17' AND b.book_date < DATE '2025-07-24' GROUP BY b.book_ref HAVING COUNT(t.ticket_no) >= 2",261,1,2,0,True,False,False,2,2,2,2,1,0,0,0,0,3377.48,3390.8,355.0,15,104615.0,44.533,5,4,2,Aggregate,2,0,0,0,1,0,0,0,1,4342,0,0,0
aircraft_seat_capacity,"SELECT a.aircraft_code, a.model, COUNT(s.seat_no) AS seat_count FROM aviation.aircrafts AS a JOIN aviation.seats AS s ON s.aircraft_code = a.aircraft_code WHERE s.fare_conditions = 'Comfort' GROUP BY a.aircraft_code, a.model ORDER BY seat_count DESC",249,1,1,0,True,True,False,2,2,3,1,1,0,0,0,0,18.65,18.67,5.0,27,260.0,0.411,6,5,2,Sort,2,0,0,0,1,0,0,1,1,28,0,0,0
route_revenue,"SELECT f.departure_airport, f.arrival_airport, SUM(tf.amount) AS revenue FROM aviation.flights AS f JOIN aviation.ticket_flights AS tf ON tf.flight_id = f.flight_id WHERE f.departure_airport = 'VTB' GROUP BY f.departure_airport, f.arrival_airport ORDER BY revenue DESC",268,1,1,0,True,True,False,2,2,3,1,1,0,0,0,0,2388.4,2388.43,10.0,40,112020.0,45.948,6,5,2,Sort,2,0,0,0,1,0,0,1,1,3859,0,0,0
passengers_for_booking,"SELECT b.book_ref, b.book_date, t.ticket_no, t.passenger_name FROM aviation.bookings AS b JOIN aviation.tickets AS t ON t.book_ref = b.book_ref WHERE b.book_ref = '020336'",171,1,1,0,False,False,False,2,2,4,0,1,0,0,0,0,0.29,2280.33,2.0,44,5.0,17.334,3,2,2,Nested Loop,1,1,0,0,0,0,1,0,0,2050,0,0,0
ticket_fare_lookup,"SELECT t.ticket_no, tf.flight_id, tf.amount FROM aviation.tickets AS t JOIN aviation.ticket_flights AS tf ON tf.ticket_no = t.ticket_no WHERE t.passenger_id = '3846-003846' AND tf.fare_conditions = 'Business'",208,1,2,0,False,False,False,2,2,3,0,1,0,0,0,0,0.42,2280.45,1.0,24,3.0,22.045,3,2,2,Nested Loop,1,1,0,0,0,0,1,0,0,2052,0,0,0
route_by_date,"SELECT flight_id, flight_no, scheduled_departure, status FROM aviation.flights WHERE departure_airport = 'TBS' AND arrival_airport = 'BQT' AND scheduled_departure >= DATE '2025-02-16' AND scheduled_departure < DATE '2025-02-16' + INTERVAL '1 day'",246,0,4,0,False,False,False,1,1,4,0,0,0,0,0,0,0.0,304.0,1.0,27,1.0,3.692,1,1,1,Seq Scan,1,0,0,0,0,0,0,0,0,104,0,0,0
aircraft_fare_capacity,"SELECT fare_conditions, COUNT(*) AS seat_count FROM aviation.seats WHERE aircraft_code = 'SU9' GROUP BY fare_conditions ORDER BY seat_count DESC",144,0,1,0,True,True,False,1,1,2,1,0,0,0,0,0,17.2,17.21,3.0,16,186.0,0.471,3,3,1,Sort,1,0,0,0,0,0,0,1,1,18,0,0,0
daily_flight_count,"SELECT scheduled_departure::date AS flight_date, COUNT(*) AS flight_count FROM aviation.flights WHERE departure_airport = 'BQT' GROUP BY scheduled_departure::date ORDER BY flight_date",183,0,1,0,True,True,False,1,1,2,1,0,0,0,0,0,281.33,301.24,993.0,12,2993.0,4.999,3,3,1,Aggregate,1,0,0,0,0,0,0,1,1,318,0,0,0
flight_revenue,"SELECT f.flight_id, f.flight_no, COUNT(*) AS ticket_count, SUM(tf.amount) AS revenue FROM aviation.flights AS f JOIN aviation.ticket_flights AS tf ON tf.flight_id = f.flight_id WHERE f.flight_id = 3606 GROUP BY f.flight_id, f.flight_no",235,1,1,0,True,False,False,2,2,4,2,1,0,0,0,0,0.29,2092.47,1.0,51,22.0,14.121,4,3,2,Aggregate,1,1,0,0,0,0,1,0,1,2511,0,0,0
passenger_flight_history,"SELECT t.passenger_id, t.passenger_name, f.flight_no, f.scheduled_departure, tf.fare_conditions FROM aviation.tickets AS t JOIN aviation.ticket_flights AS tf ON tf.ticket_no = t.ticket_no JOIN aviation.flights AS f ON f.flight_id = tf.flight_id WHERE t.passenger_id = '4883-014882' AND f.status = 'On Time' ORDER BY f.scheduled_departure DESC",342,2,2,0,False,True,False,3,3,5,0,2,0,0,0,0,2280.77,2280.77,1.0,50,6.0,24.368,6,4,3,Sort,1,2,0,0,0,0,2,1,0,4116,0,0,0
bookings_with_expensive_ticket,"SELECT b.book_ref, b.total_amount FROM aviation.bookings AS b WHERE EXISTS (SELECT 1 FROM aviation.tickets AS t JOIN aviation.ticket_flights AS tf ON tf.ticket_no = t.ticket_no WHERE t.book_ref = b.book_ref AND tf.amount >= 98000)",230,1,3,1,False,False,False,3,3,3,0,1,0,0,0,0,5215.89,6399.74,20997.0,13,254985.0,106.593,7,5,3,Hash Join,3,0,0,0,2,0,0,0,0,8896,0,0,0
aircraft_flight_counts,"SELECT a.aircraft_code, a.model, COUNT(f.flight_id) AS flight_count FROM aviation.aircrafts AS a LEFT JOIN aviation.flights AS f ON f.aircraft_code = a.aircraft_code WHERE a.range_km >= 6000 GROUP BY a.aircraft_code, a.model",224,1,1,0,True,False,False,2,2,3,1,0,1,0,0,0,273.59,273.61,2.0,27,14006.0,6.136,5,4,2,Aggregate,2,0,0,0,1,0,0,0,1,316,0,0,0
airport_connections,"SELECT dep.city AS departure_city, arr.city AS arrival_city, COUNT(*) AS flights FROM aviation.flights AS f JOIN aviation.airports AS dep ON dep.airport_code = f.departure_airport JOIN aviation.airports AS arr ON arr.airport_code = f.arrival_airport WHERE f.departure_airport = 'LED' AND f.status = 'Departed' GROUP BY dep.city, arr.city",337,2,2,0,True,False,False,3,2,3,1,2,0,0,0,0,261.66,261.76,10.0,24,781.0,3.59,7,4,2,Aggregate,3,0,0,0,1,0,1,0,1,424,0,0,0
booking_ticket_count,"SELECT b.book_ref, COUNT(t.ticket_no) AS ticket_count FROM aviation.bookings AS b JOIN aviation.tickets AS t ON t.book_ref = b.book_ref WHERE b.book_date >= DATE '2025-04-18' AND b.book_date < DATE '2025-04-25' GROUP BY b.book_ref HAVING COUNT(t.ticket_no) >= 2",261,1,2,0,True,False,False,2,2,2,2,1,0,0,0,0,3376.83,3389.78,345.0,15,104489.0,46.617,5,4,2,Aggregate,2,0,0,0,1,0,0,0,1,4342,0,0,0
unboarded_tickets,"SELECT tf.ticket_no, tf.fare_conditions FROM aviation.ticket_flights AS tf LEFT JOIN aviation.boarding_passes AS bp ON bp.ticket_no = tf.ticket_no AND bp.flight_id = tf.flight_id WHERE tf.flight_id = 4261 AND bp.ticket_no IS NULL",229,1,2,0,False,False,False,2,2,2,0,0,1,0,0,0,0.29,2109.74,10.0,22,40.0,14.01,4,3,2,Nested Loop,1,1,0,0,0,0,1,0,0,1677,0,0,0
aircraft_fare_capacity,"SELECT fare_conditions, COUNT(*) AS seat_count FROM aviation.seats WHERE aircraft_code = '320' GROUP BY fare_conditions ORDER BY seat_count DESC",144,0,1,0,True,True,False,1,1,2,1,0,0,0,0,0,17.2,17.21,3.0,16,186.0,0.286,3,3,1,Sort,1,0,0,0,0,0,0,1,1,18,0,0,0
aircraft_flight_counts,"SELECT a.aircraft_code, a.model, COUNT(f.flight_id) AS flight_count FROM aviation.aircrafts AS a LEFT JOIN aviation.flights AS f ON f.aircraft_code = a.aircraft_code WHERE a.range_km >= 6500 GROUP BY a.aircraft_code, a.model",224,1,1,0,True,False,False,2,2,3,1,0,1,0,0,0,273.59,273.61,2.0,27,14006.0,5.111,5,4,2,Aggregate,2,0,0,0,1,0,0,0,1,316,0,0,0
ticket_name_prefix,"SELECT ticket_no, passenger_id, passenger_name FROM aviation.tickets WHERE passenger_name LIKE 'Passenger 9593%' ORDER BY ticket_no LIMIT 50",140,0,1,0,False,True,False,1,1,3,0,0,0,0,0,0,2272.17,2272.19,10.0,41,30.0,28.62,3,3,1,Limit,1,0,0,0,0,0,0,1,0,3072,0,0,0
route_revenue,"SELECT f.departure_airport, f.arrival_airport, SUM(tf.amount) AS revenue FROM aviation.flights AS f JOIN aviation.ticket_flights AS tf ON tf.flight_id = f.flight_id WHERE f.departure_airport = 'LED' GROUP BY f.departure_airport, f.arrival_airport ORDER BY revenue DESC",268,1,1,0,True,True,False,2,2,3,1,1,0,0,0,0,2388.4,2388.43,10.0,40,112020.0,38.149,6,5,2,Sort,2,0,0,0,1,0,0,1,1,3859,0,0,0
booking_amount_range,"SELECT book_ref, book_date, total_amount FROM aviation.bookings WHERE total_amount BETWEEN 290000 AND 405000",108,0,1,0,False,False,False,1,1,3,0,0,0,0,0,0,0.0,1069.0,11800.0,21,11800.0,12.89,1,1,1,Seq Scan,1,0,0,0,0,0,0,0,0,319,0,0,0
flight_revenue,"SELECT f.flight_id, f.flight_no, COUNT(*) AS ticket_count, SUM(tf.amount) AS revenue FROM aviation.flights AS f JOIN aviation.ticket_flights AS tf ON tf.flight_id = f.flight_id WHERE f.flight_id = 8778 GROUP BY f.flight_id, f.flight_no",235,1,1,0,True,False,False,2,2,4,2,1,0,0,0,0,0.29,2092.47,1.0,51,22.0,13.909,4,3,2,Aggregate,1,1,0,0,0,0,1,0,1,2511,0,0,0
daily_flight_count,"SELECT scheduled_departure::date AS flight_date, COUNT(*) AS flight_count FROM aviation.flights WHERE departure_airport = 'VTB' GROUP BY scheduled_departure::date ORDER BY flight_date",183,0,1,0,True,True,False,1,1,2,1,0,0,0,0,0,281.33,301.24,993.0,12,2993.0,2.841,3,3,1,Aggregate,1,0,0,0,0,0,0,1,1,318,0,0,0
fare_statistics,"SELECT fare_conditions, COUNT(*) AS ticket_count, AVG(amount) AS average_amount FROM aviation.ticket_flights WHERE fare_conditions = 'Business' AND amount >= 14750 GROUP BY fare_conditions HAVING COUNT(*) > 10",209,0,2,0,True,False,False,1,1,3,3,0,0,0,0,0,0.0,2356.31,1.0,48,4460.0,25.78,2,2,1,Aggregate,1,0,0,0,0,0,0,0,1,1668,0,0,0
passengers_for_booking,"SELECT b.book_ref, b.book_date, t.ticket_no, t.passenger_name FROM aviation.bookings AS b JOIN aviation.tickets AS t ON t.book_ref = b.book_ref WHERE b.book_ref = '036983'",171,1,1,0,False,False,False,2,2,4,0,1,0,0,0,0,0.29,2280.33,2.0,44,5.0,26.259,3,2,2,Nested Loop,1,1,0,0,0,0,1,0,0,2050,0,0,0
passenger_flight_history,"SELECT t.passenger_id, t.passenger_name, f.flight_no, f.scheduled_departure, tf.fare_conditions FROM aviation.tickets AS t JOIN aviation.ticket_flights AS tf ON tf.ticket_no = t.ticket_no JOIN aviation.flights AS f ON f.flight_id = tf.flight_id WHERE t.passenger_id = '2162-072155' AND f.status = 'On Time' ORDER BY f.scheduled_departure DESC",342,2,2,0,False,True,False,3,3,5,0,2,0,0,0,0,2280.77,2280.77,1.0,50,6.0,16.042,6,4,3,Sort,1,2,0,0,0,0,2,1,0,4116,0,0,0
bookings_with_expensive_ticket,"SELECT b.book_ref, b.total_amount FROM aviation.bookings AS b WHERE EXISTS (SELECT 1 FROM aviation.tickets AS t JOIN aviation.ticket_flights AS tf ON tf.ticket_no = t.ticket_no WHERE t.book_ref = b.book_ref AND tf.amount >= 58750)",230,1,3,1,False,False,False,3,3,3,0,1,0,0,0,0,6169.04,7674.53,49909.0,13,461171.0,197.058,7,5,3,Hash Join,3,0,0,0,2,0,0,0,0,9084,0,0,0
airport_departure_counts,"SELECT departure_airport, COUNT(*) AS flight_count FROM aviation.flights WHERE scheduled_departure >= DATE '2025-01-19' AND scheduled_departure < DATE '2025-02-18' GROUP BY departure_airport ORDER BY flight_count DESC",217,0,2,0,True,True,False,1,1,2,1,0,0,0,0,0,258.48,258.5,10.0,12,862.0,3.502,3,3,1,Sort,1,0,0,0,0,0,0,1,1,315,0,0,0
top_routes,"SELECT departure_airport, arrival_airport, COUNT(*) AS flight_count FROM aviation.flights WHERE scheduled_departure >= DATE '2025-08-10' AND scheduled_departure < DATE '2025-09-09' GROUP BY departure_airport, arrival_airport ORDER BY flight_count DESC LIMIT 3",259,0,2,0,True,True,False,1,1,3,1,0,0,0,0,0,262.36,262.37,3.0,16,1012.0,2.757,4,4,1,Limit,1,0,0,0,0,0,0,1,1,422,0,0,0
flight_occupancy,"SELECT f.flight_id, COUNT(DISTINCT tf.ticket_no) AS tickets, COUNT(DISTINCT bp.ticket_no) AS boarded FROM aviation.flights AS f LEFT JOIN aviation.ticket_flights AS tf ON tf.flight_id = f.flight_id LEFT JOIN aviation.boarding_passes AS bp ON bp.flight_id = tf.flight_id AND bp.ticket_no = tf.ticket_no WHERE f.flight_id = 2696 GROUP BY f.flight_id",347,2,1,0,True,False,False,3,3,3,2,0,2,0,0,0,2112.95,2113.12,1.0,20,62.0,13.881,8,5,3,Aggregate,1,1,1,0,0,1,1,2,1,4193,0,0,0
airport_connections,"SELECT dep.city AS departure_city, arr.city AS arrival_city, COUNT(*) AS flights FROM aviation.flights AS f JOIN aviation.airports AS dep ON dep.airport_code = f.departure_airport JOIN aviation.airports AS arr ON arr.airport_code = f.arrival_airport WHERE f.departure_airport = 'IST' AND f.status = 'Arrived' GROUP BY dep.city, arr.city",336,2,2,0,True,False,False,3,2,3,1,2,0,0,0,0,261.66,261.76,10.0,24,781.0,2.437,7,4,2,Aggregate,3,0,0,0,1,0,1,0,1,424,0,0,0
recent_flights_sorted,"SELECT flight_no, departure_airport, arrival_airport, scheduled_departure FROM aviation.flights WHERE departure_airport = 'WAW' ORDER BY scheduled_departure DESC LIMIT 50",170,0,1,0,False,True,False,1,1,4,0,0,0,0,0,0,262.22,262.34,50.0,23,2050.0,3.111,3,3,1,Limit,1,0,0,0,0,0,0,1,0,318,0,0,0
boarding_pass_lookup,"SELECT bp.boarding_no, bp.seat_no, t.passenger_name FROM aviation.boarding_passes AS bp JOIN aviation.tickets AS t ON t.ticket_no = bp.ticket_no WHERE bp.flight_id = 8000 AND bp.boarding_no BETWEEN 1 AND 3",205,1,2,0,False,False,False,2,2,3,0,1,0,0,0,0,0.71,37.17,3.0,22,7.0,0.129,3,2,2,Nested Loop,0,2,0,0,0,0,1,0,0,30,0,0,0
high_value_passengers,"SELECT t.passenger_id, t.passenger_name, b.total_amount FROM aviation.tickets AS t JOIN aviation.bookings AS b ON b.book_ref = t.book_ref WHERE b.total_amount >= 117500 ORDER BY b.total_amount DESC LIMIT 100",207,1,1,0,False,True,False,2,2,3,0,1,0,0,0,0,6664.49,6664.74,100.0,33,331898.0,126.132,6,5,2,Limit,2,0,0,0,1,0,0,1,0,5689,0,0,0
ticket_fare_lookup,"SELECT t.ticket_no, tf.flight_id, tf.amount FROM aviation.tickets AS t JOIN aviation.ticket_flights AS tf ON tf.ticket_no = t.ticket_no WHERE t.passenger_id = '7170-037167' AND tf.fare_conditions = 'Comfort'",207,1,2,0,False,False,False,2,2,3,0,1,0,0,0,0,0.42,2280.45,1.0,24,3.0,16.122,3,2,2,Nested Loop,1,1,0,0,0,0,1,0,0,2052,0,0,0
flights_without_tickets,"SELECT f.flight_id, f.flight_no FROM aviation.flights AS f WHERE f.scheduled_departure >= DATE '2025-08-24' AND NOT EXISTS (SELECT 1 FROM aviation.ticket_flights AS tf WHERE tf.flight_id = f.flight_id)",201,0,3,1,False,False,False,2,2,3,0,0,0,0,0,0,3084.0,3330.53,1.0,11,203508.0,57.27,4,3,2,Hash Join,2,0,0,0,1,0,0,0,0,2710,0,0,0
route_by_date,"SELECT flight_id, flight_no, scheduled_departure, status FROM aviation.flights WHERE departure_airport = 'TBS' AND arrival_airport = 'BQT' AND scheduled_departure >= DATE '2025-09-04' AND scheduled_departure < DATE '2025-09-04' + INTERVAL '1 day'",246,0,4,0,False,False,False,1,1,4,0,0,0,0,0,0,0.0,304.0,1.0,27,1.0,2.279,1,1,1,Seq Scan,1,0,0,0,0,0,0,0,0,104,0,0,0
aircraft_seat_capacity,"SELECT a.aircraft_code, a.model, COUNT(s.seat_no) AS seat_count FROM aviation.aircrafts AS a JOIN aviation.seats AS s ON s.aircraft_code = a.aircraft_code WHERE s.fare_conditions = 'Economy' GROUP BY a.aircraft_code, a.model ORDER BY seat_count DESC",249,1,1,0,True,True,False,2,2,3,1,1,0,0,0,0,24.56,24.58,5.0,27,1460.0,0.855,6,5,2,Sort,2,0,0,0,1,0,0,1,1,28,0,0,0
ticket_fare_lookup,"SELECT t.ticket_no, tf.flight_id, tf.amount FROM aviation.tickets AS t JOIN aviation.ticket_flights AS tf ON tf.ticket_no = t.ticket_no WHERE t.passenger_id = '4366-014365' AND tf.fare_conditions = 'Comfort'",207,1,2,0,False,False,False,2,2,3,0,1,0,0,0,0,0.42,2280.45,1.0,24,3.0,16.581,3,2,2,Nested Loop,1,1,0,0,0,0,1,0,0,2052,0,0,0
flight_occupancy,"SELECT f.flight_id, COUNT(DISTINCT tf.ticket_no) AS tickets, COUNT(DISTINCT bp.ticket_no) AS boarded FROM aviation.flights AS f LEFT JOIN aviation.ticket_flights AS tf ON tf.flight_id = f.flight_id LEFT JOIN aviation.boarding_passes AS bp ON bp.flight_id = tf.flight_id AND bp.ticket_no = tf.ticket_no WHERE f.flight_id = 2788 GROUP BY f.flight_id",347,2,1,0,True,False,False,3,3,3,2,0,2,0,0,0,2112.95,2113.12,1.0,20,62.0,13.784,8,5,3,Aggregate,1,1,1,0,0,1,1,2,1,4197,0,0,0
aircraft_seat_capacity,"SELECT a.aircraft_code, a.model, COUNT(s.seat_no) AS seat_count FROM aviation.aircrafts AS a JOIN aviation.seats AS s ON s.aircraft_code = a.aircraft_code WHERE s.fare_conditions = 'Economy' GROUP BY a.aircraft_code, a.model ORDER BY seat_count DESC",249,1,1,0,True,True,False,2,2,3,1,1,0,0,0,0,24.56,24.58,5.0,27,1460.0,1.11,6,5,2,Sort,2,0,0,0,1,0,0,1,1,28,0,0,0
aircraft_flight_counts,"SELECT a.aircraft_code, a.model, COUNT(f.flight_id) AS flight_count FROM aviation.aircrafts AS a LEFT JOIN aviation.flights AS f ON f.aircraft_code = a.aircraft_code WHERE a.range_km >= 6500 GROUP BY a.aircraft_code, a.model",224,1,1,0,True,False,False,2,2,3,1,0,1,0,0,0,273.59,273.61,2.0,27,14006.0,4.599,5,4,2,Aggregate,2,0,0,0,1,0,0,0,1,316,0,0,0
ticket_name_prefix,"SELECT ticket_no, passenger_id, passenger_name FROM aviation.tickets WHERE passenger_name LIKE 'Passenger 73149%' ORDER BY ticket_no LIMIT 50",141,0,1,0,False,True,False,1,1,3,0,0,0,0,0,0,2272.17,2272.19,10.0,41,30.0,19.77,3,3,1,Limit,1,0,0,0,0,0,0,1,0,3072,0,0,0
flights_without_tickets,"SELECT f.flight_id, f.flight_no FROM aviation.flights AS f WHERE f.scheduled_departure >= DATE '2025-12-10' AND NOT EXISTS (SELECT 1 FROM aviation.ticket_flights AS tf WHERE tf.flight_id = f.flight_id)",201,0,3,1,False,False,False,2,2,3,0,0,0,0,0,0,3084.0,3315.95,1.0,11,200592.0,54.12,4,3,2,Hash Join,2,0,0,0,1,0,0,0,0,2710,0,0,0
high_value_passengers,"SELECT t.passenger_id, t.passenger_name, b.total_amount FROM aviation.tickets AS t JOIN aviation.bookings AS b ON b.book_ref = t.book_ref WHERE b.total_amount >= 352500 ORDER BY b.total_amount DESC LIMIT 100",207,1,1,0,False,True,False,2,2,3,0,1,0,0,0,0,4555.49,4555.74,100.0,33,189620.0,75.051,6,5,2,Limit,2,0,0,0,1,0,0,1,0,5689,0,0,0
boarding_pass_lookup,"SELECT bp.boarding_no, bp.seat_no, t.passenger_name FROM aviation.boarding_passes AS bp JOIN aviation.tickets AS t ON t.ticket_no = bp.ticket_no WHERE bp.flight_id = 490 AND bp.boarding_no BETWEEN 2 AND 5",204,1,2,0,False,False,False,2,2,3,0,1,0,0,0,0,0.71,47.37,4.0,22,9.0,0.139,3,2,2,Nested Loop,0,2,0,0,0,0,1,0,0,38,0,0,0
flight_revenue,"SELECT f.flight_id, f.flight_no, COUNT(*) AS ticket_count, SUM(tf.amount) AS revenue FROM aviation.flights AS f JOIN aviation.ticket_flights AS tf ON tf.flight_id = f.flight_id WHERE f.flight_id = 5702 GROUP BY f.flight_id, f.flight_no",235,1,1,0,True,False,False,2,2,4,2,1,0,0,0,0,0.29,2092.47,1.0,51,22.0,12.933,4,3,2,Aggregate,1,1,0,0,0,0,1,0,1,2511,0,0,0
route_by_date,"SELECT flight_id, flight_no, scheduled_departure, status FROM aviation.flights WHERE departure_airport = 'VTB' AND arrival_airport = 'LED' AND scheduled_departure >= DATE '2025-08-20' AND scheduled_departure < DATE '2025-08-20' + INTERVAL '1 day'",246,0,4,0,False,False,False,1,1,4,0,0,0,0,0,0,0.0,304.0,1.0,27,1.0,2.812,1,1,1,Seq Scan,1,0,0,0,0,0,0,0,0,104,0,0,0
booking_ticket_count,"SELECT b.book_ref, COUNT(t.ticket_no) AS ticket_count FROM aviation.bookings AS b JOIN aviation.tickets AS t ON t.book_ref = b.book_ref WHERE b.book_date >= DATE '2025-04-30' AND b.book_date < DATE '2025-05-14' GROUP BY b.book_ref HAVING COUNT(t.ticket_no) >= 2",261,1,2,0,True,False,False,2,2,2,2,1,0,0,0,0,3395.98,3419.57,629.0,15,108177.0,51.743,5,4,2,Aggregate,2,0,0,0,1,0,0,0,1,4342,0,0,0
top_routes,"SELECT departure_airport, arrival_airport, COUNT(*) AS flight_count FROM aviation.flights WHERE scheduled_departure >= DATE '2025-09-05' AND scheduled_departure < DATE '2025-10-05' GROUP BY departure_airport, arrival_airport ORDER BY flight_count DESC LIMIT 3",259,0,2,0,True,True,False,1,1,3,1,0,0,0,0,0,262.36,262.37,3.0,16,1012.0,3.472,4,4,1,Limit,1,0,0,0,0,0,0,1,1,422,0,0,0
airport_departure_counts,"SELECT departure_airport, COUNT(*) AS flight_count FROM aviation.flights WHERE scheduled_departure >= DATE '2025-03-28' AND scheduled_departure < DATE '2025-05-27' GROUP BY departure_airport ORDER BY flight_count DESC",217,0,2,0,True,True,False,1,1,2,1,0,0,0,0,0,262.66,262.69,10.0,12,1699.0,3.385,3,3,1,Sort,1,0,0,0,0,0,0,1,1,315,0,0,0
daily_flight_count,"SELECT scheduled_departure::date AS flight_date, COUNT(*) AS flight_count FROM aviation.flights WHERE departure_airport = 'IST' GROUP BY scheduled_departure::date ORDER BY flight_date",183,0,1,0,True,True,False,1,1,2,1,0,0,0,0,0,281.33,301.24,993.0,12,2993.0,4.601,3,3,1,Aggregate,1,0,0,0,0,0,0,1,1,318,0,0,0
unboarded_tickets,"SELECT tf.ticket_no, tf.fare_conditions FROM aviation.ticket_flights AS tf LEFT JOIN aviation.boarding_passes AS bp ON bp.ticket_no = tf.ticket_no AND bp.flight_id = tf.flight_id WHERE tf.flight_id = 4069 AND bp.ticket_no IS NULL",229,1,2,0,False,False,False,2,2,2,0,0,1,0,0,0,0.29,2109.74,10.0,22,40.0,14.36,4,3,2,Nested Loop,1,1,0,0,0,0,1,0,0,1677,0,0,0
route_revenue,"SELECT f.departure_airport, f.arrival_airport, SUM(tf.amount) AS revenue FROM aviation.flights AS f JOIN aviation.ticket_flights AS tf ON tf.flight_id = f.flight_id WHERE f.departure_airport = 'WAW' GROUP BY f.departure_airport, f.arrival_airport ORDER BY revenue DESC",268,1,1,0,True,True,False,2,2,3,1,1,0,0,0,0,2388.4,2388.43,10.0,40,112020.0,38.23,6,5,2,Sort,2,0,0,0,1,0,0,1,1,3859,0,0,0
bookings_with_expensive_ticket,"SELECT b.book_ref, b.total_amount FROM aviation.bookings AS b WHERE EXISTS (SELECT 1 FROM aviation.tickets AS t JOIN aviation.ticket_flights AS tf ON tf.ticket_no = t.ticket_no WHERE t.book_ref = b.book_ref AND tf.amount >= 95000)",230,1,3,1,False,False,False,3,3,3,0,1,0,0,0,0,5303.99,6515.83,23514.0,13,267570.0,109.918,7,5,3,Hash Join,3,0,0,0,2,0,0,0,0,8896,0,0,0
passengers_for_booking,"SELECT b.book_ref, b.book_date, t.ticket_no, t.passenger_name FROM aviation.bookings AS b JOIN aviation.tickets AS t ON t.book_ref = b.book_ref WHERE b.book_ref = '022774'",171,1,1,0,False,False,False,2,2,4,0,1,0,0,0,0,0.29,2280.33,2.0,44,5.0,17.258,3,2,2,Nested Loop,1,1,0,0,0,0,1,0,0,2050,0,0,0
aircraft_fare_capacity,"SELECT fare_conditions, COUNT(*) AS seat_count FROM aviation.seats WHERE aircraft_code = '321' GROUP BY fare_conditions ORDER BY seat_count DESC",144,0,1,0,True,True,False,1,1,2,1,0,0,0,0,0,17.2,17.21,3.0,16,186.0,0.393,3,3,1,Sort,1,0,0,0,0,0,0,1,1,18,0,0,0
passenger_flight_history,"SELECT t.passenger_id, t.passenger_name, f.flight_no, f.scheduled_departure, tf.fare_conditions FROM aviation.tickets AS t JOIN aviation.ticket_flights AS tf ON tf.ticket_no = t.ticket_no JOIN aviation.flights AS f ON f.flight_id = tf.flight_id WHERE t.passenger_id = '2397-012396' AND f.status = 'Arrived' ORDER BY f.scheduled_departure DESC",342,2,2,0,False,True,False,3,3,5,0,2,0,0,0,0,2280.77,2280.77,1.0,50,6.0,21.331,6,4,3,Sort,1,2,0,0,0,0,2,1,0,4116,0,0,0
airport_connections,"SELECT dep.city AS departure_city, arr.city AS arrival_city, COUNT(*) AS flights FROM aviation.flights AS f JOIN aviation.airports AS dep ON dep.airport_code = f.departure_airport JOIN aviation.airports AS arr ON arr.airport_code = f.arrival_airport WHERE f.departure_airport = 'SVO' AND f.status = 'Scheduled' GROUP BY dep.city, arr.city",338,2,2,0,True,False,False,3,2,3,1,2,0,0,0,0,261.66,261.76,10.0,24,781.0,1.901,7,4,2,Aggregate,3,0,0,0,1,0,1,0,1,420,0,0,0
fare_statistics,"SELECT fare_conditions, COUNT(*) AS ticket_count, AVG(amount) AS average_amount FROM aviation.ticket_flights WHERE fare_conditions = 'Comfort' AND amount >= 48750 GROUP BY fare_conditions HAVING COUNT(*) > 10",208,0,2,0,True,False,False,1,1,3,3,0,0,0,0,0,0.0,2376.95,1.0,48,8588.0,27.246,2,2,1,Aggregate,1,0,0,0,0,0,0,0,1,1668,0,0,0
booking_amount_range,"SELECT book_ref, book_date, total_amount FROM aviation.bookings WHERE total_amount BETWEEN 325000 AND 395000",108,0,1,0,False,False,False,1,1,3,0,0,0,0,0,0,0.0,1069.0,7231.0,21,7231.0,11.78,1,1,1,Seq Scan,1,0,0,0,0,0,0,0,0,319,0,0,0
recent_flights_sorted,"SELECT flight_no, departure_airport, arrival_airport, scheduled_departure FROM aviation.flights WHERE departure_airport = 'TBS' ORDER BY scheduled_departure DESC LIMIT 100",171,0,1,0,False,True,False,1,1,4,0,0,0,0,0,0,267.22,267.47,100.0,23,2100.0,2.699,3,3,1,Limit,1,0,0,0,0,0,0,1,0,318,0,0,0
fare_statistics,"SELECT fare_conditions, COUNT(*) AS ticket_count, AVG(amount) AS average_amount FROM aviation.ticket_flights WHERE fare_conditions = 'Comfort' AND amount >= 29250 GROUP BY fare_conditions HAVING COUNT(*) > 10",208,0,2,0,True,False,False,1,1,3,3,0,0,0,0,0,0.0,2387.93,1.0,48,10783.0,29.449,2,2,1,Aggregate,1,0,0,0,0,0,0,0,1,1668,0,0,0
passenger_flight_history,"SELECT t.passenger_id, t.passenger_name, f.flight_no, f.scheduled_departure, tf.fare_conditions FROM aviation.tickets AS t JOIN aviation.ticket_flights AS tf ON tf.ticket_no = t.ticket_no JOIN aviation.flights AS f ON f.flight_id = tf.flight_id WHERE t.passenger_id = '6388-066382' AND f.status = 'On Time' ORDER BY f.scheduled_departure DESC",342,2,2,0,False,True,False,3,3,5,0,2,0,0,0,0,2280.77,2280.77,1.0,50,6.0,17.874,6,4,3,Sort,1,2,0,0,0,0,2,1,0,4116,0,0,0
flight_revenue,"SELECT f.flight_id, f.flight_no, COUNT(*) AS ticket_count, SUM(tf.amount) AS revenue FROM aviation.flights AS f JOIN aviation.ticket_flights AS tf ON tf.flight_id = f.flight_id WHERE f.flight_id = 7139 GROUP BY f.flight_id, f.flight_no",235,1,1,0,True,False,False,2,2,4,2,1,0,0,0,0,0.29,2092.47,1.0,51,22.0,13.598,4,3,2,Aggregate,1,1,0,0,0,0,1,0,1,2511,0,0,0
boarding_pass_lookup,"SELECT bp.boarding_no, bp.seat_no, t.passenger_name FROM aviation.boarding_passes AS bp JOIN aviation.tickets AS t ON t.ticket_no = bp.ticket_no WHERE bp.flight_id = 3431 AND bp.boarding_no BETWEEN 3 AND 5",205,1,2,0,False,False,False,2,2,3,0,1,0,0,0,0,0.71,37.17,3.0,22,7.0,0.139,3,2,2,Nested Loop,0,2,0,0,0,0,1,0,0,30,0,0,0
aircraft_flight_counts,"SELECT a.aircraft_code, a.model, COUNT(f.flight_id) AS flight_count FROM aviation.aircrafts AS a LEFT JOIN aviation.flights AS f ON f.aircraft_code = a.aircraft_code WHERE a.range_km >= 4750 GROUP BY a.aircraft_code, a.model",224,1,1,0,True,False,False,2,2,3,1,0,1,0,0,0,303.62,303.68,5.0,27,20015.0,10.609,5,4,2,Aggregate,2,0,0,0,1,0,0,0,1,316,0,0,0
ticket_name_prefix,"SELECT ticket_no, passenger_id, passenger_name FROM aviation.tickets WHERE passenger_name LIKE 'Passenger 7216%' ORDER BY ticket_no LIMIT 50",140,0,1,0,False,True,False,1,1,3,0,0,0,0,0,0,0.42,214.63,50.0,41,1060.0,32.104,2,2,1,Limit,0,1,0,0,0,0,0,0,0,2816,0,0,0
aircraft_seat_capacity,"SELECT a.aircraft_code, a.model, COUNT(s.seat_no) AS seat_count FROM aviation.aircrafts AS a JOIN aviation.seats AS s ON s.aircraft_code = a.aircraft_code WHERE s.fare_conditions = 'Business' GROUP BY a.aircraft_code, a.model ORDER BY seat_count DESC",250,1,1,0,True,True,False,2,2,3,1,1,0,0,0,0,18.06,18.07,5.0,27,140.0,0.35,6,5,2,Sort,2,0,0,0,1,0,0,1,1,28,0,0,0
route_revenue,"SELECT f.departure_airport, f.arrival_airport, SUM(tf.amount) AS revenue FROM aviation.flights AS f JOIN aviation.ticket_flights AS tf ON tf.flight_id = f.flight_id WHERE f.departure_airport = 'GME' GROUP BY f.departure_airport, f.arrival_airport ORDER BY revenue DESC",268,1,1,0,True,True,False,2,2,3,1,1,0,0,0,0,2388.4,2388.43,10.0,40,112020.0,41.03,6,5,2,Sort,2,0,0,0,1,0,0,1,1,3859,0,0,0
high_value_passengers,"SELECT t.passenger_id, t.passenger_name, b.total_amount FROM aviation.tickets AS t JOIN aviation.bookings AS b ON b.book_ref = t.book_ref WHERE b.total_amount >= 175000 ORDER BY b.total_amount DESC LIMIT 100",207,1,1,0,False,True,False,2,2,3,0,1,0,0,0,0,6149.71,6149.96,100.0,33,297170.0,150.811,6,5,2,Limit,2,0,0,0,1,0,0,1,0,5689,0,0,0
booking_amount_range,"SELECT book_ref, book_date, total_amount FROM aviation.bookings WHERE total_amount BETWEEN 195000 AND 335000",108,0,1,0,False,False,False,1,1,3,0,0,0,0,0,0,0.0,1069.0,14114.0,21,14114.0,15.819,1,1,1,Seq Scan,1,0,0,0,0,0,0,0,0,319,0,0,0
flight_occupancy,"SELECT f.flight_id, COUNT(DISTINCT tf.ticket_no) AS tickets, COUNT(DISTINCT bp.ticket_no) AS boarded FROM aviation.flights AS f LEFT JOIN aviation.ticket_flights AS tf ON tf.flight_id = f.flight_id LEFT JOIN aviation.boarding_passes AS bp ON bp.flight_id = tf.flight_id AND bp.ticket_no = tf.ticket_no WHERE f.flight_id = 5643 GROUP BY f.flight_id",347,2,1,0,True,False,False,3,3,3,2,0,2,0,0,0,2112.95,2113.12,1.0,20,62.0,14.867,8,5,3,Aggregate,1,1,1,0,0,1,1,2,1,4193,0,0,0
passengers_for_booking,"SELECT b.book_ref, b.book_date, t.ticket_no, t.passenger_name FROM aviation.bookings AS b JOIN aviation.tickets AS t ON t.book_ref = b.book_ref WHERE b.book_ref = '045503'",171,1,1,0,False,False,False,2,2,4,0,1,0,0,0,0,0.29,2280.33,2.0,44,5.0,21.202,3,2,2,Nested Loop,1,1,0,0,0,0,1,0,0,2050,0,0,0
recent_flights_sorted,"SELECT flight_no, departure_airport, arrival_airport, scheduled_departure FROM aviation.flights WHERE departure_airport = 'MSQ' ORDER BY scheduled_departure DESC LIMIT 100",171,0,1,0,False,True,False,1,1,4,0,0,0,0,0,0,267.22,267.47,100.0,23,2100.0,3.613,3,3,1,Limit,1,0,0,0,0,0,0,1,0,318,0,0,0
route_by_date,"SELECT flight_id, flight_no, scheduled_departure, status FROM aviation.flights WHERE departure_airport = 'VTB' AND arrival_airport = 'LED' AND scheduled_departure >= DATE '2025-12-09' AND scheduled_departure < DATE '2025-12-09' + INTERVAL '1 day'",246,0,4,0,False,False,False,1,1,4,0,0,0,0,0,0,0.0,304.0,1.0,27,1.0,2.089,1,1,1,Seq Scan,1,0,0,0,0,0,0,0,0,104,0,0,0
flights_without_tickets,"SELECT f.flight_id, f.flight_no FROM aviation.flights AS f WHERE f.scheduled_departure >= DATE '2025-05-10' AND NOT EXISTS (SELECT 1 FROM aviation.ticket_flights AS tf WHERE tf.flight_id = f.flight_id)",201,0,3,1,False,False,False,2,2,3,0,0,0,0,0,0,3084.0,3344.93,1.0,11,206386.0,68.245,4,3,2,Hash Join,2,0,0,0,1,0,0,0,0,2710,0,0,0
bookings_with_expensive_ticket,"SELECT b.book_ref, b.total_amount FROM aviation.bookings AS b WHERE EXISTS (SELECT 1 FROM aviation.tickets AS t JOIN aviation.ticket_flights AS tf ON tf.ticket_no = t.ticket_no WHERE t.book_ref = b.book_ref AND tf.amount >= 86500)",230,1,3,1,False,False,False,3,3,3,0,1,0,0,0,0,5555.43,6847.2,30698.0,13,303490.0,140.51,7,5,3,Hash Join,3,0,0,0,2,0,0,0,0,8896,0,0,0
aircraft_fare_capacity,"SELECT fare_conditions, COUNT(*) AS seat_count FROM aviation.seats WHERE aircraft_code = '321' GROUP BY fare_conditions ORDER BY seat_count DESC",144,0,1,0,True,True,False,1,1,2,1,0,0,0,0,0,17.2,17.21,3.0,16,186.0,0.295,3,3,1,Sort,1,0,0,0,0,0,0,1,1,18,0,0,0
booking_ticket_count,"SELECT b.book_ref, COUNT(t.ticket_no) AS ticket_count FROM aviation.bookings AS b JOIN aviation.tickets AS t ON t.book_ref = b.book_ref WHERE b.book_date >= DATE '2024-11-01' AND b.book_date < DATE '2024-12-01' GROUP BY b.book_ref HAVING COUNT(t.ticket_no) >= 2",261,1,2,0,True,False,False,2,2,2,2,1,0,0,0,0,3445.41,3496.46,1361.0,15,117697.0,67.27,5,4,2,Aggregate,2,0,0,0,1,0,0,0,1,4342,0,0,0
unboarded_tickets,"SELECT tf.ticket_no, tf.fare_conditions FROM aviation.ticket_flights AS tf LEFT JOIN aviation.boarding_passes AS bp ON bp.ticket_no = tf.ticket_no AND bp.flight_id = tf.flight_id WHERE tf.flight_id = 9546 AND bp.ticket_no IS NULL",229,1,2,0,False,False,False,2,2,2,0,0,1,0,0,0,0.29,2109.74,10.0,22,40.0,14.843,4,3,2,Nested Loop,1,1,0,0,0,0,1,0,0,1674,0,0,0
airport_departure_counts,"SELECT departure_airport, COUNT(*) AS flight_count FROM aviation.flights WHERE scheduled_departure >= DATE '2025-11-21' AND scheduled_departure < DATE '2025-12-05' GROUP BY departure_airport ORDER BY flight_count DESC",217,0,2,0,True,True,False,1,1,2,1,0,0,0,0,0,256.16,256.18,10.0,12,398.0,2.305,3,3,1,Sort,1,0,0,0,0,0,0,1,1,315,0,0,0
airport_connections,"SELECT dep.city AS departure_city, arr.city AS arrival_city, COUNT(*) AS flights FROM aviation.flights AS f JOIN aviation.airports AS dep ON dep.airport_code = f.departure_airport JOIN aviation.airports AS arr ON arr.airport_code = f.arrival_airport WHERE f.departure_airport = 'GME' AND f.status = 'Departed' GROUP BY dep.city, arr.city",337,2,2,0,True,False,False,3,2,3,1,2,0,0,0,0,261.66,261.76,10.0,24,781.0,4.021,7,4,2,Aggregate,3,0,0,0,1,0,1,0,1,424,0,0,0
daily_flight_count,"SELECT scheduled_departure::date AS flight_date, COUNT(*) AS flight_count FROM aviation.flights WHERE departure_airport = 'GNA' GROUP BY scheduled_departure::date ORDER BY flight_date",183,0,1,0,True,True,False,1,1,2,1,0,0,0,0,0,281.33,301.24,993.0,12,2993.0,7.023,3,3,1,Aggregate,1,0,0,0,0,0,0,1,1,318,0,0,0
ticket_fare_lookup,"SELECT t.ticket_no, tf.flight_id, tf.amount FROM aviation.tickets AS t JOIN aviation.ticket_flights AS tf ON tf.ticket_no = t.ticket_no WHERE t.passenger_id = '7805-037802' AND tf.fare_conditions = 'Business'",208,1,2,0,False,False,False,2,2,3,0,1,0,0,0,0,0.42,2280.45,1.0,24,3.0,25.457,3,2,2,Nested Loop,1,1,0,0,0,0,1,0,0,2052,0,0,0
top_routes,"SELECT departure_airport, arrival_airport, COUNT(*) AS flight_count FROM aviation.flights WHERE scheduled_departure >= DATE '2025-06-22' AND scheduled_departure < DATE '2025-09-20' GROUP BY departure_airport, arrival_airport ORDER BY flight_count DESC LIMIT 10",260,0,2,0,True,True,False,1,1,3,1,0,0,0,0,0,275.39,275.41,10.0,16,2640.0,9.605,4,4,1,Limit,1,0,0,0,0,0,0,1,1,422,0,0,0
passenger_flight_history,"SELECT t.passenger_id, t.passenger_name, f.flight_no, f.scheduled_departure, tf.fare_conditions FROM aviation.tickets AS t JOIN aviation.ticket_flights AS tf ON tf.ticket_no = t.ticket_no JOIN aviation.flights AS f ON f.flight_id = tf.flight_id WHERE t.passenger_id = '0992-010991' AND f.status = 'Scheduled' ORDER BY f.scheduled_departure DESC",344,2,2,0,False,True,False,3,3,5,0,2,0,0,0,0,2280.77,2280.77,1.0,50,6.0,15.101,6,4,3,Sort,1,2,0,0,0,0,2,1,0,4116,0,0,0
fare_statistics,"SELECT fare_conditions, COUNT(*) AS ticket_count, AVG(amount) AS average_amount FROM aviation.ticket_flights WHERE fare_conditions = 'Business' AND amount >= 51250 GROUP BY fare_conditions HAVING COUNT(*) > 10",209,0,2,0,True,False,False,1,1,3,3,0,0,0,0,0,0.0,2348.84,1.0,48,2965.0,34.255,2,2,1,Aggregate,1,0,0,0,0,0,0,0,1,1668,0,0,0
flights_without_tickets,"SELECT f.flight_id, f.flight_no FROM aviation.flights AS f WHERE f.scheduled_departure >= DATE '2025-01-09' AND NOT EXISTS (SELECT 1 FROM aviation.ticket_flights AS tf WHERE tf.flight_id = f.flight_id)",201,0,3,1,False,False,False,2,2,3,0,0,0,0,0,0,3084.0,3361.88,1.0,11,209776.0,59.324,4,3,2,Hash Join,2,0,0,0,1,0,0,0,0,2710,0,0,0
unboarded_tickets,"SELECT tf.ticket_no, tf.fare_conditions FROM aviation.ticket_flights AS tf LEFT JOIN aviation.boarding_passes AS bp ON bp.ticket_no = tf.ticket_no AND bp.flight_id = tf.flight_id WHERE tf.flight_id = 8702 AND bp.ticket_no IS NULL",229,1,2,0,False,False,False,2,2,2,0,0,1,0,0,0,0.29,2109.74,10.0,22,40.0,14.107,4,3,2,Nested Loop,1,1,0,0,0,0,1,0,0,1677,0,0,0
aircraft_seat_capacity,"SELECT a.aircraft_code, a.model, COUNT(s.seat_no) AS seat_count FROM aviation.aircrafts AS a JOIN aviation.seats AS s ON s.aircraft_code = a.aircraft_code WHERE s.fare_conditions = 'Comfort' GROUP BY a.aircraft_code, a.model ORDER BY seat_count DESC",249,1,1,0,True,True,False,2,2,3,1,1,0,0,0,0,18.65,18.67,5.0,27,260.0,0.384,6,5,2,Sort,2,0,0,0,1,0,0,1,1,28,0,0,0
route_revenue,"SELECT f.departure_airport, f.arrival_airport, SUM(tf.amount) AS revenue FROM aviation.flights AS f JOIN aviation.ticket_flights AS tf ON tf.flight_id = f.flight_id WHERE f.departure_airport = 'VTB' GROUP BY f.departure_airport, f.arrival_airport ORDER BY revenue DESC",268,1,1,0,True,True,False,2,2,3,1,1,0,0,0,0,2388.4,2388.43,10.0,40,112020.0,41.226,6,5,2,Sort,2,0,0,0,1,0,0,1,1,3859,0,0,0
ticket_fare_lookup,"SELECT t.ticket_no, tf.flight_id, tf.amount FROM aviation.tickets AS t JOIN aviation.ticket_flights AS tf ON tf.ticket_no = t.ticket_no WHERE t.passenger_id = '6993-006993' AND tf.fare_conditions = 'Business'",208,1,2,0,False,False,False,2,2,3,0,1,0,0,0,0,0.42,2280.45,1.0,24,3.0,15.879,3,2,2,Nested Loop,1,1,0,0,0,0,1,0,0,2052,0,0,0
booking_ticket_count,"SELECT b.book_ref, COUNT(t.ticket_no) AS ticket_count FROM aviation.bookings AS b JOIN aviation.tickets AS t ON t.book_ref = b.book_ref WHERE b.book_date >= DATE '2025-06-21' AND b.book_date < DATE '2025-06-28' GROUP BY b.book_ref HAVING COUNT(t.ticket_no) >= 2",261,1,2,0,True,False,False,2,2,2,2,1,0,0,0,0,3375.14,3387.16,320.0,15,104164.0,45.743,5,4,2,Aggregate,2,0,0,0,1,0,0,0,1,4342,0,0,0
airport_departure_counts,"SELECT departure_airport, COUNT(*) AS flight_count FROM aviation.flights WHERE scheduled_departure >= DATE '2025-07-07' AND scheduled_departure < DATE '2025-09-05' GROUP BY departure_airport ORDER BY flight_count DESC",217,0,2,0,True,True,False,1,1,2,1,0,0,0,0,0,262.36,262.39,10.0,12,1639.0,2.819,3,3,1,Sort,1,0,0,0,0,0,0,1,1,315,0,0,0
aircraft_fare_capacity,"SELECT fare_conditions, COUNT(*) AS seat_count FROM aviation.seats WHERE aircraft_code = '738' GROUP BY fare_conditions ORDER BY seat_count DESC",144,0,1,0,True,True,False,1,1,2,1,0,0,0,0,0,17.2,17.21,3.0,16,186.0,0.295,3,3,1,Sort,1,0,0,0,0,0,0,1,1,18,0,0,0
airport_connections,"SELECT dep.city AS departure_city, arr.city AS arrival_city, COUNT(*) AS flights FROM aviation.flights AS f JOIN aviation.airports AS dep ON dep.airport_code = f.departure_airport JOIN aviation.airports AS arr ON arr.airport_code = f.arrival_airport WHERE f.departure_airport = 'MSQ' AND f.status = 'On Time' GROUP BY dep.city, arr.city",336,2,2,0,True,False,False,3,2,3,1,2,0,0,0,0,261.66,261.76,10.0,24,781.0,1.92,7,4,2,Aggregate,3,0,0,0,1,0,1,0,1,420,0,0,0
recent_flights_sorted,"SELECT flight_no, departure_airport, arrival_airport, scheduled_departure FROM aviation.flights WHERE departure_airport = 'IST' ORDER BY scheduled_departure DESC LIMIT 50",170,0,1,0,False,True,False,1,1,4,0,0,0,0,0,0,262.22,262.34,50.0,23,2050.0,2.562,3,3,1,Limit,1,0,0,0,0,0,0,1,0,318,0,0,0
route_by_date,"SELECT flight_id, flight_no, scheduled_departure, status FROM aviation.flights WHERE departure_airport = 'LED' AND arrival_airport = 'IST' AND scheduled_departure >= DATE '2025-02-14' AND scheduled_departure < DATE '2025-02-14' + INTERVAL '1 day'",246,0,4,0,False,False,False,1,1,4,0,0,0,0,0,0,0.0,304.0,1.0,27,1.0,2.903,1,1,1,Seq Scan,1,0,0,0,0,0,0,0,0,104,0,0,0
flight_occupancy,"SELECT f.flight_id, COUNT(DISTINCT tf.ticket_no) AS tickets, COUNT(DISTINCT bp.ticket_no) AS boarded FROM aviation.flights AS f LEFT JOIN aviation.ticket_flights AS tf ON tf.flight_id = f.flight_id LEFT JOIN aviation.boarding_passes AS bp ON bp.flight_id = tf.flight_id AND bp.ticket_no = tf.ticket_no WHERE f.flight_id = 3217 GROUP BY f.flight_id",347,2,1,0,True,False,False,3,3,3,2,0,2,0,0,0,2112.95,2113.12,1.0,20,62.0,13.159,8,5,3,Aggregate,1,1,1,0,0,1,1,2,1,4197,0,0,0
ticket_name_prefix,"SELECT ticket_no, passenger_id, passenger_name FROM aviation.tickets WHERE passenger_name LIKE 'Passenger 23181%' ORDER BY ticket_no LIMIT 50",141,0,1,0,False,True,False,1,1,3,0,0,0,0,0,0,2272.17,2272.19,10.0,41,30.0,17.939,3,3,1,Limit,1,0,0,0,0,0,0,1,0,3072,0,0,0
bookings_with_expensive_ticket,"SELECT b.book_ref, b.total_amount FROM aviation.bookings AS b WHERE EXISTS (SELECT 1 FROM aviation.tickets AS t JOIN aviation.ticket_flights AS tf ON tf.ticket_no = t.ticket_no WHERE t.book_ref = b.book_ref AND tf.amount >= 91000)",230,1,3,1,False,False,False,3,3,3,0,1,0,0,0,0,5420.51,6669.38,26843.0,13,284215.0,137.768,7,5,3,Hash Join,3,0,0,0,2,0,0,0,0,8896,0,0,0
boarding_pass_lookup,"SELECT bp.boarding_no, bp.seat_no, t.passenger_name FROM aviation.boarding_passes AS bp JOIN aviation.tickets AS t ON t.ticket_no = bp.ticket_no WHERE bp.flight_id = 9218 AND bp.boarding_no BETWEEN 4 AND 8",205,1,2,0,False,False,False,2,2,3,0,1,0,0,0,0,0.71,57.58,5.0,22,11.0,0.171,3,2,2,Nested Loop,0,2,0,0,0,0,1,0,0,46,0,0,0
booking_amount_range,"SELECT book_ref, book_date, total_amount FROM aviation.bookings WHERE total_amount BETWEEN 55000 AND 100000",107,0,1,0,False,False,False,1,1,3,0,0,0,0,0,0,0.0,1069.0,4531.0,21,4531.0,14.305,1,1,1,Seq Scan,1,0,0,0,0,0,0,0,0,319,0,0,0
flight_revenue,"SELECT f.flight_id, f.flight_no, COUNT(*) AS ticket_count, SUM(tf.amount) AS revenue FROM aviation.flights AS f JOIN aviation.ticket_flights AS tf ON tf.flight_id = f.flight_id WHERE f.flight_id = 8966 GROUP BY f.flight_id, f.flight_no",235,1,1,0,True,False,False,2,2,4,2,1,0,0,0,0,0.29,2092.47,1.0,51,22.0,13.373,4,3,2,Aggregate,1,1,0,0,0,0,1,0,1,2511,0,0,0
high_value_passengers,"SELECT t.passenger_id, t.passenger_name, b.total_amount FROM aviation.tickets AS t JOIN aviation.bookings AS b ON b.book_ref = t.book_ref WHERE b.total_amount >= 242500 ORDER BY b.total_amount DESC LIMIT 100",207,1,1,0,False,True,False,2,2,3,0,1,0,0,0,0,5549.82,5550.07,100.0,33,256700.0,95.999,6,5,2,Limit,2,0,0,0,1,0,0,1,0,5689,0,0,0
passengers_for_booking,"SELECT b.book_ref, b.book_date, t.ticket_no, t.passenger_name FROM aviation.bookings AS b JOIN aviation.tickets AS t ON t.book_ref = b.book_ref WHERE b.book_ref = '032405'",171,1,1,0,False,False,False,2,2,4,0,1,0,0,0,0,0.29,2280.33,2.0,44,5.0,17.684,3,2,2,Nested Loop,1,1,0,0,0,0,1,0,0,2050,0,0,0
aircraft_flight_counts,"SELECT a.aircraft_code, a.model, COUNT(f.flight_id) AS flight_count FROM aviation.aircrafts AS a LEFT JOIN aviation.flights AS f ON f.aircraft_code = a.aircraft_code WHERE a.range_km >= 6750 GROUP BY a.aircraft_code, a.model",224,1,1,0,True,False,False,2,2,3,1,0,1,0,0,0,273.59,273.61,2.0,27,14006.0,4.992,5,4,2,Aggregate,2,0,0,0,1,0,0,0,1,316,0,0,0
daily_flight_count,"SELECT scheduled_departure::date AS flight_date, COUNT(*) AS flight_count FROM aviation.flights WHERE departure_airport = 'GME' GROUP BY scheduled_departure::date ORDER BY flight_date",183,0,1,0,True,True,False,1,1,2,1,0,0,0,0,0,281.33,301.24,993.0,12,2993.0,2.465,3,3,1,Aggregate,1,0,0,0,0,0,0,1,1,318,0,0,0
top_routes,"SELECT departure_airport, arrival_airport, COUNT(*) AS flight_count FROM aviation.flights WHERE scheduled_departure >= DATE '2025-10-19' AND scheduled_departure < DATE '2025-11-18' GROUP BY departure_airport, arrival_airport ORDER BY flight_count DESC LIMIT 3",259,0,2,0,True,True,False,1,1,3,1,0,0,0,0,0,262.37,262.37,3.0,16,1013.0,2.493,4,4,1,Limit,1,0,0,0,0,0,0,1,1,422,0,0,0
bookings_with_expensive_ticket,"SELECT b.book_ref, b.total_amount FROM aviation.bookings AS b WHERE EXISTS (SELECT 1 FROM aviation.tickets AS t JOIN aviation.ticket_flights AS tf ON tf.ticket_no = t.ticket_no WHERE t.book_ref = b.book_ref AND tf.amount >= 94500)",230,1,3,1,False,False,False,3,3,3,0,1,0,0,0,0,5318.9,6535.48,23940.0,13,269700.0,125.162,7,5,3,Hash Join,3,0,0,0,2,0,0,0,0,8896,0,0,0
boarding_pass_lookup,"SELECT bp.boarding_no, bp.seat_no, t.passenger_name FROM aviation.boarding_passes AS bp JOIN aviation.tickets AS t ON t.ticket_no = bp.ticket_no WHERE bp.flight_id = 3246 AND bp.boarding_no BETWEEN 1 AND 5",205,1,2,0,False,False,False,2,2,3,0,1,0,0,0,0,0.71,57.58,5.0,22,11.0,0.041,3,2,2,Nested Loop,0,2,0,0,0,0,1,0,0,4,0,0,0
route_revenue,"SELECT f.departure_airport, f.arrival_airport, SUM(tf.amount) AS revenue FROM aviation.flights AS f JOIN aviation.ticket_flights AS tf ON tf.flight_id = f.flight_id WHERE f.departure_airport = 'IST' GROUP BY f.departure_airport, f.arrival_airport ORDER BY revenue DESC",268,1,1,0,True,True,False,2,2,3,1,1,0,0,0,0,2388.4,2388.43,10.0,40,112020.0,39.633,6,5,2,Sort,2,0,0,0,1,0,0,1,1,3859,0,0,0
route_by_date,"SELECT flight_id, flight_no, scheduled_departure, status FROM aviation.flights WHERE departure_airport = 'VTB' AND arrival_airport = 'LED' AND scheduled_departure >= DATE '2025-12-11' AND scheduled_departure < DATE '2025-12-11' + INTERVAL '1 day'",246,0,4,0,False,False,False,1,1,4,0,0,0,0,0,0,0.0,304.0,1.0,27,1.0,2.01,1,1,1,Seq Scan,1,0,0,0,0,0,0,0,0,104,0,0,0
flight_occupancy,"SELECT f.flight_id, COUNT(DISTINCT tf.ticket_no) AS tickets, COUNT(DISTINCT bp.ticket_no) AS boarded FROM aviation.flights AS f LEFT JOIN aviation.ticket_flights AS tf ON tf.flight_id = f.flight_id LEFT JOIN aviation.boarding_passes AS bp ON bp.flight_id = tf.flight_id AND bp.ticket_no = tf.ticket_no WHERE f.flight_id = 6245 GROUP BY f.flight_id",347,2,1,0,True,False,False,3,3,3,2,0,2,0,0,0,2112.95,2113.12,1.0,20,62.0,13.739,8,5,3,Aggregate,1,1,1,0,0,1,1,2,1,4197,0,0,0
flight_revenue,"SELECT f.flight_id, f.flight_no, COUNT(*) AS ticket_count, SUM(tf.amount) AS revenue FROM aviation.flights AS f JOIN aviation.ticket_flights AS tf ON tf.flight_id = f.flight_id WHERE f.flight_id = 6542 GROUP BY f.flight_id, f.flight_no",235,1,1,0,True,False,False,2,2,4,2,1,0,0,0,0,0.29,2092.47,1.0,51,22.0,14.42,4,3,2,Aggregate,1,1,0,0,0,0,1,0,1,2511,0,0,0
aircraft_flight_counts,"SELECT a.aircraft_code, a.model, COUNT(f.flight_id) AS flight_count FROM aviation.aircrafts AS a LEFT JOIN aviation.flights AS f ON f.aircraft_code = a.aircraft_code WHERE a.range_km >= 3000 GROUP BY a.aircraft_code, a.model",224,1,1,0,True,False,False,2,2,3,1,0,1,0,0,0,303.62,303.68,5.0,27,20015.0,10.518,5,4,2,Aggregate,2,0,0,0,1,0,0,0,1,316,0,0,0
airport_connections,"SELECT dep.city AS departure_city, arr.city AS arrival_city, COUNT(*) AS flights FROM aviation.flights AS f JOIN aviation.airports AS dep ON dep.airport_code = f.departure_airport JOIN aviation.airports AS arr ON arr.airport_code = f.arrival_airport WHERE f.departure_airport = 'SVO' AND f.status = 'Arrived' GROUP BY dep.city, arr.city",336,2,2,0,True,False,False,3,2,3,1,2,0,0,0,0,261.66,261.76,10.0,24,781.0,2.494,7,4,2,Aggregate,3,0,0,0,1,0,1,0,1,424,0,0,0
aircraft_seat_capacity,"SELECT a.aircraft_code, a.model, COUNT(s.seat_no) AS seat_count FROM aviation.aircrafts AS a JOIN aviation.seats AS s ON s.aircraft_code = a.aircraft_code WHERE s.fare_conditions = 'Economy' GROUP BY a.aircraft_code, a.model ORDER BY seat_count DESC",249,1,1,0,True,True,False,2,2,3,1,1,0,0,0,0,24.56,24.58,5.0,27,1460.0,1.342,6,5,2,Sort,2,0,0,0,1,0,0,1,1,28,0,0,0
passengers_for_booking,"SELECT b.book_ref, b.book_date, t.ticket_no, t.passenger_name FROM aviation.bookings AS b JOIN aviation.tickets AS t ON t.book_ref = b.book_ref WHERE b.book_ref = '010059'",171,1,1,0,False,False,False,2,2,4,0,1,0,0,0,0,0.29,2280.33,2.0,44,5.0,17.638,3,2,2,Nested Loop,1,1,0,0,0,0,1,0,0,2050,0,0,0
daily_flight_count,"SELECT scheduled_departure::date AS flight_date, COUNT(*) AS flight_count FROM aviation.flights WHERE departure_airport = 'MSQ' GROUP BY scheduled_departure::date ORDER BY flight_date",183,0,1,0,True,True,False,1,1,2,1,0,0,0,0,0,281.33,301.24,993.0,12,2993.0,2.581,3,3,1,Aggregate,1,0,0,0,0,0,0,1,1,318,0,0,0
booking_ticket_count,"SELECT b.book_ref, COUNT(t.ticket_no) AS ticket_count FROM aviation.bookings AS b JOIN aviation.tickets AS t ON t.book_ref = b.book_ref WHERE b.book_date >= DATE '2025-03-05' AND b.book_date < DATE '2025-04-04' GROUP BY b.book_ref HAVING COUNT(t.ticket_no) >= 2",261,1,2,0,True,False,False,2,2,2,2,1,0,0,0,0,3447.57,3499.82,1393.0,15,118113.0,67.914,5,4,2,Aggregate,2,0,0,0,1,0,0,0,1,4342,0,0,0
fare_statistics,"SELECT fare_conditions, COUNT(*) AS ticket_count, AVG(amount) AS average_amount FROM aviation.ticket_flights WHERE fare_conditions = 'Economy' AND amount >= 3000 GROUP BY fare_conditions HAVING COUNT(*) > 10",207,0,2,0,True,False,False,1,1,3,3,0,0,0,0,0,0.0,2740.08,1.0,48,81213.0,50.893,2,2,1,Aggregate,1,0,0,0,0,0,0,0,1,1668,0,0,0
booking_amount_range,"SELECT book_ref, book_date, total_amount FROM aviation.bookings WHERE total_amount BETWEEN 290000 AND 380000",108,0,1,0,False,False,False,1,1,3,0,0,0,0,0,0,0.0,1069.0,9272.0,21,9272.0,12.745,1,1,1,Seq Scan,1,0,0,0,0,0,0,0,0,319,0,0,0
airport_departure_counts,"SELECT departure_airport, COUNT(*) AS flight_count FROM aviation.flights WHERE scheduled_departure >= DATE '2025-02-07' AND scheduled_departure < DATE '2025-03-09' GROUP BY departure_airport ORDER BY flight_count DESC",217,0,2,0,True,True,False,1,1,2,1,0,0,0,0,0,258.46,258.49,10.0,12,859.0,3.335,3,3,1,Sort,1,0,0,0,0,0,0,1,1,315,0,0,0
high_value_passengers,"SELECT t.passenger_id, t.passenger_name, b.total_amount FROM aviation.tickets AS t JOIN aviation.bookings AS b ON b.book_ref = t.book_ref WHERE b.total_amount >= 402500 ORDER BY b.total_amount DESC LIMIT 100",207,1,1,0,False,True,False,2,2,3,0,1,0,0,0,0,4099.5,4099.75,100.0,33,158858.0,64.308,6,5,2,Limit,2,0,0,0,1,0,0,1,0,5689,0,0,0
recent_flights_sorted,"SELECT flight_no, departure_airport, arrival_airport, scheduled_departure FROM aviation.flights WHERE departure_airport = 'BQT' ORDER BY scheduled_departure DESC LIMIT 100",171,0,1,0,False,True,False,1,1,4,0,0,0,0,0,0,267.22,267.47,100.0,23,2100.0,2.736,3,3,1,Limit,1,0,0,0,0,0,0,1,0,318,0,0,0
top_routes,"SELECT departure_airport, arrival_airport, COUNT(*) AS flight_count FROM aviation.flights WHERE scheduled_departure >= DATE '2025-02-13' AND scheduled_departure < DATE '2025-04-14' GROUP BY departure_airport, arrival_airport ORDER BY flight_count DESC LIMIT 3",259,0,2,0,True,True,False,1,1,3,1,0,0,0,0,0,268.9,268.91,3.0,16,1884.0,3.435,4,4,1,Limit,1,0,0,0,0,0,0,1,1,422,0,0,0
passenger_flight_history,"SELECT t.passenger_id, t.passenger_name, f.flight_no, f.scheduled_departure, tf.fare_conditions FROM aviation.tickets AS t JOIN aviation.ticket_flights AS tf ON tf.ticket_no = t.ticket_no JOIN aviation.flights AS f ON f.flight_id = tf.flight_id WHERE t.passenger_id = '0007-000007' AND f.status = 'Departed' ORDER BY f.scheduled_departure DESC",343,2,2,0,False,True,False,3,3,5,0,2,0,0,0,0,2280.77,2280.77,1.0,50,6.0,20.935,6,4,3,Sort,1,2,0,0,0,0,2,1,0,4116,0,0,0
flights_without_tickets,"SELECT f.flight_id, f.flight_no FROM aviation.flights AS f WHERE f.scheduled_departure >= DATE '2025-06-21' AND NOT EXISTS (SELECT 1 FROM aviation.ticket_flights AS tf WHERE tf.flight_id = f.flight_id)",201,0,3,1,False,False,False,2,2,3,0,0,0,0,0,0,3084.0,3339.18,1.0,11,205236.0,55.464,4,3,2,Hash Join,2,0,0,0,1,0,0,0,0,2710,0,0,0
unboarded_tickets,"SELECT tf.ticket_no, tf.fare_conditions FROM aviation.ticket_flights AS tf LEFT JOIN aviation.boarding_passes AS bp ON bp.ticket_no = tf.ticket_no AND bp.flight_id = tf.flight_id WHERE tf.flight_id = 4865 AND bp.ticket_no IS NULL",229,1,2,0,False,False,False,2,2,2,0,0,1,0,0,0,0.29,2109.74,10.0,22,40.0,13.637,4,3,2,Nested Loop,1,1,0,0,0,0,1,0,0,1677,0,0,0
aircraft_fare_capacity,"SELECT fare_conditions, COUNT(*) AS seat_count FROM aviation.seats WHERE aircraft_code = '321' GROUP BY fare_conditions ORDER BY seat_count DESC",144,0,1,0,True,True,False,1,1,2,1,0,0,0,0,0,17.2,17.21,3.0,16,186.0,0.295,3,3,1,Sort,1,0,0,0,0,0,0,1,1,18,0,0,0
ticket_name_prefix,"SELECT ticket_no, passenger_id, passenger_name FROM aviation.tickets WHERE passenger_name LIKE 'Passenger 56950%' ORDER BY ticket_no LIMIT 50",141,0,1,0,False,True,False,1,1,3,0,0,0,0,0,0,2272.17,2272.19,10.0,41,30.0,19.507,3,3,1,Limit,1,0,0,0,0,0,0,1,0,3072,0,0,0
ticket_fare_lookup,"SELECT t.ticket_no, tf.flight_id, tf.amount FROM aviation.tickets AS t JOIN aviation.ticket_flights AS tf ON tf.ticket_no = t.ticket_no WHERE t.passenger_id = '8729-068723' AND tf.fare_conditions = 'Economy'",207,1,2,0,False,False,False,2,2,3,0,1,0,0,0,0,0.42,2280.45,1.0,24,3.0,16.165,3,2,2,Nested Loop,1,1,0,0,0,0,1,0,0,2052,0,0,0
flight_occupancy,"SELECT f.flight_id, COUNT(DISTINCT tf.ticket_no) AS tickets, COUNT(DISTINCT bp.ticket_no) AS boarded FROM aviation.flights AS f LEFT JOIN aviation.ticket_flights AS tf ON tf.flight_id = f.flight_id LEFT JOIN aviation.boarding_passes AS bp ON bp.flight_id = tf.flight_id AND bp.ticket_no = tf.ticket_no WHERE f.flight_id = 1018 GROUP BY f.flight_id",347,2,1,0,True,False,False,3,3,3,2,0,2,0,0,0,2112.95,2113.12,1.0,20,62.0,13.389,8,5,3,Aggregate,1,1,1,0,0,1,1,2,1,4197,0,0,0
airport_departure_counts,"SELECT departure_airport, COUNT(*) AS flight_count FROM aviation.flights WHERE scheduled_departure >= DATE '2025-11-06' AND scheduled_departure < DATE '2025-11-20' GROUP BY departure_airport ORDER BY flight_count DESC",217,0,2,0,True,True,False,1,1,2,1,0,0,0,0,0,256.16,256.18,10.0,12,398.0,2.134,3,3,1,Sort,1,0,0,0,0,0,0,1,1,315,0,0,0
booking_ticket_count,"SELECT b.book_ref, COUNT(t.ticket_no) AS ticket_count FROM aviation.bookings AS b JOIN aviation.tickets AS t ON t.book_ref = b.book_ref WHERE b.book_date >= DATE '2024-12-28' AND b.book_date < DATE '2025-01-27' GROUP BY b.book_ref HAVING COUNT(t.ticket_no) >= 2",261,1,2,0,True,False,False,2,2,2,2,1,0,0,0,0,3447.23,3499.3,1388.0,15,118048.0,55.966,5,4,2,Aggregate,2,0,0,0,1,0,0,0,1,4342,0,0,0
flights_without_tickets,"SELECT f.flight_id, f.flight_no FROM aviation.flights AS f WHERE f.scheduled_departure >= DATE '2025-07-01' AND NOT EXISTS (SELECT 1 FROM aviation.ticket_flights AS tf WHERE tf.flight_id = f.flight_id)",201,0,3,1,False,False,False,2,2,3,0,0,0,0,0,0,3084.0,3337.82,1.0,11,204966.0,65.221,4,3,2,Hash Join,2,0,0,0,1,0,0,0,0,2710,0,0,0
high_value_passengers,"SELECT t.passenger_id, t.passenger_name, b.total_amount FROM aviation.tickets AS t JOIN aviation.bookings AS b ON b.book_ref = t.book_ref WHERE b.total_amount >= 450000 ORDER BY b.total_amount DESC LIMIT 100",207,1,1,0,False,True,False,2,2,3,0,1,0,0,0,0,3674.28,3674.53,100.0,33,130172.0,77.798,6,5,2,Limit,2,0,0,0,1,0,0,1,0,5689,0,0,0
aircraft_flight_counts,"SELECT a.aircraft_code, a.model, COUNT(f.flight_id) AS flight_count FROM aviation.aircrafts AS a LEFT JOIN aviation.flights AS f ON f.aircraft_code = a.aircraft_code WHERE a.range_km >= 5000 GROUP BY a.aircraft_code, a.model",224,1,1,0,True,False,False,2,2,3,1,0,1,0,0,0,293.61,293.65,4.0,27,18012.0,8.376,5,4,2,Aggregate,2,0,0,0,1,0,0,0,1,316,0,0,0
ticket_fare_lookup,"SELECT t.ticket_no, tf.flight_id, tf.amount FROM aviation.tickets AS t JOIN aviation.ticket_flights AS tf ON tf.ticket_no = t.ticket_no WHERE t.passenger_id = '1099-091090' AND tf.fare_conditions = 'Economy'",207,1,2,0,False,False,False,2,2,3,0,1,0,0,0,0,0.42,2280.45,1.0,24,3.0,16.359,3,2,2,Nested Loop,1,1,0,0,0,0,1,0,0,2052,0,0,0
fare_statistics,"SELECT fare_conditions, COUNT(*) AS ticket_count, AVG(amount) AS average_amount FROM aviation.ticket_flights WHERE fare_conditions = 'Economy' AND amount >= 67750 GROUP BY fare_conditions HAVING COUNT(*) > 10",208,0,2,0,True,False,False,1,1,3,3,0,0,0,0,0,0.0,2521.42,1.0,48,37482.0,43.417,2,2,1,Aggregate,1,0,0,0,0,0,0,0,1,1668,0,0,0
passenger_flight_history,"SELECT t.passenger_id, t.passenger_name, f.flight_no, f.scheduled_departure, tf.fare_conditions FROM aviation.tickets AS t JOIN aviation.ticket_flights AS tf ON tf.ticket_no = t.ticket_no JOIN aviation.flights AS f ON f.flight_id = tf.flight_id WHERE t.passenger_id = '0764-060758' AND f.status = 'Arrived' ORDER BY f.scheduled_departure DESC",342,2,2,0,False,True,False,3,3,5,0,2,0,0,0,0,2280.77,2280.77,1.0,50,6.0,20.146,6,4,3,Sort,1,2,0,0,0,0,2,1,0,4116,0,0,0
route_by_date,"SELECT flight_id, flight_no, scheduled_departure, status FROM aviation.flights WHERE departure_airport = 'MSQ' AND arrival_airport = 'VTB' AND scheduled_departure >= DATE '2025-02-15' AND scheduled_departure < DATE '2025-02-15' + INTERVAL '1 day'",246,0,4,0,False,False,False,1,1,4,0,0,0,0,0,0,0.0,304.0,1.0,27,1.0,3.559,1,1,1,Seq Scan,1,0,0,0,0,0,0,0,0,104,0,0,0
route_revenue,"SELECT f.departure_airport, f.arrival_airport, SUM(tf.amount) AS revenue FROM aviation.flights AS f JOIN aviation.ticket_flights AS tf ON tf.flight_id = f.flight_id WHERE f.departure_airport = 'VTB' GROUP BY f.departure_airport, f.arrival_airport ORDER BY revenue DESC",268,1,1,0,True,True,False,2,2,3,1,1,0,0,0,0,2388.4,2388.43,10.0,40,112020.0,43.153,6,5,2,Sort,2,0,0,0,1,0,0,1,1,3859,0,0,0
booking_amount_range,"SELECT book_ref, book_date, total_amount FROM aviation.bookings WHERE total_amount BETWEEN 240000 AND 310000",108,0,1,0,False,False,False,1,1,3,0,0,0,0,0,0,0.0,1069.0,7043.0,21,7043.0,16.086,1,1,1,Seq Scan,1,0,0,0,0,0,0,0,0,319,0,0,0
unboarded_tickets,"SELECT tf.ticket_no, tf.fare_conditions FROM aviation.ticket_flights AS tf LEFT JOIN aviation.boarding_passes AS bp ON bp.ticket_no = tf.ticket_no AND bp.flight_id = tf.flight_id WHERE tf.flight_id = 5155 AND bp.ticket_no IS NULL",229,1,2,0,False,False,False,2,2,2,0,0,1,0,0,0,0.29,2109.74,10.0,22,40.0,15.884,4,3,2,Nested Loop,1,1,0,0,0,0,1,0,0,1677,0,0,0
airport_connections,"SELECT dep.city AS departure_city, arr.city AS arrival_city, COUNT(*) AS flights FROM aviation.flights AS f JOIN aviation.airports AS dep ON dep.airport_code = f.departure_airport JOIN aviation.airports AS arr ON arr.airport_code = f.arrival_airport WHERE f.departure_airport = 'SVO' AND f.status = 'Arrived' GROUP BY dep.city, arr.city",336,2,2,0,True,False,False,3,2,3,1,2,0,0,0,0,261.66,261.76,10.0,24,781.0,3.834,7,4,2,Aggregate,3,0,0,0,1,0,1,0,1,424,0,0,0
passengers_for_booking,"SELECT b.book_ref, b.book_date, t.ticket_no, t.passenger_name FROM aviation.bookings AS b JOIN aviation.tickets AS t ON t.book_ref = b.book_ref WHERE b.book_ref = '021012'",171,1,1,0,False,False,False,2,2,4,0,1,0,0,0,0,0.29,2280.33,2.0,44,5.0,19.294,3,2,2,Nested Loop,1,1,0,0,0,0,1,0,0,2050,0,0,0
aircraft_fare_capacity,"SELECT fare_conditions, COUNT(*) AS seat_count FROM aviation.seats WHERE aircraft_code = 'E95' GROUP BY fare_conditions ORDER BY seat_count DESC",144,0,1,0,True,True,False,1,1,2,1,0,0,0,0,0,17.2,17.21,3.0,16,186.0,0.383,3,3,1,Sort,1,0,0,0,0,0,0,1,1,18,0,0,0
ticket_name_prefix,"SELECT ticket_no, passenger_id, passenger_name FROM aviation.tickets WHERE passenger_name LIKE 'Passenger 94799%' ORDER BY ticket_no LIMIT 50",141,0,1,0,False,True,False,1,1,3,0,0,0,0,0,0,2272.17,2272.19,10.0,41,30.0,29.224,3,3,1,Limit,1,0,0,0,0,0,0,1,0,3072,0,0,0
aircraft_seat_capacity,"SELECT a.aircraft_code, a.model, COUNT(s.seat_no) AS seat_count FROM aviation.aircrafts AS a JOIN aviation.seats AS s ON s.aircraft_code = a.aircraft_code WHERE s.fare_conditions = 'Comfort' GROUP BY a.aircraft_code, a.model ORDER BY seat_count DESC",249,1,1,0,True,True,False,2,2,3,1,1,0,0,0,0,18.65,18.67,5.0,27,260.0,0.543,6,5,2,Sort,2,0,0,0,1,0,0,1,1,28,0,0,0
flight_revenue,"SELECT f.flight_id, f.flight_no, COUNT(*) AS ticket_count, SUM(tf.amount) AS revenue FROM aviation.flights AS f JOIN aviation.ticket_flights AS tf ON tf.flight_id = f.flight_id WHERE f.flight_id = 5125 GROUP BY f.flight_id, f.flight_no",235,1,1,0,True,False,False,2,2,4,2,1,0,0,0,0,0.29,2092.47,1.0,51,22.0,31.432,4,3,2,Aggregate,1,1,0,0,0,0,1,0,1,2511,0,0,0
bookings_with_expensive_ticket,"SELECT b.book_ref, b.total_amount FROM aviation.bookings AS b WHERE EXISTS (SELECT 1 FROM aviation.tickets AS t JOIN aviation.ticket_flights AS tf ON tf.ticket_no = t.ticket_no WHERE t.book_ref = b.book_ref AND tf.amount >= 86000)",230,1,3,1,False,False,False,3,3,3,0,1,0,0,0,0,5569.71,6866.01,31106.0,13,305530.0,237.206,7,5,3,Hash Join,3,0,0,0,2,0,0,0,0,8896,0,0,0
daily_flight_count,"SELECT scheduled_departure::date AS flight_date, COUNT(*) AS flight_count FROM aviation.flights WHERE departure_airport = 'LED' GROUP BY scheduled_departure::date ORDER BY flight_date",183,0,1,0,True,True,False,1,1,2,1,0,0,0,0,0,281.33,301.24,993.0,12,2993.0,6.303,3,3,1,Aggregate,1,0,0,0,0,0,0,1,1,318,0,0,0
boarding_pass_lookup,"SELECT bp.boarding_no, bp.seat_no, t.passenger_name FROM aviation.boarding_passes AS bp JOIN aviation.tickets AS t ON t.ticket_no = bp.ticket_no WHERE bp.flight_id = 563 AND bp.boarding_no BETWEEN 3 AND 7",204,1,2,0,False,False,False,2,2,3,0,1,0,0,0,0,0.71,57.58,5.0,22,11.0,0.04,3,2,2,Nested Loop,0,2,0,0,0,0,1,0,0,4,0,0,0
top_routes,"SELECT departure_airport, arrival_airport, COUNT(*) AS flight_count FROM aviation.flights WHERE scheduled_departure >= DATE '2025-11-18' AND scheduled_departure < DATE '2025-12-18' GROUP BY departure_airport, arrival_airport ORDER BY flight_count DESC LIMIT 5",259,0,2,0,True,True,False,1,1,3,1,0,0,0,0,0,262.74,262.75,5.0,16,1015.0,2.505,4,4,1,Limit,1,0,0,0,0,0,0,1,1,422,0,0,0
recent_flights_sorted,"SELECT flight_no, departure_airport, arrival_airport, scheduled_departure FROM aviation.flights WHERE departure_airport = 'GME' ORDER BY scheduled_departure DESC LIMIT 50",170,0,1,0,False,True,False,1,1,4,0,0,0,0,0,0,262.22,262.34,50.0,23,2050.0,2.902,3,3,1,Limit,1,0,0,0,0,0,0,1,0,318,0,0,0
aircraft_flight_counts,"SELECT a.aircraft_code, a.model, COUNT(f.flight_id) AS flight_count FROM aviation.aircrafts AS a LEFT JOIN aviation.flights AS f ON f.aircraft_code = a.aircraft_code WHERE a.range_km >= 4750 GROUP BY a.aircraft_code, a.model",224,1,1,0,True,False,False,2,2,3,1,0,1,0,0,0,303.62,303.68,5.0,27,20015.0,8.701,5,4,2,Aggregate,2,0,0,0,1,0,0,0,1,316,0,0,0
ticket_name_prefix,"SELECT ticket_no, passenger_id, passenger_name FROM aviation.tickets WHERE passenger_name LIKE 'Passenger 25818%' ORDER BY ticket_no LIMIT 50",141,0,1,0,False,True,False,1,1,3,0,0,0,0,0,0,2272.17,2272.19,10.0,41,30.0,23.054,3,3,1,Limit,1,0,0,0,0,0,0,1,0,3072,0,0,0
flights_without_tickets,"SELECT f.flight_id, f.flight_no FROM aviation.flights AS f WHERE f.scheduled_departure >= DATE '2025-12-13' AND NOT EXISTS (SELECT 1 FROM aviation.ticket_flights AS tf WHERE tf.flight_id = f.flight_id)",201,0,3,1,False,False,False,2,2,3,0,0,0,0,0,0,3084.0,3315.55,1.0,11,200511.0,55.839,4,3,2,Hash Join,2,0,0,0,1,0,0,0,0,2710,0,0,0
top_routes,"SELECT departure_airport, arrival_airport, COUNT(*) AS flight_count FROM aviation.flights WHERE scheduled_departure >= DATE '2025-08-16' AND scheduled_departure < DATE '2025-11-14' GROUP BY departure_airport, arrival_airport ORDER BY flight_count DESC LIMIT 5",259,0,2,0,True,True,False,1,1,3,1,0,0,0,0,0,274.89,274.91,5.0,16,2636.0,3.411,4,4,1,Limit,1,0,0,0,0,0,0,1,1,422,0,0,0
bookings_with_expensive_ticket,"SELECT b.book_ref, b.total_amount FROM aviation.bookings AS b WHERE EXISTS (SELECT 1 FROM aviation.tickets AS t JOIN aviation.ticket_flights AS tf ON tf.ticket_no = t.ticket_no WHERE t.book_ref = b.book_ref AND tf.amount >= 110750)",231,1,3,1,False,False,False,3,3,3,0,1,0,0,0,0,4837.44,5900.99,10184.0,13,200920.0,120.11,7,5,3,Hash Join,3,0,0,0,2,0,0,0,0,8896,0,0,0
unboarded_tickets,"SELECT tf.ticket_no, tf.fare_conditions FROM aviation.ticket_flights AS tf LEFT JOIN aviation.boarding_passes AS bp ON bp.ticket_no = tf.ticket_no AND bp.flight_id = tf.flight_id WHERE tf.flight_id = 5256 AND bp.ticket_no IS NULL",229,1,2,0,False,False,False,2,2,2,0,0,1,0,0,0,0.29,2109.74,10.0,22,40.0,18.184,4,3,2,Nested Loop,1,1,0,0,0,0,1,0,0,1674,0,0,0
aircraft_seat_capacity,"SELECT a.aircraft_code, a.model, COUNT(s.seat_no) AS seat_count FROM aviation.aircrafts AS a JOIN aviation.seats AS s ON s.aircraft_code = a.aircraft_code WHERE s.fare_conditions = 'Economy' GROUP BY a.aircraft_code, a.model ORDER BY seat_count DESC",249,1,1,0,True,True,False,2,2,3,1,1,0,0,0,0,24.56,24.58,5.0,27,1460.0,1.179,6,5,2,Sort,2,0,0,0,1,0,0,1,1,28,0,0,0
fare_statistics,"SELECT fare_conditions, COUNT(*) AS ticket_count, AVG(amount) AS average_amount FROM aviation.ticket_flights WHERE fare_conditions = 'Business' AND amount >= 49250 GROUP BY fare_conditions HAVING COUNT(*) > 10",209,0,2,0,True,False,False,1,1,3,3,0,0,0,0,0,0.0,2349.25,1.0,48,3048.0,25.344,2,2,1,Aggregate,1,0,0,0,0,0,0,0,1,1668,0,0,0
aircraft_fare_capacity,"SELECT fare_conditions, COUNT(*) AS seat_count FROM aviation.seats WHERE aircraft_code = '321' GROUP BY fare_conditions ORDER BY seat_count DESC",144,0,1,0,True,True,False,1,1,2,1,0,0,0,0,0,17.2,17.21,3.0,16,186.0,0.33,3,3,1,Sort,1,0,0,0,0,0,0,1,1,18,0,0,0
recent_flights_sorted,"SELECT flight_no, departure_airport, arrival_airport, scheduled_departure FROM aviation.flights WHERE departure_airport = 'MSQ' ORDER BY scheduled_departure DESC LIMIT 25",170,0,1,0,False,True,False,1,1,4,0,0,0,0,0,0,257.22,257.28,25.0,23,2025.0,2.336,3,3,1,Limit,1,0,0,0,0,0,0,1,0,318,0,0,0
route_by_date,"SELECT flight_id, flight_no, scheduled_departure, status FROM aviation.flights WHERE departure_airport = 'GME' AND arrival_airport = 'SVO' AND scheduled_departure >= DATE '2025-10-12' AND scheduled_departure < DATE '2025-10-12' + INTERVAL '1 day'",246,0,4,0,False,False,False,1,1,4,0,0,0,0,0,0,0.0,304.0,1.0,27,1.0,2.84,1,1,1,Seq Scan,1,0,0,0,0,0,0,0,0,104,0,0,0
flight_occupancy,"SELECT f.flight_id, COUNT(DISTINCT tf.ticket_no) AS tickets, COUNT(DISTINCT bp.ticket_no) AS boarded FROM aviation.flights AS f LEFT JOIN aviation.ticket_flights AS tf ON tf.flight_id = f.flight_id LEFT JOIN aviation.boarding_passes AS bp ON bp.flight_id = tf.flight_id AND bp.ticket_no = tf.ticket_no WHERE f.flight_id = 3790 GROUP BY f.flight_id",347,2,1,0,True,False,False,3,3,3,2,0,2,0,0,0,2112.95,2113.12,1.0,20,62.0,13.735,8,5,3,Aggregate,1,1,1,0,0,1,1,2,1,4197,0,0,0
flight_revenue,"SELECT f.flight_id, f.flight_no, COUNT(*) AS ticket_count, SUM(tf.amount) AS revenue FROM aviation.flights AS f JOIN aviation.ticket_flights AS tf ON tf.flight_id = f.flight_id WHERE f.flight_id = 4103 GROUP BY f.flight_id, f.flight_no",235,1,1,0,True,False,False,2,2,4,2,1,0,0,0,0,0.29,2092.47,1.0,51,22.0,14.176,4,3,2,Aggregate,1,1,0,0,0,0,1,0,1,2511,0,0,0
airport_departure_counts,"SELECT departure_airport, COUNT(*) AS flight_count FROM aviation.flights WHERE scheduled_departure >= DATE '2025-11-03' AND scheduled_departure < DATE '2025-11-10' GROUP BY departure_airport ORDER BY flight_count DESC",217,0,2,0,True,True,False,1,1,2,1,0,0,0,0,0,255.22,255.24,10.0,12,210.0,2.17,3,3,1,Sort,1,0,0,0,0,0,0,1,1,315,0,0,0
passenger_flight_history,"SELECT t.passenger_id, t.passenger_name, f.flight_no, f.scheduled_departure, tf.fare_conditions FROM aviation.tickets AS t JOIN aviation.ticket_flights AS tf ON tf.ticket_no = t.ticket_no JOIN aviation.flights AS f ON f.flight_id = tf.flight_id WHERE t.passenger_id = '6599-036596' AND f.status = 'Scheduled' ORDER BY f.scheduled_departure DESC",344,2,2,0,False,True,False,3,3,5,0,2,0,0,0,0,2280.77,2280.77,1.0,50,6.0,19.079,6,4,3,Sort,1,2,0,0,0,0,2,1,0,4116,0,0,0
route_revenue,"SELECT f.departure_airport, f.arrival_airport, SUM(tf.amount) AS revenue FROM aviation.flights AS f JOIN aviation.ticket_flights AS tf ON tf.flight_id = f.flight_id WHERE f.departure_airport = 'MSQ' GROUP BY f.departure_airport, f.arrival_airport ORDER BY revenue DESC",268,1,1,0,True,True,False,2,2,3,1,1,0,0,0,0,2388.4,2388.43,10.0,40,112020.0,40.409,6,5,2,Sort,2,0,0,0,1,0,0,1,1,3859,0,0,0
boarding_pass_lookup,"SELECT bp.boarding_no, bp.seat_no, t.passenger_name FROM aviation.boarding_passes AS bp JOIN aviation.tickets AS t ON t.ticket_no = bp.ticket_no WHERE bp.flight_id = 5632 AND bp.boarding_no BETWEEN 4 AND 9",205,1,2,0,False,False,False,2,2,3,0,1,0,0,0,0,0.71,67.79,6.0,22,13.0,0.171,3,2,2,Nested Loop,0,2,0,0,0,0,1,0,0,54,0,0,0
high_value_passengers,"SELECT t.passenger_id, t.passenger_name, b.total_amount FROM aviation.tickets AS t JOIN aviation.bookings AS b ON b.book_ref = t.book_ref WHERE b.total_amount >= 325000 ORDER BY b.total_amount DESC LIMIT 100",207,1,1,0,False,True,False,2,2,3,0,1,0,0,0,0,4811.36,4811.61,100.0,33,206882.0,92.691,6,5,2,Limit,2,0,0,0,1,0,0,1,0,5689,0,0,0
daily_flight_count,"SELECT scheduled_departure::date AS flight_date, COUNT(*) AS flight_count FROM aviation.flights WHERE departure_airport = 'WAW' GROUP BY scheduled_departure::date ORDER BY flight_date",183,0,1,0,True,True,False,1,1,2,1,0,0,0,0,0,281.33,301.24,993.0,12,2993.0,3.002,3,3,1,Aggregate,1,0,0,0,0,0,0,1,1,318,0,0,0
airport_connections,"SELECT dep.city AS departure_city, arr.city AS arrival_city, COUNT(*) AS flights FROM aviation.flights AS f JOIN aviation.airports AS dep ON dep.airport_code = f.departure_airport JOIN aviation.airports AS arr ON arr.airport_code = f.arrival_airport WHERE f.departure_airport = 'BQT' AND f.status = 'Arrived' GROUP BY dep.city, arr.city",336,2,2,0,True,False,False,3,2,3,1,2,0,0,0,0,261.66,261.76,10.0,24,781.0,4.069,7,4,2,Aggregate,3,0,0,0,1,0,1,0,1,424,0,0,0
booking_amount_range,"SELECT book_ref, book_date, total_amount FROM aviation.bookings WHERE total_amount BETWEEN 175000 AND 225000",108,0,1,0,False,False,False,1,1,3,0,0,0,0,0,0,0.0,1069.0,5001.0,21,5001.0,16.641,1,1,1,Seq Scan,1,0,0,0,0,0,0,0,0,319,0,0,0
ticket_fare_lookup,"SELECT t.ticket_no, tf.flight_id, tf.amount FROM aviation.tickets AS t JOIN aviation.ticket_flights AS tf ON tf.ticket_no = t.ticket_no WHERE t.passenger_id = '6277-056272' AND tf.fare_conditions = 'Economy'",207,1,2,0,False,False,False,2,2,3,0,1,0,0,0,0,0.42,2280.45,1.0,24,3.0,16.477,3,2,2,Nested Loop,1,1,0,0,0,0,1,0,0,2052,0,0,0
passengers_for_booking,"SELECT b.book_ref, b.book_date, t.ticket_no, t.passenger_name FROM aviation.bookings AS b JOIN aviation.tickets AS t ON t.book_ref = b.book_ref WHERE b.book_ref = '000039'",171,1,1,0,False,False,False,2,2,4,0,1,0,0,0,0,0.29,2280.33,2.0,44,5.0,16.285,3,2,2,Nested Loop,1,1,0,0,0,0,1,0,0,2050,0,0,0
booking_ticket_count,"SELECT b.book_ref, COUNT(t.ticket_no) AS ticket_count FROM aviation.bookings AS b JOIN aviation.tickets AS t ON t.book_ref = b.book_ref WHERE b.book_date >= DATE '2025-01-29' AND b.book_date < DATE '2025-02-05' GROUP BY b.book_ref HAVING COUNT(t.ticket_no) >= 2",261,1,2,0,True,False,False,2,2,2,2,1,0,0,0,0,3372.44,3382.96,280.0,15,103644.0,59.518,5,4,2,Aggregate,2,0,0,0,1,0,0,0,1,4342,0,0,0
ticket_name_prefix,"SELECT ticket_no, passenger_id, passenger_name FROM aviation.tickets WHERE passenger_name LIKE 'Passenger 51436%' ORDER BY ticket_no LIMIT 50",141,0,1,0,False,True,False,1,1,3,0,0,0,0,0,0,2272.17,2272.19,10.0,41,30.0,21.431,3,3,1,Limit,1,0,0,0,0,0,0,1,0,3072,0,0,0
aircraft_seat_capacity,"SELECT a.aircraft_code, a.model, COUNT(s.seat_no) AS seat_count FROM aviation.aircrafts AS a JOIN aviation.seats AS s ON s.aircraft_code = a.aircraft_code WHERE s.fare_conditions = 'Business' GROUP BY a.aircraft_code, a.model ORDER BY seat_count DESC",250,1,1,0,True,True,False,2,2,3,1,1,0,0,0,0,18.06,18.07,5.0,27,140.0,0.475,6,5,2,Sort,2,0,0,0,1,0,0,1,1,28,0,0,0
airport_departure_counts,"SELECT departure_airport, COUNT(*) AS flight_count FROM aviation.flights WHERE scheduled_departure >= DATE '2025-11-10' AND scheduled_departure < DATE '2025-11-24' GROUP BY departure_airport ORDER BY flight_count DESC",217,0,2,0,True,True,False,1,1,2,1,0,0,0,0,0,256.15,256.18,10.0,12,397.0,2.48,3,3,1,Sort,1,0,0,0,0,0,0,1,1,315,0,0,0
booking_ticket_count,"SELECT b.book_ref, COUNT(t.ticket_no) AS ticket_count FROM aviation.bookings AS b JOIN aviation.tickets AS t ON t.book_ref = b.book_ref WHERE b.book_date >= DATE '2025-02-09' AND b.book_date < DATE '2025-02-16' GROUP BY b.book_ref HAVING COUNT(t.ticket_no) >= 2",261,1,2,0,True,False,False,2,2,2,2,1,0,0,0,0,3374.36,3385.93,309.0,15,104013.0,54.23,5,4,2,Aggregate,2,0,0,0,1,0,0,0,1,4342,0,0,0
flights_without_tickets,"SELECT f.flight_id, f.flight_no FROM aviation.flights AS f WHERE f.scheduled_departure >= DATE '2025-10-20' AND NOT EXISTS (SELECT 1 FROM aviation.ticket_flights AS tf WHERE tf.flight_id = f.flight_id)",201,0,3,1,False,False,False,2,2,3,0,0,0,0,0,0,3084.0,3322.84,1.0,11,201969.0,65.365,4,3,2,Hash Join,2,0,0,0,1,0,0,0,0,2710,0,0,0
passengers_for_booking,"SELECT b.book_ref, b.book_date, t.ticket_no, t.passenger_name FROM aviation.bookings AS b JOIN aviation.tickets AS t ON t.book_ref = b.book_ref WHERE b.book_ref = '010762'",171,1,1,0,False,False,False,2,2,4,0,1,0,0,0,0,0.29,2280.33,2.0,44,5.0,16.916,3,2,2,Nested Loop,1,1,0,0,0,0,1,0,0,2050,0,0,0
passenger_flight_history,"SELECT t.passenger_id, t.passenger_name, f.flight_no, f.scheduled_departure, tf.fare_conditions FROM aviation.tickets AS t JOIN aviation.ticket_flights AS tf ON tf.ticket_no = t.ticket_no JOIN aviation.flights AS f ON f.flight_id = tf.flight_id WHERE t.passenger_id = '3173-073166' AND f.status = 'Scheduled' ORDER BY f.scheduled_departure DESC",344,2,2,0,False,True,False,3,3,5,0,2,0,0,0,0,2280.77,2280.77,1.0,50,6.0,16.023,6,4,3,Sort,1,2,0,0,0,0,2,1,0,4116,0,0,0
recent_flights_sorted,"SELECT flight_no, departure_airport, arrival_airport, scheduled_departure FROM aviation.flights WHERE departure_airport = 'BQT' ORDER BY scheduled_departure DESC LIMIT 10",170,0,1,0,False,True,False,1,1,4,0,0,0,0,0,0,250.61,250.63,10.0,23,2010.0,2.389,3,3,1,Limit,1,0,0,0,0,0,0,1,0,318,0,0,0
flight_revenue,"SELECT f.flight_id, f.flight_no, COUNT(*) AS ticket_count, SUM(tf.amount) AS revenue FROM aviation.flights AS f JOIN aviation.ticket_flights AS tf ON tf.flight_id = f.flight_id WHERE f.flight_id = 4034 GROUP BY f.flight_id, f.flight_no",235,1,1,0,True,False,False,2,2,4,2,1,0,0,0,0,0.29,2092.47,1.0,51,22.0,13.069,4,3,2,Aggregate,1,1,0,0,0,0,1,0,1,2511,0,0,0
route_revenue,"SELECT f.departure_airport, f.arrival_airport, SUM(tf.amount) AS revenue FROM aviation.flights AS f JOIN aviation.ticket_flights AS tf ON tf.flight_id = f.flight_id WHERE f.departure_airport = 'SVO' GROUP BY f.departure_airport, f.arrival_airport ORDER BY revenue DESC",268,1,1,0,True,True,False,2,2,3,1,1,0,0,0,0,2388.4,2388.43,10.0,40,112020.0,40.119,6,5,2,Sort,2,0,0,0,1,0,0,1,1,3859,0,0,0
unboarded_tickets,"SELECT tf.ticket_no, tf.fare_conditions FROM aviation.ticket_flights AS tf LEFT JOIN aviation.boarding_passes AS bp ON bp.ticket_no = tf.ticket_no AND bp.flight_id = tf.flight_id WHERE tf.flight_id = 3301 AND bp.ticket_no IS NULL",229,1,2,0,False,False,False,2,2,2,0,0,1,0,0,0,0.29,2109.74,10.0,22,40.0,15.604,4,3,2,Nested Loop,1,1,0,0,0,0,1,0,0,1677,0,0,0
top_routes,"SELECT departure_airport, arrival_airport, COUNT(*) AS flight_count FROM aviation.flights WHERE scheduled_departure >= DATE '2025-10-06' AND scheduled_departure < DATE '2025-12-05' GROUP BY departure_airport, arrival_airport ORDER BY flight_count DESC LIMIT 10",260,0,2,0,True,True,False,1,1,3,1,0,0,0,0,0,269.31,269.34,10.0,16,1830.0,2.868,4,4,1,Limit,1,0,0,0,0,0,0,1,1,422,0,0,0
airport_connections,"SELECT dep.city AS departure_city, arr.city AS arrival_city, COUNT(*) AS flights FROM aviation.flights AS f JOIN aviation.airports AS dep ON dep.airport_code = f.departure_airport JOIN aviation.airports AS arr ON arr.airport_code = f.arrival_airport WHERE f.departure_airport = 'LED' AND f.status = 'Scheduled' GROUP BY dep.city, arr.city",338,2,2,0,True,False,False,3,2,3,1,2,0,0,0,0,261.66,261.76,10.0,24,781.0,2.631,7,4,2,Aggregate,3,0,0,0,1,0,1,0,1,424,0,0,0
booking_amount_range,"SELECT book_ref, book_date, total_amount FROM aviation.bookings WHERE total_amount BETWEEN 35000 AND 120000",107,0,1,0,False,False,False,1,1,3,0,0,0,0,0,0,0.0,1069.0,8563.0,21,8563.0,16.512,1,1,1,Seq Scan,1,0,0,0,0,0,0,0,0,319,0,0,0
route_by_date,"SELECT flight_id, flight_no, scheduled_departure, status FROM aviation.flights WHERE departure_airport = 'SVO' AND arrival_airport = 'TBS' AND scheduled_departure >= DATE '2025-01-21' AND scheduled_departure < DATE '2025-01-21' + INTERVAL '1 day'",246,0,4,0,False,False,False,1,1,4,0,0,0,0,0,0,0.0,304.0,1.0,27,1.0,3.035,1,1,1,Seq Scan,1,0,0,0,0,0,0,0,0,104,0,0,0
flight_occupancy,"SELECT f.flight_id, COUNT(DISTINCT tf.ticket_no) AS tickets, COUNT(DISTINCT bp.ticket_no) AS boarded FROM aviation.flights AS f LEFT JOIN aviation.ticket_flights AS tf ON tf.flight_id = f.flight_id LEFT JOIN aviation.boarding_passes AS bp ON bp.flight_id = tf.flight_id AND bp.ticket_no = tf.ticket_no WHERE f.flight_id = 9036 GROUP BY f.flight_id",347,2,1,0,True,False,False,3,3,3,2,0,2,0,0,0,2112.95,2113.12,1.0,20,62.0,15.16,8,5,3,Aggregate,1,1,1,0,0,1,1,2,1,4193,0,0,0
daily_flight_count,"SELECT scheduled_departure::date AS flight_date, COUNT(*) AS flight_count FROM aviation.flights WHERE departure_airport = 'WAW' GROUP BY scheduled_departure::date ORDER BY flight_date",183,0,1,0,True,True,False,1,1,2,1,0,0,0,0,0,281.33,301.24,993.0,12,2993.0,2.865,3,3,1,Aggregate,1,0,0,0,0,0,0,1,1,318,0,0,0
fare_statistics,"SELECT fare_conditions, COUNT(*) AS ticket_count, AVG(amount) AS average_amount FROM aviation.ticket_flights WHERE fare_conditions = 'Economy' AND amount >= 33750 GROUP BY fare_conditions HAVING COUNT(*) > 10",208,0,2,0,True,False,False,1,1,3,3,0,0,0,0,0,0.0,2635.94,1.0,48,60386.0,39.689,2,2,1,Aggregate,1,0,0,0,0,0,0,0,1,1668,0,0,0
boarding_pass_lookup,"SELECT bp.boarding_no, bp.seat_no, t.passenger_name FROM aviation.boarding_passes AS bp JOIN aviation.tickets AS t ON t.ticket_no = bp.ticket_no WHERE bp.flight_id = 2154 AND bp.boarding_no BETWEEN 5 AND 7",205,1,2,0,False,False,False,2,2,3,0,1,0,0,0,0,0.71,37.17,3.0,22,7.0,0.11,3,2,2,Nested Loop,0,2,0,0,0,0,1,0,0,30,0,0,0
aircraft_fare_capacity,"SELECT fare_conditions, COUNT(*) AS seat_count FROM aviation.seats WHERE aircraft_code = '320' GROUP BY fare_conditions ORDER BY seat_count DESC",144,0,1,0,True,True,False,1,1,2,1,0,0,0,0,0,17.2,17.21,3.0,16,186.0,0.366,3,3,1,Sort,1,0,0,0,0,0,0,1,1,18,0,0,0
high_value_passengers,"SELECT t.passenger_id, t.passenger_name, b.total_amount FROM aviation.tickets AS t JOIN aviation.bookings AS b ON b.book_ref = t.book_ref WHERE b.total_amount >= 282500 ORDER BY b.total_amount DESC LIMIT 100",207,1,1,0,False,True,False,2,2,3,0,1,0,0,0,0,5192.64,5192.89,100.0,33,232604.0,91.753,6,5,2,Limit,2,0,0,0,1,0,0,1,0,5689,0,0,0
ticket_fare_lookup,"SELECT t.ticket_no, tf.flight_id, tf.amount FROM aviation.tickets AS t JOIN aviation.ticket_flights AS tf ON tf.ticket_no = t.ticket_no WHERE t.passenger_id = '4832-034829' AND tf.fare_conditions = 'Comfort'",207,1,2,0,False,False,False,2,2,3,0,1,0,0,0,0,0.42,2280.45,1.0,24,3.0,17.976,3,2,2,Nested Loop,1,1,0,0,0,0,1,0,0,2052,0,0,0
aircraft_flight_counts,"SELECT a.aircraft_code, a.model, COUNT(f.flight_id) AS flight_count FROM aviation.aircrafts AS a LEFT JOIN aviation.flights AS f ON f.aircraft_code = a.aircraft_code WHERE a.range_km >= 3000 GROUP BY a.aircraft_code, a.model",224,1,1,0,True,False,False,2,2,3,1,0,1,0,0,0,303.62,303.68,5.0,27,20015.0,10.418,5,4,2,Aggregate,2,0,0,0,1,0,0,0,1,316,0,0,0
bookings_with_expensive_ticket,"SELECT b.book_ref, b.total_amount FROM aviation.bookings AS b WHERE EXISTS (SELECT 1 FROM aviation.tickets AS t JOIN aviation.ticket_flights AS tf ON tf.ticket_no = t.ticket_no WHERE t.book_ref = b.book_ref AND tf.amount >= 83750)",230,1,3,1,False,False,False,3,3,3,0,1,0,0,0,0,5632.61,6948.9,32903.0,13,314515.0,136.197,7,5,3,Hash Join,3,0,0,0,2,0,0,0,0,8896,0,0,0
aircraft_seat_capacity,"SELECT a.aircraft_code, a.model, COUNT(s.seat_no) AS seat_count FROM aviation.aircrafts AS a JOIN aviation.seats AS s ON s.aircraft_code = a.aircraft_code WHERE s.fare_conditions = 'Comfort' GROUP BY a.aircraft_code, a.model ORDER BY seat_count DESC",249,1,1,0,True,True,False,2,2,3,1,1,0,0,0,0,18.65,18.67,5.0,27,260.0,0.378,6,5,2,Sort,2,0,0,0,1,0,0,1,1,28,0,0,0
route_by_date,"SELECT flight_id, flight_no, scheduled_departure, status FROM aviation.flights WHERE departure_airport = 'SVO' AND arrival_airport = 'TBS' AND scheduled_departure >= DATE '2025-12-13' AND scheduled_departure < DATE '2025-12-13' + INTERVAL '1 day'",246,0,4,0,False,False,False,1,1,4,0,0,0,0,0,0,0.0,304.0,1.0,27,1.0,1.996,1,1,1,Seq Scan,1,0,0,0,0,0,0,0,0,104,0,0,0
flight_occupancy,"SELECT f.flight_id, COUNT(DISTINCT tf.ticket_no) AS tickets, COUNT(DISTINCT bp.ticket_no) AS boarded FROM aviation.flights AS f LEFT JOIN aviation.ticket_flights AS tf ON tf.flight_id = f.flight_id LEFT JOIN aviation.boarding_passes AS bp ON bp.flight_id = tf.flight_id AND bp.ticket_no = tf.ticket_no WHERE f.flight_id = 290 GROUP BY f.flight_id",346,2,1,0,True,False,False,3,3,3,2,0,2,0,0,0,2112.95,2113.12,1.0,20,62.0,14.337,8,5,3,Aggregate,1,1,1,0,0,1,1,2,1,4201,0,0,0
route_revenue,"SELECT f.departure_airport, f.arrival_airport, SUM(tf.amount) AS revenue FROM aviation.flights AS f JOIN aviation.ticket_flights AS tf ON tf.flight_id = f.flight_id WHERE f.departure_airport = 'GNA' GROUP BY f.departure_airport, f.arrival_airport ORDER BY revenue DESC",268,1,1,0,True,True,False,2,2,3,1,1,0,0,0,0,2388.4,2388.43,10.0,40,112020.0,59.928,6,5,2,Sort,2,0,0,0,1,0,0,1,1,3859,0,0,0
passenger_flight_history,"SELECT t.passenger_id, t.passenger_name, f.flight_no, f.scheduled_departure, tf.fare_conditions FROM aviation.tickets AS t JOIN aviation.ticket_flights AS tf ON tf.ticket_no = t.ticket_no JOIN aviation.flights AS f ON f.flight_id = tf.flight_id WHERE t.passenger_id = '3264-073257' AND f.status = 'Scheduled' ORDER BY f.scheduled_departure DESC",344,2,2,0,False,True,False,3,3,5,0,2,0,0,0,0,2280.77,2280.77,1.0,50,6.0,17.29,6,4,3,Sort,1,2,0,0,0,0,2,1,0,4116,0,0,0
ticket_name_prefix,"SELECT ticket_no, passenger_id, passenger_name FROM aviation.tickets WHERE passenger_name LIKE 'Passenger 28075%' ORDER BY ticket_no LIMIT 50",141,0,1,0,False,True,False,1,1,3,0,0,0,0,0,0,2272.17,2272.19,10.0,41,30.0,20.235,3,3,1,Limit,1,0,0,0,0,0,0,1,0,3072,0,0,0
flight_revenue,"SELECT f.flight_id, f.flight_no, COUNT(*) AS ticket_count, SUM(tf.amount) AS revenue FROM aviation.flights AS f JOIN aviation.ticket_flights AS tf ON tf.flight_id = f.flight_id WHERE f.flight_id = 8330 GROUP BY f.flight_id, f.flight_no",235,1,1,0,True,False,False,2,2,4,2,1,0,0,0,0,0.29,2092.47,1.0,51,22.0,16.117,4,3,2,Aggregate,1,1,0,0,0,0,1,0,1,2511,0,0,0
boarding_pass_lookup,"SELECT bp.boarding_no, bp.seat_no, t.passenger_name FROM aviation.boarding_passes AS bp JOIN aviation.tickets AS t ON t.ticket_no = bp.ticket_no WHERE bp.flight_id = 6926 AND bp.boarding_no BETWEEN 5 AND 7",205,1,2,0,False,False,False,2,2,3,0,1,0,0,0,0,0.71,37.17,3.0,22,7.0,0.114,3,2,2,Nested Loop,0,2,0,0,0,0,1,0,0,4,0,0,0
aircraft_fare_capacity,"SELECT fare_conditions, COUNT(*) AS seat_count FROM aviation.seats WHERE aircraft_code = 'E95' GROUP BY fare_conditions ORDER BY seat_count DESC",144,0,1,0,True,True,False,1,1,2,1,0,0,0,0,0,17.2,17.21,3.0,16,186.0,0.312,3,3,1,Sort,1,0,0,0,0,0,0,1,1,18,0,0,0
aircraft_flight_counts,"SELECT a.aircraft_code, a.model, COUNT(f.flight_id) AS flight_count FROM aviation.aircrafts AS a LEFT JOIN aviation.flights AS f ON f.aircraft_code = a.aircraft_code WHERE a.range_km >= 3000 GROUP BY a.aircraft_code, a.model",224,1,1,0,True,False,False,2,2,3,1,0,1,0,0,0,303.62,303.68,5.0,27,20015.0,11.418,5,4,2,Aggregate,2,0,0,0,1,0,0,0,1,316,0,0,0
passengers_for_booking,"SELECT b.book_ref, b.book_date, t.ticket_no, t.passenger_name FROM aviation.bookings AS b JOIN aviation.tickets AS t ON t.book_ref = b.book_ref WHERE b.book_ref = '037036'",171,1,1,0,False,False,False,2,2,4,0,1,0,0,0,0,0.29,2280.33,2.0,44,5.0,19.899,3,2,2,Nested Loop,1,1,0,0,0,0,1,0,0,2050,0,0,0
bookings_with_expensive_ticket,"SELECT b.book_ref, b.total_amount FROM aviation.bookings AS b WHERE EXISTS (SELECT 1 FROM aviation.tickets AS t JOIN aviation.ticket_flights AS tf ON tf.ticket_no = t.ticket_no WHERE t.book_ref = b.book_ref AND tf.amount >= 90750)",230,1,3,1,False,False,False,3,3,3,0,1,0,0,0,0,5428.45,6679.85,27070.0,13,285350.0,131.485,7,5,3,Hash Join,3,0,0,0,2,0,0,0,0,8896,0,0,0
booking_amount_range,"SELECT book_ref, book_date, total_amount FROM aviation.bookings WHERE total_amount BETWEEN 215000 AND 245000",108,0,1,0,False,False,False,1,1,3,0,0,0,0,0,0,0.0,1069.0,2990.0,21,2990.0,12.953,1,1,1,Seq Scan,1,0,0,0,0,0,0,0,0,319,0,0,0
unboarded_tickets,"SELECT tf.ticket_no, tf.fare_conditions FROM aviation.ticket_flights AS tf LEFT JOIN aviation.boarding_passes AS bp ON bp.ticket_no = tf.ticket_no AND bp.flight_id = tf.flight_id WHERE tf.flight_id = 7993 AND bp.ticket_no IS NULL",229,1,2,0,False,False,False,2,2,2,0,0,1,0,0,0,0.29,2109.74,10.0,22,40.0,13.651,4,3,2,Nested Loop,1,1,0,0,0,0,1,0,0,1674,0,0,0
ticket_fare_lookup,"SELECT t.ticket_no, tf.flight_id, tf.amount FROM aviation.tickets AS t JOIN aviation.ticket_flights AS tf ON tf.ticket_no = t.ticket_no WHERE t.passenger_id = '1411-081403' AND tf.fare_conditions = 'Business'",208,1,2,0,False,False,False,2,2,3,0,1,0,0,0,0,0.42,2280.45,1.0,24,3.0,16.812,3,2,2,Nested Loop,1,1,0,0,0,0,1,0,0,2052,0,0,0
fare_statistics,"SELECT fare_conditions, COUNT(*) AS ticket_count, AVG(amount) AS average_amount FROM aviation.ticket_flights WHERE fare_conditions = 'Comfort' AND amount >= 47000 GROUP BY fare_conditions HAVING COUNT(*) > 10",208,0,2,0,True,False,False,1,1,3,3,0,0,0,0,0,0.0,2377.98,1.0,48,8794.0,29.278,2,2,1,Aggregate,1,0,0,0,0,0,0,0,1,1668,0,0,0
flights_without_tickets,"SELECT f.flight_id, f.flight_no FROM aviation.flights AS f WHERE f.scheduled_departure >= DATE '2025-11-27' AND NOT EXISTS (SELECT 1 FROM aviation.ticket_flights AS tf WHERE tf.flight_id = f.flight_id)",201,0,3,1,False,False,False,2,2,3,0,0,0,0,0,0,3084.0,3317.7,1.0,11,200942.0,62.401,4,3,2,Hash Join,2,0,0,0,1,0,0,0,0,2710,0,0,0
daily_flight_count,"SELECT scheduled_departure::date AS flight_date, COUNT(*) AS flight_count FROM aviation.flights WHERE departure_airport = 'VTB' GROUP BY scheduled_departure::date ORDER BY flight_date",183,0,1,0,True,True,False,1,1,2,1,0,0,0,0,0,281.33,301.24,993.0,12,2993.0,2.904,3,3,1,Aggregate,1,0,0,0,0,0,0,1,1,318,0,0,0
recent_flights_sorted,"SELECT flight_no, departure_airport, arrival_airport, scheduled_departure FROM aviation.flights WHERE departure_airport = 'MSQ' ORDER BY scheduled_departure DESC LIMIT 10",170,0,1,0,False,True,False,1,1,4,0,0,0,0,0,0,250.61,250.63,10.0,23,2010.0,3.069,3,3,1,Limit,1,0,0,0,0,0,0,1,0,318,0,0,0
booking_ticket_count,"SELECT b.book_ref, COUNT(t.ticket_no) AS ticket_count FROM aviation.bookings AS b JOIN aviation.tickets AS t ON t.book_ref = b.book_ref WHERE b.book_date >= DATE '2025-07-19' AND b.book_date < DATE '2025-08-02' GROUP BY b.book_ref HAVING COUNT(t.ticket_no) >= 2",261,1,2,0,True,False,False,2,2,2,2,1,0,0,0,0,3395.8,3419.29,626.0,15,108142.0,61.028,5,4,2,Aggregate,2,0,0,0,1,0,0,0,1,4342,0,0,0
airport_connections,"SELECT dep.city AS departure_city, arr.city AS arrival_city, COUNT(*) AS flights FROM aviation.flights AS f JOIN aviation.airports AS dep ON dep.airport_code = f.departure_airport JOIN aviation.airports AS arr ON arr.airport_code = f.arrival_airport WHERE f.departure_airport = 'GME' AND f.status = 'Arrived' GROUP BY dep.city, arr.city",336,2,2,0,True,False,False,3,2,3,1,2,0,0,0,0,261.66,261.76,10.0,24,781.0,2.33,7,4,2,Aggregate,3,0,0,0,1,0,1,0,1,420,0,0,0
high_value_passengers,"SELECT t.passenger_id, t.passenger_name, b.total_amount FROM aviation.tickets AS t JOIN aviation.bookings AS b ON b.book_ref = t.book_ref WHERE b.total_amount >= 342500 ORDER BY b.total_amount DESC LIMIT 100",207,1,1,0,False,True,False,2,2,3,0,1,0,0,0,0,4650.47,4650.72,100.0,33,196028.0,94.347,6,5,2,Limit,2,0,0,0,1,0,0,1,0,5689,0,0,0
airport_departure_counts,"SELECT departure_airport, COUNT(*) AS flight_count FROM aviation.flights WHERE scheduled_departure >= DATE '2025-12-20' AND scheduled_departure < DATE '2026-01-19' GROUP BY departure_airport ORDER BY flight_count DESC",217,0,2,0,True,True,False,1,1,2,1,0,0,0,0,0,255.87,255.89,10.0,12,340.0,2.876,3,3,1,Sort,1,0,0,0,0,0,0,1,1,315,0,0,0
top_routes,"SELECT departure_airport, arrival_airport, COUNT(*) AS flight_count FROM aviation.flights WHERE scheduled_departure >= DATE '2025-11-26' AND scheduled_departure < DATE '2026-01-25' GROUP BY departure_airport, arrival_airport ORDER BY flight_count DESC LIMIT 10",260,0,2,0,True,True,False,1,1,3,1,0,0,0,0,0,264.42,264.45,10.0,16,1178.0,4.005,4,4,1,Limit,1,0,0,0,0,0,0,1,1,422,0,0,0
flight_revenue,"SELECT f.flight_id, f.flight_no, COUNT(*) AS ticket_count, SUM(tf.amount) AS revenue FROM aviation.flights AS f JOIN aviation.ticket_flights AS tf ON tf.flight_id = f.flight_id WHERE f.flight_id = 8832 GROUP BY f.flight_id, f.flight_no",235,1,1,0,True,False,False,2,2,4,2,1,0,0,0,0,0.29,2092.47,1.0,51,22.0,13.539,4,3,2,Aggregate,1,1,0,0,0,0,1,0,1,2511,0,0,0
booking_amount_range,"SELECT book_ref, book_date, total_amount FROM aviation.bookings WHERE total_amount BETWEEN 10000 AND 115000",107,0,1,0,False,False,False,1,1,3,0,0,0,0,0,0,0.0,1069.0,10595.0,21,10595.0,14.848,1,1,1,Seq Scan,1,0,0,0,0,0,0,0,0,319,0,0,0
route_by_date,"SELECT flight_id, flight_no, scheduled_departure, status FROM aviation.flights WHERE departure_airport = 'SVO' AND arrival_airport = 'TBS' AND scheduled_departure >= DATE '2025-04-25' AND scheduled_departure < DATE '2025-04-25' + INTERVAL '1 day'",246,0,4,0,False,False,False,1,1,4,0,0,0,0,0,0,0.0,304.0,1.0,27,1.0,2.592,1,1,1,Seq Scan,1,0,0,0,0,0,0,0,0,104,0,0,0
unboarded_tickets,"SELECT tf.ticket_no, tf.fare_conditions FROM aviation.ticket_flights AS tf LEFT JOIN aviation.boarding_passes AS bp ON bp.ticket_no = tf.ticket_no AND bp.flight_id = tf.flight_id WHERE tf.flight_id = 492 AND bp.ticket_no IS NULL",228,1,2,0,False,False,False,2,2,2,0,0,1,0,0,0,0.29,2109.74,10.0,22,40.0,14.284,4,3,2,Nested Loop,1,1,0,0,0,0,1,0,0,1677,0,0,0
boarding_pass_lookup,"SELECT bp.boarding_no, bp.seat_no, t.passenger_name FROM aviation.boarding_passes AS bp JOIN aviation.tickets AS t ON t.ticket_no = bp.ticket_no WHERE bp.flight_id = 4121 AND bp.boarding_no BETWEEN 3 AND 5",205,1,2,0,False,False,False,2,2,3,0,1,0,0,0,0,0.71,37.17,3.0,22,7.0,0.139,3,2,2,Nested Loop,0,2,0,0,0,0,1,0,0,30,0,0,0
high_value_passengers,"SELECT t.passenger_id, t.passenger_name, b.total_amount FROM aviation.tickets AS t JOIN aviation.bookings AS b ON b.book_ref = t.book_ref WHERE b.total_amount >= 365000 ORDER BY b.total_amount DESC LIMIT 100",207,1,1,0,False,True,False,2,2,3,0,1,0,0,0,0,4436.93,4437.18,100.0,33,181622.0,92.972,6,5,2,Limit,2,0,0,0,1,0,0,1,0,5689,0,0,0
ticket_name_prefix,"SELECT ticket_no, passenger_id, passenger_name FROM aviation.tickets WHERE passenger_name LIKE 'Passenger 33634%' ORDER BY ticket_no LIMIT 50",141,0,1,0,False,True,False,1,1,3,0,0,0,0,0,0,2272.17,2272.19,10.0,41,30.0,19.155,3,3,1,Limit,1,0,0,0,0,0,0,1,0,3072,0,0,0
recent_flights_sorted,"SELECT flight_no, departure_airport, arrival_airport, scheduled_departure FROM aviation.flights WHERE departure_airport = 'TBS' ORDER BY scheduled_departure DESC LIMIT 50",170,0,1,0,False,True,False,1,1,4,0,0,0,0,0,0,262.22,262.34,50.0,23,2050.0,2.825,3,3,1,Limit,1,0,0,0,0,0,0,1,0,318,0,0,0
daily_flight_count,"SELECT scheduled_departure::date AS flight_date, COUNT(*) AS flight_count FROM aviation.flights WHERE departure_airport = 'LED' GROUP BY scheduled_departure::date ORDER BY flight_date",183,0,1,0,True,True,False,1,1,2,1,0,0,0,0,0,281.33,301.24,993.0,12,2993.0,3.126,3,3,1,Aggregate,1,0,0,0,0,0,0,1,1,318,0,0,0
passengers_for_booking,"SELECT b.book_ref, b.book_date, t.ticket_no, t.passenger_name FROM aviation.bookings AS b JOIN aviation.tickets AS t ON t.book_ref = b.book_ref WHERE b.book_ref = '000051'",171,1,1,0,False,False,False,2,2,4,0,1,0,0,0,0,0.29,2280.33,2.0,44,5.0,17.427,3,2,2,Nested Loop,1,1,0,0,0,0,1,0,0,2050,0,0,0
ticket_fare_lookup,"SELECT t.ticket_no, tf.flight_id, tf.amount FROM aviation.tickets AS t JOIN aviation.ticket_flights AS tf ON tf.ticket_no = t.ticket_no WHERE t.passenger_id = '6151-026149' AND tf.fare_conditions = 'Comfort'",207,1,2,0,False,False,False,2,2,3,0,1,0,0,0,0,0.42,2280.45,1.0,24,3.0,15.856,3,2,2,Nested Loop,1,1,0,0,0,0,1,0,0,2052,0,0,0
top_routes,"SELECT departure_airport, arrival_airport, COUNT(*) AS flight_count FROM aviation.flights WHERE scheduled_departure >= DATE '2025-04-23' AND scheduled_departure < DATE '2025-05-23' GROUP BY departure_airport, arrival_airport ORDER BY flight_count DESC LIMIT 10",260,0,2,0,True,True,False,1,1,3,1,0,0,0,0,0,263.46,263.49,10.0,16,1050.0,2.899,4,4,1,Limit,1,0,0,0,0,0,0,1,1,422,0,0,0
airport_connections,"SELECT dep.city AS departure_city, arr.city AS arrival_city, COUNT(*) AS flights FROM aviation.flights AS f JOIN aviation.airports AS dep ON dep.airport_code = f.departure_airport JOIN aviation.airports AS arr ON arr.airport_code = f.arrival_airport WHERE f.departure_airport = 'LED' AND f.status = 'Arrived' GROUP BY dep.city, arr.city",336,2,2,0,True,False,False,3,2,3,1,2,0,0,0,0,261.66,261.76,10.0,24,781.0,2.868,7,4,2,Aggregate,3,0,0,0,1,0,1,0,1,420,0,0,0
airport_departure_counts,"SELECT departure_airport, COUNT(*) AS flight_count FROM aviation.flights WHERE scheduled_departure >= DATE '2025-02-25' AND scheduled_departure < DATE '2025-04-26' GROUP BY departure_airport ORDER BY flight_count DESC",217,0,2,0,True,True,False,1,1,2,1,0,0,0,0,0,262.67,262.7,10.0,12,1701.0,4.054,3,3,1,Sort,1,0,0,0,0,0,0,1,1,315,0,0,0
aircraft_flight_counts,"SELECT a.aircraft_code, a.model, COUNT(f.flight_id) AS flight_count FROM aviation.aircrafts AS a LEFT JOIN aviation.flights AS f ON f.aircraft_code = a.aircraft_code WHERE a.range_km >= 4750 GROUP BY a.aircraft_code, a.model",224,1,1,0,True,False,False,2,2,3,1,0,1,0,0,0,303.62,303.68,5.0,27,20015.0,10.116,5,4,2,Aggregate,2,0,0,0,1,0,0,0,1,316,0,0,0
flight_occupancy,"SELECT f.flight_id, COUNT(DISTINCT tf.ticket_no) AS tickets, COUNT(DISTINCT bp.ticket_no) AS boarded FROM aviation.flights AS f LEFT JOIN aviation.ticket_flights AS tf ON tf.flight_id = f.flight_id LEFT JOIN aviation.boarding_passes AS bp ON bp.flight_id = tf.flight_id AND bp.ticket_no = tf.ticket_no WHERE f.flight_id = 672 GROUP BY f.flight_id",346,2,1,0,True,False,False,3,3,3,2,0,2,0,0,0,2112.95,2113.12,1.0,20,62.0,13.551,8,5,3,Aggregate,1,1,1,0,0,1,1,2,1,4197,0,0,0
route_revenue,"SELECT f.departure_airport, f.arrival_airport, SUM(tf.amount) AS revenue FROM aviation.flights AS f JOIN aviation.ticket_flights AS tf ON tf.flight_id = f.flight_id WHERE f.departure_airport = 'LED' GROUP BY f.departure_airport, f.arrival_airport ORDER BY revenue DESC",268,1,1,0,True,True,False,2,2,3,1,1,0,0,0,0,2388.4,2388.43,10.0,40,112020.0,55.92,6,5,2,Sort,2,0,0,0,1,0,0,1,1,3859,0,0,0
fare_statistics,"SELECT fare_conditions, COUNT(*) AS ticket_count, AVG(amount) AS average_amount FROM aviation.ticket_flights WHERE fare_conditions = 'Comfort' AND amount >= 3500 GROUP BY fare_conditions HAVING COUNT(*) > 10",207,0,2,0,True,False,False,1,1,3,3,0,0,0,0,0,0.0,2402.93,1.0,48,13784.0,46.895,2,2,1,Aggregate,1,0,0,0,0,0,0,0,1,1668,0,0,0
bookings_with_expensive_ticket,"SELECT b.book_ref, b.total_amount FROM aviation.bookings AS b WHERE EXISTS (SELECT 1 FROM aviation.tickets AS t JOIN aviation.ticket_flights AS tf ON tf.ticket_no = t.ticket_no WHERE t.book_ref = b.book_ref AND tf.amount >= 97000)",230,1,3,1,False,False,False,3,3,3,0,1,0,0,0,0,5245.99,6439.4,21857.0,13,259285.0,136.476,7,5,3,Hash Join,3,0,0,0,2,0,0,0,0,8896,0,0,0
passenger_flight_history,"SELECT t.passenger_id, t.passenger_name, f.flight_no, f.scheduled_departure, tf.fare_conditions FROM aviation.tickets AS t JOIN aviation.ticket_flights AS tf ON tf.ticket_no = t.ticket_no JOIN aviation.flights AS f ON f.flight_id = tf.flight_id WHERE t.passenger_id = '8024-008024' AND f.status = 'On Time' ORDER BY f.scheduled_departure DESC",342,2,2,0,False,True,False,3,3,5,0,2,0,0,0,0,2280.77,2280.77,1.0,50,6.0,16.541,6,4,3,Sort,1,2,0,0,0,0,2,1,0,4116,0,0,0
aircraft_seat_capacity,"SELECT a.aircraft_code, a.model, COUNT(s.seat_no) AS seat_count FROM aviation.aircrafts AS a JOIN aviation.seats AS s ON s.aircraft_code = a.aircraft_code WHERE s.fare_conditions = 'Comfort' GROUP BY a.aircraft_code, a.model ORDER BY seat_count DESC",249,1,1,0,True,True,False,2,2,3,1,1,0,0,0,0,18.65,18.67,5.0,27,260.0,0.469,6,5,2,Sort,2,0,0,0,1,0,0,1,1,28,0,0,0
aircraft_fare_capacity,"SELECT fare_conditions, COUNT(*) AS seat_count FROM aviation.seats WHERE aircraft_code = '738' GROUP BY fare_conditions ORDER BY seat_count DESC",144,0,1,0,True,True,False,1,1,2,1,0,0,0,0,0,17.2,17.21,3.0,16,186.0,0.359,3,3,1,Sort,1,0,0,0,0,0,0,1,1,18,0,0,0
booking_ticket_count,"SELECT b.book_ref, COUNT(t.ticket_no) AS ticket_count FROM aviation.bookings AS b JOIN aviation.tickets AS t ON t.book_ref = b.book_ref WHERE b.book_date >= DATE '2024-11-26' AND b.book_date < DATE '2024-12-03' GROUP BY b.book_ref HAVING COUNT(t.ticket_no) >= 2",261,1,2,0,True,False,False,2,2,2,2,1,0,0,0,0,3375.14,3387.16,320.0,15,104164.0,46.368,5,4,2,Aggregate,2,0,0,0,1,0,0,0,1,4342,0,0,0
flights_without_tickets,"SELECT f.flight_id, f.flight_no FROM aviation.flights AS f WHERE f.scheduled_departure >= DATE '2025-06-19' AND NOT EXISTS (SELECT 1 FROM aviation.ticket_flights AS tf WHERE tf.flight_id = f.flight_id)",201,0,3,1,False,False,False,2,2,3,0,0,0,0,0,0,3084.0,3339.45,1.0,11,205290.0,58.818,4,3,2,Hash Join,2,0,0,0,1,0,0,0,0,2710,0,0,0
bookings_with_expensive_ticket,"SELECT b.book_ref, b.total_amount FROM aviation.bookings AS b WHERE EXISTS (SELECT 1 FROM aviation.tickets AS t JOIN aviation.ticket_flights AS tf ON tf.ticket_no = t.ticket_no WHERE t.book_ref = b.book_ref AND tf.amount >= 45500)",230,1,3,1,False,False,False,3,3,3,0,1,0,0,0,0,6336.02,7841.51,49909.0,13,494291.0,206.424,7,5,3,Hash Join,3,0,0,0,2,0,0,0,0,9084,0,0,0
route_revenue,"SELECT f.departure_airport, f.arrival_airport, SUM(tf.amount) AS revenue FROM aviation.flights AS f JOIN aviation.ticket_flights AS tf ON tf.flight_id = f.flight_id WHERE f.departure_airport = 'BQT' GROUP BY f.departure_airport, f.arrival_airport ORDER BY revenue DESC",268,1,1,0,True,True,False,2,2,3,1,1,0,0,0,0,2388.4,2388.43,10.0,40,112020.0,46.716,6,5,2,Sort,2,0,0,0,1,0,0,1,1,3859,0,0,0
airport_departure_counts,"SELECT departure_airport, COUNT(*) AS flight_count FROM aviation.flights WHERE scheduled_departure >= DATE '2025-11-18' AND scheduled_departure < DATE '2025-11-25' GROUP BY departure_airport ORDER BY flight_count DESC",217,0,2,0,True,True,False,1,1,2,1,0,0,0,0,0,255.21,255.24,10.0,12,209.0,2.206,3,3,1,Sort,1,0,0,0,0,0,0,1,1,315,0,0,0
passenger_flight_history,"SELECT t.passenger_id, t.passenger_name, f.flight_no, f.scheduled_departure, tf.fare_conditions FROM aviation.tickets AS t JOIN aviation.ticket_flights AS tf ON tf.ticket_no = t.ticket_no JOIN aviation.flights AS f ON f.flight_id = tf.flight_id WHERE t.passenger_id = '7767-077760' AND f.status = 'On Time' ORDER BY f.scheduled_departure DESC",342,2,2,0,False,True,False,3,3,5,0,2,0,0,0,0,2280.77,2280.77,1.0,50,6.0,20.443,6,4,3,Sort,1,2,0,0,0,0,2,1,0,4116,0,0,0
ticket_name_prefix,"SELECT ticket_no, passenger_id, passenger_name FROM aviation.tickets WHERE passenger_name LIKE 'Passenger 13519%' ORDER BY ticket_no LIMIT 50",141,0,1,0,False,True,False,1,1,3,0,0,0,0,0,0,2272.17,2272.19,10.0,41,30.0,22.524,3,3,1,Limit,1,0,0,0,0,0,0,1,0,3072,0,0,0
booking_amount_range,"SELECT book_ref, book_date, total_amount FROM aviation.bookings WHERE total_amount BETWEEN 15000 AND 160000",107,0,1,0,False,False,False,1,1,3,0,0,0,0,0,0,0.0,1069.0,14598.0,21,14598.0,16.703,1,1,1,Seq Scan,1,0,0,0,0,0,0,0,0,319,0,0,0
boarding_pass_lookup,"SELECT bp.boarding_no, bp.seat_no, t.passenger_name FROM aviation.boarding_passes AS bp JOIN aviation.tickets AS t ON t.ticket_no = bp.ticket_no WHERE bp.flight_id = 7009 AND bp.boarding_no BETWEEN 1 AND 5",205,1,2,0,False,False,False,2,2,3,0,1,0,0,0,0,0.71,57.58,5.0,22,11.0,0.33,3,2,2,Nested Loop,0,2,0,0,0,0,1,0,0,46,0,0,0
unboarded_tickets,"SELECT tf.ticket_no, tf.fare_conditions FROM aviation.ticket_flights AS tf LEFT JOIN aviation.boarding_passes AS bp ON bp.ticket_no = tf.ticket_no AND bp.flight_id = tf.flight_id WHERE tf.flight_id = 9919 AND bp.ticket_no IS NULL",229,1,2,0,False,False,False,2,2,2,0,0,1,0,0,0,0.29,2109.74,10.0,22,40.0,15.901,4,3,2,Nested Loop,1,1,0,0,0,0,1,0,0,1677,0,0,0
flight_revenue,"SELECT f.flight_id, f.flight_no, COUNT(*) AS ticket_count, SUM(tf.amount) AS revenue FROM aviation.flights AS f JOIN aviation.ticket_flights AS tf ON tf.flight_id = f.flight_id WHERE f.flight_id = 8088 GROUP BY f.flight_id, f.flight_no",235,1,1,0,True,False,False,2,2,4,2,1,0,0,0,0,0.29,2092.47,1.0,51,22.0,14.081,4,3,2,Aggregate,1,1,0,0,0,0,1,0,1,2511,0,0,0
flight_occupancy,"SELECT f.flight_id, COUNT(DISTINCT tf.ticket_no) AS tickets, COUNT(DISTINCT bp.ticket_no) AS boarded FROM aviation.flights AS f LEFT JOIN aviation.ticket_flights AS tf ON tf.flight_id = f.flight_id LEFT JOIN aviation.boarding_passes AS bp ON bp.flight_id = tf.flight_id AND bp.ticket_no = tf.ticket_no WHERE f.flight_id = 7572 GROUP BY f.flight_id",347,2,1,0,True,False,False,3,3,3,2,0,2,0,0,0,2112.95,2113.12,1.0,20,62.0,15.008,8,5,3,Aggregate,1,1,1,0,0,1,1,2,1,4197,0,0,0
booking_ticket_count,"SELECT b.book_ref, COUNT(t.ticket_no) AS ticket_count FROM aviation.bookings AS b JOIN aviation.tickets AS t ON t.book_ref = b.book_ref WHERE b.book_date >= DATE '2025-07-27' AND b.book_date < DATE '2025-08-10' GROUP BY b.book_ref HAVING COUNT(t.ticket_no) >= 2",261,1,2,0,True,False,False,2,2,2,2,1,0,0,0,0,3397.78,3422.37,656.0,15,108524.0,59.135,5,4,2,Aggregate,2,0,0,0,1,0,0,0,1,4342,0,0,0
aircraft_fare_capacity,"SELECT fare_conditions, COUNT(*) AS seat_count FROM aviation.seats WHERE aircraft_code = '738' GROUP BY fare_conditions ORDER BY seat_count DESC",144,0,1,0,True,True,False,1,1,2,1,0,0,0,0,0,17.2,17.21,3.0,16,186.0,0.448,3,3,1,Sort,1,0,0,0,0,0,0,1,1,18,0,0,0
daily_flight_count,"SELECT scheduled_departure::date AS flight_date, COUNT(*) AS flight_count FROM aviation.flights WHERE departure_airport = 'GME' GROUP BY scheduled_departure::date ORDER BY flight_date",183,0,1,0,True,True,False,1,1,2,1,0,0,0,0,0,281.33,301.24,993.0,12,2993.0,3.515,3,3,1,Aggregate,1,0,0,0,0,0,0,1,1,318,0,0,0
fare_statistics,"SELECT fare_conditions, COUNT(*) AS ticket_count, AVG(amount) AS average_amount FROM aviation.ticket_flights WHERE fare_conditions = 'Business' AND amount >= 46750 GROUP BY fare_conditions HAVING COUNT(*) > 10",209,0,2,0,True,False,False,1,1,3,3,0,0,0,0,0,0.0,2349.78,1.0,48,3153.0,27.44,2,2,1,Aggregate,1,0,0,0,0,0,0,0,1,1668,0,0,0
recent_flights_sorted,"SELECT flight_no, departure_airport, arrival_airport, scheduled_departure FROM aviation.flights WHERE departure_airport = 'GNA' ORDER BY scheduled_departure DESC LIMIT 100",171,0,1,0,False,True,False,1,1,4,0,0,0,0,0,0,267.22,267.47,100.0,23,2100.0,2.338,3,3,1,Limit,1,0,0,0,0,0,0,1,0,318,0,0,0
top_routes,"SELECT departure_airport, arrival_airport, COUNT(*) AS flight_count FROM aviation.flights WHERE scheduled_departure >= DATE '2025-01-30' AND scheduled_departure < DATE '2025-04-30' GROUP BY departure_airport, arrival_airport ORDER BY flight_count DESC LIMIT 3",259,0,2,0,True,True,False,1,1,3,1,0,0,0,0,0,275.19,275.2,3.0,16,2723.0,4.135,4,4,1,Limit,1,0,0,0,0,0,0,1,1,422,0,0,0
aircraft_seat_capacity,"SELECT a.aircraft_code, a.model, COUNT(s.seat_no) AS seat_count FROM aviation.aircrafts AS a JOIN aviation.seats AS s ON s.aircraft_code = a.aircraft_code WHERE s.fare_conditions = 'Business' GROUP BY a.aircraft_code, a.model ORDER BY seat_count DESC",250,1,1,0,True,True,False,2,2,3,1,1,0,0,0,0,18.06,18.07,5.0,27,140.0,0.467,6,5,2,Sort,2,0,0,0,1,0,0,1,1,28,0,0,0
high_value_passengers,"SELECT t.passenger_id, t.passenger_name, b.total_amount FROM aviation.tickets AS t JOIN aviation.bookings AS b ON b.book_ref = t.book_ref WHERE b.total_amount >= 105000 ORDER BY b.total_amount DESC LIMIT 100",207,1,1,0,False,True,False,2,2,3,0,1,0,0,0,0,6774.77,6775.02,100.0,33,339338.0,133.048,6,5,2,Limit,2,0,0,0,1,0,0,1,0,5689,0,0,0
passengers_for_booking,"SELECT b.book_ref, b.book_date, t.ticket_no, t.passenger_name FROM aviation.bookings AS b JOIN aviation.tickets AS t ON t.book_ref = b.book_ref WHERE b.book_ref = '023032'",171,1,1,0,False,False,False,2,2,4,0,1,0,0,0,0,0.29,2280.33,2.0,44,5.0,20.774,3,2,2,Nested Loop,1,1,0,0,0,0,1,0,0,2050,0,0,0
route_by_date,"SELECT flight_id, flight_no, scheduled_departure, status FROM aviation.flights WHERE departure_airport = 'LED' AND arrival_airport = 'IST' AND scheduled_departure >= DATE '2025-01-24' AND scheduled_departure < DATE '2025-01-24' + INTERVAL '1 day'",246,0,4,0,False,False,False,1,1,4,0,0,0,0,0,0,0.0,304.0,1.0,27,1.0,2.76,1,1,1,Seq Scan,1,0,0,0,0,0,0,0,0,104,0,0,0
flights_without_tickets,"SELECT f.flight_id, f.flight_no FROM aviation.flights AS f WHERE f.scheduled_departure >= DATE '2025-01-13' AND NOT EXISTS (SELECT 1 FROM aviation.ticket_flights AS tf WHERE tf.flight_id = f.flight_id)",201,0,3,1,False,False,False,2,2,3,0,0,0,0,0,0,3084.0,3361.32,1.0,11,209664.0,52.817,4,3,2,Hash Join,2,0,0,0,1,0,0,0,0,2710,0,0,0
ticket_fare_lookup,"SELECT t.ticket_no, tf.flight_id, tf.amount FROM aviation.tickets AS t JOIN aviation.ticket_flights AS tf ON tf.ticket_no = t.ticket_no WHERE t.passenger_id = '1940-051935' AND tf.fare_conditions = 'Business'",208,1,2,0,False,False,False,2,2,3,0,1,0,0,0,0,0.42,2280.45,1.0,24,3.0,16.836,3,2,2,Nested Loop,1,1,0,0,0,0,1,0,0,2052,0,0,0
aircraft_flight_counts,"SELECT a.aircraft_code, a.model, COUNT(f.flight_id) AS flight_count FROM aviation.aircrafts AS a LEFT JOIN aviation.flights AS f ON f.aircraft_code = a.aircraft_code WHERE a.range_km >= 3750 GROUP BY a.aircraft_code, a.model",224,1,1,0,True,False,False,2,2,3,1,0,1,0,0,0,303.62,303.68,5.0,27,20015.0,10.052,5,4,2,Aggregate,2,0,0,0,1,0,0,0,1,316,0,0,0
airport_connections,"SELECT dep.city AS departure_city, arr.city AS arrival_city, COUNT(*) AS flights FROM aviation.flights AS f JOIN aviation.airports AS dep ON dep.airport_code = f.departure_airport JOIN aviation.airports AS arr ON arr.airport_code = f.arrival_airport WHERE f.departure_airport = 'GME' AND f.status = 'Scheduled' GROUP BY dep.city, arr.city",338,2,2,0,True,False,False,3,2,3,1,2,0,0,0,0,261.66,261.76,10.0,24,781.0,2.457,7,4,2,Aggregate,3,0,0,0,1,0,1,0,1,424,0,0,0
recent_flights_sorted,"SELECT flight_no, departure_airport, arrival_airport, scheduled_departure FROM aviation.flights WHERE departure_airport = 'SVO' ORDER BY scheduled_departure DESC LIMIT 25",170,0,1,0,False,True,False,1,1,4,0,0,0,0,0,0,257.22,257.28,25.0,23,2025.0,2.239,3,3,1,Limit,1,0,0,0,0,0,0,1,0,318,0,0,0
boarding_pass_lookup,"SELECT bp.boarding_no, bp.seat_no, t.passenger_name FROM aviation.boarding_passes AS bp JOIN aviation.tickets AS t ON t.ticket_no = bp.ticket_no WHERE bp.flight_id = 7436 AND bp.boarding_no BETWEEN 1 AND 3",205,1,2,0,False,False,False,2,2,3,0,1,0,0,0,0,0.71,37.17,3.0,22,7.0,0.056,3,2,2,Nested Loop,0,2,0,0,0,0,1,0,0,4,0,0,0
route_revenue,"SELECT f.departure_airport, f.arrival_airport, SUM(tf.amount) AS revenue FROM aviation.flights AS f JOIN aviation.ticket_flights AS tf ON tf.flight_id = f.flight_id WHERE f.departure_airport = 'GME' GROUP BY f.departure_airport, f.arrival_airport ORDER BY revenue DESC",268,1,1,0,True,True,False,2,2,3,1,1,0,0,0,0,2388.4,2388.43,10.0,40,112020.0,46.297,6,5,2,Sort,2,0,0,0,1,0,0,1,1,3859,0,0,0
passengers_for_booking,"SELECT b.book_ref, b.book_date, t.ticket_no, t.passenger_name FROM aviation.bookings AS b JOIN aviation.tickets AS t ON t.book_ref = b.book_ref WHERE b.book_ref = '017316'",171,1,1,0,False,False,False,2,2,4,0,1,0,0,0,0,0.29,2280.33,2.0,44,5.0,18.339,3,2,2,Nested Loop,1,1,0,0,0,0,1,0,0,2050,0,0,0
airport_connections,"SELECT dep.city AS departure_city, arr.city AS arrival_city, COUNT(*) AS flights FROM aviation.flights AS f JOIN aviation.airports AS dep ON dep.airport_code = f.departure_airport JOIN aviation.airports AS arr ON arr.airport_code = f.arrival_airport WHERE f.departure_airport = 'SVO' AND f.status = 'On Time' GROUP BY dep.city, arr.city",336,2,2,0,True,False,False,3,2,3,1,2,0,0,0,0,261.66,261.76,10.0,24,781.0,3.13,7,4,2,Aggregate,3,0,0,0,1,0,1,0,1,424,0,0,0
aircraft_flight_counts,"SELECT a.aircraft_code, a.model, COUNT(f.flight_id) AS flight_count FROM aviation.aircrafts AS a LEFT JOIN aviation.flights AS f ON f.aircraft_code = a.aircraft_code WHERE a.range_km >= 4500 GROUP BY a.aircraft_code, a.model",224,1,1,0,True,False,False,2,2,3,1,0,1,0,0,0,303.62,303.68,5.0,27,20015.0,10.131,5,4,2,Aggregate,2,0,0,0,1,0,0,0,1,316,0,0,0
bookings_with_expensive_ticket,"SELECT b.book_ref, b.total_amount FROM aviation.bookings AS b WHERE EXISTS (SELECT 1 FROM aviation.tickets AS t JOIN aviation.ticket_flights AS tf ON tf.ticket_no = t.ticket_no WHERE t.book_ref = b.book_ref AND tf.amount >= 42000)",230,1,3,1,False,False,False,3,3,3,0,1,0,0,0,0,6380.67,7886.16,49909.0,13,503147.0,203.595,7,5,3,Hash Join,3,0,0,0,2,0,0,0,0,9084,0,0,0
unboarded_tickets,"SELECT tf.ticket_no, tf.fare_conditions FROM aviation.ticket_flights AS tf LEFT JOIN aviation.boarding_passes AS bp ON bp.ticket_no = tf.ticket_no AND bp.flight_id = tf.flight_id WHERE tf.flight_id = 1822 AND bp.ticket_no IS NULL",229,1,2,0,False,False,False,2,2,2,0,0,1,0,0,0,0.29,2109.74,10.0,22,40.0,13.752,4,3,2,Nested Loop,1,1,0,0,0,0,1,0,0,1677,0,0,0
flight_occupancy,"SELECT f.flight_id, COUNT(DISTINCT tf.ticket_no) AS tickets, COUNT(DISTINCT bp.ticket_no) AS boarded FROM aviation.flights AS f LEFT JOIN aviation.ticket_flights AS tf ON tf.flight_id = f.flight_id LEFT JOIN aviation.boarding_passes AS bp ON bp.flight_id = tf.flight_id AND bp.ticket_no = tf.ticket_no WHERE f.flight_id = 2294 GROUP BY f.flight_id",347,2,1,0,True,False,False,3,3,3,2,0,2,0,0,0,2112.95,2113.12,1.0,20,62.0,13.927,8,5,3,Aggregate,1,1,1,0,0,1,1,2,1,4197,0,0,0
airport_departure_counts,"SELECT departure_airport, COUNT(*) AS flight_count FROM aviation.flights WHERE scheduled_departure >= DATE '2025-03-01' AND scheduled_departure < DATE '2025-03-08' GROUP BY departure_airport ORDER BY flight_count DESC",217,0,2,0,True,True,False,1,1,2,1,0,0,0,0,0,255.25,255.27,10.0,12,216.0,2.758,3,3,1,Sort,1,0,0,0,0,0,0,1,1,315,0,0,0
aircraft_seat_capacity,"SELECT a.aircraft_code, a.model, COUNT(s.seat_no) AS seat_count FROM aviation.aircrafts AS a JOIN aviation.seats AS s ON s.aircraft_code = a.aircraft_code WHERE s.fare_conditions = 'Economy' GROUP BY a.aircraft_code, a.model ORDER BY seat_count DESC",249,1,1,0,True,True,False,2,2,3,1,1,0,0,0,0,24.56,24.58,5.0,27,1460.0,1.71,6,5,2,Sort,2,0,0,0,1,0,0,1,1,28,0,0,0
booking_amount_range,"SELECT book_ref, book_date, total_amount FROM aviation.bookings WHERE total_amount BETWEEN 300000 AND 390000",108,0,1,0,False,False,False,1,1,3,0,0,0,0,0,0,0.0,1069.0,9247.0,21,9247.0,15.336,1,1,1,Seq Scan,1,0,0,0,0,0,0,0,0,319,0,0,0
aircraft_fare_capacity,"SELECT fare_conditions, COUNT(*) AS seat_count FROM aviation.seats WHERE aircraft_code = 'E95' GROUP BY fare_conditions ORDER BY seat_count DESC",144,0,1,0,True,True,False,1,1,2,1,0,0,0,0,0,17.2,17.21,3.0,16,186.0,0.325,3,3,1,Sort,1,0,0,0,0,0,0,1,1,18,0,0,0
top_routes,"SELECT departure_airport, arrival_airport, COUNT(*) AS flight_count FROM aviation.flights WHERE scheduled_departure >= DATE '2025-06-30' AND scheduled_departure < DATE '2025-09-28' GROUP BY departure_airport, arrival_airport ORDER BY flight_count DESC LIMIT 3",259,0,2,0,True,True,False,1,1,3,1,0,0,0,0,0,274.52,274.53,3.0,16,2634.0,3.707,4,4,1,Limit,1,0,0,0,0,0,0,1,1,422,0,0,0
high_value_passengers,"SELECT t.passenger_id, t.passenger_name, b.total_amount FROM aviation.tickets AS t JOIN aviation.bookings AS b ON b.book_ref = t.book_ref WHERE b.total_amount >= 407500 ORDER BY b.total_amount DESC LIMIT 100",207,1,1,0,False,True,False,2,2,3,0,1,0,0,0,0,4056.18,4056.43,100.0,33,155936.0,76.742,6,5,2,Limit,2,0,0,0,1,0,0,1,0,5689,0,0,0
route_by_date,"SELECT flight_id, flight_no, scheduled_departure, status FROM aviation.flights WHERE departure_airport = 'BQT' AND arrival_airport = 'GNA' AND scheduled_departure >= DATE '2025-09-18' AND scheduled_departure < DATE '2025-09-18' + INTERVAL '1 day'",246,0,4,0,False,False,False,1,1,4,0,0,0,0,0,0,0.0,304.0,1.0,27,1.0,2.243,1,1,1,Seq Scan,1,0,0,0,0,0,0,0,0,104,0,0,0
ticket_fare_lookup,"SELECT t.ticket_no, tf.flight_id, tf.amount FROM aviation.tickets AS t JOIN aviation.ticket_flights AS tf ON tf.ticket_no = t.ticket_no WHERE t.passenger_id = '6346-006346' AND tf.fare_conditions = 'Business'",208,1,2,0,False,False,False,2,2,3,0,1,0,0,0,0,0.42,2280.45,1.0,24,3.0,15.442,3,2,2,Nested Loop,1,1,0,0,0,0,1,0,0,2052,0,0,0
ticket_name_prefix,"SELECT ticket_no, passenger_id, passenger_name FROM aviation.tickets WHERE passenger_name LIKE 'Passenger 19493%' ORDER BY ticket_no LIMIT 50",141,0,1,0,False,True,False,1,1,3,0,0,0,0,0,0,2272.17,2272.19,10.0,41,30.0,33.762,3,3,1,Limit,1,0,0,0,0,0,0,1,0,3072,0,0,0
flight_revenue,"SELECT f.flight_id, f.flight_no, COUNT(*) AS ticket_count, SUM(tf.amount) AS revenue FROM aviation.flights AS f JOIN aviation.ticket_flights AS tf ON tf.flight_id = f.flight_id WHERE f.flight_id = 5982 GROUP BY f.flight_id, f.flight_no",235,1,1,0,True,False,False,2,2,4,2,1,0,0,0,0,0.29,2092.47,1.0,51,22.0,13.142,4,3,2,Aggregate,1,1,0,0,0,0,1,0,1,2511,0,0,0
passenger_flight_history,"SELECT t.passenger_id, t.passenger_name, f.flight_no, f.scheduled_departure, tf.fare_conditions FROM aviation.tickets AS t JOIN aviation.ticket_flights AS tf ON tf.ticket_no = t.ticket_no JOIN aviation.flights AS f ON f.flight_id = tf.flight_id WHERE t.passenger_id = '0118-010117' AND f.status = 'Arrived' ORDER BY f.scheduled_departure DESC",342,2,2,0,False,True,False,3,3,5,0,2,0,0,0,0,2280.77,2280.77,1.0,50,6.0,16.914,6,4,3,Sort,1,2,0,0,0,0,2,1,0,4116,0,0,0
daily_flight_count,"SELECT scheduled_departure::date AS flight_date, COUNT(*) AS flight_count FROM aviation.flights WHERE departure_airport = 'BQT' GROUP BY scheduled_departure::date ORDER BY flight_date",183,0,1,0,True,True,False,1,1,2,1,0,0,0,0,0,281.33,301.24,993.0,12,2993.0,3.259,3,3,1,Aggregate,1,0,0,0,0,0,0,1,1,318,0,0,0
fare_statistics,"SELECT fare_conditions, COUNT(*) AS ticket_count, AVG(amount) AS average_amount FROM aviation.ticket_flights WHERE fare_conditions = 'Economy' AND amount >= 18250 GROUP BY fare_conditions HAVING COUNT(*) > 10",208,0,2,0,True,False,False,1,1,3,3,0,0,0,0,0,0.0,2688.17,1.0,48,70832.0,45.446,2,2,1,Aggregate,1,0,0,0,0,0,0,0,1,1668,0,0,0
flights_without_tickets,"SELECT f.flight_id, f.flight_no FROM aviation.flights AS f WHERE f.scheduled_departure >= DATE '2025-02-11' AND NOT EXISTS (SELECT 1 FROM aviation.ticket_flights AS tf WHERE tf.flight_id = f.flight_id)",201,0,3,1,False,False,False,2,2,3,0,0,0,0,0,0,3084.0,3357.25,1.0,11,208851.0,67.4,4,3,2,Hash Join,2,0,0,0,1,0,0,0,0,2710,0,0,0
booking_ticket_count,"SELECT b.book_ref, COUNT(t.ticket_no) AS ticket_count FROM aviation.bookings AS b JOIN aviation.tickets AS t ON t.book_ref = b.book_ref WHERE b.book_date >= DATE '2024-12-07' AND b.book_date < DATE '2024-12-14' GROUP BY b.book_ref HAVING COUNT(t.ticket_no) >= 2",261,1,2,0,True,False,False,2,2,2,2,1,0,0,0,0,3372.56,3383.13,282.0,15,103666.0,53.776,5,4,2,Aggregate,2,0,0,0,1,0,0,0,1,4342,0,0,0
recent_flights_sorted,"SELECT flight_no, departure_airport, arrival_airport, scheduled_departure FROM aviation.flights WHERE departure_airport = 'SVO' ORDER BY scheduled_departure DESC LIMIT 50",170,0,1,0,False,True,False,1,1,4,0,0,0,0,0,0,262.22,262.34,50.0,23,2050.0,2.66,3,3,1,Limit,1,0,0,0,0,0,0,1,0,318,0,0,0
flight_revenue,"SELECT f.flight_id, f.flight_no, COUNT(*) AS ticket_count, SUM(tf.amount) AS revenue FROM aviation.flights AS f JOIN aviation.ticket_flights AS tf ON tf.flight_id = f.flight_id WHERE f.flight_id = 2190 GROUP BY f.flight_id, f.flight_no",235,1,1,0,True,False,False,2,2,4,2,1,0,0,0,0,0.29,2092.47,1.0,51,22.0,14.213,4,3,2,Aggregate,1,1,0,0,0,0,1,0,1,2511,0,0,0
aircraft_fare_capacity,"SELECT fare_conditions, COUNT(*) AS seat_count FROM aviation.seats WHERE aircraft_code = '738' GROUP BY fare_conditions ORDER BY seat_count DESC",144,0,1,0,True,True,False,1,1,2,1,0,0,0,0,0,17.2,17.21,3.0,16,186.0,0.331,3,3,1,Sort,1,0,0,0,0,0,0,1,1,18,0,0,0
aircraft_flight_counts,"SELECT a.aircraft_code, a.model, COUNT(f.flight_id) AS flight_count FROM aviation.aircrafts AS a LEFT JOIN aviation.flights AS f ON f.aircraft_code = a.aircraft_code WHERE a.range_km >= 4000 GROUP BY a.aircraft_code, a.model",224,1,1,0,True,False,False,2,2,3,1,0,1,0,0,0,303.62,303.68,5.0,27,20015.0,8.579,5,4,2,Aggregate,2,0,0,0,1,0,0,0,1,316,0,0,0
booking_ticket_count,"SELECT b.book_ref, COUNT(t.ticket_no) AS ticket_count FROM aviation.bookings AS b JOIN aviation.tickets AS t ON t.book_ref = b.book_ref WHERE b.book_date >= DATE '2025-07-22' AND b.book_date < DATE '2025-08-05' GROUP BY b.book_ref HAVING COUNT(t.ticket_no) >= 2",261,1,2,0,True,False,False,2,2,2,2,1,0,0,0,0,3397.78,3422.37,656.0,15,108524.0,53.099,5,4,2,Aggregate,2,0,0,0,1,0,0,0,1,4342,0,0,0
flights_without_tickets,"SELECT f.flight_id, f.flight_no FROM aviation.flights AS f WHERE f.scheduled_departure >= DATE '2025-01-24' AND NOT EXISTS (SELECT 1 FROM aviation.ticket_flights AS tf WHERE tf.flight_id = f.flight_id)",201,0,3,1,False,False,False,2,2,3,0,0,0,0,0,0,3084.0,3359.78,1.0,11,209357.0,76.221,4,3,2,Hash Join,2,0,0,0,1,0,0,0,0,2710,0,0,0
daily_flight_count,"SELECT scheduled_departure::date AS flight_date, COUNT(*) AS flight_count FROM aviation.flights WHERE departure_airport = 'LED' GROUP BY scheduled_departure::date ORDER BY flight_date",183,0,1,0,True,True,False,1,1,2,1,0,0,0,0,0,281.33,301.24,993.0,12,2993.0,3.142,3,3,1,Aggregate,1,0,0,0,0,0,0,1,1,318,0,0,0
booking_amount_range,"SELECT book_ref, book_date, total_amount FROM aviation.bookings WHERE total_amount BETWEEN 215000 AND 240000",108,0,1,0,False,False,False,1,1,3,0,0,0,0,0,0,0.0,1069.0,2503.0,21,2503.0,12.961,1,1,1,Seq Scan,1,0,0,0,0,0,0,0,0,319,0,0,0
bookings_with_expensive_ticket,"SELECT b.book_ref, b.total_amount FROM aviation.bookings AS b WHERE EXISTS (SELECT 1 FROM aviation.tickets AS t JOIN aviation.ticket_flights AS tf ON tf.ticket_no = t.ticket_no WHERE t.book_ref = b.book_ref AND tf.amount >= 58250)",230,1,3,1,False,False,False,3,3,3,0,1,0,0,0,0,6175.29,7680.77,49909.0,13,462410.0,175.497,7,5,3,Hash Join,3,0,0,0,2,0,0,0,0,9084,0,0,0
ticket_fare_lookup,"SELECT t.ticket_no, tf.flight_id, tf.amount FROM aviation.tickets AS t JOIN aviation.ticket_flights AS tf ON tf.ticket_no = t.ticket_no WHERE t.passenger_id = '6988-086980' AND tf.fare_conditions = 'Business'",208,1,2,0,False,False,False,2,2,3,0,1,0,0,0,0,0.42,2280.45,1.0,24,3.0,16.751,3,2,2,Nested Loop,1,1,0,0,0,0,1,0,0,2052,0,0,0
ticket_name_prefix,"SELECT ticket_no, passenger_id, passenger_name FROM aviation.tickets WHERE passenger_name LIKE 'Passenger 8250%' ORDER BY ticket_no LIMIT 50",140,0,1,0,False,True,False,1,1,3,0,0,0,0,0,0,2272.17,2272.19,10.0,41,30.0,19.471,3,3,1,Limit,1,0,0,0,0,0,0,1,0,3072,0,0,0
aircraft_seat_capacity,"SELECT a.aircraft_code, a.model, COUNT(s.seat_no) AS seat_count FROM aviation.aircrafts AS a JOIN aviation.seats AS s ON s.aircraft_code = a.aircraft_code WHERE s.fare_conditions = 'Economy' GROUP BY a.aircraft_code, a.model ORDER BY seat_count DESC",249,1,1,0,True,True,False,2,2,3,1,1,0,0,0,0,24.56,24.58,5.0,27,1460.0,0.884,6,5,2,Sort,2,0,0,0,1,0,0,1,1,28,0,0,0
unboarded_tickets,"SELECT tf.ticket_no, tf.fare_conditions FROM aviation.ticket_flights AS tf LEFT JOIN aviation.boarding_passes AS bp ON bp.ticket_no = tf.ticket_no AND bp.flight_id = tf.flight_id WHERE tf.flight_id = 102 AND bp.ticket_no IS NULL",228,1,2,0,False,False,False,2,2,2,0,0,1,0,0,0,0.29,2109.74,10.0,22,40.0,14.284,4,3,2,Nested Loop,1,1,0,0,0,0,1,0,0,1680,0,0,0
fare_statistics,"SELECT fare_conditions, COUNT(*) AS ticket_count, AVG(amount) AS average_amount FROM aviation.ticket_flights WHERE fare_conditions = 'Comfort' AND amount >= 17500 GROUP BY fare_conditions HAVING COUNT(*) > 10",208,0,2,0,True,False,False,1,1,3,3,0,0,0,0,0,0.0,2394.8,1.0,48,12158.0,35.01,2,2,1,Aggregate,1,0,0,0,0,0,0,0,1,1668,0,0,0
passengers_for_booking,"SELECT b.book_ref, b.book_date, t.ticket_no, t.passenger_name FROM aviation.bookings AS b JOIN aviation.tickets AS t ON t.book_ref = b.book_ref WHERE b.book_ref = '008005'",171,1,1,0,False,False,False,2,2,4,0,1,0,0,0,0,0.29,2280.33,2.0,44,5.0,22.209,3,2,2,Nested Loop,1,1,0,0,0,0,1,0,0,2050,0,0,0
boarding_pass_lookup,"SELECT bp.boarding_no, bp.seat_no, t.passenger_name FROM aviation.boarding_passes AS bp JOIN aviation.tickets AS t ON t.ticket_no = bp.ticket_no WHERE bp.flight_id = 6973 AND bp.boarding_no BETWEEN 4 AND 7",205,1,2,0,False,False,False,2,2,3,0,1,0,0,0,0,0.71,47.37,4.0,22,9.0,0.062,3,2,2,Nested Loop,0,2,0,0,0,0,1,0,0,4,0,0,0
route_by_date,"SELECT flight_id, flight_no, scheduled_departure, status FROM aviation.flights WHERE departure_airport = 'MSQ' AND arrival_airport = 'VTB' AND scheduled_departure >= DATE '2025-02-05' AND scheduled_departure < DATE '2025-02-05' + INTERVAL '1 day'",246,0,4,0,False,False,False,1,1,4,0,0,0,0,0,0,0.0,304.0,1.0,27,1.0,3.23,1,1,1,Seq Scan,1,0,0,0,0,0,0,0,0,104,0,0,0
route_revenue,"SELECT f.departure_airport, f.arrival_airport, SUM(tf.amount) AS revenue FROM aviation.flights AS f JOIN aviation.ticket_flights AS tf ON tf.flight_id = f.flight_id WHERE f.departure_airport = 'MSQ' GROUP BY f.departure_airport, f.arrival_airport ORDER BY revenue DESC",268,1,1,0,True,True,False,2,2,3,1,1,0,0,0,0,2388.4,2388.43,10.0,40,112020.0,40.961,6,5,2,Sort,2,0,0,0,1,0,0,1,1,3859,0,0,0
passenger_flight_history,"SELECT t.passenger_id, t.passenger_name, f.flight_no, f.scheduled_departure, tf.fare_conditions FROM aviation.tickets AS t JOIN aviation.ticket_flights AS tf ON tf.ticket_no = t.ticket_no JOIN aviation.flights AS f ON f.flight_id = tf.flight_id WHERE t.passenger_id = '0824-040820' AND f.status = 'On Time' ORDER BY f.scheduled_departure DESC",342,2,2,0,False,True,False,3,3,5,0,2,0,0,0,0,2280.77,2280.77,1.0,50,6.0,18.095,6,4,3,Sort,1,2,0,0,0,0,2,1,0,4116,0,0,0
flight_occupancy,"SELECT f.flight_id, COUNT(DISTINCT tf.ticket_no) AS tickets, COUNT(DISTINCT bp.ticket_no) AS boarded FROM aviation.flights AS f LEFT JOIN aviation.ticket_flights AS tf ON tf.flight_id = f.flight_id LEFT JOIN aviation.boarding_passes AS bp ON bp.flight_id = tf.flight_id AND bp.ticket_no = tf.ticket_no WHERE f.flight_id = 2381 GROUP BY f.flight_id",347,2,1,0,True,False,False,3,3,3,2,0,2,0,0,0,2112.95,2113.12,1.0,20,62.0,14.627,8,5,3,Aggregate,1,1,1,0,0,1,1,2,1,4197,0,0,0
airport_connections,"SELECT dep.city AS departure_city, arr.city AS arrival_city, COUNT(*) AS flights FROM aviation.flights AS f JOIN aviation.airports AS dep ON dep.airport_code = f.departure_airport JOIN aviation.airports AS arr ON arr.airport_code = f.arrival_airport WHERE f.departure_airport = 'GME' AND f.status = 'Departed' GROUP BY dep.city, arr.city",337,2,2,0,True,False,False,3,2,3,1,2,0,0,0,0,261.66,261.76,10.0,24,781.0,2.423,7,4,2,Aggregate,3,0,0,0,1,0,1,0,1,424,0,0,0
airport_departure_counts,"SELECT departure_airport, COUNT(*) AS flight_count FROM aviation.flights WHERE scheduled_departure >= DATE '2025-05-24' AND scheduled_departure < DATE '2025-06-23' GROUP BY departure_airport ORDER BY flight_count DESC",217,0,2,0,True,True,False,1,1,2,1,0,0,0,0,0,258.33,258.35,10.0,12,832.0,4.294,3,3,1,Sort,1,0,0,0,0,0,0,1,1,315,0,0,0
top_routes,"SELECT departure_airport, arrival_airport, COUNT(*) AS flight_count FROM aviation.flights WHERE scheduled_departure >= DATE '2025-09-09' AND scheduled_departure < DATE '2025-10-09' GROUP BY departure_airport, arrival_airport ORDER BY flight_count DESC LIMIT 5",259,0,2,0,True,True,False,1,1,3,1,0,0,0,0,0,262.74,262.75,5.0,16,1015.0,2.77,4,4,1,Limit,1,0,0,0,0,0,0,1,1,422,0,0,0
high_value_passengers,"SELECT t.passenger_id, t.passenger_name, b.total_amount FROM aviation.tickets AS t JOIN aviation.bookings AS b ON b.book_ref = t.book_ref WHERE b.total_amount >= 255000 ORDER BY b.total_amount DESC LIMIT 100",207,1,1,0,False,True,False,2,2,3,0,1,0,0,0,0,5438.82,5439.07,100.0,33,249212.0,170.345,6,5,2,Limit,2,0,0,0,1,0,0,1,0,5689,0,0,0
flight_occupancy,"SELECT f.flight_id, COUNT(DISTINCT tf.ticket_no) AS tickets, COUNT(DISTINCT bp.ticket_no) AS boarded FROM aviation.flights AS f LEFT JOIN aviation.ticket_flights AS tf ON tf.flight_id = f.flight_id LEFT JOIN aviation.boarding_passes AS bp ON bp.flight_id = tf.flight_id AND bp.ticket_no = tf.ticket_no WHERE f.flight_id = 2637 GROUP BY f.flight_id",347,2,1,0,True,False,False,3,3,3,2,0,2,0,0,0,2112.95,2113.12,1.0,20,62.0,13.443,8,5,3,Aggregate,1,1,1,0,0,1,1,2,1,4197,0,0,0
flights_without_tickets,"SELECT f.flight_id, f.flight_no FROM aviation.flights AS f WHERE f.scheduled_departure >= DATE '2025-08-22' AND NOT EXISTS (SELECT 1 FROM aviation.ticket_flights AS tf WHERE tf.flight_id = f.flight_id)",201,0,3,1,False,False,False,2,2,3,0,0,0,0,0,0,3084.0,3330.8,1.0,11,203562.0,74.072,4,3,2,Hash Join,2,0,0,0,1,0,0,0,0,2710,0,0,0
airport_departure_counts,"SELECT departure_airport, COUNT(*) AS flight_count FROM aviation.flights WHERE scheduled_departure >= DATE '2025-08-15' AND scheduled_departure < DATE '2025-08-22' GROUP BY departure_airport ORDER BY flight_count DESC",217,0,2,0,True,True,False,1,1,2,1,0,0,0,0,0,255.21,255.24,10.0,12,209.0,2.497,3,3,1,Sort,1,0,0,0,0,0,0,1,1,315,0,0,0
route_by_date,"SELECT flight_id, flight_no, scheduled_departure, status FROM aviation.flights WHERE departure_airport = 'GME' AND arrival_airport = 'SVO' AND scheduled_departure >= DATE '2025-04-07' AND scheduled_departure < DATE '2025-04-07' + INTERVAL '1 day'",246,0,4,0,False,False,False,1,1,4,0,0,0,0,0,0,0.0,304.0,1.0,27,1.0,2.601,1,1,1,Seq Scan,1,0,0,0,0,0,0,0,0,104,0,0,0
aircraft_seat_capacity,"SELECT a.aircraft_code, a.model, COUNT(s.seat_no) AS seat_count FROM aviation.aircrafts AS a JOIN aviation.seats AS s ON s.aircraft_code = a.aircraft_code WHERE s.fare_conditions = 'Economy' GROUP BY a.aircraft_code, a.model ORDER BY seat_count DESC",249,1,1,0,True,True,False,2,2,3,1,1,0,0,0,0,24.56,24.58,5.0,27,1460.0,0.96,6,5,2,Sort,2,0,0,0,1,0,0,1,1,28,0,0,0
daily_flight_count,"SELECT scheduled_departure::date AS flight_date, COUNT(*) AS flight_count FROM aviation.flights WHERE departure_airport = 'VTB' GROUP BY scheduled_departure::date ORDER BY flight_date",183,0,1,0,True,True,False,1,1,2,1,0,0,0,0,0,281.33,301.24,993.0,12,2993.0,2.642,3,3,1,Aggregate,1,0,0,0,0,0,0,1,1,318,0,0,0
aircraft_flight_counts,"SELECT a.aircraft_code, a.model, COUNT(f.flight_id) AS flight_count FROM aviation.aircrafts AS a LEFT JOIN aviation.flights AS f ON f.aircraft_code = a.aircraft_code WHERE a.range_km >= 3750 GROUP BY a.aircraft_code, a.model",224,1,1,0,True,False,False,2,2,3,1,0,1,0,0,0,303.62,303.68,5.0,27,20015.0,9.608,5,4,2,Aggregate,2,0,0,0,1,0,0,0,1,316,0,0,0
bookings_with_expensive_ticket,"SELECT b.book_ref, b.total_amount FROM aviation.bookings AS b WHERE EXISTS (SELECT 1 FROM aviation.tickets AS t JOIN aviation.ticket_flights AS tf ON tf.ticket_no = t.ticket_no WHERE t.book_ref = b.book_ref AND tf.amount >= 83000)",230,1,3,1,False,False,False,3,3,3,0,1,0,0,0,0,5654.62,6977.91,33532.0,13,317660.0,143.545,7,5,3,Hash Join,3,0,0,0,2,0,0,0,0,8896,0,0,0
fare_statistics,"SELECT fare_conditions, COUNT(*) AS ticket_count, AVG(amount) AS average_amount FROM aviation.ticket_flights WHERE fare_conditions = 'Comfort' AND amount >= 37250 GROUP BY fare_conditions HAVING COUNT(*) > 10",208,0,2,0,True,False,False,1,1,3,3,0,0,0,0,0,0.0,2383.53,1.0,48,9903.0,31.075,2,2,1,Aggregate,1,0,0,0,0,0,0,0,1,1668,0,0,0
booking_ticket_count,"SELECT b.book_ref, COUNT(t.ticket_no) AS ticket_count FROM aviation.bookings AS b JOIN aviation.tickets AS t ON t.book_ref = b.book_ref WHERE b.book_date >= DATE '2025-02-23' AND b.book_date < DATE '2025-03-09' GROUP BY b.book_ref HAVING COUNT(t.ticket_no) >= 2",261,1,2,0,True,False,False,2,2,2,2,1,0,0,0,0,3396.77,3420.79,641.0,15,108329.0,53.083,5,4,2,Aggregate,2,0,0,0,1,0,0,0,1,4342,0,0,0
flight_revenue,"SELECT f.flight_id, f.flight_no, COUNT(*) AS ticket_count, SUM(tf.amount) AS revenue FROM aviation.flights AS f JOIN aviation.ticket_flights AS tf ON tf.flight_id = f.flight_id WHERE f.flight_id = 9766 GROUP BY f.flight_id, f.flight_no",235,1,1,0,True,False,False,2,2,4,2,1,0,0,0,0,0.29,2092.47,1.0,51,22.0,14.177,4,3,2,Aggregate,1,1,0,0,0,0,1,0,1,2511,0,0,0
recent_flights_sorted,"SELECT flight_no, departure_airport, arrival_airport, scheduled_departure FROM aviation.flights WHERE departure_airport = 'VTB' ORDER BY scheduled_departure DESC LIMIT 100",171,0,1,0,False,True,False,1,1,4,0,0,0,0,0,0,267.22,267.47,100.0,23,2100.0,2.589,3,3,1,Limit,1,0,0,0,0,0,0,1,0,318,0,0,0
unboarded_tickets,"SELECT tf.ticket_no, tf.fare_conditions FROM aviation.ticket_flights AS tf LEFT JOIN aviation.boarding_passes AS bp ON bp.ticket_no = tf.ticket_no AND bp.flight_id = tf.flight_id WHERE tf.flight_id = 9265 AND bp.ticket_no IS NULL",229,1,2,0,False,False,False,2,2,2,0,0,1,0,0,0,0.29,2109.74,10.0,22,40.0,15.016,4,3,2,Nested Loop,1,1,0,0,0,0,1,0,0,1677,0,0,0
route_revenue,"SELECT f.departure_airport, f.arrival_airport, SUM(tf.amount) AS revenue FROM aviation.flights AS f JOIN aviation.ticket_flights AS tf ON tf.flight_id = f.flight_id WHERE f.departure_airport = 'IST' GROUP BY f.departure_airport, f.arrival_airport ORDER BY revenue DESC",268,1,1,0,True,True,False,2,2,3,1,1,0,0,0,0,2388.4,2388.43,10.0,40,112020.0,42.192,6,5,2,Sort,2,0,0,0,1,0,0,1,1,3859,0,0,0
boarding_pass_lookup,"SELECT bp.boarding_no, bp.seat_no, t.passenger_name FROM aviation.boarding_passes AS bp JOIN aviation.tickets AS t ON t.ticket_no = bp.ticket_no WHERE bp.flight_id = 5322 AND bp.boarding_no BETWEEN 3 AND 8",205,1,2,0,False,False,False,2,2,3,0,1,0,0,0,0,0.71,67.79,6.0,22,13.0,0.33,3,2,2,Nested Loop,0,2,0,0,0,0,1,0,0,54,0,0,0
booking_amount_range,"SELECT book_ref, book_date, total_amount FROM aviation.bookings WHERE total_amount BETWEEN 210000 AND 285000",108,0,1,0,False,False,False,1,1,3,0,0,0,0,0,0,0.0,1069.0,7506.0,21,7506.0,12.743,1,1,1,Seq Scan,1,0,0,0,0,0,0,0,0,319,0,0,0
airport_connections,"SELECT dep.city AS departure_city, arr.city AS arrival_city, COUNT(*) AS flights FROM aviation.flights AS f JOIN aviation.airports AS dep ON dep.airport_code = f.departure_airport JOIN aviation.airports AS arr ON arr.airport_code = f.arrival_airport WHERE f.departure_airport = 'SVO' AND f.status = 'Departed' GROUP BY dep.city, arr.city",337,2,2,0,True,False,False,3,2,3,1,2,0,0,0,0,261.66,261.76,10.0,24,781.0,2.282,7,4,2,Aggregate,3,0,0,0,1,0,1,0,1,420,0,0,0
ticket_fare_lookup,"SELECT t.ticket_no, tf.flight_id, tf.amount FROM aviation.tickets AS t JOIN aviation.ticket_flights AS tf ON tf.ticket_no = t.ticket_no WHERE t.passenger_id = '2023-072016' AND tf.fare_conditions = 'Comfort'",207,1,2,0,False,False,False,2,2,3,0,1,0,0,0,0,0.42,2280.45,1.0,24,3.0,18.58,3,2,2,Nested Loop,1,1,0,0,0,0,1,0,0,2052,0,0,0
aircraft_fare_capacity,"SELECT fare_conditions, COUNT(*) AS seat_count FROM aviation.seats WHERE aircraft_code = '321' GROUP BY fare_conditions ORDER BY seat_count DESC",144,0,1,0,True,True,False,1,1,2,1,0,0,0,0,0,17.2,17.21,3.0,16,186.0,0.303,3,3,1,Sort,1,0,0,0,0,0,0,1,1,18,0,0,0
passengers_for_booking,"SELECT b.book_ref, b.book_date, t.ticket_no, t.passenger_name FROM aviation.bookings AS b JOIN aviation.tickets AS t ON t.book_ref = b.book_ref WHERE b.book_ref = '042444'",171,1,1,0,False,False,False,2,2,4,0,1,0,0,0,0,0.29,2280.33,2.0,44,5.0,15.805,3,2,2,Nested Loop,1,1,0,0,0,0,1,0,0,2050,0,0,0
top_routes,"SELECT departure_airport, arrival_airport, COUNT(*) AS flight_count FROM aviation.flights WHERE scheduled_departure >= DATE '2025-03-03' AND scheduled_departure < DATE '2025-04-02' GROUP BY departure_airport, arrival_airport ORDER BY flight_count DESC LIMIT 3",259,0,2,0,True,True,False,1,1,3,1,0,0,0,0,0,262.6,262.61,3.0,16,1044.0,2.966,4,4,1,Limit,1,0,0,0,0,0,0,1,1,422,0,0,0
passenger_flight_history,"SELECT t.passenger_id, t.passenger_name, f.flight_no, f.scheduled_departure, tf.fare_conditions FROM aviation.tickets AS t JOIN aviation.ticket_flights AS tf ON tf.ticket_no = t.ticket_no JOIN aviation.flights AS f ON f.flight_id = tf.flight_id WHERE t.passenger_id = '7992-037989' AND f.status = 'Scheduled' ORDER BY f.scheduled_departure DESC",344,2,2,0,False,True,False,3,3,5,0,2,0,0,0,0,2280.77,2280.77,1.0,50,6.0,16.821,6,4,3,Sort,1,2,0,0,0,0,2,1,0,4116,0,0,0
ticket_name_prefix,"SELECT ticket_no, passenger_id, passenger_name FROM aviation.tickets WHERE passenger_name LIKE 'Passenger 77455%' ORDER BY ticket_no LIMIT 50",141,0,1,0,False,True,False,1,1,3,0,0,0,0,0,0,2272.17,2272.19,10.0,41,30.0,18.537,3,3,1,Limit,1,0,0,0,0,0,0,1,0,3072,0,0,0
high_value_passengers,"SELECT t.passenger_id, t.passenger_name, b.total_amount FROM aviation.tickets AS t JOIN aviation.bookings AS b ON b.book_ref = t.book_ref WHERE b.total_amount >= 405000 ORDER BY b.total_amount DESC LIMIT 100",207,1,1,0,False,True,False,2,2,3,0,1,0,0,0,0,4078.15,4078.4,100.0,33,157418.0,68.671,6,5,2,Limit,2,0,0,0,1,0,0,1,0,5689,0,0,0
aircraft_seat_capacity,"SELECT a.aircraft_code, a.model, COUNT(s.seat_no) AS seat_count FROM aviation.aircrafts AS a JOIN aviation.seats AS s ON s.aircraft_code = a.aircraft_code WHERE s.fare_conditions = 'Business' GROUP BY a.aircraft_code, a.model ORDER BY seat_count DESC",250,1,1,0,True,True,False,2,2,3,1,1,0,0,0,0,18.06,18.07,5.0,27,140.0,0.344,6,5,2,Sort,2,0,0,0,1,0,0,1,1,28,0,0,0
aircraft_flight_counts,"SELECT a.aircraft_code, a.model, COUNT(f.flight_id) AS flight_count FROM aviation.aircrafts AS a LEFT JOIN aviation.flights AS f ON f.aircraft_code = a.aircraft_code WHERE a.range_km >= 4500 GROUP BY a.aircraft_code, a.model",224,1,1,0,True,False,False,2,2,3,1,0,1,0,0,0,303.62,303.68,5.0,27,20015.0,10.007,5,4,2,Aggregate,2,0,0,0,1,0,0,0,1,316,0,0,0
recent_flights_sorted,"SELECT flight_no, departure_airport, arrival_airport, scheduled_departure FROM aviation.flights WHERE departure_airport = 'IST' ORDER BY scheduled_departure DESC LIMIT 10",170,0,1,0,False,True,False,1,1,4,0,0,0,0,0,0,250.61,250.63,10.0,23,2010.0,2.675,3,3,1,Limit,1,0,0,0,0,0,0,1,0,318,0,0,0
bookings_with_expensive_ticket,"SELECT b.book_ref, b.total_amount FROM aviation.bookings AS b WHERE EXISTS (SELECT 1 FROM aviation.tickets AS t JOIN aviation.ticket_flights AS tf ON tf.ticket_no = t.ticket_no WHERE t.book_ref = b.book_ref AND tf.amount >= 40750)",230,1,3,1,False,False,False,3,3,3,0,1,0,0,0,0,6396.41,7901.9,49909.0,13,506270.0,188.832,7,5,3,Hash Join,3,0,0,0,2,0,0,0,0,9084,0,0,0
daily_flight_count,"SELECT scheduled_departure::date AS flight_date, COUNT(*) AS flight_count FROM aviation.flights WHERE departure_airport = 'BQT' GROUP BY scheduled_departure::date ORDER BY flight_date",183,0,1,0,True,True,False,1,1,2,1,0,0,0,0,0,281.33,301.24,993.0,12,2993.0,2.647,3,3,1,Aggregate,1,0,0,0,0,0,0,1,1,318,0,0,0
top_routes,"SELECT departure_airport, arrival_airport, COUNT(*) AS flight_count FROM aviation.flights WHERE scheduled_departure >= DATE '2025-01-09' AND scheduled_departure < DATE '2025-03-10' GROUP BY departure_airport, arrival_airport ORDER BY flight_count DESC LIMIT 10",260,0,2,0,True,True,False,1,1,3,1,0,0,0,0,0,269.77,269.79,10.0,16,1891.0,4.589,4,4,1,Limit,1,0,0,0,0,0,0,1,1,422,0,0,0
ticket_name_prefix,"SELECT ticket_no, passenger_id, passenger_name FROM aviation.tickets WHERE passenger_name LIKE 'Passenger 13261%' ORDER BY ticket_no LIMIT 50",141,0,1,0,False,True,False,1,1,3,0,0,0,0,0,0,2272.17,2272.19,10.0,41,30.0,20.913,3,3,1,Limit,1,0,0,0,0,0,0,1,0,3072,0,0,0
fare_statistics,"SELECT fare_conditions, COUNT(*) AS ticket_count, AVG(amount) AS average_amount FROM aviation.ticket_flights WHERE fare_conditions = 'Economy' AND amount >= 73000 GROUP BY fare_conditions HAVING COUNT(*) > 10",208,0,2,0,True,False,False,1,1,3,3,0,0,0,0,0,0.0,2504.17,1.0,48,34032.0,39.112,2,2,1,Aggregate,1,0,0,0,0,0,0,0,1,1668,0,0,0
booking_amount_range,"SELECT book_ref, book_date, total_amount FROM aviation.bookings WHERE total_amount BETWEEN 165000 AND 285000",108,0,1,0,False,False,False,1,1,3,0,0,0,0,0,0,0.0,1069.0,12036.0,21,12036.0,13.389,1,1,1,Seq Scan,1,0,0,0,0,0,0,0,0,319,0,0,0
passenger_flight_history,"SELECT t.passenger_id, t.passenger_name, f.flight_no, f.scheduled_departure, tf.fare_conditions FROM aviation.tickets AS t JOIN aviation.ticket_flights AS tf ON tf.ticket_no = t.ticket_no JOIN aviation.flights AS f ON f.flight_id = tf.flight_id WHERE t.passenger_id = '1080-001080' AND f.status = 'Arrived' ORDER BY f.scheduled_departure DESC",342,2,2,0,False,True,False,3,3,5,0,2,0,0,0,0,2280.77,2280.77,1.0,50,6.0,19.376,6,4,3,Sort,1,2,0,0,0,0,2,1,0,4116,0,0,0
flight_revenue,"SELECT f.flight_id, f.flight_no, COUNT(*) AS ticket_count, SUM(tf.amount) AS revenue FROM aviation.flights AS f JOIN aviation.ticket_flights AS tf ON tf.flight_id = f.flight_id WHERE f.flight_id = 1176 GROUP BY f.flight_id, f.flight_no",235,1,1,0,True,False,False,2,2,4,2,1,0,0,0,0,0.29,2092.47,1.0,51,22.0,16.306,4,3,2,Aggregate,1,1,0,0,0,0,1,0,1,2511,0,0,0
boarding_pass_lookup,"SELECT bp.boarding_no, bp.seat_no, t.passenger_name FROM aviation.boarding_passes AS bp JOIN aviation.tickets AS t ON t.ticket_no = bp.ticket_no WHERE bp.flight_id = 7976 AND bp.boarding_no BETWEEN 3 AND 5",205,1,2,0,False,False,False,2,2,3,0,1,0,0,0,0,0.71,37.17,3.0,22,7.0,0.042,3,2,2,Nested Loop,0,2,0,0,0,0,1,0,0,4,0,0,0
flight_occupancy,"SELECT f.flight_id, COUNT(DISTINCT tf.ticket_no) AS tickets, COUNT(DISTINCT bp.ticket_no) AS boarded FROM aviation.flights AS f LEFT JOIN aviation.ticket_flights AS tf ON tf.flight_id = f.flight_id LEFT JOIN aviation.boarding_passes AS bp ON bp.flight_id = tf.flight_id AND bp.ticket_no = tf.ticket_no WHERE f.flight_id = 3557 GROUP BY f.flight_id",347,2,1,0,True,False,False,3,3,3,2,0,2,0,0,0,2112.95,2113.12,1.0,20,62.0,13.675,8,5,3,Aggregate,1,1,1,0,0,1,1,2,1,4197,0,0,0
airport_departure_counts,"SELECT departure_airport, COUNT(*) AS flight_count FROM aviation.flights WHERE scheduled_departure >= DATE '2025-07-27' AND scheduled_departure < DATE '2025-09-25' GROUP BY departure_airport ORDER BY flight_count DESC",217,0,2,0,True,True,False,1,1,2,1,0,0,0,0,0,262.37,262.39,10.0,12,1640.0,3.253,3,3,1,Sort,1,0,0,0,0,0,0,1,1,315,0,0,0
route_by_date,"SELECT flight_id, flight_no, scheduled_departure, status FROM aviation.flights WHERE departure_airport = 'GNA' AND arrival_airport = 'WAW' AND scheduled_departure >= DATE '2025-08-01' AND scheduled_departure < DATE '2025-08-01' + INTERVAL '1 day'",246,0,4,0,False,False,False,1,1,4,0,0,0,0,0,0,0.0,304.0,1.0,27,1.0,2.659,1,1,1,Seq Scan,1,0,0,0,0,0,0,0,0,104,0,0,0
booking_ticket_count,"SELECT b.book_ref, COUNT(t.ticket_no) AS ticket_count FROM aviation.bookings AS b JOIN aviation.tickets AS t ON t.book_ref = b.book_ref WHERE b.book_date >= DATE '2025-01-22' AND b.book_date < DATE '2025-02-21' GROUP BY b.book_ref HAVING COUNT(t.ticket_no) >= 2",261,1,2,0,True,False,False,2,2,2,2,1,0,0,0,0,3443.79,3493.94,1337.0,15,117385.0,56.231,5,4,2,Aggregate,2,0,0,0,1,0,0,0,1,4342,0,0,0
passengers_for_booking,"SELECT b.book_ref, b.book_date, t.ticket_no, t.passenger_name FROM aviation.bookings AS b JOIN aviation.tickets AS t ON t.book_ref = b.book_ref WHERE b.book_ref = '018267'",171,1,1,0,False,False,False,2,2,4,0,1,0,0,0,0,0.29,2280.33,2.0,44,5.0,16.314,3,2,2,Nested Loop,1,1,0,0,0,0,1,0,0,2050,0,0,0
unboarded_tickets,"SELECT tf.ticket_no, tf.fare_conditions FROM aviation.ticket_flights AS tf LEFT JOIN aviation.boarding_passes AS bp ON bp.ticket_no = tf.ticket_no AND bp.flight_id = tf.flight_id WHERE tf.flight_id = 2102 AND bp.ticket_no IS NULL",229,1,2,0,False,False,False,2,2,2,0,0,1,0,0,0,0.29,2109.74,10.0,22,40.0,15.247,4,3,2,Nested Loop,1,1,0,0,0,0,1,0,0,1677,0,0,0
flights_without_tickets,"SELECT f.flight_id, f.flight_no FROM aviation.flights AS f WHERE f.scheduled_departure >= DATE '2025-04-28' AND NOT EXISTS (SELECT 1 FROM aviation.ticket_flights AS tf WHERE tf.flight_id = f.flight_id)",201,0,3,1,False,False,False,2,2,3,0,0,0,0,0,0,3084.0,3346.61,1.0,11,206723.0,69.761,4,3,2,Hash Join,2,0,0,0,1,0,0,0,0,2710,0,0,0
route_revenue,"SELECT f.departure_airport, f.arrival_airport, SUM(tf.amount) AS revenue FROM aviation.flights AS f JOIN aviation.ticket_flights AS tf ON tf.flight_id = f.flight_id WHERE f.departure_airport = 'VTB' GROUP BY f.departure_airport, f.arrival_airport ORDER BY revenue DESC",268,1,1,0,True,True,False,2,2,3,1,1,0,0,0,0,2388.4,2388.43,10.0,40,112020.0,42.1,6,5,2,Sort,2,0,0,0,1,0,0,1,1,3859,0,0,0
aircraft_fare_capacity,"SELECT fare_conditions, COUNT(*) AS seat_count FROM aviation.seats WHERE aircraft_code = '321' GROUP BY fare_conditions ORDER BY seat_count DESC",144,0,1,0,True,True,False,1,1,2,1,0,0,0,0,0,17.2,17.21,3.0,16,186.0,0.482,3,3,1,Sort,1,0,0,0,0,0,0,1,1,18,0,0,0
high_value_passengers,"SELECT t.passenger_id, t.passenger_name, b.total_amount FROM aviation.tickets AS t JOIN aviation.bookings AS b ON b.book_ref = t.book_ref WHERE b.total_amount >= 320000 ORDER BY b.total_amount DESC LIMIT 100",207,1,1,0,False,True,False,2,2,3,0,1,0,0,0,0,4856.99,4857.24,100.0,33,209960.0,123.474,6,5,2,Limit,2,0,0,0,1,0,0,1,0,5689,0,0,0
airport_connections,"SELECT dep.city AS departure_city, arr.city AS arrival_city, COUNT(*) AS flights FROM aviation.flights AS f JOIN aviation.airports AS dep ON dep.airport_code = f.departure_airport JOIN aviation.airports AS arr ON arr.airport_code = f.arrival_airport WHERE f.departure_airport = 'VTB' AND f.status = 'Arrived' GROUP BY dep.city, arr.city",336,2,2,0,True,False,False,3,2,3,1,2,0,0,0,0,261.66,261.76,10.0,24,781.0,2.478,7,4,2,Aggregate,3,0,0,0,1,0,1,0,1,424,0,0,0
ticket_fare_lookup,"SELECT t.ticket_no, tf.flight_id, tf.amount FROM aviation.tickets AS t JOIN aviation.ticket_flights AS tf ON tf.ticket_no = t.ticket_no WHERE t.passenger_id = '8589-078582' AND tf.fare_conditions = 'Economy'",207,1,2,0,False,False,False,2,2,3,0,1,0,0,0,0,0.42,2280.45,1.0,24,3.0,15.983,3,2,2,Nested Loop,1,1,0,0,0,0,1,0,0,2052,0,0,0
recent_flights_sorted,"SELECT flight_no, departure_airport, arrival_airport, scheduled_departure FROM aviation.flights WHERE departure_airport = 'MSQ' ORDER BY scheduled_departure DESC LIMIT 10",170,0,1,0,False,True,False,1,1,4,0,0,0,0,0,0,250.61,250.63,10.0,23,2010.0,2.213,3,3,1,Limit,1,0,0,0,0,0,0,1,0,318,0,0,0
fare_statistics,"SELECT fare_conditions, COUNT(*) AS ticket_count, AVG(amount) AS average_amount FROM aviation.ticket_flights WHERE fare_conditions = 'Business' AND amount >= 49250 GROUP BY fare_conditions HAVING COUNT(*) > 10",209,0,2,0,True,False,False,1,1,3,3,0,0,0,0,0,0.0,2349.25,1.0,48,3048.0,28.988,2,2,1,Aggregate,1,0,0,0,0,0,0,0,1,1668,0,0,0
flights_without_tickets,"SELECT f.flight_id, f.flight_no FROM aviation.flights AS f WHERE f.scheduled_departure >= DATE '2025-04-03' AND NOT EXISTS (SELECT 1 FROM aviation.ticket_flights AS tf WHERE tf.flight_id = f.flight_id)",201,0,3,1,False,False,False,2,2,3,0,0,0,0,0,0,3084.0,3350.11,1.0,11,207422.0,53.9,4,3,2,Hash Join,2,0,0,0,1,0,0,0,0,2710,0,0,0
booking_ticket_count,"SELECT b.book_ref, COUNT(t.ticket_no) AS ticket_count FROM aviation.bookings AS b JOIN aviation.tickets AS t ON t.book_ref = b.book_ref WHERE b.book_date >= DATE '2025-05-15' AND b.book_date < DATE '2025-05-29' GROUP BY b.book_ref HAVING COUNT(t.ticket_no) >= 2",261,1,2,0,True,False,False,2,2,2,2,1,0,0,0,0,3396.9,3421.0,643.0,15,108355.0,53.515,5,4,2,Aggregate,2,0,0,0,1,0,0,0,1,4342,0,0,0
unboarded_tickets,"SELECT tf.ticket_no, tf.fare_conditions FROM aviation.ticket_flights AS tf LEFT JOIN aviation.boarding_passes AS bp ON bp.ticket_no = tf.ticket_no AND bp.flight_id = tf.flight_id WHERE tf.flight_id = 4748 AND bp.ticket_no IS NULL",229,1,2,0,False,False,False,2,2,2,0,0,1,0,0,0,0.29,2109.74,10.0,22,40.0,13.98,4,3,2,Nested Loop,1,1,0,0,0,0,1,0,0,1677,0,0,0
route_by_date,"SELECT flight_id, flight_no, scheduled_departure, status FROM aviation.flights WHERE departure_airport = 'WAW' AND arrival_airport = 'MSQ' AND scheduled_departure >= DATE '2025-02-04' AND scheduled_departure < DATE '2025-02-04' + INTERVAL '1 day'",246,0,4,0,False,False,False,1,1,4,0,0,0,0,0,0,0.0,304.0,1.0,27,1.0,2.847,1,1,1,Seq Scan,1,0,0,0,0,0,0,0,0,104,0,0,0
daily_flight_count,"SELECT scheduled_departure::date AS flight_date, COUNT(*) AS flight_count FROM aviation.flights WHERE departure_airport = 'SVO' GROUP BY scheduled_departure::date ORDER BY flight_date",183,0,1,0,True,True,False,1,1,2,1,0,0,0,0,0,281.33,301.24,993.0,12,2993.0,2.404,3,3,1,Aggregate,1,0,0,0,0,0,0,1,1,318,0,0,0
top_routes,"SELECT departure_airport, arrival_airport, COUNT(*) AS flight_count FROM aviation.flights WHERE scheduled_departure >= DATE '2025-04-08' AND scheduled_departure < DATE '2025-05-08' GROUP BY departure_airport, arrival_airport ORDER BY flight_count DESC LIMIT 5",259,0,2,0,True,True,False,1,1,3,1,0,0,0,0,0,262.95,262.97,5.0,16,1044.0,2.849,4,4,1,Limit,1,0,0,0,0,0,0,1,1,422,0,0,0
aircraft_flight_counts,"SELECT a.aircraft_code, a.model, COUNT(f.flight_id) AS flight_count FROM aviation.aircrafts AS a LEFT JOIN aviation.flights AS f ON f.aircraft_code = a.aircraft_code WHERE a.range_km >= 6750 GROUP BY a.aircraft_code, a.model",224,1,1,0,True,False,False,2,2,3,1,0,1,0,0,0,273.59,273.61,2.0,27,14006.0,4.433,5,4,2,Aggregate,2,0,0,0,1,0,0,0,1,316,0,0,0
ticket_fare_lookup,"SELECT t.ticket_no, tf.flight_id, tf.amount FROM aviation.tickets AS t JOIN aviation.ticket_flights AS tf ON tf.ticket_no = t.ticket_no WHERE t.passenger_id = '0426-090417' AND tf.fare_conditions = 'Economy'",207,1,2,0,False,False,False,2,2,3,0,1,0,0,0,0,0.42,2280.45,1.0,24,3.0,25.005,3,2,2,Nested Loop,1,1,0,0,0,0,1,0,0,2052,0,0,0
passenger_flight_history,"SELECT t.passenger_id, t.passenger_name, f.flight_no, f.scheduled_departure, tf.fare_conditions FROM aviation.tickets AS t JOIN aviation.ticket_flights AS tf ON tf.ticket_no = t.ticket_no JOIN aviation.flights AS f ON f.flight_id = tf.flight_id WHERE t.passenger_id = '3286-003286' AND f.status = 'Arrived' ORDER BY f.scheduled_departure DESC",342,2,2,0,False,True,False,3,3,5,0,2,0,0,0,0,2280.77,2280.77,1.0,50,6.0,16.508,6,4,3,Sort,1,2,0,0,0,0,2,1,0,4116,0,0,0
bookings_with_expensive_ticket,"SELECT b.book_ref, b.total_amount FROM aviation.bookings AS b WHERE EXISTS (SELECT 1 FROM aviation.tickets AS t JOIN aviation.ticket_flights AS tf ON tf.ticket_no = t.ticket_no WHERE t.book_ref = b.book_ref AND tf.amount >= 64750)",230,1,3,1,False,False,False,3,3,3,0,1,0,0,0,0,6091.04,7581.95,48598.0,13,444392.0,206.66,7,5,3,Hash Join,3,0,0,0,2,0,0,0,0,9084,0,0,0
high_value_passengers,"SELECT t.passenger_id, t.passenger_name, b.total_amount FROM aviation.tickets AS t JOIN aviation.bookings AS b ON b.book_ref = t.book_ref WHERE b.total_amount >= 250000 ORDER BY b.total_amount DESC LIMIT 100",207,1,1,0,False,True,False,2,2,3,0,1,0,0,0,0,5484.63,5484.88,100.0,33,252302.0,95.294,6,5,2,Limit,2,0,0,0,1,0,0,1,0,5689,0,0,0
aircraft_seat_capacity,"SELECT a.aircraft_code, a.model, COUNT(s.seat_no) AS seat_count FROM aviation.aircrafts AS a JOIN aviation.seats AS s ON s.aircraft_code = a.aircraft_code WHERE s.fare_conditions = 'Economy' GROUP BY a.aircraft_code, a.model ORDER BY seat_count DESC",249,1,1,0,True,True,False,2,2,3,1,1,0,0,0,0,24.56,24.58,5.0,27,1460.0,0.901,6,5,2,Sort,2,0,0,0,1,0,0,1,1,28,0,0,0
booking_amount_range,"SELECT book_ref, book_date, total_amount FROM aviation.bookings WHERE total_amount BETWEEN 325000 AND 410000",108,0,1,0,False,False,False,1,1,3,0,0,0,0,0,0,0.0,1069.0,8741.0,21,8741.0,12.2,1,1,1,Seq Scan,1,0,0,0,0,0,0,0,0,319,0,0,0
flight_revenue,"SELECT f.flight_id, f.flight_no, COUNT(*) AS ticket_count, SUM(tf.amount) AS revenue FROM aviation.flights AS f JOIN aviation.ticket_flights AS tf ON tf.flight_id = f.flight_id WHERE f.flight_id = 7848 GROUP BY f.flight_id, f.flight_no",235,1,1,0,True,False,False,2,2,4,2,1,0,0,0,0,0.29,2092.47,1.0,51,22.0,14.494,4,3,2,Aggregate,1,1,0,0,0,0,1,0,1,2511,0,0,0
airport_connections,"SELECT dep.city AS departure_city, arr.city AS arrival_city, COUNT(*) AS flights FROM aviation.flights AS f JOIN aviation.airports AS dep ON dep.airport_code = f.departure_airport JOIN aviation.airports AS arr ON arr.airport_code = f.arrival_airport WHERE f.departure_airport = 'IST' AND f.status = 'On Time' GROUP BY dep.city, arr.city",336,2,2,0,True,False,False,3,2,3,1,2,0,0,0,0,261.66,261.76,10.0,24,781.0,3.268,7,4,2,Aggregate,3,0,0,0,1,0,1,0,1,424,0,0,0
airport_departure_counts,"SELECT departure_airport, COUNT(*) AS flight_count FROM aviation.flights WHERE scheduled_departure >= DATE '2025-12-08' AND scheduled_departure < DATE '2025-12-15' GROUP BY departure_airport ORDER BY flight_count DESC",217,0,2,0,True,True,False,1,1,2,1,0,0,0,0,0,255.21,255.24,10.0,12,209.0,2.033,3,3,1,Sort,1,0,0,0,0,0,0,1,1,315,0,0,0
ticket_name_prefix,"SELECT ticket_no, passenger_id, passenger_name FROM aviation.tickets WHERE passenger_name LIKE 'Passenger 87524%' ORDER BY ticket_no LIMIT 50",141,0,1,0,False,True,False,1,1,3,0,0,0,0,0,0,2272.17,2272.19,10.0,41,30.0,20.455,3,3,1,Limit,1,0,0,0,0,0,0,1,0,3072,0,0,0
flight_occupancy,"SELECT f.flight_id, COUNT(DISTINCT tf.ticket_no) AS tickets, COUNT(DISTINCT bp.ticket_no) AS boarded FROM aviation.flights AS f LEFT JOIN aviation.ticket_flights AS tf ON tf.flight_id = f.flight_id LEFT JOIN aviation.boarding_passes AS bp ON bp.flight_id = tf.flight_id AND bp.ticket_no = tf.ticket_no WHERE f.flight_id = 5848 GROUP BY f.flight_id",347,2,1,0,True,False,False,3,3,3,2,0,2,0,0,0,2112.95,2113.12,1.0,20,62.0,14.137,8,5,3,Aggregate,1,1,1,0,0,1,1,2,1,4197,0,0,0
aircraft_fare_capacity,"SELECT fare_conditions, COUNT(*) AS seat_count FROM aviation.seats WHERE aircraft_code = '738' GROUP BY fare_conditions ORDER BY seat_count DESC",144,0,1,0,True,True,False,1,1,2,1,0,0,0,0,0,17.2,17.21,3.0,16,186.0,0.328,3,3,1,Sort,1,0,0,0,0,0,0,1,1,18,0,0,0
boarding_pass_lookup,"SELECT bp.boarding_no, bp.seat_no, t.passenger_name FROM aviation.boarding_passes AS bp JOIN aviation.tickets AS t ON t.ticket_no = bp.ticket_no WHERE bp.flight_id = 1727 AND bp.boarding_no BETWEEN 2 AND 7",205,1,2,0,False,False,False,2,2,3,0,1,0,0,0,0,0.71,67.79,6.0,22,13.0,0.215,3,2,2,Nested Loop,0,2,0,0,0,0,1,0,0,54,0,0,0
passengers_for_booking,"SELECT b.book_ref, b.book_date, t.ticket_no, t.passenger_name FROM aviation.bookings AS b JOIN aviation.tickets AS t ON t.book_ref = b.book_ref WHERE b.book_ref = '042938'",171,1,1,0,False,False,False,2,2,4,0,1,0,0,0,0,0.29,2280.33,2.0,44,5.0,16.214,3,2,2,Nested Loop,1,1,0,0,0,0,1,0,0,2050,0,0,0
route_revenue,"SELECT f.departure_airport, f.arrival_airport, SUM(tf.amount) AS revenue FROM aviation.flights AS f JOIN aviation.ticket_flights AS tf ON tf.flight_id = f.flight_id WHERE f.departure_airport = 'LED' GROUP BY f.departure_airport, f.arrival_airport ORDER BY revenue DESC",268,1,1,0,True,True,False,2,2,3,1,1,0,0,0,0,2388.4,2388.43,10.0,40,112020.0,42.404,6,5,2,Sort,2,0,0,0,1,0,0,1,1,3859,0,0,0
route_by_date,"SELECT flight_id, flight_no, scheduled_departure, status FROM aviation.flights WHERE departure_airport = 'TBS' AND arrival_airport = 'BQT' AND scheduled_departure >= DATE '2025-10-15' AND scheduled_departure < DATE '2025-10-15' + INTERVAL '1 day'",246,0,4,0,False,False,False,1,1,4,0,0,0,0,0,0,0.0,304.0,1.0,27,1.0,2.16,1,1,1,Seq Scan,1,0,0,0,0,0,0,0,0,104,0,0,0
daily_flight_count,"SELECT scheduled_departure::date AS flight_date, COUNT(*) AS flight_count FROM aviation.flights WHERE departure_airport = 'BQT' GROUP BY scheduled_departure::date ORDER BY flight_date",183,0,1,0,True,True,False,1,1,2,1,0,0,0,0,0,281.33,301.24,993.0,12,2993.0,2.741,3,3,1,Aggregate,1,0,0,0,0,0,0,1,1,318,0,0,0
airport_departure_counts,"SELECT departure_airport, COUNT(*) AS flight_count FROM aviation.flights WHERE scheduled_departure >= DATE '2025-05-21' AND scheduled_departure < DATE '2025-07-20' GROUP BY departure_airport ORDER BY flight_count DESC",217,0,2,0,True,True,False,1,1,2,1,0,0,0,0,0,262.39,262.42,10.0,12,1645.0,3.063,3,3,1,Sort,1,0,0,0,0,0,0,1,1,315,0,0,0
flights_without_tickets,"SELECT f.flight_id, f.flight_no FROM aviation.flights AS f WHERE f.scheduled_departure >= DATE '2025-08-13' AND NOT EXISTS (SELECT 1 FROM aviation.ticket_flights AS tf WHERE tf.flight_id = f.flight_id)",201,0,3,1,False,False,False,2,2,3,0,0,0,0,0,0,3084.0,3332.02,1.0,11,203805.0,52.821,4,3,2,Hash Join,2,0,0,0,1,0,0,0,0,2710,0,0,0
recent_flights_sorted,"SELECT flight_no, departure_airport, arrival_airport, scheduled_departure FROM aviation.flights WHERE departure_airport = 'GME' ORDER BY scheduled_departure DESC LIMIT 10",170,0,1,0,False,True,False,1,1,4,0,0,0,0,0,0,250.61,250.63,10.0,23,2010.0,2.852,3,3,1,Limit,1,0,0,0,0,0,0,1,0,318,0,0,0
top_routes,"SELECT departure_airport, arrival_airport, COUNT(*) AS flight_count FROM aviation.flights WHERE scheduled_departure >= DATE '2025-02-04' AND scheduled_departure < DATE '2025-04-05' GROUP BY departure_airport, arrival_airport ORDER BY flight_count DESC LIMIT 10",260,0,2,0,True,True,False,1,1,3,1,0,0,0,0,0,269.76,269.79,10.0,16,1890.0,4.142,4,4,1,Limit,1,0,0,0,0,0,0,1,1,422,0,0,0
bookings_with_expensive_ticket,"SELECT b.book_ref, b.total_amount FROM aviation.bookings AS b WHERE EXISTS (SELECT 1 FROM aviation.tickets AS t JOIN aviation.ticket_flights AS tf ON tf.ticket_no = t.ticket_no WHERE t.book_ref = b.book_ref AND tf.amount >= 104750)",231,1,3,1,False,False,False,3,3,3,0,1,0,0,0,0,5014.54,6134.38,15244.0,13,226220.0,190.985,7,5,3,Hash Join,3,0,0,0,2,0,0,0,0,8896,0,0,0
passengers_for_booking,"SELECT b.book_ref, b.book_date, t.ticket_no, t.passenger_name FROM aviation.bookings AS b JOIN aviation.tickets AS t ON t.book_ref = b.book_ref WHERE b.book_ref = '000569'",171,1,1,0,False,False,False,2,2,4,0,1,0,0,0,0,0.29,2280.33,2.0,44,5.0,15.07,3,2,2,Nested Loop,1,1,0,0,0,0,1,0,0,2050,0,0,0
ticket_name_prefix,"SELECT ticket_no, passenger_id, passenger_name FROM aviation.tickets WHERE passenger_name LIKE 'Passenger 63999%' ORDER BY ticket_no LIMIT 50",141,0,1,0,False,True,False,1,1,3,0,0,0,0,0,0,2272.17,2272.19,10.0,41,30.0,22.908,3,3,1,Limit,1,0,0,0,0,0,0,1,0,3072,0,0,0
airport_connections,"SELECT dep.city AS departure_city, arr.city AS arrival_city, COUNT(*) AS flights FROM aviation.flights AS f JOIN aviation.airports AS dep ON dep.airport_code = f.departure_airport JOIN aviation.airports AS arr ON arr.airport_code = f.arrival_airport WHERE f.departure_airport = 'IST' AND f.status = 'Arrived' GROUP BY dep.city, arr.city",336,2,2,0,True,False,False,3,2,3,1,2,0,0,0,0,261.66,261.76,10.0,24,781.0,2.811,7,4,2,Aggregate,3,0,0,0,1,0,1,0,1,424,0,0,0
high_value_passengers,"SELECT t.passenger_id, t.passenger_name, b.total_amount FROM aviation.tickets AS t JOIN aviation.bookings AS b ON b.book_ref = t.book_ref WHERE b.total_amount >= 262500 ORDER BY b.total_amount DESC LIMIT 100",207,1,1,0,False,True,False,2,2,3,0,1,0,0,0,0,5372.21,5372.46,100.0,33,244718.0,93.978,6,5,2,Limit,2,0,0,0,1,0,0,1,0,5689,0,0,0
fare_statistics,"SELECT fare_conditions, COUNT(*) AS ticket_count, AVG(amount) AS average_amount FROM aviation.ticket_flights WHERE fare_conditions = 'Business' AND amount >= 76500 GROUP BY fare_conditions HAVING COUNT(*) > 10",209,0,2,0,True,False,False,1,1,3,3,0,0,0,0,0,0.0,2343.62,1.0,48,1922.0,28.896,2,2,1,Aggregate,1,0,0,0,0,0,0,0,1,1668,0,0,0
flight_revenue,"SELECT f.flight_id, f.flight_no, COUNT(*) AS ticket_count, SUM(tf.amount) AS revenue FROM aviation.flights AS f JOIN aviation.ticket_flights AS tf ON tf.flight_id = f.flight_id WHERE f.flight_id = 829 GROUP BY f.flight_id, f.flight_no",234,1,1,0,True,False,False,2,2,4,2,1,0,0,0,0,0.29,2092.47,1.0,51,22.0,13.547,4,3,2,Aggregate,1,1,0,0,0,0,1,0,1,2511,0,0,0
aircraft_flight_counts,"SELECT a.aircraft_code, a.model, COUNT(f.flight_id) AS flight_count FROM aviation.aircrafts AS a LEFT JOIN aviation.flights AS f ON f.aircraft_code = a.aircraft_code WHERE a.range_km >= 7000 GROUP BY a.aircraft_code, a.model",224,1,1,0,True,False,False,2,2,3,1,0,1,0,0,0,263.57,263.58,1.0,27,12003.0,5.765,5,4,2,Aggregate,2,0,0,0,1,0,0,0,1,316,0,0,0
aircraft_seat_capacity,"SELECT a.aircraft_code, a.model, COUNT(s.seat_no) AS seat_count FROM aviation.aircrafts AS a JOIN aviation.seats AS s ON s.aircraft_code = a.aircraft_code WHERE s.fare_conditions = 'Economy' GROUP BY a.aircraft_code, a.model ORDER BY seat_count DESC",249,1,1,0,True,True,False,2,2,3,1,1,0,0,0,0,24.56,24.58,5.0,27,1460.0,0.938,6,5,2,Sort,2,0,0,0,1,0,0,1,1,28,0,0,0
booking_amount_range,"SELECT book_ref, book_date, total_amount FROM aviation.bookings WHERE total_amount BETWEEN 50000 AND 95000",106,0,1,0,False,False,False,1,1,3,0,0,0,0,0,0,0.0,1069.0,4520.0,21,4520.0,15.944,1,1,1,Seq Scan,1,0,0,0,0,0,0,0,0,319,0,0,0
passenger_flight_history,"SELECT t.passenger_id, t.passenger_name, f.flight_no, f.scheduled_departure, tf.fare_conditions FROM aviation.tickets AS t JOIN aviation.ticket_flights AS tf ON tf.ticket_no = t.ticket_no JOIN aviation.flights AS f ON f.flight_id = tf.flight_id WHERE t.passenger_id = '7354-087346' AND f.status = 'Scheduled' ORDER BY f.scheduled_departure DESC",344,2,2,0,False,True,False,3,3,5,0,2,0,0,0,0,2280.77,2280.77,1.0,50,6.0,17.626,6,4,3,Sort,1,2,0,0,0,0,2,1,0,4116,0,0,0
booking_ticket_count,"SELECT b.book_ref, COUNT(t.ticket_no) AS ticket_count FROM aviation.bookings AS b JOIN aviation.tickets AS t ON t.book_ref = b.book_ref WHERE b.book_date >= DATE '2025-02-22' AND b.book_date < DATE '2025-03-01' GROUP BY b.book_ref HAVING COUNT(t.ticket_no) >= 2",261,1,2,0,True,False,False,2,2,2,2,1,0,0,0,0,3375.14,3387.16,320.0,15,104164.0,48.274,5,4,2,Aggregate,2,0,0,0,1,0,0,0,1,4342,0,0,0
route_revenue,"SELECT f.departure_airport, f.arrival_airport, SUM(tf.amount) AS revenue FROM aviation.flights AS f JOIN aviation.ticket_flights AS tf ON tf.flight_id = f.flight_id WHERE f.departure_airport = 'GNA' GROUP BY f.departure_airport, f.arrival_airport ORDER BY revenue DESC",268,1,1,0,True,True,False,2,2,3,1,1,0,0,0,0,2388.4,2388.43,10.0,40,112020.0,39.871,6,5,2,Sort,2,0,0,0,1,0,0,1,1,3859,0,0,0
aircraft_fare_capacity,"SELECT fare_conditions, COUNT(*) AS seat_count FROM aviation.seats WHERE aircraft_code = 'E95' GROUP BY fare_conditions ORDER BY seat_count DESC",144,0,1,0,True,True,False,1,1,2,1,0,0,0,0,0,17.2,17.21,3.0,16,186.0,0.384,3,3,1,Sort,1,0,0,0,0,0,0,1,1,18,0,0,0
ticket_fare_lookup,"SELECT t.ticket_no, tf.flight_id, tf.amount FROM aviation.tickets AS t JOIN aviation.ticket_flights AS tf ON tf.ticket_no = t.ticket_no WHERE t.passenger_id = '8370-068364' AND tf.fare_conditions = 'Economy'",207,1,2,0,False,False,False,2,2,3,0,1,0,0,0,0,0.42,2280.45,1.0,24,3.0,18.823,3,2,2,Nested Loop,1,1,0,0,0,0,1,0,0,2052,0,0,0
boarding_pass_lookup,"SELECT bp.boarding_no, bp.seat_no, t.passenger_name FROM aviation.boarding_passes AS bp JOIN aviation.tickets AS t ON t.ticket_no = bp.ticket_no WHERE bp.flight_id = 951 AND bp.boarding_no BETWEEN 5 AND 9",204,1,2,0,False,False,False,2,2,3,0,1,0,0,0,0,0.71,57.58,5.0,22,11.0,0.448,3,2,2,Nested Loop,0,2,0,0,0,0,1,0,0,46,0,0,0
unboarded_tickets,"SELECT tf.ticket_no, tf.fare_conditions FROM aviation.ticket_flights AS tf LEFT JOIN aviation.boarding_passes AS bp ON bp.ticket_no = tf.ticket_no AND bp.flight_id = tf.flight_id WHERE tf.flight_id = 6610 AND bp.ticket_no IS NULL",229,1,2,0,False,False,False,2,2,2,0,0,1,0,0,0,0.29,2109.74,10.0,22,40.0,14.184,4,3,2,Nested Loop,1,1,0,0,0,0,1,0,0,1677,0,0,0
flight_occupancy,"SELECT f.flight_id, COUNT(DISTINCT tf.ticket_no) AS tickets, COUNT(DISTINCT bp.ticket_no) AS boarded FROM aviation.flights AS f LEFT JOIN aviation.ticket_flights AS tf ON tf.flight_id = f.flight_id LEFT JOIN aviation.boarding_passes AS bp ON bp.flight_id = tf.flight_id AND bp.ticket_no = tf.ticket_no WHERE f.flight_id = 3863 GROUP BY f.flight_id",347,2,1,0,True,False,False,3,3,3,2,0,2,0,0,0,2112.95,2113.12,1.0,20,62.0,14.445,8,5,3,Aggregate,1,1,1,0,0,1,1,2,1,4193,0,0,0
route_by_date,"SELECT flight_id, flight_no, scheduled_departure, status FROM aviation.flights WHERE departure_airport = 'VTB' AND arrival_airport = 'LED' AND scheduled_departure >= DATE '2025-01-30' AND scheduled_departure < DATE '2025-01-30' + INTERVAL '1 day'",246,0,4,0,False,False,False,1,1,4,0,0,0,0,0,0,0.0,304.0,1.0,27,1.0,3.472,1,1,1,Seq Scan,1,0,0,0,0,0,0,0,0,104,0,0,0
ticket_fare_lookup,"SELECT t.ticket_no, tf.flight_id, tf.amount FROM aviation.tickets AS t JOIN aviation.ticket_flights AS tf ON tf.ticket_no = t.ticket_no WHERE t.passenger_id = '1917-081909' AND tf.fare_conditions = 'Business'",208,1,2,0,False,False,False,2,2,3,0,1,0,0,0,0,0.42,2280.45,1.0,24,3.0,19.191,3,2,2,Nested Loop,1,1,0,0,0,0,1,0,0,2052,0,0,0
aircraft_seat_capacity,"SELECT a.aircraft_code, a.model, COUNT(s.seat_no) AS seat_count FROM aviation.aircrafts AS a JOIN aviation.seats AS s ON s.aircraft_code = a.aircraft_code WHERE s.fare_conditions = 'Economy' GROUP BY a.aircraft_code, a.model ORDER BY seat_count DESC",249,1,1,0,True,True,False,2,2,3,1,1,0,0,0,0,24.56,24.58,5.0,27,1460.0,0.819,6,5,2,Sort,2,0,0,0,1,0,0,1,1,28,0,0,0
airport_departure_counts,"SELECT departure_airport, COUNT(*) AS flight_count FROM aviation.flights WHERE scheduled_departure >= DATE '2025-12-29' AND scheduled_departure < DATE '2026-01-05' GROUP BY departure_airport ORDER BY flight_count DESC",217,0,2,0,True,True,False,1,1,2,1,0,0,0,0,0,254.65,254.67,10.0,12,96.0,2.815,3,3,1,Sort,1,0,0,0,0,0,0,1,1,315,0,0,0
booking_ticket_count,"SELECT b.book_ref, COUNT(t.ticket_no) AS ticket_count FROM aviation.bookings AS b JOIN aviation.tickets AS t ON t.book_ref = b.book_ref WHERE b.book_date >= DATE '2025-03-28' AND b.book_date < DATE '2025-04-27' GROUP BY b.book_ref HAVING COUNT(t.ticket_no) >= 2",261,1,2,0,True,False,False,2,2,2,2,1,0,0,0,0,3445.41,3496.46,1361.0,15,117697.0,54.3,5,4,2,Aggregate,2,0,0,0,1,0,0,0,1,4342,0,0,0
bookings_with_expensive_ticket,"SELECT b.book_ref, b.total_amount FROM aviation.bookings AS b WHERE EXISTS (SELECT 1 FROM aviation.tickets AS t JOIN aviation.ticket_flights AS tf ON tf.ticket_no = t.ticket_no WHERE t.book_ref = b.book_ref AND tf.amount >= 103250)",231,1,3,1,False,False,False,3,3,3,0,1,0,0,0,0,5059.9,6194.16,16540.0,13,232700.0,102.093,7,5,3,Hash Join,3,0,0,0,2,0,0,0,0,8896,0,0,0
daily_flight_count,"SELECT scheduled_departure::date AS flight_date, COUNT(*) AS flight_count FROM aviation.flights WHERE departure_airport = 'BQT' GROUP BY scheduled_departure::date ORDER BY flight_date",183,0,1,0,True,True,False,1,1,2,1,0,0,0,0,0,281.33,301.24,993.0,12,2993.0,2.672,3,3,1,Aggregate,1,0,0,0,0,0,0,1,1,318,0,0,0
unboarded_tickets,"SELECT tf.ticket_no, tf.fare_conditions FROM aviation.ticket_flights AS tf LEFT JOIN aviation.boarding_passes AS bp ON bp.ticket_no = tf.ticket_no AND bp.flight_id = tf.flight_id WHERE tf.flight_id = 3536 AND bp.ticket_no IS NULL",229,1,2,0,False,False,False,2,2,2,0,0,1,0,0,0,0.29,2109.74,10.0,22,40.0,13.517,4,3,2,Nested Loop,1,1,0,0,0,0,1,0,0,1674,0,0,0
ticket_name_prefix,"SELECT ticket_no, passenger_id, passenger_name FROM aviation.tickets WHERE passenger_name LIKE 'Passenger 41435%' ORDER BY ticket_no LIMIT 50",141,0,1,0,False,True,False,1,1,3,0,0,0,0,0,0,2272.17,2272.19,10.0,41,30.0,19.01,3,3,1,Limit,1,0,0,0,0,0,0,1,0,3072,0,0,0
aircraft_fare_capacity,"SELECT fare_conditions, COUNT(*) AS seat_count FROM aviation.seats WHERE aircraft_code = '320' GROUP BY fare_conditions ORDER BY seat_count DESC",144,0,1,0,True,True,False,1,1,2,1,0,0,0,0,0,17.2,17.21,3.0,16,186.0,0.307,3,3,1,Sort,1,0,0,0,0,0,0,1,1,18,0,0,0
top_routes,"SELECT departure_airport, arrival_airport, COUNT(*) AS flight_count FROM aviation.flights WHERE scheduled_departure >= DATE '2025-10-14' AND scheduled_departure < DATE '2026-01-12' GROUP BY departure_airport, arrival_airport ORDER BY flight_count DESC LIMIT 10",260,0,2,0,True,True,False,1,1,3,1,0,0,0,0,0,273.12,273.15,10.0,16,2338.0,3.422,4,4,1,Limit,1,0,0,0,0,0,0,1,1,422,0,0,0
aircraft_flight_counts,"SELECT a.aircraft_code, a.model, COUNT(f.flight_id) AS flight_count FROM aviation.aircrafts AS a LEFT JOIN aviation.flights AS f ON f.aircraft_code = a.aircraft_code WHERE a.range_km >= 4000 GROUP BY a.aircraft_code, a.model",224,1,1,0,True,False,False,2,2,3,1,0,1,0,0,0,303.62,303.68,5.0,27,20015.0,9.004,5,4,2,Aggregate,2,0,0,0,1,0,0,0,1,316,0,0,0
booking_amount_range,"SELECT book_ref, book_date, total_amount FROM aviation.bookings WHERE total_amount BETWEEN 180000 AND 210000",108,0,1,0,False,False,False,1,1,3,0,0,0,0,0,0,0.0,1069.0,2988.0,21,2988.0,14.964,1,1,1,Seq Scan,1,0,0,0,0,0,0,0,0,319,0,0,0
passengers_for_booking,"SELECT b.book_ref, b.book_date, t.ticket_no, t.passenger_name FROM aviation.bookings AS b JOIN aviation.tickets AS t ON t.book_ref = b.book_ref WHERE b.book_ref = '025498'",171,1,1,0,False,False,False,2,2,4,0,1,0,0,0,0,0.29,2280.33,2.0,44,5.0,16.169,3,2,2,Nested Loop,1,1,0,0,0,0,1,0,0,2050,0,0,0
flight_occupancy,"SELECT f.flight_id, COUNT(DISTINCT tf.ticket_no) AS tickets, COUNT(DISTINCT bp.ticket_no) AS boarded FROM aviation.flights AS f LEFT JOIN aviation.ticket_flights AS tf ON tf.flight_id = f.flight_id LEFT JOIN aviation.boarding_passes AS bp ON bp.flight_id = tf.flight_id AND bp.ticket_no = tf.ticket_no WHERE f.flight_id = 7399 GROUP BY f.flight_id",347,2,1,0,True,False,False,3,3,3,2,0,2,0,0,0,2112.95,2113.12,1.0,20,62.0,14.535,8,5,3,Aggregate,1,1,1,0,0,1,1,2,1,4197,0,0,0
recent_flights_sorted,"SELECT flight_no, departure_airport, arrival_airport, scheduled_departure FROM aviation.flights WHERE departure_airport = 'MSQ' ORDER BY scheduled_departure DESC LIMIT 25",170,0,1,0,False,True,False,1,1,4,0,0,0,0,0,0,257.22,257.28,25.0,23,2025.0,2.21,3,3,1,Limit,1,0,0,0,0,0,0,1,0,318,0,0,0
fare_statistics,"SELECT fare_conditions, COUNT(*) AS ticket_count, AVG(amount) AS average_amount FROM aviation.ticket_flights WHERE fare_conditions = 'Comfort' AND amount >= 11250 GROUP BY fare_conditions HAVING COUNT(*) > 10",208,0,2,0,True,False,False,1,1,3,3,0,0,0,0,0,0.0,2398.47,1.0,48,12891.0,36.447,2,2,1,Aggregate,1,0,0,0,0,0,0,0,1,1668,0,0,0
airport_connections,"SELECT dep.city AS departure_city, arr.city AS arrival_city, COUNT(*) AS flights FROM aviation.flights AS f JOIN aviation.airports AS dep ON dep.airport_code = f.departure_airport JOIN aviation.airports AS arr ON arr.airport_code = f.arrival_airport WHERE f.departure_airport = 'LED' AND f.status = 'Scheduled' GROUP BY dep.city, arr.city",338,2,2,0,True,False,False,3,2,3,1,2,0,0,0,0,261.66,261.76,10.0,24,781.0,2.475,7,4,2,Aggregate,3,0,0,0,1,0,1,0,1,424,0,0,0
high_value_passengers,"SELECT t.passenger_id, t.passenger_name, b.total_amount FROM aviation.tickets AS t JOIN aviation.bookings AS b ON b.book_ref = t.book_ref WHERE b.total_amount >= 125000 ORDER BY b.total_amount DESC LIMIT 100",207,1,1,0,False,True,False,2,2,3,0,1,0,0,0,0,6597.6,6597.85,100.0,33,327386.0,135.445,6,5,2,Limit,2,0,0,0,1,0,0,1,0,5689,0,0,0
boarding_pass_lookup,"SELECT bp.boarding_no, bp.seat_no, t.passenger_name FROM aviation.boarding_passes AS bp JOIN aviation.tickets AS t ON t.ticket_no = bp.ticket_no WHERE bp.flight_id = 3236 AND bp.boarding_no BETWEEN 1 AND 5",205,1,2,0,False,False,False,2,2,3,0,1,0,0,0,0,0.71,57.58,5.0,22,11.0,0.038,3,2,2,Nested Loop,0,2,0,0,0,0,1,0,0,4,0,0,0
flights_without_tickets,"SELECT f.flight_id, f.flight_no FROM aviation.flights AS f WHERE f.scheduled_departure >= DATE '2025-01-21' AND NOT EXISTS (SELECT 1 FROM aviation.ticket_flights AS tf WHERE tf.flight_id = f.flight_id)",201,0,3,1,False,False,False,2,2,3,0,0,0,0,0,0,3084.0,3360.19,1.0,11,209439.0,56.057,4,3,2,Hash Join,2,0,0,0,1,0,0,0,0,2710,0,0,0
flight_revenue,"SELECT f.flight_id, f.flight_no, COUNT(*) AS ticket_count, SUM(tf.amount) AS revenue FROM aviation.flights AS f JOIN aviation.ticket_flights AS tf ON tf.flight_id = f.flight_id WHERE f.flight_id = 7188 GROUP BY f.flight_id, f.flight_no",235,1,1,0,True,False,False,2,2,4,2,1,0,0,0,0,0.29,2092.47,1.0,51,22.0,15.011,4,3,2,Aggregate,1,1,0,0,0,0,1,0,1,2511,0,0,0
passenger_flight_history,"SELECT t.passenger_id, t.passenger_name, f.flight_no, f.scheduled_departure, tf.fare_conditions FROM aviation.tickets AS t JOIN aviation.ticket_flights AS tf ON tf.ticket_no = t.ticket_no JOIN aviation.flights AS f ON f.flight_id = tf.flight_id WHERE t.passenger_id = '1031-071024' AND f.status = 'Departed' ORDER BY f.scheduled_departure DESC",343,2,2,0,False,True,False,3,3,5,0,2,0,0,0,0,2280.77,2280.77,1.0,50,6.0,15.28,6,4,3,Sort,1,2,0,0,0,0,2,1,0,4116,0,0,0
route_revenue,"SELECT f.departure_airport, f.arrival_airport, SUM(tf.amount) AS revenue FROM aviation.flights AS f JOIN aviation.ticket_flights AS tf ON tf.flight_id = f.flight_id WHERE f.departure_airport = 'BQT' GROUP BY f.departure_airport, f.arrival_airport ORDER BY revenue DESC",268,1,1,0,True,True,False,2,2,3,1,1,0,0,0,0,2388.4,2388.43,10.0,40,112020.0,40.691,6,5,2,Sort,2,0,0,0,1,0,0,1,1,3859,0,0,0
recent_flights_sorted,"SELECT flight_no, departure_airport, arrival_airport, scheduled_departure FROM aviation.flights WHERE departure_airport = 'VTB' ORDER BY scheduled_departure DESC LIMIT 25",170,0,1,0,False,True,False,1,1,4,0,0,0,0,0,0,257.22,257.28,25.0,23,2025.0,2.593,3,3,1,Limit,1,0,0,0,0,0,0,1,0,318,0,0,0
boarding_pass_lookup,"SELECT bp.boarding_no, bp.seat_no, t.passenger_name FROM aviation.boarding_passes AS bp JOIN aviation.tickets AS t ON t.ticket_no = bp.ticket_no WHERE bp.flight_id = 1194 AND bp.boarding_no BETWEEN 4 AND 7",205,1,2,0,False,False,False,2,2,3,0,1,0,0,0,0,0.71,47.37,4.0,22,9.0,0.417,3,2,2,Nested Loop,0,2,0,0,0,0,1,0,0,38,0,0,0
flight_revenue,"SELECT f.flight_id, f.flight_no, COUNT(*) AS ticket_count, SUM(tf.amount) AS revenue FROM aviation.flights AS f JOIN aviation.ticket_flights AS tf ON tf.flight_id = f.flight_id WHERE f.flight_id = 6327 GROUP BY f.flight_id, f.flight_no",235,1,1,0,True,False,False,2,2,4,2,1,0,0,0,0,0.29,2092.47,1.0,51,22.0,12.782,4,3,2,Aggregate,1,1,0,0,0,0,1,0,1,2511,0,0,0
booking_ticket_count,"SELECT b.book_ref, COUNT(t.ticket_no) AS ticket_count FROM aviation.bookings AS b JOIN aviation.tickets AS t ON t.book_ref = b.book_ref WHERE b.book_date >= DATE '2024-12-08' AND b.book_date < DATE '2024-12-15' GROUP BY b.book_ref HAVING COUNT(t.ticket_no) >= 2",261,1,2,0,True,False,False,2,2,2,2,1,0,0,0,0,3373.46,3384.53,295.0,15,103839.0,44.963,5,4,2,Aggregate,2,0,0,0,1,0,0,0,1,4342,0,0,0
booking_amount_range,"SELECT book_ref, book_date, total_amount FROM aviation.bookings WHERE total_amount BETWEEN 40000 AND 150000",107,0,1,0,False,False,False,1,1,3,0,0,0,0,0,0,0.0,1069.0,11043.0,21,11043.0,14.32,1,1,1,Seq Scan,1,0,0,0,0,0,0,0,0,319,0,0,0
aircraft_flight_counts,"SELECT a.aircraft_code, a.model, COUNT(f.flight_id) AS flight_count FROM aviation.aircrafts AS a LEFT JOIN aviation.flights AS f ON f.aircraft_code = a.aircraft_code WHERE a.range_km >= 5000 GROUP BY a.aircraft_code, a.model",224,1,1,0,True,False,False,2,2,3,1,0,1,0,0,0,293.61,293.65,4.0,27,18012.0,7.777,5,4,2,Aggregate,2,0,0,0,1,0,0,0,1,316,0,0,0
route_revenue,"SELECT f.departure_airport, f.arrival_airport, SUM(tf.amount) AS revenue FROM aviation.flights AS f JOIN aviation.ticket_flights AS tf ON tf.flight_id = f.flight_id WHERE f.departure_airport = 'MSQ' GROUP BY f.departure_airport, f.arrival_airport ORDER BY revenue DESC",268,1,1,0,True,True,False,2,2,3,1,1,0,0,0,0,2388.4,2388.43,10.0,40,112020.0,40.413,6,5,2,Sort,2,0,0,0,1,0,0,1,1,3859,0,0,0
high_value_passengers,"SELECT t.passenger_id, t.passenger_name, b.total_amount FROM aviation.tickets AS t JOIN aviation.bookings AS b ON b.book_ref = t.book_ref WHERE b.total_amount >= 255000 ORDER BY b.total_amount DESC LIMIT 100",207,1,1,0,False,True,False,2,2,3,0,1,0,0,0,0,5438.82,5439.07,100.0,33,249212.0,94.701,6,5,2,Limit,2,0,0,0,1,0,0,1,0,5689,0,0,0
daily_flight_count,"SELECT scheduled_departure::date AS flight_date, COUNT(*) AS flight_count FROM aviation.flights WHERE departure_airport = 'GNA' GROUP BY scheduled_departure::date ORDER BY flight_date",183,0,1,0,True,True,False,1,1,2,1,0,0,0,0,0,281.33,301.24,993.0,12,2993.0,2.422,3,3,1,Aggregate,1,0,0,0,0,0,0,1,1,318,0,0,0
unboarded_tickets,"SELECT tf.ticket_no, tf.fare_conditions FROM aviation.ticket_flights AS tf LEFT JOIN aviation.boarding_passes AS bp ON bp.ticket_no = tf.ticket_no AND bp.flight_id = tf.flight_id WHERE tf.flight_id = 6631 AND bp.ticket_no IS NULL",229,1,2,0,False,False,False,2,2,2,0,0,1,0,0,0,0.29,2109.74,10.0,22,40.0,14.825,4,3,2,Nested Loop,1,1,0,0,0,0,1,0,0,1677,0,0,0
aircraft_fare_capacity,"SELECT fare_conditions, COUNT(*) AS seat_count FROM aviation.seats WHERE aircraft_code = '738' GROUP BY fare_conditions ORDER BY seat_count DESC",144,0,1,0,True,True,False,1,1,2,1,0,0,0,0,0,17.2,17.21,3.0,16,186.0,0.415,3,3,1,Sort,1,0,0,0,0,0,0,1,1,18,0,0,0
airport_connections,"SELECT dep.city AS departure_city, arr.city AS arrival_city, COUNT(*) AS flights FROM aviation.flights AS f JOIN aviation.airports AS dep ON dep.airport_code = f.departure_airport JOIN aviation.airports AS arr ON arr.airport_code = f.arrival_airport WHERE f.departure_airport = 'MSQ' AND f.status = 'Scheduled' GROUP BY dep.city, arr.city",338,2,2,0,True,False,False,3,2,3,1,2,0,0,0,0,261.66,261.76,10.0,24,781.0,3.135,7,4,2,Aggregate,3,0,0,0,1,0,1,0,1,424,0,0,0
aircraft_seat_capacity,"SELECT a.aircraft_code, a.model, COUNT(s.seat_no) AS seat_count FROM aviation.aircrafts AS a JOIN aviation.seats AS s ON s.aircraft_code = a.aircraft_code WHERE s.fare_conditions = 'Comfort' GROUP BY a.aircraft_code, a.model ORDER BY seat_count DESC",249,1,1,0,True,True,False,2,2,3,1,1,0,0,0,0,18.65,18.67,5.0,27,260.0,0.402,6,5,2,Sort,2,0,0,0,1,0,0,1,1,28,0,0,0
route_by_date,"SELECT flight_id, flight_no, scheduled_departure, status FROM aviation.flights WHERE departure_airport = 'TBS' AND arrival_airport = 'BQT' AND scheduled_departure >= DATE '2025-09-04' AND scheduled_departure < DATE '2025-09-04' + INTERVAL '1 day'",246,0,4,0,False,False,False,1,1,4,0,0,0,0,0,0,0.0,304.0,1.0,27,1.0,2.348,1,1,1,Seq Scan,1,0,0,0,0,0,0,0,0,104,0,0,0
ticket_fare_lookup,"SELECT t.ticket_no, tf.flight_id, tf.amount FROM aviation.tickets AS t JOIN aviation.ticket_flights AS tf ON tf.ticket_no = t.ticket_no WHERE t.passenger_id = '8853-098844' AND tf.fare_conditions = 'Economy'",207,1,2,0,False,False,False,2,2,3,0,1,0,0,0,0,0.42,2280.45,1.0,24,3.0,17.186,3,2,2,Nested Loop,1,1,0,0,0,0,1,0,0,2052,0,0,0
top_routes,"SELECT departure_airport, arrival_airport, COUNT(*) AS flight_count FROM aviation.flights WHERE scheduled_departure >= DATE '2025-12-24' AND scheduled_departure < DATE '2026-01-23' GROUP BY departure_airport, arrival_airport ORDER BY flight_count DESC LIMIT 10",260,0,2,0,True,True,False,1,1,3,1,0,0,0,0,0,258.37,258.4,10.0,16,398.0,2.061,4,4,1,Limit,1,0,0,0,0,0,0,1,1,422,0,0,0
passenger_flight_history,"SELECT t.passenger_id, t.passenger_name, f.flight_no, f.scheduled_departure, tf.fare_conditions FROM aviation.tickets AS t JOIN aviation.ticket_flights AS tf ON tf.ticket_no = t.ticket_no JOIN aviation.flights AS f ON f.flight_id = tf.flight_id WHERE t.passenger_id = '8933-068927' AND f.status = 'Departed' ORDER BY f.scheduled_departure DESC",343,2,2,0,False,True,False,3,3,5,0,2,0,0,0,0,2280.77,2280.77,1.0,50,6.0,17.27,6,4,3,Sort,1,2,0,0,0,0,2,1,0,4116,0,0,0
passengers_for_booking,"SELECT b.book_ref, b.book_date, t.ticket_no, t.passenger_name FROM aviation.bookings AS b JOIN aviation.tickets AS t ON t.book_ref = b.book_ref WHERE b.book_ref = '041352'",171,1,1,0,False,False,False,2,2,4,0,1,0,0,0,0,0.29,2280.33,2.0,44,5.0,16.418,3,2,2,Nested Loop,1,1,0,0,0,0,1,0,0,2050,0,0,0
flights_without_tickets,"SELECT f.flight_id, f.flight_no FROM aviation.flights AS f WHERE f.scheduled_departure >= DATE '2025-05-19' AND NOT EXISTS (SELECT 1 FROM aviation.ticket_flights AS tf WHERE tf.flight_id = f.flight_id)",201,0,3,1,False,False,False,2,2,3,0,0,0,0,0,0,3084.0,3343.67,1.0,11,206135.0,62.833,4,3,2,Hash Join,2,0,0,0,1,0,0,0,0,2710,0,0,0
airport_departure_counts,"SELECT departure_airport, COUNT(*) AS flight_count FROM aviation.flights WHERE scheduled_departure >= DATE '2025-05-27' AND scheduled_departure < DATE '2025-06-26' GROUP BY departure_airport ORDER BY flight_count DESC",217,0,2,0,True,True,False,1,1,2,1,0,0,0,0,0,258.31,258.34,10.0,12,829.0,3.479,3,3,1,Sort,1,0,0,0,0,0,0,1,1,315,0,0,0
bookings_with_expensive_ticket,"SELECT b.book_ref, b.total_amount FROM aviation.bookings AS b WHERE EXISTS (SELECT 1 FROM aviation.tickets AS t JOIN aviation.ticket_flights AS tf ON tf.ticket_no = t.ticket_no WHERE t.book_ref = b.book_ref AND tf.amount >= 106750)",231,1,3,1,False,False,False,3,3,3,0,1,0,0,0,0,4955.6,6056.7,13560.0,13,217800.0,119.805,7,5,3,Hash Join,3,0,0,0,2,0,0,0,0,8896,0,0,0
flight_occupancy,"SELECT f.flight_id, COUNT(DISTINCT tf.ticket_no) AS tickets, COUNT(DISTINCT bp.ticket_no) AS boarded FROM aviation.flights AS f LEFT JOIN aviation.ticket_flights AS tf ON tf.flight_id = f.flight_id LEFT JOIN aviation.boarding_passes AS bp ON bp.flight_id = tf.flight_id AND bp.ticket_no = tf.ticket_no WHERE f.flight_id = 7786 GROUP BY f.flight_id",347,2,1,0,True,False,False,3,3,3,2,0,2,0,0,0,2112.95,2113.12,1.0,20,62.0,13.93,8,5,3,Aggregate,1,1,1,0,0,1,1,2,1,4193,0,0,0
ticket_name_prefix,"SELECT ticket_no, passenger_id, passenger_name FROM aviation.tickets WHERE passenger_name LIKE 'Passenger 18700%' ORDER BY ticket_no LIMIT 50",141,0,1,0,False,True,False,1,1,3,0,0,0,0,0,0,2272.17,2272.19,10.0,41,30.0,19.249,3,3,1,Limit,1,0,0,0,0,0,0,1,0,3072,0,0,0
fare_statistics,"SELECT fare_conditions, COUNT(*) AS ticket_count, AVG(amount) AS average_amount FROM aviation.ticket_flights WHERE fare_conditions = 'Economy' AND amount >= 70750 GROUP BY fare_conditions HAVING COUNT(*) > 10",208,0,2,0,True,False,False,1,1,3,3,0,0,0,0,0,0.0,2511.71,1.0,48,35539.0,45.8,2,2,1,Aggregate,1,0,0,0,0,0,0,0,1,1668,0,0,0
high_value_passengers,"SELECT t.passenger_id, t.passenger_name, b.total_amount FROM aviation.tickets AS t JOIN aviation.bookings AS b ON b.book_ref = t.book_ref WHERE b.total_amount >= 430000 ORDER BY b.total_amount DESC LIMIT 100",207,1,1,0,False,True,False,2,2,3,0,1,0,0,0,0,3855.18,3855.43,100.0,33,142376.0,60.164,6,5,2,Limit,2,0,0,0,1,0,0,1,0,5689,0,0,0
route_by_date,"SELECT flight_id, flight_no, scheduled_departure, status FROM aviation.flights WHERE departure_airport = 'BQT' AND arrival_airport = 'GNA' AND scheduled_departure >= DATE '2025-12-03' AND scheduled_departure < DATE '2025-12-03' + INTERVAL '1 day'",246,0,4,0,False,False,False,1,1,4,0,0,0,0,0,0,0.0,304.0,1.0,27,1.0,2.21,1,1,1,Seq Scan,1,0,0,0,0,0,0,0,0,104,0,0,0
bookings_with_expensive_ticket,"SELECT b.book_ref, b.total_amount FROM aviation.bookings AS b WHERE EXISTS (SELECT 1 FROM aviation.tickets AS t JOIN aviation.ticket_flights AS tf ON tf.ticket_no = t.ticket_no WHERE t.book_ref = b.book_ref AND tf.amount >= 89250)",230,1,3,1,False,False,False,3,3,3,0,1,0,0,0,0,5473.25,6738.89,28350.0,13,291750.0,127.551,7,5,3,Hash Join,3,0,0,0,2,0,0,0,0,8896,0,0,0
unboarded_tickets,"SELECT tf.ticket_no, tf.fare_conditions FROM aviation.ticket_flights AS tf LEFT JOIN aviation.boarding_passes AS bp ON bp.ticket_no = tf.ticket_no AND bp.flight_id = tf.flight_id WHERE tf.flight_id = 7421 AND bp.ticket_no IS NULL",229,1,2,0,False,False,False,2,2,2,0,0,1,0,0,0,0.29,2109.74,10.0,22,40.0,14.41,4,3,2,Nested Loop,1,1,0,0,0,0,1,0,0,1677,0,0,0
aircraft_fare_capacity,"SELECT fare_conditions, COUNT(*) AS seat_count FROM aviation.seats WHERE aircraft_code = 'SU9' GROUP BY fare_conditions ORDER BY seat_count DESC",144,0,1,0,True,True,False,1,1,2,1,0,0,0,0,0,17.2,17.21,3.0,16,186.0,0.285,3,3,1,Sort,1,0,0,0,0,0,0,1,1,18,0,0,0
aircraft_flight_counts,"SELECT a.aircraft_code, a.model, COUNT(f.flight_id) AS flight_count FROM aviation.aircrafts AS a LEFT JOIN aviation.flights AS f ON f.aircraft_code = a.aircraft_code WHERE a.range_km >= 4000 GROUP BY a.aircraft_code, a.model",224,1,1,0,True,False,False,2,2,3,1,0,1,0,0,0,303.62,303.68,5.0,27,20015.0,8.325,5,4,2,Aggregate,2,0,0,0,1,0,0,0,1,316,0,0,0
route_revenue,"SELECT f.departure_airport, f.arrival_airport, SUM(tf.amount) AS revenue FROM aviation.flights AS f JOIN aviation.ticket_flights AS tf ON tf.flight_id = f.flight_id WHERE f.departure_airport = 'LED' GROUP BY f.departure_airport, f.arrival_airport ORDER BY revenue DESC",268,1,1,0,True,True,False,2,2,3,1,1,0,0,0,0,2388.4,2388.43,10.0,40,112020.0,39.389,6,5,2,Sort,2,0,0,0,1,0,0,1,1,3859,0,0,0
passengers_for_booking,"SELECT b.book_ref, b.book_date, t.ticket_no, t.passenger_name FROM aviation.bookings AS b JOIN aviation.tickets AS t ON t.book_ref = b.book_ref WHERE b.book_ref = '002346'",171,1,1,0,False,False,False,2,2,4,0,1,0,0,0,0,0.29,2280.33,2.0,44,5.0,16.322,3,2,2,Nested Loop,1,1,0,0,0,0,1,0,0,2050,0,0,0
airport_departure_counts,"SELECT departure_airport, COUNT(*) AS flight_count FROM aviation.flights WHERE scheduled_departure >= DATE '2025-09-05' AND scheduled_departure < DATE '2025-11-04' GROUP BY departure_airport ORDER BY flight_count DESC",217,0,2,0,True,True,False,1,1,2,1,0,0,0,0,0,262.36,262.39,10.0,12,1639.0,4.79,3,3,1,Sort,1,0,0,0,0,0,0,1,1,315,0,0,0
flight_occupancy,"SELECT f.flight_id, COUNT(DISTINCT tf.ticket_no) AS tickets, COUNT(DISTINCT bp.ticket_no) AS boarded FROM aviation.flights AS f LEFT JOIN aviation.ticket_flights AS tf ON tf.flight_id = f.flight_id LEFT JOIN aviation.boarding_passes AS bp ON bp.flight_id = tf.flight_id AND bp.ticket_no = tf.ticket_no WHERE f.flight_id = 9247 GROUP BY f.flight_id",347,2,1,0,True,False,False,3,3,3,2,0,2,0,0,0,2112.95,2113.12,1.0,20,62.0,15.372,8,5,3,Aggregate,1,1,1,0,0,1,1,2,1,4197,0,0,0
ticket_name_prefix,"SELECT ticket_no, passenger_id, passenger_name FROM aviation.tickets WHERE passenger_name LIKE 'Passenger 37021%' ORDER BY ticket_no LIMIT 50",141,0,1,0,False,True,False,1,1,3,0,0,0,0,0,0,2272.17,2272.19,10.0,41,30.0,18.413,3,3,1,Limit,1,0,0,0,0,0,0,1,0,3072,0,0,0
boarding_pass_lookup,"SELECT bp.boarding_no, bp.seat_no, t.passenger_name FROM aviation.boarding_passes AS bp JOIN aviation.tickets AS t ON t.ticket_no = bp.ticket_no WHERE bp.flight_id = 613 AND bp.boarding_no BETWEEN 2 AND 6",204,1,2,0,False,False,False,2,2,3,0,1,0,0,0,0,0.71,57.58,5.0,22,11.0,0.049,3,2,2,Nested Loop,0,2,0,0,0,0,1,0,0,4,0,0,0
booking_amount_range,"SELECT book_ref, book_date, total_amount FROM aviation.bookings WHERE total_amount BETWEEN 280000 AND 430000",108,0,1,0,False,False,False,1,1,3,0,0,0,0,0,0,0.0,1069.0,15292.0,21,15292.0,13.825,1,1,1,Seq Scan,1,0,0,0,0,0,0,0,0,319,0,0,0
top_routes,"SELECT departure_airport, arrival_airport, COUNT(*) AS flight_count FROM aviation.flights WHERE scheduled_departure >= DATE '2025-05-28' AND scheduled_departure < DATE '2025-08-26' GROUP BY departure_airport, arrival_airport ORDER BY flight_count DESC LIMIT 10",260,0,2,0,True,True,False,1,1,3,1,0,0,0,0,0,275.39,275.41,10.0,16,2640.0,5.106,4,4,1,Limit,1,0,0,0,0,0,0,1,1,422,0,0,0
recent_flights_sorted,"SELECT flight_no, departure_airport, arrival_airport, scheduled_departure FROM aviation.flights WHERE departure_airport = 'MSQ' ORDER BY scheduled_departure DESC LIMIT 100",171,0,1,0,False,True,False,1,1,4,0,0,0,0,0,0,267.22,267.47,100.0,23,2100.0,4.187,3,3,1,Limit,1,0,0,0,0,0,0,1,0,318,0,0,0
passenger_flight_history,"SELECT t.passenger_id, t.passenger_name, f.flight_no, f.scheduled_departure, tf.fare_conditions FROM aviation.tickets AS t JOIN aviation.ticket_flights AS tf ON tf.ticket_no = t.ticket_no JOIN aviation.flights AS f ON f.flight_id = tf.flight_id WHERE t.passenger_id = '4249-034246' AND f.status = 'Arrived' ORDER BY f.scheduled_departure DESC",342,2,2,0,False,True,False,3,3,5,0,2,0,0,0,0,2280.77,2280.77,1.0,50,6.0,34.29,6,4,3,Sort,1,2,0,0,0,0,2,1,0,4116,0,0,0
flight_revenue,"SELECT f.flight_id, f.flight_no, COUNT(*) AS ticket_count, SUM(tf.amount) AS revenue FROM aviation.flights AS f JOIN aviation.ticket_flights AS tf ON tf.flight_id = f.flight_id WHERE f.flight_id = 8343 GROUP BY f.flight_id, f.flight_no",235,1,1,0,True,False,False,2,2,4,2,1,0,0,0,0,0.29,2092.47,1.0,51,22.0,12.904,4,3,2,Aggregate,1,1,0,0,0,0,1,0,1,2511,0,0,0
daily_flight_count,"SELECT scheduled_departure::date AS flight_date, COUNT(*) AS flight_count FROM aviation.flights WHERE departure_airport = 'LED' GROUP BY scheduled_departure::date ORDER BY flight_date",183,0,1,0,True,True,False,1,1,2,1,0,0,0,0,0,281.33,301.24,993.0,12,2993.0,3.452,3,3,1,Aggregate,1,0,0,0,0,0,0,1,1,318,0,0,0
fare_statistics,"SELECT fare_conditions, COUNT(*) AS ticket_count, AVG(amount) AS average_amount FROM aviation.ticket_flights WHERE fare_conditions = 'Comfort' AND amount >= 33500 GROUP BY fare_conditions HAVING COUNT(*) > 10",208,0,2,0,True,False,False,1,1,3,3,0,0,0,0,0,0.0,2385.6,1.0,48,10318.0,27.931,2,2,1,Aggregate,1,0,0,0,0,0,0,0,1,1668,0,0,0
aircraft_seat_capacity,"SELECT a.aircraft_code, a.model, COUNT(s.seat_no) AS seat_count FROM aviation.aircrafts AS a JOIN aviation.seats AS s ON s.aircraft_code = a.aircraft_code WHERE s.fare_conditions = 'Economy' GROUP BY a.aircraft_code, a.model ORDER BY seat_count DESC",249,1,1,0,True,True,False,2,2,3,1,1,0,0,0,0,24.56,24.58,5.0,27,1460.0,0.815,6,5,2,Sort,2,0,0,0,1,0,0,1,1,28,0,0,0
airport_connections,"SELECT dep.city AS departure_city, arr.city AS arrival_city, COUNT(*) AS flights FROM aviation.flights AS f JOIN aviation.airports AS dep ON dep.airport_code = f.departure_airport JOIN aviation.airports AS arr ON arr.airport_code = f.arrival_airport WHERE f.departure_airport = 'IST' AND f.status = 'Departed' GROUP BY dep.city, arr.city",337,2,2,0,True,False,False,3,2,3,1,2,0,0,0,0,261.66,261.76,10.0,24,781.0,2.051,7,4,2,Aggregate,3,0,0,0,1,0,1,0,1,420,0,0,0
booking_ticket_count,"SELECT b.book_ref, COUNT(t.ticket_no) AS ticket_count FROM aviation.bookings AS b JOIN aviation.tickets AS t ON t.book_ref = b.book_ref WHERE b.book_date >= DATE '2025-02-11' AND b.book_date < DATE '2025-02-25' GROUP BY b.book_ref HAVING COUNT(t.ticket_no) >= 2",261,1,2,0,True,False,False,2,2,2,2,1,0,0,0,0,3396.77,3420.79,641.0,15,108329.0,54.677,5,4,2,Aggregate,2,0,0,0,1,0,0,0,1,4342,0,0,0
flights_without_tickets,"SELECT f.flight_id, f.flight_no FROM aviation.flights AS f WHERE f.scheduled_departure >= DATE '2025-04-07' AND NOT EXISTS (SELECT 1 FROM aviation.ticket_flights AS tf WHERE tf.flight_id = f.flight_id)",201,0,3,1,False,False,False,2,2,3,0,0,0,0,0,0,3084.0,3349.55,1.0,11,207310.0,55.732,4,3,2,Hash Join,2,0,0,0,1,0,0,0,0,2710,0,0,0
ticket_fare_lookup,"SELECT t.ticket_no, tf.flight_id, tf.amount FROM aviation.tickets AS t JOIN aviation.ticket_flights AS tf ON tf.ticket_no = t.ticket_no WHERE t.passenger_id = '9292-009292' AND tf.fare_conditions = 'Business'",208,1,2,0,False,False,False,2,2,3,0,1,0,0,0,0,0.42,2280.45,1.0,24,3.0,23.149,3,2,2,Nested Loop,1,1,0,0,0,0,1,0,0,2052,0,0,0
ticket_name_prefix,"SELECT ticket_no, passenger_id, passenger_name FROM aviation.tickets WHERE passenger_name LIKE 'Passenger 45765%' ORDER BY ticket_no LIMIT 50",141,0,1,0,False,True,False,1,1,3,0,0,0,0,0,0,2272.17,2272.19,10.0,41,30.0,19.624,3,3,1,Limit,1,0,0,0,0,0,0,1,0,3072,0,0,0
flight_revenue,"SELECT f.flight_id, f.flight_no, COUNT(*) AS ticket_count, SUM(tf.amount) AS revenue FROM aviation.flights AS f JOIN aviation.ticket_flights AS tf ON tf.flight_id = f.flight_id WHERE f.flight_id = 7227 GROUP BY f.flight_id, f.flight_no",235,1,1,0,True,False,False,2,2,4,2,1,0,0,0,0,0.29,2092.47,1.0,51,22.0,12.903,4,3,2,Aggregate,1,1,0,0,0,0,1,0,1,2511,0,0,0
passengers_for_booking,"SELECT b.book_ref, b.book_date, t.ticket_no, t.passenger_name FROM aviation.bookings AS b JOIN aviation.tickets AS t ON t.book_ref = b.book_ref WHERE b.book_ref = '018889'",171,1,1,0,False,False,False,2,2,4,0,1,0,0,0,0,0.29,2280.33,2.0,44,5.0,15.669,3,2,2,Nested Loop,1,1,0,0,0,0,1,0,0,2050,0,0,0
daily_flight_count,"SELECT scheduled_departure::date AS flight_date, COUNT(*) AS flight_count FROM aviation.flights WHERE departure_airport = 'SVO' GROUP BY scheduled_departure::date ORDER BY flight_date",183,0,1,0,True,True,False,1,1,2,1,0,0,0,0,0,281.33,301.24,993.0,12,2993.0,2.536,3,3,1,Aggregate,1,0,0,0,0,0,0,1,1,318,0,0,0
aircraft_seat_capacity,"SELECT a.aircraft_code, a.model, COUNT(s.seat_no) AS seat_count FROM aviation.aircrafts AS a JOIN aviation.seats AS s ON s.aircraft_code = a.aircraft_code WHERE s.fare_conditions = 'Economy' GROUP BY a.aircraft_code, a.model ORDER BY seat_count DESC",249,1,1,0,True,True,False,2,2,3,1,1,0,0,0,0,24.56,24.58,5.0,27,1460.0,0.887,6,5,2,Sort,2,0,0,0,1,0,0,1,1,28,0,0,0
airport_connections,"SELECT dep.city AS departure_city, arr.city AS arrival_city, COUNT(*) AS flights FROM aviation.flights AS f JOIN aviation.airports AS dep ON dep.airport_code = f.departure_airport JOIN aviation.airports AS arr ON arr.airport_code = f.arrival_airport WHERE f.departure_airport = 'LED' AND f.status = 'Departed' GROUP BY dep.city, arr.city",337,2,2,0,True,False,False,3,2,3,1,2,0,0,0,0,261.66,261.76,10.0,24,781.0,3.239,7,4,2,Aggregate,3,0,0,0,1,0,1,0,1,424,0,0,0
fare_statistics,"SELECT fare_conditions, COUNT(*) AS ticket_count, AVG(amount) AS average_amount FROM aviation.ticket_flights WHERE fare_conditions = 'Economy' AND amount >= 68250 GROUP BY fare_conditions HAVING COUNT(*) > 10",208,0,2,0,True,False,False,1,1,3,3,0,0,0,0,0,0.0,2519.84,1.0,48,37165.0,33.278,2,2,1,Aggregate,1,0,0,0,0,0,0,0,1,1668,0,0,0
airport_departure_counts,"SELECT departure_airport, COUNT(*) AS flight_count FROM aviation.flights WHERE scheduled_departure >= DATE '2025-03-18' AND scheduled_departure < DATE '2025-04-01' GROUP BY departure_airport ORDER BY flight_count DESC",217,0,2,0,True,True,False,1,1,2,1,0,0,0,0,0,256.23,256.26,10.0,12,413.0,2.759,3,3,1,Sort,1,0,0,0,0,0,0,1,1,315,0,0,0
ticket_fare_lookup,"SELECT t.ticket_no, tf.flight_id, tf.amount FROM aviation.tickets AS t JOIN aviation.ticket_flights AS tf ON tf.ticket_no = t.ticket_no WHERE t.passenger_id = '6126-006126' AND tf.fare_conditions = 'Economy'",207,1,2,0,False,False,False,2,2,3,0,1,0,0,0,0,0.42,2280.45,1.0,24,3.0,22.497,3,2,2,Nested Loop,1,1,0,0,0,0,1,0,0,2052,0,0,0
bookings_with_expensive_ticket,"SELECT b.book_ref, b.total_amount FROM aviation.bookings AS b WHERE EXISTS (SELECT 1 FROM aviation.tickets AS t JOIN aviation.ticket_flights AS tf ON tf.ticket_no = t.ticket_no WHERE t.book_ref = b.book_ref AND tf.amount >= 56250)",230,1,3,1,False,False,False,3,3,3,0,1,0,0,0,0,6200.35,7705.84,49909.0,13,467381.0,184.947,7,5,3,Hash Join,3,0,0,0,2,0,0,0,0,9084,0,0,0
flights_without_tickets,"SELECT f.flight_id, f.flight_no FROM aviation.flights AS f WHERE f.scheduled_departure >= DATE '2025-07-31' AND NOT EXISTS (SELECT 1 FROM aviation.ticket_flights AS tf WHERE tf.flight_id = f.flight_id)",201,0,3,1,False,False,False,2,2,3,0,0,0,0,0,0,3084.0,3333.77,1.0,11,204155.0,62.507,4,3,2,Hash Join,2,0,0,0,1,0,0,0,0,2710,0,0,0
unboarded_tickets,"SELECT tf.ticket_no, tf.fare_conditions FROM aviation.ticket_flights AS tf LEFT JOIN aviation.boarding_passes AS bp ON bp.ticket_no = tf.ticket_no AND bp.flight_id = tf.flight_id WHERE tf.flight_id = 8784 AND bp.ticket_no IS NULL",229,1,2,0,False,False,False,2,2,2,0,0,1,0,0,0,0.29,2109.74,10.0,22,40.0,13.085,4,3,2,Nested Loop,1,1,0,0,0,0,1,0,0,1677,0,0,0
flight_occupancy,"SELECT f.flight_id, COUNT(DISTINCT tf.ticket_no) AS tickets, COUNT(DISTINCT bp.ticket_no) AS boarded FROM aviation.flights AS f LEFT JOIN aviation.ticket_flights AS tf ON tf.flight_id = f.flight_id LEFT JOIN aviation.boarding_passes AS bp ON bp.flight_id = tf.flight_id AND bp.ticket_no = tf.ticket_no WHERE f.flight_id = 893 GROUP BY f.flight_id",346,2,1,0,True,False,False,3,3,3,2,0,2,0,0,0,2112.95,2113.12,1.0,20,62.0,13.682,8,5,3,Aggregate,1,1,1,0,0,1,1,2,1,4193,0,0,0
top_routes,"SELECT departure_airport, arrival_airport, COUNT(*) AS flight_count FROM aviation.flights WHERE scheduled_departure >= DATE '2025-04-16' AND scheduled_departure < DATE '2025-05-16' GROUP BY departure_airport, arrival_airport ORDER BY flight_count DESC LIMIT 10",260,0,2,0,True,True,False,1,1,3,1,0,0,0,0,0,263.45,263.48,10.0,16,1049.0,3.311,4,4,1,Limit,1,0,0,0,0,0,0,1,1,422,0,0,0
booking_ticket_count,"SELECT b.book_ref, COUNT(t.ticket_no) AS ticket_count FROM aviation.bookings AS b JOIN aviation.tickets AS t ON t.book_ref = b.book_ref WHERE b.book_date >= DATE '2025-04-13' AND b.book_date < DATE '2025-04-20' GROUP BY b.book_ref HAVING COUNT(t.ticket_no) >= 2",261,1,2,0,True,False,False,2,2,2,2,1,0,0,0,0,3375.26,3387.33,322.0,15,104186.0,47.527,5,4,2,Aggregate,2,0,0,0,1,0,0,0,1,4342,0,0,0
high_value_passengers,"SELECT t.passenger_id, t.passenger_name, b.total_amount FROM aviation.tickets AS t JOIN aviation.bookings AS b ON b.book_ref = t.book_ref WHERE b.total_amount >= 362500 ORDER BY b.total_amount DESC LIMIT 100",207,1,1,0,False,True,False,2,2,3,0,1,0,0,0,0,4459.7,4459.95,100.0,33,183158.0,78.823,6,5,2,Limit,2,0,0,0,1,0,0,1,0,5689,0,0,0
boarding_pass_lookup,"SELECT bp.boarding_no, bp.seat_no, t.passenger_name FROM aviation.boarding_passes AS bp JOIN aviation.tickets AS t ON t.ticket_no = bp.ticket_no WHERE bp.flight_id = 5091 AND bp.boarding_no BETWEEN 4 AND 9",205,1,2,0,False,False,False,2,2,3,0,1,0,0,0,0,0.71,67.79,6.0,22,13.0,0.253,3,2,2,Nested Loop,0,2,0,0,0,0,1,0,0,54,0,0,0
route_revenue,"SELECT f.departure_airport, f.arrival_airport, SUM(tf.amount) AS revenue FROM aviation.flights AS f JOIN aviation.ticket_flights AS tf ON tf.flight_id = f.flight_id WHERE f.departure_airport = 'VTB' GROUP BY f.departure_airport, f.arrival_airport ORDER BY revenue DESC",268,1,1,0,True,True,False,2,2,3,1,1,0,0,0,0,2388.4,2388.43,10.0,40,112020.0,42.385,6,5,2,Sort,2,0,0,0,1,0,0,1,1,3859,0,0,0
recent_flights_sorted,"SELECT flight_no, departure_airport, arrival_airport, scheduled_departure FROM aviation.flights WHERE departure_airport = 'BQT' ORDER BY scheduled_departure DESC LIMIT 25",170,0,1,0,False,True,False,1,1,4,0,0,0,0,0,0,257.22,257.28,25.0,23,2025.0,2.368,3,3,1,Limit,1,0,0,0,0,0,0,1,0,318,0,0,0
passenger_flight_history,"SELECT t.passenger_id, t.passenger_name, f.flight_no, f.scheduled_departure, tf.fare_conditions FROM aviation.tickets AS t JOIN aviation.ticket_flights AS tf ON tf.ticket_no = t.ticket_no JOIN aviation.flights AS f ON f.flight_id = tf.flight_id WHERE t.passenger_id = '1468-051463' AND f.status = 'Arrived' ORDER BY f.scheduled_departure DESC",342,2,2,0,False,True,False,3,3,5,0,2,0,0,0,0,2280.77,2280.77,1.0,50,6.0,16.826,6,4,3,Sort,1,2,0,0,0,0,2,1,0,4116,0,0,0
aircraft_fare_capacity,"SELECT fare_conditions, COUNT(*) AS seat_count FROM aviation.seats WHERE aircraft_code = 'SU9' GROUP BY fare_conditions ORDER BY seat_count DESC",144,0,1,0,True,True,False,1,1,2,1,0,0,0,0,0,17.2,17.21,3.0,16,186.0,0.285,3,3,1,Sort,1,0,0,0,0,0,0,1,1,18,0,0,0
aircraft_flight_counts,"SELECT a.aircraft_code, a.model, COUNT(f.flight_id) AS flight_count FROM aviation.aircrafts AS a LEFT JOIN aviation.flights AS f ON f.aircraft_code = a.aircraft_code WHERE a.range_km >= 4000 GROUP BY a.aircraft_code, a.model",224,1,1,0,True,False,False,2,2,3,1,0,1,0,0,0,303.62,303.68,5.0,27,20015.0,10.077,5,4,2,Aggregate,2,0,0,0,1,0,0,0,1,316,0,0,0
booking_amount_range,"SELECT book_ref, book_date, total_amount FROM aviation.bookings WHERE total_amount BETWEEN 90000 AND 190000",107,0,1,0,False,False,False,1,1,3,0,0,0,0,0,0,0.0,1069.0,10041.0,21,10041.0,14.541,1,1,1,Seq Scan,1,0,0,0,0,0,0,0,0,319,0,0,0
route_by_date,"SELECT flight_id, flight_no, scheduled_departure, status FROM aviation.flights WHERE departure_airport = 'SVO' AND arrival_airport = 'TBS' AND scheduled_departure >= DATE '2025-05-27' AND scheduled_departure < DATE '2025-05-27' + INTERVAL '1 day'",246,0,4,0,False,False,False,1,1,4,0,0,0,0,0,0,0.0,304.0,1.0,27,1.0,2.91,1,1,1,Seq Scan,1,0,0,0,0,0,0,0,0,104,0,0,0
flights_without_tickets,"SELECT f.flight_id, f.flight_no FROM aviation.flights AS f WHERE f.scheduled_departure >= DATE '2025-02-12' AND NOT EXISTS (SELECT 1 FROM aviation.ticket_flights AS tf WHERE tf.flight_id = f.flight_id)",201,0,3,1,False,False,False,2,2,3,0,0,0,0,0,0,3084.0,3357.11,1.0,11,208823.0,55.013,4,3,2,Hash Join,2,0,0,0,1,0,0,0,0,2710,0,0,0
bookings_with_expensive_ticket,"SELECT b.book_ref, b.total_amount FROM aviation.bookings AS b WHERE EXISTS (SELECT 1 FROM aviation.tickets AS t JOIN aviation.ticket_flights AS tf ON tf.ticket_no = t.ticket_no WHERE t.book_ref = b.book_ref AND tf.amount >= 92250)",230,1,3,1,False,False,False,3,3,3,0,1,0,0,0,0,5381.34,6617.77,25724.0,13,278620.0,142.183,7,5,3,Hash Join,3,0,0,0,2,0,0,0,0,8896,0,0,0
route_revenue,"SELECT f.departure_airport, f.arrival_airport, SUM(tf.amount) AS revenue FROM aviation.flights AS f JOIN aviation.ticket_flights AS tf ON tf.flight_id = f.flight_id WHERE f.departure_airport = 'GME' GROUP BY f.departure_airport, f.arrival_airport ORDER BY revenue DESC",268,1,1,0,True,True,False,2,2,3,1,1,0,0,0,0,2388.4,2388.43,10.0,40,112020.0,38.867,6,5,2,Sort,2,0,0,0,1,0,0,1,1,3859,0,0,0
aircraft_fare_capacity,"SELECT fare_conditions, COUNT(*) AS seat_count FROM aviation.seats WHERE aircraft_code = 'SU9' GROUP BY fare_conditions ORDER BY seat_count DESC",144,0,1,0,True,True,False,1,1,2,1,0,0,0,0,0,17.2,17.21,3.0,16,186.0,0.301,3,3,1,Sort,1,0,0,0,0,0,0,1,1,18,0,0,0
high_value_passengers,"SELECT t.passenger_id, t.passenger_name, b.total_amount FROM aviation.tickets AS t JOIN aviation.bookings AS b ON b.book_ref = t.book_ref WHERE b.total_amount >= 210000 ORDER BY b.total_amount DESC LIMIT 100",207,1,1,0,False,True,False,2,2,3,0,1,0,0,0,0,5838.34,5838.59,100.0,33,276164.0,106.045,6,5,2,Limit,2,0,0,0,1,0,0,1,0,5689,0,0,0
aircraft_flight_counts,"SELECT a.aircraft_code, a.model, COUNT(f.flight_id) AS flight_count FROM aviation.aircrafts AS a LEFT JOIN aviation.flights AS f ON f.aircraft_code = a.aircraft_code WHERE a.range_km >= 5750 GROUP BY a.aircraft_code, a.model",224,1,1,0,True,False,False,2,2,3,1,0,1,0,0,0,283.6,283.63,3.0,27,16009.0,6.408,5,4,2,Aggregate,2,0,0,0,1,0,0,0,1,316,0,0,0
passenger_flight_history,"SELECT t.passenger_id, t.passenger_name, f.flight_no, f.scheduled_departure, tf.fare_conditions FROM aviation.tickets AS t JOIN aviation.ticket_flights AS tf ON tf.ticket_no = t.ticket_no JOIN aviation.flights AS f ON f.flight_id = tf.flight_id WHERE t.passenger_id = '8857-018856' AND f.status = 'On Time' ORDER BY f.scheduled_departure DESC",342,2,2,0,False,True,False,3,3,5,0,2,0,0,0,0,2280.77,2280.77,1.0,50,6.0,17.796,6,4,3,Sort,1,2,0,0,0,0,2,1,0,4116,0,0,0
flight_revenue,"SELECT f.flight_id, f.flight_no, COUNT(*) AS ticket_count, SUM(tf.amount) AS revenue FROM aviation.flights AS f JOIN aviation.ticket_flights AS tf ON tf.flight_id = f.flight_id WHERE f.flight_id = 5428 GROUP BY f.flight_id, f.flight_no",235,1,1,0,True,False,False,2,2,4,2,1,0,0,0,0,0.29,2092.47,1.0,51,22.0,13.557,4,3,2,Aggregate,1,1,0,0,0,0,1,0,1,2511,0,0,0
daily_flight_count,"SELECT scheduled_departure::date AS flight_date, COUNT(*) AS flight_count FROM aviation.flights WHERE departure_airport = 'MSQ' GROUP BY scheduled_departure::date ORDER BY flight_date",183,0,1,0,True,True,False,1,1,2,1,0,0,0,0,0,281.33,301.24,993.0,12,2993.0,3.349,3,3,1,Aggregate,1,0,0,0,0,0,0,1,1,318,0,0,0
recent_flights_sorted,"SELECT flight_no, departure_airport, arrival_airport, scheduled_departure FROM aviation.flights WHERE departure_airport = 'GME' ORDER BY scheduled_departure DESC LIMIT 100",171,0,1,0,False,True,False,1,1,4,0,0,0,0,0,0,267.22,267.47,100.0,23,2100.0,2.752,3,3,1,Limit,1,0,0,0,0,0,0,1,0,318,0,0,0
flight_occupancy,"SELECT f.flight_id, COUNT(DISTINCT tf.ticket_no) AS tickets, COUNT(DISTINCT bp.ticket_no) AS boarded FROM aviation.flights AS f LEFT JOIN aviation.ticket_flights AS tf ON tf.flight_id = f.flight_id LEFT JOIN aviation.boarding_passes AS bp ON bp.flight_id = tf.flight_id AND bp.ticket_no = tf.ticket_no WHERE f.flight_id = 2968 GROUP BY f.flight_id",347,2,1,0,True,False,False,3,3,3,2,0,2,0,0,0,2112.95,2113.12,1.0,20,62.0,13.127,8,5,3,Aggregate,1,1,1,0,0,1,1,2,1,4197,0,0,0
ticket_fare_lookup,"SELECT t.ticket_no, tf.flight_id, tf.amount FROM aviation.tickets AS t JOIN aviation.ticket_flights AS tf ON tf.ticket_no = t.ticket_no WHERE t.passenger_id = '2528-092519' AND tf.fare_conditions = 'Economy'",207,1,2,0,False,False,False,2,2,3,0,1,0,0,0,0,0.42,2280.45,1.0,24,3.0,17.407,3,2,2,Nested Loop,1,1,0,0,0,0,1,0,0,2052,0,0,0
top_routes,"SELECT departure_airport, arrival_airport, COUNT(*) AS flight_count FROM aviation.flights WHERE scheduled_departure >= DATE '2025-04-08' AND scheduled_departure < DATE '2025-07-07' GROUP BY departure_airport, arrival_airport ORDER BY flight_count DESC LIMIT 10",260,0,2,0,True,True,False,1,1,3,1,0,0,0,0,0,275.75,275.78,10.0,16,2689.0,3.62,4,4,1,Limit,1,0,0,0,0,0,0,1,1,422,0,0,0
airport_departure_counts,"SELECT departure_airport, COUNT(*) AS flight_count FROM aviation.flights WHERE scheduled_departure >= DATE '2025-04-01' AND scheduled_departure < DATE '2025-04-08' GROUP BY departure_airport ORDER BY flight_count DESC",217,0,2,0,True,True,False,1,1,2,1,0,0,0,0,0,255.25,255.27,10.0,12,216.0,2.982,3,3,1,Sort,1,0,0,0,0,0,0,1,1,315,0,0,0
aircraft_seat_capacity,"SELECT a.aircraft_code, a.model, COUNT(s.seat_no) AS seat_count FROM aviation.aircrafts AS a JOIN aviation.seats AS s ON s.aircraft_code = a.aircraft_code WHERE s.fare_conditions = 'Comfort' GROUP BY a.aircraft_code, a.model ORDER BY seat_count DESC",249,1,1,0,True,True,False,2,2,3,1,1,0,0,0,0,18.65,18.67,5.0,27,260.0,0.937,6,5,2,Sort,2,0,0,0,1,0,0,1,1,28,0,0,0
boarding_pass_lookup,"SELECT bp.boarding_no, bp.seat_no, t.passenger_name FROM aviation.boarding_passes AS bp JOIN aviation.tickets AS t ON t.ticket_no = bp.ticket_no WHERE bp.flight_id = 8042 AND bp.boarding_no BETWEEN 5 AND 9",205,1,2,0,False,False,False,2,2,3,0,1,0,0,0,0,0.71,57.58,5.0,22,11.0,0.152,3,2,2,Nested Loop,0,2,0,0,0,0,1,0,0,46,0,0,0
airport_connections,"SELECT dep.city AS departure_city, arr.city AS arrival_city, COUNT(*) AS flights FROM aviation.flights AS f JOIN aviation.airports AS dep ON dep.airport_code = f.departure_airport JOIN aviation.airports AS arr ON arr.airport_code = f.arrival_airport WHERE f.departure_airport = 'GNA' AND f.status = 'Arrived' GROUP BY dep.city, arr.city",336,2,2,0,True,False,False,3,2,3,1,2,0,0,0,0,261.66,261.76,10.0,24,781.0,1.889,7,4,2,Aggregate,3,0,0,0,1,0,1,0,1,420,0,0,0
ticket_name_prefix,"SELECT ticket_no, passenger_id, passenger_name FROM aviation.tickets WHERE passenger_name LIKE 'Passenger 77483%' ORDER BY ticket_no LIMIT 50",141,0,1,0,False,True,False,1,1,3,0,0,0,0,0,0,2272.17,2272.19,10.0,41,30.0,19.771,3,3,1,Limit,1,0,0,0,0,0,0,1,0,3072,0,0,0
booking_ticket_count,"SELECT b.book_ref, COUNT(t.ticket_no) AS ticket_count FROM aviation.bookings AS b JOIN aviation.tickets AS t ON t.book_ref = b.book_ref WHERE b.book_date >= DATE '2025-06-15' AND b.book_date < DATE '2025-07-15' GROUP BY b.book_ref HAVING COUNT(t.ticket_no) >= 2",261,1,2,0,True,False,False,2,2,2,2,1,0,0,0,0,3444.62,3495.24,1350.0,15,117546.0,57.221,5,4,2,Aggregate,2,0,0,0,1,0,0,0,1,4342,0,0,0
route_by_date,"SELECT flight_id, flight_no, scheduled_departure, status FROM aviation.flights WHERE departure_airport = 'GNA' AND arrival_airport = 'WAW' AND scheduled_departure >= DATE '2025-12-29' AND scheduled_departure < DATE '2025-12-29' + INTERVAL '1 day'",246,0,4,0,False,False,False,1,1,4,0,0,0,0,0,0,0.0,304.0,1.0,27,1.0,2.077,1,1,1,Seq Scan,1,0,0,0,0,0,0,0,0,104,0,0,0
passengers_for_booking,"SELECT b.book_ref, b.book_date, t.ticket_no, t.passenger_name FROM aviation.bookings AS b JOIN aviation.tickets AS t ON t.book_ref = b.book_ref WHERE b.book_ref = '040550'",171,1,1,0,False,False,False,2,2,4,0,1,0,0,0,0,0.29,2280.33,2.0,44,5.0,16.533,3,2,2,Nested Loop,1,1,0,0,0,0,1,0,0,2050,0,0,0
booking_amount_range,"SELECT book_ref, book_date, total_amount FROM aviation.bookings WHERE total_amount BETWEEN 60000 AND 105000",107,0,1,0,False,False,False,1,1,3,0,0,0,0,0,0,0.0,1069.0,4558.0,21,4558.0,14.104,1,1,1,Seq Scan,1,0,0,0,0,0,0,0,0,319,0,0,0
fare_statistics,"SELECT fare_conditions, COUNT(*) AS ticket_count, AVG(amount) AS average_amount FROM aviation.ticket_flights WHERE fare_conditions = 'Economy' AND amount >= 48000 GROUP BY fare_conditions HAVING COUNT(*) > 10",208,0,2,0,True,False,False,1,1,3,3,0,0,0,0,0,0.0,2588.61,1.0,48,50920.0,38.208,2,2,1,Aggregate,1,0,0,0,0,0,0,0,1,1668,0,0,0
unboarded_tickets,"SELECT tf.ticket_no, tf.fare_conditions FROM aviation.ticket_flights AS tf LEFT JOIN aviation.boarding_passes AS bp ON bp.ticket_no = tf.ticket_no AND bp.flight_id = tf.flight_id WHERE tf.flight_id = 7738 AND bp.ticket_no IS NULL",229,1,2,0,False,False,False,2,2,2,0,0,1,0,0,0,0.29,2109.74,10.0,22,40.0,14.047,4,3,2,Nested Loop,1,1,0,0,0,0,1,0,0,1677,0,0,0
route_revenue,"SELECT f.departure_airport, f.arrival_airport, SUM(tf.amount) AS revenue FROM aviation.flights AS f JOIN aviation.ticket_flights AS tf ON tf.flight_id = f.flight_id WHERE f.departure_airport = 'MSQ' GROUP BY f.departure_airport, f.arrival_airport ORDER BY revenue DESC",268,1,1,0,True,True,False,2,2,3,1,1,0,0,0,0,2388.4,2388.43,10.0,40,112020.0,46.486,6,5,2,Sort,2,0,0,0,1,0,0,1,1,3859,0,0,0
booking_ticket_count,"SELECT b.book_ref, COUNT(t.ticket_no) AS ticket_count FROM aviation.bookings AS b JOIN aviation.tickets AS t ON t.book_ref = b.book_ref WHERE b.book_date >= DATE '2025-04-22' AND b.book_date < DATE '2025-05-06' GROUP BY b.book_ref HAVING COUNT(t.ticket_no) >= 2",261,1,2,0,True,False,False,2,2,2,2,1,0,0,0,0,3394.85,3417.82,612.0,15,107960.0,48.837,5,4,2,Aggregate,2,0,0,0,1,0,0,0,1,4342,0,0,0
bookings_with_expensive_ticket,"SELECT b.book_ref, b.total_amount FROM aviation.bookings AS b WHERE EXISTS (SELECT 1 FROM aviation.tickets AS t JOIN aviation.ticket_flights AS tf ON tf.ticket_no = t.ticket_no WHERE t.book_ref = b.book_ref AND tf.amount >= 99500)",230,1,3,1,False,False,False,3,3,3,0,1,0,0,0,0,5170.32,6339.68,19695.0,13,248475.0,114.286,7,5,3,Hash Join,3,0,0,0,2,0,0,0,0,8896,0,0,0
flight_revenue,"SELECT f.flight_id, f.flight_no, COUNT(*) AS ticket_count, SUM(tf.amount) AS revenue FROM aviation.flights AS f JOIN aviation.ticket_flights AS tf ON tf.flight_id = f.flight_id WHERE f.flight_id = 5932 GROUP BY f.flight_id, f.flight_no",235,1,1,0,True,False,False,2,2,4,2,1,0,0,0,0,0.29,2092.47,1.0,51,22.0,13.648,4,3,2,Aggregate,1,1,0,0,0,0,1,0,1,2511,0,0,0
daily_flight_count,"SELECT scheduled_departure::date AS flight_date, COUNT(*) AS flight_count FROM aviation.flights WHERE departure_airport = 'VTB' GROUP BY scheduled_departure::date ORDER BY flight_date",183,0,1,0,True,True,False,1,1,2,1,0,0,0,0,0,281.33,301.24,993.0,12,2993.0,2.51,3,3,1,Aggregate,1,0,0,0,0,0,0,1,1,318,0,0,0
aircraft_flight_counts,"SELECT a.aircraft_code, a.model, COUNT(f.flight_id) AS flight_count FROM aviation.aircrafts AS a LEFT JOIN aviation.flights AS f ON f.aircraft_code = a.aircraft_code WHERE a.range_km >= 6000 GROUP BY a.aircraft_code, a.model",224,1,1,0,True,False,False,2,2,3,1,0,1,0,0,0,273.59,273.61,2.0,27,14006.0,5.975,5,4,2,Aggregate,2,0,0,0,1,0,0,0,1,316,0,0,0
boarding_pass_lookup,"SELECT bp.boarding_no, bp.seat_no, t.passenger_name FROM aviation.boarding_passes AS bp JOIN aviation.tickets AS t ON t.ticket_no = bp.ticket_no WHERE bp.flight_id = 1068 AND bp.boarding_no BETWEEN 2 AND 4",205,1,2,0,False,False,False,2,2,3,0,1,0,0,0,0,0.71,37.17,3.0,22,7.0,0.116,3,2,2,Nested Loop,0,2,0,0,0,0,1,0,0,30,0,0,0
route_by_date,"SELECT flight_id, flight_no, scheduled_departure, status FROM aviation.flights WHERE departure_airport = 'BQT' AND arrival_airport = 'GNA' AND scheduled_departure >= DATE '2025-06-04' AND scheduled_departure < DATE '2025-06-04' + INTERVAL '1 day'",246,0,4,0,False,False,False,1,1,4,0,0,0,0,0,0,0.0,304.0,1.0,27,1.0,2.431,1,1,1,Seq Scan,1,0,0,0,0,0,0,0,0,104,0,0,0
aircraft_seat_capacity,"SELECT a.aircraft_code, a.model, COUNT(s.seat_no) AS seat_count FROM aviation.aircrafts AS a JOIN aviation.seats AS s ON s.aircraft_code = a.aircraft_code WHERE s.fare_conditions = 'Comfort' GROUP BY a.aircraft_code, a.model ORDER BY seat_count DESC",249,1,1,0,True,True,False,2,2,3,1,1,0,0,0,0,18.65,18.67,5.0,27,260.0,0.623,6,5,2,Sort,2,0,0,0,1,0,0,1,1,28,0,0,0
airport_connections,"SELECT dep.city AS departure_city, arr.city AS arrival_city, COUNT(*) AS flights FROM aviation.flights AS f JOIN aviation.airports AS dep ON dep.airport_code = f.departure_airport JOIN aviation.airports AS arr ON arr.airport_code = f.arrival_airport WHERE f.departure_airport = 'BQT' AND f.status = 'Scheduled' GROUP BY dep.city, arr.city",338,2,2,0,True,False,False,3,2,3,1,2,0,0,0,0,261.66,261.76,10.0,24,781.0,1.911,7,4,2,Aggregate,3,0,0,0,1,0,1,0,1,420,0,0,0
unboarded_tickets,"SELECT tf.ticket_no, tf.fare_conditions FROM aviation.ticket_flights AS tf LEFT JOIN aviation.boarding_passes AS bp ON bp.ticket_no = tf.ticket_no AND bp.flight_id = tf.flight_id WHERE tf.flight_id = 1476 AND bp.ticket_no IS NULL",229,1,2,0,False,False,False,2,2,2,0,0,1,0,0,0,0.29,2109.74,10.0,22,40.0,14.047,4,3,2,Nested Loop,1,1,0,0,0,0,1,0,0,1674,0,0,0
recent_flights_sorted,"SELECT flight_no, departure_airport, arrival_airport, scheduled_departure FROM aviation.flights WHERE departure_airport = 'LED' ORDER BY scheduled_departure DESC LIMIT 10",170,0,1,0,False,True,False,1,1,4,0,0,0,0,0,0,250.61,250.63,10.0,23,2010.0,2.505,3,3,1,Limit,1,0,0,0,0,0,0,1,0,318,0,0,0
flights_without_tickets,"SELECT f.flight_id, f.flight_no FROM aviation.flights AS f WHERE f.scheduled_departure >= DATE '2025-03-05' AND NOT EXISTS (SELECT 1 FROM aviation.ticket_flights AS tf WHERE tf.flight_id = f.flight_id)",201,0,3,1,False,False,False,2,2,3,0,0,0,0,0,0,3084.0,3354.16,1.0,11,208234.0,51.497,4,3,2,Hash Join,2,0,0,0,1,0,0,0,0,2710,0,0,0
top_routes,"SELECT departure_airport, arrival_airport, COUNT(*) AS flight_count FROM aviation.flights WHERE scheduled_departure >= DATE '2025-03-03' AND scheduled_departure < DATE '2025-04-02' GROUP BY departure_airport, arrival_airport ORDER BY flight_count DESC LIMIT 3",259,0,2,0,True,True,False,1,1,3,1,0,0,0,0,0,262.6,262.61,3.0,16,1044.0,3.17,4,4,1,Limit,1,0,0,0,0,0,0,1,1,422,0,0,0
fare_statistics,"SELECT fare_conditions, COUNT(*) AS ticket_count, AVG(amount) AS average_amount FROM aviation.ticket_flights WHERE fare_conditions = 'Business' AND amount >= 10000 GROUP BY fare_conditions HAVING COUNT(*) > 10",209,0,2,0,True,False,False,1,1,3,3,0,0,0,0,0,0.0,2357.3,1.0,48,4657.0,25.777,2,2,1,Aggregate,1,0,0,0,0,0,0,0,1,1668,0,0,0
aircraft_fare_capacity,"SELECT fare_conditions, COUNT(*) AS seat_count FROM aviation.seats WHERE aircraft_code = 'SU9' GROUP BY fare_conditions ORDER BY seat_count DESC",144,0,1,0,True,True,False,1,1,2,1,0,0,0,0,0,17.2,17.21,3.0,16,186.0,0.335,3,3,1,Sort,1,0,0,0,0,0,0,1,1,18,0,0,0
booking_amount_range,"SELECT book_ref, book_date, total_amount FROM aviation.bookings WHERE total_amount BETWEEN 230000 AND 265000",108,0,1,0,False,False,False,1,1,3,0,0,0,0,0,0,0.0,1069.0,3497.0,21,3497.0,13.297,1,1,1,Seq Scan,1,0,0,0,0,0,0,0,0,319,0,0,0
passenger_flight_history,"SELECT t.passenger_id, t.passenger_name, f.flight_no, f.scheduled_departure, tf.fare_conditions FROM aviation.tickets AS t JOIN aviation.ticket_flights AS tf ON tf.ticket_no = t.ticket_no JOIN aviation.flights AS f ON f.flight_id = tf.flight_id WHERE t.passenger_id = '3027-033024' AND f.status = 'Scheduled' ORDER BY f.scheduled_departure DESC",344,2,2,0,False,True,False,3,3,5,0,2,0,0,0,0,2280.77,2280.77,1.0,50,6.0,18.106,6,4,3,Sort,1,2,0,0,0,0,2,1,0,4116,0,0,0
airport_departure_counts,"SELECT departure_airport, COUNT(*) AS flight_count FROM aviation.flights WHERE scheduled_departure >= DATE '2025-03-12' AND scheduled_departure < DATE '2025-03-19' GROUP BY departure_airport ORDER BY flight_count DESC",217,0,2,0,True,True,False,1,1,2,1,0,0,0,0,0,255.24,255.27,10.0,12,215.0,2.909,3,3,1,Sort,1,0,0,0,0,0,0,1,1,315,0,0,0
ticket_fare_lookup,"SELECT t.ticket_no, tf.flight_id, tf.amount FROM aviation.tickets AS t JOIN aviation.ticket_flights AS tf ON tf.ticket_no = t.ticket_no WHERE t.passenger_id = '9770-039767' AND tf.fare_conditions = 'Economy'",207,1,2,0,False,False,False,2,2,3,0,1,0,0,0,0,0.42,2280.45,1.0,24,3.0,16.735,3,2,2,Nested Loop,1,1,0,0,0,0,1,0,0,2052,0,0,0
ticket_name_prefix,"SELECT ticket_no, passenger_id, passenger_name FROM aviation.tickets WHERE passenger_name LIKE 'Passenger 3190%' ORDER BY ticket_no LIMIT 50",140,0,1,0,False,True,False,1,1,3,0,0,0,0,0,0,2272.17,2272.19,10.0,41,30.0,18.767,3,3,1,Limit,1,0,0,0,0,0,0,1,0,3072,0,0,0
passengers_for_booking,"SELECT b.book_ref, b.book_date, t.ticket_no, t.passenger_name FROM aviation.bookings AS b JOIN aviation.tickets AS t ON t.book_ref = b.book_ref WHERE b.book_ref = '037744'",171,1,1,0,False,False,False,2,2,4,0,1,0,0,0,0,0.29,2280.33,2.0,44,5.0,17.386,3,2,2,Nested Loop,1,1,0,0,0,0,1,0,0,2050,0,0,0
high_value_passengers,"SELECT t.passenger_id, t.passenger_name, b.total_amount FROM aviation.tickets AS t JOIN aviation.bookings AS b ON b.book_ref = t.book_ref WHERE b.total_amount >= 232500 ORDER BY b.total_amount DESC LIMIT 100",207,1,1,0,False,True,False,2,2,3,0,1,0,0,0,0,5638.4,5638.65,100.0,33,262676.0,110.988,6,5,2,Limit,2,0,0,0,1,0,0,1,0,5689,0,0,0
flight_occupancy,"SELECT f.flight_id, COUNT(DISTINCT tf.ticket_no) AS tickets, COUNT(DISTINCT bp.ticket_no) AS boarded FROM aviation.flights AS f LEFT JOIN aviation.ticket_flights AS tf ON tf.flight_id = f.flight_id LEFT JOIN aviation.boarding_passes AS bp ON bp.flight_id = tf.flight_id AND bp.ticket_no = tf.ticket_no WHERE f.flight_id = 9837 GROUP BY f.flight_id",347,2,1,0,True,False,False,3,3,3,2,0,2,0,0,0,2112.95,2113.12,1.0,20,62.0,18.649,8,5,3,Aggregate,1,1,1,0,0,1,1,2,1,4197,0,0,0
booking_amount_range,"SELECT book_ref, book_date, total_amount FROM aviation.bookings WHERE total_amount BETWEEN 320000 AND 375000",108,0,1,0,False,False,False,1,1,3,0,0,0,0,0,0,0.0,1069.0,5723.0,21,5723.0,17.531,1,1,1,Seq Scan,1,0,0,0,0,0,0,0,0,319,0,0,0
route_by_date,"SELECT flight_id, flight_no, scheduled_departure, status FROM aviation.flights WHERE departure_airport = 'IST' AND arrival_airport = 'GME' AND scheduled_departure >= DATE '2025-07-12' AND scheduled_departure < DATE '2025-07-12' + INTERVAL '1 day'",246,0,4,0,False,False,False,1,1,4,0,0,0,0,0,0,0.0,304.0,1.0,27,1.0,3.73,1,1,1,Seq Scan,1,0,0,0,0,0,0,0,0,104,0,0,0
aircraft_fare_capacity,"SELECT fare_conditions, COUNT(*) AS seat_count FROM aviation.seats WHERE aircraft_code = 'E95' GROUP BY fare_conditions ORDER BY seat_count DESC",144,0,1,0,True,True,False,1,1,2,1,0,0,0,0,0,17.2,17.21,3.0,16,186.0,0.285,3,3,1,Sort,1,0,0,0,0,0,0,1,1,18,0,0,0
airport_connections,"SELECT dep.city AS departure_city, arr.city AS arrival_city, COUNT(*) AS flights FROM aviation.flights AS f JOIN aviation.airports AS dep ON dep.airport_code = f.departure_airport JOIN aviation.airports AS arr ON arr.airport_code = f.arrival_airport WHERE f.departure_airport = 'VTB' AND f.status = 'Arrived' GROUP BY dep.city, arr.city",336,2,2,0,True,False,False,3,2,3,1,2,0,0,0,0,261.66,261.76,10.0,24,781.0,2.709,7,4,2,Aggregate,3,0,0,0,1,0,1,0,1,424,0,0,0
ticket_fare_lookup,"SELECT t.ticket_no, tf.flight_id, tf.amount FROM aviation.tickets AS t JOIN aviation.ticket_flights AS tf ON tf.ticket_no = t.ticket_no WHERE t.passenger_id = '2204-072197' AND tf.fare_conditions = 'Comfort'",207,1,2,0,False,False,False,2,2,3,0,1,0,0,0,0,0.42,2280.45,1.0,24,3.0,16.295,3,2,2,Nested Loop,1,1,0,0,0,0,1,0,0,2052,0,0,0
bookings_with_expensive_ticket,"SELECT b.book_ref, b.total_amount FROM aviation.bookings AS b WHERE EXISTS (SELECT 1 FROM aviation.tickets AS t JOIN aviation.ticket_flights AS tf ON tf.ticket_no = t.ticket_no WHERE t.book_ref = b.book_ref AND tf.amount >= 50500)",230,1,3,1,False,False,False,3,3,3,0,1,0,0,0,0,6272.28,7777.77,49909.0,13,481649.0,176.783,7,5,3,Hash Join,3,0,0,0,2,0,0,0,0,9084,0,0,0
aircraft_seat_capacity,"SELECT a.aircraft_code, a.model, COUNT(s.seat_no) AS seat_count FROM aviation.aircrafts AS a JOIN aviation.seats AS s ON s.aircraft_code = a.aircraft_code WHERE s.fare_conditions = 'Economy' GROUP BY a.aircraft_code, a.model ORDER BY seat_count DESC",249,1,1,0,True,True,False,2,2,3,1,1,0,0,0,0,24.56,24.58,5.0,27,1460.0,0.84,6,5,2,Sort,2,0,0,0,1,0,0,1,1,28,0,0,0
boarding_pass_lookup,"SELECT bp.boarding_no, bp.seat_no, t.passenger_name FROM aviation.boarding_passes AS bp JOIN aviation.tickets AS t ON t.ticket_no = bp.ticket_no WHERE bp.flight_id = 4758 AND bp.boarding_no BETWEEN 5 AND 7",205,1,2,0,False,False,False,2,2,3,0,1,0,0,0,0,0.71,37.17,3.0,22,7.0,0.122,3,2,2,Nested Loop,0,2,0,0,0,0,1,0,0,30,0,0,0
flights_without_tickets,"SELECT f.flight_id, f.flight_no FROM aviation.flights AS f WHERE f.scheduled_departure >= DATE '2025-06-25' AND NOT EXISTS (SELECT 1 FROM aviation.ticket_flights AS tf WHERE tf.flight_id = f.flight_id)",201,0,3,1,False,False,False,2,2,3,0,0,0,0,0,0,3084.0,3338.64,1.0,11,205128.0,57.377,4,3,2,Hash Join,2,0,0,0,1,0,0,0,0,2710,0,0,0
airport_departure_counts,"SELECT departure_airport, COUNT(*) AS flight_count FROM aviation.flights WHERE scheduled_departure >= DATE '2025-07-31' AND scheduled_departure < DATE '2025-08-30' GROUP BY departure_airport ORDER BY flight_count DESC",217,0,2,0,True,True,False,1,1,2,1,0,0,0,0,0,258.32,258.35,10.0,12,831.0,2.646,3,3,1,Sort,1,0,0,0,0,0,0,1,1,315,0,0,0
flight_occupancy,"SELECT f.flight_id, COUNT(DISTINCT tf.ticket_no) AS tickets, COUNT(DISTINCT bp.ticket_no) AS boarded FROM aviation.flights AS f LEFT JOIN aviation.ticket_flights AS tf ON tf.flight_id = f.flight_id LEFT JOIN aviation.boarding_passes AS bp ON bp.flight_id = tf.flight_id AND bp.ticket_no = tf.ticket_no WHERE f.flight_id = 7192 GROUP BY f.flight_id",347,2,1,0,True,False,False,3,3,3,2,0,2,0,0,0,2112.95,2113.12,1.0,20,62.0,14.85,8,5,3,Aggregate,1,1,1,0,0,1,1,2,1,4197,0,0,0
passengers_for_booking,"SELECT b.book_ref, b.book_date, t.ticket_no, t.passenger_name FROM aviation.bookings AS b JOIN aviation.tickets AS t ON t.book_ref = b.book_ref WHERE b.book_ref = '032915'",171,1,1,0,False,False,False,2,2,4,0,1,0,0,0,0,0.29,2280.33,2.0,44,5.0,17.056,3,2,2,Nested Loop,1,1,0,0,0,0,1,0,0,2050,0,0,0
passenger_flight_history,"SELECT t.passenger_id, t.passenger_name, f.flight_no, f.scheduled_departure, tf.fare_conditions FROM aviation.tickets AS t JOIN aviation.ticket_flights AS tf ON tf.ticket_no = t.ticket_no JOIN aviation.flights AS f ON f.flight_id = tf.flight_id WHERE t.passenger_id = '6231-046227' AND f.status = 'Scheduled' ORDER BY f.scheduled_departure DESC",344,2,2,0,False,True,False,3,3,5,0,2,0,0,0,0,2280.77,2280.77,1.0,50,6.0,17.42,6,4,3,Sort,1,2,0,0,0,0,2,1,0,4116,0,0,0
aircraft_flight_counts,"SELECT a.aircraft_code, a.model, COUNT(f.flight_id) AS flight_count FROM aviation.aircrafts AS a LEFT JOIN aviation.flights AS f ON f.aircraft_code = a.aircraft_code WHERE a.range_km >= 4250 GROUP BY a.aircraft_code, a.model",224,1,1,0,True,False,False,2,2,3,1,0,1,0,0,0,303.62,303.68,5.0,27,20015.0,10.791,5,4,2,Aggregate,2,0,0,0,1,0,0,0,1,316,0,0,0
flight_revenue,"SELECT f.flight_id, f.flight_no, COUNT(*) AS ticket_count, SUM(tf.amount) AS revenue FROM aviation.flights AS f JOIN aviation.ticket_flights AS tf ON tf.flight_id = f.flight_id WHERE f.flight_id = 3587 GROUP BY f.flight_id, f.flight_no",235,1,1,0,True,False,False,2,2,4,2,1,0,0,0,0,0.29,2092.47,1.0,51,22.0,14.268,4,3,2,Aggregate,1,1,0,0,0,0,1,0,1,2511,0,0,0
unboarded_tickets,"SELECT tf.ticket_no, tf.fare_conditions FROM aviation.ticket_flights AS tf LEFT JOIN aviation.boarding_passes AS bp ON bp.ticket_no = tf.ticket_no AND bp.flight_id = tf.flight_id WHERE tf.flight_id = 3737 AND bp.ticket_no IS NULL",229,1,2,0,False,False,False,2,2,2,0,0,1,0,0,0,0.29,2109.74,10.0,22,40.0,13.089,4,3,2,Nested Loop,1,1,0,0,0,0,1,0,0,1677,0,0,0
ticket_name_prefix,"SELECT ticket_no, passenger_id, passenger_name FROM aviation.tickets WHERE passenger_name LIKE 'Passenger 74094%' ORDER BY ticket_no LIMIT 50",141,0,1,0,False,True,False,1,1,3,0,0,0,0,0,0,2272.17,2272.19,10.0,41,30.0,19.787,3,3,1,Limit,1,0,0,0,0,0,0,1,0,3072,0,0,0
fare_statistics,"SELECT fare_conditions, COUNT(*) AS ticket_count, AVG(amount) AS average_amount FROM aviation.ticket_flights WHERE fare_conditions = 'Economy' AND amount >= 21500 GROUP BY fare_conditions HAVING COUNT(*) > 10",208,0,2,0,True,False,False,1,1,3,3,0,0,0,0,0,0.0,2677.12,1.0,48,68622.0,56.149,2,2,1,Aggregate,1,0,0,0,0,0,0,0,1,1668,0,0,0
recent_flights_sorted,"SELECT flight_no, departure_airport, arrival_airport, scheduled_departure FROM aviation.flights WHERE departure_airport = 'WAW' ORDER BY scheduled_departure DESC LIMIT 50",170,0,1,0,False,True,False,1,1,4,0,0,0,0,0,0,262.22,262.34,50.0,23,2050.0,3.309,3,3,1,Limit,1,0,0,0,0,0,0,1,0,318,0,0,0
high_value_passengers,"SELECT t.passenger_id, t.passenger_name, b.total_amount FROM aviation.tickets AS t JOIN aviation.bookings AS b ON b.book_ref = t.book_ref WHERE b.total_amount >= 255000 ORDER BY b.total_amount DESC LIMIT 100",207,1,1,0,False,True,False,2,2,3,0,1,0,0,0,0,5438.82,5439.07,100.0,33,249212.0,110.879,6,5,2,Limit,2,0,0,0,1,0,0,1,0,5689,0,0,0
booking_ticket_count,"SELECT b.book_ref, COUNT(t.ticket_no) AS ticket_count FROM aviation.bookings AS b JOIN aviation.tickets AS t ON t.book_ref = b.book_ref WHERE b.book_date >= DATE '2025-07-02' AND b.book_date < DATE '2025-07-09' GROUP BY b.book_ref HAVING COUNT(t.ticket_no) >= 2",261,1,2,0,True,False,False,2,2,2,2,1,0,0,0,0,3375.14,3387.16,320.0,15,104164.0,49.737,5,4,2,Aggregate,2,0,0,0,1,0,0,0,1,4342,0,0,0
daily_flight_count,"SELECT scheduled_departure::date AS flight_date, COUNT(*) AS flight_count FROM aviation.flights WHERE departure_airport = 'TBS' GROUP BY scheduled_departure::date ORDER BY flight_date",183,0,1,0,True,True,False,1,1,2,1,0,0,0,0,0,281.33,301.24,993.0,12,2993.0,4.84,3,3,1,Aggregate,1,0,0,0,0,0,0,1,1,318,0,0,0
route_revenue,"SELECT f.departure_airport, f.arrival_airport, SUM(tf.amount) AS revenue FROM aviation.flights AS f JOIN aviation.ticket_flights AS tf ON tf.flight_id = f.flight_id WHERE f.departure_airport = 'LED' GROUP BY f.departure_airport, f.arrival_airport ORDER BY revenue DESC",268,1,1,0,True,True,False,2,2,3,1,1,0,0,0,0,2388.4,2388.43,10.0,40,112020.0,39.324,6,5,2,Sort,2,0,0,0,1,0,0,1,1,3859,0,0,0
top_routes,"SELECT departure_airport, arrival_airport, COUNT(*) AS flight_count FROM aviation.flights WHERE scheduled_departure >= DATE '2025-05-20' AND scheduled_departure < DATE '2025-08-18' GROUP BY departure_airport, arrival_airport ORDER BY flight_count DESC LIMIT 5",259,0,2,0,True,True,False,1,1,3,1,0,0,0,0,0,274.94,274.95,5.0,16,2642.0,4.26,4,4,1,Limit,1,0,0,0,0,0,0,1,1,422,0,0,0
top_routes,"SELECT departure_airport, arrival_airport, COUNT(*) AS flight_count FROM aviation.flights WHERE scheduled_departure >= DATE '2025-07-05' AND scheduled_departure < DATE '2025-08-04' GROUP BY departure_airport, arrival_airport ORDER BY flight_count DESC LIMIT 10",260,0,2,0,True,True,False,1,1,3,1,0,0,0,0,0,263.24,263.27,10.0,16,1021.0,3.914,4,4,1,Limit,1,0,0,0,0,0,0,1,1,422,0,0,0
aircraft_flight_counts,"SELECT a.aircraft_code, a.model, COUNT(f.flight_id) AS flight_count FROM aviation.aircrafts AS a LEFT JOIN aviation.flights AS f ON f.aircraft_code = a.aircraft_code WHERE a.range_km >= 4000 GROUP BY a.aircraft_code, a.model",224,1,1,0,True,False,False,2,2,3,1,0,1,0,0,0,303.62,303.68,5.0,27,20015.0,9.631,5,4,2,Aggregate,2,0,0,0,1,0,0,0,1,316,0,0,0
recent_flights_sorted,"SELECT flight_no, departure_airport, arrival_airport, scheduled_departure FROM aviation.flights WHERE departure_airport = 'IST' ORDER BY scheduled_departure DESC LIMIT 25",170,0,1,0,False,True,False,1,1,4,0,0,0,0,0,0,257.22,257.28,25.0,23,2025.0,2.499,3,3,1,Limit,1,0,0,0,0,0,0,1,0,318,0,0,0
route_by_date,"SELECT flight_id, flight_no, scheduled_departure, status FROM aviation.flights WHERE departure_airport = 'MSQ' AND arrival_airport = 'VTB' AND scheduled_departure >= DATE '2025-12-04' AND scheduled_departure < DATE '2025-12-04' + INTERVAL '1 day'",246,0,4,0,False,False,False,1,1,4,0,0,0,0,0,0,0.0,304.0,1.0,27,1.0,2.143,1,1,1,Seq Scan,1,0,0,0,0,0,0,0,0,104,0,0,0
ticket_fare_lookup,"SELECT t.ticket_no, tf.flight_id, tf.amount FROM aviation.tickets AS t JOIN aviation.ticket_flights AS tf ON tf.ticket_no = t.ticket_no WHERE t.passenger_id = '2142-042138' AND tf.fare_conditions = 'Business'",208,1,2,0,False,False,False,2,2,3,0,1,0,0,0,0,0.42,2280.45,1.0,24,3.0,21.707,3,2,2,Nested Loop,1,1,0,0,0,0,1,0,0,2052,0,0,0
ticket_name_prefix,"SELECT ticket_no, passenger_id, passenger_name FROM aviation.tickets WHERE passenger_name LIKE 'Passenger 64578%' ORDER BY ticket_no LIMIT 50",141,0,1,0,False,True,False,1,1,3,0,0,0,0,0,0,2272.17,2272.19,10.0,41,30.0,19.724,3,3,1,Limit,1,0,0,0,0,0,0,1,0,3072,0,0,0
boarding_pass_lookup,"SELECT bp.boarding_no, bp.seat_no, t.passenger_name FROM aviation.boarding_passes AS bp JOIN aviation.tickets AS t ON t.ticket_no = bp.ticket_no WHERE bp.flight_id = 3029 AND bp.boarding_no BETWEEN 3 AND 5",205,1,2,0,False,False,False,2,2,3,0,1,0,0,0,0,0.71,37.17,3.0,22,7.0,0.233,3,2,2,Nested Loop,0,2,0,0,0,0,1,0,0,30,0,0,0
unboarded_tickets,"SELECT tf.ticket_no, tf.fare_conditions FROM aviation.ticket_flights AS tf LEFT JOIN aviation.boarding_passes AS bp ON bp.ticket_no = tf.ticket_no AND bp.flight_id = tf.flight_id WHERE tf.flight_id = 9751 AND bp.ticket_no IS NULL",229,1,2,0,False,False,False,2,2,2,0,0,1,0,0,0,0.29,2109.74,10.0,22,40.0,13.606,4,3,2,Nested Loop,1,1,0,0,0,0,1,0,0,1677,0,0,0
airport_departure_counts,"SELECT departure_airport, COUNT(*) AS flight_count FROM aviation.flights WHERE scheduled_departure >= DATE '2025-09-15' AND scheduled_departure < DATE '2025-10-15' GROUP BY departure_airport ORDER BY flight_count DESC",217,0,2,0,True,True,False,1,1,2,1,0,0,0,0,0,258.32,258.35,10.0,12,831.0,3.84,3,3,1,Sort,1,0,0,0,0,0,0,1,1,315,0,0,0
booking_amount_range,"SELECT book_ref, book_date, total_amount FROM aviation.bookings WHERE total_amount BETWEEN 285000 AND 400000",108,0,1,0,False,False,False,1,1,3,0,0,0,0,0,0,0.0,1069.0,11805.0,21,11805.0,12.655,1,1,1,Seq Scan,1,0,0,0,0,0,0,0,0,319,0,0,0
booking_ticket_count,"SELECT b.book_ref, COUNT(t.ticket_no) AS ticket_count FROM aviation.bookings AS b JOIN aviation.tickets AS t ON t.book_ref = b.book_ref WHERE b.book_date >= DATE '2024-11-27' AND b.book_date < DATE '2024-12-04' GROUP BY b.book_ref HAVING COUNT(t.ticket_no) >= 2",261,1,2,0,True,False,False,2,2,2,2,1,0,0,0,0,3375.14,3387.16,320.0,15,104164.0,49.385,5,4,2,Aggregate,2,0,0,0,1,0,0,0,1,4342,0,0,0
flight_occupancy,"SELECT f.flight_id, COUNT(DISTINCT tf.ticket_no) AS tickets, COUNT(DISTINCT bp.ticket_no) AS boarded FROM aviation.flights AS f LEFT JOIN aviation.ticket_flights AS tf ON tf.flight_id = f.flight_id LEFT JOIN aviation.boarding_passes AS bp ON bp.flight_id = tf.flight_id AND bp.ticket_no = tf.ticket_no WHERE f.flight_id = 532 GROUP BY f.flight_id",346,2,1,0,True,False,False,3,3,3,2,0,2,0,0,0,2112.95,2113.12,1.0,20,62.0,17.619,8,5,3,Aggregate,1,1,1,0,0,1,1,2,1,4197,0,0,0
passengers_for_booking,"SELECT b.book_ref, b.book_date, t.ticket_no, t.passenger_name FROM aviation.bookings AS b JOIN aviation.tickets AS t ON t.book_ref = b.book_ref WHERE b.book_ref = '028585'",171,1,1,0,False,False,False,2,2,4,0,1,0,0,0,0,0.29,2280.33,2.0,44,5.0,22.47,3,2,2,Nested Loop,1,1,0,0,0,0,1,0,0,2050,0,0,0
passenger_flight_history,"SELECT t.passenger_id, t.passenger_name, f.flight_no, f.scheduled_departure, tf.fare_conditions FROM aviation.tickets AS t JOIN aviation.ticket_flights AS tf ON tf.ticket_no = t.ticket_no JOIN aviation.flights AS f ON f.flight_id = tf.flight_id WHERE t.passenger_id = '8078-058073' AND f.status = 'On Time' ORDER BY f.scheduled_departure DESC",342,2,2,0,False,True,False,3,3,5,0,2,0,0,0,0,2280.77,2280.77,1.0,50,6.0,16.845,6,4,3,Sort,1,2,0,0,0,0,2,1,0,4116,0,0,0
aircraft_seat_capacity,"SELECT a.aircraft_code, a.model, COUNT(s.seat_no) AS seat_count FROM aviation.aircrafts AS a JOIN aviation.seats AS s ON s.aircraft_code = a.aircraft_code WHERE s.fare_conditions = 'Comfort' GROUP BY a.aircraft_code, a.model ORDER BY seat_count DESC",249,1,1,0,True,True,False,2,2,3,1,1,0,0,0,0,18.65,18.67,5.0,27,260.0,0.426,6,5,2,Sort,2,0,0,0,1,0,0,1,1,28,0,0,0
high_value_passengers,"SELECT t.passenger_id, t.passenger_name, b.total_amount FROM aviation.tickets AS t JOIN aviation.bookings AS b ON b.book_ref = t.book_ref WHERE b.total_amount >= 335000 ORDER BY b.total_amount DESC LIMIT 100",207,1,1,0,False,True,False,2,2,3,0,1,0,0,0,0,4715.49,4715.74,100.0,33,200414.0,93.028,6,5,2,Limit,2,0,0,0,1,0,0,1,0,5689,0,0,0
daily_flight_count,"SELECT scheduled_departure::date AS flight_date, COUNT(*) AS flight_count FROM aviation.flights WHERE departure_airport = 'GME' GROUP BY scheduled_departure::date ORDER BY flight_date",183,0,1,0,True,True,False,1,1,2,1,0,0,0,0,0,281.33,301.24,993.0,12,2993.0,2.444,3,3,1,Aggregate,1,0,0,0,0,0,0,1,1,318,0,0,0
aircraft_fare_capacity,"SELECT fare_conditions, COUNT(*) AS seat_count FROM aviation.seats WHERE aircraft_code = '321' GROUP BY fare_conditions ORDER BY seat_count DESC",144,0,1,0,True,True,False,1,1,2,1,0,0,0,0,0,17.2,17.21,3.0,16,186.0,0.296,3,3,1,Sort,1,0,0,0,0,0,0,1,1,18,0,0,0
flights_without_tickets,"SELECT f.flight_id, f.flight_no FROM aviation.flights AS f WHERE f.scheduled_departure >= DATE '2025-10-13' AND NOT EXISTS (SELECT 1 FROM aviation.ticket_flights AS tf WHERE tf.flight_id = f.flight_id)",201,0,3,1,False,False,False,2,2,3,0,0,0,0,0,0,3084.0,3323.78,1.0,11,202157.0,52.5,4,3,2,Hash Join,2,0,0,0,1,0,0,0,0,2710,0,0,0
fare_statistics,"SELECT fare_conditions, COUNT(*) AS ticket_count, AVG(amount) AS average_amount FROM aviation.ticket_flights WHERE fare_conditions = 'Business' AND amount >= 77500 GROUP BY fare_conditions HAVING COUNT(*) > 10",209,0,2,0,True,False,False,1,1,3,3,0,0,0,0,0,0.0,2343.42,1.0,48,1882.0,25.457,2,2,1,Aggregate,1,0,0,0,0,0,0,0,1,1668,0,0,0
airport_connections,"SELECT dep.city AS departure_city, arr.city AS arrival_city, COUNT(*) AS flights FROM aviation.flights AS f JOIN aviation.airports AS dep ON dep.airport_code = f.departure_airport JOIN aviation.airports AS arr ON arr.airport_code = f.arrival_airport WHERE f.departure_airport = 'WAW' AND f.status = 'Arrived' GROUP BY dep.city, arr.city",336,2,2,0,True,False,False,3,2,3,1,2,0,0,0,0,261.66,261.76,10.0,24,781.0,4.427,7,4,2,Aggregate,3,0,0,0,1,0,1,0,1,424,0,0,0
route_revenue,"SELECT f.departure_airport, f.arrival_airport, SUM(tf.amount) AS revenue FROM aviation.flights AS f JOIN aviation.ticket_flights AS tf ON tf.flight_id = f.flight_id WHERE f.departure_airport = 'MSQ' GROUP BY f.departure_airport, f.arrival_airport ORDER BY revenue DESC",268,1,1,0,True,True,False,2,2,3,1,1,0,0,0,0,2388.4,2388.43,10.0,40,112020.0,48.107,6,5,2,Sort,2,0,0,0,1,0,0,1,1,3859,0,0,0
flight_revenue,"SELECT f.flight_id, f.flight_no, COUNT(*) AS ticket_count, SUM(tf.amount) AS revenue FROM aviation.flights AS f JOIN aviation.ticket_flights AS tf ON tf.flight_id = f.flight_id WHERE f.flight_id = 7332 GROUP BY f.flight_id, f.flight_no",235,1,1,0,True,False,False,2,2,4,2,1,0,0,0,0,0.29,2092.47,1.0,51,22.0,13.515,4,3,2,Aggregate,1,1,0,0,0,0,1,0,1,2511,0,0,0
bookings_with_expensive_ticket,"SELECT b.book_ref, b.total_amount FROM aviation.bookings AS b WHERE EXISTS (SELECT 1 FROM aviation.tickets AS t JOIN aviation.ticket_flights AS tf ON tf.ticket_no = t.ticket_no WHERE t.book_ref = b.book_ref AND tf.amount >= 66000)",230,1,3,1,False,False,False,3,3,3,0,1,0,0,0,0,6075.09,7554.25,47543.0,13,440172.0,174.133,7,5,3,Hash Join,3,0,0,0,2,0,0,0,0,9084,0,0,0
airport_departure_counts,"SELECT departure_airport, COUNT(*) AS flight_count FROM aviation.flights WHERE scheduled_departure >= DATE '2025-05-31' AND scheduled_departure < DATE '2025-06-30' GROUP BY departure_airport ORDER BY flight_count DESC",217,0,2,0,True,True,False,1,1,2,1,0,0,0,0,0,258.31,258.34,10.0,12,829.0,2.617,3,3,1,Sort,1,0,0,0,0,0,0,1,1,315,0,0,0
boarding_pass_lookup,"SELECT bp.boarding_no, bp.seat_no, t.passenger_name FROM aviation.boarding_passes AS bp JOIN aviation.tickets AS t ON t.ticket_no = bp.ticket_no WHERE bp.flight_id = 4498 AND bp.boarding_no BETWEEN 5 AND 7",205,1,2,0,False,False,False,2,2,3,0,1,0,0,0,0,0.71,37.17,3.0,22,7.0,0.212,3,2,2,Nested Loop,0,2,0,0,0,0,1,0,0,30,0,0,0
flights_without_tickets,"SELECT f.flight_id, f.flight_no FROM aviation.flights AS f WHERE f.scheduled_departure >= DATE '2025-08-01' AND NOT EXISTS (SELECT 1 FROM aviation.ticket_flights AS tf WHERE tf.flight_id = f.flight_id)",201,0,3,1,False,False,False,2,2,3,0,0,0,0,0,0,3084.0,3333.64,1.0,11,204128.0,55.208,4,3,2,Hash Join,2,0,0,0,1,0,0,0,0,2710,0,0,0
airport_connections,"SELECT dep.city AS departure_city, arr.city AS arrival_city, COUNT(*) AS flights FROM aviation.flights AS f JOIN aviation.airports AS dep ON dep.airport_code = f.departure_airport JOIN aviation.airports AS arr ON arr.airport_code = f.arrival_airport WHERE f.departure_airport = 'VTB' AND f.status = 'Arrived' GROUP BY dep.city, arr.city",336,2,2,0,True,False,False,3,2,3,1,2,0,0,0,0,261.66,261.76,10.0,24,781.0,2.903,7,4,2,Aggregate,3,0,0,0,1,0,1,0,1,424,0,0,0
recent_flights_sorted,"SELECT flight_no, departure_airport, arrival_airport, scheduled_departure FROM aviation.flights WHERE departure_airport = 'VTB' ORDER BY scheduled_departure DESC LIMIT 50",170,0,1,0,False,True,False,1,1,4,0,0,0,0,0,0,262.22,262.34,50.0,23,2050.0,2.272,3,3,1,Limit,1,0,0,0,0,0,0,1,0,318,0,0,0
booking_ticket_count,"SELECT b.book_ref, COUNT(t.ticket_no) AS ticket_count FROM aviation.bookings AS b JOIN aviation.tickets AS t ON t.book_ref = b.book_ref WHERE b.book_date >= DATE '2025-03-21' AND b.book_date < DATE '2025-03-28' GROUP BY b.book_ref HAVING COUNT(t.ticket_no) >= 2",261,1,2,0,True,False,False,2,2,2,2,1,0,0,0,0,3374.13,3385.58,305.0,15,103969.0,50.064,5,4,2,Aggregate,2,0,0,0,1,0,0,0,1,4342,0,0,0
aircraft_flight_counts,"SELECT a.aircraft_code, a.model, COUNT(f.flight_id) AS flight_count FROM aviation.aircrafts AS a LEFT JOIN aviation.flights AS f ON f.aircraft_code = a.aircraft_code WHERE a.range_km >= 3250 GROUP BY a.aircraft_code, a.model",224,1,1,0,True,False,False,2,2,3,1,0,1,0,0,0,303.62,303.68,5.0,27,20015.0,8.834,5,4,2,Aggregate,2,0,0,0,1,0,0,0,1,316,0,0,0
flight_revenue,"SELECT f.flight_id, f.flight_no, COUNT(*) AS ticket_count, SUM(tf.amount) AS revenue FROM aviation.flights AS f JOIN aviation.ticket_flights AS tf ON tf.flight_id = f.flight_id WHERE f.flight_id = 3368 GROUP BY f.flight_id, f.flight_no",235,1,1,0,True,False,False,2,2,4,2,1,0,0,0,0,0.29,2092.47,1.0,51,22.0,13.196,4,3,2,Aggregate,1,1,0,0,0,0,1,0,1,2511,0,0,0
passenger_flight_history,"SELECT t.passenger_id, t.passenger_name, f.flight_no, f.scheduled_departure, tf.fare_conditions FROM aviation.tickets AS t JOIN aviation.ticket_flights AS tf ON tf.ticket_no = t.ticket_no JOIN aviation.flights AS f ON f.flight_id = tf.flight_id WHERE t.passenger_id = '5349-095340' AND f.status = 'Departed' ORDER BY f.scheduled_departure DESC",343,2,2,0,False,True,False,3,3,5,0,2,0,0,0,0,2280.77,2280.77,1.0,50,6.0,16.002,6,4,3,Sort,1,2,0,0,0,0,2,1,0,4116,0,0,0
route_by_date,"SELECT flight_id, flight_no, scheduled_departure, status FROM aviation.flights WHERE departure_airport = 'GNA' AND arrival_airport = 'WAW' AND scheduled_departure >= DATE '2025-06-27' AND scheduled_departure < DATE '2025-06-27' + INTERVAL '1 day'",246,0,4,0,False,False,False,1,1,4,0,0,0,0,0,0,0.0,304.0,1.0,27,1.0,2.775,1,1,1,Seq Scan,1,0,0,0,0,0,0,0,0,104,0,0,0
flight_occupancy,"SELECT f.flight_id, COUNT(DISTINCT tf.ticket_no) AS tickets, COUNT(DISTINCT bp.ticket_no) AS boarded FROM aviation.flights AS f LEFT JOIN aviation.ticket_flights AS tf ON tf.flight_id = f.flight_id LEFT JOIN aviation.boarding_passes AS bp ON bp.flight_id = tf.flight_id AND bp.ticket_no = tf.ticket_no WHERE f.flight_id = 75 GROUP BY f.flight_id",345,2,1,0,True,False,False,3,3,3,2,0,2,0,0,0,2112.95,2113.12,1.0,20,62.0,14.345,8,5,3,Aggregate,1,1,1,0,0,1,1,2,1,4197,0,0,0
aircraft_fare_capacity,"SELECT fare_conditions, COUNT(*) AS seat_count FROM aviation.seats WHERE aircraft_code = 'SU9' GROUP BY fare_conditions ORDER BY seat_count DESC",144,0,1,0,True,True,False,1,1,2,1,0,0,0,0,0,17.2,17.21,3.0,16,186.0,0.338,3,3,1,Sort,1,0,0,0,0,0,0,1,1,18,0,0,0
bookings_with_expensive_ticket,"SELECT b.book_ref, b.total_amount FROM aviation.bookings AS b WHERE EXISTS (SELECT 1 FROM aviation.tickets AS t JOIN aviation.ticket_flights AS tf ON tf.ticket_no = t.ticket_no WHERE t.book_ref = b.book_ref AND tf.amount >= 81750)",230,1,3,1,False,False,False,3,3,3,0,1,0,0,0,0,5690.39,7025.05,34554.0,13,322770.0,136.4,7,5,3,Hash Join,3,0,0,0,2,0,0,0,0,8896,0,0,0
high_value_passengers,"SELECT t.passenger_id, t.passenger_name, b.total_amount FROM aviation.tickets AS t JOIN aviation.bookings AS b ON b.book_ref = t.book_ref WHERE b.total_amount >= 345000 ORDER BY b.total_amount DESC LIMIT 100",207,1,1,0,False,True,False,2,2,3,0,1,0,0,0,0,4626.99,4627.24,100.0,33,194444.0,76.969,6,5,2,Limit,2,0,0,0,1,0,0,1,0,5689,0,0,0
booking_amount_range,"SELECT book_ref, book_date, total_amount FROM aviation.bookings WHERE total_amount BETWEEN 145000 AND 275000",108,0,1,0,False,False,False,1,1,3,0,0,0,0,0,0,0.0,1069.0,13028.0,21,13028.0,13.932,1,1,1,Seq Scan,1,0,0,0,0,0,0,0,0,319,0,0,0
ticket_name_prefix,"SELECT ticket_no, passenger_id, passenger_name FROM aviation.tickets WHERE passenger_name LIKE 'Passenger 53422%' ORDER BY ticket_no LIMIT 50",141,0,1,0,False,True,False,1,1,3,0,0,0,0,0,0,2272.17,2272.19,10.0,41,30.0,18.837,3,3,1,Limit,1,0,0,0,0,0,0,1,0,3072,0,0,0
ticket_fare_lookup,"SELECT t.ticket_no, tf.flight_id, tf.amount FROM aviation.tickets AS t JOIN aviation.ticket_flights AS tf ON tf.ticket_no = t.ticket_no WHERE t.passenger_id = '2118-052113' AND tf.fare_conditions = 'Economy'",207,1,2,0,False,False,False,2,2,3,0,1,0,0,0,0,0.42,2280.45,1.0,24,3.0,15.984,3,2,2,Nested Loop,1,1,0,0,0,0,1,0,0,2052,0,0,0
unboarded_tickets,"SELECT tf.ticket_no, tf.fare_conditions FROM aviation.ticket_flights AS tf LEFT JOIN aviation.boarding_passes AS bp ON bp.ticket_no = tf.ticket_no AND bp.flight_id = tf.flight_id WHERE tf.flight_id = 4629 AND bp.ticket_no IS NULL",229,1,2,0,False,False,False,2,2,2,0,0,1,0,0,0,0.29,2109.74,10.0,22,40.0,14.332,4,3,2,Nested Loop,1,1,0,0,0,0,1,0,0,1677,0,0,0
fare_statistics,"SELECT fare_conditions, COUNT(*) AS ticket_count, AVG(amount) AS average_amount FROM aviation.ticket_flights WHERE fare_conditions = 'Business' AND amount >= 17750 GROUP BY fare_conditions HAVING COUNT(*) > 10",209,0,2,0,True,False,False,1,1,3,3,0,0,0,0,0,0.0,2355.68,1.0,48,4333.0,27.853,2,2,1,Aggregate,1,0,0,0,0,0,0,0,1,1668,0,0,0
route_revenue,"SELECT f.departure_airport, f.arrival_airport, SUM(tf.amount) AS revenue FROM aviation.flights AS f JOIN aviation.ticket_flights AS tf ON tf.flight_id = f.flight_id WHERE f.departure_airport = 'MSQ' GROUP BY f.departure_airport, f.arrival_airport ORDER BY revenue DESC",268,1,1,0,True,True,False,2,2,3,1,1,0,0,0,0,2388.4,2388.43,10.0,40,112020.0,40.109,6,5,2,Sort,2,0,0,0,1,0,0,1,1,3859,0,0,0
daily_flight_count,"SELECT scheduled_departure::date AS flight_date, COUNT(*) AS flight_count FROM aviation.flights WHERE departure_airport = 'SVO' GROUP BY scheduled_departure::date ORDER BY flight_date",183,0,1,0,True,True,False,1,1,2,1,0,0,0,0,0,281.33,301.24,993.0,12,2993.0,2.47,3,3,1,Aggregate,1,0,0,0,0,0,0,1,1,318,0,0,0
top_routes,"SELECT departure_airport, arrival_airport, COUNT(*) AS flight_count FROM aviation.flights WHERE scheduled_departure >= DATE '2025-08-25' AND scheduled_departure < DATE '2025-10-24' GROUP BY departure_airport, arrival_airport ORDER BY flight_count DESC LIMIT 10",260,0,2,0,True,True,False,1,1,3,1,0,0,0,0,0,269.31,269.34,10.0,16,1830.0,3.405,4,4,1,Limit,1,0,0,0,0,0,0,1,1,422,0,0,0
passengers_for_booking,"SELECT b.book_ref, b.book_date, t.ticket_no, t.passenger_name FROM aviation.bookings AS b JOIN aviation.tickets AS t ON t.book_ref = b.book_ref WHERE b.book_ref = '016784'",171,1,1,0,False,False,False,2,2,4,0,1,0,0,0,0,0.29,2280.33,2.0,44,5.0,17.483,3,2,2,Nested Loop,1,1,0,0,0,0,1,0,0,2050,0,0,0
aircraft_seat_capacity,"SELECT a.aircraft_code, a.model, COUNT(s.seat_no) AS seat_count FROM aviation.aircrafts AS a JOIN aviation.seats AS s ON s.aircraft_code = a.aircraft_code WHERE s.fare_conditions = 'Comfort' GROUP BY a.aircraft_code, a.model ORDER BY seat_count DESC",249,1,1,0,True,True,False,2,2,3,1,1,0,0,0,0,18.65,18.67,5.0,27,260.0,0.409,6,5,2,Sort,2,0,0,0,1,0,0,1,1,28,0,0,0
route_by_date,"SELECT flight_id, flight_no, scheduled_departure, status FROM aviation.flights WHERE departure_airport = 'IST' AND arrival_airport = 'GME' AND scheduled_departure >= DATE '2025-07-30' AND scheduled_departure < DATE '2025-07-30' + INTERVAL '1 day'",246,0,4,0,False,False,False,1,1,4,0,0,0,0,0,0,0.0,304.0,1.0,27,1.0,2.304,1,1,1,Seq Scan,1,0,0,0,0,0,0,0,0,104,0,0,0
route_revenue,"SELECT f.departure_airport, f.arrival_airport, SUM(tf.amount) AS revenue FROM aviation.flights AS f JOIN aviation.ticket_flights AS tf ON tf.flight_id = f.flight_id WHERE f.departure_airport = 'GNA' GROUP BY f.departure_airport, f.arrival_airport ORDER BY revenue DESC",268,1,1,0,True,True,False,2,2,3,1,1,0,0,0,0,2388.4,2388.43,10.0,40,112020.0,39.406,6,5,2,Sort,2,0,0,0,1,0,0,1,1,3859,0,0,0
bookings_with_expensive_ticket,"SELECT b.book_ref, b.total_amount FROM aviation.bookings AS b WHERE EXISTS (SELECT 1 FROM aviation.tickets AS t JOIN aviation.ticket_flights AS tf ON tf.ticket_no = t.ticket_no WHERE t.book_ref = b.book_ref AND tf.amount >= 104750)",231,1,3,1,False,False,False,3,3,3,0,1,0,0,0,0,5014.54,6134.38,15244.0,13,226220.0,102.137,7,5,3,Hash Join,3,0,0,0,2,0,0,0,0,8896,0,0,0
aircraft_fare_capacity,"SELECT fare_conditions, COUNT(*) AS seat_count FROM aviation.seats WHERE aircraft_code = 'E95' GROUP BY fare_conditions ORDER BY seat_count DESC",144,0,1,0,True,True,False,1,1,2,1,0,0,0,0,0,17.2,17.21,3.0,16,186.0,0.295,3,3,1,Sort,1,0,0,0,0,0,0,1,1,18,0,0,0
high_value_passengers,"SELECT t.passenger_id, t.passenger_name, b.total_amount FROM aviation.tickets AS t JOIN aviation.bookings AS b ON b.book_ref = t.book_ref WHERE b.total_amount >= 332500 ORDER BY b.total_amount DESC LIMIT 100",207,1,1,0,False,True,False,2,2,3,0,1,0,0,0,0,4738.34,4738.59,100.0,33,201956.0,85.415,6,5,2,Limit,2,0,0,0,1,0,0,1,0,5689,0,0,0
airport_connections,"SELECT dep.city AS departure_city, arr.city AS arrival_city, COUNT(*) AS flights FROM aviation.flights AS f JOIN aviation.airports AS dep ON dep.airport_code = f.departure_airport JOIN aviation.airports AS arr ON arr.airport_code = f.arrival_airport WHERE f.departure_airport = 'BQT' AND f.status = 'On Time' GROUP BY dep.city, arr.city",336,2,2,0,True,False,False,3,2,3,1,2,0,0,0,0,261.66,261.76,10.0,24,781.0,3.389,7,4,2,Aggregate,3,0,0,0,1,0,1,0,1,424,0,0,0
recent_flights_sorted,"SELECT flight_no, departure_airport, arrival_airport, scheduled_departure FROM aviation.flights WHERE departure_airport = 'WAW' ORDER BY scheduled_departure DESC LIMIT 10",170,0,1,0,False,True,False,1,1,4,0,0,0,0,0,0,250.61,250.63,10.0,23,2010.0,2.2,3,3,1,Limit,1,0,0,0,0,0,0,1,0,318,0,0,0
fare_statistics,"SELECT fare_conditions, COUNT(*) AS ticket_count, AVG(amount) AS average_amount FROM aviation.ticket_flights WHERE fare_conditions = 'Business' AND amount >= 50250 GROUP BY fare_conditions HAVING COUNT(*) > 10",209,0,2,0,True,False,False,1,1,3,3,0,0,0,0,0,0.0,2349.04,1.0,48,3006.0,27.699,2,2,1,Aggregate,1,0,0,0,0,0,0,0,1,1668,0,0,0
aircraft_flight_counts,"SELECT a.aircraft_code, a.model, COUNT(f.flight_id) AS flight_count FROM aviation.aircrafts AS a LEFT JOIN aviation.flights AS f ON f.aircraft_code = a.aircraft_code WHERE a.range_km >= 5000 GROUP BY a.aircraft_code, a.model",224,1,1,0,True,False,False,2,2,3,1,0,1,0,0,0,293.61,293.65,4.0,27,18012.0,13.508,5,4,2,Aggregate,2,0,0,0,1,0,0,0,1,316,0,0,0
unboarded_tickets,"SELECT tf.ticket_no, tf.fare_conditions FROM aviation.ticket_flights AS tf LEFT JOIN aviation.boarding_passes AS bp ON bp.ticket_no = tf.ticket_no AND bp.flight_id = tf.flight_id WHERE tf.flight_id = 9905 AND bp.ticket_no IS NULL",229,1,2,0,False,False,False,2,2,2,0,0,1,0,0,0,0.29,2109.74,10.0,22,40.0,16.924,4,3,2,Nested Loop,1,1,0,0,0,0,1,0,0,1677,0,0,0
booking_ticket_count,"SELECT b.book_ref, COUNT(t.ticket_no) AS ticket_count FROM aviation.bookings AS b JOIN aviation.tickets AS t ON t.book_ref = b.book_ref WHERE b.book_date >= DATE '2025-06-16' AND b.book_date < DATE '2025-07-16' GROUP BY b.book_ref HAVING COUNT(t.ticket_no) >= 2",261,1,2,0,True,False,False,2,2,2,2,1,0,0,0,0,3445.25,3496.22,1359.0,15,117667.0,57.221,5,4,2,Aggregate,2,0,0,0,1,0,0,0,1,4342,0,0,0
ticket_name_prefix,"SELECT ticket_no, passenger_id, passenger_name FROM aviation.tickets WHERE passenger_name LIKE 'Passenger 7688%' ORDER BY ticket_no LIMIT 50",140,0,1,0,False,True,False,1,1,3,0,0,0,0,0,0,2272.17,2272.19,10.0,41,30.0,25.236,3,3,1,Limit,1,0,0,0,0,0,0,1,0,3072,0,0,0
booking_amount_range,"SELECT book_ref, book_date, total_amount FROM aviation.bookings WHERE total_amount BETWEEN 75000 AND 225000",107,0,1,0,False,False,False,1,1,3,0,0,0,0,0,0,0.0,1069.0,15081.0,21,15081.0,14.305,1,1,1,Seq Scan,1,0,0,0,0,0,0,0,0,319,0,0,0
aircraft_seat_capacity,"SELECT a.aircraft_code, a.model, COUNT(s.seat_no) AS seat_count FROM aviation.aircrafts AS a JOIN aviation.seats AS s ON s.aircraft_code = a.aircraft_code WHERE s.fare_conditions = 'Business' GROUP BY a.aircraft_code, a.model ORDER BY seat_count DESC",250,1,1,0,True,True,False,2,2,3,1,1,0,0,0,0,18.06,18.07,5.0,27,140.0,0.359,6,5,2,Sort,2,0,0,0,1,0,0,1,1,28,0,0,0
ticket_fare_lookup,"SELECT t.ticket_no, tf.flight_id, tf.amount FROM aviation.tickets AS t JOIN aviation.ticket_flights AS tf ON tf.ticket_no = t.ticket_no WHERE t.passenger_id = '4731-064725' AND tf.fare_conditions = 'Economy'",207,1,2,0,False,False,False,2,2,3,0,1,0,0,0,0,0.42,2280.45,1.0,24,3.0,17.196,3,2,2,Nested Loop,1,1,0,0,0,0,1,0,0,2052,0,0,0
daily_flight_count,"SELECT scheduled_departure::date AS flight_date, COUNT(*) AS flight_count FROM aviation.flights WHERE departure_airport = 'BQT' GROUP BY scheduled_departure::date ORDER BY flight_date",183,0,1,0,True,True,False,1,1,2,1,0,0,0,0,0,281.33,301.24,993.0,12,2993.0,3.399,3,3,1,Aggregate,1,0,0,0,0,0,0,1,1,318,0,0,0
boarding_pass_lookup,"SELECT bp.boarding_no, bp.seat_no, t.passenger_name FROM aviation.boarding_passes AS bp JOIN aviation.tickets AS t ON t.ticket_no = bp.ticket_no WHERE bp.flight_id = 534 AND bp.boarding_no BETWEEN 3 AND 8",204,1,2,0,False,False,False,2,2,3,0,1,0,0,0,0,0.71,67.79,6.0,22,13.0,0.341,3,2,2,Nested Loop,0,2,0,0,0,0,1,0,0,54,0,0,0
flights_without_tickets,"SELECT f.flight_id, f.flight_no FROM aviation.flights AS f WHERE f.scheduled_departure >= DATE '2025-03-05' AND NOT EXISTS (SELECT 1 FROM aviation.ticket_flights AS tf WHERE tf.flight_id = f.flight_id)",201,0,3,1,False,False,False,2,2,3,0,0,0,0,0,0,3084.0,3354.16,1.0,11,208234.0,58.836,4,3,2,Hash Join,2,0,0,0,1,0,0,0,0,2710,0,0,0
flight_occupancy,"SELECT f.flight_id, COUNT(DISTINCT tf.ticket_no) AS tickets, COUNT(DISTINCT bp.ticket_no) AS boarded FROM aviation.flights AS f LEFT JOIN aviation.ticket_flights AS tf ON tf.flight_id = f.flight_id LEFT JOIN aviation.boarding_passes AS bp ON bp.flight_id = tf.flight_id AND bp.ticket_no = tf.ticket_no WHERE f.flight_id = 6628 GROUP BY f.flight_id",347,2,1,0,True,False,False,3,3,3,2,0,2,0,0,0,2112.95,2113.12,1.0,20,62.0,14.927,8,5,3,Aggregate,1,1,1,0,0,1,1,2,1,4197,0,0,0
top_routes,"SELECT departure_airport, arrival_airport, COUNT(*) AS flight_count FROM aviation.flights WHERE scheduled_departure >= DATE '2025-08-15' AND scheduled_departure < DATE '2025-09-14' GROUP BY departure_airport, arrival_airport ORDER BY flight_count DESC LIMIT 5",259,0,2,0,True,True,False,1,1,3,1,0,0,0,0,0,262.74,262.75,5.0,16,1015.0,2.663,4,4,1,Limit,1,0,0,0,0,0,0,1,1,422,0,0,0
airport_departure_counts,"SELECT departure_airport, COUNT(*) AS flight_count FROM aviation.flights WHERE scheduled_departure >= DATE '2025-03-13' AND scheduled_departure < DATE '2025-03-27' GROUP BY departure_airport ORDER BY flight_count DESC",217,0,2,0,True,True,False,1,1,2,1,0,0,0,0,0,256.23,256.25,10.0,12,412.0,3.653,3,3,1,Sort,1,0,0,0,0,0,0,1,1,315,0,0,0
flight_revenue,"SELECT f.flight_id, f.flight_no, COUNT(*) AS ticket_count, SUM(tf.amount) AS revenue FROM aviation.flights AS f JOIN aviation.ticket_flights AS tf ON tf.flight_id = f.flight_id WHERE f.flight_id = 6129 GROUP BY f.flight_id, f.flight_no",235,1,1,0,True,False,False,2,2,4,2,1,0,0,0,0,0.29,2092.47,1.0,51,22.0,14.408,4,3,2,Aggregate,1,1,0,0,0,0,1,0,1,2511,0,0,0
passengers_for_booking,"SELECT b.book_ref, b.book_date, t.ticket_no, t.passenger_name FROM aviation.bookings AS b JOIN aviation.tickets AS t ON t.book_ref = b.book_ref WHERE b.book_ref = '003466'",171,1,1,0,False,False,False,2,2,4,0,1,0,0,0,0,0.29,2280.33,2.0,44,5.0,18.494,3,2,2,Nested Loop,1,1,0,0,0,0,1,0,0,2050,0,0,0
passenger_flight_history,"SELECT t.passenger_id, t.passenger_name, f.flight_no, f.scheduled_departure, tf.fare_conditions FROM aviation.tickets AS t JOIN aviation.ticket_flights AS tf ON tf.ticket_no = t.ticket_no JOIN aviation.flights AS f ON f.flight_id = tf.flight_id WHERE t.passenger_id = '2741-022739' AND f.status = 'Arrived' ORDER BY f.scheduled_departure DESC",342,2,2,0,False,True,False,3,3,5,0,2,0,0,0,0,2280.77,2280.77,1.0,50,6.0,16.439,6,4,3,Sort,1,2,0,0,0,0,2,1,0,4116,0,0,0
aircraft_flight_counts,"SELECT a.aircraft_code, a.model, COUNT(f.flight_id) AS flight_count FROM aviation.aircrafts AS a LEFT JOIN aviation.flights AS f ON f.aircraft_code = a.aircraft_code WHERE a.range_km >= 3000 GROUP BY a.aircraft_code, a.model",224,1,1,0,True,False,False,2,2,3,1,0,1,0,0,0,303.62,303.68,5.0,27,20015.0,9.261,5,4,2,Aggregate,2,0,0,0,1,0,0,0,1,316,0,0,0
airport_departure_counts,"SELECT departure_airport, COUNT(*) AS flight_count FROM aviation.flights WHERE scheduled_departure >= DATE '2025-11-08' AND scheduled_departure < DATE '2025-11-22' GROUP BY departure_airport ORDER BY flight_count DESC",217,0,2,0,True,True,False,1,1,2,1,0,0,0,0,0,256.15,256.18,10.0,12,397.0,2.361,3,3,1,Sort,1,0,0,0,0,0,0,1,1,315,0,0,0
recent_flights_sorted,"SELECT flight_no, departure_airport, arrival_airport, scheduled_departure FROM aviation.flights WHERE departure_airport = 'VTB' ORDER BY scheduled_departure DESC LIMIT 100",171,0,1,0,False,True,False,1,1,4,0,0,0,0,0,0,267.22,267.47,100.0,23,2100.0,2.306,3,3,1,Limit,1,0,0,0,0,0,0,1,0,318,0,0,0
passenger_flight_history,"SELECT t.passenger_id, t.passenger_name, f.flight_no, f.scheduled_departure, tf.fare_conditions FROM aviation.tickets AS t JOIN aviation.ticket_flights AS tf ON tf.ticket_no = t.ticket_no JOIN aviation.flights AS f ON f.flight_id = tf.flight_id WHERE t.passenger_id = '1878-041874' AND f.status = 'Departed' ORDER BY f.scheduled_departure DESC",343,2,2,0,False,True,False,3,3,5,0,2,0,0,0,0,2280.77,2280.77,1.0,50,6.0,24.948,6,4,3,Sort,1,2,0,0,0,0,2,1,0,4116,0,0,0
unboarded_tickets,"SELECT tf.ticket_no, tf.fare_conditions FROM aviation.ticket_flights AS tf LEFT JOIN aviation.boarding_passes AS bp ON bp.ticket_no = tf.ticket_no AND bp.flight_id = tf.flight_id WHERE tf.flight_id = 7929 AND bp.ticket_no IS NULL",229,1,2,0,False,False,False,2,2,2,0,0,1,0,0,0,0.29,2109.74,10.0,22,40.0,14.111,4,3,2,Nested Loop,1,1,0,0,0,0,1,0,0,1677,0,0,0
aircraft_fare_capacity,"SELECT fare_conditions, COUNT(*) AS seat_count FROM aviation.seats WHERE aircraft_code = '738' GROUP BY fare_conditions ORDER BY seat_count DESC",144,0,1,0,True,True,False,1,1,2,1,0,0,0,0,0,17.2,17.21,3.0,16,186.0,0.339,3,3,1,Sort,1,0,0,0,0,0,0,1,1,18,0,0,0
airport_connections,"SELECT dep.city AS departure_city, arr.city AS arrival_city, COUNT(*) AS flights FROM aviation.flights AS f JOIN aviation.airports AS dep ON dep.airport_code = f.departure_airport JOIN aviation.airports AS arr ON arr.airport_code = f.arrival_airport WHERE f.departure_airport = 'TBS' AND f.status = 'Scheduled' GROUP BY dep.city, arr.city",338,2,2,0,True,False,False,3,2,3,1,2,0,0,0,0,261.66,261.76,10.0,24,781.0,2.666,7,4,2,Aggregate,3,0,0,0,1,0,1,0,1,424,0,0,0
ticket_fare_lookup,"SELECT t.ticket_no, tf.flight_id, tf.amount FROM aviation.tickets AS t JOIN aviation.ticket_flights AS tf ON tf.ticket_no = t.ticket_no WHERE t.passenger_id = '5603-035600' AND tf.fare_conditions = 'Business'",208,1,2,0,False,False,False,2,2,3,0,1,0,0,0,0,0.42,2280.45,1.0,24,3.0,15.569,3,2,2,Nested Loop,1,1,0,0,0,0,1,0,0,2052,0,0,0
booking_ticket_count,"SELECT b.book_ref, COUNT(t.ticket_no) AS ticket_count FROM aviation.bookings AS b JOIN aviation.tickets AS t ON t.book_ref = b.book_ref WHERE b.book_date >= DATE '2025-05-26' AND b.book_date < DATE '2025-06-25' GROUP BY b.book_ref HAVING COUNT(t.ticket_no) >= 2",261,1,2,0,True,False,False,2,2,2,2,1,0,0,0,0,3446.49,3498.14,1377.0,15,117905.0,59.186,5,4,2,Aggregate,2,0,0,0,1,0,0,0,1,4342,0,0,0
flight_occupancy,"SELECT f.flight_id, COUNT(DISTINCT tf.ticket_no) AS tickets, COUNT(DISTINCT bp.ticket_no) AS boarded FROM aviation.flights AS f LEFT JOIN aviation.ticket_flights AS tf ON tf.flight_id = f.flight_id LEFT JOIN aviation.boarding_passes AS bp ON bp.flight_id = tf.flight_id AND bp.ticket_no = tf.ticket_no WHERE f.flight_id = 9541 GROUP BY f.flight_id",347,2,1,0,True,False,False,3,3,3,2,0,2,0,0,0,2112.95,2113.12,1.0,20,62.0,13.421,8,5,3,Aggregate,1,1,1,0,0,1,1,2,1,4197,0,0,0
route_revenue,"SELECT f.departure_airport, f.arrival_airport, SUM(tf.amount) AS revenue FROM aviation.flights AS f JOIN aviation.ticket_flights AS tf ON tf.flight_id = f.flight_id WHERE f.departure_airport = 'LED' GROUP BY f.departure_airport, f.arrival_airport ORDER BY revenue DESC",268,1,1,0,True,True,False,2,2,3,1,1,0,0,0,0,2388.4,2388.43,10.0,40,112020.0,47.714,6,5,2,Sort,2,0,0,0,1,0,0,1,1,3859,0,0,0
passengers_for_booking,"SELECT b.book_ref, b.book_date, t.ticket_no, t.passenger_name FROM aviation.bookings AS b JOIN aviation.tickets AS t ON t.book_ref = b.book_ref WHERE b.book_ref = '044172'",171,1,1,0,False,False,False,2,2,4,0,1,0,0,0,0,0.29,2280.33,2.0,44,5.0,17.009,3,2,2,Nested Loop,1,1,0,0,0,0,1,0,0,2050,0,0,0
booking_amount_range,"SELECT book_ref, book_date, total_amount FROM aviation.bookings WHERE total_amount BETWEEN 180000 AND 325000",108,0,1,0,False,False,False,1,1,3,0,0,0,0,0,0,0.0,1069.0,14535.0,21,14535.0,13.551,1,1,1,Seq Scan,1,0,0,0,0,0,0,0,0,319,0,0,0
aircraft_seat_capacity,"SELECT a.aircraft_code, a.model, COUNT(s.seat_no) AS seat_count FROM aviation.aircrafts AS a JOIN aviation.seats AS s ON s.aircraft_code = a.aircraft_code WHERE s.fare_conditions = 'Comfort' GROUP BY a.aircraft_code, a.model ORDER BY seat_count DESC",249,1,1,0,True,True,False,2,2,3,1,1,0,0,0,0,18.65,18.67,5.0,27,260.0,0.542,6,5,2,Sort,2,0,0,0,1,0,0,1,1,28,0,0,0
bookings_with_expensive_ticket,"SELECT b.book_ref, b.total_amount FROM aviation.bookings AS b WHERE EXISTS (SELECT 1 FROM aviation.tickets AS t JOIN aviation.ticket_flights AS tf ON tf.ticket_no = t.ticket_no WHERE t.book_ref = b.book_ref AND tf.amount >= 58750)",230,1,3,1,False,False,False,3,3,3,0,1,0,0,0,0,6169.04,7674.53,49909.0,13,461171.0,170.794,7,5,3,Hash Join,3,0,0,0,2,0,0,0,0,9084,0,0,0
flight_revenue,"SELECT f.flight_id, f.flight_no, COUNT(*) AS ticket_count, SUM(tf.amount) AS revenue FROM aviation.flights AS f JOIN aviation.ticket_flights AS tf ON tf.flight_id = f.flight_id WHERE f.flight_id = 2702 GROUP BY f.flight_id, f.flight_no",235,1,1,0,True,False,False,2,2,4,2,1,0,0,0,0,0.29,2092.47,1.0,51,22.0,14.541,4,3,2,Aggregate,1,1,0,0,0,0,1,0,1,2511,0,0,0
boarding_pass_lookup,"SELECT bp.boarding_no, bp.seat_no, t.passenger_name FROM aviation.boarding_passes AS bp JOIN aviation.tickets AS t ON t.ticket_no = bp.ticket_no WHERE bp.flight_id = 4941 AND bp.boarding_no BETWEEN 3 AND 6",205,1,2,0,False,False,False,2,2,3,0,1,0,0,0,0,0.71,47.37,4.0,22,9.0,0.242,3,2,2,Nested Loop,0,2,0,0,0,0,1,0,0,38,0,0,0
fare_statistics,"SELECT fare_conditions, COUNT(*) AS ticket_count, AVG(amount) AS average_amount FROM aviation.ticket_flights WHERE fare_conditions = 'Business' AND amount >= 47500 GROUP BY fare_conditions HAVING COUNT(*) > 10",209,0,2,0,True,False,False,1,1,3,3,0,0,0,0,0,0.0,2349.62,1.0,48,3121.0,25.064,2,2,1,Aggregate,1,0,0,0,0,0,0,0,1,1668,0,0,0
high_value_passengers,"SELECT t.passenger_id, t.passenger_name, b.total_amount FROM aviation.tickets AS t JOIN aviation.bookings AS b ON b.book_ref = t.book_ref WHERE b.total_amount >= 247500 ORDER BY b.total_amount DESC LIMIT 100",207,1,1,0,False,True,False,2,2,3,0,1,0,0,0,0,5506.86,5507.11,100.0,33,253802.0,104.481,6,5,2,Limit,2,0,0,0,1,0,0,1,0,5689,0,0,0
flights_without_tickets,"SELECT f.flight_id, f.flight_no FROM aviation.flights AS f WHERE f.scheduled_departure >= DATE '2025-08-30' AND NOT EXISTS (SELECT 1 FROM aviation.ticket_flights AS tf WHERE tf.flight_id = f.flight_id)",201,0,3,1,False,False,False,2,2,3,0,0,0,0,0,0,3084.0,3329.72,1.0,11,203344.0,62.818,4,3,2,Hash Join,2,0,0,0,1,0,0,0,0,2710,0,0,0
top_routes,"SELECT departure_airport, arrival_airport, COUNT(*) AS flight_count FROM aviation.flights WHERE scheduled_departure >= DATE '2025-10-28' AND scheduled_departure < DATE '2025-12-27' GROUP BY departure_airport, arrival_airport ORDER BY flight_count DESC LIMIT 3",259,0,2,0,True,True,False,1,1,3,1,0,0,0,0,0,268.46,268.46,3.0,16,1825.0,2.754,4,4,1,Limit,1,0,0,0,0,0,0,1,1,422,0,0,0
route_by_date,"SELECT flight_id, flight_no, scheduled_departure, status FROM aviation.flights WHERE departure_airport = 'TBS' AND arrival_airport = 'BQT' AND scheduled_departure >= DATE '2025-02-25' AND scheduled_departure < DATE '2025-02-25' + INTERVAL '1 day'",246,0,4,0,False,False,False,1,1,4,0,0,0,0,0,0,0.0,304.0,1.0,27,1.0,2.71,1,1,1,Seq Scan,1,0,0,0,0,0,0,0,0,104,0,0,0
ticket_name_prefix,"SELECT ticket_no, passenger_id, passenger_name FROM aviation.tickets WHERE passenger_name LIKE 'Passenger 26279%' ORDER BY ticket_no LIMIT 50",141,0,1,0,False,True,False,1,1,3,0,0,0,0,0,0,2272.17,2272.19,10.0,41,30.0,19.332,3,3,1,Limit,1,0,0,0,0,0,0,1,0,3072,0,0,0
daily_flight_count,"SELECT scheduled_departure::date AS flight_date, COUNT(*) AS flight_count FROM aviation.flights WHERE departure_airport = 'WAW' GROUP BY scheduled_departure::date ORDER BY flight_date",183,0,1,0,True,True,False,1,1,2,1,0,0,0,0,0,281.33,301.24,993.0,12,2993.0,2.595,3,3,1,Aggregate,1,0,0,0,0,0,0,1,1,318,0,0,0
aircraft_fare_capacity,"SELECT fare_conditions, COUNT(*) AS seat_count FROM aviation.seats WHERE aircraft_code = '321' GROUP BY fare_conditions ORDER BY seat_count DESC",144,0,1,0,True,True,False,1,1,2,1,0,0,0,0,0,17.2,17.21,3.0,16,186.0,0.288,3,3,1,Sort,1,0,0,0,0,0,0,1,1,18,0,0,0
booking_ticket_count,"SELECT b.book_ref, COUNT(t.ticket_no) AS ticket_count FROM aviation.bookings AS b JOIN aviation.tickets AS t ON t.book_ref = b.book_ref WHERE b.book_date >= DATE '2025-05-21' AND b.book_date < DATE '2025-06-20' GROUP BY b.book_ref HAVING COUNT(t.ticket_no) >= 2",261,1,2,0,True,False,False,2,2,2,2,1,0,0,0,0,3447.28,3499.37,1389.0,15,118057.0,54.703,5,4,2,Aggregate,2,0,0,0,1,0,0,0,1,4342,0,0,0
boarding_pass_lookup,"SELECT bp.boarding_no, bp.seat_no, t.passenger_name FROM aviation.boarding_passes AS bp JOIN aviation.tickets AS t ON t.ticket_no = bp.ticket_no WHERE bp.flight_id = 7107 AND bp.boarding_no BETWEEN 5 AND 8",205,1,2,0,False,False,False,2,2,3,0,1,0,0,0,0,0.71,47.37,4.0,22,9.0,0.161,3,2,2,Nested Loop,0,2,0,0,0,0,1,0,0,38,0,0,0
aircraft_flight_counts,"SELECT a.aircraft_code, a.model, COUNT(f.flight_id) AS flight_count FROM aviation.aircrafts AS a LEFT JOIN aviation.flights AS f ON f.aircraft_code = a.aircraft_code WHERE a.range_km >= 5500 GROUP BY a.aircraft_code, a.model",224,1,1,0,True,False,False,2,2,3,1,0,1,0,0,0,283.6,283.63,3.0,27,16009.0,5.866,5,4,2,Aggregate,2,0,0,0,1,0,0,0,1,316,0,0,0
route_by_date,"SELECT flight_id, flight_no, scheduled_departure, status FROM aviation.flights WHERE departure_airport = 'GNA' AND arrival_airport = 'WAW' AND scheduled_departure >= DATE '2025-09-04' AND scheduled_departure < DATE '2025-09-04' + INTERVAL '1 day'",246,0,4,0,False,False,False,1,1,4,0,0,0,0,0,0,0.0,304.0,1.0,27,1.0,2.504,1,1,1,Seq Scan,1,0,0,0,0,0,0,0,0,104,0,0,0
airport_departure_counts,"SELECT departure_airport, COUNT(*) AS flight_count FROM aviation.flights WHERE scheduled_departure >= DATE '2025-05-08' AND scheduled_departure < DATE '2025-05-15' GROUP BY departure_airport ORDER BY flight_count DESC",217,0,2,0,True,True,False,1,1,2,1,0,0,0,0,0,255.25,255.27,10.0,12,216.0,2.987,3,3,1,Sort,1,0,0,0,0,0,0,1,1,315,0,0,0
top_routes,"SELECT departure_airport, arrival_airport, COUNT(*) AS flight_count FROM aviation.flights WHERE scheduled_departure >= DATE '2025-10-28' AND scheduled_departure < DATE '2026-01-26' GROUP BY departure_airport, arrival_airport ORDER BY flight_count DESC LIMIT 5",259,0,2,0,True,True,False,1,1,3,1,0,0,0,0,0,269.8,269.81,5.0,16,1957.0,3.092,4,4,1,Limit,1,0,0,0,0,0,0,1,1,422,0,0,0
ticket_name_prefix,"SELECT ticket_no, passenger_id, passenger_name FROM aviation.tickets WHERE passenger_name LIKE 'Passenger 34629%' ORDER BY ticket_no LIMIT 50",141,0,1,0,False,True,False,1,1,3,0,0,0,0,0,0,2272.17,2272.19,10.0,41,30.0,18.643,3,3,1,Limit,1,0,0,0,0,0,0,1,0,3072,0,0,0
route_revenue,"SELECT f.departure_airport, f.arrival_airport, SUM(tf.amount) AS revenue FROM aviation.flights AS f JOIN aviation.ticket_flights AS tf ON tf.flight_id = f.flight_id WHERE f.departure_airport = 'SVO' GROUP BY f.departure_airport, f.arrival_airport ORDER BY revenue DESC",268,1,1,0,True,True,False,2,2,3,1,1,0,0,0,0,2388.4,2388.43,10.0,40,112020.0,40.524,6,5,2,Sort,2,0,0,0,1,0,0,1,1,3859,0,0,0
high_value_passengers,"SELECT t.passenger_id, t.passenger_name, b.total_amount FROM aviation.tickets AS t JOIN aviation.bookings AS b ON b.book_ref = t.book_ref WHERE b.total_amount >= 410000 ORDER BY b.total_amount DESC LIMIT 100",207,1,1,0,False,True,False,2,2,3,0,1,0,0,0,0,4034.04,4034.29,100.0,33,154442.0,63.705,6,5,2,Limit,2,0,0,0,1,0,0,1,0,5689,0,0,0
flights_without_tickets,"SELECT f.flight_id, f.flight_no FROM aviation.flights AS f WHERE f.scheduled_departure >= DATE '2025-09-08' AND NOT EXISTS (SELECT 1 FROM aviation.ticket_flights AS tf WHERE tf.flight_id = f.flight_id)",201,0,3,1,False,False,False,2,2,3,0,0,0,0,0,0,3084.0,3328.51,1.0,11,203103.0,54.72,4,3,2,Hash Join,2,0,0,0,1,0,0,0,0,2710,0,0,0
passengers_for_booking,"SELECT b.book_ref, b.book_date, t.ticket_no, t.passenger_name FROM aviation.bookings AS b JOIN aviation.tickets AS t ON t.book_ref = b.book_ref WHERE b.book_ref = '043903'",171,1,1,0,False,False,False,2,2,4,0,1,0,0,0,0,0.29,2280.33,2.0,44,5.0,16.389,3,2,2,Nested Loop,1,1,0,0,0,0,1,0,0,2050,0,0,0
daily_flight_count,"SELECT scheduled_departure::date AS flight_date, COUNT(*) AS flight_count FROM aviation.flights WHERE departure_airport = 'LED' GROUP BY scheduled_departure::date ORDER BY flight_date",183,0,1,0,True,True,False,1,1,2,1,0,0,0,0,0,281.33,301.24,993.0,12,2993.0,2.695,3,3,1,Aggregate,1,0,0,0,0,0,0,1,1,318,0,0,0
flight_revenue,"SELECT f.flight_id, f.flight_no, COUNT(*) AS ticket_count, SUM(tf.amount) AS revenue FROM aviation.flights AS f JOIN aviation.ticket_flights AS tf ON tf.flight_id = f.flight_id WHERE f.flight_id = 552 GROUP BY f.flight_id, f.flight_no",234,1,1,0,True,False,False,2,2,4,2,1,0,0,0,0,0.29,2092.47,1.0,51,22.0,13.439,4,3,2,Aggregate,1,1,0,0,0,0,1,0,1,2511,0,0,0
unboarded_tickets,"SELECT tf.ticket_no, tf.fare_conditions FROM aviation.ticket_flights AS tf LEFT JOIN aviation.boarding_passes AS bp ON bp.ticket_no = tf.ticket_no AND bp.flight_id = tf.flight_id WHERE tf.flight_id = 3259 AND bp.ticket_no IS NULL",229,1,2,0,False,False,False,2,2,2,0,0,1,0,0,0,0.29,2109.74,10.0,22,40.0,14.945,4,3,2,Nested Loop,1,1,0,0,0,0,1,0,0,1677,0,0,0
bookings_with_expensive_ticket,"SELECT b.book_ref, b.total_amount FROM aviation.bookings AS b WHERE EXISTS (SELECT 1 FROM aviation.tickets AS t JOIN aviation.ticket_flights AS tf ON tf.ticket_no = t.ticket_no WHERE t.book_ref = b.book_ref AND tf.amount >= 99500)",230,1,3,1,False,False,False,3,3,3,0,1,0,0,0,0,5170.32,6339.68,19695.0,13,248475.0,107.766,7,5,3,Hash Join,3,0,0,0,2,0,0,0,0,8896,0,0,0
recent_flights_sorted,"SELECT flight_no, departure_airport, arrival_airport, scheduled_departure FROM aviation.flights WHERE departure_airport = 'IST' ORDER BY scheduled_departure DESC LIMIT 50",170,0,1,0,False,True,False,1,1,4,0,0,0,0,0,0,262.22,262.34,50.0,23,2050.0,2.98,3,3,1,Limit,1,0,0,0,0,0,0,1,0,318,0,0,0
booking_amount_range,"SELECT book_ref, book_date, total_amount FROM aviation.bookings WHERE total_amount BETWEEN 135000 AND 240000",108,0,1,0,False,False,False,1,1,3,0,0,0,0,0,0,0.0,1069.0,10542.0,21,10542.0,13.642,1,1,1,Seq Scan,1,0,0,0,0,0,0,0,0,319,0,0,0
passenger_flight_history,"SELECT t.passenger_id, t.passenger_name, f.flight_no, f.scheduled_departure, tf.fare_conditions FROM aviation.tickets AS t JOIN aviation.ticket_flights AS tf ON tf.ticket_no = t.ticket_no JOIN aviation.flights AS f ON f.flight_id = tf.flight_id WHERE t.passenger_id = '9439-019438' AND f.status = 'On Time' ORDER BY f.scheduled_departure DESC",342,2,2,0,False,True,False,3,3,5,0,2,0,0,0,0,2280.77,2280.77,1.0,50,6.0,17.166,6,4,3,Sort,1,2,0,0,0,0,2,1,0,4116,0,0,0
ticket_fare_lookup,"SELECT t.ticket_no, tf.flight_id, tf.amount FROM aviation.tickets AS t JOIN aviation.ticket_flights AS tf ON tf.ticket_no = t.ticket_no WHERE t.passenger_id = '7062-057057' AND tf.fare_conditions = 'Comfort'",207,1,2,0,False,False,False,2,2,3,0,1,0,0,0,0,0.42,2280.45,1.0,24,3.0,16.246,3,2,2,Nested Loop,1,1,0,0,0,0,1,0,0,2052,0,0,0
aircraft_seat_capacity,"SELECT a.aircraft_code, a.model, COUNT(s.seat_no) AS seat_count FROM aviation.aircrafts AS a JOIN aviation.seats AS s ON s.aircraft_code = a.aircraft_code WHERE s.fare_conditions = 'Comfort' GROUP BY a.aircraft_code, a.model ORDER BY seat_count DESC",249,1,1,0,True,True,False,2,2,3,1,1,0,0,0,0,18.65,18.67,5.0,27,260.0,0.442,6,5,2,Sort,2,0,0,0,1,0,0,1,1,28,0,0,0
fare_statistics,"SELECT fare_conditions, COUNT(*) AS ticket_count, AVG(amount) AS average_amount FROM aviation.ticket_flights WHERE fare_conditions = 'Business' AND amount >= 8500 GROUP BY fare_conditions HAVING COUNT(*) > 10",208,0,2,0,True,False,False,1,1,3,3,0,0,0,0,0,0.0,2357.6,1.0,48,4717.0,29.012,2,2,1,Aggregate,1,0,0,0,0,0,0,0,1,1668,0,0,0
flight_occupancy,"SELECT f.flight_id, COUNT(DISTINCT tf.ticket_no) AS tickets, COUNT(DISTINCT bp.ticket_no) AS boarded FROM aviation.flights AS f LEFT JOIN aviation.ticket_flights AS tf ON tf.flight_id = f.flight_id LEFT JOIN aviation.boarding_passes AS bp ON bp.flight_id = tf.flight_id AND bp.ticket_no = tf.ticket_no WHERE f.flight_id = 1283 GROUP BY f.flight_id",347,2,1,0,True,False,False,3,3,3,2,0,2,0,0,0,2112.95,2113.12,1.0,20,62.0,15.615,8,5,3,Aggregate,1,1,1,0,0,1,1,2,1,4193,0,0,0
airport_connections,"SELECT dep.city AS departure_city, arr.city AS arrival_city, COUNT(*) AS flights FROM aviation.flights AS f JOIN aviation.airports AS dep ON dep.airport_code = f.departure_airport JOIN aviation.airports AS arr ON arr.airport_code = f.arrival_airport WHERE f.departure_airport = 'IST' AND f.status = 'Departed' GROUP BY dep.city, arr.city",337,2,2,0,True,False,False,3,2,3,1,2,0,0,0,0,261.66,261.76,10.0,24,781.0,2.149,7,4,2,Aggregate,3,0,0,0,1,0,1,0,1,420,0,0,0
bookings_with_expensive_ticket,"SELECT b.book_ref, b.total_amount FROM aviation.bookings AS b WHERE EXISTS (SELECT 1 FROM aviation.tickets AS t JOIN aviation.ticket_flights AS tf ON tf.ticket_no = t.ticket_no WHERE t.book_ref = b.book_ref AND tf.amount >= 71250)",230,1,3,1,False,False,False,3,3,3,0,1,0,0,0,0,5997.66,7429.98,43333.0,13,366665.0,149.618,7,5,3,Hash Join,3,0,0,0,2,0,0,0,0,8896,0,0,0
flight_revenue,"SELECT f.flight_id, f.flight_no, COUNT(*) AS ticket_count, SUM(tf.amount) AS revenue FROM aviation.flights AS f JOIN aviation.ticket_flights AS tf ON tf.flight_id = f.flight_id WHERE f.flight_id = 7430 GROUP BY f.flight_id, f.flight_no",235,1,1,0,True,False,False,2,2,4,2,1,0,0,0,0,0.29,2092.47,1.0,51,22.0,12.871,4,3,2,Aggregate,1,1,0,0,0,0,1,0,1,2511,0,0,0
fare_statistics,"SELECT fare_conditions, COUNT(*) AS ticket_count, AVG(amount) AS average_amount FROM aviation.ticket_flights WHERE fare_conditions = 'Business' AND amount >= 54750 GROUP BY fare_conditions HAVING COUNT(*) > 10",209,0,2,0,True,False,False,1,1,3,3,0,0,0,0,0,0.0,2348.12,1.0,48,2821.0,24.862,2,2,1,Aggregate,1,0,0,0,0,0,0,0,1,1668,0,0,0
ticket_name_prefix,"SELECT ticket_no, passenger_id, passenger_name FROM aviation.tickets WHERE passenger_name LIKE 'Passenger 10161%' ORDER BY ticket_no LIMIT 50",141,0,1,0,False,True,False,1,1,3,0,0,0,0,0,0,2272.17,2272.19,10.0,41,30.0,19.061,3,3,1,Limit,1,0,0,0,0,0,0,1,0,3072,0,0,0
route_by_date,"SELECT flight_id, flight_no, scheduled_departure, status FROM aviation.flights WHERE departure_airport = 'TBS' AND arrival_airport = 'BQT' AND scheduled_departure >= DATE '2025-06-13' AND scheduled_departure < DATE '2025-06-13' + INTERVAL '1 day'",246,0,4,0,False,False,False,1,1,4,0,0,0,0,0,0,0.0,304.0,1.0,27,1.0,3.479,1,1,1,Seq Scan,1,0,0,0,0,0,0,0,0,104,0,0,0
airport_departure_counts,"SELECT departure_airport, COUNT(*) AS flight_count FROM aviation.flights WHERE scheduled_departure >= DATE '2025-09-12' AND scheduled_departure < DATE '2025-09-19' GROUP BY departure_airport ORDER BY flight_count DESC",217,0,2,0,True,True,False,1,1,2,1,0,0,0,0,0,255.22,255.24,10.0,12,210.0,2.283,3,3,1,Sort,1,0,0,0,0,0,0,1,1,315,0,0,0
flight_occupancy,"SELECT f.flight_id, COUNT(DISTINCT tf.ticket_no) AS tickets, COUNT(DISTINCT bp.ticket_no) AS boarded FROM aviation.flights AS f LEFT JOIN aviation.ticket_flights AS tf ON tf.flight_id = f.flight_id LEFT JOIN aviation.boarding_passes AS bp ON bp.flight_id = tf.flight_id AND bp.ticket_no = tf.ticket_no WHERE f.flight_id = 650 GROUP BY f.flight_id",346,2,1,0,True,False,False,3,3,3,2,0,2,0,0,0,2112.95,2113.12,1.0,20,62.0,14.423,8,5,3,Aggregate,1,1,1,0,0,1,1,2,1,4197,0,0,0
booking_ticket_count,"SELECT b.book_ref, COUNT(t.ticket_no) AS ticket_count FROM aviation.bookings AS b JOIN aviation.tickets AS t ON t.book_ref = b.book_ref WHERE b.book_date >= DATE '2024-12-14' AND b.book_date < DATE '2024-12-28' GROUP BY b.book_ref HAVING COUNT(t.ticket_no) >= 2",261,1,2,0,True,False,False,2,2,2,2,1,0,0,0,0,3396.77,3420.79,641.0,15,108329.0,50.767,5,4,2,Aggregate,2,0,0,0,1,0,0,0,1,4342,0,0,0
recent_flights_sorted,"SELECT flight_no, departure_airport, arrival_airport, scheduled_departure FROM aviation.flights WHERE departure_airport = 'GME' ORDER BY scheduled_departure DESC LIMIT 50",170,0,1,0,False,True,False,1,1,4,0,0,0,0,0,0,262.22,262.34,50.0,23,2050.0,2.954,3,3,1,Limit,1,0,0,0,0,0,0,1,0,318,0,0,0
unboarded_tickets,"SELECT tf.ticket_no, tf.fare_conditions FROM aviation.ticket_flights AS tf LEFT JOIN aviation.boarding_passes AS bp ON bp.ticket_no = tf.ticket_no AND bp.flight_id = tf.flight_id WHERE tf.flight_id = 3860 AND bp.ticket_no IS NULL",229,1,2,0,False,False,False,2,2,2,0,0,1,0,0,0,0.29,2109.74,10.0,22,40.0,14.648,4,3,2,Nested Loop,1,1,0,0,0,0,1,0,0,1680,0,0,0
booking_amount_range,"SELECT book_ref, book_date, total_amount FROM aviation.bookings WHERE total_amount BETWEEN 225000 AND 355000",108,0,1,0,False,False,False,1,1,3,0,0,0,0,0,0,0.0,1069.0,13191.0,21,13191.0,14.148,1,1,1,Seq Scan,1,0,0,0,0,0,0,0,0,319,0,0,0
flights_without_tickets,"SELECT f.flight_id, f.flight_no FROM aviation.flights AS f WHERE f.scheduled_departure >= DATE '2025-02-28' AND NOT EXISTS (SELECT 1 FROM aviation.ticket_flights AS tf WHERE tf.flight_id = f.flight_id)",201,0,3,1,False,False,False,2,2,3,0,0,0,0,0,0,3084.0,3354.87,1.0,11,208375.0,55.972,4,3,2,Hash Join,2,0,0,0,1,0,0,0,0,2710,0,0,0
ticket_fare_lookup,"SELECT t.ticket_no, tf.flight_id, tf.amount FROM aviation.tickets AS t JOIN aviation.ticket_flights AS tf ON tf.ticket_no = t.ticket_no WHERE t.passenger_id = '9488-059483' AND tf.fare_conditions = 'Economy'",207,1,2,0,False,False,False,2,2,3,0,1,0,0,0,0,0.42,2280.45,1.0,24,3.0,18.68,3,2,2,Nested Loop,1,1,0,0,0,0,1,0,0,2052,0,0,0
route_revenue,"SELECT f.departure_airport, f.arrival_airport, SUM(tf.amount) AS revenue FROM aviation.flights AS f JOIN aviation.ticket_flights AS tf ON tf.flight_id = f.flight_id WHERE f.departure_airport = 'IST' GROUP BY f.departure_airport, f.arrival_airport ORDER BY revenue DESC",268,1,1,0,True,True,False,2,2,3,1,1,0,0,0,0,2388.4,2388.43,10.0,40,112020.0,44.243,6,5,2,Sort,2,0,0,0,1,0,0,1,1,3859,0,0,0
passengers_for_booking,"SELECT b.book_ref, b.book_date, t.ticket_no, t.passenger_name FROM aviation.bookings AS b JOIN aviation.tickets AS t ON t.book_ref = b.book_ref WHERE b.book_ref = '026513'",171,1,1,0,False,False,False,2,2,4,0,1,0,0,0,0,0.29,2280.33,2.0,44,5.0,19.299,3,2,2,Nested Loop,1,1,0,0,0,0,1,0,0,2050,0,0,0
boarding_pass_lookup,"SELECT bp.boarding_no, bp.seat_no, t.passenger_name FROM aviation.boarding_passes AS bp JOIN aviation.tickets AS t ON t.ticket_no = bp.ticket_no WHERE bp.flight_id = 9876 AND bp.boarding_no BETWEEN 5 AND 9",205,1,2,0,False,False,False,2,2,3,0,1,0,0,0,0,0.71,57.58,5.0,22,11.0,0.039,3,2,2,Nested Loop,0,2,0,0,0,0,1,0,0,4,0,0,0
airport_connections,"SELECT dep.city AS departure_city, arr.city AS arrival_city, COUNT(*) AS flights FROM aviation.flights AS f JOIN aviation.airports AS dep ON dep.airport_code = f.departure_airport JOIN aviation.airports AS arr ON arr.airport_code = f.arrival_airport WHERE f.departure_airport = 'TBS' AND f.status = 'Scheduled' GROUP BY dep.city, arr.city",338,2,2,0,True,False,False,3,2,3,1,2,0,0,0,0,261.66,261.76,10.0,24,781.0,6.226,7,4,2,Aggregate,3,0,0,0,1,0,1,0,1,424,0,0,0
high_value_passengers,"SELECT t.passenger_id, t.passenger_name, b.total_amount FROM aviation.tickets AS t JOIN aviation.bookings AS b ON b.book_ref = t.book_ref WHERE b.total_amount >= 157500 ORDER BY b.total_amount DESC LIMIT 100",207,1,1,0,False,True,False,2,2,3,0,1,0,0,0,0,6308.73,6308.98,100.0,33,307898.0,191.525,6,5,2,Limit,2,0,0,0,1,0,0,1,0,5689,0,0,0
top_routes,"SELECT departure_airport, arrival_airport, COUNT(*) AS flight_count FROM aviation.flights WHERE scheduled_departure >= DATE '2025-04-27' AND scheduled_departure < DATE '2025-05-27' GROUP BY departure_airport, arrival_airport ORDER BY flight_count DESC LIMIT 5",259,0,2,0,True,True,False,1,1,3,1,0,0,0,0,0,262.95,262.97,5.0,16,1044.0,7.327,4,4,1,Limit,1,0,0,0,0,0,0,1,1,422,0,0,0
aircraft_flight_counts,"SELECT a.aircraft_code, a.model, COUNT(f.flight_id) AS flight_count FROM aviation.aircrafts AS a LEFT JOIN aviation.flights AS f ON f.aircraft_code = a.aircraft_code WHERE a.range_km >= 4250 GROUP BY a.aircraft_code, a.model",224,1,1,0,True,False,False,2,2,3,1,0,1,0,0,0,303.62,303.68,5.0,27,20015.0,10.12,5,4,2,Aggregate,2,0,0,0,1,0,0,0,1,316,0,0,0
passenger_flight_history,"SELECT t.passenger_id, t.passenger_name, f.flight_no, f.scheduled_departure, tf.fare_conditions FROM aviation.tickets AS t JOIN aviation.ticket_flights AS tf ON tf.ticket_no = t.ticket_no JOIN aviation.flights AS f ON f.flight_id = tf.flight_id WHERE t.passenger_id = '2278-032275' AND f.status = 'Arrived' ORDER BY f.scheduled_departure DESC",342,2,2,0,False,True,False,3,3,5,0,2,0,0,0,0,2280.77,2280.77,1.0,50,6.0,15.964,6,4,3,Sort,1,2,0,0,0,0,2,1,0,4116,0,0,0
daily_flight_count,"SELECT scheduled_departure::date AS flight_date, COUNT(*) AS flight_count FROM aviation.flights WHERE departure_airport = 'BQT' GROUP BY scheduled_departure::date ORDER BY flight_date",183,0,1,0,True,True,False,1,1,2,1,0,0,0,0,0,281.33,301.24,993.0,12,2993.0,2.683,3,3,1,Aggregate,1,0,0,0,0,0,0,1,1,318,0,0,0
aircraft_fare_capacity,"SELECT fare_conditions, COUNT(*) AS seat_count FROM aviation.seats WHERE aircraft_code = 'SU9' GROUP BY fare_conditions ORDER BY seat_count DESC",144,0,1,0,True,True,False,1,1,2,1,0,0,0,0,0,17.2,17.21,3.0,16,186.0,0.288,3,3,1,Sort,1,0,0,0,0,0,0,1,1,18,0,0,0
aircraft_seat_capacity,"SELECT a.aircraft_code, a.model, COUNT(s.seat_no) AS seat_count FROM aviation.aircrafts AS a JOIN aviation.seats AS s ON s.aircraft_code = a.aircraft_code WHERE s.fare_conditions = 'Comfort' GROUP BY a.aircraft_code, a.model ORDER BY seat_count DESC",249,1,1,0,True,True,False,2,2,3,1,1,0,0,0,0,18.65,18.67,5.0,27,260.0,0.412,6,5,2,Sort,2,0,0,0,1,0,0,1,1,28,0,0,0
flight_revenue,"SELECT f.flight_id, f.flight_no, COUNT(*) AS ticket_count, SUM(tf.amount) AS revenue FROM aviation.flights AS f JOIN aviation.ticket_flights AS tf ON tf.flight_id = f.flight_id WHERE f.flight_id = 4624 GROUP BY f.flight_id, f.flight_no",235,1,1,0,True,False,False,2,2,4,2,1,0,0,0,0,0.29,2092.47,1.0,51,22.0,14.795,4,3,2,Aggregate,1,1,0,0,0,0,1,0,1,2511,0,0,0
daily_flight_count,"SELECT scheduled_departure::date AS flight_date, COUNT(*) AS flight_count FROM aviation.flights WHERE departure_airport = 'VTB' GROUP BY scheduled_departure::date ORDER BY flight_date",183,0,1,0,True,True,False,1,1,2,1,0,0,0,0,0,281.33,301.24,993.0,12,2993.0,2.531,3,3,1,Aggregate,1,0,0,0,0,0,0,1,1,318,0,0,0
recent_flights_sorted,"SELECT flight_no, departure_airport, arrival_airport, scheduled_departure FROM aviation.flights WHERE departure_airport = 'TBS' ORDER BY scheduled_departure DESC LIMIT 100",171,0,1,0,False,True,False,1,1,4,0,0,0,0,0,0,267.22,267.47,100.0,23,2100.0,2.821,3,3,1,Limit,1,0,0,0,0,0,0,1,0,318,0,0,0
flight_occupancy,"SELECT f.flight_id, COUNT(DISTINCT tf.ticket_no) AS tickets, COUNT(DISTINCT bp.ticket_no) AS boarded FROM aviation.flights AS f LEFT JOIN aviation.ticket_flights AS tf ON tf.flight_id = f.flight_id LEFT JOIN aviation.boarding_passes AS bp ON bp.flight_id = tf.flight_id AND bp.ticket_no = tf.ticket_no WHERE f.flight_id = 8929 GROUP BY f.flight_id",347,2,1,0,True,False,False,3,3,3,2,0,2,0,0,0,2112.95,2113.12,1.0,20,62.0,15.399,8,5,3,Aggregate,1,1,1,0,0,1,1,2,1,4197,0,0,0
bookings_with_expensive_ticket,"SELECT b.book_ref, b.total_amount FROM aviation.bookings AS b WHERE EXISTS (SELECT 1 FROM aviation.tickets AS t JOIN aviation.ticket_flights AS tf ON tf.ticket_no = t.ticket_no WHERE t.book_ref = b.book_ref AND tf.amount >= 60500)",230,1,3,1,False,False,False,3,3,3,0,1,0,0,0,0,6147.44,7652.93,49909.0,13,456887.0,188.855,7,5,3,Hash Join,3,0,0,0,2,0,0,0,0,9084,0,0,0
aircraft_flight_counts,"SELECT a.aircraft_code, a.model, COUNT(f.flight_id) AS flight_count FROM aviation.aircrafts AS a LEFT JOIN aviation.flights AS f ON f.aircraft_code = a.aircraft_code WHERE a.range_km >= 6750 GROUP BY a.aircraft_code, a.model",224,1,1,0,True,False,False,2,2,3,1,0,1,0,0,0,273.59,273.61,2.0,27,14006.0,4.45,5,4,2,Aggregate,2,0,0,0,1,0,0,0,1,316,0,0,0
unboarded_tickets,"SELECT tf.ticket_no, tf.fare_conditions FROM aviation.ticket_flights AS tf LEFT JOIN aviation.boarding_passes AS bp ON bp.ticket_no = tf.ticket_no AND bp.flight_id = tf.flight_id WHERE tf.flight_id = 9931 AND bp.ticket_no IS NULL",229,1,2,0,False,False,False,2,2,2,0,0,1,0,0,0,0.29,2109.74,10.0,22,40.0,13.312,4,3,2,Nested Loop,1,1,0,0,0,0,1,0,0,1677,0,0,0
airport_connections,"SELECT dep.city AS departure_city, arr.city AS arrival_city, COUNT(*) AS flights FROM aviation.flights AS f JOIN aviation.airports AS dep ON dep.airport_code = f.departure_airport JOIN aviation.airports AS arr ON arr.airport_code = f.arrival_airport WHERE f.departure_airport = 'GME' AND f.status = 'Departed' GROUP BY dep.city, arr.city",337,2,2,0,True,False,False,3,2,3,1,2,0,0,0,0,261.66,261.76,10.0,24,781.0,2.492,7,4,2,Aggregate,3,0,0,0,1,0,1,0,1,424,0,0,0
flights_without_tickets,"SELECT f.flight_id, f.flight_no FROM aviation.flights AS f WHERE f.scheduled_departure >= DATE '2025-05-24' AND NOT EXISTS (SELECT 1 FROM aviation.ticket_flights AS tf WHERE tf.flight_id = f.flight_id)",201,0,3,1,False,False,False,2,2,3,0,0,0,0,0,0,3084.0,3342.97,1.0,11,205994.0,62.194,4,3,2,Hash Join,2,0,0,0,1,0,0,0,0,2710,0,0,0
booking_ticket_count,"SELECT b.book_ref, COUNT(t.ticket_no) AS ticket_count FROM aviation.bookings AS b JOIN aviation.tickets AS t ON t.book_ref = b.book_ref WHERE b.book_date >= DATE '2025-07-07' AND b.book_date < DATE '2025-07-14' GROUP BY b.book_ref HAVING COUNT(t.ticket_no) >= 2",261,1,2,0,True,False,False,2,2,2,2,1,0,0,0,0,3375.14,3387.16,320.0,15,104164.0,44.708,5,4,2,Aggregate,2,0,0,0,1,0,0,0,1,4342,0,0,0
fare_statistics,"SELECT fare_conditions, COUNT(*) AS ticket_count, AVG(amount) AS average_amount FROM aviation.ticket_flights WHERE fare_conditions = 'Economy' AND amount >= 6500 GROUP BY fare_conditions HAVING COUNT(*) > 10",207,0,2,0,True,False,False,1,1,3,3,0,0,0,0,0,0.0,2728.15,1.0,48,78827.0,58.265,2,2,1,Aggregate,1,0,0,0,0,0,0,0,1,1668,0,0,0
passenger_flight_history,"SELECT t.passenger_id, t.passenger_name, f.flight_no, f.scheduled_departure, tf.fare_conditions FROM aviation.tickets AS t JOIN aviation.ticket_flights AS tf ON tf.ticket_no = t.ticket_no JOIN aviation.flights AS f ON f.flight_id = tf.flight_id WHERE t.passenger_id = '0313-030310' AND f.status = 'Arrived' ORDER BY f.scheduled_departure DESC",342,2,2,0,False,True,False,3,3,5,0,2,0,0,0,0,2280.77,2280.77,1.0,50,6.0,17.07,6,4,3,Sort,1,2,0,0,0,0,2,1,0,4116,0,0,0
high_value_passengers,"SELECT t.passenger_id, t.passenger_name, b.total_amount FROM aviation.tickets AS t JOIN aviation.bookings AS b ON b.book_ref = t.book_ref WHERE b.total_amount >= 387500 ORDER BY b.total_amount DESC LIMIT 100",207,1,1,0,False,True,False,2,2,3,0,1,0,0,0,0,4236.91,4237.16,100.0,33,168128.0,72.77,6,5,2,Limit,2,0,0,0,1,0,0,1,0,5689,0,0,0
airport_departure_counts,"SELECT departure_airport, COUNT(*) AS flight_count FROM aviation.flights WHERE scheduled_departure >= DATE '2025-02-13' AND scheduled_departure < DATE '2025-03-15' GROUP BY departure_airport ORDER BY flight_count DESC",217,0,2,0,True,True,False,1,1,2,1,0,0,0,0,0,258.47,258.5,10.0,12,861.0,3.437,3,3,1,Sort,1,0,0,0,0,0,0,1,1,315,0,0,0
aircraft_seat_capacity,"SELECT a.aircraft_code, a.model, COUNT(s.seat_no) AS seat_count FROM aviation.aircrafts AS a JOIN aviation.seats AS s ON s.aircraft_code = a.aircraft_code WHERE s.fare_conditions = 'Comfort' GROUP BY a.aircraft_code, a.model ORDER BY seat_count DESC",249,1,1,0,True,True,False,2,2,3,1,1,0,0,0,0,18.65,18.67,5.0,27,260.0,0.397,6,5,2,Sort,2,0,0,0,1,0,0,1,1,28,0,0,0
ticket_name_prefix,"SELECT ticket_no, passenger_id, passenger_name FROM aviation.tickets WHERE passenger_name LIKE 'Passenger 46602%' ORDER BY ticket_no LIMIT 50",141,0,1,0,False,True,False,1,1,3,0,0,0,0,0,0,2272.17,2272.19,10.0,41,30.0,31.79,3,3,1,Limit,1,0,0,0,0,0,0,1,0,3072,0,0,0
route_by_date,"SELECT flight_id, flight_no, scheduled_departure, status FROM aviation.flights WHERE departure_airport = 'BQT' AND arrival_airport = 'GNA' AND scheduled_departure >= DATE '2025-03-01' AND scheduled_departure < DATE '2025-03-01' + INTERVAL '1 day'",246,0,4,0,False,False,False,1,1,4,0,0,0,0,0,0,0.0,304.0,1.0,27,1.0,3.145,1,1,1,Seq Scan,1,0,0,0,0,0,0,0,0,104,0,0,0
ticket_fare_lookup,"SELECT t.ticket_no, tf.flight_id, tf.amount FROM aviation.tickets AS t JOIN aviation.ticket_flights AS tf ON tf.ticket_no = t.ticket_no WHERE t.passenger_id = '0742-050737' AND tf.fare_conditions = 'Comfort'",207,1,2,0,False,False,False,2,2,3,0,1,0,0,0,0,0.42,2280.45,1.0,24,3.0,16.204,3,2,2,Nested Loop,1,1,0,0,0,0,1,0,0,2052,0,0,0
route_revenue,"SELECT f.departure_airport, f.arrival_airport, SUM(tf.amount) AS revenue FROM aviation.flights AS f JOIN aviation.ticket_flights AS tf ON tf.flight_id = f.flight_id WHERE f.departure_airport = 'VTB' GROUP BY f.departure_airport, f.arrival_airport ORDER BY revenue DESC",268,1,1,0,True,True,False,2,2,3,1,1,0,0,0,0,2388.4,2388.43,10.0,40,112020.0,45.414,6,5,2,Sort,2,0,0,0,1,0,0,1,1,3859,0,0,0
boarding_pass_lookup,"SELECT bp.boarding_no, bp.seat_no, t.passenger_name FROM aviation.boarding_passes AS bp JOIN aviation.tickets AS t ON t.ticket_no = bp.ticket_no WHERE bp.flight_id = 8808 AND bp.boarding_no BETWEEN 1 AND 6",205,1,2,0,False,False,False,2,2,3,0,1,0,0,0,0,0.71,67.79,6.0,22,13.0,0.297,3,2,2,Nested Loop,0,2,0,0,0,0,1,0,0,54,0,0,0
passengers_for_booking,"SELECT b.book_ref, b.book_date, t.ticket_no, t.passenger_name FROM aviation.bookings AS b JOIN aviation.tickets AS t ON t.book_ref = b.book_ref WHERE b.book_ref = '033711'",171,1,1,0,False,False,False,2,2,4,0,1,0,0,0,0,0.29,2280.33,2.0,44,5.0,16.881,3,2,2,Nested Loop,1,1,0,0,0,0,1,0,0,2050,0,0,0
aircraft_fare_capacity,"SELECT fare_conditions, COUNT(*) AS seat_count FROM aviation.seats WHERE aircraft_code = '738' GROUP BY fare_conditions ORDER BY seat_count DESC",144,0,1,0,True,True,False,1,1,2,1,0,0,0,0,0,17.2,17.21,3.0,16,186.0,0.407,3,3,1,Sort,1,0,0,0,0,0,0,1,1,18,0,0,0
top_routes,"SELECT departure_airport, arrival_airport, COUNT(*) AS flight_count FROM aviation.flights WHERE scheduled_departure >= DATE '2025-03-09' AND scheduled_departure < DATE '2025-05-08' GROUP BY departure_airport, arrival_airport ORDER BY flight_count DESC LIMIT 5",259,0,2,0,True,True,False,1,1,3,1,0,0,0,0,0,269.26,269.27,5.0,16,1885.0,4.021,4,4,1,Limit,1,0,0,0,0,0,0,1,1,422,0,0,0
booking_amount_range,"SELECT book_ref, book_date, total_amount FROM aviation.bookings WHERE total_amount BETWEEN 205000 AND 295000",108,0,1,0,False,False,False,1,1,3,0,0,0,0,0,0,0.0,1069.0,9001.0,21,9001.0,13.658,1,1,1,Seq Scan,1,0,0,0,0,0,0,0,0,319,0,0,0
route_by_date,"SELECT flight_id, flight_no, scheduled_departure, status FROM aviation.flights WHERE departure_airport = 'WAW' AND arrival_airport = 'MSQ' AND scheduled_departure >= DATE '2025-09-02' AND scheduled_departure < DATE '2025-09-02' + INTERVAL '1 day'",246,0,4,0,False,False,False,1,1,4,0,0,0,0,0,0,0.0,304.0,1.0,27,1.0,2.241,1,1,1,Seq Scan,1,0,0,0,0,0,0,0,0,104,0,0,0
ticket_fare_lookup,"SELECT t.ticket_no, tf.flight_id, tf.amount FROM aviation.tickets AS t JOIN aviation.ticket_flights AS tf ON tf.ticket_no = t.ticket_no WHERE t.passenger_id = '3098-053093' AND tf.fare_conditions = 'Economy'",207,1,2,0,False,False,False,2,2,3,0,1,0,0,0,0,0.42,2280.45,1.0,24,3.0,16.834,3,2,2,Nested Loop,1,1,0,0,0,0,1,0,0,2052,0,0,0
aircraft_flight_counts,"SELECT a.aircraft_code, a.model, COUNT(f.flight_id) AS flight_count FROM aviation.aircrafts AS a LEFT JOIN aviation.flights AS f ON f.aircraft_code = a.aircraft_code WHERE a.range_km >= 5250 GROUP BY a.aircraft_code, a.model",224,1,1,0,True,False,False,2,2,3,1,0,1,0,0,0,293.61,293.65,4.0,27,18012.0,7.783,5,4,2,Aggregate,2,0,0,0,1,0,0,0,1,316,0,0,0
flight_occupancy,"SELECT f.flight_id, COUNT(DISTINCT tf.ticket_no) AS tickets, COUNT(DISTINCT bp.ticket_no) AS boarded FROM aviation.flights AS f LEFT JOIN aviation.ticket_flights AS tf ON tf.flight_id = f.flight_id LEFT JOIN aviation.boarding_passes AS bp ON bp.flight_id = tf.flight_id AND bp.ticket_no = tf.ticket_no WHERE f.flight_id = 1171 GROUP BY f.flight_id",347,2,1,0,True,False,False,3,3,3,2,0,2,0,0,0,2112.95,2113.12,1.0,20,62.0,15.347,8,5,3,Aggregate,1,1,1,0,0,1,1,2,1,4197,0,0,0
airport_departure_counts,"SELECT departure_airport, COUNT(*) AS flight_count FROM aviation.flights WHERE scheduled_departure >= DATE '2025-06-05' AND scheduled_departure < DATE '2025-08-04' GROUP BY departure_airport ORDER BY flight_count DESC",217,0,2,0,True,True,False,1,1,2,1,0,0,0,0,0,262.37,262.4,10.0,12,1641.0,3.492,3,3,1,Sort,1,0,0,0,0,0,0,1,1,315,0,0,0
recent_flights_sorted,"SELECT flight_no, departure_airport, arrival_airport, scheduled_departure FROM aviation.flights WHERE departure_airport = 'MSQ' ORDER BY scheduled_departure DESC LIMIT 10",170,0,1,0,False,True,False,1,1,4,0,0,0,0,0,0,250.61,250.63,10.0,23,2010.0,2.217,3,3,1,Limit,1,0,0,0,0,0,0,1,0,318,0,0,0
passengers_for_booking,"SELECT b.book_ref, b.book_date, t.ticket_no, t.passenger_name FROM aviation.bookings AS b JOIN aviation.tickets AS t ON t.book_ref = b.book_ref WHERE b.book_ref = '041532'",171,1,1,0,False,False,False,2,2,4,0,1,0,0,0,0,0.29,2280.33,2.0,44,5.0,16.799,3,2,2,Nested Loop,1,1,0,0,0,0,1,0,0,2050,0,0,0
booking_ticket_count,"SELECT b.book_ref, COUNT(t.ticket_no) AS ticket_count FROM aviation.bookings AS b JOIN aviation.tickets AS t ON t.book_ref = b.book_ref WHERE b.book_date >= DATE '2025-05-14' AND b.book_date < DATE '2025-06-13' GROUP BY b.book_ref HAVING COUNT(t.ticket_no) >= 2",261,1,2,0,True,False,False,2,2,2,2,1,0,0,0,0,3448.02,3500.52,1400.0,15,118200.0,57.309,5,4,2,Aggregate,2,0,0,0,1,0,0,0,1,4342,0,0,0
boarding_pass_lookup,"SELECT bp.boarding_no, bp.seat_no, t.passenger_name FROM aviation.boarding_passes AS bp JOIN aviation.tickets AS t ON t.ticket_no = bp.ticket_no WHERE bp.flight_id = 7712 AND bp.boarding_no BETWEEN 3 AND 6",205,1,2,0,False,False,False,2,2,3,0,1,0,0,0,0,0.71,47.37,4.0,22,9.0,0.179,3,2,2,Nested Loop,0,2,0,0,0,0,1,0,0,38,0,0,0
fare_statistics,"SELECT fare_conditions, COUNT(*) AS ticket_count, AVG(amount) AS average_amount FROM aviation.ticket_flights WHERE fare_conditions = 'Economy' AND amount >= 52250 GROUP BY fare_conditions HAVING COUNT(*) > 10",208,0,2,0,True,False,False,1,1,3,3,0,0,0,0,0,0.0,2574.01,1.0,48,47999.0,38.216,2,2,1,Aggregate,1,0,0,0,0,0,0,0,1,1668,0,0,0
passenger_flight_history,"SELECT t.passenger_id, t.passenger_name, f.flight_no, f.scheduled_departure, tf.fare_conditions FROM aviation.tickets AS t JOIN aviation.ticket_flights AS tf ON tf.ticket_no = t.ticket_no JOIN aviation.flights AS f ON f.flight_id = tf.flight_id WHERE t.passenger_id = '1049-091040' AND f.status = 'Arrived' ORDER BY f.scheduled_departure DESC",342,2,2,0,False,True,False,3,3,5,0,2,0,0,0,0,2280.77,2280.77,1.0,50,6.0,17.078,6,4,3,Sort,1,2,0,0,0,0,2,1,0,4116,0,0,0
booking_amount_range,"SELECT book_ref, book_date, total_amount FROM aviation.bookings WHERE total_amount BETWEEN 330000 AND 390000",108,0,1,0,False,False,False,1,1,3,0,0,0,0,0,0,0.0,1069.0,6186.0,21,6186.0,14.857,1,1,1,Seq Scan,1,0,0,0,0,0,0,0,0,319,0,0,0
top_routes,"SELECT departure_airport, arrival_airport, COUNT(*) AS flight_count FROM aviation.flights WHERE scheduled_departure >= DATE '2025-11-01' AND scheduled_departure < DATE '2025-12-01' GROUP BY departure_airport, arrival_airport ORDER BY flight_count DESC LIMIT 10",260,0,2,0,True,True,False,1,1,3,1,0,0,0,0,0,263.24,263.26,10.0,16,1020.0,2.536,4,4,1,Limit,1,0,0,0,0,0,0,1,1,422,0,0,0
route_revenue,"SELECT f.departure_airport, f.arrival_airport, SUM(tf.amount) AS revenue FROM aviation.flights AS f JOIN aviation.ticket_flights AS tf ON tf.flight_id = f.flight_id WHERE f.departure_airport = 'GME' GROUP BY f.departure_airport, f.arrival_airport ORDER BY revenue DESC",268,1,1,0,True,True,False,2,2,3,1,1,0,0,0,0,2388.4,2388.43,10.0,40,112020.0,47.417,6,5,2,Sort,2,0,0,0,1,0,0,1,1,3859,0,0,0
high_value_passengers,"SELECT t.passenger_id, t.passenger_name, b.total_amount FROM aviation.tickets AS t JOIN aviation.bookings AS b ON b.book_ref = t.book_ref WHERE b.total_amount >= 242500 ORDER BY b.total_amount DESC LIMIT 100",207,1,1,0,False,True,False,2,2,3,0,1,0,0,0,0,5549.82,5550.07,100.0,33,256700.0,101.039,6,5,2,Limit,2,0,0,0,1,0,0,1,0,5689,0,0,0
flights_without_tickets,"SELECT f.flight_id, f.flight_no FROM aviation.flights AS f WHERE f.scheduled_departure >= DATE '2025-08-28' AND NOT EXISTS (SELECT 1 FROM aviation.ticket_flights AS tf WHERE tf.flight_id = f.flight_id)",201,0,3,1,False,False,False,2,2,3,0,0,0,0,0,0,3084.0,3329.99,1.0,11,203399.0,65.057,4,3,2,Hash Join,2,0,0,0,1,0,0,0,0,2710,0,0,0
daily_flight_count,"SELECT scheduled_departure::date AS flight_date, COUNT(*) AS flight_count FROM aviation.flights WHERE departure_airport = 'VTB' GROUP BY scheduled_departure::date ORDER BY flight_date",183,0,1,0,True,True,False,1,1,2,1,0,0,0,0,0,281.33,301.24,993.0,12,2993.0,2.809,3,3,1,Aggregate,1,0,0,0,0,0,0,1,1,318,0,0,0
ticket_name_prefix,"SELECT ticket_no, passenger_id, passenger_name FROM aviation.tickets WHERE passenger_name LIKE 'Passenger 15252%' ORDER BY ticket_no LIMIT 50",141,0,1,0,False,True,False,1,1,3,0,0,0,0,0,0,2272.17,2272.19,10.0,41,30.0,19.729,3,3,1,Limit,1,0,0,0,0,0,0,1,0,3072,0,0,0
aircraft_fare_capacity,"SELECT fare_conditions, COUNT(*) AS seat_count FROM aviation.seats WHERE aircraft_code = 'E95' GROUP BY fare_conditions ORDER BY seat_count DESC",144,0,1,0,True,True,False,1,1,2,1,0,0,0,0,0,17.2,17.21,3.0,16,186.0,0.378,3,3,1,Sort,1,0,0,0,0,0,0,1,1,18,0,0,0
flight_revenue,"SELECT f.flight_id, f.flight_no, COUNT(*) AS ticket_count, SUM(tf.amount) AS revenue FROM aviation.flights AS f JOIN aviation.ticket_flights AS tf ON tf.flight_id = f.flight_id WHERE f.flight_id = 9470 GROUP BY f.flight_id, f.flight_no",235,1,1,0,True,False,False,2,2,4,2,1,0,0,0,0,0.29,2092.47,1.0,51,22.0,14.721,4,3,2,Aggregate,1,1,0,0,0,0,1,0,1,2511,0,0,0
aircraft_seat_capacity,"SELECT a.aircraft_code, a.model, COUNT(s.seat_no) AS seat_count FROM aviation.aircrafts AS a JOIN aviation.seats AS s ON s.aircraft_code = a.aircraft_code WHERE s.fare_conditions = 'Comfort' GROUP BY a.aircraft_code, a.model ORDER BY seat_count DESC",249,1,1,0,True,True,False,2,2,3,1,1,0,0,0,0,18.65,18.67,5.0,27,260.0,0.569,6,5,2,Sort,2,0,0,0,1,0,0,1,1,28,0,0,0
bookings_with_expensive_ticket,"SELECT b.book_ref, b.total_amount FROM aviation.bookings AS b WHERE EXISTS (SELECT 1 FROM aviation.tickets AS t JOIN aviation.ticket_flights AS tf ON tf.ticket_no = t.ticket_no WHERE t.book_ref = b.book_ref AND tf.amount >= 84500)",230,1,3,1,False,False,False,3,3,3,0,1,0,0,0,0,5611.57,6921.18,32302.0,13,311510.0,144.76,7,5,3,Hash Join,3,0,0,0,2,0,0,0,0,8896,0,0,0
unboarded_tickets,"SELECT tf.ticket_no, tf.fare_conditions FROM aviation.ticket_flights AS tf LEFT JOIN aviation.boarding_passes AS bp ON bp.ticket_no = tf.ticket_no AND bp.flight_id = tf.flight_id WHERE tf.flight_id = 6667 AND bp.ticket_no IS NULL",229,1,2,0,False,False,False,2,2,2,0,0,1,0,0,0,0.29,2109.74,10.0,22,40.0,13.497,4,3,2,Nested Loop,1,1,0,0,0,0,1,0,0,1677,0,0,0
airport_connections,"SELECT dep.city AS departure_city, arr.city AS arrival_city, COUNT(*) AS flights FROM aviation.flights AS f JOIN aviation.airports AS dep ON dep.airport_code = f.departure_airport JOIN aviation.airports AS arr ON arr.airport_code = f.arrival_airport WHERE f.departure_airport = 'MSQ' AND f.status = 'Arrived' GROUP BY dep.city, arr.city",336,2,2,0,True,False,False,3,2,3,1,2,0,0,0,0,261.66,261.76,10.0,24,781.0,1.953,7,4,2,Aggregate,3,0,0,0,1,0,1,0,1,420,0,0,0
bookings_with_expensive_ticket,"SELECT b.book_ref, b.total_amount FROM aviation.bookings AS b WHERE EXISTS (SELECT 1 FROM aviation.tickets AS t JOIN aviation.ticket_flights AS tf ON tf.ticket_no = t.ticket_no WHERE t.book_ref = b.book_ref AND tf.amount >= 62250)",230,1,3,1,False,False,False,3,3,3,0,1,0,0,0,0,6125.16,7630.65,49909.0,13,452468.0,177.094,7,5,3,Hash Join,3,0,0,0,2,0,0,0,0,9084,0,0,0
fare_statistics,"SELECT fare_conditions, COUNT(*) AS ticket_count, AVG(amount) AS average_amount FROM aviation.ticket_flights WHERE fare_conditions = 'Economy' AND amount >= 58750 GROUP BY fare_conditions HAVING COUNT(*) > 10",208,0,2,0,True,False,False,1,1,3,3,0,0,0,0,0,0.0,2552.31,1.0,48,43660.0,38.129,2,2,1,Aggregate,1,0,0,0,0,0,0,0,1,1668,0,0,0
route_revenue,"SELECT f.departure_airport, f.arrival_airport, SUM(tf.amount) AS revenue FROM aviation.flights AS f JOIN aviation.ticket_flights AS tf ON tf.flight_id = f.flight_id WHERE f.departure_airport = 'MSQ' GROUP BY f.departure_airport, f.arrival_airport ORDER BY revenue DESC",268,1,1,0,True,True,False,2,2,3,1,1,0,0,0,0,2388.4,2388.43,10.0,40,112020.0,43.935,6,5,2,Sort,2,0,0,0,1,0,0,1,1,3859,0,0,0
recent_flights_sorted,"SELECT flight_no, departure_airport, arrival_airport, scheduled_departure FROM aviation.flights WHERE departure_airport = 'SVO' ORDER BY scheduled_departure DESC LIMIT 10",170,0,1,0,False,True,False,1,1,4,0,0,0,0,0,0,250.61,250.63,10.0,23,2010.0,2.347,3,3,1,Limit,1,0,0,0,0,0,0,1,0,318,0,0,0
high_value_passengers,"SELECT t.passenger_id, t.passenger_name, b.total_amount FROM aviation.tickets AS t JOIN aviation.bookings AS b ON b.book_ref = t.book_ref WHERE b.total_amount >= 227500 ORDER BY b.total_amount DESC LIMIT 100",207,1,1,0,False,True,False,2,2,3,0,1,0,0,0,0,5682.87,5683.12,100.0,33,265676.0,107.363,6,5,2,Limit,2,0,0,0,1,0,0,1,0,5689,0,0,0
daily_flight_count,"SELECT scheduled_departure::date AS flight_date, COUNT(*) AS flight_count FROM aviation.flights WHERE departure_airport = 'LED' GROUP BY scheduled_departure::date ORDER BY flight_date",183,0,1,0,True,True,False,1,1,2,1,0,0,0,0,0,281.33,301.24,993.0,12,2993.0,2.603,3,3,1,Aggregate,1,0,0,0,0,0,0,1,1,318,0,0,0
passenger_flight_history,"SELECT t.passenger_id, t.passenger_name, f.flight_no, f.scheduled_departure, tf.fare_conditions FROM aviation.tickets AS t JOIN aviation.ticket_flights AS tf ON tf.ticket_no = t.ticket_no JOIN aviation.flights AS f ON f.flight_id = tf.flight_id WHERE t.passenger_id = '8372-048368' AND f.status = 'Arrived' ORDER BY f.scheduled_departure DESC",342,2,2,0,False,True,False,3,3,5,0,2,0,0,0,0,2280.77,2280.77,1.0,50,6.0,17.624,6,4,3,Sort,1,2,0,0,0,0,2,1,0,4116,0,0,0
flight_occupancy,"SELECT f.flight_id, COUNT(DISTINCT tf.ticket_no) AS tickets, COUNT(DISTINCT bp.ticket_no) AS boarded FROM aviation.flights AS f LEFT JOIN aviation.ticket_flights AS tf ON tf.flight_id = f.flight_id LEFT JOIN aviation.boarding_passes AS bp ON bp.flight_id = tf.flight_id AND bp.ticket_no = tf.ticket_no WHERE f.flight_id = 9852 GROUP BY f.flight_id",347,2,1,0,True,False,False,3,3,3,2,0,2,0,0,0,2112.95,2113.12,1.0,20,62.0,14.773,8,5,3,Aggregate,1,1,1,0,0,1,1,2,1,4197,0,0,0
aircraft_seat_capacity,"SELECT a.aircraft_code, a.model, COUNT(s.seat_no) AS seat_count FROM aviation.aircrafts AS a JOIN aviation.seats AS s ON s.aircraft_code = a.aircraft_code WHERE s.fare_conditions = 'Economy' GROUP BY a.aircraft_code, a.model ORDER BY seat_count DESC",249,1,1,0,True,True,False,2,2,3,1,1,0,0,0,0,24.56,24.58,5.0,27,1460.0,0.842,6,5,2,Sort,2,0,0,0,1,0,0,1,1,28,0,0,0
passengers_for_booking,"SELECT b.book_ref, b.book_date, t.ticket_no, t.passenger_name FROM aviation.bookings AS b JOIN aviation.tickets AS t ON t.book_ref = b.book_ref WHERE b.book_ref = '019054'",171,1,1,0,False,False,False,2,2,4,0,1,0,0,0,0,0.29,2280.33,2.0,44,5.0,15.997,3,2,2,Nested Loop,1,1,0,0,0,0,1,0,0,2050,0,0,0
aircraft_fare_capacity,"SELECT fare_conditions, COUNT(*) AS seat_count FROM aviation.seats WHERE aircraft_code = '320' GROUP BY fare_conditions ORDER BY seat_count DESC",144,0,1,0,True,True,False,1,1,2,1,0,0,0,0,0,17.2,17.21,3.0,16,186.0,0.314,3,3,1,Sort,1,0,0,0,0,0,0,1,1,18,0,0,0
unboarded_tickets,"SELECT tf.ticket_no, tf.fare_conditions FROM aviation.ticket_flights AS tf LEFT JOIN aviation.boarding_passes AS bp ON bp.ticket_no = tf.ticket_no AND bp.flight_id = tf.flight_id WHERE tf.flight_id = 4537 AND bp.ticket_no IS NULL",229,1,2,0,False,False,False,2,2,2,0,0,1,0,0,0,0.29,2109.74,10.0,22,40.0,15.529,4,3,2,Nested Loop,1,1,0,0,0,0,1,0,0,1677,0,0,0
top_routes,"SELECT departure_airport, arrival_airport, COUNT(*) AS flight_count FROM aviation.flights WHERE scheduled_departure >= DATE '2025-04-26' AND scheduled_departure < DATE '2025-07-25' GROUP BY departure_airport, arrival_airport ORDER BY flight_count DESC LIMIT 5",259,0,2,0,True,True,False,1,1,3,1,0,0,0,0,0,275.11,275.12,5.0,16,2665.0,3.921,4,4,1,Limit,1,0,0,0,0,0,0,1,1,422,0,0,0
airport_departure_counts,"SELECT departure_airport, COUNT(*) AS flight_count FROM aviation.flights WHERE scheduled_departure >= DATE '2025-04-15' AND scheduled_departure < DATE '2025-06-14' GROUP BY departure_airport ORDER BY flight_count DESC",217,0,2,0,True,True,False,1,1,2,1,0,0,0,0,0,262.58,262.6,10.0,12,1682.0,3.289,3,3,1,Sort,1,0,0,0,0,0,0,1,1,315,0,0,0
ticket_name_prefix,"SELECT ticket_no, passenger_id, passenger_name FROM aviation.tickets WHERE passenger_name LIKE 'Passenger 891%' ORDER BY ticket_no LIMIT 50",139,0,1,0,False,True,False,1,1,3,0,0,0,0,0,0,2272.17,2272.19,10.0,41,30.0,19.521,3,3,1,Limit,1,0,0,0,0,0,0,1,0,3072,0,0,0
route_by_date,"SELECT flight_id, flight_no, scheduled_departure, status FROM aviation.flights WHERE departure_airport = 'IST' AND arrival_airport = 'GME' AND scheduled_departure >= DATE '2025-04-09' AND scheduled_departure < DATE '2025-04-09' + INTERVAL '1 day'",246,0,4,0,False,False,False,1,1,4,0,0,0,0,0,0,0.0,304.0,1.0,27,1.0,2.486,1,1,1,Seq Scan,1,0,0,0,0,0,0,0,0,104,0,0,0
flights_without_tickets,"SELECT f.flight_id, f.flight_no FROM aviation.flights AS f WHERE f.scheduled_departure >= DATE '2025-04-13' AND NOT EXISTS (SELECT 1 FROM aviation.ticket_flights AS tf WHERE tf.flight_id = f.flight_id)",201,0,3,1,False,False,False,2,2,3,0,0,0,0,0,0,3084.0,3348.7,1.0,11,207142.0,53.889,4,3,2,Hash Join,2,0,0,0,1,0,0,0,0,2710,0,0,0
aircraft_flight_counts,"SELECT a.aircraft_code, a.model, COUNT(f.flight_id) AS flight_count FROM aviation.aircrafts AS a LEFT JOIN aviation.flights AS f ON f.aircraft_code = a.aircraft_code WHERE a.range_km >= 4500 GROUP BY a.aircraft_code, a.model",224,1,1,0,True,False,False,2,2,3,1,0,1,0,0,0,303.62,303.68,5.0,27,20015.0,8.657,5,4,2,Aggregate,2,0,0,0,1,0,0,0,1,316,0,0,0
flight_revenue,"SELECT f.flight_id, f.flight_no, COUNT(*) AS ticket_count, SUM(tf.amount) AS revenue FROM aviation.flights AS f JOIN aviation.ticket_flights AS tf ON tf.flight_id = f.flight_id WHERE f.flight_id = 3683 GROUP BY f.flight_id, f.flight_no",235,1,1,0,True,False,False,2,2,4,2,1,0,0,0,0,0.29,2092.47,1.0,51,22.0,13.801,4,3,2,Aggregate,1,1,0,0,0,0,1,0,1,2511,0,0,0
booking_amount_range,"SELECT book_ref, book_date, total_amount FROM aviation.bookings WHERE total_amount BETWEEN 135000 AND 200000",108,0,1,0,False,False,False,1,1,3,0,0,0,0,0,0,0.0,1069.0,6559.0,21,6559.0,13.615,1,1,1,Seq Scan,1,0,0,0,0,0,0,0,0,319,0,0,0
airport_connections,"SELECT dep.city AS departure_city, arr.city AS arrival_city, COUNT(*) AS flights FROM aviation.flights AS f JOIN aviation.airports AS dep ON dep.airport_code = f.departure_airport JOIN aviation.airports AS arr ON arr.airport_code = f.arrival_airport WHERE f.departure_airport = 'BQT' AND f.status = 'On Time' GROUP BY dep.city, arr.city",336,2,2,0,True,False,False,3,2,3,1,2,0,0,0,0,261.66,261.76,10.0,24,781.0,2.926,7,4,2,Aggregate,3,0,0,0,1,0,1,0,1,424,0,0,0
booking_ticket_count,"SELECT b.book_ref, COUNT(t.ticket_no) AS ticket_count FROM aviation.bookings AS b JOIN aviation.tickets AS t ON t.book_ref = b.book_ref WHERE b.book_date >= DATE '2024-12-17' AND b.book_date < DATE '2025-01-16' GROUP BY b.book_ref HAVING COUNT(t.ticket_no) >= 2",261,1,2,0,True,False,False,2,2,2,2,1,0,0,0,0,3443.72,3493.84,1336.0,15,117372.0,67.124,5,4,2,Aggregate,2,0,0,0,1,0,0,0,1,4342,0,0,0
boarding_pass_lookup,"SELECT bp.boarding_no, bp.seat_no, t.passenger_name FROM aviation.boarding_passes AS bp JOIN aviation.tickets AS t ON t.ticket_no = bp.ticket_no WHERE bp.flight_id = 1364 AND bp.boarding_no BETWEEN 5 AND 10",206,1,2,0,False,False,False,2,2,3,0,1,0,0,0,0,0.71,67.79,6.0,22,13.0,0.217,3,2,2,Nested Loop,0,2,0,0,0,0,1,0,0,54,0,0,0
ticket_fare_lookup,"SELECT t.ticket_no, tf.flight_id, tf.amount FROM aviation.tickets AS t JOIN aviation.ticket_flights AS tf ON tf.ticket_no = t.ticket_no WHERE t.passenger_id = '4628-074621' AND tf.fare_conditions = 'Economy'",207,1,2,0,False,False,False,2,2,3,0,1,0,0,0,0,0.42,2280.45,1.0,24,3.0,16.975,3,2,2,Nested Loop,1,1,0,0,0,0,1,0,0,2052,0,0,0
route_revenue,"SELECT f.departure_airport, f.arrival_airport, SUM(tf.amount) AS revenue FROM aviation.flights AS f JOIN aviation.ticket_flights AS tf ON tf.flight_id = f.flight_id WHERE f.departure_airport = 'GNA' GROUP BY f.departure_airport, f.arrival_airport ORDER BY revenue DESC",268,1,1,0,True,True,False,2,2,3,1,1,0,0,0,0,2388.4,2388.43,10.0,40,112020.0,39.58,6,5,2,Sort,2,0,0,0,1,0,0,1,1,3859,0,0,0
bookings_with_expensive_ticket,"SELECT b.book_ref, b.total_amount FROM aviation.bookings AS b WHERE EXISTS (SELECT 1 FROM aviation.tickets AS t JOIN aviation.ticket_flights AS tf ON tf.ticket_no = t.ticket_no WHERE t.book_ref = b.book_ref AND tf.amount >= 108000)",231,1,3,1,False,False,False,3,3,3,0,1,0,0,0,0,4918.61,6007.95,12503.0,13,212515.0,140.281,7,5,3,Hash Join,3,0,0,0,2,0,0,0,0,8896,0,0,0
flights_without_tickets,"SELECT f.flight_id, f.flight_no FROM aviation.flights AS f WHERE f.scheduled_departure >= DATE '2025-01-07' AND NOT EXISTS (SELECT 1 FROM aviation.ticket_flights AS tf WHERE tf.flight_id = f.flight_id)",201,0,3,1,False,False,False,2,2,3,0,0,0,0,0,0,3084.0,3362.15,1.0,11,209832.0,96.216,4,3,2,Hash Join,2,0,0,0,1,0,0,0,0,2710,0,0,0
high_value_passengers,"SELECT t.passenger_id, t.passenger_name, b.total_amount FROM aviation.tickets AS t JOIN aviation.bookings AS b ON b.book_ref = t.book_ref WHERE b.total_amount >= 447500 ORDER BY b.total_amount DESC LIMIT 100",207,1,1,0,False,True,False,2,2,3,0,1,0,0,0,0,3696.16,3696.41,100.0,33,131648.0,65.357,6,5,2,Limit,2,0,0,0,1,0,0,1,0,5689,0,0,0
boarding_pass_lookup,"SELECT bp.boarding_no, bp.seat_no, t.passenger_name FROM aviation.boarding_passes AS bp JOIN aviation.tickets AS t ON t.ticket_no = bp.ticket_no WHERE bp.flight_id = 2825 AND bp.boarding_no BETWEEN 3 AND 8",205,1,2,0,False,False,False,2,2,3,0,1,0,0,0,0,0.71,67.79,6.0,22,13.0,0.332,3,2,2,Nested Loop,0,2,0,0,0,0,1,0,0,54,0,0,0
aircraft_fare_capacity,"SELECT fare_conditions, COUNT(*) AS seat_count FROM aviation.seats WHERE aircraft_code = '738' GROUP BY fare_conditions ORDER BY seat_count DESC",144,0,1,0,True,True,False,1,1,2,1,0,0,0,0,0,17.2,17.21,3.0,16,186.0,0.382,3,3,1,Sort,1,0,0,0,0,0,0,1,1,18,0,0,0
airport_connections,"SELECT dep.city AS departure_city, arr.city AS arrival_city, COUNT(*) AS flights FROM aviation.flights AS f JOIN aviation.airports AS dep ON dep.airport_code = f.departure_airport JOIN aviation.airports AS arr ON arr.airport_code = f.arrival_airport WHERE f.departure_airport = 'SVO' AND f.status = 'Departed' GROUP BY dep.city, arr.city",337,2,2,0,True,False,False,3,2,3,1,2,0,0,0,0,261.66,261.76,10.0,24,781.0,2.792,7,4,2,Aggregate,3,0,0,0,1,0,1,0,1,420,0,0,0
fare_statistics,"SELECT fare_conditions, COUNT(*) AS ticket_count, AVG(amount) AS average_amount FROM aviation.ticket_flights WHERE fare_conditions = 'Economy' AND amount >= 76000 GROUP BY fare_conditions HAVING COUNT(*) > 10",208,0,2,0,True,False,False,1,1,3,3,0,0,0,0,0,0.0,2493.56,1.0,48,31910.0,40.45,2,2,1,Aggregate,1,0,0,0,0,0,0,0,1,1668,0,0,0
aircraft_seat_capacity,"SELECT a.aircraft_code, a.model, COUNT(s.seat_no) AS seat_count FROM aviation.aircrafts AS a JOIN aviation.seats AS s ON s.aircraft_code = a.aircraft_code WHERE s.fare_conditions = 'Comfort' GROUP BY a.aircraft_code, a.model ORDER BY seat_count DESC",249,1,1,0,True,True,False,2,2,3,1,1,0,0,0,0,18.65,18.67,5.0,27,260.0,0.394,6,5,2,Sort,2,0,0,0,1,0,0,1,1,28,0,0,0
flight_revenue,"SELECT f.flight_id, f.flight_no, COUNT(*) AS ticket_count, SUM(tf.amount) AS revenue FROM aviation.flights AS f JOIN aviation.ticket_flights AS tf ON tf.flight_id = f.flight_id WHERE f.flight_id = 9884 GROUP BY f.flight_id, f.flight_no",235,1,1,0,True,False,False,2,2,4,2,1,0,0,0,0,0.29,2092.47,1.0,51,22.0,13.315,4,3,2,Aggregate,1,1,0,0,0,0,1,0,1,2511,0,0,0
flight_occupancy,"SELECT f.flight_id, COUNT(DISTINCT tf.ticket_no) AS tickets, COUNT(DISTINCT bp.ticket_no) AS boarded FROM aviation.flights AS f LEFT JOIN aviation.ticket_flights AS tf ON tf.flight_id = f.flight_id LEFT JOIN aviation.boarding_passes AS bp ON bp.flight_id = tf.flight_id AND bp.ticket_no = tf.ticket_no WHERE f.flight_id = 2177 GROUP BY f.flight_id",347,2,1,0,True,False,False,3,3,3,2,0,2,0,0,0,2112.95,2113.12,1.0,20,62.0,13.418,8,5,3,Aggregate,1,1,1,0,0,1,1,2,1,4201,0,0,0
aircraft_flight_counts,"SELECT a.aircraft_code, a.model, COUNT(f.flight_id) AS flight_count FROM aviation.aircrafts AS a LEFT JOIN aviation.flights AS f ON f.aircraft_code = a.aircraft_code WHERE a.range_km >= 4250 GROUP BY a.aircraft_code, a.model",224,1,1,0,True,False,False,2,2,3,1,0,1,0,0,0,303.62,303.68,5.0,27,20015.0,9.165,5,4,2,Aggregate,2,0,0,0,1,0,0,0,1,316,0,0,0
airport_departure_counts,"SELECT departure_airport, COUNT(*) AS flight_count FROM aviation.flights WHERE scheduled_departure >= DATE '2025-05-24' AND scheduled_departure < DATE '2025-06-07' GROUP BY departure_airport ORDER BY flight_count DESC",217,0,2,0,True,True,False,1,1,2,1,0,0,0,0,0,256.17,256.2,10.0,12,401.0,2.678,3,3,1,Sort,1,0,0,0,0,0,0,1,1,315,0,0,0
passengers_for_booking,"SELECT b.book_ref, b.book_date, t.ticket_no, t.passenger_name FROM aviation.bookings AS b JOIN aviation.tickets AS t ON t.book_ref = b.book_ref WHERE b.book_ref = '039789'",171,1,1,0,False,False,False,2,2,4,0,1,0,0,0,0,0.29,2280.33,2.0,44,5.0,16.734,3,2,2,Nested Loop,1,1,0,0,0,0,1,0,0,2050,0,0,0
unboarded_tickets,"SELECT tf.ticket_no, tf.fare_conditions FROM aviation.ticket_flights AS tf LEFT JOIN aviation.boarding_passes AS bp ON bp.ticket_no = tf.ticket_no AND bp.flight_id = tf.flight_id WHERE tf.flight_id = 1154 AND bp.ticket_no IS NULL",229,1,2,0,False,False,False,2,2,2,0,0,1,0,0,0,0.29,2109.74,10.0,22,40.0,14.874,4,3,2,Nested Loop,1,1,0,0,0,0,1,0,0,1677,0,0,0
top_routes,"SELECT departure_airport, arrival_airport, COUNT(*) AS flight_count FROM aviation.flights WHERE scheduled_departure >= DATE '2025-03-30' AND scheduled_departure < DATE '2025-05-29' GROUP BY departure_airport, arrival_airport ORDER BY flight_count DESC LIMIT 10",260,0,2,0,True,True,False,1,1,3,1,0,0,0,0,0,269.75,269.77,10.0,16,1888.0,5.451,4,4,1,Limit,1,0,0,0,0,0,0,1,1,422,0,0,0
booking_amount_range,"SELECT book_ref, book_date, total_amount FROM aviation.bookings WHERE total_amount BETWEEN 245000 AND 305000",108,0,1,0,False,False,False,1,1,3,0,0,0,0,0,0,0.0,1069.0,6048.0,21,6048.0,12.497,1,1,1,Seq Scan,1,0,0,0,0,0,0,0,0,319,0,0,0
route_by_date,"SELECT flight_id, flight_no, scheduled_departure, status FROM aviation.flights WHERE departure_airport = 'VTB' AND arrival_airport = 'LED' AND scheduled_departure >= DATE '2025-04-19' AND scheduled_departure < DATE '2025-04-19' + INTERVAL '1 day'",246,0,4,0,False,False,False,1,1,4,0,0,0,0,0,0,0.0,304.0,1.0,27,1.0,2.768,1,1,1,Seq Scan,1,0,0,0,0,0,0,0,0,104,0,0,0
ticket_fare_lookup,"SELECT t.ticket_no, tf.flight_id, tf.amount FROM aviation.tickets AS t JOIN aviation.ticket_flights AS tf ON tf.ticket_no = t.ticket_no WHERE t.passenger_id = '7950-097941' AND tf.fare_conditions = 'Economy'",207,1,2,0,False,False,False,2,2,3,0,1,0,0,0,0,0.42,2280.45,1.0,24,3.0,15.776,3,2,2,Nested Loop,1,1,0,0,0,0,1,0,0,2052,0,0,0
daily_flight_count,"SELECT scheduled_departure::date AS flight_date, COUNT(*) AS flight_count FROM aviation.flights WHERE departure_airport = 'GNA' GROUP BY scheduled_departure::date ORDER BY flight_date",183,0,1,0,True,True,False,1,1,2,1,0,0,0,0,0,281.33,301.24,993.0,12,2993.0,2.59,3,3,1,Aggregate,1,0,0,0,0,0,0,1,1,318,0,0,0
ticket_name_prefix,"SELECT ticket_no, passenger_id, passenger_name FROM aviation.tickets WHERE passenger_name LIKE 'Passenger 86121%' ORDER BY ticket_no LIMIT 50",141,0,1,0,False,True,False,1,1,3,0,0,0,0,0,0,2272.17,2272.19,10.0,41,30.0,20.796,3,3,1,Limit,1,0,0,0,0,0,0,1,0,3072,0,0,0
recent_flights_sorted,"SELECT flight_no, departure_airport, arrival_airport, scheduled_departure FROM aviation.flights WHERE departure_airport = 'TBS' ORDER BY scheduled_departure DESC LIMIT 25",170,0,1,0,False,True,False,1,1,4,0,0,0,0,0,0,257.22,257.28,25.0,23,2025.0,2.162,3,3,1,Limit,1,0,0,0,0,0,0,1,0,318,0,0,0
passenger_flight_history,"SELECT t.passenger_id, t.passenger_name, f.flight_no, f.scheduled_departure, tf.fare_conditions FROM aviation.tickets AS t JOIN aviation.ticket_flights AS tf ON tf.ticket_no = t.ticket_no JOIN aviation.flights AS f ON f.flight_id = tf.flight_id WHERE t.passenger_id = '9214-019213' AND f.status = 'Arrived' ORDER BY f.scheduled_departure DESC",342,2,2,0,False,True,False,3,3,5,0,2,0,0,0,0,2280.77,2280.77,1.0,50,6.0,17.134,6,4,3,Sort,1,2,0,0,0,0,2,1,0,4116,0,0,0
booking_ticket_count,"SELECT b.book_ref, COUNT(t.ticket_no) AS ticket_count FROM aviation.bookings AS b JOIN aviation.tickets AS t ON t.book_ref = b.book_ref WHERE b.book_date >= DATE '2025-04-05' AND b.book_date < DATE '2025-05-05' GROUP BY b.book_ref HAVING COUNT(t.ticket_no) >= 2",261,1,2,0,True,False,False,2,2,2,2,1,0,0,0,0,3445.41,3496.46,1361.0,15,117697.0,56.234,5,4,2,Aggregate,2,0,0,0,1,0,0,0,1,4342,0,0,0
booking_ticket_count,"SELECT b.book_ref, COUNT(t.ticket_no) AS ticket_count FROM aviation.bookings AS b JOIN aviation.tickets AS t ON t.book_ref = b.book_ref WHERE b.book_date >= DATE '2025-02-10' AND b.book_date < DATE '2025-02-24' GROUP BY b.book_ref HAVING COUNT(t.ticket_no) >= 2",261,1,2,0,True,False,False,2,2,2,2,1,0,0,0,0,3396.77,3420.79,641.0,15,108329.0,52.739,5,4,2,Aggregate,2,0,0,0,1,0,0,0,1,4342,0,0,0
airport_connections,"SELECT dep.city AS departure_city, arr.city AS arrival_city, COUNT(*) AS flights FROM aviation.flights AS f JOIN aviation.airports AS dep ON dep.airport_code = f.departure_airport JOIN aviation.airports AS arr ON arr.airport_code = f.arrival_airport WHERE f.departure_airport = 'SVO' AND f.status = 'Departed' GROUP BY dep.city, arr.city",337,2,2,0,True,False,False,3,2,3,1,2,0,0,0,0,261.66,261.76,10.0,24,781.0,1.777,7,4,2,Aggregate,3,0,0,0,1,0,1,0,1,420,0,0,0
flights_without_tickets,"SELECT f.flight_id, f.flight_no FROM aviation.flights AS f WHERE f.scheduled_departure >= DATE '2025-05-31' AND NOT EXISTS (SELECT 1 FROM aviation.ticket_flights AS tf WHERE tf.flight_id = f.flight_id)",201,0,3,1,False,False,False,2,2,3,0,0,0,0,0,0,3084.0,3342.01,1.0,11,205802.0,58.055,4,3,2,Hash Join,2,0,0,0,1,0,0,0,0,2710,0,0,0
flight_occupancy,"SELECT f.flight_id, COUNT(DISTINCT tf.ticket_no) AS tickets, COUNT(DISTINCT bp.ticket_no) AS boarded FROM aviation.flights AS f LEFT JOIN aviation.ticket_flights AS tf ON tf.flight_id = f.flight_id LEFT JOIN aviation.boarding_passes AS bp ON bp.flight_id = tf.flight_id AND bp.ticket_no = tf.ticket_no WHERE f.flight_id = 5726 GROUP BY f.flight_id",347,2,1,0,True,False,False,3,3,3,2,0,2,0,0,0,2112.95,2113.12,1.0,20,62.0,13.173,8,5,3,Aggregate,1,1,1,0,0,1,1,2,1,4193,0,0,0
fare_statistics,"SELECT fare_conditions, COUNT(*) AS ticket_count, AVG(amount) AS average_amount FROM aviation.ticket_flights WHERE fare_conditions = 'Comfort' AND amount >= 53250 GROUP BY fare_conditions HAVING COUNT(*) > 10",208,0,2,0,True,False,False,1,1,3,3,0,0,0,0,0,0.0,2374.34,1.0,48,8066.0,26.811,2,2,1,Aggregate,1,0,0,0,0,0,0,0,1,1668,0,0,0
passenger_flight_history,"SELECT t.passenger_id, t.passenger_name, f.flight_no, f.scheduled_departure, tf.fare_conditions FROM aviation.tickets AS t JOIN aviation.ticket_flights AS tf ON tf.ticket_no = t.ticket_no JOIN aviation.flights AS f ON f.flight_id = tf.flight_id WHERE t.passenger_id = '3663-063657' AND f.status = 'On Time' ORDER BY f.scheduled_departure DESC",342,2,2,0,False,True,False,3,3,5,0,2,0,0,0,0,2280.77,2280.77,1.0,50,6.0,17.613,6,4,3,Sort,1,2,0,0,0,0,2,1,0,4116,0,0,0
ticket_name_prefix,"SELECT ticket_no, passenger_id, passenger_name FROM aviation.tickets WHERE passenger_name LIKE 'Passenger 53303%' ORDER BY ticket_no LIMIT 50",141,0,1,0,False,True,False,1,1,3,0,0,0,0,0,0,2272.17,2272.19,10.0,41,30.0,26.207,3,3,1,Limit,1,0,0,0,0,0,0,1,0,3072,0,0,0
high_value_passengers,"SELECT t.passenger_id, t.passenger_name, b.total_amount FROM aviation.tickets AS t JOIN aviation.bookings AS b ON b.book_ref = t.book_ref WHERE b.total_amount >= 170000 ORDER BY b.total_amount DESC LIMIT 100",207,1,1,0,False,True,False,2,2,3,0,1,0,0,0,0,6196.31,6196.56,100.0,33,300314.0,126.559,6,5,2,Limit,2,0,0,0,1,0,0,1,0,5689,0,0,0
bookings_with_expensive_ticket,"SELECT b.book_ref, b.total_amount FROM aviation.bookings AS b WHERE EXISTS (SELECT 1 FROM aviation.tickets AS t JOIN aviation.ticket_flights AS tf ON tf.ticket_no = t.ticket_no WHERE t.book_ref = b.book_ref AND tf.amount >= 98000)",230,1,3,1,False,False,False,3,3,3,0,1,0,0,0,0,5215.89,6399.74,20997.0,13,254985.0,122.238,7,5,3,Hash Join,3,0,0,0,2,0,0,0,0,8896,0,0,0
flight_revenue,"SELECT f.flight_id, f.flight_no, COUNT(*) AS ticket_count, SUM(tf.amount) AS revenue FROM aviation.flights AS f JOIN aviation.ticket_flights AS tf ON tf.flight_id = f.flight_id WHERE f.flight_id = 9646 GROUP BY f.flight_id, f.flight_no",235,1,1,0,True,False,False,2,2,4,2,1,0,0,0,0,0.29,2092.47,1.0,51,22.0,15.664,4,3,2,Aggregate,1,1,0,0,0,0,1,0,1,2511,0,0,0
airport_departure_counts,"SELECT departure_airport, COUNT(*) AS flight_count FROM aviation.flights WHERE scheduled_departure >= DATE '2025-03-12' AND scheduled_departure < DATE '2025-05-11' GROUP BY departure_airport ORDER BY flight_count DESC",217,0,2,0,True,True,False,1,1,2,1,0,0,0,0,0,262.67,262.69,10.0,12,1700.0,3.239,3,3,1,Sort,1,0,0,0,0,0,0,1,1,315,0,0,0
passengers_for_booking,"SELECT b.book_ref, b.book_date, t.ticket_no, t.passenger_name FROM aviation.bookings AS b JOIN aviation.tickets AS t ON t.book_ref = b.book_ref WHERE b.book_ref = '041370'",171,1,1,0,False,False,False,2,2,4,0,1,0,0,0,0,0.29,2280.33,2.0,44,5.0,20.81,3,2,2,Nested Loop,1,1,0,0,0,0,1,0,0,2050,0,0,0
top_routes,"SELECT departure_airport, arrival_airport, COUNT(*) AS flight_count FROM aviation.flights WHERE scheduled_departure >= DATE '2025-06-27' AND scheduled_departure < DATE '2025-07-27' GROUP BY departure_airport, arrival_airport ORDER BY flight_count DESC LIMIT 3",259,0,2,0,True,True,False,1,1,3,1,0,0,0,0,0,262.37,262.37,3.0,16,1013.0,3.475,4,4,1,Limit,1,0,0,0,0,0,0,1,1,422,0,0,0
aircraft_flight_counts,"SELECT a.aircraft_code, a.model, COUNT(f.flight_id) AS flight_count FROM aviation.aircrafts AS a LEFT JOIN aviation.flights AS f ON f.aircraft_code = a.aircraft_code WHERE a.range_km >= 3250 GROUP BY a.aircraft_code, a.model",224,1,1,0,True,False,False,2,2,3,1,0,1,0,0,0,303.62,303.68,5.0,27,20015.0,8.873,5,4,2,Aggregate,2,0,0,0,1,0,0,0,1,316,0,0,0
daily_flight_count,"SELECT scheduled_departure::date AS flight_date, COUNT(*) AS flight_count FROM aviation.flights WHERE departure_airport = 'VTB' GROUP BY scheduled_departure::date ORDER BY flight_date",183,0,1,0,True,True,False,1,1,2,1,0,0,0,0,0,281.33,301.24,993.0,12,2993.0,2.862,3,3,1,Aggregate,1,0,0,0,0,0,0,1,1,318,0,0,0
aircraft_seat_capacity,"SELECT a.aircraft_code, a.model, COUNT(s.seat_no) AS seat_count FROM aviation.aircrafts AS a JOIN aviation.seats AS s ON s.aircraft_code = a.aircraft_code WHERE s.fare_conditions = 'Comfort' GROUP BY a.aircraft_code, a.model ORDER BY seat_count DESC",249,1,1,0,True,True,False,2,2,3,1,1,0,0,0,0,18.65,18.67,5.0,27,260.0,0.387,6,5,2,Sort,2,0,0,0,1,0,0,1,1,28,0,0,0
booking_amount_range,"SELECT book_ref, book_date, total_amount FROM aviation.bookings WHERE total_amount BETWEEN 40000 AND 140000",107,0,1,0,False,False,False,1,1,3,0,0,0,0,0,0,0.0,1069.0,10066.0,21,10066.0,15.232,1,1,1,Seq Scan,1,0,0,0,0,0,0,0,0,319,0,0,0
unboarded_tickets,"SELECT tf.ticket_no, tf.fare_conditions FROM aviation.ticket_flights AS tf LEFT JOIN aviation.boarding_passes AS bp ON bp.ticket_no = tf.ticket_no AND bp.flight_id = tf.flight_id WHERE tf.flight_id = 5004 AND bp.ticket_no IS NULL",229,1,2,0,False,False,False,2,2,2,0,0,1,0,0,0,0.29,2109.74,10.0,22,40.0,14.112,4,3,2,Nested Loop,1,1,0,0,0,0,1,0,0,1677,0,0,0
aircraft_fare_capacity,"SELECT fare_conditions, COUNT(*) AS seat_count FROM aviation.seats WHERE aircraft_code = 'SU9' GROUP BY fare_conditions ORDER BY seat_count DESC",144,0,1,0,True,True,False,1,1,2,1,0,0,0,0,0,17.2,17.21,3.0,16,186.0,0.294,3,3,1,Sort,1,0,0,0,0,0,0,1,1,18,0,0,0
route_by_date,"SELECT flight_id, flight_no, scheduled_departure, status FROM aviation.flights WHERE departure_airport = 'VTB' AND arrival_airport = 'LED' AND scheduled_departure >= DATE '2025-12-05' AND scheduled_departure < DATE '2025-12-05' + INTERVAL '1 day'",246,0,4,0,False,False,False,1,1,4,0,0,0,0,0,0,0.0,304.0,1.0,27,1.0,2.179,1,1,1,Seq Scan,1,0,0,0,0,0,0,0,0,104,0,0,0
ticket_fare_lookup,"SELECT t.ticket_no, tf.flight_id, tf.amount FROM aviation.tickets AS t JOIN aviation.ticket_flights AS tf ON tf.ticket_no = t.ticket_no WHERE t.passenger_id = '2608-062602' AND tf.fare_conditions = 'Business'",208,1,2,0,False,False,False,2,2,3,0,1,0,0,0,0,0.42,2280.45,1.0,24,3.0,18.757,3,2,2,Nested Loop,1,1,0,0,0,0,1,0,0,2052,0,0,0
recent_flights_sorted,"SELECT flight_no, departure_airport, arrival_airport, scheduled_departure FROM aviation.flights WHERE departure_airport = 'IST' ORDER BY scheduled_departure DESC LIMIT 50",170,0,1,0,False,True,False,1,1,4,0,0,0,0,0,0,262.22,262.34,50.0,23,2050.0,3.952,3,3,1,Limit,1,0,0,0,0,0,0,1,0,318,0,0,0
route_revenue,"SELECT f.departure_airport, f.arrival_airport, SUM(tf.amount) AS revenue FROM aviation.flights AS f JOIN aviation.ticket_flights AS tf ON tf.flight_id = f.flight_id WHERE f.departure_airport = 'BQT' GROUP BY f.departure_airport, f.arrival_airport ORDER BY revenue DESC",268,1,1,0,True,True,False,2,2,3,1,1,0,0,0,0,2388.4,2388.43,10.0,40,112020.0,39.857,6,5,2,Sort,2,0,0,0,1,0,0,1,1,3859,0,0,0
boarding_pass_lookup,"SELECT bp.boarding_no, bp.seat_no, t.passenger_name FROM aviation.boarding_passes AS bp JOIN aviation.tickets AS t ON t.ticket_no = bp.ticket_no WHERE bp.flight_id = 2684 AND bp.boarding_no BETWEEN 2 AND 6",205,1,2,0,False,False,False,2,2,3,0,1,0,0,0,0,0.71,57.58,5.0,22,11.0,0.178,3,2,2,Nested Loop,0,2,0,0,0,0,1,0,0,46,0,0,0
flights_without_tickets,"SELECT f.flight_id, f.flight_no FROM aviation.flights AS f WHERE f.scheduled_departure >= DATE '2025-05-31' AND NOT EXISTS (SELECT 1 FROM aviation.ticket_flights AS tf WHERE tf.flight_id = f.flight_id)",201,0,3,1,False,False,False,2,2,3,0,0,0,0,0,0,3084.0,3342.01,1.0,11,205802.0,52.31,4,3,2,Hash Join,2,0,0,0,1,0,0,0,0,2710,0,0,0
bookings_with_expensive_ticket,"SELECT b.book_ref, b.total_amount FROM aviation.bookings AS b WHERE EXISTS (SELECT 1 FROM aviation.tickets AS t JOIN aviation.ticket_flights AS tf ON tf.ticket_no = t.ticket_no WHERE t.book_ref = b.book_ref AND tf.amount >= 59500)",230,1,3,1,False,False,False,3,3,3,0,1,0,0,0,0,6159.68,7665.17,49909.0,13,459314.0,184.735,7,5,3,Hash Join,3,0,0,0,2,0,0,0,0,9084,0,0,0
top_routes,"SELECT departure_airport, arrival_airport, COUNT(*) AS flight_count FROM aviation.flights WHERE scheduled_departure >= DATE '2025-06-26' AND scheduled_departure < DATE '2025-09-24' GROUP BY departure_airport, arrival_airport ORDER BY flight_count DESC LIMIT 5",259,0,2,0,True,True,False,1,1,3,1,0,0,0,0,0,274.89,274.91,5.0,16,2636.0,5.023,4,4,1,Limit,1,0,0,0,0,0,0,1,1,422,0,0,0
boarding_pass_lookup,"SELECT bp.boarding_no, bp.seat_no, t.passenger_name FROM aviation.boarding_passes AS bp JOIN aviation.tickets AS t ON t.ticket_no = bp.ticket_no WHERE bp.flight_id = 7324 AND bp.boarding_no BETWEEN 1 AND 3",205,1,2,0,False,False,False,2,2,3,0,1,0,0,0,0,0.71,37.17,3.0,22,7.0,0.197,3,2,2,Nested Loop,0,2,0,0,0,0,1,0,0,30,0,0,0
unboarded_tickets,"SELECT tf.ticket_no, tf.fare_conditions FROM aviation.ticket_flights AS tf LEFT JOIN aviation.boarding_passes AS bp ON bp.ticket_no = tf.ticket_no AND bp.flight_id = tf.flight_id WHERE tf.flight_id = 8952 AND bp.ticket_no IS NULL",229,1,2,0,False,False,False,2,2,2,0,0,1,0,0,0,0.29,2109.74,10.0,22,40.0,14.131,4,3,2,Nested Loop,1,1,0,0,0,0,1,0,0,1677,0,0,0
aircraft_flight_counts,"SELECT a.aircraft_code, a.model, COUNT(f.flight_id) AS flight_count FROM aviation.aircrafts AS a LEFT JOIN aviation.flights AS f ON f.aircraft_code = a.aircraft_code WHERE a.range_km >= 4750 GROUP BY a.aircraft_code, a.model",224,1,1,0,True,False,False,2,2,3,1,0,1,0,0,0,303.62,303.68,5.0,27,20015.0,8.931,5,4,2,Aggregate,2,0,0,0,1,0,0,0,1,316,0,0,0
route_revenue,"SELECT f.departure_airport, f.arrival_airport, SUM(tf.amount) AS revenue FROM aviation.flights AS f JOIN aviation.ticket_flights AS tf ON tf.flight_id = f.flight_id WHERE f.departure_airport = 'GME' GROUP BY f.departure_airport, f.arrival_airport ORDER BY revenue DESC",268,1,1,0,True,True,False,2,2,3,1,1,0,0,0,0,2388.4,2388.43,10.0,40,112020.0,42.189,6,5,2,Sort,2,0,0,0,1,0,0,1,1,3859,0,0,0
ticket_fare_lookup,"SELECT t.ticket_no, tf.flight_id, tf.amount FROM aviation.tickets AS t JOIN aviation.ticket_flights AS tf ON tf.ticket_no = t.ticket_no WHERE t.passenger_id = '1015-081007' AND tf.fare_conditions = 'Comfort'",207,1,2,0,False,False,False,2,2,3,0,1,0,0,0,0,0.42,2280.45,1.0,24,3.0,16.622,3,2,2,Nested Loop,1,1,0,0,0,0,1,0,0,2052,0,0,0
flight_occupancy,"SELECT f.flight_id, COUNT(DISTINCT tf.ticket_no) AS tickets, COUNT(DISTINCT bp.ticket_no) AS boarded FROM aviation.flights AS f LEFT JOIN aviation.ticket_flights AS tf ON tf.flight_id = f.flight_id LEFT JOIN aviation.boarding_passes AS bp ON bp.flight_id = tf.flight_id AND bp.ticket_no = tf.ticket_no WHERE f.flight_id = 3478 GROUP BY f.flight_id",347,2,1,0,True,False,False,3,3,3,2,0,2,0,0,0,2112.95,2113.12,1.0,20,62.0,14.963,8,5,3,Aggregate,1,1,1,0,0,1,1,2,1,4197,0,0,0
passengers_for_booking,"SELECT b.book_ref, b.book_date, t.ticket_no, t.passenger_name FROM aviation.bookings AS b JOIN aviation.tickets AS t ON t.book_ref = b.book_ref WHERE b.book_ref = '034213'",171,1,1,0,False,False,False,2,2,4,0,1,0,0,0,0,0.29,2280.33,2.0,44,5.0,19.491,3,2,2,Nested Loop,1,1,0,0,0,0,1,0,0,2050,0,0,0
ticket_name_prefix,"SELECT ticket_no, passenger_id, passenger_name FROM aviation.tickets WHERE passenger_name LIKE 'Passenger 73347%' ORDER BY ticket_no LIMIT 50",141,0,1,0,False,True,False,1,1,3,0,0,0,0,0,0,2272.17,2272.19,10.0,41,30.0,24.801,3,3,1,Limit,1,0,0,0,0,0,0,1,0,3072,0,0,0
recent_flights_sorted,"SELECT flight_no, departure_airport, arrival_airport, scheduled_departure FROM aviation.flights WHERE departure_airport = 'BQT' ORDER BY scheduled_departure DESC LIMIT 50",170,0,1,0,False,True,False,1,1,4,0,0,0,0,0,0,262.22,262.34,50.0,23,2050.0,2.337,3,3,1,Limit,1,0,0,0,0,0,0,1,0,318,0,0,0
aircraft_fare_capacity,"SELECT fare_conditions, COUNT(*) AS seat_count FROM aviation.seats WHERE aircraft_code = 'E95' GROUP BY fare_conditions ORDER BY seat_count DESC",144,0,1,0,True,True,False,1,1,2,1,0,0,0,0,0,17.2,17.21,3.0,16,186.0,0.501,3,3,1,Sort,1,0,0,0,0,0,0,1,1,18,0,0,0
high_value_passengers,"SELECT t.passenger_id, t.passenger_name, b.total_amount FROM aviation.tickets AS t JOIN aviation.bookings AS b ON b.book_ref = t.book_ref WHERE b.total_amount >= 425000 ORDER BY b.total_amount DESC LIMIT 100",207,1,1,0,False,True,False,2,2,3,0,1,0,0,0,0,3899.92,3900.17,100.0,33,145394.0,67.215,6,5,2,Limit,2,0,0,0,1,0,0,1,0,5689,0,0,0
booking_amount_range,"SELECT book_ref, book_date, total_amount FROM aviation.bookings WHERE total_amount BETWEEN 175000 AND 260000",108,0,1,0,False,False,False,1,1,3,0,0,0,0,0,0,0.0,1069.0,8497.0,21,8497.0,13.059,1,1,1,Seq Scan,1,0,0,0,0,0,0,0,0,319,0,0,0
route_by_date,"SELECT flight_id, flight_no, scheduled_departure, status FROM aviation.flights WHERE departure_airport = 'IST' AND arrival_airport = 'GME' AND scheduled_departure >= DATE '2025-02-01' AND scheduled_departure < DATE '2025-02-01' + INTERVAL '1 day'",246,0,4,0,False,False,False,1,1,4,0,0,0,0,0,0,0.0,304.0,1.0,27,1.0,2.819,1,1,1,Seq Scan,1,0,0,0,0,0,0,0,0,104,0,0,0
aircraft_seat_capacity,"SELECT a.aircraft_code, a.model, COUNT(s.seat_no) AS seat_count FROM aviation.aircrafts AS a JOIN aviation.seats AS s ON s.aircraft_code = a.aircraft_code WHERE s.fare_conditions = 'Economy' GROUP BY a.aircraft_code, a.model ORDER BY seat_count DESC",249,1,1,0,True,True,False,2,2,3,1,1,0,0,0,0,24.56,24.58,5.0,27,1460.0,0.88,6,5,2,Sort,2,0,0,0,1,0,0,1,1,28,0,0,0
booking_ticket_count,"SELECT b.book_ref, COUNT(t.ticket_no) AS ticket_count FROM aviation.bookings AS b JOIN aviation.tickets AS t ON t.book_ref = b.book_ref WHERE b.book_date >= DATE '2025-03-17' AND b.book_date < DATE '2025-03-24' GROUP BY b.book_ref HAVING COUNT(t.ticket_no) >= 2",261,1,2,0,True,False,False,2,2,2,2,1,0,0,0,0,3375.28,3387.37,322.0,15,104190.0,47.284,5,4,2,Aggregate,2,0,0,0,1,0,0,0,1,4342,0,0,0
flight_revenue,"SELECT f.flight_id, f.flight_no, COUNT(*) AS ticket_count, SUM(tf.amount) AS revenue FROM aviation.flights AS f JOIN aviation.ticket_flights AS tf ON tf.flight_id = f.flight_id WHERE f.flight_id = 8632 GROUP BY f.flight_id, f.flight_no",235,1,1,0,True,False,False,2,2,4,2,1,0,0,0,0,0.29,2092.47,1.0,51,22.0,13.523,4,3,2,Aggregate,1,1,0,0,0,0,1,0,1,2511,0,0,0
fare_statistics,"SELECT fare_conditions, COUNT(*) AS ticket_count, AVG(amount) AS average_amount FROM aviation.ticket_flights WHERE fare_conditions = 'Economy' AND amount >= 26750 GROUP BY fare_conditions HAVING COUNT(*) > 10",208,0,2,0,True,False,False,1,1,3,3,0,0,0,0,0,0.0,2659.29,1.0,48,65056.0,44.706,2,2,1,Aggregate,1,0,0,0,0,0,0,0,1,1668,0,0,0
airport_departure_counts,"SELECT departure_airport, COUNT(*) AS flight_count FROM aviation.flights WHERE scheduled_departure >= DATE '2025-01-20' AND scheduled_departure < DATE '2025-03-21' GROUP BY departure_airport ORDER BY flight_count DESC",217,0,2,0,True,True,False,1,1,2,1,0,0,0,0,0,262.66,262.69,10.0,12,1699.0,3.175,3,3,1,Sort,1,0,0,0,0,0,0,1,1,315,0,0,0
airport_connections,"SELECT dep.city AS departure_city, arr.city AS arrival_city, COUNT(*) AS flights FROM aviation.flights AS f JOIN aviation.airports AS dep ON dep.airport_code = f.departure_airport JOIN aviation.airports AS arr ON arr.airport_code = f.arrival_airport WHERE f.departure_airport = 'IST' AND f.status = 'Arrived' GROUP BY dep.city, arr.city",336,2,2,0,True,False,False,3,2,3,1,2,0,0,0,0,261.66,261.76,10.0,24,781.0,2.564,7,4,2,Aggregate,3,0,0,0,1,0,1,0,1,424,0,0,0
daily_flight_count,"SELECT scheduled_departure::date AS flight_date, COUNT(*) AS flight_count FROM aviation.flights WHERE departure_airport = 'TBS' GROUP BY scheduled_departure::date ORDER BY flight_date",183,0,1,0,True,True,False,1,1,2,1,0,0,0,0,0,281.33,301.24,993.0,12,2993.0,2.444,3,3,1,Aggregate,1,0,0,0,0,0,0,1,1,318,0,0,0
passenger_flight_history,"SELECT t.passenger_id, t.passenger_name, f.flight_no, f.scheduled_departure, tf.fare_conditions FROM aviation.tickets AS t JOIN aviation.ticket_flights AS tf ON tf.ticket_no = t.ticket_no JOIN aviation.flights AS f ON f.flight_id = tf.flight_id WHERE t.passenger_id = '6328-046324' AND f.status = 'Departed' ORDER BY f.scheduled_departure DESC",343,2,2,0,False,True,False,3,3,5,0,2,0,0,0,0,2280.77,2280.77,1.0,50,6.0,17.14,6,4,3,Sort,1,2,0,0,0,0,2,1,0,4116,0,0,0
aircraft_fare_capacity,"SELECT fare_conditions, COUNT(*) AS seat_count FROM aviation.seats WHERE aircraft_code = 'SU9' GROUP BY fare_conditions ORDER BY seat_count DESC",144,0,1,0,True,True,False,1,1,2,1,0,0,0,0,0,17.2,17.21,3.0,16,186.0,0.321,3,3,1,Sort,1,0,0,0,0,0,0,1,1,18,0,0,0
daily_flight_count,"SELECT scheduled_departure::date AS flight_date, COUNT(*) AS flight_count FROM aviation.flights WHERE departure_airport = 'SVO' GROUP BY scheduled_departure::date ORDER BY flight_date",183,0,1,0,True,True,False,1,1,2,1,0,0,0,0,0,281.33,301.24,993.0,12,2993.0,2.379,3,3,1,Aggregate,1,0,0,0,0,0,0,1,1,318,0,0,0
booking_amount_range,"SELECT book_ref, book_date, total_amount FROM aviation.bookings WHERE total_amount BETWEEN 105000 AND 165000",108,0,1,0,False,False,False,1,1,3,0,0,0,0,0,0,0.0,1069.0,5999.0,21,5999.0,15.154,1,1,1,Seq Scan,1,0,0,0,0,0,0,0,0,319,0,0,0
airport_departure_counts,"SELECT departure_airport, COUNT(*) AS flight_count FROM aviation.flights WHERE scheduled_departure >= DATE '2025-10-18' AND scheduled_departure < DATE '2025-10-25' GROUP BY departure_airport ORDER BY flight_count DESC",217,0,2,0,True,True,False,1,1,2,1,0,0,0,0,0,255.21,255.23,10.0,12,208.0,2.345,3,3,1,Sort,1,0,0,0,0,0,0,1,1,315,0,0,0
top_routes,"SELECT departure_airport, arrival_airport, COUNT(*) AS flight_count FROM aviation.flights WHERE scheduled_departure >= DATE '2025-01-20' AND scheduled_departure < DATE '2025-04-20' GROUP BY departure_airport, arrival_airport ORDER BY flight_count DESC LIMIT 10",260,0,2,0,True,True,False,1,1,3,1,0,0,0,0,0,276.05,276.08,10.0,16,2729.0,4.092,4,4,1,Limit,1,0,0,0,0,0,0,1,1,422,0,0,0
bookings_with_expensive_ticket,"SELECT b.book_ref, b.total_amount FROM aviation.bookings AS b WHERE EXISTS (SELECT 1 FROM aviation.tickets AS t JOIN aviation.ticket_flights AS tf ON tf.ticket_no = t.ticket_no WHERE t.book_ref = b.book_ref AND tf.amount >= 53750)",230,1,3,1,False,False,False,3,3,3,0,1,0,0,0,0,6231.49,7736.98,49909.0,13,473558.0,180.963,7,5,3,Hash Join,3,0,0,0,2,0,0,0,0,9084,0,0,0
booking_ticket_count,"SELECT b.book_ref, COUNT(t.ticket_no) AS ticket_count FROM aviation.bookings AS b JOIN aviation.tickets AS t ON t.book_ref = b.book_ref WHERE b.book_date >= DATE '2025-04-26' AND b.book_date < DATE '2025-05-10' GROUP BY b.book_ref HAVING COUNT(t.ticket_no) >= 2",261,1,2,0,True,False,False,2,2,2,2,1,0,0,0,0,3394.07,3416.59,601.0,15,107809.0,58.621,5,4,2,Aggregate,2,0,0,0,1,0,0,0,1,4342,0,0,0
aircraft_flight_counts,"SELECT a.aircraft_code, a.model, COUNT(f.flight_id) AS flight_count FROM aviation.aircrafts AS a LEFT JOIN aviation.flights AS f ON f.aircraft_code = a.aircraft_code WHERE a.range_km >= 3750 GROUP BY a.aircraft_code, a.model",224,1,1,0,True,False,False,2,2,3,1,0,1,0,0,0,303.62,303.68,5.0,27,20015.0,9.789,5,4,2,Aggregate,2,0,0,0,1,0,0,0,1,316,0,0,0
flights_without_tickets,"SELECT f.flight_id, f.flight_no FROM aviation.flights AS f WHERE f.scheduled_departure >= DATE '2025-12-28' AND NOT EXISTS (SELECT 1 FROM aviation.ticket_flights AS tf WHERE tf.flight_id = f.flight_id)",201,0,3,1,False,False,False,2,2,3,0,0,0,0,0,0,3084.0,3313.52,1.0,11,200105.0,65.922,4,3,2,Hash Join,2,0,0,0,1,0,0,0,0,2710,0,0,0
unboarded_tickets,"SELECT tf.ticket_no, tf.fare_conditions FROM aviation.ticket_flights AS tf LEFT JOIN aviation.boarding_passes AS bp ON bp.ticket_no = tf.ticket_no AND bp.flight_id = tf.flight_id WHERE tf.flight_id = 6792 AND bp.ticket_no IS NULL",229,1,2,0,False,False,False,2,2,2,0,0,1,0,0,0,0.29,2109.74,10.0,22,40.0,21.756,4,3,2,Nested Loop,1,1,0,0,0,0,1,0,0,1677,0,0,0
route_by_date,"SELECT flight_id, flight_no, scheduled_departure, status FROM aviation.flights WHERE departure_airport = 'LED' AND arrival_airport = 'IST' AND scheduled_departure >= DATE '2025-06-05' AND scheduled_departure < DATE '2025-06-05' + INTERVAL '1 day'",246,0,4,0,False,False,False,1,1,4,0,0,0,0,0,0,0.0,304.0,1.0,27,1.0,3.325,1,1,1,Seq Scan,1,0,0,0,0,0,0,0,0,104,0,0,0
route_revenue,"SELECT f.departure_airport, f.arrival_airport, SUM(tf.amount) AS revenue FROM aviation.flights AS f JOIN aviation.ticket_flights AS tf ON tf.flight_id = f.flight_id WHERE f.departure_airport = 'MSQ' GROUP BY f.departure_airport, f.arrival_airport ORDER BY revenue DESC",268,1,1,0,True,True,False,2,2,3,1,1,0,0,0,0,2388.4,2388.43,10.0,40,112020.0,38.135,6,5,2,Sort,2,0,0,0,1,0,0,1,1,3859,0,0,0
airport_connections,"SELECT dep.city AS departure_city, arr.city AS arrival_city, COUNT(*) AS flights FROM aviation.flights AS f JOIN aviation.airports AS dep ON dep.airport_code = f.departure_airport JOIN aviation.airports AS arr ON arr.airport_code = f.arrival_airport WHERE f.departure_airport = 'VTB' AND f.status = 'Scheduled' GROUP BY dep.city, arr.city",338,2,2,0,True,False,False,3,2,3,1,2,0,0,0,0,261.66,261.76,10.0,24,781.0,2.05,7,4,2,Aggregate,3,0,0,0,1,0,1,0,1,420,0,0,0
high_value_passengers,"SELECT t.passenger_id, t.passenger_name, b.total_amount FROM aviation.tickets AS t JOIN aviation.bookings AS b ON b.book_ref = t.book_ref WHERE b.total_amount >= 327500 ORDER BY b.total_amount DESC LIMIT 100",207,1,1,0,False,True,False,2,2,3,0,1,0,0,0,0,4788.42,4788.67,100.0,33,205334.0,82.38,6,5,2,Limit,2,0,0,0,1,0,0,1,0,5689,0,0,0
ticket_name_prefix,"SELECT ticket_no, passenger_id, passenger_name FROM aviation.tickets WHERE passenger_name LIKE 'Passenger 9442%' ORDER BY ticket_no LIMIT 50",140,0,1,0,False,True,False,1,1,3,0,0,0,0,0,0,2272.17,2272.19,10.0,41,30.0,18.345,3,3,1,Limit,1,0,0,0,0,0,0,1,0,3072,0,0,0
recent_flights_sorted,"SELECT flight_no, departure_airport, arrival_airport, scheduled_departure FROM aviation.flights WHERE departure_airport = 'MSQ' ORDER BY scheduled_departure DESC LIMIT 50",170,0,1,0,False,True,False,1,1,4,0,0,0,0,0,0,262.22,262.34,50.0,23,2050.0,2.206,3,3,1,Limit,1,0,0,0,0,0,0,1,0,318,0,0,0
flight_revenue,"SELECT f.flight_id, f.flight_no, COUNT(*) AS ticket_count, SUM(tf.amount) AS revenue FROM aviation.flights AS f JOIN aviation.ticket_flights AS tf ON tf.flight_id = f.flight_id WHERE f.flight_id = 5247 GROUP BY f.flight_id, f.flight_no",235,1,1,0,True,False,False,2,2,4,2,1,0,0,0,0,0.29,2092.47,1.0,51,22.0,13.23,4,3,2,Aggregate,1,1,0,0,0,0,1,0,1,2511,0,0,0
ticket_fare_lookup,"SELECT t.ticket_no, tf.flight_id, tf.amount FROM aviation.tickets AS t JOIN aviation.ticket_flights AS tf ON tf.ticket_no = t.ticket_no WHERE t.passenger_id = '3720-083712' AND tf.fare_conditions = 'Business'",208,1,2,0,False,False,False,2,2,3,0,1,0,0,0,0,0.42,2280.45,1.0,24,3.0,17.488,3,2,2,Nested Loop,1,1,0,0,0,0,1,0,0,2052,0,0,0
passengers_for_booking,"SELECT b.book_ref, b.book_date, t.ticket_no, t.passenger_name FROM aviation.bookings AS b JOIN aviation.tickets AS t ON t.book_ref = b.book_ref WHERE b.book_ref = '041205'",171,1,1,0,False,False,False,2,2,4,0,1,0,0,0,0,0.29,2280.33,2.0,44,5.0,15.985,3,2,2,Nested Loop,1,1,0,0,0,0,1,0,0,2050,0,0,0
fare_statistics,"SELECT fare_conditions, COUNT(*) AS ticket_count, AVG(amount) AS average_amount FROM aviation.ticket_flights WHERE fare_conditions = 'Economy' AND amount >= 59500 GROUP BY fare_conditions HAVING COUNT(*) > 10",208,0,2,0,True,False,False,1,1,3,3,0,0,0,0,0,0.0,2549.8,1.0,48,43158.0,35.297,2,2,1,Aggregate,1,0,0,0,0,0,0,0,1,1668,0,0,0
boarding_pass_lookup,"SELECT bp.boarding_no, bp.seat_no, t.passenger_name FROM aviation.boarding_passes AS bp JOIN aviation.tickets AS t ON t.ticket_no = bp.ticket_no WHERE bp.flight_id = 6236 AND bp.boarding_no BETWEEN 3 AND 8",205,1,2,0,False,False,False,2,2,3,0,1,0,0,0,0,0.71,67.79,6.0,22,13.0,0.04,3,2,2,Nested Loop,0,2,0,0,0,0,1,0,0,4,0,0,0
flight_occupancy,"SELECT f.flight_id, COUNT(DISTINCT tf.ticket_no) AS tickets, COUNT(DISTINCT bp.ticket_no) AS boarded FROM aviation.flights AS f LEFT JOIN aviation.ticket_flights AS tf ON tf.flight_id = f.flight_id LEFT JOIN aviation.boarding_passes AS bp ON bp.flight_id = tf.flight_id AND bp.ticket_no = tf.ticket_no WHERE f.flight_id = 6711 GROUP BY f.flight_id",347,2,1,0,True,False,False,3,3,3,2,0,2,0,0,0,2112.95,2113.12,1.0,20,62.0,14.13,8,5,3,Aggregate,1,1,1,0,0,1,1,2,1,4197,0,0,0
aircraft_seat_capacity,"SELECT a.aircraft_code, a.model, COUNT(s.seat_no) AS seat_count FROM aviation.aircrafts AS a JOIN aviation.seats AS s ON s.aircraft_code = a.aircraft_code WHERE s.fare_conditions = 'Business' GROUP BY a.aircraft_code, a.model ORDER BY seat_count DESC",250,1,1,0,True,True,False,2,2,3,1,1,0,0,0,0,18.06,18.07,5.0,27,140.0,0.505,6,5,2,Sort,2,0,0,0,1,0,0,1,1,28,0,0,0
passenger_flight_history,"SELECT t.passenger_id, t.passenger_name, f.flight_no, f.scheduled_departure, tf.fare_conditions FROM aviation.tickets AS t JOIN aviation.ticket_flights AS tf ON tf.ticket_no = t.ticket_no JOIN aviation.flights AS f ON f.flight_id = tf.flight_id WHERE t.passenger_id = '0628-020626' AND f.status = 'Departed' ORDER BY f.scheduled_departure DESC",343,2,2,0,False,True,False,3,3,5,0,2,0,0,0,0,2280.77,2280.77,1.0,50,6.0,16.358,6,4,3,Sort,1,2,0,0,0,0,2,1,0,4116,0,0,0
aircraft_fare_capacity,"SELECT fare_conditions, COUNT(*) AS seat_count FROM aviation.seats WHERE aircraft_code = 'SU9' GROUP BY fare_conditions ORDER BY seat_count DESC",144,0,1,0,True,True,False,1,1,2,1,0,0,0,0,0,17.2,17.21,3.0,16,186.0,0.286,3,3,1,Sort,1,0,0,0,0,0,0,1,1,18,0,0,0
booking_amount_range,"SELECT book_ref, book_date, total_amount FROM aviation.bookings WHERE total_amount BETWEEN 105000 AND 135000",108,0,1,0,False,False,False,1,1,3,0,0,0,0,0,0,0.0,1069.0,2989.0,21,2989.0,14.246,1,1,1,Seq Scan,1,0,0,0,0,0,0,0,0,319,0,0,0
booking_ticket_count,"SELECT b.book_ref, COUNT(t.ticket_no) AS ticket_count FROM aviation.bookings AS b JOIN aviation.tickets AS t ON t.book_ref = b.book_ref WHERE b.book_date >= DATE '2025-02-09' AND b.book_date < DATE '2025-02-16' GROUP BY b.book_ref HAVING COUNT(t.ticket_no) >= 2",261,1,2,0,True,False,False,2,2,2,2,1,0,0,0,0,3374.36,3385.93,309.0,15,104013.0,45.878,5,4,2,Aggregate,2,0,0,0,1,0,0,0,1,4342,0,0,0
route_by_date,"SELECT flight_id, flight_no, scheduled_departure, status FROM aviation.flights WHERE departure_airport = 'GNA' AND arrival_airport = 'WAW' AND scheduled_departure >= DATE '2025-03-13' AND scheduled_departure < DATE '2025-03-13' + INTERVAL '1 day'",246,0,4,0,False,False,False,1,1,4,0,0,0,0,0,0,0.0,304.0,1.0,27,1.0,2.87,1,1,1,Seq Scan,1,0,0,0,0,0,0,0,0,104,0,0,0
airport_connections,"SELECT dep.city AS departure_city, arr.city AS arrival_city, COUNT(*) AS flights FROM aviation.flights AS f JOIN aviation.airports AS dep ON dep.airport_code = f.departure_airport JOIN aviation.airports AS arr ON arr.airport_code = f.arrival_airport WHERE f.departure_airport = 'TBS' AND f.status = 'On Time' GROUP BY dep.city, arr.city",336,2,2,0,True,False,False,3,2,3,1,2,0,0,0,0,261.66,261.76,10.0,24,781.0,1.813,7,4,2,Aggregate,3,0,0,0,1,0,1,0,1,420,0,0,0
daily_flight_count,"SELECT scheduled_departure::date AS flight_date, COUNT(*) AS flight_count FROM aviation.flights WHERE departure_airport = 'VTB' GROUP BY scheduled_departure::date ORDER BY flight_date",183,0,1,0,True,True,False,1,1,2,1,0,0,0,0,0,281.33,301.24,993.0,12,2993.0,2.47,3,3,1,Aggregate,1,0,0,0,0,0,0,1,1,318,0,0,0
flight_revenue,"SELECT f.flight_id, f.flight_no, COUNT(*) AS ticket_count, SUM(tf.amount) AS revenue FROM aviation.flights AS f JOIN aviation.ticket_flights AS tf ON tf.flight_id = f.flight_id WHERE f.flight_id = 1693 GROUP BY f.flight_id, f.flight_no",235,1,1,0,True,False,False,2,2,4,2,1,0,0,0,0,0.29,2092.47,1.0,51,22.0,14.194,4,3,2,Aggregate,1,1,0,0,0,0,1,0,1,2511,0,0,0
airport_departure_counts,"SELECT departure_airport, COUNT(*) AS flight_count FROM aviation.flights WHERE scheduled_departure >= DATE '2025-01-29' AND scheduled_departure < DATE '2025-03-30' GROUP BY departure_airport ORDER BY flight_count DESC",217,0,2,0,True,True,False,1,1,2,1,0,0,0,0,0,262.67,262.7,10.0,12,1701.0,3.584,3,3,1,Sort,1,0,0,0,0,0,0,1,1,315,0,0,0
ticket_fare_lookup,"SELECT t.ticket_no, tf.flight_id, tf.amount FROM aviation.tickets AS t JOIN aviation.ticket_flights AS tf ON tf.ticket_no = t.ticket_no WHERE t.passenger_id = '2381-002381' AND tf.fare_conditions = 'Comfort'",207,1,2,0,False,False,False,2,2,3,0,1,0,0,0,0,0.42,2280.45,1.0,24,3.0,15.983,3,2,2,Nested Loop,1,1,0,0,0,0,1,0,0,2052,0,0,0
route_revenue,"SELECT f.departure_airport, f.arrival_airport, SUM(tf.amount) AS revenue FROM aviation.flights AS f JOIN aviation.ticket_flights AS tf ON tf.flight_id = f.flight_id WHERE f.departure_airport = 'LED' GROUP BY f.departure_airport, f.arrival_airport ORDER BY revenue DESC",268,1,1,0,True,True,False,2,2,3,1,1,0,0,0,0,2388.4,2388.43,10.0,40,112020.0,36.993,6,5,2,Sort,2,0,0,0,1,0,0,1,1,3859,0,0,0
flight_occupancy,"SELECT f.flight_id, COUNT(DISTINCT tf.ticket_no) AS tickets, COUNT(DISTINCT bp.ticket_no) AS boarded FROM aviation.flights AS f LEFT JOIN aviation.ticket_flights AS tf ON tf.flight_id = f.flight_id LEFT JOIN aviation.boarding_passes AS bp ON bp.flight_id = tf.flight_id AND bp.ticket_no = tf.ticket_no WHERE f.flight_id = 9921 GROUP BY f.flight_id",347,2,1,0,True,False,False,3,3,3,2,0,2,0,0,0,2112.95,2113.12,1.0,20,62.0,13.248,8,5,3,Aggregate,1,1,1,0,0,1,1,2,1,4197,0,0,0
bookings_with_expensive_ticket,"SELECT b.book_ref, b.total_amount FROM aviation.bookings AS b WHERE EXISTS (SELECT 1 FROM aviation.tickets AS t JOIN aviation.ticket_flights AS tf ON tf.ticket_no = t.ticket_no WHERE t.book_ref = b.book_ref AND tf.amount >= 108500)",231,1,3,1,False,False,False,3,3,3,0,1,0,0,0,0,4903.62,5988.21,12075.0,13,210375.0,104.108,7,5,3,Hash Join,3,0,0,0,2,0,0,0,0,8896,0,0,0
recent_flights_sorted,"SELECT flight_no, departure_airport, arrival_airport, scheduled_departure FROM aviation.flights WHERE departure_airport = 'LED' ORDER BY scheduled_departure DESC LIMIT 50",170,0,1,0,False,True,False,1,1,4,0,0,0,0,0,0,262.22,262.34,50.0,23,2050.0,2.954,3,3,1,Limit,1,0,0,0,0,0,0,1,0,318,0,0,0
high_value_passengers,"SELECT t.passenger_id, t.passenger_name, b.total_amount FROM aviation.tickets AS t JOIN aviation.bookings AS b ON b.book_ref = t.book_ref WHERE b.total_amount >= 392500 ORDER BY b.total_amount DESC LIMIT 100",207,1,1,0,False,True,False,2,2,3,0,1,0,0,0,0,4190.66,4190.91,100.0,33,165008.0,68.594,6,5,2,Limit,2,0,0,0,1,0,0,1,0,5689,0,0,0
top_routes,"SELECT departure_airport, arrival_airport, COUNT(*) AS flight_count FROM aviation.flights WHERE scheduled_departure >= DATE '2025-11-11' AND scheduled_departure < DATE '2026-01-10' GROUP BY departure_airport, arrival_airport ORDER BY flight_count DESC LIMIT 3",259,0,2,0,True,True,False,1,1,3,1,0,0,0,0,0,266.58,266.59,3.0,16,1575.0,3.305,4,4,1,Limit,1,0,0,0,0,0,0,1,1,422,0,0,0
ticket_name_prefix,"SELECT ticket_no, passenger_id, passenger_name FROM aviation.tickets WHERE passenger_name LIKE 'Passenger 37425%' ORDER BY ticket_no LIMIT 50",141,0,1,0,False,True,False,1,1,3,0,0,0,0,0,0,2272.17,2272.19,10.0,41,30.0,22.228,3,3,1,Limit,1,0,0,0,0,0,0,1,0,3072,0,0,0
aircraft_seat_capacity,"SELECT a.aircraft_code, a.model, COUNT(s.seat_no) AS seat_count FROM aviation.aircrafts AS a JOIN aviation.seats AS s ON s.aircraft_code = a.aircraft_code WHERE s.fare_conditions = 'Comfort' GROUP BY a.aircraft_code, a.model ORDER BY seat_count DESC",249,1,1,0,True,True,False,2,2,3,1,1,0,0,0,0,18.65,18.67,5.0,27,260.0,0.404,6,5,2,Sort,2,0,0,0,1,0,0,1,1,28,0,0,0
boarding_pass_lookup,"SELECT bp.boarding_no, bp.seat_no, t.passenger_name FROM aviation.boarding_passes AS bp JOIN aviation.tickets AS t ON t.ticket_no = bp.ticket_no WHERE bp.flight_id = 1782 AND bp.boarding_no BETWEEN 5 AND 8",205,1,2,0,False,False,False,2,2,3,0,1,0,0,0,0,0.71,47.37,4.0,22,9.0,0.205,3,2,2,Nested Loop,0,2,0,0,0,0,1,0,0,38,0,0,0
passenger_flight_history,"SELECT t.passenger_id, t.passenger_name, f.flight_no, f.scheduled_departure, tf.fare_conditions FROM aviation.tickets AS t JOIN aviation.ticket_flights AS tf ON tf.ticket_no = t.ticket_no JOIN aviation.flights AS f ON f.flight_id = tf.flight_id WHERE t.passenger_id = '2736-052731' AND f.status = 'On Time' ORDER BY f.scheduled_departure DESC",342,2,2,0,False,True,False,3,3,5,0,2,0,0,0,0,2280.77,2280.77,1.0,50,6.0,19.299,6,4,3,Sort,1,2,0,0,0,0,2,1,0,4116,0,0,0
aircraft_flight_counts,"SELECT a.aircraft_code, a.model, COUNT(f.flight_id) AS flight_count FROM aviation.aircrafts AS a LEFT JOIN aviation.flights AS f ON f.aircraft_code = a.aircraft_code WHERE a.range_km >= 3250 GROUP BY a.aircraft_code, a.model",224,1,1,0,True,False,False,2,2,3,1,0,1,0,0,0,303.62,303.68,5.0,27,20015.0,9.907,5,4,2,Aggregate,2,0,0,0,1,0,0,0,1,316,0,0,0
fare_statistics,"SELECT fare_conditions, COUNT(*) AS ticket_count, AVG(amount) AS average_amount FROM aviation.ticket_flights WHERE fare_conditions = 'Business' AND amount >= 42250 GROUP BY fare_conditions HAVING COUNT(*) > 10",209,0,2,0,True,False,False,1,1,3,3,0,0,0,0,0,0.0,2350.71,1.0,48,3339.0,26.7,2,2,1,Aggregate,1,0,0,0,0,0,0,0,1,1668,0,0,0
flights_without_tickets,"SELECT f.flight_id, f.flight_no FROM aviation.flights AS f WHERE f.scheduled_departure >= DATE '2025-11-17' AND NOT EXISTS (SELECT 1 FROM aviation.ticket_flights AS tf WHERE tf.flight_id = f.flight_id)",201,0,3,1,False,False,False,2,2,3,0,0,0,0,0,0,3084.0,3319.06,1.0,11,201213.0,61.08,4,3,2,Hash Join,2,0,0,0,1,0,0,0,0,2710,0,0,0
passengers_for_booking,"SELECT b.book_ref, b.book_date, t.ticket_no, t.passenger_name FROM aviation.bookings AS b JOIN aviation.tickets AS t ON t.book_ref = b.book_ref WHERE b.book_ref = '016069'",171,1,1,0,False,False,False,2,2,4,0,1,0,0,0,0,0.29,2280.33,2.0,44,5.0,17.051,3,2,2,Nested Loop,1,1,0,0,0,0,1,0,0,2050,0,0,0
unboarded_tickets,"SELECT tf.ticket_no, tf.fare_conditions FROM aviation.ticket_flights AS tf LEFT JOIN aviation.boarding_passes AS bp ON bp.ticket_no = tf.ticket_no AND bp.flight_id = tf.flight_id WHERE tf.flight_id = 191 AND bp.ticket_no IS NULL",228,1,2,0,False,False,False,2,2,2,0,0,1,0,0,0,0.29,2109.74,10.0,22,40.0,14.314,4,3,2,Nested Loop,1,1,0,0,0,0,1,0,0,1677,0,0,0
aircraft_fare_capacity,"SELECT fare_conditions, COUNT(*) AS seat_count FROM aviation.seats WHERE aircraft_code = 'E95' GROUP BY fare_conditions ORDER BY seat_count DESC",144,0,1,0,True,True,False,1,1,2,1,0,0,0,0,0,17.2,17.21,3.0,16,186.0,0.316,3,3,1,Sort,1,0,0,0,0,0,0,1,1,18,0,0,0
airport_connections,"SELECT dep.city AS departure_city, arr.city AS arrival_city, COUNT(*) AS flights FROM aviation.flights AS f JOIN aviation.airports AS dep ON dep.airport_code = f.departure_airport JOIN aviation.airports AS arr ON arr.airport_code = f.arrival_airport WHERE f.departure_airport = 'GME' AND f.status = 'On Time' GROUP BY dep.city, arr.city",336,2,2,0,True,False,False,3,2,3,1,2,0,0,0,0,261.66,261.76,10.0,24,781.0,2.384,7,4,2,Aggregate,3,0,0,0,1,0,1,0,1,420,0,0,0
top_routes,"SELECT departure_airport, arrival_airport, COUNT(*) AS flight_count FROM aviation.flights WHERE scheduled_departure >= DATE '2025-12-15' AND scheduled_departure < DATE '2026-03-15' GROUP BY departure_airport, arrival_airport ORDER BY flight_count DESC LIMIT 10",260,0,2,0,True,True,False,1,1,3,1,0,0,0,0,0,260.54,260.57,10.0,16,663.0,2.641,4,4,1,Limit,1,0,0,0,0,0,0,1,1,422,0,0,0
passengers_for_booking,"SELECT b.book_ref, b.book_date, t.ticket_no, t.passenger_name FROM aviation.bookings AS b JOIN aviation.tickets AS t ON t.book_ref = b.book_ref WHERE b.book_ref = '037673'",171,1,1,0,False,False,False,2,2,4,0,1,0,0,0,0,0.29,2280.33,2.0,44,5.0,17.958,3,2,2,Nested Loop,1,1,0,0,0,0,1,0,0,2050,0,0,0
daily_flight_count,"SELECT scheduled_departure::date AS flight_date, COUNT(*) AS flight_count FROM aviation.flights WHERE departure_airport = 'GME' GROUP BY scheduled_departure::date ORDER BY flight_date",183,0,1,0,True,True,False,1,1,2,1,0,0,0,0,0,281.33,301.24,993.0,12,2993.0,2.719,3,3,1,Aggregate,1,0,0,0,0,0,0,1,1,318,0,0,0
unboarded_tickets,"SELECT tf.ticket_no, tf.fare_conditions FROM aviation.ticket_flights AS tf LEFT JOIN aviation.boarding_passes AS bp ON bp.ticket_no = tf.ticket_no AND bp.flight_id = tf.flight_id WHERE tf.flight_id = 3268 AND bp.ticket_no IS NULL",229,1,2,0,False,False,False,2,2,2,0,0,1,0,0,0,0.29,2109.74,10.0,22,40.0,14.107,4,3,2,Nested Loop,1,1,0,0,0,0,1,0,0,1677,0,0,0
passenger_flight_history,"SELECT t.passenger_id, t.passenger_name, f.flight_no, f.scheduled_departure, tf.fare_conditions FROM aviation.tickets AS t JOIN aviation.ticket_flights AS tf ON tf.ticket_no = t.ticket_no JOIN aviation.flights AS f ON f.flight_id = tf.flight_id WHERE t.passenger_id = '4844-034841' AND f.status = 'Arrived' ORDER BY f.scheduled_departure DESC",342,2,2,0,False,True,False,3,3,5,0,2,0,0,0,0,2280.77,2280.77,1.0,50,6.0,18.113,6,4,3,Sort,1,2,0,0,0,0,2,1,0,4116,0,0,0
recent_flights_sorted,"SELECT flight_no, departure_airport, arrival_airport, scheduled_departure FROM aviation.flights WHERE departure_airport = 'TBS' ORDER BY scheduled_departure DESC LIMIT 100",171,0,1,0,False,True,False,1,1,4,0,0,0,0,0,0,267.22,267.47,100.0,23,2100.0,2.74,3,3,1,Limit,1,0,0,0,0,0,0,1,0,318,0,0,0
flights_without_tickets,"SELECT f.flight_id, f.flight_no FROM aviation.flights AS f WHERE f.scheduled_departure >= DATE '2025-10-06' AND NOT EXISTS (SELECT 1 FROM aviation.ticket_flights AS tf WHERE tf.flight_id = f.flight_id)",201,0,3,1,False,False,False,2,2,3,0,0,0,0,0,0,3084.0,3324.73,1.0,11,202347.0,59.97,4,3,2,Hash Join,2,0,0,0,1,0,0,0,0,2710,0,0,0
booking_amount_range,"SELECT book_ref, book_date, total_amount FROM aviation.bookings WHERE total_amount BETWEEN 25000 AND 95000",106,0,1,0,False,False,False,1,1,3,0,0,0,0,0,0,0.0,1069.0,7063.0,21,7063.0,14.426,1,1,1,Seq Scan,1,0,0,0,0,0,0,0,0,319,0,0,0
route_revenue,"SELECT f.departure_airport, f.arrival_airport, SUM(tf.amount) AS revenue FROM aviation.flights AS f JOIN aviation.ticket_flights AS tf ON tf.flight_id = f.flight_id WHERE f.departure_airport = 'SVO' GROUP BY f.departure_airport, f.arrival_airport ORDER BY revenue DESC",268,1,1,0,True,True,False,2,2,3,1,1,0,0,0,0,2388.4,2388.43,10.0,40,112020.0,40.334,6,5,2,Sort,2,0,0,0,1,0,0,1,1,3859,0,0,0
high_value_passengers,"SELECT t.passenger_id, t.passenger_name, b.total_amount FROM aviation.tickets AS t JOIN aviation.bookings AS b ON b.book_ref = t.book_ref WHERE b.total_amount >= 387500 ORDER BY b.total_amount DESC LIMIT 100",207,1,1,0,False,True,False,2,2,3,0,1,0,0,0,0,4236.91,4237.16,100.0,33,168128.0,67.825,6,5,2,Limit,2,0,0,0,1,0,0,1,0,5689,0,0,0
ticket_fare_lookup,"SELECT t.ticket_no, tf.flight_id, tf.amount FROM aviation.tickets AS t JOIN aviation.ticket_flights AS tf ON tf.ticket_no = t.ticket_no WHERE t.passenger_id = '6077-066071' AND tf.fare_conditions = 'Economy'",207,1,2,0,False,False,False,2,2,3,0,1,0,0,0,0,0.42,2280.45,1.0,24,3.0,18.781,3,2,2,Nested Loop,1,1,0,0,0,0,1,0,0,2052,0,0,0
aircraft_flight_counts,"SELECT a.aircraft_code, a.model, COUNT(f.flight_id) AS flight_count FROM aviation.aircrafts AS a LEFT JOIN aviation.flights AS f ON f.aircraft_code = a.aircraft_code WHERE a.range_km >= 5500 GROUP BY a.aircraft_code, a.model",224,1,1,0,True,False,False,2,2,3,1,0,1,0,0,0,283.6,283.63,3.0,27,16009.0,5.822,5,4,2,Aggregate,2,0,0,0,1,0,0,0,1,316,0,0,0
flight_occupancy,"SELECT f.flight_id, COUNT(DISTINCT tf.ticket_no) AS tickets, COUNT(DISTINCT bp.ticket_no) AS boarded FROM aviation.flights AS f LEFT JOIN aviation.ticket_flights AS tf ON tf.flight_id = f.flight_id LEFT JOIN aviation.boarding_passes AS bp ON bp.flight_id = tf.flight_id AND bp.ticket_no = tf.ticket_no WHERE f.flight_id = 3262 GROUP BY f.flight_id",347,2,1,0,True,False,False,3,3,3,2,0,2,0,0,0,2112.95,2113.12,1.0,20,62.0,14.648,8,5,3,Aggregate,1,1,1,0,0,1,1,2,1,4197,0,0,0
route_by_date,"SELECT flight_id, flight_no, scheduled_departure, status FROM aviation.flights WHERE departure_airport = 'VTB' AND arrival_airport = 'LED' AND scheduled_departure >= DATE '2025-07-28' AND scheduled_departure < DATE '2025-07-28' + INTERVAL '1 day'",246,0,4,0,False,False,False,1,1,4,0,0,0,0,0,0,0.0,304.0,1.0,27,1.0,2.519,1,1,1,Seq Scan,1,0,0,0,0,0,0,0,0,104,0,0,0
boarding_pass_lookup,"SELECT bp.boarding_no, bp.seat_no, t.passenger_name FROM aviation.boarding_passes AS bp JOIN aviation.tickets AS t ON t.ticket_no = bp.ticket_no WHERE bp.flight_id = 8418 AND bp.boarding_no BETWEEN 3 AND 8",205,1,2,0,False,False,False,2,2,3,0,1,0,0,0,0,0.71,67.79,6.0,22,13.0,0.223,3,2,2,Nested Loop,0,2,0,0,0,0,1,0,0,54,0,0,0
flight_revenue,"SELECT f.flight_id, f.flight_no, COUNT(*) AS ticket_count, SUM(tf.amount) AS revenue FROM aviation.flights AS f JOIN aviation.ticket_flights AS tf ON tf.flight_id = f.flight_id WHERE f.flight_id = 9947 GROUP BY f.flight_id, f.flight_no",235,1,1,0,True,False,False,2,2,4,2,1,0,0,0,0,0.29,2092.47,1.0,51,22.0,14.292,4,3,2,Aggregate,1,1,0,0,0,0,1,0,1,2511,0,0,0
bookings_with_expensive_ticket,"SELECT b.book_ref, b.total_amount FROM aviation.bookings AS b WHERE EXISTS (SELECT 1 FROM aviation.tickets AS t JOIN aviation.ticket_flights AS tf ON tf.ticket_no = t.ticket_no WHERE t.book_ref = b.book_ref AND tf.amount >= 41750)",230,1,3,1,False,False,False,3,3,3,0,1,0,0,0,0,6384.13,7889.62,49909.0,13,503834.0,197.118,7,5,3,Hash Join,3,0,0,0,2,0,0,0,0,9084,0,0,0
ticket_name_prefix,"SELECT ticket_no, passenger_id, passenger_name FROM aviation.tickets WHERE passenger_name LIKE 'Passenger 73952%' ORDER BY ticket_no LIMIT 50",141,0,1,0,False,True,False,1,1,3,0,0,0,0,0,0,2272.17,2272.19,10.0,41,30.0,20.101,3,3,1,Limit,1,0,0,0,0,0,0,1,0,3072,0,0,0
airport_departure_counts,"SELECT departure_airport, COUNT(*) AS flight_count FROM aviation.flights WHERE scheduled_departure >= DATE '2025-09-04' AND scheduled_departure < DATE '2025-11-03' GROUP BY departure_airport ORDER BY flight_count DESC",217,0,2,0,True,True,False,1,1,2,1,0,0,0,0,0,262.37,262.39,10.0,12,1640.0,3.811,3,3,1,Sort,1,0,0,0,0,0,0,1,1,315,0,0,0
fare_statistics,"SELECT fare_conditions, COUNT(*) AS ticket_count, AVG(amount) AS average_amount FROM aviation.ticket_flights WHERE fare_conditions = 'Comfort' AND amount >= 19500 GROUP BY fare_conditions HAVING COUNT(*) > 10",208,0,2,0,True,False,False,1,1,3,3,0,0,0,0,0,0.0,2393.62,1.0,48,11922.0,30.282,2,2,1,Aggregate,1,0,0,0,0,0,0,0,1,1668,0,0,0
booking_ticket_count,"SELECT b.book_ref, COUNT(t.ticket_no) AS ticket_count FROM aviation.bookings AS b JOIN aviation.tickets AS t ON t.book_ref = b.book_ref WHERE b.book_date >= DATE '2024-12-09' AND b.book_date < DATE '2024-12-16' GROUP BY b.book_ref HAVING COUNT(t.ticket_no) >= 2",261,1,2,0,True,False,False,2,2,2,2,1,0,0,0,0,3374.36,3385.93,309.0,15,104013.0,52.396,5,4,2,Aggregate,2,0,0,0,1,0,0,0,1,4342,0,0,0
aircraft_seat_capacity,"SELECT a.aircraft_code, a.model, COUNT(s.seat_no) AS seat_count FROM aviation.aircrafts AS a JOIN aviation.seats AS s ON s.aircraft_code = a.aircraft_code WHERE s.fare_conditions = 'Business' GROUP BY a.aircraft_code, a.model ORDER BY seat_count DESC",250,1,1,0,True,True,False,2,2,3,1,1,0,0,0,0,18.06,18.07,5.0,27,140.0,0.357,6,5,2,Sort,2,0,0,0,1,0,0,1,1,28,0,0,0
unboarded_tickets,"SELECT tf.ticket_no, tf.fare_conditions FROM aviation.ticket_flights AS tf LEFT JOIN aviation.boarding_passes AS bp ON bp.ticket_no = tf.ticket_no AND bp.flight_id = tf.flight_id WHERE tf.flight_id = 6990 AND bp.ticket_no IS NULL",229,1,2,0,False,False,False,2,2,2,0,0,1,0,0,0,0.29,2109.74,10.0,22,40.0,13.483,4,3,2,Nested Loop,1,1,0,0,0,0,1,0,0,1677,0,0,0
flight_occupancy,"SELECT f.flight_id, COUNT(DISTINCT tf.ticket_no) AS tickets, COUNT(DISTINCT bp.ticket_no) AS boarded FROM aviation.flights AS f LEFT JOIN aviation.ticket_flights AS tf ON tf.flight_id = f.flight_id LEFT JOIN aviation.boarding_passes AS bp ON bp.flight_id = tf.flight_id AND bp.ticket_no = tf.ticket_no WHERE f.flight_id = 9820 GROUP BY f.flight_id",347,2,1,0,True,False,False,3,3,3,2,0,2,0,0,0,2112.95,2113.12,1.0,20,62.0,14.448,8,5,3,Aggregate,1,1,1,0,0,1,1,2,1,4197,0,0,0
ticket_fare_lookup,"SELECT t.ticket_no, tf.flight_id, tf.amount FROM aviation.tickets AS t JOIN aviation.ticket_flights AS tf ON tf.ticket_no = t.ticket_no WHERE t.passenger_id = '0281-050276' AND tf.fare_conditions = 'Comfort'",207,1,2,0,False,False,False,2,2,3,0,1,0,0,0,0,0.42,2280.45,1.0,24,3.0,15.807,3,2,2,Nested Loop,1,1,0,0,0,0,1,0,0,2052,0,0,0
passenger_flight_history,"SELECT t.passenger_id, t.passenger_name, f.flight_no, f.scheduled_departure, tf.fare_conditions FROM aviation.tickets AS t JOIN aviation.ticket_flights AS tf ON tf.ticket_no = t.ticket_no JOIN aviation.flights AS f ON f.flight_id = tf.flight_id WHERE t.passenger_id = '9493-009493' AND f.status = 'Arrived' ORDER BY f.scheduled_departure DESC",342,2,2,0,False,True,False,3,3,5,0,2,0,0,0,0,2280.77,2280.77,1.0,50,6.0,16.983,6,4,3,Sort,1,2,0,0,0,0,2,1,0,4116,0,0,0
route_by_date,"SELECT flight_id, flight_no, scheduled_departure, status FROM aviation.flights WHERE departure_airport = 'GME' AND arrival_airport = 'SVO' AND scheduled_departure >= DATE '2025-07-17' AND scheduled_departure < DATE '2025-07-17' + INTERVAL '1 day'",246,0,4,0,False,False,False,1,1,4,0,0,0,0,0,0,0.0,304.0,1.0,27,1.0,2.777,1,1,1,Seq Scan,1,0,0,0,0,0,0,0,0,104,0,0,0
flight_revenue,"SELECT f.flight_id, f.flight_no, COUNT(*) AS ticket_count, SUM(tf.amount) AS revenue FROM aviation.flights AS f JOIN aviation.ticket_flights AS tf ON tf.flight_id = f.flight_id WHERE f.flight_id = 7982 GROUP BY f.flight_id, f.flight_no",235,1,1,0,True,False,False,2,2,4,2,1,0,0,0,0,0.29,2092.47,1.0,51,22.0,15.3,4,3,2,Aggregate,1,1,0,0,0,0,1,0,1,2511,0,0,0
bookings_with_expensive_ticket,"SELECT b.book_ref, b.total_amount FROM aviation.bookings AS b WHERE EXISTS (SELECT 1 FROM aviation.tickets AS t JOIN aviation.ticket_flights AS tf ON tf.ticket_no = t.ticket_no WHERE t.book_ref = b.book_ref AND tf.amount >= 69250)",230,1,3,1,False,False,False,3,3,3,0,1,0,0,0,0,6054.88,7505.4,44968.0,13,374840.0,178.531,7,5,3,Hash Join,3,0,0,0,2,0,0,0,0,8896,0,0,0
booking_amount_range,"SELECT book_ref, book_date, total_amount FROM aviation.bookings WHERE total_amount BETWEEN 85000 AND 230000",107,0,1,0,False,False,False,1,1,3,0,0,0,0,0,0,0.0,1069.0,14548.0,21,14548.0,17.309,1,1,1,Seq Scan,1,0,0,0,0,0,0,0,0,319,0,0,0
airport_departure_counts,"SELECT departure_airport, COUNT(*) AS flight_count FROM aviation.flights WHERE scheduled_departure >= DATE '2025-02-27' AND scheduled_departure < DATE '2025-04-28' GROUP BY departure_airport ORDER BY flight_count DESC",217,0,2,0,True,True,False,1,1,2,1,0,0,0,0,0,262.67,262.7,10.0,12,1701.0,3.637,3,3,1,Sort,1,0,0,0,0,0,0,1,1,315,0,0,0
passengers_for_booking,"SELECT b.book_ref, b.book_date, t.ticket_no, t.passenger_name FROM aviation.bookings AS b JOIN aviation.tickets AS t ON t.book_ref = b.book_ref WHERE b.book_ref = '031450'",171,1,1,0,False,False,False,2,2,4,0,1,0,0,0,0,0.29,2280.33,2.0,44,5.0,16.139,3,2,2,Nested Loop,1,1,0,0,0,0,1,0,0,2050,0,0,0
airport_connections,"SELECT dep.city AS departure_city, arr.city AS arrival_city, COUNT(*) AS flights FROM aviation.flights AS f JOIN aviation.airports AS dep ON dep.airport_code = f.departure_airport JOIN aviation.airports AS arr ON arr.airport_code = f.arrival_airport WHERE f.departure_airport = 'MSQ' AND f.status = 'Departed' GROUP BY dep.city, arr.city",337,2,2,0,True,False,False,3,2,3,1,2,0,0,0,0,261.66,261.76,10.0,24,781.0,2.58,7,4,2,Aggregate,3,0,0,0,1,0,1,0,1,424,0,0,0
route_revenue,"SELECT f.departure_airport, f.arrival_airport, SUM(tf.amount) AS revenue FROM aviation.flights AS f JOIN aviation.ticket_flights AS tf ON tf.flight_id = f.flight_id WHERE f.departure_airport = 'VTB' GROUP BY f.departure_airport, f.arrival_airport ORDER BY revenue DESC",268,1,1,0,True,True,False,2,2,3,1,1,0,0,0,0,2388.4,2388.43,10.0,40,112020.0,40.255,6,5,2,Sort,2,0,0,0,1,0,0,1,1,3859,0,0,0
top_routes,"SELECT departure_airport, arrival_airport, COUNT(*) AS flight_count FROM aviation.flights WHERE scheduled_departure >= DATE '2025-05-01' AND scheduled_departure < DATE '2025-07-30' GROUP BY departure_airport, arrival_airport ORDER BY flight_count DESC LIMIT 5",259,0,2,0,True,True,False,1,1,3,1,0,0,0,0,0,275.09,275.1,5.0,16,2662.0,3.822,4,4,1,Limit,1,0,0,0,0,0,0,1,1,422,0,0,0
recent_flights_sorted,"SELECT flight_no, departure_airport, arrival_airport, scheduled_departure FROM aviation.flights WHERE departure_airport = 'LED' ORDER BY scheduled_departure DESC LIMIT 10",170,0,1,0,False,True,False,1,1,4,0,0,0,0,0,0,250.61,250.63,10.0,23,2010.0,2.572,3,3,1,Limit,1,0,0,0,0,0,0,1,0,318,0,0,0
aircraft_flight_counts,"SELECT a.aircraft_code, a.model, COUNT(f.flight_id) AS flight_count FROM aviation.aircrafts AS a LEFT JOIN aviation.flights AS f ON f.aircraft_code = a.aircraft_code WHERE a.range_km >= 6000 GROUP BY a.aircraft_code, a.model",224,1,1,0,True,False,False,2,2,3,1,0,1,0,0,0,273.59,273.61,2.0,27,14006.0,7.028,5,4,2,Aggregate,2,0,0,0,1,0,0,0,1,316,0,0,0
fare_statistics,"SELECT fare_conditions, COUNT(*) AS ticket_count, AVG(amount) AS average_amount FROM aviation.ticket_flights WHERE fare_conditions = 'Comfort' AND amount >= 69750 GROUP BY fare_conditions HAVING COUNT(*) > 10",208,0,2,0,True,False,False,1,1,3,3,0,0,0,0,0,0.0,2364.85,1.0,48,6168.0,27.235,2,2,1,Aggregate,1,0,0,0,0,0,0,0,1,1668,0,0,0
daily_flight_count,"SELECT scheduled_departure::date AS flight_date, COUNT(*) AS flight_count FROM aviation.flights WHERE departure_airport = 'WAW' GROUP BY scheduled_departure::date ORDER BY flight_date",183,0,1,0,True,True,False,1,1,2,1,0,0,0,0,0,281.33,301.24,993.0,12,2993.0,3.122,3,3,1,Aggregate,1,0,0,0,0,0,0,1,1,318,0,0,0
boarding_pass_lookup,"SELECT bp.boarding_no, bp.seat_no, t.passenger_name FROM aviation.boarding_passes AS bp JOIN aviation.tickets AS t ON t.ticket_no = bp.ticket_no WHERE bp.flight_id = 6730 AND bp.boarding_no BETWEEN 4 AND 8",205,1,2,0,False,False,False,2,2,3,0,1,0,0,0,0,0.71,57.58,5.0,22,11.0,0.286,3,2,2,Nested Loop,0,2,0,0,0,0,1,0,0,46,0,0,0
booking_ticket_count,"SELECT b.book_ref, COUNT(t.ticket_no) AS ticket_count FROM aviation.bookings AS b JOIN aviation.tickets AS t ON t.book_ref = b.book_ref WHERE b.book_date >= DATE '2025-04-05' AND b.book_date < DATE '2025-04-12' GROUP BY b.book_ref HAVING COUNT(t.ticket_no) >= 2",261,1,2,0,True,False,False,2,2,2,2,1,0,0,0,0,3375.14,3387.16,320.0,15,104164.0,49.363,5,4,2,Aggregate,2,0,0,0,1,0,0,0,1,4342,0,0,0
aircraft_fare_capacity,"SELECT fare_conditions, COUNT(*) AS seat_count FROM aviation.seats WHERE aircraft_code = '321' GROUP BY fare_conditions ORDER BY seat_count DESC",144,0,1,0,True,True,False,1,1,2,1,0,0,0,0,0,17.2,17.21,3.0,16,186.0,0.422,3,3,1,Sort,1,0,0,0,0,0,0,1,1,18,0,0,0
ticket_name_prefix,"SELECT ticket_no, passenger_id, passenger_name FROM aviation.tickets WHERE passenger_name LIKE 'Passenger 12730%' ORDER BY ticket_no LIMIT 50",141,0,1,0,False,True,False,1,1,3,0,0,0,0,0,0,2272.17,2272.19,10.0,41,30.0,30.066,3,3,1,Limit,1,0,0,0,0,0,0,1,0,3072,0,0,0
high_value_passengers,"SELECT t.passenger_id, t.passenger_name, b.total_amount FROM aviation.tickets AS t JOIN aviation.bookings AS b ON b.book_ref = t.book_ref WHERE b.total_amount >= 242500 ORDER BY b.total_amount DESC LIMIT 100",207,1,1,0,False,True,False,2,2,3,0,1,0,0,0,0,5549.82,5550.07,100.0,33,256700.0,140.003,6,5,2,Limit,2,0,0,0,1,0,0,1,0,5689,0,0,0
aircraft_seat_capacity,"SELECT a.aircraft_code, a.model, COUNT(s.seat_no) AS seat_count FROM aviation.aircrafts AS a JOIN aviation.seats AS s ON s.aircraft_code = a.aircraft_code WHERE s.fare_conditions = 'Comfort' GROUP BY a.aircraft_code, a.model ORDER BY seat_count DESC",249,1,1,0,True,True,False,2,2,3,1,1,0,0,0,0,18.65,18.67,5.0,27,260.0,0.437,6,5,2,Sort,2,0,0,0,1,0,0,1,1,28,0,0,0
flights_without_tickets,"SELECT f.flight_id, f.flight_no FROM aviation.flights AS f WHERE f.scheduled_departure >= DATE '2025-12-09' AND NOT EXISTS (SELECT 1 FROM aviation.ticket_flights AS tf WHERE tf.flight_id = f.flight_id)",201,0,3,1,False,False,False,2,2,3,0,0,0,0,0,0,3084.0,3316.09,1.0,11,200619.0,58.323,4,3,2,Hash Join,2,0,0,0,1,0,0,0,0,2710,0,0,0
flight_occupancy,"SELECT f.flight_id, COUNT(DISTINCT tf.ticket_no) AS tickets, COUNT(DISTINCT bp.ticket_no) AS boarded FROM aviation.flights AS f LEFT JOIN aviation.ticket_flights AS tf ON tf.flight_id = f.flight_id LEFT JOIN aviation.boarding_passes AS bp ON bp.flight_id = tf.flight_id AND bp.ticket_no = tf.ticket_no WHERE f.flight_id = 4373 GROUP BY f.flight_id",347,2,1,0,True,False,False,3,3,3,2,0,2,0,0,0,2112.95,2113.12,1.0,20,62.0,15.354,8,5,3,Aggregate,1,1,1,0,0,1,1,2,1,4193,0,0,0
airport_departure_counts,"SELECT departure_airport, COUNT(*) AS flight_count FROM aviation.flights WHERE scheduled_departure >= DATE '2025-08-05' AND scheduled_departure < DATE '2025-10-04' GROUP BY departure_airport ORDER BY flight_count DESC",217,0,2,0,True,True,False,1,1,2,1,0,0,0,0,0,262.36,262.39,10.0,12,1639.0,3.565,3,3,1,Sort,1,0,0,0,0,0,0,1,1,315,0,0,0
ticket_name_prefix,"SELECT ticket_no, passenger_id, passenger_name FROM aviation.tickets WHERE passenger_name LIKE 'Passenger 78419%' ORDER BY ticket_no LIMIT 50",141,0,1,0,False,True,False,1,1,3,0,0,0,0,0,0,2272.17,2272.19,10.0,41,30.0,19.513,3,3,1,Limit,1,0,0,0,0,0,0,1,0,3072,0,0,0
route_revenue,"SELECT f.departure_airport, f.arrival_airport, SUM(tf.amount) AS revenue FROM aviation.flights AS f JOIN aviation.ticket_flights AS tf ON tf.flight_id = f.flight_id WHERE f.departure_airport = 'MSQ' GROUP BY f.departure_airport, f.arrival_airport ORDER BY revenue DESC",268,1,1,0,True,True,False,2,2,3,1,1,0,0,0,0,2388.4,2388.43,10.0,40,112020.0,42.987,6,5,2,Sort,2,0,0,0,1,0,0,1,1,3859,0,0,0
daily_flight_count,"SELECT scheduled_departure::date AS flight_date, COUNT(*) AS flight_count FROM aviation.flights WHERE departure_airport = 'GNA' GROUP BY scheduled_departure::date ORDER BY flight_date",183,0,1,0,True,True,False,1,1,2,1,0,0,0,0,0,281.33,301.24,993.0,12,2993.0,2.467,3,3,1,Aggregate,1,0,0,0,0,0,0,1,1,318,0,0,0
airport_connections,"SELECT dep.city AS departure_city, arr.city AS arrival_city, COUNT(*) AS flights FROM aviation.flights AS f JOIN aviation.airports AS dep ON dep.airport_code = f.departure_airport JOIN aviation.airports AS arr ON arr.airport_code = f.arrival_airport WHERE f.departure_airport = 'TBS' AND f.status = 'On Time' GROUP BY dep.city, arr.city",336,2,2,0,True,False,False,3,2,3,1,2,0,0,0,0,261.66,261.76,10.0,24,781.0,2.126,7,4,2,Aggregate,3,0,0,0,1,0,1,0,1,420,0,0,0
ticket_fare_lookup,"SELECT t.ticket_no, tf.flight_id, tf.amount FROM aviation.tickets AS t JOIN aviation.ticket_flights AS tf ON tf.ticket_no = t.ticket_no WHERE t.passenger_id = '3923-083915' AND tf.fare_conditions = 'Comfort'",207,1,2,0,False,False,False,2,2,3,0,1,0,0,0,0,0.42,2280.45,1.0,24,3.0,23.117,3,2,2,Nested Loop,1,1,0,0,0,0,1,0,0,2052,0,0,0
top_routes,"SELECT departure_airport, arrival_airport, COUNT(*) AS flight_count FROM aviation.flights WHERE scheduled_departure >= DATE '2025-12-02' AND scheduled_departure < DATE '2026-03-02' GROUP BY departure_airport, arrival_airport ORDER BY flight_count DESC LIMIT 10",260,0,2,0,True,True,False,1,1,3,1,0,0,0,0,0,263.21,263.23,10.0,16,1016.0,2.688,4,4,1,Limit,1,0,0,0,0,0,0,1,1,422,0,0,0
flight_revenue,"SELECT f.flight_id, f.flight_no, COUNT(*) AS ticket_count, SUM(tf.amount) AS revenue FROM aviation.flights AS f JOIN aviation.ticket_flights AS tf ON tf.flight_id = f.flight_id WHERE f.flight_id = 5542 GROUP BY f.flight_id, f.flight_no",235,1,1,0,True,False,False,2,2,4,2,1,0,0,0,0,0.29,2092.47,1.0,51,22.0,16.281,4,3,2,Aggregate,1,1,0,0,0,0,1,0,1,2511,0,0,0
booking_ticket_count,"SELECT b.book_ref, COUNT(t.ticket_no) AS ticket_count FROM aviation.bookings AS b JOIN aviation.tickets AS t ON t.book_ref = b.book_ref WHERE b.book_date >= DATE '2024-11-03' AND b.book_date < DATE '2024-11-17' GROUP BY b.book_ref HAVING COUNT(t.ticket_no) >= 2",261,1,2,0,True,False,False,2,2,2,2,1,0,0,0,0,3398.68,3423.77,669.0,15,108697.0,54.705,5,4,2,Aggregate,2,0,0,0,1,0,0,0,1,4342,0,0,0
recent_flights_sorted,"SELECT flight_no, departure_airport, arrival_airport, scheduled_departure FROM aviation.flights WHERE departure_airport = 'SVO' ORDER BY scheduled_departure DESC LIMIT 100",171,0,1,0,False,True,False,1,1,4,0,0,0,0,0,0,267.22,267.47,100.0,23,2100.0,3.028,3,3,1,Limit,1,0,0,0,0,0,0,1,0,318,0,0,0
aircraft_fare_capacity,"SELECT fare_conditions, COUNT(*) AS seat_count FROM aviation.seats WHERE aircraft_code = 'E95' GROUP BY fare_conditions ORDER BY seat_count DESC",144,0,1,0,True,True,False,1,1,2,1,0,0,0,0,0,17.2,17.21,3.0,16,186.0,0.286,3,3,1,Sort,1,0,0,0,0,0,0,1,1,18,0,0,0
high_value_passengers,"SELECT t.passenger_id, t.passenger_name, b.total_amount FROM aviation.tickets AS t JOIN aviation.bookings AS b ON b.book_ref = t.book_ref WHERE b.total_amount >= 277500 ORDER BY b.total_amount DESC LIMIT 100",207,1,1,0,False,True,False,2,2,3,0,1,0,0,0,0,5237.64,5237.89,100.0,33,235640.0,105.516,6,5,2,Limit,2,0,0,0,1,0,0,1,0,5689,0,0,0
route_by_date,"SELECT flight_id, flight_no, scheduled_departure, status FROM aviation.flights WHERE departure_airport = 'IST' AND arrival_airport = 'GME' AND scheduled_departure >= DATE '2025-04-04' AND scheduled_departure < DATE '2025-04-04' + INTERVAL '1 day'",246,0,4,0,False,False,False,1,1,4,0,0,0,0,0,0,0.0,304.0,1.0,27,1.0,3.029,1,1,1,Seq Scan,1,0,0,0,0,0,0,0,0,104,0,0,0
unboarded_tickets,"SELECT tf.ticket_no, tf.fare_conditions FROM aviation.ticket_flights AS tf LEFT JOIN aviation.boarding_passes AS bp ON bp.ticket_no = tf.ticket_no AND bp.flight_id = tf.flight_id WHERE tf.flight_id = 7492 AND bp.ticket_no IS NULL",229,1,2,0,False,False,False,2,2,2,0,0,1,0,0,0,0.29,2109.74,10.0,22,40.0,13.604,4,3,2,Nested Loop,1,1,0,0,0,0,1,0,0,1677,0,0,0
flights_without_tickets,"SELECT f.flight_id, f.flight_no FROM aviation.flights AS f WHERE f.scheduled_departure >= DATE '2025-12-24' AND NOT EXISTS (SELECT 1 FROM aviation.ticket_flights AS tf WHERE tf.flight_id = f.flight_id)",201,0,3,1,False,False,False,2,2,3,0,0,0,0,0,0,3084.0,3314.07,1.0,11,200214.0,62.192,4,3,2,Hash Join,2,0,0,0,1,0,0,0,0,2710,0,0,0
passengers_for_booking,"SELECT b.book_ref, b.book_date, t.ticket_no, t.passenger_name FROM aviation.bookings AS b JOIN aviation.tickets AS t ON t.book_ref = b.book_ref WHERE b.book_ref = '009282'",171,1,1,0,False,False,False,2,2,4,0,1,0,0,0,0,0.29,2280.33,2.0,44,5.0,18.716,3,2,2,Nested Loop,1,1,0,0,0,0,1,0,0,2050,0,0,0
passenger_flight_history,"SELECT t.passenger_id, t.passenger_name, f.flight_no, f.scheduled_departure, tf.fare_conditions FROM aviation.tickets AS t JOIN aviation.ticket_flights AS tf ON tf.ticket_no = t.ticket_no JOIN aviation.flights AS f ON f.flight_id = tf.flight_id WHERE t.passenger_id = '3199-013198' AND f.status = 'Scheduled' ORDER BY f.scheduled_departure DESC",344,2,2,0,False,True,False,3,3,5,0,2,0,0,0,0,2280.77,2280.77,1.0,50,6.0,23.985,6,4,3,Sort,1,2,0,0,0,0,2,1,0,4116,0,0,0
aircraft_flight_counts,"SELECT a.aircraft_code, a.model, COUNT(f.flight_id) AS flight_count FROM aviation.aircrafts AS a LEFT JOIN aviation.flights AS f ON f.aircraft_code = a.aircraft_code WHERE a.range_km >= 6750 GROUP BY a.aircraft_code, a.model",224,1,1,0,True,False,False,2,2,3,1,0,1,0,0,0,273.59,273.61,2.0,27,14006.0,4.49,5,4,2,Aggregate,2,0,0,0,1,0,0,0,1,316,0,0,0
boarding_pass_lookup,"SELECT bp.boarding_no, bp.seat_no, t.passenger_name FROM aviation.boarding_passes AS bp JOIN aviation.tickets AS t ON t.ticket_no = bp.ticket_no WHERE bp.flight_id = 611 AND bp.boarding_no BETWEEN 1 AND 5",204,1,2,0,False,False,False,2,2,3,0,1,0,0,0,0,0.71,57.58,5.0,22,11.0,0.223,3,2,2,Nested Loop,0,2,0,0,0,0,1,0,0,46,0,0,0
bookings_with_expensive_ticket,"SELECT b.book_ref, b.total_amount FROM aviation.bookings AS b WHERE EXISTS (SELECT 1 FROM aviation.tickets AS t JOIN aviation.ticket_flights AS tf ON tf.ticket_no = t.ticket_no WHERE t.book_ref = b.book_ref AND tf.amount >= 104500)",231,1,3,1,False,False,False,3,3,3,0,1,0,0,0,0,5022.27,6144.57,15465.0,13,227325.0,105.38,7,5,3,Hash Join,3,0,0,0,2,0,0,0,0,8896,0,0,0
booking_amount_range,"SELECT book_ref, book_date, total_amount FROM aviation.bookings WHERE total_amount BETWEEN 175000 AND 295000",108,0,1,0,False,False,False,1,1,3,0,0,0,0,0,0,0.0,1069.0,12006.0,21,12006.0,13.225,1,1,1,Seq Scan,1,0,0,0,0,0,0,0,0,319,0,0,0
aircraft_seat_capacity,"SELECT a.aircraft_code, a.model, COUNT(s.seat_no) AS seat_count FROM aviation.aircrafts AS a JOIN aviation.seats AS s ON s.aircraft_code = a.aircraft_code WHERE s.fare_conditions = 'Comfort' GROUP BY a.aircraft_code, a.model ORDER BY seat_count DESC",249,1,1,0,True,True,False,2,2,3,1,1,0,0,0,0,18.65,18.67,5.0,27,260.0,0.454,6,5,2,Sort,2,0,0,0,1,0,0,1,1,28,0,0,0
fare_statistics,"SELECT fare_conditions, COUNT(*) AS ticket_count, AVG(amount) AS average_amount FROM aviation.ticket_flights WHERE fare_conditions = 'Comfort' AND amount >= 53750 GROUP BY fare_conditions HAVING COUNT(*) > 10",208,0,2,0,True,False,False,1,1,3,3,0,0,0,0,0,0.0,2374.06,1.0,48,8010.0,25.872,2,2,1,Aggregate,1,0,0,0,0,0,0,0,1,1668,0,0,0
airport_departure_counts,"SELECT departure_airport, COUNT(*) AS flight_count FROM aviation.flights WHERE scheduled_departure >= DATE '2025-02-20' AND scheduled_departure < DATE '2025-04-21' GROUP BY departure_airport ORDER BY flight_count DESC",217,0,2,0,True,True,False,1,1,2,1,0,0,0,0,0,262.66,262.69,10.0,12,1699.0,3.165,3,3,1,Sort,1,0,0,0,0,0,0,1,1,315,0,0,0
flight_revenue,"SELECT f.flight_id, f.flight_no, COUNT(*) AS ticket_count, SUM(tf.amount) AS revenue FROM aviation.flights AS f JOIN aviation.ticket_flights AS tf ON tf.flight_id = f.flight_id WHERE f.flight_id = 2202 GROUP BY f.flight_id, f.flight_no",235,1,1,0,True,False,False,2,2,4,2,1,0,0,0,0,0.29,2092.47,1.0,51,22.0,13.412,4,3,2,Aggregate,1,1,0,0,0,0,1,0,1,2511,0,0,0
route_revenue,"SELECT f.departure_airport, f.arrival_airport, SUM(tf.amount) AS revenue FROM aviation.flights AS f JOIN aviation.ticket_flights AS tf ON tf.flight_id = f.flight_id WHERE f.departure_airport = 'BQT' GROUP BY f.departure_airport, f.arrival_airport ORDER BY revenue DESC",268,1,1,0,True,True,False,2,2,3,1,1,0,0,0,0,2388.4,2388.43,10.0,40,112020.0,41.613,6,5,2,Sort,2,0,0,0,1,0,0,1,1,3859,0,0,0
unboarded_tickets,"SELECT tf.ticket_no, tf.fare_conditions FROM aviation.ticket_flights AS tf LEFT JOIN aviation.boarding_passes AS bp ON bp.ticket_no = tf.ticket_no AND bp.flight_id = tf.flight_id WHERE tf.flight_id = 2643 AND bp.ticket_no IS NULL",229,1,2,0,False,False,False,2,2,2,0,0,1,0,0,0,0.29,2109.74,10.0,22,40.0,13.594,4,3,2,Nested Loop,1,1,0,0,0,0,1,0,0,1674,0,0,0
passengers_for_booking,"SELECT b.book_ref, b.book_date, t.ticket_no, t.passenger_name FROM aviation.bookings AS b JOIN aviation.tickets AS t ON t.book_ref = b.book_ref WHERE b.book_ref = '027843'",171,1,1,0,False,False,False,2,2,4,0,1,0,0,0,0,0.29,2280.33,2.0,44,5.0,16.255,3,2,2,Nested Loop,1,1,0,0,0,0,1,0,0,2050,0,0,0
passenger_flight_history,"SELECT t.passenger_id, t.passenger_name, f.flight_no, f.scheduled_departure, tf.fare_conditions FROM aviation.tickets AS t JOIN aviation.ticket_flights AS tf ON tf.ticket_no = t.ticket_no JOIN aviation.flights AS f ON f.flight_id = tf.flight_id WHERE t.passenger_id = '9676-049672' AND f.status = 'Scheduled' ORDER BY f.scheduled_departure DESC",344,2,2,0,False,True,False,3,3,5,0,2,0,0,0,0,2280.77,2280.77,1.0,50,6.0,16.315,6,4,3,Sort,1,2,0,0,0,0,2,1,0,4116,0,0,0
flight_occupancy,"SELECT f.flight_id, COUNT(DISTINCT tf.ticket_no) AS tickets, COUNT(DISTINCT bp.ticket_no) AS boarded FROM aviation.flights AS f LEFT JOIN aviation.ticket_flights AS tf ON tf.flight_id = f.flight_id LEFT JOIN aviation.boarding_passes AS bp ON bp.flight_id = tf.flight_id AND bp.ticket_no = tf.ticket_no WHERE f.flight_id = 5469 GROUP BY f.flight_id",347,2,1,0,True,False,False,3,3,3,2,0,2,0,0,0,2112.95,2113.12,1.0,20,62.0,13.428,8,5,3,Aggregate,1,1,1,0,0,1,1,2,1,4197,0,0,0
aircraft_seat_capacity,"SELECT a.aircraft_code, a.model, COUNT(s.seat_no) AS seat_count FROM aviation.aircrafts AS a JOIN aviation.seats AS s ON s.aircraft_code = a.aircraft_code WHERE s.fare_conditions = 'Business' GROUP BY a.aircraft_code, a.model ORDER BY seat_count DESC",250,1,1,0,True,True,False,2,2,3,1,1,0,0,0,0,18.06,18.07,5.0,27,140.0,0.339,6,5,2,Sort,2,0,0,0,1,0,0,1,1,28,0,0,0
route_by_date,"SELECT flight_id, flight_no, scheduled_departure, status FROM aviation.flights WHERE departure_airport = 'BQT' AND arrival_airport = 'GNA' AND scheduled_departure >= DATE '2025-12-15' AND scheduled_departure < DATE '2025-12-15' + INTERVAL '1 day'",246,0,4,0,False,False,False,1,1,4,0,0,0,0,0,0,0.0,304.0,1.0,27,1.0,2.128,1,1,1,Seq Scan,1,0,0,0,0,0,0,0,0,104,0,0,0
aircraft_fare_capacity,"SELECT fare_conditions, COUNT(*) AS seat_count FROM aviation.seats WHERE aircraft_code = '738' GROUP BY fare_conditions ORDER BY seat_count DESC",144,0,1,0,True,True,False,1,1,2,1,0,0,0,0,0,17.2,17.21,3.0,16,186.0,0.297,3,3,1,Sort,1,0,0,0,0,0,0,1,1,18,0,0,0
high_value_passengers,"SELECT t.passenger_id, t.passenger_name, b.total_amount FROM aviation.tickets AS t JOIN aviation.bookings AS b ON b.book_ref = t.book_ref WHERE b.total_amount >= 407500 ORDER BY b.total_amount DESC LIMIT 100",207,1,1,0,False,True,False,2,2,3,0,1,0,0,0,0,4056.18,4056.43,100.0,33,155936.0,74.294,6,5,2,Limit,2,0,0,0,1,0,0,1,0,5689,0,0,0
airport_connections,"SELECT dep.city AS departure_city, arr.city AS arrival_city, COUNT(*) AS flights FROM aviation.flights AS f JOIN aviation.airports AS dep ON dep.airport_code = f.departure_airport JOIN aviation.airports AS arr ON arr.airport_code = f.arrival_airport WHERE f.departure_airport = 'BQT' AND f.status = 'Scheduled' GROUP BY dep.city, arr.city",338,2,2,0,True,False,False,3,2,3,1,2,0,0,0,0,261.66,261.76,10.0,24,781.0,2.114,7,4,2,Aggregate,3,0,0,0,1,0,1,0,1,420,0,0,0
flights_without_tickets,"SELECT f.flight_id, f.flight_no FROM aviation.flights AS f WHERE f.scheduled_departure >= DATE '2025-12-02' AND NOT EXISTS (SELECT 1 FROM aviation.ticket_flights AS tf WHERE tf.flight_id = f.flight_id)",201,0,3,1,False,False,False,2,2,3,0,0,0,0,0,0,3084.0,3317.03,1.0,11,200808.0,56.449,4,3,2,Hash Join,2,0,0,0,1,0,0,0,0,2710,0,0,0
daily_flight_count,"SELECT scheduled_departure::date AS flight_date, COUNT(*) AS flight_count FROM aviation.flights WHERE departure_airport = 'MSQ' GROUP BY scheduled_departure::date ORDER BY flight_date",183,0,1,0,True,True,False,1,1,2,1,0,0,0,0,0,281.33,301.24,993.0,12,2993.0,2.547,3,3,1,Aggregate,1,0,0,0,0,0,0,1,1,318,0,0,0
bookings_with_expensive_ticket,"SELECT b.book_ref, b.total_amount FROM aviation.bookings AS b WHERE EXISTS (SELECT 1 FROM aviation.tickets AS t JOIN aviation.ticket_flights AS tf ON tf.ticket_no = t.ticket_no WHERE t.book_ref = b.book_ref AND tf.amount >= 44750)",230,1,3,1,False,False,False,3,3,3,0,1,0,0,0,0,6345.23,7850.72,49909.0,13,496118.0,213.96,7,5,3,Hash Join,3,0,0,0,2,0,0,0,0,9084,0,0,0
aircraft_flight_counts,"SELECT a.aircraft_code, a.model, COUNT(f.flight_id) AS flight_count FROM aviation.aircrafts AS a LEFT JOIN aviation.flights AS f ON f.aircraft_code = a.aircraft_code WHERE a.range_km >= 4000 GROUP BY a.aircraft_code, a.model",224,1,1,0,True,False,False,2,2,3,1,0,1,0,0,0,303.62,303.68,5.0,27,20015.0,8.317,5,4,2,Aggregate,2,0,0,0,1,0,0,0,1,316,0,0,0
ticket_name_prefix,"SELECT ticket_no, passenger_id, passenger_name FROM aviation.tickets WHERE passenger_name LIKE 'Passenger 60712%' ORDER BY ticket_no LIMIT 50",141,0,1,0,False,True,False,1,1,3,0,0,0,0,0,0,2272.17,2272.19,10.0,41,30.0,26.612,3,3,1,Limit,1,0,0,0,0,0,0,1,0,3072,0,0,0
ticket_fare_lookup,"SELECT t.ticket_no, tf.flight_id, tf.amount FROM aviation.tickets AS t JOIN aviation.ticket_flights AS tf ON tf.ticket_no = t.ticket_no WHERE t.passenger_id = '5532-085524' AND tf.fare_conditions = 'Comfort'",207,1,2,0,False,False,False,2,2,3,0,1,0,0,0,0,0.42,2280.45,1.0,24,3.0,16.199,3,2,2,Nested Loop,1,1,0,0,0,0,1,0,0,2052,0,0,0
boarding_pass_lookup,"SELECT bp.boarding_no, bp.seat_no, t.passenger_name FROM aviation.boarding_passes AS bp JOIN aviation.tickets AS t ON t.ticket_no = bp.ticket_no WHERE bp.flight_id = 362 AND bp.boarding_no BETWEEN 2 AND 4",204,1,2,0,False,False,False,2,2,3,0,1,0,0,0,0,0.71,37.17,3.0,22,7.0,0.195,3,2,2,Nested Loop,0,2,0,0,0,0,1,0,0,30,0,0,0
recent_flights_sorted,"SELECT flight_no, departure_airport, arrival_airport, scheduled_departure FROM aviation.flights WHERE departure_airport = 'LED' ORDER BY scheduled_departure DESC LIMIT 25",170,0,1,0,False,True,False,1,1,4,0,0,0,0,0,0,257.22,257.28,25.0,23,2025.0,2.52,3,3,1,Limit,1,0,0,0,0,0,0,1,0,318,0,0,0
booking_ticket_count,"SELECT b.book_ref, COUNT(t.ticket_no) AS ticket_count FROM aviation.bookings AS b JOIN aviation.tickets AS t ON t.book_ref = b.book_ref WHERE b.book_date >= DATE '2024-11-21' AND b.book_date < DATE '2024-12-05' GROUP BY b.book_ref HAVING COUNT(t.ticket_no) >= 2",261,1,2,0,True,False,False,2,2,2,2,1,0,0,0,0,3395.98,3419.57,629.0,15,108177.0,51.081,5,4,2,Aggregate,2,0,0,0,1,0,0,0,1,4342,0,0,0
booking_amount_range,"SELECT book_ref, book_date, total_amount FROM aviation.bookings WHERE total_amount BETWEEN 265000 AND 360000",108,0,1,0,False,False,False,1,1,3,0,0,0,0,0,0,0.0,1069.0,9744.0,21,9744.0,12.482,1,1,1,Seq Scan,1,0,0,0,0,0,0,0,0,319,0,0,0
fare_statistics,"SELECT fare_conditions, COUNT(*) AS ticket_count, AVG(amount) AS average_amount FROM aviation.ticket_flights WHERE fare_conditions = 'Economy' AND amount >= 33250 GROUP BY fare_conditions HAVING COUNT(*) > 10",208,0,2,0,True,False,False,1,1,3,3,0,0,0,0,0,0.0,2637.72,1.0,48,60741.0,43.51,2,2,1,Aggregate,1,0,0,0,0,0,0,0,1,1668,0,0,0
top_routes,"SELECT departure_airport, arrival_airport, COUNT(*) AS flight_count FROM aviation.flights WHERE scheduled_departure >= DATE '2025-02-09' AND scheduled_departure < DATE '2025-04-10' GROUP BY departure_airport, arrival_airport ORDER BY flight_count DESC LIMIT 3",259,0,2,0,True,True,False,1,1,3,1,0,0,0,0,0,268.89,268.9,3.0,16,1883.0,5.824,4,4,1,Limit,1,0,0,0,0,0,0,1,1,422,0,0,0
route_revenue,"SELECT f.departure_airport, f.arrival_airport, SUM(tf.amount) AS revenue FROM aviation.flights AS f JOIN aviation.ticket_flights AS tf ON tf.flight_id = f.flight_id WHERE f.departure_airport = 'BQT' GROUP BY f.departure_airport, f.arrival_airport ORDER BY revenue DESC",268,1,1,0,True,True,False,2,2,3,1,1,0,0,0,0,2388.4,2388.43,10.0,40,112020.0,38.213,6,5,2,Sort,2,0,0,0,1,0,0,1,1,3859,0,0,0
high_value_passengers,"SELECT t.passenger_id, t.passenger_name, b.total_amount FROM aviation.tickets AS t JOIN aviation.bookings AS b ON b.book_ref = t.book_ref WHERE b.total_amount >= 355000 ORDER BY b.total_amount DESC LIMIT 100",207,1,1,0,False,True,False,2,2,3,0,1,0,0,0,0,4531.92,4532.17,100.0,33,188030.0,82.749,6,5,2,Limit,2,0,0,0,1,0,0,1,0,5689,0,0,0
ticket_name_prefix,"SELECT ticket_no, passenger_id, passenger_name FROM aviation.tickets WHERE passenger_name LIKE 'Passenger 77883%' ORDER BY ticket_no LIMIT 50",141,0,1,0,False,True,False,1,1,3,0,0,0,0,0,0,2272.17,2272.19,10.0,41,30.0,19.427,3,3,1,Limit,1,0,0,0,0,0,0,1,0,3072,0,0,0
route_by_date,"SELECT flight_id, flight_no, scheduled_departure, status FROM aviation.flights WHERE departure_airport = 'LED' AND arrival_airport = 'IST' AND scheduled_departure >= DATE '2025-12-31' AND scheduled_departure < DATE '2025-12-31' + INTERVAL '1 day'",246,0,4,0,False,False,False,1,1,4,0,0,0,0,0,0,0.0,304.0,1.0,27,1.0,2.996,1,1,1,Seq Scan,1,0,0,0,0,0,0,0,0,104,0,0,0
passenger_flight_history,"SELECT t.passenger_id, t.passenger_name, f.flight_no, f.scheduled_departure, tf.fare_conditions FROM aviation.tickets AS t JOIN aviation.ticket_flights AS tf ON tf.ticket_no = t.ticket_no JOIN aviation.flights AS f ON f.flight_id = tf.flight_id WHERE t.passenger_id = '7085-087077' AND f.status = 'On Time' ORDER BY f.scheduled_departure DESC",342,2,2,0,False,True,False,3,3,5,0,2,0,0,0,0,2280.77,2280.77,1.0,50,6.0,16.324,6,4,3,Sort,1,2,0,0,0,0,2,1,0,4116,0,0,0
bookings_with_expensive_ticket,"SELECT b.book_ref, b.total_amount FROM aviation.bookings AS b WHERE EXISTS (SELECT 1 FROM aviation.tickets AS t JOIN aviation.ticket_flights AS tf ON tf.ticket_no = t.ticket_no WHERE t.book_ref = b.book_ref AND tf.amount >= 50000)",230,1,3,1,False,False,False,3,3,3,0,1,0,0,0,0,6278.61,7784.09,49909.0,13,482903.0,182.078,7,5,3,Hash Join,3,0,0,0,2,0,0,0,0,9084,0,0,0
recent_flights_sorted,"SELECT flight_no, departure_airport, arrival_airport, scheduled_departure FROM aviation.flights WHERE departure_airport = 'GME' ORDER BY scheduled_departure DESC LIMIT 25",170,0,1,0,False,True,False,1,1,4,0,0,0,0,0,0,257.22,257.28,25.0,23,2025.0,2.322,3,3,1,Limit,1,0,0,0,0,0,0,1,0,318,0,0,0
aircraft_seat_capacity,"SELECT a.aircraft_code, a.model, COUNT(s.seat_no) AS seat_count FROM aviation.aircrafts AS a JOIN aviation.seats AS s ON s.aircraft_code = a.aircraft_code WHERE s.fare_conditions = 'Business' GROUP BY a.aircraft_code, a.model ORDER BY seat_count DESC",250,1,1,0,True,True,False,2,2,3,1,1,0,0,0,0,18.06,18.07,5.0,27,140.0,0.341,6,5,2,Sort,2,0,0,0,1,0,0,1,1,28,0,0,0
ticket_fare_lookup,"SELECT t.ticket_no, tf.flight_id, tf.amount FROM aviation.tickets AS t JOIN aviation.ticket_flights AS tf ON tf.ticket_no = t.ticket_no WHERE t.passenger_id = '3726-043722' AND tf.fare_conditions = 'Business'",208,1,2,0,False,False,False,2,2,3,0,1,0,0,0,0,0.42,2280.45,1.0,24,3.0,18.309,3,2,2,Nested Loop,1,1,0,0,0,0,1,0,0,2052,0,0,0
airport_connections,"SELECT dep.city AS departure_city, arr.city AS arrival_city, COUNT(*) AS flights FROM aviation.flights AS f JOIN aviation.airports AS dep ON dep.airport_code = f.departure_airport JOIN aviation.airports AS arr ON arr.airport_code = f.arrival_airport WHERE f.departure_airport = 'IST' AND f.status = 'Arrived' GROUP BY dep.city, arr.city",336,2,2,0,True,False,False,3,2,3,1,2,0,0,0,0,261.66,261.76,10.0,24,781.0,2.443,7,4,2,Aggregate,3,0,0,0,1,0,1,0,1,424,0,0,0
unboarded_tickets,"SELECT tf.ticket_no, tf.fare_conditions FROM aviation.ticket_flights AS tf LEFT JOIN aviation.boarding_passes AS bp ON bp.ticket_no = tf.ticket_no AND bp.flight_id = tf.flight_id WHERE tf.flight_id = 3986 AND bp.ticket_no IS NULL",229,1,2,0,False,False,False,2,2,2,0,0,1,0,0,0,0.29,2109.74,10.0,22,40.0,20.766,4,3,2,Nested Loop,1,1,0,0,0,0,1,0,0,1674,0,0,0
flights_without_tickets,"SELECT f.flight_id, f.flight_no FROM aviation.flights AS f WHERE f.scheduled_departure >= DATE '2025-11-16' AND NOT EXISTS (SELECT 1 FROM aviation.ticket_flights AS tf WHERE tf.flight_id = f.flight_id)",201,0,3,1,False,False,False,2,2,3,0,0,0,0,0,0,3084.0,3319.19,1.0,11,201239.0,52.241,4,3,2,Hash Join,2,0,0,0,1,0,0,0,0,2710,0,0,0
fare_statistics,"SELECT fare_conditions, COUNT(*) AS ticket_count, AVG(amount) AS average_amount FROM aviation.ticket_flights WHERE fare_conditions = 'Business' AND amount >= 37250 GROUP BY fare_conditions HAVING COUNT(*) > 10",209,0,2,0,True,False,False,1,1,3,3,0,0,0,0,0,0.0,2351.71,1.0,48,3539.0,26.011,2,2,1,Aggregate,1,0,0,0,0,0,0,0,1,1668,0,0,0
booking_ticket_count,"SELECT b.book_ref, COUNT(t.ticket_no) AS ticket_count FROM aviation.bookings AS b JOIN aviation.tickets AS t ON t.book_ref = b.book_ref WHERE b.book_date >= DATE '2025-02-20' AND b.book_date < DATE '2025-03-22' GROUP BY b.book_ref HAVING COUNT(t.ticket_no) >= 2",261,1,2,0,True,False,False,2,2,2,2,1,0,0,0,0,3448.04,3500.56,1400.0,15,118204.0,56.047,5,4,2,Aggregate,2,0,0,0,1,0,0,0,1,4342,0,0,0
aircraft_fare_capacity,"SELECT fare_conditions, COUNT(*) AS seat_count FROM aviation.seats WHERE aircraft_code = 'SU9' GROUP BY fare_conditions ORDER BY seat_count DESC",144,0,1,0,True,True,False,1,1,2,1,0,0,0,0,0,17.2,17.21,3.0,16,186.0,0.3,3,3,1,Sort,1,0,0,0,0,0,0,1,1,18,0,0,0
passengers_for_booking,"SELECT b.book_ref, b.book_date, t.ticket_no, t.passenger_name FROM aviation.bookings AS b JOIN aviation.tickets AS t ON t.book_ref = b.book_ref WHERE b.book_ref = '007299'",171,1,1,0,False,False,False,2,2,4,0,1,0,0,0,0,0.29,2280.33,2.0,44,5.0,17.127,3,2,2,Nested Loop,1,1,0,0,0,0,1,0,0,2050,0,0,0
aircraft_flight_counts,"SELECT a.aircraft_code, a.model, COUNT(f.flight_id) AS flight_count FROM aviation.aircrafts AS a LEFT JOIN aviation.flights AS f ON f.aircraft_code = a.aircraft_code WHERE a.range_km >= 7000 GROUP BY a.aircraft_code, a.model",224,1,1,0,True,False,False,2,2,3,1,0,1,0,0,0,263.57,263.58,1.0,27,12003.0,6.217,5,4,2,Aggregate,2,0,0,0,1,0,0,0,1,316,0,0,0
daily_flight_count,"SELECT scheduled_departure::date AS flight_date, COUNT(*) AS flight_count FROM aviation.flights WHERE departure_airport = 'BQT' GROUP BY scheduled_departure::date ORDER BY flight_date",183,0,1,0,True,True,False,1,1,2,1,0,0,0,0,0,281.33,301.24,993.0,12,2993.0,3.412,3,3,1,Aggregate,1,0,0,0,0,0,0,1,1,318,0,0,0
top_routes,"SELECT departure_airport, arrival_airport, COUNT(*) AS flight_count FROM aviation.flights WHERE scheduled_departure >= DATE '2025-09-06' AND scheduled_departure < DATE '2025-11-05' GROUP BY departure_airport, arrival_airport ORDER BY flight_count DESC LIMIT 5",259,0,2,0,True,True,False,1,1,3,1,0,0,0,0,0,268.8,268.82,5.0,16,1824.0,3.178,4,4,1,Limit,1,0,0,0,0,0,0,1,1,422,0,0,0
booking_amount_range,"SELECT book_ref, book_date, total_amount FROM aviation.bookings WHERE total_amount BETWEEN 205000 AND 335000",108,0,1,0,False,False,False,1,1,3,0,0,0,0,0,0,0.0,1069.0,13122.0,21,13122.0,13.07,1,1,1,Seq Scan,1,0,0,0,0,0,0,0,0,319,0,0,0
flight_revenue,"SELECT f.flight_id, f.flight_no, COUNT(*) AS ticket_count, SUM(tf.amount) AS revenue FROM aviation.flights AS f JOIN aviation.ticket_flights AS tf ON tf.flight_id = f.flight_id WHERE f.flight_id = 4388 GROUP BY f.flight_id, f.flight_no",235,1,1,0,True,False,False,2,2,4,2,1,0,0,0,0,0.29,2092.47,1.0,51,22.0,13.396,4,3,2,Aggregate,1,1,0,0,0,0,1,0,1,2511,0,0,0
airport_departure_counts,"SELECT departure_airport, COUNT(*) AS flight_count FROM aviation.flights WHERE scheduled_departure >= DATE '2025-08-05' AND scheduled_departure < DATE '2025-10-04' GROUP BY departure_airport ORDER BY flight_count DESC",217,0,2,0,True,True,False,1,1,2,1,0,0,0,0,0,262.36,262.39,10.0,12,1639.0,3.744,3,3,1,Sort,1,0,0,0,0,0,0,1,1,315,0,0,0
flight_occupancy,"SELECT f.flight_id, COUNT(DISTINCT tf.ticket_no) AS tickets, COUNT(DISTINCT bp.ticket_no) AS boarded FROM aviation.flights AS f LEFT JOIN aviation.ticket_flights AS tf ON tf.flight_id = f.flight_id LEFT JOIN aviation.boarding_passes AS bp ON bp.flight_id = tf.flight_id AND bp.ticket_no = tf.ticket_no WHERE f.flight_id = 9829 GROUP BY f.flight_id",347,2,1,0,True,False,False,3,3,3,2,0,2,0,0,0,2112.95,2113.12,1.0,20,62.0,14.695,8,5,3,Aggregate,1,1,1,0,0,1,1,2,1,4197,0,0,0
boarding_pass_lookup,"SELECT bp.boarding_no, bp.seat_no, t.passenger_name FROM aviation.boarding_passes AS bp JOIN aviation.tickets AS t ON t.ticket_no = bp.ticket_no WHERE bp.flight_id = 7175 AND bp.boarding_no BETWEEN 2 AND 7",205,1,2,0,False,False,False,2,2,3,0,1,0,0,0,0,0.71,67.79,6.0,22,13.0,0.322,3,2,2,Nested Loop,0,2,0,0,0,0,1,0,0,56,0,0,0
airport_departure_counts,"SELECT departure_airport, COUNT(*) AS flight_count FROM aviation.flights WHERE scheduled_departure >= DATE '2025-05-20' AND scheduled_departure < DATE '2025-07-19' GROUP BY departure_airport ORDER BY flight_count DESC",217,0,2,0,True,True,False,1,1,2,1,0,0,0,0,0,262.4,262.43,10.0,12,1647.0,3.179,3,3,1,Sort,1,0,0,0,0,0,0,1,1,315,0,0,0
passengers_for_booking,"SELECT b.book_ref, b.book_date, t.ticket_no, t.passenger_name FROM aviation.bookings AS b JOIN aviation.tickets AS t ON t.book_ref = b.book_ref WHERE b.book_ref = '041101'",171,1,1,0,False,False,False,2,2,4,0,1,0,0,0,0,0.29,2280.33,2.0,44,5.0,18.208,3,2,2,Nested Loop,1,1,0,0,0,0,1,0,0,2050,0,0,0
aircraft_seat_capacity,"SELECT a.aircraft_code, a.model, COUNT(s.seat_no) AS seat_count FROM aviation.aircrafts AS a JOIN aviation.seats AS s ON s.aircraft_code = a.aircraft_code WHERE s.fare_conditions = 'Economy' GROUP BY a.aircraft_code, a.model ORDER BY seat_count DESC",249,1,1,0,True,True,False,2,2,3,1,1,0,0,0,0,24.56,24.58,5.0,27,1460.0,1.352,6,5,2,Sort,2,0,0,0,1,0,0,1,1,28,0,0,0
top_routes,"SELECT departure_airport, arrival_airport, COUNT(*) AS flight_count FROM aviation.flights WHERE scheduled_departure >= DATE '2025-01-21' AND scheduled_departure < DATE '2025-04-21' GROUP BY departure_airport, arrival_airport ORDER BY flight_count DESC LIMIT 10",260,0,2,0,True,True,False,1,1,3,1,0,0,0,0,0,276.06,276.09,10.0,16,2730.0,5.66,4,4,1,Limit,1,0,0,0,0,0,0,1,1,422,0,0,0
aircraft_fare_capacity,"SELECT fare_conditions, COUNT(*) AS seat_count FROM aviation.seats WHERE aircraft_code = '321' GROUP BY fare_conditions ORDER BY seat_count DESC",144,0,1,0,True,True,False,1,1,2,1,0,0,0,0,0,17.2,17.21,3.0,16,186.0,0.366,3,3,1,Sort,1,0,0,0,0,0,0,1,1,18,0,0,0
ticket_fare_lookup,"SELECT t.ticket_no, tf.flight_id, tf.amount FROM aviation.tickets AS t JOIN aviation.ticket_flights AS tf ON tf.ticket_no = t.ticket_no WHERE t.passenger_id = '3081-033078' AND tf.fare_conditions = 'Comfort'",207,1,2,0,False,False,False,2,2,3,0,1,0,0,0,0,0.42,2280.45,1.0,24,3.0,28.297,3,2,2,Nested Loop,1,1,0,0,0,0,1,0,0,2052,0,0,0
route_by_date,"SELECT flight_id, flight_no, scheduled_departure, status FROM aviation.flights WHERE departure_airport = 'IST' AND arrival_airport = 'GME' AND scheduled_departure >= DATE '2025-09-17' AND scheduled_departure < DATE '2025-09-17' + INTERVAL '1 day'",246,0,4,0,False,False,False,1,1,4,0,0,0,0,0,0,0.0,304.0,1.0,27,1.0,3.105,1,1,1,Seq Scan,1,0,0,0,0,0,0,0,0,104,0,0,0
boarding_pass_lookup,"SELECT bp.boarding_no, bp.seat_no, t.passenger_name FROM aviation.boarding_passes AS bp JOIN aviation.tickets AS t ON t.ticket_no = bp.ticket_no WHERE bp.flight_id = 785 AND bp.boarding_no BETWEEN 4 AND 8",204,1,2,0,False,False,False,2,2,3,0,1,0,0,0,0,0.71,57.58,5.0,22,11.0,0.18,3,2,2,Nested Loop,0,2,0,0,0,0,1,0,0,46,0,0,0
ticket_name_prefix,"SELECT ticket_no, passenger_id, passenger_name FROM aviation.tickets WHERE passenger_name LIKE 'Passenger 63010%' ORDER BY ticket_no LIMIT 50",141,0,1,0,False,True,False,1,1,3,0,0,0,0,0,0,2272.17,2272.19,10.0,41,30.0,19.618,3,3,1,Limit,1,0,0,0,0,0,0,1,0,3072,0,0,0
recent_flights_sorted,"SELECT flight_no, departure_airport, arrival_airport, scheduled_departure FROM aviation.flights WHERE departure_airport = 'SVO' ORDER BY scheduled_departure DESC LIMIT 10",170,0,1,0,False,True,False,1,1,4,0,0,0,0,0,0,250.61,250.63,10.0,23,2010.0,2.271,3,3,1,Limit,1,0,0,0,0,0,0,1,0,318,0,0,0
flight_revenue,"SELECT f.flight_id, f.flight_no, COUNT(*) AS ticket_count, SUM(tf.amount) AS revenue FROM aviation.flights AS f JOIN aviation.ticket_flights AS tf ON tf.flight_id = f.flight_id WHERE f.flight_id = 3909 GROUP BY f.flight_id, f.flight_no",235,1,1,0,True,False,False,2,2,4,2,1,0,0,0,0,0.29,2092.47,1.0,51,22.0,13.533,4,3,2,Aggregate,1,1,0,0,0,0,1,0,1,2511,0,0,0
unboarded_tickets,"SELECT tf.ticket_no, tf.fare_conditions FROM aviation.ticket_flights AS tf LEFT JOIN aviation.boarding_passes AS bp ON bp.ticket_no = tf.ticket_no AND bp.flight_id = tf.flight_id WHERE tf.flight_id = 4341 AND bp.ticket_no IS NULL",229,1,2,0,False,False,False,2,2,2,0,0,1,0,0,0,0.29,2109.74,10.0,22,40.0,16.312,4,3,2,Nested Loop,1,1,0,0,0,0,1,0,0,1677,0,0,0
bookings_with_expensive_ticket,"SELECT b.book_ref, b.total_amount FROM aviation.bookings AS b WHERE EXISTS (SELECT 1 FROM aviation.tickets AS t JOIN aviation.ticket_flights AS tf ON tf.ticket_no = t.ticket_no WHERE t.book_ref = b.book_ref AND tf.amount >= 60500)",230,1,3,1,False,False,False,3,3,3,0,1,0,0,0,0,6147.44,7652.93,49909.0,13,456887.0,168.771,7,5,3,Hash Join,3,0,0,0,2,0,0,0,0,9084,0,0,0
booking_amount_range,"SELECT book_ref, book_date, total_amount FROM aviation.bookings WHERE total_amount BETWEEN 55000 AND 175000",107,0,1,0,False,False,False,1,1,3,0,0,0,0,0,0,0.0,1069.0,12076.0,21,12076.0,15.623,1,1,1,Seq Scan,1,0,0,0,0,0,0,0,0,319,0,0,0
aircraft_flight_counts,"SELECT a.aircraft_code, a.model, COUNT(f.flight_id) AS flight_count FROM aviation.aircrafts AS a LEFT JOIN aviation.flights AS f ON f.aircraft_code = a.aircraft_code WHERE a.range_km >= 5500 GROUP BY a.aircraft_code, a.model",224,1,1,0,True,False,False,2,2,3,1,0,1,0,0,0,283.6,283.63,3.0,27,16009.0,6.067,5,4,2,Aggregate,2,0,0,0,1,0,0,0,1,316,0,0,0
route_revenue,"SELECT f.departure_airport, f.arrival_airport, SUM(tf.amount) AS revenue FROM aviation.flights AS f JOIN aviation.ticket_flights AS tf ON tf.flight_id = f.flight_id WHERE f.departure_airport = 'SVO' GROUP BY f.departure_airport, f.arrival_airport ORDER BY revenue DESC",268,1,1,0,True,True,False,2,2,3,1,1,0,0,0,0,2388.4,2388.43,10.0,40,112020.0,44.437,6,5,2,Sort,2,0,0,0,1,0,0,1,1,3859,0,0,0
daily_flight_count,"SELECT scheduled_departure::date AS flight_date, COUNT(*) AS flight_count FROM aviation.flights WHERE departure_airport = 'GNA' GROUP BY scheduled_departure::date ORDER BY flight_date",183,0,1,0,True,True,False,1,1,2,1,0,0,0,0,0,281.33,301.24,993.0,12,2993.0,2.608,3,3,1,Aggregate,1,0,0,0,0,0,0,1,1,318,0,0,0
flight_occupancy,"SELECT f.flight_id, COUNT(DISTINCT tf.ticket_no) AS tickets, COUNT(DISTINCT bp.ticket_no) AS boarded FROM aviation.flights AS f LEFT JOIN aviation.ticket_flights AS tf ON tf.flight_id = f.flight_id LEFT JOIN aviation.boarding_passes AS bp ON bp.flight_id = tf.flight_id AND bp.ticket_no = tf.ticket_no WHERE f.flight_id = 5151 GROUP BY f.flight_id",347,2,1,0,True,False,False,3,3,3,2,0,2,0,0,0,2112.95,2113.12,1.0,20,62.0,14.188,8,5,3,Aggregate,1,1,1,0,0,1,1,2,1,4201,0,0,0
fare_statistics,"SELECT fare_conditions, COUNT(*) AS ticket_count, AVG(amount) AS average_amount FROM aviation.ticket_flights WHERE fare_conditions = 'Economy' AND amount >= 45250 GROUP BY fare_conditions HAVING COUNT(*) > 10",208,0,2,0,True,False,False,1,1,3,3,0,0,0,0,0,0.0,2597.97,1.0,48,52792.0,38.543,2,2,1,Aggregate,1,0,0,0,0,0,0,0,1,1668,0,0,0
booking_ticket_count,"SELECT b.book_ref, COUNT(t.ticket_no) AS ticket_count FROM aviation.bookings AS b JOIN aviation.tickets AS t ON t.book_ref = b.book_ref WHERE b.book_date >= DATE '2025-06-10' AND b.book_date < DATE '2025-06-24' GROUP BY b.book_ref HAVING COUNT(t.ticket_no) >= 2",261,1,2,0,True,False,False,2,2,2,2,1,0,0,0,0,3394.07,3416.59,601.0,15,107809.0,53.371,5,4,2,Aggregate,2,0,0,0,1,0,0,0,1,4342,0,0,0
passenger_flight_history,"SELECT t.passenger_id, t.passenger_name, f.flight_no, f.scheduled_departure, tf.fare_conditions FROM aviation.tickets AS t JOIN aviation.ticket_flights AS tf ON tf.ticket_no = t.ticket_no JOIN aviation.flights AS f ON f.flight_id = tf.flight_id WHERE t.passenger_id = '9515-029513' AND f.status = 'On Time' ORDER BY f.scheduled_departure DESC",342,2,2,0,False,True,False,3,3,5,0,2,0,0,0,0,2280.77,2280.77,1.0,50,6.0,16.569,6,4,3,Sort,1,2,0,0,0,0,2,1,0,4116,0,0,0
flights_without_tickets,"SELECT f.flight_id, f.flight_no FROM aviation.flights AS f WHERE f.scheduled_departure >= DATE '2025-03-24' AND NOT EXISTS (SELECT 1 FROM aviation.ticket_flights AS tf WHERE tf.flight_id = f.flight_id)",201,0,3,1,False,False,False,2,2,3,0,0,0,0,0,0,3084.0,3351.51,1.0,11,207703.0,54.627,4,3,2,Hash Join,2,0,0,0,1,0,0,0,0,2710,0,0,0
airport_connections,"SELECT dep.city AS departure_city, arr.city AS arrival_city, COUNT(*) AS flights FROM aviation.flights AS f JOIN aviation.airports AS dep ON dep.airport_code = f.departure_airport JOIN aviation.airports AS arr ON arr.airport_code = f.arrival_airport WHERE f.departure_airport = 'GME' AND f.status = 'On Time' GROUP BY dep.city, arr.city",336,2,2,0,True,False,False,3,2,3,1,2,0,0,0,0,261.66,261.76,10.0,24,781.0,2.057,7,4,2,Aggregate,3,0,0,0,1,0,1,0,1,420,0,0,0
high_value_passengers,"SELECT t.passenger_id, t.passenger_name, b.total_amount FROM aviation.tickets AS t JOIN aviation.bookings AS b ON b.book_ref = t.book_ref WHERE b.total_amount >= 160000 ORDER BY b.total_amount DESC LIMIT 100",207,1,1,0,False,True,False,2,2,3,0,1,0,0,0,0,6286.05,6286.3,100.0,33,306368.0,119.398,6,5,2,Limit,2,0,0,0,1,0,0,1,0,5689,0,0,0
ticket_name_prefix,"SELECT ticket_no, passenger_id, passenger_name FROM aviation.tickets WHERE passenger_name LIKE 'Passenger 23710%' ORDER BY ticket_no LIMIT 50",141,0,1,0,False,True,False,1,1,3,0,0,0,0,0,0,2272.17,2272.19,10.0,41,30.0,19.785,3,3,1,Limit,1,0,0,0,0,0,0,1,0,3072,0,0,0
bookings_with_expensive_ticket,"SELECT b.book_ref, b.total_amount FROM aviation.bookings AS b WHERE EXISTS (SELECT 1 FROM aviation.tickets AS t JOIN aviation.ticket_flights AS tf ON tf.ticket_no = t.ticket_no WHERE t.book_ref = b.book_ref AND tf.amount >= 113750)",231,1,3,1,False,False,False,3,3,3,0,1,0,0,0,0,4750.5,5786.41,7700.0,13,188500.0,127.285,7,5,3,Hash Join,3,0,0,0,2,0,0,0,0,8896,0,0,0
passengers_for_booking,"SELECT b.book_ref, b.book_date, t.ticket_no, t.passenger_name FROM aviation.bookings AS b JOIN aviation.tickets AS t ON t.book_ref = b.book_ref WHERE b.book_ref = '031979'",171,1,1,0,False,False,False,2,2,4,0,1,0,0,0,0,0.29,2280.33,2.0,44,5.0,15.992,3,2,2,Nested Loop,1,1,0,0,0,0,1,0,0,2050,0,0,0
route_by_date,"SELECT flight_id, flight_no, scheduled_departure, status FROM aviation.flights WHERE departure_airport = 'BQT' AND arrival_airport = 'GNA' AND scheduled_departure >= DATE '2025-08-11' AND scheduled_departure < DATE '2025-08-11' + INTERVAL '1 day'",246,0,4,0,False,False,False,1,1,4,0,0,0,0,0,0,0.0,304.0,1.0,27,1.0,2.36,1,1,1,Seq Scan,1,0,0,0,0,0,0,0,0,104,0,0,0
flights_without_tickets,"SELECT f.flight_id, f.flight_no FROM aviation.flights AS f WHERE f.scheduled_departure >= DATE '2025-08-24' AND NOT EXISTS (SELECT 1 FROM aviation.ticket_flights AS tf WHERE tf.flight_id = f.flight_id)",201,0,3,1,False,False,False,2,2,3,0,0,0,0,0,0,3084.0,3330.53,1.0,11,203508.0,53.227,4,3,2,Hash Join,2,0,0,0,1,0,0,0,0,2710,0,0,0
unboarded_tickets,"SELECT tf.ticket_no, tf.fare_conditions FROM aviation.ticket_flights AS tf LEFT JOIN aviation.boarding_passes AS bp ON bp.ticket_no = tf.ticket_no AND bp.flight_id = tf.flight_id WHERE tf.flight_id = 715 AND bp.ticket_no IS NULL",228,1,2,0,False,False,False,2,2,2,0,0,1,0,0,0,0.29,2109.74,10.0,22,40.0,13.65,4,3,2,Nested Loop,1,1,0,0,0,0,1,0,0,1680,0,0,0
aircraft_seat_capacity,"SELECT a.aircraft_code, a.model, COUNT(s.seat_no) AS seat_count FROM aviation.aircrafts AS a JOIN aviation.seats AS s ON s.aircraft_code = a.aircraft_code WHERE s.fare_conditions = 'Comfort' GROUP BY a.aircraft_code, a.model ORDER BY seat_count DESC",249,1,1,0,True,True,False,2,2,3,1,1,0,0,0,0,18.65,18.67,5.0,27,260.0,0.389,6,5,2,Sort,2,0,0,0,1,0,0,1,1,28,0,0,0
flight_revenue,"SELECT f.flight_id, f.flight_no, COUNT(*) AS ticket_count, SUM(tf.amount) AS revenue FROM aviation.flights AS f JOIN aviation.ticket_flights AS tf ON tf.flight_id = f.flight_id WHERE f.flight_id = 3512 GROUP BY f.flight_id, f.flight_no",235,1,1,0,True,False,False,2,2,4,2,1,0,0,0,0,0.29,2092.47,1.0,51,22.0,13.751,4,3,2,Aggregate,1,1,0,0,0,0,1,0,1,2511,0,0,0
airport_connections,"SELECT dep.city AS departure_city, arr.city AS arrival_city, COUNT(*) AS flights FROM aviation.flights AS f JOIN aviation.airports AS dep ON dep.airport_code = f.departure_airport JOIN aviation.airports AS arr ON arr.airport_code = f.arrival_airport WHERE f.departure_airport = 'MSQ' AND f.status = 'Departed' GROUP BY dep.city, arr.city",337,2,2,0,True,False,False,3,2,3,1,2,0,0,0,0,261.66,261.76,10.0,24,781.0,3.152,7,4,2,Aggregate,3,0,0,0,1,0,1,0,1,424,0,0,0
flight_occupancy,"SELECT f.flight_id, COUNT(DISTINCT tf.ticket_no) AS tickets, COUNT(DISTINCT bp.ticket_no) AS boarded FROM aviation.flights AS f LEFT JOIN aviation.ticket_flights AS tf ON tf.flight_id = f.flight_id LEFT JOIN aviation.boarding_passes AS bp ON bp.flight_id = tf.flight_id AND bp.ticket_no = tf.ticket_no WHERE f.flight_id = 8696 GROUP BY f.flight_id",347,2,1,0,True,False,False,3,3,3,2,0,2,0,0,0,2112.95,2113.12,1.0,20,62.0,13.148,8,5,3,Aggregate,1,1,1,0,0,1,1,2,1,4193,0,0,0
top_routes,"SELECT departure_airport, arrival_airport, COUNT(*) AS flight_count FROM aviation.flights WHERE scheduled_departure >= DATE '2025-10-30' AND scheduled_departure < DATE '2025-11-29' GROUP BY departure_airport, arrival_airport ORDER BY flight_count DESC LIMIT 3",259,0,2,0,True,True,False,1,1,3,1,0,0,0,0,0,262.37,262.38,3.0,16,1014.0,2.756,4,4,1,Limit,1,0,0,0,0,0,0,1,1,422,0,0,0
high_value_passengers,"SELECT t.passenger_id, t.passenger_name, b.total_amount FROM aviation.tickets AS t JOIN aviation.bookings AS b ON b.book_ref = t.book_ref WHERE b.total_amount >= 420000 ORDER BY b.total_amount DESC LIMIT 100",207,1,1,0,False,True,False,2,2,3,0,1,0,0,0,0,3943.94,3944.19,100.0,33,148364.0,67.332,6,5,2,Limit,2,0,0,0,1,0,0,1,0,5689,0,0,0
route_revenue,"SELECT f.departure_airport, f.arrival_airport, SUM(tf.amount) AS revenue FROM aviation.flights AS f JOIN aviation.ticket_flights AS tf ON tf.flight_id = f.flight_id WHERE f.departure_airport = 'VTB' GROUP BY f.departure_airport, f.arrival_airport ORDER BY revenue DESC",268,1,1,0,True,True,False,2,2,3,1,1,0,0,0,0,2388.4,2388.43,10.0,40,112020.0,40.569,6,5,2,Sort,2,0,0,0,1,0,0,1,1,3859,0,0,0
daily_flight_count,"SELECT scheduled_departure::date AS flight_date, COUNT(*) AS flight_count FROM aviation.flights WHERE departure_airport = 'WAW' GROUP BY scheduled_departure::date ORDER BY flight_date",183,0,1,0,True,True,False,1,1,2,1,0,0,0,0,0,281.33,301.24,993.0,12,2993.0,2.633,3,3,1,Aggregate,1,0,0,0,0,0,0,1,1,318,0,0,0
boarding_pass_lookup,"SELECT bp.boarding_no, bp.seat_no, t.passenger_name FROM aviation.boarding_passes AS bp JOIN aviation.tickets AS t ON t.ticket_no = bp.ticket_no WHERE bp.flight_id = 9164 AND bp.boarding_no BETWEEN 5 AND 9",205,1,2,0,False,False,False,2,2,3,0,1,0,0,0,0,0.71,57.58,5.0,22,11.0,0.151,3,2,2,Nested Loop,0,2,0,0,0,0,1,0,0,46,0,0,0
fare_statistics,"SELECT fare_conditions, COUNT(*) AS ticket_count, AVG(amount) AS average_amount FROM aviation.ticket_flights WHERE fare_conditions = 'Comfort' AND amount >= 44250 GROUP BY fare_conditions HAVING COUNT(*) > 10",208,0,2,0,True,False,False,1,1,3,3,0,0,0,0,0,0.0,2379.55,1.0,48,9107.0,31.115,2,2,1,Aggregate,1,0,0,0,0,0,0,0,1,1668,0,0,0
ticket_fare_lookup,"SELECT t.ticket_no, tf.flight_id, tf.amount FROM aviation.tickets AS t JOIN aviation.ticket_flights AS tf ON tf.ticket_no = t.ticket_no WHERE t.passenger_id = '1938-011937' AND tf.fare_conditions = 'Comfort'",207,1,2,0,False,False,False,2,2,3,0,1,0,0,0,0,0.42,2280.45,1.0,24,3.0,19.309,3,2,2,Nested Loop,1,1,0,0,0,0,1,0,0,2052,0,0,0
aircraft_fare_capacity,"SELECT fare_conditions, COUNT(*) AS seat_count FROM aviation.seats WHERE aircraft_code = '738' GROUP BY fare_conditions ORDER BY seat_count DESC",144,0,1,0,True,True,False,1,1,2,1,0,0,0,0,0,17.2,17.21,3.0,16,186.0,0.428,3,3,1,Sort,1,0,0,0,0,0,0,1,1,18,0,0,0
aircraft_flight_counts,"SELECT a.aircraft_code, a.model, COUNT(f.flight_id) AS flight_count FROM aviation.aircrafts AS a LEFT JOIN aviation.flights AS f ON f.aircraft_code = a.aircraft_code WHERE a.range_km >= 3000 GROUP BY a.aircraft_code, a.model",224,1,1,0,True,False,False,2,2,3,1,0,1,0,0,0,303.62,303.68,5.0,27,20015.0,10.411,5,4,2,Aggregate,2,0,0,0,1,0,0,0,1,316,0,0,0
airport_departure_counts,"SELECT departure_airport, COUNT(*) AS flight_count FROM aviation.flights WHERE scheduled_departure >= DATE '2025-05-11' AND scheduled_departure < DATE '2025-06-10' GROUP BY departure_airport ORDER BY flight_count DESC",217,0,2,0,True,True,False,1,1,2,1,0,0,0,0,0,258.4,258.42,10.0,12,846.0,2.627,3,3,1,Sort,1,0,0,0,0,0,0,1,1,315,0,0,0
booking_amount_range,"SELECT book_ref, book_date, total_amount FROM aviation.bookings WHERE total_amount BETWEEN 220000 AND 330000",108,0,1,0,False,False,False,1,1,3,0,0,0,0,0,0,0.0,1069.0,11097.0,21,11097.0,15.974,1,1,1,Seq Scan,1,0,0,0,0,0,0,0,0,319,0,0,0
booking_ticket_count,"SELECT b.book_ref, COUNT(t.ticket_no) AS ticket_count FROM aviation.bookings AS b JOIN aviation.tickets AS t ON t.book_ref = b.book_ref WHERE b.book_date >= DATE '2025-01-22' AND b.book_date < DATE '2025-02-21' GROUP BY b.book_ref HAVING COUNT(t.ticket_no) >= 2",261,1,2,0,True,False,False,2,2,2,2,1,0,0,0,0,3443.79,3493.94,1337.0,15,117385.0,57.793,5,4,2,Aggregate,2,0,0,0,1,0,0,0,1,4342,0,0,0
passenger_flight_history,"SELECT t.passenger_id, t.passenger_name, f.flight_no, f.scheduled_departure, tf.fare_conditions FROM aviation.tickets AS t JOIN aviation.ticket_flights AS tf ON tf.ticket_no = t.ticket_no JOIN aviation.flights AS f ON f.flight_id = tf.flight_id WHERE t.passenger_id = '1160-011159' AND f.status = 'Scheduled' ORDER BY f.scheduled_departure DESC",344,2,2,0,False,True,False,3,3,5,0,2,0,0,0,0,2280.77,2280.77,1.0,50,6.0,18.192,6,4,3,Sort,1,2,0,0,0,0,2,1,0,4116,0,0,0
recent_flights_sorted,"SELECT flight_no, departure_airport, arrival_airport, scheduled_departure FROM aviation.flights WHERE departure_airport = 'LED' ORDER BY scheduled_departure DESC LIMIT 25",170,0,1,0,False,True,False,1,1,4,0,0,0,0,0,0,257.22,257.28,25.0,23,2025.0,2.194,3,3,1,Limit,1,0,0,0,0,0,0,1,0,318,0,0,0
high_value_passengers,"SELECT t.passenger_id, t.passenger_name, b.total_amount FROM aviation.tickets AS t JOIN aviation.bookings AS b ON b.book_ref = t.book_ref WHERE b.total_amount >= 300000 ORDER BY b.total_amount DESC LIMIT 100",207,1,1,0,False,True,False,2,2,3,0,1,0,0,0,0,5035.66,5035.91,100.0,33,222014.0,84.184,6,5,2,Limit,2,0,0,0,1,0,0,1,0,5689,0,0,0
route_by_date,"SELECT flight_id, flight_no, scheduled_departure, status FROM aviation.flights WHERE departure_airport = 'BQT' AND arrival_airport = 'GNA' AND scheduled_departure >= DATE '2025-08-18' AND scheduled_departure < DATE '2025-08-18' + INTERVAL '1 day'",246,0,4,0,False,False,False,1,1,4,0,0,0,0,0,0,0.0,304.0,1.0,27,1.0,2.955,1,1,1,Seq Scan,1,0,0,0,0,0,0,0,0,104,0,0,0
booking_amount_range,"SELECT book_ref, book_date, total_amount FROM aviation.bookings WHERE total_amount BETWEEN 5000 AND 140000",106,0,1,0,False,False,False,1,1,3,0,0,0,0,0,0,0.0,1069.0,13631.0,21,13631.0,18.244,1,1,1,Seq Scan,1,0,0,0,0,0,0,0,0,319,0,0,0
route_revenue,"SELECT f.departure_airport, f.arrival_airport, SUM(tf.amount) AS revenue FROM aviation.flights AS f JOIN aviation.ticket_flights AS tf ON tf.flight_id = f.flight_id WHERE f.departure_airport = 'GNA' GROUP BY f.departure_airport, f.arrival_airport ORDER BY revenue DESC",268,1,1,0,True,True,False,2,2,3,1,1,0,0,0,0,2388.4,2388.43,10.0,40,112020.0,38.644,6,5,2,Sort,2,0,0,0,1,0,0,1,1,3859,0,0,0
bookings_with_expensive_ticket,"SELECT b.book_ref, b.total_amount FROM aviation.bookings AS b WHERE EXISTS (SELECT 1 FROM aviation.tickets AS t JOIN aviation.ticket_flights AS tf ON tf.ticket_no = t.ticket_no WHERE t.book_ref = b.book_ref AND tf.amount >= 105750)",231,1,3,1,False,False,False,3,3,3,0,1,0,0,0,0,4984.82,6095.22,14395.0,13,221975.0,102.605,7,5,3,Hash Join,3,0,0,0,2,0,0,0,0,8896,0,0,0
airport_connections,"SELECT dep.city AS departure_city, arr.city AS arrival_city, COUNT(*) AS flights FROM aviation.flights AS f JOIN aviation.airports AS dep ON dep.airport_code = f.departure_airport JOIN aviation.airports AS arr ON arr.airport_code = f.arrival_airport WHERE f.departure_airport = 'GNA' AND f.status = 'Scheduled' GROUP BY dep.city, arr.city",338,2,2,0,True,False,False,3,2,3,1,2,0,0,0,0,261.66,261.76,10.0,24,781.0,2.861,7,4,2,Aggregate,3,0,0,0,1,0,1,0,1,424,0,0,0
top_routes,"SELECT departure_airport, arrival_airport, COUNT(*) AS flight_count FROM aviation.flights WHERE scheduled_departure >= DATE '2025-06-18' AND scheduled_departure < DATE '2025-08-17' GROUP BY departure_airport, arrival_airport ORDER BY flight_count DESC LIMIT 3",259,0,2,0,True,True,False,1,1,3,1,0,0,0,0,0,268.44,268.45,3.0,16,1823.0,2.994,4,4,1,Limit,1,0,0,0,0,0,0,1,1,422,0,0,0
ticket_name_prefix,"SELECT ticket_no, passenger_id, passenger_name FROM aviation.tickets WHERE passenger_name LIKE 'Passenger 66335%' ORDER BY ticket_no LIMIT 50",141,0,1,0,False,True,False,1,1,3,0,0,0,0,0,0,2272.17,2272.19,10.0,41,30.0,19.681,3,3,1,Limit,1,0,0,0,0,0,0,1,0,3072,0,0,0
passengers_for_booking,"SELECT b.book_ref, b.book_date, t.ticket_no, t.passenger_name FROM aviation.bookings AS b JOIN aviation.tickets AS t ON t.book_ref = b.book_ref WHERE b.book_ref = '019361'",171,1,1,0,False,False,False,2,2,4,0,1,0,0,0,0,0.29,2280.33,2.0,44,5.0,17.861,3,2,2,Nested Loop,1,1,0,0,0,0,1,0,0,2050,0,0,0
aircraft_flight_counts,"SELECT a.aircraft_code, a.model, COUNT(f.flight_id) AS flight_count FROM aviation.aircrafts AS a LEFT JOIN aviation.flights AS f ON f.aircraft_code = a.aircraft_code WHERE a.range_km >= 7000 GROUP BY a.aircraft_code, a.model",224,1,1,0,True,False,False,2,2,3,1,0,1,0,0,0,263.57,263.58,1.0,27,12003.0,5.175,5,4,2,Aggregate,2,0,0,0,1,0,0,0,1,316,0,0,0
daily_flight_count,"SELECT scheduled_departure::date AS flight_date, COUNT(*) AS flight_count FROM aviation.flights WHERE departure_airport = 'BQT' GROUP BY scheduled_departure::date ORDER BY flight_date",183,0,1,0,True,True,False,1,1,2,1,0,0,0,0,0,281.33,301.24,993.0,12,2993.0,3.227,3,3,1,Aggregate,1,0,0,0,0,0,0,1,1,318,0,0,0
ticket_fare_lookup,"SELECT t.ticket_no, tf.flight_id, tf.amount FROM aviation.tickets AS t JOIN aviation.ticket_flights AS tf ON tf.ticket_no = t.ticket_no WHERE t.passenger_id = '7161-047157' AND tf.fare_conditions = 'Economy'",207,1,2,0,False,False,False,2,2,3,0,1,0,0,0,0,0.42,2280.45,1.0,24,3.0,17.741,3,2,2,Nested Loop,1,1,0,0,0,0,1,0,0,2052,0,0,0
flight_occupancy,"SELECT f.flight_id, COUNT(DISTINCT tf.ticket_no) AS tickets, COUNT(DISTINCT bp.ticket_no) AS boarded FROM aviation.flights AS f LEFT JOIN aviation.ticket_flights AS tf ON tf.flight_id = f.flight_id LEFT JOIN aviation.boarding_passes AS bp ON bp.flight_id = tf.flight_id AND bp.ticket_no = tf.ticket_no WHERE f.flight_id = 8607 GROUP BY f.flight_id",347,2,1,0,True,False,False,3,3,3,2,0,2,0,0,0,2112.95,2113.12,1.0,20,62.0,15.291,8,5,3,Aggregate,1,1,1,0,0,1,1,2,1,4197,0,0,0
flight_revenue,"SELECT f.flight_id, f.flight_no, COUNT(*) AS ticket_count, SUM(tf.amount) AS revenue FROM aviation.flights AS f JOIN aviation.ticket_flights AS tf ON tf.flight_id = f.flight_id WHERE f.flight_id = 4591 GROUP BY f.flight_id, f.flight_no",235,1,1,0,True,False,False,2,2,4,2,1,0,0,0,0,0.29,2092.47,1.0,51,22.0,14.486,4,3,2,Aggregate,1,1,0,0,0,0,1,0,1,2511,0,0,0
boarding_pass_lookup,"SELECT bp.boarding_no, bp.seat_no, t.passenger_name FROM aviation.boarding_passes AS bp JOIN aviation.tickets AS t ON t.ticket_no = bp.ticket_no WHERE bp.flight_id = 4342 AND bp.boarding_no BETWEEN 3 AND 8",205,1,2,0,False,False,False,2,2,3,0,1,0,0,0,0,0.71,67.79,6.0,22,13.0,0.377,3,2,2,Nested Loop,0,2,0,0,0,0,1,0,0,54,0,0,0
airport_departure_counts,"SELECT departure_airport, COUNT(*) AS flight_count FROM aviation.flights WHERE scheduled_departure >= DATE '2025-10-27' AND scheduled_departure < DATE '2025-11-10' GROUP BY departure_airport ORDER BY flight_count DESC",217,0,2,0,True,True,False,1,1,2,1,0,0,0,0,0,256.16,256.19,10.0,12,399.0,2.338,3,3,1,Sort,1,0,0,0,0,0,0,1,1,315,0,0,0
recent_flights_sorted,"SELECT flight_no, departure_airport, arrival_airport, scheduled_departure FROM aviation.flights WHERE departure_airport = 'IST' ORDER BY scheduled_departure DESC LIMIT 50",170,0,1,0,False,True,False,1,1,4,0,0,0,0,0,0,262.22,262.34,50.0,23,2050.0,2.597,3,3,1,Limit,1,0,0,0,0,0,0,1,0,318,0,0,0
passenger_flight_history,"SELECT t.passenger_id, t.passenger_name, f.flight_no, f.scheduled_departure, tf.fare_conditions FROM aviation.tickets AS t JOIN aviation.ticket_flights AS tf ON tf.ticket_no = t.ticket_no JOIN aviation.flights AS f ON f.flight_id = tf.flight_id WHERE t.passenger_id = '3121-003121' AND f.status = 'Arrived' ORDER BY f.scheduled_departure DESC",342,2,2,0,False,True,False,3,3,5,0,2,0,0,0,0,2280.77,2280.77,1.0,50,6.0,17.423,6,4,3,Sort,1,2,0,0,0,0,2,1,0,4116,0,0,0
booking_ticket_count,"SELECT b.book_ref, COUNT(t.ticket_no) AS ticket_count FROM aviation.bookings AS b JOIN aviation.tickets AS t ON t.book_ref = b.book_ref WHERE b.book_date >= DATE '2025-04-21' AND b.book_date < DATE '2025-04-28' GROUP BY b.book_ref HAVING COUNT(t.ticket_no) >= 2",261,1,2,0,True,False,False,2,2,2,2,1,0,0,0,0,3374.13,3385.58,305.0,15,103969.0,47.328,5,4,2,Aggregate,2,0,0,0,1,0,0,0,1,4342,0,0,0
fare_statistics,"SELECT fare_conditions, COUNT(*) AS ticket_count, AVG(amount) AS average_amount FROM aviation.ticket_flights WHERE fare_conditions = 'Comfort' AND amount >= 44750 GROUP BY fare_conditions HAVING COUNT(*) > 10",208,0,2,0,True,False,False,1,1,3,3,0,0,0,0,0,0.0,2379.27,1.0,48,9051.0,31.684,2,2,1,Aggregate,1,0,0,0,0,0,0,0,1,1668,0,0,0
flights_without_tickets,"SELECT f.flight_id, f.flight_no FROM aviation.flights AS f WHERE f.scheduled_departure >= DATE '2025-08-10' AND NOT EXISTS (SELECT 1 FROM aviation.ticket_flights AS tf WHERE tf.flight_id = f.flight_id)",201,0,3,1,False,False,False,2,2,3,0,0,0,0,0,0,3084.0,3332.42,1.0,11,203885.0,53.043,4,3,2,Hash Join,2,0,0,0,1,0,0,0,0,2710,0,0,0
unboarded_tickets,"SELECT tf.ticket_no, tf.fare_conditions FROM aviation.ticket_flights AS tf LEFT JOIN aviation.boarding_passes AS bp ON bp.ticket_no = tf.ticket_no AND bp.flight_id = tf.flight_id WHERE tf.flight_id = 8630 AND bp.ticket_no IS NULL",229,1,2,0,False,False,False,2,2,2,0,0,1,0,0,0,0.29,2109.74,10.0,22,40.0,15.12,4,3,2,Nested Loop,1,1,0,0,0,0,1,0,0,1677,0,0,0
aircraft_fare_capacity,"SELECT fare_conditions, COUNT(*) AS seat_count FROM aviation.seats WHERE aircraft_code = 'E95' GROUP BY fare_conditions ORDER BY seat_count DESC",144,0,1,0,True,True,False,1,1,2,1,0,0,0,0,0,17.2,17.21,3.0,16,186.0,0.511,3,3,1,Sort,1,0,0,0,0,0,0,1,1,18,0,0,0
aircraft_seat_capacity,"SELECT a.aircraft_code, a.model, COUNT(s.seat_no) AS seat_count FROM aviation.aircrafts AS a JOIN aviation.seats AS s ON s.aircraft_code = a.aircraft_code WHERE s.fare_conditions = 'Business' GROUP BY a.aircraft_code, a.model ORDER BY seat_count DESC",250,1,1,0,True,True,False,2,2,3,1,1,0,0,0,0,18.06,18.07,5.0,27,140.0,0.377,6,5,2,Sort,2,0,0,0,1,0,0,1,1,28,0,0,0
