template_id,sql_text,query_length,join_count,where_condition_count,subquery_count,has_group_by,has_order_by,has_distinct,table_reference_count,unique_table_count,select_expression_count,aggregate_function_count,inner_join_count,left_join_count,right_join_count,full_join_count,cross_join_count,estimated_startup_cost,estimated_total_cost,estimated_plan_rows,estimated_plan_width,estimated_rows_all_nodes,actual_total_time_ms,node_count,max_plan_depth,relation_count,root_node_type,seq_scan_count,index_scan_count,index_only_scan_count,bitmap_heap_scan_count,hash_join_count,merge_join_count,nested_loop_count,sort_node_count,aggregate_node_count,shared_hit_blocks,shared_read_blocks,temp_read_blocks,temp_written_blocks,relation_row_estimate_sum,largest_relation_rows,relation_size_bytes,index_size_bytes,existing_index_count,estimated_selectivity
train_ch_order_basket,"SELECT o.o_d_id, o.o_id, o.o_entry_d, COUNT(*) AS lines, SUM(ol.ol_quantity) AS units, SUM(ol.ol_amount) AS basket_value FROM chbenchmark.oorder o JOIN chbenchmark.order_line ol ON ol.ol_w_id = o.o_w_id AND ol.ol_d_id = o.o_d_id AND ol.ol_o_id = o.o_id WHERE o.o_w_id = 4 GROUP BY o.o_d_id, o.o_id, o.o_entry_d HAVING SUM(ol.ol_amount) >= 250 ORDER BY basket_value DESC LIMIT 300",379,1,1,0,True,True,False,2,2,6,4,1,0,0,0,0,30374.71,30375.46,300.0,88,385707.0,434.031,11,10,2,Limit,1,0,0,1,1,0,0,2,2,92857,0,0,0,720000.0,600000.0,96862208,24797184,2,0.0005
train_ch_order_basket,"SELECT o.o_d_id, o.o_id, o.o_entry_d, COUNT(*) AS lines, SUM(ol.ol_quantity) AS units, SUM(ol.ol_amount) AS basket_value FROM chbenchmark.oorder o JOIN chbenchmark.order_line ol ON ol.ol_w_id = o.o_w_id AND ol.ol_d_id = o.o_d_id AND ol.ol_o_id = o.o_id WHERE o.o_w_id = 4 GROUP BY o.o_d_id, o.o_id, o.o_entry_d HAVING SUM(ol.ol_amount) >= 250 ORDER BY basket_value DESC LIMIT 300",379,1,1,0,True,True,False,2,2,6,4,1,0,0,0,0,30374.71,30375.46,300.0,88,385707.0,354.724,11,10,2,Limit,1,0,0,1,1,0,0,2,2,92851,0,0,0,720000.0,600000.0,96862208,24797184,2,0.0005
train_ch_delivery_delay,"SELECT o.o_d_id, o.o_id, o.o_entry_d, MAX(ol.ol_delivery_d) AS completed_at, MAX(ol.ol_delivery_d) - o.o_entry_d AS elapsed FROM chbenchmark.oorder o JOIN chbenchmark.order_line ol ON ol.ol_w_id = o.o_w_id AND ol.ol_d_id = o.o_d_id AND ol.ol_o_id = o.o_id WHERE o.o_w_id = 4 AND ol.ol_delivery_d IS NOT NULL GROUP BY o.o_d_id, o.o_id, o.o_entry_d HAVING MAX(ol.ol_delivery_d) - o.o_entry_d > INTERVAL '24 hours' ORDER BY elapsed DESC LIMIT 250",443,1,2,0,True,True,False,2,2,5,3,1,0,0,0,0,18344.24,18344.86,250.0,40,465610.0,158.17,9,7,2,Limit,0,0,0,2,1,0,0,1,1,49856,0,0,0,720000.0,600000.0,96862208,24797184,2,0.0004166666666666667
train_ch_delivery_delay,"SELECT o.o_d_id, o.o_id, o.o_entry_d, MAX(ol.ol_delivery_d) AS completed_at, MAX(ol.ol_delivery_d) - o.o_entry_d AS elapsed FROM chbenchmark.oorder o JOIN chbenchmark.order_line ol ON ol.ol_w_id = o.o_w_id AND ol.ol_d_id = o.o_d_id AND ol.ol_o_id = o.o_id WHERE o.o_w_id = 4 AND ol.ol_delivery_d IS NOT NULL GROUP BY o.o_d_id, o.o_id, o.o_entry_d HAVING MAX(ol.ol_delivery_d) - o.o_entry_d > INTERVAL '24 hours' ORDER BY elapsed DESC LIMIT 250",443,1,2,0,True,True,False,2,2,5,3,1,0,0,0,0,18344.24,18344.86,250.0,40,465610.0,177.954,9,7,2,Limit,0,0,0,2,1,0,0,1,1,49846,0,0,0,720000.0,600000.0,96862208,24797184,2,0.0004166666666666667
train_ch_product_sales_by_state,"SELECT i.i_id, i.i_name, COUNT(DISTINCT o.o_id) AS orders, SUM(ol.ol_quantity) AS units, SUM(ol.ol_amount) AS revenue FROM chbenchmark.customer c JOIN chbenchmark.oorder o ON o.o_w_id = c.c_w_id AND o.o_d_id = c.c_d_id AND o.o_c_id = c.c_id JOIN chbenchmark.order_line ol ON ol.ol_w_id = o.o_w_id AND ol.ol_d_id = o.o_d_id AND ol.ol_o_id = o.o_id JOIN chbenchmark.item i ON i.i_id = ol.ol_i_id WHERE c.c_state = 'WA' GROUP BY i.i_id, i.i_name ORDER BY revenue DESC LIMIT 150",474,3,1,0,True,True,False,4,4,5,3,3,0,0,0,0,32516.3,32516.67,150.0,88,546304.0,570.549,14,9,4,Limit,3,1,0,0,2,0,1,2,1,586202,0,1768,1772,870000.0,600000.0,127729664,30187520,4,0.00025
train_ch_product_sales_by_state,"SELECT i.i_id, i.i_name, COUNT(DISTINCT o.o_id) AS orders, SUM(ol.ol_quantity) AS units, SUM(ol.ol_amount) AS revenue FROM chbenchmark.customer c JOIN chbenchmark.oorder o ON o.o_w_id = c.c_w_id AND o.o_d_id = c.c_d_id AND o.o_c_id = c.c_id JOIN chbenchmark.order_line ol ON ol.ol_w_id = o.o_w_id AND ol.ol_d_id = o.o_d_id AND ol.ol_o_id = o.o_id JOIN chbenchmark.item i ON i.i_id = ol.ol_i_id WHERE c.c_state = 'WA' GROUP BY i.i_id, i.i_name ORDER BY revenue DESC LIMIT 150",474,3,1,0,True,True,False,4,4,5,3,3,0,0,0,0,32516.3,32516.67,150.0,88,546304.0,405.869,14,9,4,Limit,3,1,0,0,2,0,1,2,1,586202,0,1768,1772,870000.0,600000.0,127729664,30187520,4,0.00025
train_ch_remote_supply,"SELECT ol.ol_supply_w_id, COUNT(*) AS remote_lines, SUM(ol.ol_quantity) AS units, SUM(ol.ol_amount) AS revenue FROM chbenchmark.order_line ol WHERE ol.ol_w_id = 1 AND ol.ol_supply_w_id <> ol.ol_w_id GROUP BY ol.ol_supply_w_id ORDER BY revenue DESC",247,0,2,0,True,True,False,1,1,4,3,0,0,0,0,0,13192.67,13192.68,4.0,76,61863.0,72.842,6,6,1,Sort,1,0,0,0,0,0,0,2,2,46994,0,0,0,600000.0,600000.0,84729856,20602880,1,6.666666666666667e-06
train_ch_remote_supply,"SELECT ol.ol_supply_w_id, COUNT(*) AS remote_lines, SUM(ol.ol_quantity) AS units, SUM(ol.ol_amount) AS revenue FROM chbenchmark.order_line ol WHERE ol.ol_w_id = 1 AND ol.ol_supply_w_id <> ol.ol_w_id GROUP BY ol.ol_supply_w_id ORDER BY revenue DESC",247,0,2,0,True,True,False,1,1,4,3,0,0,0,0,0,13192.67,13192.68,4.0,76,61863.0,65.022,6,6,1,Sort,1,0,0,0,0,0,0,2,2,46994,0,0,0,600000.0,600000.0,84729856,20602880,1,6.666666666666667e-06
train_ch_customer_last_order,"SELECT c.c_id, c.c_first, c.c_last, latest.o_id, latest.o_entry_d, latest.order_value FROM chbenchmark.customer c LEFT JOIN LATERAL ( SELECT o.o_id, o.o_entry_d, SUM(ol.ol_amount) AS order_value FROM chbenchmark.oorder o JOIN chbenchmark.order_line ol ON ol.ol_w_id = o.o_w_id AND ol.ol_d_id = o.o_d_id AND ol.ol_o_id = o.o_id WHERE o.o_w_id = c.c_w_id AND o.o_d_id = c.c_d_id AND o.o_c_id = c.c_id GROUP BY o.o_id, o.o_entry_d ORDER BY o.o_entry_d DESC LIMIT 1 ) latest ON true WHERE c.c_w_id = 3 AND c.c_d_id = 10 ORDER BY latest.o_entry_d DESC NULLS LAST LIMIT 300",567,2,5,1,True,True,False,3,3,9,1,1,1,0,0,0,3110885.5,3110886.25,300.0,67,12619.0,4969.784,12,10,3,Limit,1,1,0,1,0,0,2,2,1,26624564,0,0,0,840000.0,600000.0,124469248,29499392,3,0.0005
train_ch_customer_last_order,"SELECT c.c_id, c.c_first, c.c_last, latest.o_id, latest.o_entry_d, latest.order_value FROM chbenchmark.customer c LEFT JOIN LATERAL ( SELECT o.o_id, o.o_entry_d, SUM(ol.ol_amount) AS order_value FROM chbenchmark.oorder o JOIN chbenchmark.order_line ol ON ol.ol_w_id = o.o_w_id AND ol.ol_d_id = o.o_d_id AND ol.ol_o_id = o.o_id WHERE o.o_w_id = c.c_w_id AND o.o_d_id = c.c_d_id AND o.o_c_id = c.c_id GROUP BY o.o_id, o.o_entry_d ORDER BY o.o_entry_d DESC LIMIT 1 ) latest ON true WHERE c.c_w_id = 3 AND c.c_d_id = 10 ORDER BY latest.o_entry_d DESC NULLS LAST LIMIT 300",567,2,5,1,True,True,False,3,3,9,1,1,1,0,0,0,3110885.5,3110886.25,300.0,67,12619.0,5260.576,12,10,3,Limit,1,1,0,1,0,0,2,2,1,26624564,0,0,0,840000.0,600000.0,124469248,29499392,3,0.0005
train_ch_customer_order_totals,"SELECT c.c_id, c.c_first, c.c_last, COUNT(DISTINCT o.o_id) AS orders, SUM(ol.ol_amount) AS lifetime_value FROM chbenchmark.customer c JOIN chbenchmark.oorder o ON o.o_w_id = c.c_w_id AND o.o_d_id = c.c_d_id AND o.o_c_id = c.c_id JOIN chbenchmark.order_line ol ON ol.ol_w_id = o.o_w_id AND ol.ol_d_id = o.o_d_id AND ol.ol_o_id = o.o_id WHERE c.c_w_id = 3 GROUP BY c.c_id, c.c_first, c.c_last HAVING SUM(ol.ol_amount) > 10000 ORDER BY lifetime_value DESC LIMIT 200",462,2,1,0,True,True,False,3,3,5,3,2,0,0,0,0,40817.66,40818.16,200.0,63,347848.0,569.298,14,10,3,Limit,1,1,0,1,0,1,1,3,1,758145,0,0,0,840000.0,600000.0,124469248,29499392,3,0.0003333333333333333
train_ch_customer_order_totals,"SELECT c.c_id, c.c_first, c.c_last, COUNT(DISTINCT o.o_id) AS orders, SUM(ol.ol_amount) AS lifetime_value FROM chbenchmark.customer c JOIN chbenchmark.oorder o ON o.o_w_id = c.c_w_id AND o.o_d_id = c.c_d_id AND o.o_c_id = c.c_id JOIN chbenchmark.order_line ol ON ol.ol_w_id = o.o_w_id AND ol.ol_d_id = o.o_d_id AND ol.ol_o_id = o.o_id WHERE c.c_w_id = 3 GROUP BY c.c_id, c.c_first, c.c_last HAVING SUM(ol.ol_amount) > 10000 ORDER BY lifetime_value DESC LIMIT 200",462,2,1,0,True,True,False,3,3,5,3,2,0,0,0,0,40817.66,40818.16,200.0,63,347848.0,439.526,14,10,3,Limit,1,1,0,1,0,1,1,3,1,758145,0,0,0,840000.0,600000.0,124469248,29499392,3,0.0003333333333333333
train_ch_item_price_band,"SELECT width_bucket(i_price, 50, 250, 8) AS price_band, COUNT(*) AS items, AVG(i_price) AS avg_price, COUNT(*) FILTER (WHERE i_data ILIKE '%PROMO%') AS promotional FROM chbenchmark.item WHERE i_price BETWEEN 50 AND 250 GROUP BY price_band ORDER BY price_band",258,0,2,0,True,True,False,1,1,4,3,0,0,0,0,0,1610.25,1973.04,12093.0,52,36279.0,29.102,3,3,1,Aggregate,1,0,0,0,0,0,0,1,1,930,0,0,0,30000.0,30000.0,3260416,688128,1,0.4031
train_ch_item_price_band,"SELECT width_bucket(i_price, 50, 250, 8) AS price_band, COUNT(*) AS items, AVG(i_price) AS avg_price, COUNT(*) FILTER (WHERE i_data ILIKE '%PROMO%') AS promotional FROM chbenchmark.item WHERE i_price BETWEEN 50 AND 250 GROUP BY price_band ORDER BY price_band",258,0,2,0,True,True,False,1,1,4,3,0,0,0,0,0,1610.25,1973.04,12093.0,52,36279.0,27.762,3,3,1,Aggregate,1,0,0,0,0,0,0,1,1,930,0,0,0,30000.0,30000.0,3260416,688128,1,0.4031
train_ch_supplier_sales,"SELECT su.su_suppkey, su.su_name, COUNT(*) AS supplied_lines, SUM(ol.ol_amount) AS revenue, AVG(s.s_quantity) AS avg_stock FROM chbenchmark.supplier su JOIN chbenchmark.stock s ON MOD(s.s_w_id * s.s_i_id, 10000) = su.su_suppkey JOIN chbenchmark.order_line ol ON ol.ol_supply_w_id = s.s_w_id AND ol.ol_i_id = s.s_i_id WHERE su.su_nationkey = 13 GROUP BY su.su_suppkey, su.su_name ORDER BY revenue DESC LIMIT 200",410,2,1,0,True,True,False,3,3,5,3,2,0,0,0,0,15968.43,15968.93,200.0,91,339636.0,122.224,13,11,3,Limit,3,0,0,0,2,0,0,2,2,69075,10720,0,0,730000.0,600000.0,99057664,23552000,3,0.0003333333333333333
train_ch_supplier_sales,"SELECT su.su_suppkey, su.su_name, COUNT(*) AS supplied_lines, SUM(ol.ol_amount) AS revenue, AVG(s.s_quantity) AS avg_stock FROM chbenchmark.supplier su JOIN chbenchmark.stock s ON MOD(s.s_w_id * s.s_i_id, 10000) = su.su_suppkey JOIN chbenchmark.order_line ol ON ol.ol_supply_w_id = s.s_w_id AND ol.ol_i_id = s.s_i_id WHERE su.su_nationkey = 13 GROUP BY su.su_suppkey, su.su_name ORDER BY revenue DESC LIMIT 200",410,2,1,0,True,True,False,3,3,5,3,2,0,0,0,0,15968.43,15968.93,200.0,91,339636.0,114.331,13,11,3,Limit,3,0,0,0,2,0,0,2,2,75735,4060,0,0,730000.0,600000.0,99057664,23552000,3,0.0003333333333333333
train_ch_customer_balance_rank,"SELECT c_w_id, c_d_id, c_id, c_balance, DENSE_RANK() OVER (PARTITION BY c_w_id ORDER BY c_balance DESC) AS balance_rank, CUME_DIST() OVER (PARTITION BY c_w_id ORDER BY c_balance) AS balance_percentile FROM chbenchmark.customer WHERE c_state = 'NV' ORDER BY c_w_id, balance_rank LIMIT 500",287,0,1,0,False,True,False,1,1,6,2,0,0,0,0,0,6403.88,6462.63,500.0,34,101660.0,66.44,7,7,1,Limit,1,0,0,0,0,0,0,1,0,19550,0,0,0,120000.0,120000.0,27607040,4702208,1,0.004166666666666667
train_ch_customer_balance_rank,"SELECT c_w_id, c_d_id, c_id, c_balance, DENSE_RANK() OVER (PARTITION BY c_w_id ORDER BY c_balance DESC) AS balance_rank, CUME_DIST() OVER (PARTITION BY c_w_id ORDER BY c_balance) AS balance_percentile FROM chbenchmark.customer WHERE c_state = 'NV' ORDER BY c_w_id, balance_rank LIMIT 500",287,0,1,0,False,True,False,1,1,6,2,0,0,0,0,0,6403.88,6462.63,500.0,34,101660.0,62.883,7,7,1,Limit,1,0,0,0,0,0,0,1,0,19544,0,0,0,120000.0,120000.0,27607040,4702208,1,0.004166666666666667
train_ch_repeat_customers,"SELECT c.c_state, COUNT(*) AS repeat_customers, AVG(customer_orders.order_count) AS avg_orders FROM chbenchmark.customer c JOIN ( SELECT o_w_id, o_d_id, o_c_id, COUNT(*) AS order_count FROM chbenchmark.oorder GROUP BY o_w_id, o_d_id, o_c_id HAVING COUNT(*) >= 2 ) customer_orders ON customer_orders.o_w_id = c.c_w_id AND customer_orders.o_d_id = c.c_d_id AND customer_orders.o_c_id = c.c_id GROUP BY c.c_state ORDER BY repeat_customers DESC",440,1,0,1,True,True,False,2,2,7,4,1,0,0,0,0,8562.17,8562.18,4.0,43,252016.0,115.754,9,8,2,Sort,2,0,0,0,1,0,0,2,2,7739,0,1169,2289,240000.0,120000.0,39739392,8896512,2,3.3333333333333335e-05
train_ch_repeat_customers,"SELECT c.c_state, COUNT(*) AS repeat_customers, AVG(customer_orders.order_count) AS avg_orders FROM chbenchmark.customer c JOIN ( SELECT o_w_id, o_d_id, o_c_id, COUNT(*) AS order_count FROM chbenchmark.oorder GROUP BY o_w_id, o_d_id, o_c_id HAVING COUNT(*) >= 2 ) customer_orders ON customer_orders.o_w_id = c.c_w_id AND customer_orders.o_d_id = c.c_d_id AND customer_orders.o_c_id = c.c_id GROUP BY c.c_state ORDER BY repeat_customers DESC",440,1,0,1,True,True,False,2,2,7,4,1,0,0,0,0,8562.17,8562.18,4.0,43,252016.0,122.949,9,8,2,Sort,2,0,0,0,1,0,0,2,2,7730,0,1169,2289,240000.0,120000.0,39739392,8896512,2,3.3333333333333335e-05
train_ch_payment_activity,"SELECT h.h_w_id, h.h_d_id, COUNT(*) AS payments, SUM(h.h_amount) AS amount, COUNT(DISTINCT h.h_c_id) AS customers FROM chbenchmark.history h WHERE h.h_date >= DATE '2025-07-22' - INTERVAL '180 days' AND h.h_amount >= 100 GROUP BY h.h_w_id, h.h_d_id ORDER BY amount DESC",269,0,2,0,True,True,False,1,1,5,3,0,0,0,0,0,4964.77,4964.87,40.0,56,39320.0,49.557,4,4,1,Sort,1,0,0,0,0,0,0,2,1,0,5880,0,0,120000.0,120000.0,16670720,4595712,1,0.0003333333333333333
train_ch_payment_activity,"SELECT h.h_w_id, h.h_d_id, COUNT(*) AS payments, SUM(h.h_amount) AS amount, COUNT(DISTINCT h.h_c_id) AS customers FROM chbenchmark.history h WHERE h.h_date >= DATE '2025-07-22' - INTERVAL '180 days' AND h.h_amount >= 100 GROUP BY h.h_w_id, h.h_d_id ORDER BY amount DESC",269,0,2,0,True,True,False,1,1,5,3,0,0,0,0,0,4964.77,4964.87,40.0,56,39320.0,39.998,4,4,1,Sort,1,0,0,0,0,0,0,2,1,5880,0,0,0,120000.0,120000.0,16670720,4595712,1,0.0003333333333333333
train_ch_unsold_items,"SELECT i.i_id, i.i_name, i.i_price, s.s_quantity FROM chbenchmark.item i JOIN chbenchmark.stock s ON s.s_i_id = i.i_id AND s.s_w_id = 1 WHERE NOT EXISTS ( SELECT 1 FROM chbenchmark.order_line ol JOIN chbenchmark.oorder o ON o.o_w_id = ol.ol_w_id AND o.o_d_id = ol.ol_d_id AND o.o_id = ol.ol_o_id WHERE ol.ol_i_id = i.i_id AND ol.ol_w_id = 1 AND o.o_entry_d >= DATE '2023-08-24' - INTERVAL '90 days' ) ORDER BY s.s_quantity DESC LIMIT 300",437,2,4,1,False,True,False,4,4,5,0,2,0,0,0,0,18627.37,18645.57,156.0,26,341601.0,144.304,15,8,4,Limit,2,0,0,2,3,0,0,1,0,74867,6124,0,0,870000.0,600000.0,113000448,28188672,4,0.00026
train_ch_unsold_items,"SELECT i.i_id, i.i_name, i.i_price, s.s_quantity FROM chbenchmark.item i JOIN chbenchmark.stock s ON s.s_i_id = i.i_id AND s.s_w_id = 1 WHERE NOT EXISTS ( SELECT 1 FROM chbenchmark.order_line ol JOIN chbenchmark.oorder o ON o.o_w_id = ol.ol_w_id AND o.o_d_id = ol.ol_d_id AND o.o_id = ol.ol_o_id WHERE ol.ol_i_id = i.i_id AND ol.ol_w_id = 1 AND o.o_entry_d >= DATE '2023-08-24' - INTERVAL '90 days' ) ORDER BY s.s_quantity DESC LIMIT 300",437,2,4,1,False,True,False,4,4,5,0,2,0,0,0,0,18627.37,18645.57,156.0,26,341601.0,145.96,15,8,4,Limit,2,0,0,2,3,0,0,1,0,79677,1314,0,0,870000.0,600000.0,113000448,28188672,4,0.00026
train_ch_regional_low_stock,"SELECT r.r_name, n.n_name, su.su_name, i.i_id, i.i_name, MIN(s.s_quantity) AS minimum_quantity FROM chbenchmark.stock s JOIN chbenchmark.item i ON i.i_id = s.s_i_id JOIN chbenchmark.supplier su ON su.su_suppkey = MOD(s.s_w_id * s.s_i_id, 10000) JOIN chbenchmark.nation n ON n.n_nationkey = su.su_nationkey JOIN chbenchmark.region r ON r.r_regionkey = n.n_regionkey WHERE r.r_name = 'MIDDLE EAST' AND s.s_quantity < 40 GROUP BY r.r_name, n.n_name, su.su_name, i.i_id, i.i_name ORDER BY minimum_quantity, i.i_id LIMIT 250",519,4,2,0,True,True,False,5,5,6,1,4,0,0,0,0,4262.08,4262.7,250.0,52,81119.0,36.496,16,12,5,Limit,5,0,0,0,4,0,0,1,1,5030,6496,0,0,160030.0,120000.0,17670144,3702784,7,0.0020833333333333333
train_ch_regional_low_stock,"SELECT r.r_name, n.n_name, su.su_name, i.i_id, i.i_name, MIN(s.s_quantity) AS minimum_quantity FROM chbenchmark.stock s JOIN chbenchmark.item i ON i.i_id = s.s_i_id JOIN chbenchmark.supplier su ON su.su_suppkey = MOD(s.s_w_id * s.s_i_id, 10000) JOIN chbenchmark.nation n ON n.n_nationkey = su.su_nationkey JOIN chbenchmark.region r ON r.r_regionkey = n.n_regionkey WHERE r.r_name = 'MIDDLE EAST' AND s.s_quantity < 40 GROUP BY r.r_name, n.n_name, su.su_name, i.i_id, i.i_name ORDER BY minimum_quantity, i.i_id LIMIT 250",519,4,2,0,True,True,False,5,5,6,1,4,0,0,0,0,4262.08,4262.7,250.0,52,81119.0,35.448,16,12,5,Limit,5,0,0,0,4,0,0,1,1,11526,0,0,0,160030.0,120000.0,17670144,3702784,7,0.0020833333333333333
train_ch_line_summary,"SELECT ol_number, SUM(ol_quantity) AS units, SUM(ol_amount) AS revenue, AVG(ol_amount) AS avg_amount, COUNT(*) AS line_count FROM chbenchmark.order_line WHERE ol_delivery_d >= DATE '2023-08-18' - INTERVAL '120 days' AND ol_delivery_d < DATE '2023-08-18' + INTERVAL '30 days' GROUP BY ol_number ORDER BY revenue DESC",315,0,2,0,True,True,False,1,1,5,4,0,0,0,0,0,12826.44,12826.45,5.0,108,25212.0,69.57,6,6,1,Sort,1,0,0,0,0,0,0,2,2,46256,738,0,0,600000.0,600000.0,84729856,20602880,1,8.333333333333334e-06
train_ch_line_summary,"SELECT ol_number, SUM(ol_quantity) AS units, SUM(ol_amount) AS revenue, AVG(ol_amount) AS avg_amount, COUNT(*) AS line_count FROM chbenchmark.order_line WHERE ol_delivery_d >= DATE '2023-08-18' - INTERVAL '120 days' AND ol_delivery_d < DATE '2023-08-18' + INTERVAL '30 days' GROUP BY ol_number ORDER BY revenue DESC",315,0,2,0,True,True,False,1,1,5,4,0,0,0,0,0,12826.44,12826.45,5.0,108,25212.0,77.459,6,6,1,Sort,1,0,0,0,0,0,0,2,2,46694,300,0,0,600000.0,600000.0,84729856,20602880,1,8.333333333333334e-06
train_ch_backlog,"SELECT no.no_d_id, COUNT(*) AS pending_orders, MIN(o.o_entry_d) AS oldest_order, SUM(ol.ol_amount) AS pending_value FROM chbenchmark.new_order no JOIN chbenchmark.oorder o ON o.o_w_id = no.no_w_id AND o.o_d_id = no.no_d_id AND o.o_id = no.no_o_id JOIN chbenchmark.order_line ol ON ol.ol_w_id = o.o_w_id AND ol.ol_d_id = o.o_d_id AND ol.ol_o_id = o.o_id WHERE no.no_w_id = 3 GROUP BY no.no_d_id ORDER BY oldest_order",415,2,1,0,True,True,False,3,3,4,3,2,0,0,0,0,15576.46,15576.49,10.0,52,207686.0,129.357,13,9,3,Sort,1,0,1,1,2,0,0,2,2,88677,1980,0,0,756000.0,600000.0,100024320,26329088,3,1.6666666666666667e-05
train_ch_backlog,"SELECT no.no_d_id, COUNT(*) AS pending_orders, MIN(o.o_entry_d) AS oldest_order, SUM(ol.ol_amount) AS pending_value FROM chbenchmark.new_order no JOIN chbenchmark.oorder o ON o.o_w_id = no.no_w_id AND o.o_d_id = no.no_d_id AND o.o_id = no.no_o_id JOIN chbenchmark.order_line ol ON ol.ol_w_id = o.o_w_id AND ol.ol_d_id = o.o_d_id AND ol.ol_o_id = o.o_id WHERE no.no_w_id = 3 GROUP BY no.no_d_id ORDER BY oldest_order",415,2,1,0,True,True,False,3,3,4,3,2,0,0,0,0,15576.46,15576.49,10.0,52,207686.0,108.083,13,9,3,Sort,1,0,1,1,2,0,0,2,2,90657,0,0,0,756000.0,600000.0,100024320,26329088,3,1.6666666666666667e-05
train_ch_district_revenue,"SELECT o.o_d_id, COUNT(DISTINCT o.o_id) AS orders, SUM(ol.ol_quantity) AS units, SUM(ol.ol_amount) AS revenue FROM chbenchmark.oorder o JOIN chbenchmark.order_line ol ON ol.ol_w_id = o.o_w_id AND ol.ol_d_id = o.o_d_id AND ol.ol_o_id = o.o_id WHERE o.o_w_id = 3 AND o.o_entry_d >= DATE '2023-03-06' - INTERVAL '90 days' AND o.o_entry_d < DATE '2023-03-06' + INTERVAL '1 day' GROUP BY o.o_d_id ORDER BY revenue DESC",413,1,3,0,True,True,False,2,2,4,3,1,0,0,0,0,15886.69,15886.72,10.0,76,112464.0,82.724,9,8,2,Sort,1,0,0,1,1,0,0,2,1,70851,0,0,0,720000.0,600000.0,96862208,24797184,2,1.6666666666666667e-05
train_ch_district_revenue,"SELECT o.o_d_id, COUNT(DISTINCT o.o_id) AS orders, SUM(ol.ol_quantity) AS units, SUM(ol.ol_amount) AS revenue FROM chbenchmark.oorder o JOIN chbenchmark.order_line ol ON ol.ol_w_id = o.o_w_id AND ol.ol_d_id = o.o_d_id AND ol.ol_o_id = o.o_id WHERE o.o_w_id = 3 AND o.o_entry_d >= DATE '2023-03-06' - INTERVAL '90 days' AND o.o_entry_d < DATE '2023-03-06' + INTERVAL '1 day' GROUP BY o.o_d_id ORDER BY revenue DESC",413,1,3,0,True,True,False,2,2,4,3,1,0,0,0,0,15886.69,15886.72,10.0,76,112464.0,85.17,9,8,2,Sort,1,0,0,1,1,0,0,2,1,70851,0,0,0,720000.0,600000.0,96862208,24797184,2,1.6666666666666667e-05
train_ch_district_daily_sales,"WITH daily AS ( SELECT o.o_entry_d::date AS day, o.o_d_id, SUM(ol.ol_amount) AS revenue FROM chbenchmark.oorder o JOIN chbenchmark.order_line ol ON ol.ol_w_id = o.o_w_id AND ol.ol_d_id = o.o_d_id AND ol.ol_o_id = o.o_id WHERE o.o_w_id = 4 GROUP BY o.o_entry_d::date, o.o_d_id ) SELECT day, o_d_id, revenue, AVG(revenue) OVER (PARTITION BY o_d_id ORDER BY day ROWS BETWEEN 29 PRECEDING AND CURRENT ROW) AS rolling_revenue FROM daily ORDER BY o_d_id, day",452,1,1,1,True,True,False,2,2,7,2,1,0,0,0,0,20795.95,21396.25,30016.0,72,624816.0,217.911,9,7,2,WindowAgg,0,0,0,2,1,0,0,1,1,46940,2912,0,0,720000.0,600000.0,96862208,24797184,2,0.050026666666666664
train_ch_district_daily_sales,"WITH daily AS ( SELECT o.o_entry_d::date AS day, o.o_d_id, SUM(ol.ol_amount) AS revenue FROM chbenchmark.oorder o JOIN chbenchmark.order_line ol ON ol.ol_w_id = o.o_w_id AND ol.ol_d_id = o.o_d_id AND ol.ol_o_id = o.o_id WHERE o.o_w_id = 4 GROUP BY o.o_entry_d::date, o.o_d_id ) SELECT day, o_d_id, revenue, AVG(revenue) OVER (PARTITION BY o_d_id ORDER BY day ROWS BETWEEN 29 PRECEDING AND CURRENT ROW) AS rolling_revenue FROM daily ORDER BY o_d_id, day",452,1,1,1,True,True,False,2,2,7,2,1,0,0,0,0,20795.95,21396.25,30016.0,72,624816.0,193.154,9,7,2,WindowAgg,0,0,0,2,1,0,0,1,1,49846,0,0,0,720000.0,600000.0,96862208,24797184,2,0.050026666666666664
train_ch_promotional_items,"SELECT i.i_id, i.i_name, SUM(ol.ol_quantity) AS units, SUM(ol.ol_amount) AS revenue FROM chbenchmark.item i JOIN chbenchmark.order_line ol ON ol.ol_i_id = i.i_id JOIN chbenchmark.oorder o ON o.o_w_id = ol.ol_w_id AND o.o_d_id = ol.ol_d_id AND o.o_id = ol.ol_o_id WHERE i.i_data ILIKE '%PROMO%' AND o.o_entry_d >= DATE '2025-02-11' - INTERVAL '365 days' GROUP BY i.i_id, i.i_name ORDER BY revenue DESC LIMIT 100",410,2,2,0,True,True,False,3,3,4,2,2,0,0,0,0,13984.77,13985.02,100.0,80,257750.0,119.211,12,10,3,Limit,2,1,0,0,1,0,1,2,2,268951,1016,0,0,750000.0,600000.0,100122624,25485312,3,0.00016666666666666666
train_ch_promotional_items,"SELECT i.i_id, i.i_name, SUM(ol.ol_quantity) AS units, SUM(ol.ol_amount) AS revenue FROM chbenchmark.item i JOIN chbenchmark.order_line ol ON ol.ol_i_id = i.i_id JOIN chbenchmark.oorder o ON o.o_w_id = ol.ol_w_id AND o.o_d_id = ol.ol_d_id AND o.o_id = ol.ol_o_id WHERE i.i_data ILIKE '%PROMO%' AND o.o_entry_d >= DATE '2025-02-11' - INTERVAL '365 days' GROUP BY i.i_id, i.i_name ORDER BY revenue DESC LIMIT 100",410,2,2,0,True,True,False,3,3,4,2,2,0,0,0,0,13984.77,13985.02,100.0,80,257750.0,123.094,12,10,3,Limit,2,1,0,0,1,0,1,2,2,269967,0,0,0,750000.0,600000.0,100122624,25485312,3,0.00016666666666666666
train_ch_credit_risk,"SELECT c.c_w_id, c.c_d_id, c.c_id, c.c_balance, COUNT(no.no_o_id) AS pending_orders FROM chbenchmark.customer c LEFT JOIN chbenchmark.oorder o ON o.o_w_id = c.c_w_id AND o.o_d_id = c.c_d_id AND o.o_c_id = c.c_id LEFT JOIN chbenchmark.new_order no ON no.no_w_id = o.o_w_id AND no.no_d_id = o.o_d_id AND no.no_o_id = o.o_id WHERE c.c_credit = 'BC' AND c.c_state = 'OH' AND c.c_balance > 5000 GROUP BY c.c_w_id, c.c_d_id, c.c_id, c.c_balance ORDER BY pending_orders DESC, c.c_balance DESC LIMIT 250",495,2,3,0,True,True,False,3,3,5,1,0,2,0,0,0,5992.29,5992.3,1.0,26,3009.0,27.132,10,8,3,Limit,1,0,1,1,0,0,2,2,1,19544,0,0,0,276000.0,120000.0,42901504,10428416,3,8.333333333333334e-06
train_ch_credit_risk,"SELECT c.c_w_id, c.c_d_id, c.c_id, c.c_balance, COUNT(no.no_o_id) AS pending_orders FROM chbenchmark.customer c LEFT JOIN chbenchmark.oorder o ON o.o_w_id = c.c_w_id AND o.o_d_id = c.c_d_id AND o.o_c_id = c.c_id LEFT JOIN chbenchmark.new_order no ON no.no_w_id = o.o_w_id AND no.no_d_id = o.o_d_id AND no.no_o_id = o.o_id WHERE c.c_credit = 'BC' AND c.c_state = 'OH' AND c.c_balance > 5000 GROUP BY c.c_w_id, c.c_d_id, c.c_id, c.c_balance ORDER BY pending_orders DESC, c.c_balance DESC LIMIT 250",495,2,3,0,True,True,False,3,3,5,1,0,2,0,0,0,5992.29,5992.3,1.0,26,3009.0,34.445,10,8,3,Limit,1,0,1,1,0,0,2,2,1,19544,0,0,0,276000.0,120000.0,42901504,10428416,3,8.333333333333334e-06
train_ch_warehouse_inventory,"SELECT s.s_w_id, COUNT(*) AS sku_count, SUM(s.s_quantity) AS units, SUM(s.s_quantity * i.i_price) AS inventory_value FROM chbenchmark.stock s JOIN chbenchmark.item i ON i.i_id = s.s_i_id WHERE s.s_w_id = 4 AND i.i_data ILIKE '%standard%' GROUP BY s.s_w_id",255,1,2,0,True,False,False,2,2,4,3,1,0,0,0,0,1607.68,3657.6,1.0,52,146641.0,79.521,6,4,2,Aggregate,1,0,0,1,1,0,0,0,1,2177,328,0,0,150000.0,120000.0,16138240,3391488,2,8.333333333333334e-06
train_ch_warehouse_inventory,"SELECT s.s_w_id, COUNT(*) AS sku_count, SUM(s.s_quantity) AS units, SUM(s.s_quantity * i.i_price) AS inventory_value FROM chbenchmark.stock s JOIN chbenchmark.item i ON i.i_id = s.s_i_id WHERE s.s_w_id = 4 AND i.i_data ILIKE '%standard%' GROUP BY s.s_w_id",255,1,2,0,True,False,False,2,2,4,3,1,0,0,0,0,1607.68,3657.6,1.0,52,146641.0,64.107,6,4,2,Aggregate,1,0,0,1,1,0,0,0,1,2505,0,0,0,150000.0,120000.0,16138240,3391488,2,8.333333333333334e-06
train_ch_district_daily_sales,"WITH daily AS ( SELECT o.o_entry_d::date AS day, o.o_d_id, SUM(ol.ol_amount) AS revenue FROM chbenchmark.oorder o JOIN chbenchmark.order_line ol ON ol.ol_w_id = o.o_w_id AND ol.ol_d_id = o.o_d_id AND ol.ol_o_id = o.o_id WHERE o.o_w_id = 1 GROUP BY o.o_entry_d::date, o.o_d_id ) SELECT day, o_d_id, revenue, AVG(revenue) OVER (PARTITION BY o_d_id ORDER BY day ROWS BETWEEN 6 PRECEDING AND CURRENT ROW) AS rolling_revenue FROM daily ORDER BY o_d_id, day",451,1,1,1,True,True,False,2,2,7,2,1,0,0,0,0,20867.82,21471.64,30192.0,72,628632.0,219.71,9,7,2,WindowAgg,0,0,0,2,1,0,0,1,1,45831,3462,0,0,720000.0,600000.0,96862208,24797184,2,0.05032
train_ch_district_daily_sales,"WITH daily AS ( SELECT o.o_entry_d::date AS day, o.o_d_id, SUM(ol.ol_amount) AS revenue FROM chbenchmark.oorder o JOIN chbenchmark.order_line ol ON ol.ol_w_id = o.o_w_id AND ol.ol_d_id = o.o_d_id AND ol.ol_o_id = o.o_id WHERE o.o_w_id = 1 GROUP BY o.o_entry_d::date, o.o_d_id ) SELECT day, o_d_id, revenue, AVG(revenue) OVER (PARTITION BY o_d_id ORDER BY day ROWS BETWEEN 6 PRECEDING AND CURRENT ROW) AS rolling_revenue FROM daily ORDER BY o_d_id, day",451,1,1,1,True,True,False,2,2,7,2,1,0,0,0,0,20867.82,21471.64,30192.0,72,628632.0,196.663,9,7,2,WindowAgg,0,0,0,2,1,0,0,1,1,49269,24,0,0,720000.0,600000.0,96862208,24797184,2,0.05032
train_ch_line_summary,"SELECT ol_number, SUM(ol_quantity) AS units, SUM(ol_amount) AS revenue, AVG(ol_amount) AS avg_amount, COUNT(*) AS line_count FROM chbenchmark.order_line WHERE ol_delivery_d >= DATE '2023-12-19' - INTERVAL '120 days' AND ol_delivery_d < DATE '2023-12-19' + INTERVAL '30 days' GROUP BY ol_number ORDER BY revenue DESC",315,0,2,0,True,True,False,1,1,5,4,0,0,0,0,0,12821.62,12821.63,5.0,108,24730.0,70.487,6,6,1,Sort,1,0,0,0,0,0,0,2,2,46994,0,0,0,600000.0,600000.0,84729856,20602880,1,8.333333333333334e-06
train_ch_line_summary,"SELECT ol_number, SUM(ol_quantity) AS units, SUM(ol_amount) AS revenue, AVG(ol_amount) AS avg_amount, COUNT(*) AS line_count FROM chbenchmark.order_line WHERE ol_delivery_d >= DATE '2023-12-19' - INTERVAL '120 days' AND ol_delivery_d < DATE '2023-12-19' + INTERVAL '30 days' GROUP BY ol_number ORDER BY revenue DESC",315,0,2,0,True,True,False,1,1,5,4,0,0,0,0,0,12821.62,12821.63,5.0,108,24730.0,66.069,6,6,1,Sort,1,0,0,0,0,0,0,2,2,46994,0,0,0,600000.0,600000.0,84729856,20602880,1,8.333333333333334e-06
train_ch_customer_order_totals,"SELECT c.c_id, c.c_first, c.c_last, COUNT(DISTINCT o.o_id) AS orders, SUM(ol.ol_amount) AS lifetime_value FROM chbenchmark.customer c JOIN chbenchmark.oorder o ON o.o_w_id = c.c_w_id AND o.o_d_id = c.c_d_id AND o.o_c_id = c.c_id JOIN chbenchmark.order_line ol ON ol.ol_w_id = o.o_w_id AND ol.ol_d_id = o.o_d_id AND ol.ol_o_id = o.o_id WHERE c.c_w_id = 3 GROUP BY c.c_id, c.c_first, c.c_last HAVING SUM(ol.ol_amount) > 5000 ORDER BY lifetime_value DESC LIMIT 200",461,2,1,0,True,True,False,3,3,5,3,2,0,0,0,0,40817.66,40818.16,200.0,63,347848.0,482.142,14,10,3,Limit,1,1,0,1,0,1,1,3,1,754095,4050,0,0,840000.0,600000.0,124469248,29499392,3,0.0003333333333333333
train_ch_customer_order_totals,"SELECT c.c_id, c.c_first, c.c_last, COUNT(DISTINCT o.o_id) AS orders, SUM(ol.ol_amount) AS lifetime_value FROM chbenchmark.customer c JOIN chbenchmark.oorder o ON o.o_w_id = c.c_w_id AND o.o_d_id = c.c_d_id AND o.o_c_id = c.c_id JOIN chbenchmark.order_line ol ON ol.ol_w_id = o.o_w_id AND ol.ol_d_id = o.o_d_id AND ol.ol_o_id = o.o_id WHERE c.c_w_id = 3 GROUP BY c.c_id, c.c_first, c.c_last HAVING SUM(ol.ol_amount) > 5000 ORDER BY lifetime_value DESC LIMIT 200",461,2,1,0,True,True,False,3,3,5,3,2,0,0,0,0,40817.66,40818.16,200.0,63,347848.0,425.469,14,10,3,Limit,1,1,0,1,0,1,1,3,1,758145,0,0,0,840000.0,600000.0,124469248,29499392,3,0.0003333333333333333
train_ch_district_revenue,"SELECT o.o_d_id, COUNT(DISTINCT o.o_id) AS orders, SUM(ol.ol_quantity) AS units, SUM(ol.ol_amount) AS revenue FROM chbenchmark.oorder o JOIN chbenchmark.order_line ol ON ol.ol_w_id = o.o_w_id AND ol.ol_d_id = o.o_d_id AND ol.ol_o_id = o.o_id WHERE o.o_w_id = 3 AND o.o_entry_d >= DATE '2023-10-04' - INTERVAL '90 days' AND o.o_entry_d < DATE '2023-10-04' + INTERVAL '1 day' GROUP BY o.o_d_id ORDER BY revenue DESC",413,1,3,0,True,True,False,2,2,4,3,1,0,0,0,0,16552.49,16552.51,10.0,76,121876.0,81.16,9,8,2,Sort,1,0,0,1,1,0,0,2,1,70851,0,0,0,720000.0,600000.0,96862208,24797184,2,1.6666666666666667e-05
train_ch_district_revenue,"SELECT o.o_d_id, COUNT(DISTINCT o.o_id) AS orders, SUM(ol.ol_quantity) AS units, SUM(ol.ol_amount) AS revenue FROM chbenchmark.oorder o JOIN chbenchmark.order_line ol ON ol.ol_w_id = o.o_w_id AND ol.ol_d_id = o.o_d_id AND ol.ol_o_id = o.o_id WHERE o.o_w_id = 3 AND o.o_entry_d >= DATE '2023-10-04' - INTERVAL '90 days' AND o.o_entry_d < DATE '2023-10-04' + INTERVAL '1 day' GROUP BY o.o_d_id ORDER BY revenue DESC",413,1,3,0,True,True,False,2,2,4,3,1,0,0,0,0,16552.49,16552.51,10.0,76,121876.0,80.522,9,8,2,Sort,1,0,0,1,1,0,0,2,1,70851,0,0,0,720000.0,600000.0,96862208,24797184,2,1.6666666666666667e-05
train_ch_backlog,"SELECT no.no_d_id, COUNT(*) AS pending_orders, MIN(o.o_entry_d) AS oldest_order, SUM(ol.ol_amount) AS pending_value FROM chbenchmark.new_order no JOIN chbenchmark.oorder o ON o.o_w_id = no.no_w_id AND o.o_d_id = no.no_d_id AND o.o_id = no.no_o_id JOIN chbenchmark.order_line ol ON ol.ol_w_id = o.o_w_id AND ol.ol_d_id = o.o_d_id AND ol.ol_o_id = o.o_id WHERE no.no_w_id = 4 GROUP BY no.no_d_id ORDER BY oldest_order",415,2,1,0,True,True,False,3,3,4,3,2,0,0,0,0,15577.35,15577.38,10.0,52,206838.0,116.16,13,9,3,Sort,1,0,1,1,2,0,0,2,2,90261,423,0,0,756000.0,600000.0,100024320,26329088,3,1.6666666666666667e-05
train_ch_backlog,"SELECT no.no_d_id, COUNT(*) AS pending_orders, MIN(o.o_entry_d) AS oldest_order, SUM(ol.ol_amount) AS pending_value FROM chbenchmark.new_order no JOIN chbenchmark.oorder o ON o.o_w_id = no.no_w_id AND o.o_d_id = no.no_d_id AND o.o_id = no.no_o_id JOIN chbenchmark.order_line ol ON ol.ol_w_id = o.o_w_id AND ol.ol_d_id = o.o_d_id AND ol.ol_o_id = o.o_id WHERE no.no_w_id = 4 GROUP BY no.no_d_id ORDER BY oldest_order",415,2,1,0,True,True,False,3,3,4,3,2,0,0,0,0,15577.35,15577.38,10.0,52,206838.0,112.978,13,9,3,Sort,1,0,1,1,2,0,0,2,2,90684,0,0,0,756000.0,600000.0,100024320,26329088,3,1.6666666666666667e-05
train_ch_delivery_delay,"SELECT o.o_d_id, o.o_id, o.o_entry_d, MAX(ol.ol_delivery_d) AS completed_at, MAX(ol.ol_delivery_d) - o.o_entry_d AS elapsed FROM chbenchmark.oorder o JOIN chbenchmark.order_line ol ON ol.ol_w_id = o.o_w_id AND ol.ol_d_id = o.o_d_id AND ol.ol_o_id = o.o_id WHERE o.o_w_id = 1 AND ol.ol_delivery_d IS NOT NULL GROUP BY o.o_d_id, o.o_id, o.o_entry_d HAVING MAX(ol.ol_delivery_d) - o.o_entry_d > INTERVAL '48 hours' ORDER BY elapsed DESC LIMIT 250",443,1,2,0,True,True,False,2,2,5,3,1,0,0,0,0,18400.23,18400.85,250.0,40,468460.0,159.01,9,7,2,Limit,0,0,0,2,1,0,0,1,1,49293,0,0,0,720000.0,600000.0,96862208,24797184,2,0.0004166666666666667
train_ch_delivery_delay,"SELECT o.o_d_id, o.o_id, o.o_entry_d, MAX(ol.ol_delivery_d) AS completed_at, MAX(ol.ol_delivery_d) - o.o_entry_d AS elapsed FROM chbenchmark.oorder o JOIN chbenchmark.order_line ol ON ol.ol_w_id = o.o_w_id AND ol.ol_d_id = o.o_d_id AND ol.ol_o_id = o.o_id WHERE o.o_w_id = 1 AND ol.ol_delivery_d IS NOT NULL GROUP BY o.o_d_id, o.o_id, o.o_entry_d HAVING MAX(ol.ol_delivery_d) - o.o_entry_d > INTERVAL '48 hours' ORDER BY elapsed DESC LIMIT 250",443,1,2,0,True,True,False,2,2,5,3,1,0,0,0,0,18400.23,18400.85,250.0,40,468460.0,142.935,9,7,2,Limit,0,0,0,2,1,0,0,1,1,49293,0,0,0,720000.0,600000.0,96862208,24797184,2,0.0004166666666666667
train_ch_regional_low_stock,"SELECT r.r_name, n.n_name, su.su_name, i.i_id, i.i_name, MIN(s.s_quantity) AS minimum_quantity FROM chbenchmark.stock s JOIN chbenchmark.item i ON i.i_id = s.s_i_id JOIN chbenchmark.supplier su ON su.su_suppkey = MOD(s.s_w_id * s.s_i_id, 10000) JOIN chbenchmark.nation n ON n.n_nationkey = su.su_nationkey JOIN chbenchmark.region r ON r.r_regionkey = n.n_regionkey WHERE r.r_name = 'AMERICA' AND s.s_quantity < 40 GROUP BY r.r_name, n.n_name, su.su_name, i.i_id, i.i_name ORDER BY minimum_quantity, i.i_id LIMIT 250",515,4,2,0,True,True,False,5,5,6,1,4,0,0,0,0,4262.08,4262.7,250.0,52,81119.0,31.739,16,12,5,Limit,5,0,0,0,4,0,0,1,1,11526,0,0,0,160030.0,120000.0,17670144,3702784,7,0.0020833333333333333
train_ch_regional_low_stock,"SELECT r.r_name, n.n_name, su.su_name, i.i_id, i.i_name, MIN(s.s_quantity) AS minimum_quantity FROM chbenchmark.stock s JOIN chbenchmark.item i ON i.i_id = s.s_i_id JOIN chbenchmark.supplier su ON su.su_suppkey = MOD(s.s_w_id * s.s_i_id, 10000) JOIN chbenchmark.nation n ON n.n_nationkey = su.su_nationkey JOIN chbenchmark.region r ON r.r_regionkey = n.n_regionkey WHERE r.r_name = 'AMERICA' AND s.s_quantity < 40 GROUP BY r.r_name, n.n_name, su.su_name, i.i_id, i.i_name ORDER BY minimum_quantity, i.i_id LIMIT 250",515,4,2,0,True,True,False,5,5,6,1,4,0,0,0,0,4262.08,4262.7,250.0,52,81119.0,32.275,16,12,5,Limit,5,0,0,0,4,0,0,1,1,11526,0,0,0,160030.0,120000.0,17670144,3702784,7,0.0020833333333333333
train_ch_warehouse_inventory,"SELECT s.s_w_id, COUNT(*) AS sku_count, SUM(s.s_quantity) AS units, SUM(s.s_quantity * i.i_price) AS inventory_value FROM chbenchmark.stock s JOIN chbenchmark.item i ON i.i_id = s.s_i_id WHERE s.s_w_id = 1 AND i.i_data ILIKE '%PROMO%' GROUP BY s.s_w_id",252,1,2,0,True,False,False,2,2,4,3,1,0,0,0,0,0.29,2669.86,1.0,52,598.0,22.833,4,3,2,Aggregate,1,1,0,0,0,0,1,0,1,3603,0,0,0,150000.0,120000.0,16138240,3391488,2,8.333333333333334e-06
train_ch_warehouse_inventory,"SELECT s.s_w_id, COUNT(*) AS sku_count, SUM(s.s_quantity) AS units, SUM(s.s_quantity * i.i_price) AS inventory_value FROM chbenchmark.stock s JOIN chbenchmark.item i ON i.i_id = s.s_i_id WHERE s.s_w_id = 1 AND i.i_data ILIKE '%PROMO%' GROUP BY s.s_w_id",252,1,2,0,True,False,False,2,2,4,3,1,0,0,0,0,0.29,2669.86,1.0,52,598.0,22.19,4,3,2,Aggregate,1,1,0,0,0,0,1,0,1,3603,0,0,0,150000.0,120000.0,16138240,3391488,2,8.333333333333334e-06
train_ch_item_price_band,"SELECT width_bucket(i_price, 50, 100, 8) AS price_band, COUNT(*) AS items, AVG(i_price) AS avg_price, COUNT(*) FILTER (WHERE i_data ILIKE '%PROMO%') AS promotional FROM chbenchmark.item WHERE i_price BETWEEN 50 AND 100 GROUP BY price_band ORDER BY price_band",258,0,2,0,True,True,False,1,1,4,3,0,0,0,0,0,942.31,1033.0,3023.0,52,9069.0,10.581,3,3,1,Aggregate,1,0,0,0,0,0,0,1,1,930,0,0,0,30000.0,30000.0,3260416,688128,1,0.10076666666666667
train_ch_item_price_band,"SELECT width_bucket(i_price, 50, 100, 8) AS price_band, COUNT(*) AS items, AVG(i_price) AS avg_price, COUNT(*) FILTER (WHERE i_data ILIKE '%PROMO%') AS promotional FROM chbenchmark.item WHERE i_price BETWEEN 50 AND 100 GROUP BY price_band ORDER BY price_band",258,0,2,0,True,True,False,1,1,4,3,0,0,0,0,0,942.31,1033.0,3023.0,52,9069.0,11.115,3,3,1,Aggregate,1,0,0,0,0,0,0,1,1,930,0,0,0,30000.0,30000.0,3260416,688128,1,0.10076666666666667
train_ch_payment_activity,"SELECT h.h_w_id, h.h_d_id, COUNT(*) AS payments, SUM(h.h_amount) AS amount, COUNT(DISTINCT h.h_c_id) AS customers FROM chbenchmark.history h WHERE h.h_date >= DATE '2024-05-02' - INTERVAL '180 days' AND h.h_amount >= 50 GROUP BY h.h_w_id, h.h_d_id ORDER BY amount DESC",268,0,2,0,True,True,False,1,1,5,3,0,0,0,0,0,9906.79,9906.89,40.0,56,139144.0,138.367,4,4,1,Sort,1,0,0,0,0,0,0,2,1,0,5880,837,840,120000.0,120000.0,16670720,4595712,1,0.0003333333333333333
train_ch_payment_activity,"SELECT h.h_w_id, h.h_d_id, COUNT(*) AS payments, SUM(h.h_amount) AS amount, COUNT(DISTINCT h.h_c_id) AS customers FROM chbenchmark.history h WHERE h.h_date >= DATE '2024-05-02' - INTERVAL '180 days' AND h.h_amount >= 50 GROUP BY h.h_w_id, h.h_d_id ORDER BY amount DESC",268,0,2,0,True,True,False,1,1,5,3,0,0,0,0,0,9906.79,9906.89,40.0,56,139144.0,168.641,4,4,1,Sort,1,0,0,0,0,0,0,2,1,3560,2320,837,840,120000.0,120000.0,16670720,4595712,1,0.0003333333333333333
train_ch_customer_balance_rank,"SELECT c_w_id, c_d_id, c_id, c_balance, DENSE_RANK() OVER (PARTITION BY c_w_id ORDER BY c_balance DESC) AS balance_rank, CUME_DIST() OVER (PARTITION BY c_w_id ORDER BY c_balance) AS balance_percentile FROM chbenchmark.customer WHERE c_state = 'OH' ORDER BY c_w_id, balance_rank LIMIT 500",287,0,1,0,False,True,False,1,1,6,2,0,0,0,0,0,6476.67,6535.48,500.0,34,104876.0,64.068,7,7,1,Limit,1,0,0,0,0,0,0,1,0,19544,0,0,0,120000.0,120000.0,27607040,4702208,1,0.004166666666666667
train_ch_customer_balance_rank,"SELECT c_w_id, c_d_id, c_id, c_balance, DENSE_RANK() OVER (PARTITION BY c_w_id ORDER BY c_balance DESC) AS balance_rank, CUME_DIST() OVER (PARTITION BY c_w_id ORDER BY c_balance) AS balance_percentile FROM chbenchmark.customer WHERE c_state = 'OH' ORDER BY c_w_id, balance_rank LIMIT 500",287,0,1,0,False,True,False,1,1,6,2,0,0,0,0,0,6476.67,6535.48,500.0,34,104876.0,64.371,7,7,1,Limit,1,0,0,0,0,0,0,1,0,19544,0,0,0,120000.0,120000.0,27607040,4702208,1,0.004166666666666667
train_ch_unsold_items,"SELECT i.i_id, i.i_name, i.i_price, s.s_quantity FROM chbenchmark.item i JOIN chbenchmark.stock s ON s.s_i_id = i.i_id AND s.s_w_id = 4 WHERE NOT EXISTS ( SELECT 1 FROM chbenchmark.order_line ol JOIN chbenchmark.oorder o ON o.o_w_id = ol.ol_w_id AND o.o_d_id = ol.ol_d_id AND o.o_id = ol.ol_o_id WHERE ol.ol_i_id = i.i_id AND ol.ol_w_id = 4 AND o.o_entry_d >= DATE '2025-05-29' - INTERVAL '90 days' ) ORDER BY s.s_quantity DESC LIMIT 300",437,2,4,1,False,True,False,4,4,5,0,2,0,0,0,0,17989.74,18007.94,156.0,26,268462.0,116.064,15,8,4,Limit,2,0,0,2,3,0,0,1,0,80366,656,0,0,870000.0,600000.0,113000448,28188672,4,0.00026
train_ch_unsold_items,"SELECT i.i_id, i.i_name, i.i_price, s.s_quantity FROM chbenchmark.item i JOIN chbenchmark.stock s ON s.s_i_id = i.i_id AND s.s_w_id = 4 WHERE NOT EXISTS ( SELECT 1 FROM chbenchmark.order_line ol JOIN chbenchmark.oorder o ON o.o_w_id = ol.ol_w_id AND o.o_d_id = ol.ol_d_id AND o.o_id = ol.ol_o_id WHERE ol.ol_i_id = i.i_id AND ol.ol_w_id = 4 AND o.o_entry_d >= DATE '2025-05-29' - INTERVAL '90 days' ) ORDER BY s.s_quantity DESC LIMIT 300",437,2,4,1,False,True,False,4,4,5,0,2,0,0,0,0,17989.74,18007.94,156.0,26,268462.0,176.888,15,8,4,Limit,2,0,0,2,3,0,0,1,0,81022,0,0,0,870000.0,600000.0,113000448,28188672,4,0.00026
train_ch_supplier_sales,"SELECT su.su_suppkey, su.su_name, COUNT(*) AS supplied_lines, SUM(ol.ol_amount) AS revenue, AVG(s.s_quantity) AS avg_stock FROM chbenchmark.supplier su JOIN chbenchmark.stock s ON MOD(s.s_w_id * s.s_i_id, 10000) = su.su_suppkey JOIN chbenchmark.order_line ol ON ol.ol_supply_w_id = s.s_w_id AND ol.ol_i_id = s.s_i_id WHERE su.su_nationkey = 19 GROUP BY su.su_suppkey, su.su_name ORDER BY revenue DESC LIMIT 200",410,2,1,0,True,True,False,3,3,5,3,2,0,0,0,0,15968.43,15968.93,200.0,91,339636.0,215.867,13,11,3,Limit,3,0,0,0,2,0,0,2,2,73625,6170,0,0,730000.0,600000.0,99057664,23552000,3,0.0003333333333333333
train_ch_supplier_sales,"SELECT su.su_suppkey, su.su_name, COUNT(*) AS supplied_lines, SUM(ol.ol_amount) AS revenue, AVG(s.s_quantity) AS avg_stock FROM chbenchmark.supplier su JOIN chbenchmark.stock s ON MOD(s.s_w_id * s.s_i_id, 10000) = su.su_suppkey JOIN chbenchmark.order_line ol ON ol.ol_supply_w_id = s.s_w_id AND ol.ol_i_id = s.s_i_id WHERE su.su_nationkey = 19 GROUP BY su.su_suppkey, su.su_name ORDER BY revenue DESC LIMIT 200",410,2,1,0,True,True,False,3,3,5,3,2,0,0,0,0,15968.43,15968.93,200.0,91,339636.0,122.884,13,11,3,Limit,3,0,0,0,2,0,0,2,2,79795,0,0,0,730000.0,600000.0,99057664,23552000,3,0.0003333333333333333
train_ch_customer_last_order,"SELECT c.c_id, c.c_first, c.c_last, latest.o_id, latest.o_entry_d, latest.order_value FROM chbenchmark.customer c LEFT JOIN LATERAL ( SELECT o.o_id, o.o_entry_d, SUM(ol.ol_amount) AS order_value FROM chbenchmark.oorder o JOIN chbenchmark.order_line ol ON ol.ol_w_id = o.o_w_id AND ol.ol_d_id = o.o_d_id AND ol.ol_o_id = o.o_id WHERE o.o_w_id = c.c_w_id AND o.o_d_id = c.c_d_id AND o.o_c_id = c.c_id GROUP BY o.o_id, o.o_entry_d ORDER BY o.o_entry_d DESC LIMIT 1 ) latest ON true WHERE c.c_w_id = 4 AND c.c_d_id = 10 ORDER BY latest.o_entry_d DESC NULLS LAST LIMIT 300",567,2,5,1,True,True,False,3,3,9,1,1,1,0,0,0,3056920.92,3056921.67,300.0,67,12436.0,4765.845,12,10,3,Limit,1,1,0,1,0,0,2,2,1,26624033,531,0,0,840000.0,600000.0,124469248,29499392,3,0.0005
train_ch_customer_last_order,"SELECT c.c_id, c.c_first, c.c_last, latest.o_id, latest.o_entry_d, latest.order_value FROM chbenchmark.customer c LEFT JOIN LATERAL ( SELECT o.o_id, o.o_entry_d, SUM(ol.ol_amount) AS order_value FROM chbenchmark.oorder o JOIN chbenchmark.order_line ol ON ol.ol_w_id = o.o_w_id AND ol.ol_d_id = o.o_d_id AND ol.ol_o_id = o.o_id WHERE o.o_w_id = c.c_w_id AND o.o_d_id = c.c_d_id AND o.o_c_id = c.c_id GROUP BY o.o_id, o.o_entry_d ORDER BY o.o_entry_d DESC LIMIT 1 ) latest ON true WHERE c.c_w_id = 4 AND c.c_d_id = 10 ORDER BY latest.o_entry_d DESC NULLS LAST LIMIT 300",567,2,5,1,True,True,False,3,3,9,1,1,1,0,0,0,3056920.92,3056921.67,300.0,67,12436.0,4574.608,12,10,3,Limit,1,1,0,1,0,0,2,2,1,26624564,0,0,0,840000.0,600000.0,124469248,29499392,3,0.0005
train_ch_order_basket,"SELECT o.o_d_id, o.o_id, o.o_entry_d, COUNT(*) AS lines, SUM(ol.ol_quantity) AS units, SUM(ol.ol_amount) AS basket_value FROM chbenchmark.oorder o JOIN chbenchmark.order_line ol ON ol.ol_w_id = o.o_w_id AND ol.ol_d_id = o.o_d_id AND ol.ol_o_id = o.o_id WHERE o.o_w_id = 2 GROUP BY o.o_d_id, o.o_id, o.o_entry_d HAVING SUM(ol.ol_amount) >= 1000 ORDER BY basket_value DESC LIMIT 300",380,1,1,0,True,True,False,2,2,6,4,1,0,0,0,0,30532.68,30533.43,300.0,88,390441.0,442.094,11,10,2,Limit,1,0,0,1,1,0,0,2,2,92809,42,1632,1632,720000.0,600000.0,96862208,24797184,2,0.0005
train_ch_order_basket,"SELECT o.o_d_id, o.o_id, o.o_entry_d, COUNT(*) AS lines, SUM(ol.ol_quantity) AS units, SUM(ol.ol_amount) AS basket_value FROM chbenchmark.oorder o JOIN chbenchmark.order_line ol ON ol.ol_w_id = o.o_w_id AND ol.ol_d_id = o.o_d_id AND ol.ol_o_id = o.o_id WHERE o.o_w_id = 2 GROUP BY o.o_d_id, o.o_id, o.o_entry_d HAVING SUM(ol.ol_amount) >= 1000 ORDER BY basket_value DESC LIMIT 300",380,1,1,0,True,True,False,2,2,6,4,1,0,0,0,0,30532.68,30533.43,300.0,88,390441.0,314.847,11,10,2,Limit,1,0,0,1,1,0,0,2,2,92851,0,1632,1632,720000.0,600000.0,96862208,24797184,2,0.0005
train_ch_promotional_items,"SELECT i.i_id, i.i_name, SUM(ol.ol_quantity) AS units, SUM(ol.ol_amount) AS revenue FROM chbenchmark.item i JOIN chbenchmark.order_line ol ON ol.ol_i_id = i.i_id JOIN chbenchmark.oorder o ON o.o_w_id = ol.ol_w_id AND o.o_d_id = ol.ol_d_id AND o.o_id = ol.ol_o_id WHERE i.i_data ILIKE '%PROMO%' AND o.o_entry_d >= DATE '2024-07-24' - INTERVAL '365 days' GROUP BY i.i_id, i.i_name ORDER BY revenue DESC LIMIT 100",410,2,2,0,True,True,False,3,3,4,2,2,0,0,0,0,14018.0,14018.25,100.0,80,258684.0,158.628,12,10,3,Limit,2,1,0,0,1,0,1,2,2,269967,0,0,0,750000.0,600000.0,100122624,25485312,3,0.00016666666666666666
train_ch_promotional_items,"SELECT i.i_id, i.i_name, SUM(ol.ol_quantity) AS units, SUM(ol.ol_amount) AS revenue FROM chbenchmark.item i JOIN chbenchmark.order_line ol ON ol.ol_i_id = i.i_id JOIN chbenchmark.oorder o ON o.o_w_id = ol.ol_w_id AND o.o_d_id = ol.ol_d_id AND o.o_id = ol.ol_o_id WHERE i.i_data ILIKE '%PROMO%' AND o.o_entry_d >= DATE '2024-07-24' - INTERVAL '365 days' GROUP BY i.i_id, i.i_name ORDER BY revenue DESC LIMIT 100",410,2,2,0,True,True,False,3,3,4,2,2,0,0,0,0,14018.0,14018.25,100.0,80,258684.0,135.341,12,10,3,Limit,2,1,0,0,1,0,1,2,2,269967,0,0,0,750000.0,600000.0,100122624,25485312,3,0.00016666666666666666
train_ch_remote_supply,"SELECT ol.ol_supply_w_id, COUNT(*) AS remote_lines, SUM(ol.ol_quantity) AS units, SUM(ol.ol_amount) AS revenue FROM chbenchmark.order_line ol WHERE ol.ol_w_id = 3 AND ol.ol_supply_w_id <> ol.ol_w_id GROUP BY ol.ol_supply_w_id ORDER BY revenue DESC",247,0,2,0,True,True,False,1,1,4,3,0,0,0,0,0,13196.32,13196.33,4.0,76,62228.0,63.763,6,6,1,Sort,1,0,0,0,0,0,0,2,2,46994,0,0,0,600000.0,600000.0,84729856,20602880,1,6.666666666666667e-06
train_ch_remote_supply,"SELECT ol.ol_supply_w_id, COUNT(*) AS remote_lines, SUM(ol.ol_quantity) AS units, SUM(ol.ol_amount) AS revenue FROM chbenchmark.order_line ol WHERE ol.ol_w_id = 3 AND ol.ol_supply_w_id <> ol.ol_w_id GROUP BY ol.ol_supply_w_id ORDER BY revenue DESC",247,0,2,0,True,True,False,1,1,4,3,0,0,0,0,0,13196.32,13196.33,4.0,76,62228.0,65.766,6,6,1,Sort,1,0,0,0,0,0,0,2,2,46994,0,0,0,600000.0,600000.0,84729856,20602880,1,6.666666666666667e-06
train_ch_repeat_customers,"SELECT c.c_state, COUNT(*) AS repeat_customers, AVG(customer_orders.order_count) AS avg_orders FROM chbenchmark.customer c JOIN ( SELECT o_w_id, o_d_id, o_c_id, COUNT(*) AS order_count FROM chbenchmark.oorder GROUP BY o_w_id, o_d_id, o_c_id HAVING COUNT(*) >= 4 ) customer_orders ON customer_orders.o_w_id = c.c_w_id AND customer_orders.o_d_id = c.c_d_id AND customer_orders.o_c_id = c.c_id GROUP BY c.c_state ORDER BY repeat_customers DESC",440,1,0,1,True,True,False,2,2,7,4,1,0,0,0,0,8562.17,8562.18,4.0,43,252016.0,122.008,9,8,2,Sort,2,0,0,0,1,0,0,2,2,7730,0,1169,2289,240000.0,120000.0,39739392,8896512,2,3.3333333333333335e-05
train_ch_repeat_customers,"SELECT c.c_state, COUNT(*) AS repeat_customers, AVG(customer_orders.order_count) AS avg_orders FROM chbenchmark.customer c JOIN ( SELECT o_w_id, o_d_id, o_c_id, COUNT(*) AS order_count FROM chbenchmark.oorder GROUP BY o_w_id, o_d_id, o_c_id HAVING COUNT(*) >= 4 ) customer_orders ON customer_orders.o_w_id = c.c_w_id AND customer_orders.o_d_id = c.c_d_id AND customer_orders.o_c_id = c.c_id GROUP BY c.c_state ORDER BY repeat_customers DESC",440,1,0,1,True,True,False,2,2,7,4,1,0,0,0,0,8562.17,8562.18,4.0,43,252016.0,129.821,9,8,2,Sort,2,0,0,0,1,0,0,2,2,7730,0,1169,2289,240000.0,120000.0,39739392,8896512,2,3.3333333333333335e-05
train_ch_credit_risk,"SELECT c.c_w_id, c.c_d_id, c.c_id, c.c_balance, COUNT(no.no_o_id) AS pending_orders FROM chbenchmark.customer c LEFT JOIN chbenchmark.oorder o ON o.o_w_id = c.c_w_id AND o.o_d_id = c.c_d_id AND o.o_c_id = c.c_id LEFT JOIN chbenchmark.new_order no ON no.no_w_id = o.o_w_id AND no.no_d_id = o.o_d_id AND no.no_o_id = o.o_id WHERE c.c_credit = 'BC' AND c.c_state = 'WA' AND c.c_balance > 5000 GROUP BY c.c_w_id, c.c_d_id, c.c_id, c.c_balance ORDER BY pending_orders DESC, c.c_balance DESC LIMIT 250",495,2,3,0,True,True,False,3,3,5,1,0,2,0,0,0,5992.29,5992.3,1.0,26,3009.0,27.689,10,8,3,Limit,1,0,1,1,0,0,2,2,1,19544,0,0,0,276000.0,120000.0,42901504,10428416,3,8.333333333333334e-06
train_ch_credit_risk,"SELECT c.c_w_id, c.c_d_id, c.c_id, c.c_balance, COUNT(no.no_o_id) AS pending_orders FROM chbenchmark.customer c LEFT JOIN chbenchmark.oorder o ON o.o_w_id = c.c_w_id AND o.o_d_id = c.c_d_id AND o.o_c_id = c.c_id LEFT JOIN chbenchmark.new_order no ON no.no_w_id = o.o_w_id AND no.no_d_id = o.o_d_id AND no.no_o_id = o.o_id WHERE c.c_credit = 'BC' AND c.c_state = 'WA' AND c.c_balance > 5000 GROUP BY c.c_w_id, c.c_d_id, c.c_id, c.c_balance ORDER BY pending_orders DESC, c.c_balance DESC LIMIT 250",495,2,3,0,True,True,False,3,3,5,1,0,2,0,0,0,5992.29,5992.3,1.0,26,3009.0,41.7,10,8,3,Limit,1,0,1,1,0,0,2,2,1,19544,0,0,0,276000.0,120000.0,42901504,10428416,3,8.333333333333334e-06
train_ch_product_sales_by_state,"SELECT i.i_id, i.i_name, COUNT(DISTINCT o.o_id) AS orders, SUM(ol.ol_quantity) AS units, SUM(ol.ol_amount) AS revenue FROM chbenchmark.customer c JOIN chbenchmark.oorder o ON o.o_w_id = c.c_w_id AND o.o_d_id = c.c_d_id AND o.o_c_id = c.c_id JOIN chbenchmark.order_line ol ON ol.ol_w_id = o.o_w_id AND ol.ol_d_id = o.o_d_id AND ol.ol_o_id = o.o_id JOIN chbenchmark.item i ON i.i_id = ol.ol_i_id WHERE c.c_state = 'NY' GROUP BY i.i_id, i.i_name ORDER BY revenue DESC LIMIT 150",474,3,1,0,True,True,False,4,4,5,3,3,0,0,0,0,32694.08,32694.46,150.0,88,550696.0,506.661,14,9,4,Limit,3,1,0,0,2,0,1,2,1,571490,14672,1768,1772,870000.0,600000.0,127729664,30187520,4,0.00025
train_ch_product_sales_by_state,"SELECT i.i_id, i.i_name, COUNT(DISTINCT o.o_id) AS orders, SUM(ol.ol_quantity) AS units, SUM(ol.ol_amount) AS revenue FROM chbenchmark.customer c JOIN chbenchmark.oorder o ON o.o_w_id = c.c_w_id AND o.o_d_id = c.c_d_id AND o.o_c_id = c.c_id JOIN chbenchmark.order_line ol ON ol.ol_w_id = o.o_w_id AND ol.ol_d_id = o.o_d_id AND ol.ol_o_id = o.o_id JOIN chbenchmark.item i ON i.i_id = ol.ol_i_id WHERE c.c_state = 'NY' GROUP BY i.i_id, i.i_name ORDER BY revenue DESC LIMIT 150",474,3,1,0,True,True,False,4,4,5,3,3,0,0,0,0,32694.08,32694.46,150.0,88,550696.0,547.628,14,9,4,Limit,3,1,0,0,2,0,1,2,1,586162,0,1768,1772,870000.0,600000.0,127729664,30187520,4,0.00025
train_ch_regional_low_stock,"SELECT r.r_name, n.n_name, su.su_name, i.i_id, i.i_name, MIN(s.s_quantity) AS minimum_quantity FROM chbenchmark.stock s JOIN chbenchmark.item i ON i.i_id = s.s_i_id JOIN chbenchmark.supplier su ON su.su_suppkey = MOD(s.s_w_id * s.s_i_id, 10000) JOIN chbenchmark.nation n ON n.n_nationkey = su.su_nationkey JOIN chbenchmark.region r ON r.r_regionkey = n.n_regionkey WHERE r.r_name = 'MIDDLE EAST' AND s.s_quantity < 60 GROUP BY r.r_name, n.n_name, su.su_name, i.i_id, i.i_name ORDER BY minimum_quantity, i.i_id LIMIT 250",519,4,2,0,True,True,False,5,5,6,1,4,0,0,0,0,4583.52,4584.14,250.0,52,106118.0,55.901,16,12,5,Limit,5,0,0,0,4,0,0,1,1,11526,0,0,0,160030.0,120000.0,17670144,3702784,7,0.0020833333333333333
train_ch_regional_low_stock,"SELECT r.r_name, n.n_name, su.su_name, i.i_id, i.i_name, MIN(s.s_quantity) AS minimum_quantity FROM chbenchmark.stock s JOIN chbenchmark.item i ON i.i_id = s.s_i_id JOIN chbenchmark.supplier su ON su.su_suppkey = MOD(s.s_w_id * s.s_i_id, 10000) JOIN chbenchmark.nation n ON n.n_nationkey = su.su_nationkey JOIN chbenchmark.region r ON r.r_regionkey = n.n_regionkey WHERE r.r_name = 'MIDDLE EAST' AND s.s_quantity < 60 GROUP BY r.r_name, n.n_name, su.su_name, i.i_id, i.i_name ORDER BY minimum_quantity, i.i_id LIMIT 250",519,4,2,0,True,True,False,5,5,6,1,4,0,0,0,0,4583.52,4584.14,250.0,52,106118.0,116.752,16,12,5,Limit,5,0,0,0,4,0,0,1,1,11526,0,0,0,160030.0,120000.0,17670144,3702784,7,0.0020833333333333333
train_ch_warehouse_inventory,"SELECT s.s_w_id, COUNT(*) AS sku_count, SUM(s.s_quantity) AS units, SUM(s.s_quantity * i.i_price) AS inventory_value FROM chbenchmark.stock s JOIN chbenchmark.item i ON i.i_id = s.s_i_id WHERE s.s_w_id = 2 AND i.i_data ILIKE '%PROMO%' GROUP BY s.s_w_id",252,1,2,0,True,False,False,2,2,4,3,1,0,0,0,0,0.29,2669.91,1.0,52,602.0,51.448,4,3,2,Aggregate,1,1,0,0,0,0,1,0,1,3357,246,0,0,150000.0,120000.0,16138240,3391488,2,8.333333333333334e-06
train_ch_warehouse_inventory,"SELECT s.s_w_id, COUNT(*) AS sku_count, SUM(s.s_quantity) AS units, SUM(s.s_quantity * i.i_price) AS inventory_value FROM chbenchmark.stock s JOIN chbenchmark.item i ON i.i_id = s.s_i_id WHERE s.s_w_id = 2 AND i.i_data ILIKE '%PROMO%' GROUP BY s.s_w_id",252,1,2,0,True,False,False,2,2,4,3,1,0,0,0,0,0.29,2669.91,1.0,52,602.0,54.342,4,3,2,Aggregate,1,1,0,0,0,0,1,0,1,3603,0,0,0,150000.0,120000.0,16138240,3391488,2,8.333333333333334e-06
train_ch_promotional_items,"SELECT i.i_id, i.i_name, SUM(ol.ol_quantity) AS units, SUM(ol.ol_amount) AS revenue FROM chbenchmark.item i JOIN chbenchmark.order_line ol ON ol.ol_i_id = i.i_id JOIN chbenchmark.oorder o ON o.o_w_id = ol.ol_w_id AND o.o_d_id = ol.ol_d_id AND o.o_id = ol.ol_o_id WHERE i.i_data ILIKE '%PROMO%' AND o.o_entry_d >= DATE '2023-09-16' - INTERVAL '365 days' GROUP BY i.i_id, i.i_name ORDER BY revenue DESC LIMIT 100",410,2,2,0,True,True,False,3,3,4,2,2,0,0,0,0,13919.45,13919.7,100.0,80,257451.0,190.265,12,10,3,Limit,2,1,0,0,1,0,1,2,2,266576,3249,0,0,750000.0,600000.0,100122624,25485312,3,0.00016666666666666666
train_ch_promotional_items,"SELECT i.i_id, i.i_name, SUM(ol.ol_quantity) AS units, SUM(ol.ol_amount) AS revenue FROM chbenchmark.item i JOIN chbenchmark.order_line ol ON ol.ol_i_id = i.i_id JOIN chbenchmark.oorder o ON o.o_w_id = ol.ol_w_id AND o.o_d_id = ol.ol_d_id AND o.o_id = ol.ol_o_id WHERE i.i_data ILIKE '%PROMO%' AND o.o_entry_d >= DATE '2023-09-16' - INTERVAL '365 days' GROUP BY i.i_id, i.i_name ORDER BY revenue DESC LIMIT 100",410,2,2,0,True,True,False,3,3,4,2,2,0,0,0,0,13919.45,13919.7,100.0,80,257451.0,134.293,12,10,3,Limit,2,1,0,0,1,0,1,2,2,267440,2385,0,0,750000.0,600000.0,100122624,25485312,3,0.00016666666666666666
train_ch_credit_risk,"SELECT c.c_w_id, c.c_d_id, c.c_id, c.c_balance, COUNT(no.no_o_id) AS pending_orders FROM chbenchmark.customer c LEFT JOIN chbenchmark.oorder o ON o.o_w_id = c.c_w_id AND o.o_d_id = c.c_d_id AND o.o_c_id = c.c_id LEFT JOIN chbenchmark.new_order no ON no.no_w_id = o.o_w_id AND no.no_d_id = o.o_d_id AND no.no_o_id = o.o_id WHERE c.c_credit = 'BC' AND c.c_state = 'TX' AND c.c_balance > 2500 GROUP BY c.c_w_id, c.c_d_id, c.c_id, c.c_balance ORDER BY pending_orders DESC, c.c_balance DESC LIMIT 250",495,2,3,0,True,True,False,3,3,5,1,0,2,0,0,0,8092.09,8092.6,205.0,26,121651.0,56.019,10,8,3,Limit,2,0,1,0,1,0,1,2,1,30933,564,0,0,276000.0,120000.0,42901504,10428416,3,0.0017083333333333334
train_ch_credit_risk,"SELECT c.c_w_id, c.c_d_id, c.c_id, c.c_balance, COUNT(no.no_o_id) AS pending_orders FROM chbenchmark.customer c LEFT JOIN chbenchmark.oorder o ON o.o_w_id = c.c_w_id AND o.o_d_id = c.c_d_id AND o.o_c_id = c.c_id LEFT JOIN chbenchmark.new_order no ON no.no_w_id = o.o_w_id AND no.no_d_id = o.o_d_id AND no.no_o_id = o.o_id WHERE c.c_credit = 'BC' AND c.c_state = 'TX' AND c.c_balance > 2500 GROUP BY c.c_w_id, c.c_d_id, c.c_id, c.c_balance ORDER BY pending_orders DESC, c.c_balance DESC LIMIT 250",495,2,3,0,True,True,False,3,3,5,1,0,2,0,0,0,8092.09,8092.6,205.0,26,121651.0,56.827,10,8,3,Limit,2,0,1,0,1,0,1,2,1,31497,0,0,0,276000.0,120000.0,42901504,10428416,3,0.0017083333333333334
train_ch_customer_balance_rank,"SELECT c_w_id, c_d_id, c_id, c_balance, DENSE_RANK() OVER (PARTITION BY c_w_id ORDER BY c_balance DESC) AS balance_rank, CUME_DIST() OVER (PARTITION BY c_w_id ORDER BY c_balance) AS balance_percentile FROM chbenchmark.customer WHERE c_state = 'FL' ORDER BY c_w_id, balance_rank LIMIT 500",287,0,1,0,False,True,False,1,1,6,2,0,0,0,0,0,6428.85,6487.62,500.0,34,102764.0,67.623,7,7,1,Limit,1,0,0,0,0,0,0,1,0,19544,0,0,0,120000.0,120000.0,27607040,4702208,1,0.004166666666666667
train_ch_customer_balance_rank,"SELECT c_w_id, c_d_id, c_id, c_balance, DENSE_RANK() OVER (PARTITION BY c_w_id ORDER BY c_balance DESC) AS balance_rank, CUME_DIST() OVER (PARTITION BY c_w_id ORDER BY c_balance) AS balance_percentile FROM chbenchmark.customer WHERE c_state = 'FL' ORDER BY c_w_id, balance_rank LIMIT 500",287,0,1,0,False,True,False,1,1,6,2,0,0,0,0,0,6428.85,6487.62,500.0,34,102764.0,69.498,7,7,1,Limit,1,0,0,0,0,0,0,1,0,19544,0,0,0,120000.0,120000.0,27607040,4702208,1,0.004166666666666667
train_ch_product_sales_by_state,"SELECT i.i_id, i.i_name, COUNT(DISTINCT o.o_id) AS orders, SUM(ol.ol_quantity) AS units, SUM(ol.ol_amount) AS revenue FROM chbenchmark.customer c JOIN chbenchmark.oorder o ON o.o_w_id = c.c_w_id AND o.o_d_id = c.c_d_id AND o.o_c_id = c.c_id JOIN chbenchmark.order_line ol ON ol.ol_w_id = o.o_w_id AND ol.ol_d_id = o.o_d_id AND ol.ol_o_id = o.o_id JOIN chbenchmark.item i ON i.i_id = ol.ol_i_id WHERE c.c_state = 'OH' GROUP BY i.i_id, i.i_name ORDER BY revenue DESC LIMIT 150",474,3,1,0,True,True,False,4,4,5,3,3,0,0,0,0,32800.04,32800.42,150.0,88,553288.0,447.555,14,9,4,Limit,3,1,0,0,2,0,1,2,1,572634,12200,1764,1768,870000.0,600000.0,127729664,30187520,4,0.00025
train_ch_product_sales_by_state,"SELECT i.i_id, i.i_name, COUNT(DISTINCT o.o_id) AS orders, SUM(ol.ol_quantity) AS units, SUM(ol.ol_amount) AS revenue FROM chbenchmark.customer c JOIN chbenchmark.oorder o ON o.o_w_id = c.c_w_id AND o.o_d_id = c.c_d_id AND o.o_c_id = c.c_id JOIN chbenchmark.order_line ol ON ol.ol_w_id = o.o_w_id AND ol.ol_d_id = o.o_d_id AND ol.ol_o_id = o.o_id JOIN chbenchmark.item i ON i.i_id = ol.ol_i_id WHERE c.c_state = 'OH' GROUP BY i.i_id, i.i_name ORDER BY revenue DESC LIMIT 150",474,3,1,0,True,True,False,4,4,5,3,3,0,0,0,0,32800.04,32800.42,150.0,88,553288.0,475.419,14,9,4,Limit,3,1,0,0,2,0,1,2,1,584778,56,1764,1768,870000.0,600000.0,127729664,30187520,4,0.00025
train_ch_order_basket,"SELECT o.o_d_id, o.o_id, o.o_entry_d, COUNT(*) AS lines, SUM(ol.ol_quantity) AS units, SUM(ol.ol_amount) AS basket_value FROM chbenchmark.oorder o JOIN chbenchmark.order_line ol ON ol.ol_w_id = o.o_w_id AND ol.ol_d_id = o.o_d_id AND ol.ol_o_id = o.o_id WHERE o.o_w_id = 3 GROUP BY o.o_d_id, o.o_id, o.o_entry_d HAVING SUM(ol.ol_amount) >= 250 ORDER BY basket_value DESC LIMIT 300",379,1,1,0,True,True,False,2,2,6,4,1,0,0,0,0,30403.37,30404.12,300.0,88,387025.0,298.305,11,10,2,Limit,1,0,0,1,1,0,0,2,2,92723,128,1734,1740,720000.0,600000.0,96862208,24797184,2,0.0005
train_ch_order_basket,"SELECT o.o_d_id, o.o_id, o.o_entry_d, COUNT(*) AS lines, SUM(ol.ol_quantity) AS units, SUM(ol.ol_amount) AS basket_value FROM chbenchmark.oorder o JOIN chbenchmark.order_line ol ON ol.ol_w_id = o.o_w_id AND ol.ol_d_id = o.o_d_id AND ol.ol_o_id = o.o_id WHERE o.o_w_id = 3 GROUP BY o.o_d_id, o.o_id, o.o_entry_d HAVING SUM(ol.ol_amount) >= 250 ORDER BY basket_value DESC LIMIT 300",379,1,1,0,True,True,False,2,2,6,4,1,0,0,0,0,30403.37,30404.12,300.0,88,387025.0,281.181,11,10,2,Limit,1,0,0,1,1,0,0,2,2,92851,0,1632,1632,720000.0,600000.0,96862208,24797184,2,0.0005
train_ch_customer_last_order,"SELECT c.c_id, c.c_first, c.c_last, latest.o_id, latest.o_entry_d, latest.order_value FROM chbenchmark.customer c LEFT JOIN LATERAL ( SELECT o.o_id, o.o_entry_d, SUM(ol.ol_amount) AS order_value FROM chbenchmark.oorder o JOIN chbenchmark.order_line ol ON ol.ol_w_id = o.o_w_id AND ol.ol_d_id = o.o_d_id AND ol.ol_o_id = o.o_id WHERE o.o_w_id = c.c_w_id AND o.o_d_id = c.c_d_id AND o.o_c_id = c.c_id GROUP BY o.o_id, o.o_entry_d ORDER BY o.o_entry_d DESC LIMIT 1 ) latest ON true WHERE c.c_w_id = 2 AND c.c_d_id = 1 ORDER BY latest.o_entry_d DESC NULLS LAST LIMIT 300",566,2,5,1,True,True,False,3,3,9,1,1,1,0,0,0,2988341.01,2988341.76,300.0,67,12205.0,4383.589,12,10,3,Limit,1,1,0,1,0,0,2,2,1,26624564,0,0,0,840000.0,600000.0,124469248,29499392,3,0.0005
train_ch_customer_last_order,"SELECT c.c_id, c.c_first, c.c_last, latest.o_id, latest.o_entry_d, latest.order_value FROM chbenchmark.customer c LEFT JOIN LATERAL ( SELECT o.o_id, o.o_entry_d, SUM(ol.ol_amount) AS order_value FROM chbenchmark.oorder o JOIN chbenchmark.order_line ol ON ol.ol_w_id = o.o_w_id AND ol.ol_d_id = o.o_d_id AND ol.ol_o_id = o.o_id WHERE o.o_w_id = c.c_w_id AND o.o_d_id = c.c_d_id AND o.o_c_id = c.c_id GROUP BY o.o_id, o.o_entry_d ORDER BY o.o_entry_d DESC LIMIT 1 ) latest ON true WHERE c.c_w_id = 2 AND c.c_d_id = 1 ORDER BY latest.o_entry_d DESC NULLS LAST LIMIT 300",566,2,5,1,True,True,False,3,3,9,1,1,1,0,0,0,2988341.01,2988341.76,300.0,67,12205.0,5119.248,12,10,3,Limit,1,1,0,1,0,0,2,2,1,26624564,0,0,0,840000.0,600000.0,124469248,29499392,3,0.0005
train_ch_district_daily_sales,"WITH daily AS ( SELECT o.o_entry_d::date AS day, o.o_d_id, SUM(ol.ol_amount) AS revenue FROM chbenchmark.oorder o JOIN chbenchmark.order_line ol ON ol.ol_w_id = o.o_w_id AND ol.ol_d_id = o.o_d_id AND ol.ol_o_id = o.o_id WHERE o.o_w_id = 3 GROUP BY o.o_entry_d::date, o.o_d_id ) SELECT day, o_d_id, revenue, AVG(revenue) OVER (PARTITION BY o_d_id ORDER BY day ROWS BETWEEN 6 PRECEDING AND CURRENT ROW) AS rolling_revenue FROM daily ORDER BY o_d_id, day",451,1,1,1,True,True,False,2,2,7,2,1,0,0,0,0,20865.4,21462.9,29876.0,72,629376.0,197.151,9,7,2,WindowAgg,0,0,0,2,1,0,0,1,1,49846,0,0,0,720000.0,600000.0,96862208,24797184,2,0.049793333333333335
train_ch_district_daily_sales,"WITH daily AS ( SELECT o.o_entry_d::date AS day, o.o_d_id, SUM(ol.ol_amount) AS revenue FROM chbenchmark.oorder o JOIN chbenchmark.order_line ol ON ol.ol_w_id = o.o_w_id AND ol.ol_d_id = o.o_d_id AND ol.ol_o_id = o.o_id WHERE o.o_w_id = 3 GROUP BY o.o_entry_d::date, o.o_d_id ) SELECT day, o_d_id, revenue, AVG(revenue) OVER (PARTITION BY o_d_id ORDER BY day ROWS BETWEEN 6 PRECEDING AND CURRENT ROW) AS rolling_revenue FROM daily ORDER BY o_d_id, day",451,1,1,1,True,True,False,2,2,7,2,1,0,0,0,0,20865.4,21462.9,29876.0,72,629376.0,226.776,9,7,2,WindowAgg,0,0,0,2,1,0,0,1,1,49846,0,0,0,720000.0,600000.0,96862208,24797184,2,0.049793333333333335
train_ch_customer_order_totals,"SELECT c.c_id, c.c_first, c.c_last, COUNT(DISTINCT o.o_id) AS orders, SUM(ol.ol_amount) AS lifetime_value FROM chbenchmark.customer c JOIN chbenchmark.oorder o ON o.o_w_id = c.c_w_id AND o.o_d_id = c.c_d_id AND o.o_c_id = c.c_id JOIN chbenchmark.order_line ol ON ol.ol_w_id = o.o_w_id AND ol.ol_d_id = o.o_d_id AND ol.ol_o_id = o.o_id WHERE c.c_w_id = 2 GROUP BY c.c_id, c.c_first, c.c_last HAVING SUM(ol.ol_amount) > 5000 ORDER BY lifetime_value DESC LIMIT 200",461,2,1,0,True,True,False,3,3,5,3,2,0,0,0,0,40825.24,40825.74,200.0,63,350120.0,455.199,14,10,3,Limit,1,1,0,1,0,1,1,3,1,758115,30,0,0,840000.0,600000.0,124469248,29499392,3,0.0003333333333333333
train_ch_customer_order_totals,"SELECT c.c_id, c.c_first, c.c_last, COUNT(DISTINCT o.o_id) AS orders, SUM(ol.ol_amount) AS lifetime_value FROM chbenchmark.customer c JOIN chbenchmark.oorder o ON o.o_w_id = c.c_w_id AND o.o_d_id = c.c_d_id AND o.o_c_id = c.c_id JOIN chbenchmark.order_line ol ON ol.ol_w_id = o.o_w_id AND ol.ol_d_id = o.o_d_id AND ol.ol_o_id = o.o_id WHERE c.c_w_id = 2 GROUP BY c.c_id, c.c_first, c.c_last HAVING SUM(ol.ol_amount) > 5000 ORDER BY lifetime_value DESC LIMIT 200",461,2,1,0,True,True,False,3,3,5,3,2,0,0,0,0,40825.24,40825.74,200.0,63,350120.0,515.071,14,10,3,Limit,1,1,0,1,0,1,1,3,1,758145,0,0,0,840000.0,600000.0,124469248,29499392,3,0.0003333333333333333
train_ch_delivery_delay,"SELECT o.o_d_id, o.o_id, o.o_entry_d, MAX(ol.ol_delivery_d) AS completed_at, MAX(ol.ol_delivery_d) - o.o_entry_d AS elapsed FROM chbenchmark.oorder o JOIN chbenchmark.order_line ol ON ol.ol_w_id = o.o_w_id AND ol.ol_d_id = o.o_d_id AND ol.ol_o_id = o.o_id WHERE o.o_w_id = 2 AND ol.ol_delivery_d IS NOT NULL GROUP BY o.o_d_id, o.o_id, o.o_entry_d HAVING MAX(ol.ol_delivery_d) - o.o_entry_d > INTERVAL '12 hours' ORDER BY elapsed DESC LIMIT 250",443,1,2,0,True,True,False,2,2,5,3,1,0,0,0,0,18538.83,18539.45,250.0,40,475598.0,198.605,9,7,2,Limit,0,0,0,2,1,0,0,1,1,49300,0,0,0,720000.0,600000.0,96862208,24797184,2,0.0004166666666666667
train_ch_delivery_delay,"SELECT o.o_d_id, o.o_id, o.o_entry_d, MAX(ol.ol_delivery_d) AS completed_at, MAX(ol.ol_delivery_d) - o.o_entry_d AS elapsed FROM chbenchmark.oorder o JOIN chbenchmark.order_line ol ON ol.ol_w_id = o.o_w_id AND ol.ol_d_id = o.o_d_id AND ol.ol_o_id = o.o_id WHERE o.o_w_id = 2 AND ol.ol_delivery_d IS NOT NULL GROUP BY o.o_d_id, o.o_id, o.o_entry_d HAVING MAX(ol.ol_delivery_d) - o.o_entry_d > INTERVAL '12 hours' ORDER BY elapsed DESC LIMIT 250",443,1,2,0,True,True,False,2,2,5,3,1,0,0,0,0,18538.83,18539.45,250.0,40,475598.0,158.864,9,7,2,Limit,0,0,0,2,1,0,0,1,1,49300,0,0,0,720000.0,600000.0,96862208,24797184,2,0.0004166666666666667
train_ch_remote_supply,"SELECT ol.ol_supply_w_id, COUNT(*) AS remote_lines, SUM(ol.ol_quantity) AS units, SUM(ol.ol_amount) AS revenue FROM chbenchmark.order_line ol WHERE ol.ol_w_id = 3 AND ol.ol_supply_w_id <> ol.ol_w_id GROUP BY ol.ol_supply_w_id ORDER BY revenue DESC",247,0,2,0,True,True,False,1,1,4,3,0,0,0,0,0,13196.32,13196.33,4.0,76,62228.0,76.58,6,6,1,Sort,1,0,0,0,0,0,0,2,2,46994,0,0,0,600000.0,600000.0,84729856,20602880,1,6.666666666666667e-06
train_ch_remote_supply,"SELECT ol.ol_supply_w_id, COUNT(*) AS remote_lines, SUM(ol.ol_quantity) AS units, SUM(ol.ol_amount) AS revenue FROM chbenchmark.order_line ol WHERE ol.ol_w_id = 3 AND ol.ol_supply_w_id <> ol.ol_w_id GROUP BY ol.ol_supply_w_id ORDER BY revenue DESC",247,0,2,0,True,True,False,1,1,4,3,0,0,0,0,0,13196.32,13196.33,4.0,76,62228.0,76.508,6,6,1,Sort,1,0,0,0,0,0,0,2,2,46994,0,0,0,600000.0,600000.0,84729856,20602880,1,6.666666666666667e-06
train_ch_unsold_items,"SELECT i.i_id, i.i_name, i.i_price, s.s_quantity FROM chbenchmark.item i JOIN chbenchmark.stock s ON s.s_i_id = i.i_id AND s.s_w_id = 2 WHERE NOT EXISTS ( SELECT 1 FROM chbenchmark.order_line ol JOIN chbenchmark.oorder o ON o.o_w_id = ol.ol_w_id AND o.o_d_id = ol.ol_d_id AND o.o_id = ol.ol_o_id WHERE ol.ol_i_id = i.i_id AND ol.ol_w_id = 2 AND o.o_entry_d >= DATE '2024-09-11' - INTERVAL '90 days' ) ORDER BY s.s_quantity DESC LIMIT 300",437,2,4,1,False,True,False,4,4,5,0,2,0,0,0,0,18270.11,18288.55,158.0,26,300841.0,142.63,15,8,4,Limit,2,0,0,2,3,0,0,1,0,75971,84,0,0,870000.0,600000.0,113000448,28188672,4,0.00026333333333333336
train_ch_unsold_items,"SELECT i.i_id, i.i_name, i.i_price, s.s_quantity FROM chbenchmark.item i JOIN chbenchmark.stock s ON s.s_i_id = i.i_id AND s.s_w_id = 2 WHERE NOT EXISTS ( SELECT 1 FROM chbenchmark.order_line ol JOIN chbenchmark.oorder o ON o.o_w_id = ol.ol_w_id AND o.o_d_id = ol.ol_d_id AND o.o_id = ol.ol_o_id WHERE ol.ol_i_id = i.i_id AND ol.ol_w_id = 2 AND o.o_entry_d >= DATE '2024-09-11' - INTERVAL '90 days' ) ORDER BY s.s_quantity DESC LIMIT 300",437,2,4,1,False,True,False,4,4,5,0,2,0,0,0,0,18270.11,18288.55,158.0,26,300841.0,157.314,15,8,4,Limit,2,0,0,2,3,0,0,1,0,78535,0,0,0,870000.0,600000.0,113000448,28188672,4,0.00026333333333333336
train_ch_backlog,"SELECT no.no_d_id, COUNT(*) AS pending_orders, MIN(o.o_entry_d) AS oldest_order, SUM(ol.ol_amount) AS pending_value FROM chbenchmark.new_order no JOIN chbenchmark.oorder o ON o.o_w_id = no.no_w_id AND o.o_d_id = no.no_d_id AND o.o_id = no.no_o_id JOIN chbenchmark.order_line ol ON ol.ol_w_id = o.o_w_id AND ol.ol_d_id = o.o_d_id AND ol.ol_o_id = o.o_id WHERE no.no_w_id = 2 GROUP BY no.no_d_id ORDER BY oldest_order",415,2,1,0,True,True,False,3,3,4,3,2,0,0,0,0,15588.39,15588.42,10.0,52,209504.0,107.464,13,9,3,Sort,1,0,1,1,2,0,0,2,2,90432,225,0,0,756000.0,600000.0,100024320,26329088,3,1.6666666666666667e-05
train_ch_backlog,"SELECT no.no_d_id, COUNT(*) AS pending_orders, MIN(o.o_entry_d) AS oldest_order, SUM(ol.ol_amount) AS pending_value FROM chbenchmark.new_order no JOIN chbenchmark.oorder o ON o.o_w_id = no.no_w_id AND o.o_d_id = no.no_d_id AND o.o_id = no.no_o_id JOIN chbenchmark.order_line ol ON ol.ol_w_id = o.o_w_id AND ol.ol_d_id = o.o_d_id AND ol.ol_o_id = o.o_id WHERE no.no_w_id = 2 GROUP BY no.no_d_id ORDER BY oldest_order",415,2,1,0,True,True,False,3,3,4,3,2,0,0,0,0,15588.39,15588.42,10.0,52,209504.0,123.243,13,9,3,Sort,1,0,1,1,2,0,0,2,2,90657,0,0,0,756000.0,600000.0,100024320,26329088,3,1.6666666666666667e-05
train_ch_district_revenue,"SELECT o.o_d_id, COUNT(DISTINCT o.o_id) AS orders, SUM(ol.ol_quantity) AS units, SUM(ol.ol_amount) AS revenue FROM chbenchmark.oorder o JOIN chbenchmark.order_line ol ON ol.ol_w_id = o.o_w_id AND ol.ol_d_id = o.o_d_id AND ol.ol_o_id = o.o_id WHERE o.o_w_id = 2 AND o.o_entry_d >= DATE '2025-09-17' - INTERVAL '90 days' AND o.o_entry_d < DATE '2025-09-17' + INTERVAL '1 day' GROUP BY o.o_d_id ORDER BY revenue DESC",413,1,3,0,True,True,False,2,2,4,3,1,0,0,0,0,16444.64,16444.66,10.0,76,121287.0,83.708,9,8,2,Sort,1,0,0,1,1,0,0,2,1,70851,0,0,0,720000.0,600000.0,96862208,24797184,2,1.6666666666666667e-05
train_ch_district_revenue,"SELECT o.o_d_id, COUNT(DISTINCT o.o_id) AS orders, SUM(ol.ol_quantity) AS units, SUM(ol.ol_amount) AS revenue FROM chbenchmark.oorder o JOIN chbenchmark.order_line ol ON ol.ol_w_id = o.o_w_id AND ol.ol_d_id = o.o_d_id AND ol.ol_o_id = o.o_id WHERE o.o_w_id = 2 AND o.o_entry_d >= DATE '2025-09-17' - INTERVAL '90 days' AND o.o_entry_d < DATE '2025-09-17' + INTERVAL '1 day' GROUP BY o.o_d_id ORDER BY revenue DESC",413,1,3,0,True,True,False,2,2,4,3,1,0,0,0,0,16444.64,16444.66,10.0,76,121287.0,88.429,9,8,2,Sort,1,0,0,1,1,0,0,2,1,70851,0,0,0,720000.0,600000.0,96862208,24797184,2,1.6666666666666667e-05
train_ch_item_price_band,"SELECT width_bucket(i_price, 50, 150, 8) AS price_band, COUNT(*) AS items, AVG(i_price) AS avg_price, COUNT(*) FILTER (WHERE i_data ILIKE '%PROMO%') AS promotional FROM chbenchmark.item WHERE i_price BETWEEN 50 AND 150 GROUP BY price_band ORDER BY price_band",258,0,2,0,True,True,False,1,1,4,3,0,0,0,0,0,1154.93,1336.34,6047.0,52,18141.0,16.287,3,3,1,Aggregate,1,0,0,0,0,0,0,1,1,930,0,0,0,30000.0,30000.0,3260416,688128,1,0.20156666666666667
train_ch_item_price_band,"SELECT width_bucket(i_price, 50, 150, 8) AS price_band, COUNT(*) AS items, AVG(i_price) AS avg_price, COUNT(*) FILTER (WHERE i_data ILIKE '%PROMO%') AS promotional FROM chbenchmark.item WHERE i_price BETWEEN 50 AND 150 GROUP BY price_band ORDER BY price_band",258,0,2,0,True,True,False,1,1,4,3,0,0,0,0,0,1154.93,1336.34,6047.0,52,18141.0,16.6,3,3,1,Aggregate,1,0,0,0,0,0,0,1,1,930,0,0,0,30000.0,30000.0,3260416,688128,1,0.20156666666666667
train_ch_repeat_customers,"SELECT c.c_state, COUNT(*) AS repeat_customers, AVG(customer_orders.order_count) AS avg_orders FROM chbenchmark.customer c JOIN ( SELECT o_w_id, o_d_id, o_c_id, COUNT(*) AS order_count FROM chbenchmark.oorder GROUP BY o_w_id, o_d_id, o_c_id HAVING COUNT(*) >= 2 ) customer_orders ON customer_orders.o_w_id = c.c_w_id AND customer_orders.o_d_id = c.c_d_id AND customer_orders.o_c_id = c.c_id GROUP BY c.c_state ORDER BY repeat_customers DESC",440,1,0,1,True,True,False,2,2,7,4,1,0,0,0,0,8562.17,8562.18,4.0,43,252016.0,118.666,9,8,2,Sort,2,0,0,0,1,0,0,2,2,7730,0,1169,2289,240000.0,120000.0,39739392,8896512,2,3.3333333333333335e-05
train_ch_repeat_customers,"SELECT c.c_state, COUNT(*) AS repeat_customers, AVG(customer_orders.order_count) AS avg_orders FROM chbenchmark.customer c JOIN ( SELECT o_w_id, o_d_id, o_c_id, COUNT(*) AS order_count FROM chbenchmark.oorder GROUP BY o_w_id, o_d_id, o_c_id HAVING COUNT(*) >= 2 ) customer_orders ON customer_orders.o_w_id = c.c_w_id AND customer_orders.o_d_id = c.c_d_id AND customer_orders.o_c_id = c.c_id GROUP BY c.c_state ORDER BY repeat_customers DESC",440,1,0,1,True,True,False,2,2,7,4,1,0,0,0,0,8562.17,8562.18,4.0,43,252016.0,121.894,9,8,2,Sort,2,0,0,0,1,0,0,2,2,7730,0,1169,2289,240000.0,120000.0,39739392,8896512,2,3.3333333333333335e-05
train_ch_payment_activity,"SELECT h.h_w_id, h.h_d_id, COUNT(*) AS payments, SUM(h.h_amount) AS amount, COUNT(DISTINCT h.h_c_id) AS customers FROM chbenchmark.history h WHERE h.h_date >= DATE '2025-09-26' - INTERVAL '180 days' AND h.h_amount >= 400 GROUP BY h.h_w_id, h.h_d_id ORDER BY amount DESC",269,0,2,0,True,True,False,1,1,5,3,0,0,0,0,0,3270.08,3270.08,2.0,56,8.0,19.605,4,4,1,Sort,1,0,0,0,0,0,0,2,1,0,5880,0,0,120000.0,120000.0,16670720,4595712,1,1.6666666666666667e-05
train_ch_payment_activity,"SELECT h.h_w_id, h.h_d_id, COUNT(*) AS payments, SUM(h.h_amount) AS amount, COUNT(DISTINCT h.h_c_id) AS customers FROM chbenchmark.history h WHERE h.h_date >= DATE '2025-09-26' - INTERVAL '180 days' AND h.h_amount >= 400 GROUP BY h.h_w_id, h.h_d_id ORDER BY amount DESC",269,0,2,0,True,True,False,1,1,5,3,0,0,0,0,0,3270.08,3270.08,2.0,56,8.0,17.431,4,4,1,Sort,1,0,0,0,0,0,0,2,1,1300,4580,0,0,120000.0,120000.0,16670720,4595712,1,1.6666666666666667e-05
train_ch_line_summary,"SELECT ol_number, SUM(ol_quantity) AS units, SUM(ol_amount) AS revenue, AVG(ol_amount) AS avg_amount, COUNT(*) AS line_count FROM chbenchmark.order_line WHERE ol_delivery_d >= DATE '2023-10-09' - INTERVAL '120 days' AND ol_delivery_d < DATE '2023-10-09' + INTERVAL '30 days' GROUP BY ol_number ORDER BY revenue DESC",315,0,2,0,True,True,False,1,1,5,4,0,0,0,0,0,12827.77,12827.78,5.0,108,25345.0,66.62,6,6,1,Sort,1,0,0,0,0,0,0,2,2,46994,0,0,0,600000.0,600000.0,84729856,20602880,1,8.333333333333334e-06
train_ch_line_summary,"SELECT ol_number, SUM(ol_quantity) AS units, SUM(ol_amount) AS revenue, AVG(ol_amount) AS avg_amount, COUNT(*) AS line_count FROM chbenchmark.order_line WHERE ol_delivery_d >= DATE '2023-10-09' - INTERVAL '120 days' AND ol_delivery_d < DATE '2023-10-09' + INTERVAL '30 days' GROUP BY ol_number ORDER BY revenue DESC",315,0,2,0,True,True,False,1,1,5,4,0,0,0,0,0,12827.77,12827.78,5.0,108,25345.0,70.563,6,6,1,Sort,1,0,0,0,0,0,0,2,2,46994,0,0,0,600000.0,600000.0,84729856,20602880,1,8.333333333333334e-06
train_ch_supplier_sales,"SELECT su.su_suppkey, su.su_name, COUNT(*) AS supplied_lines, SUM(ol.ol_amount) AS revenue, AVG(s.s_quantity) AS avg_stock FROM chbenchmark.supplier su JOIN chbenchmark.stock s ON MOD(s.s_w_id * s.s_i_id, 10000) = su.su_suppkey JOIN chbenchmark.order_line ol ON ol.ol_supply_w_id = s.s_w_id AND ol.ol_i_id = s.s_i_id WHERE su.su_nationkey = 15 GROUP BY su.su_suppkey, su.su_name ORDER BY revenue DESC LIMIT 200",410,2,1,0,True,True,False,3,3,5,3,2,0,0,0,0,15968.43,15968.93,200.0,91,339636.0,124.349,13,11,3,Limit,3,0,0,0,2,0,0,2,2,65842,13953,0,0,730000.0,600000.0,99057664,23552000,3,0.0003333333333333333
train_ch_supplier_sales,"SELECT su.su_suppkey, su.su_name, COUNT(*) AS supplied_lines, SUM(ol.ol_amount) AS revenue, AVG(s.s_quantity) AS avg_stock FROM chbenchmark.supplier su JOIN chbenchmark.stock s ON MOD(s.s_w_id * s.s_i_id, 10000) = su.su_suppkey JOIN chbenchmark.order_line ol ON ol.ol_supply_w_id = s.s_w_id AND ol.ol_i_id = s.s_i_id WHERE su.su_nationkey = 15 GROUP BY su.su_suppkey, su.su_name ORDER BY revenue DESC LIMIT 200",410,2,1,0,True,True,False,3,3,5,3,2,0,0,0,0,15968.43,15968.93,200.0,91,339636.0,128.287,13,11,3,Limit,3,0,0,0,2,0,0,2,2,78222,0,0,0,730000.0,600000.0,99057664,23552000,3,0.0003333333333333333
train_ch_warehouse_inventory,"SELECT s.s_w_id, COUNT(*) AS sku_count, SUM(s.s_quantity) AS units, SUM(s.s_quantity * i.i_price) AS inventory_value FROM chbenchmark.stock s JOIN chbenchmark.item i ON i.i_id = s.s_i_id WHERE s.s_w_id = 4 AND i.i_data ILIKE '%standard%' GROUP BY s.s_w_id",255,1,2,0,True,False,False,2,2,4,3,1,0,0,0,0,1607.68,3657.6,1.0,52,146641.0,58.189,6,4,2,Aggregate,1,0,0,1,1,0,0,0,1,2173,332,0,0,150000.0,120000.0,16138240,3391488,2,8.333333333333334e-06
train_ch_warehouse_inventory,"SELECT s.s_w_id, COUNT(*) AS sku_count, SUM(s.s_quantity) AS units, SUM(s.s_quantity * i.i_price) AS inventory_value FROM chbenchmark.stock s JOIN chbenchmark.item i ON i.i_id = s.s_i_id WHERE s.s_w_id = 4 AND i.i_data ILIKE '%standard%' GROUP BY s.s_w_id",255,1,2,0,True,False,False,2,2,4,3,1,0,0,0,0,1607.68,3657.6,1.0,52,146641.0,56.073,6,4,2,Aggregate,1,0,0,1,1,0,0,0,1,2505,0,0,0,150000.0,120000.0,16138240,3391488,2,8.333333333333334e-06
train_ch_order_basket,"SELECT o.o_d_id, o.o_id, o.o_entry_d, COUNT(*) AS lines, SUM(ol.ol_quantity) AS units, SUM(ol.ol_amount) AS basket_value FROM chbenchmark.oorder o JOIN chbenchmark.order_line ol ON ol.ol_w_id = o.o_w_id AND ol.ol_d_id = o.o_d_id AND ol.ol_o_id = o.o_id WHERE o.o_w_id = 4 GROUP BY o.o_d_id, o.o_id, o.o_entry_d HAVING SUM(ol.ol_amount) >= 250 ORDER BY basket_value DESC LIMIT 300",379,1,1,0,True,True,False,2,2,6,4,1,0,0,0,0,30374.71,30375.46,300.0,88,385707.0,278.109,11,10,2,Limit,1,0,0,1,1,0,0,2,2,84341,8510,1632,1632,720000.0,600000.0,96862208,24797184,2,0.0005
train_ch_order_basket,"SELECT o.o_d_id, o.o_id, o.o_entry_d, COUNT(*) AS lines, SUM(ol.ol_quantity) AS units, SUM(ol.ol_amount) AS basket_value FROM chbenchmark.oorder o JOIN chbenchmark.order_line ol ON ol.ol_w_id = o.o_w_id AND ol.ol_d_id = o.o_d_id AND ol.ol_o_id = o.o_id WHERE o.o_w_id = 4 GROUP BY o.o_d_id, o.o_id, o.o_entry_d HAVING SUM(ol.ol_amount) >= 250 ORDER BY basket_value DESC LIMIT 300",379,1,1,0,True,True,False,2,2,6,4,1,0,0,0,0,30374.71,30375.46,300.0,88,385707.0,252.072,11,10,2,Limit,1,0,0,1,1,0,0,2,2,92851,0,1632,1632,720000.0,600000.0,96862208,24797184,2,0.0005
train_ch_customer_last_order,"SELECT c.c_id, c.c_first, c.c_last, latest.o_id, latest.o_entry_d, latest.order_value FROM chbenchmark.customer c LEFT JOIN LATERAL ( SELECT o.o_id, o.o_entry_d, SUM(ol.ol_amount) AS order_value FROM chbenchmark.oorder o JOIN chbenchmark.order_line ol ON ol.ol_w_id = o.o_w_id AND ol.ol_d_id = o.o_d_id AND ol.ol_o_id = o.o_id WHERE o.o_w_id = c.c_w_id AND o.o_d_id = c.c_d_id AND o.o_c_id = c.c_id GROUP BY o.o_id, o.o_entry_d ORDER BY o.o_entry_d DESC LIMIT 1 ) latest ON true WHERE c.c_w_id = 4 AND c.c_d_id = 8 ORDER BY latest.o_entry_d DESC NULLS LAST LIMIT 300",566,2,5,1,True,True,False,3,3,9,1,1,1,0,0,0,2936625.35,2936626.1,300.0,67,12034.0,6534.953,12,10,3,Limit,1,1,0,1,0,0,2,2,1,26615601,8963,0,0,840000.0,600000.0,124469248,29499392,3,0.0005
train_ch_customer_last_order,"SELECT c.c_id, c.c_first, c.c_last, latest.o_id, latest.o_entry_d, latest.order_value FROM chbenchmark.customer c LEFT JOIN LATERAL ( SELECT o.o_id, o.o_entry_d, SUM(ol.ol_amount) AS order_value FROM chbenchmark.oorder o JOIN chbenchmark.order_line ol ON ol.ol_w_id = o.o_w_id AND ol.ol_d_id = o.o_d_id AND ol.ol_o_id = o.o_id WHERE o.o_w_id = c.c_w_id AND o.o_d_id = c.c_d_id AND o.o_c_id = c.c_id GROUP BY o.o_id, o.o_entry_d ORDER BY o.o_entry_d DESC LIMIT 1 ) latest ON true WHERE c.c_w_id = 4 AND c.c_d_id = 8 ORDER BY latest.o_entry_d DESC NULLS LAST LIMIT 300",566,2,5,1,True,True,False,3,3,9,1,1,1,0,0,0,2936625.35,2936626.1,300.0,67,12034.0,4977.069,12,10,3,Limit,1,1,0,1,0,0,2,2,1,26624564,0,0,0,840000.0,600000.0,124469248,29499392,3,0.0005
train_ch_item_price_band,"SELECT width_bucket(i_price, 100, 300, 8) AS price_band, COUNT(*) AS items, AVG(i_price) AS avg_price, COUNT(*) FILTER (WHERE i_data ILIKE '%PROMO%') AS promotional FROM chbenchmark.item WHERE i_price BETWEEN 100 AND 300 GROUP BY price_band ORDER BY price_band",260,0,2,0,True,True,False,1,1,4,3,0,0,0,0,0,1610.41,1973.26,12095.0,52,36285.0,28.853,3,3,1,Aggregate,1,0,0,0,0,0,0,1,1,930,0,0,0,30000.0,30000.0,3260416,688128,1,0.4031666666666667
train_ch_item_price_band,"SELECT width_bucket(i_price, 100, 300, 8) AS price_band, COUNT(*) AS items, AVG(i_price) AS avg_price, COUNT(*) FILTER (WHERE i_data ILIKE '%PROMO%') AS promotional FROM chbenchmark.item WHERE i_price BETWEEN 100 AND 300 GROUP BY price_band ORDER BY price_band",260,0,2,0,True,True,False,1,1,4,3,0,0,0,0,0,1610.41,1973.26,12095.0,52,36285.0,26.55,3,3,1,Aggregate,1,0,0,0,0,0,0,1,1,930,0,0,0,30000.0,30000.0,3260416,688128,1,0.4031666666666667
train_ch_customer_balance_rank,"SELECT c_w_id, c_d_id, c_id, c_balance, DENSE_RANK() OVER (PARTITION BY c_w_id ORDER BY c_balance DESC) AS balance_rank, CUME_DIST() OVER (PARTITION BY c_w_id ORDER BY c_balance) AS balance_percentile FROM chbenchmark.customer WHERE c_state = 'NV' ORDER BY c_w_id, balance_rank LIMIT 500",287,0,1,0,False,True,False,1,1,6,2,0,0,0,0,0,6403.88,6462.63,500.0,34,101660.0,64.406,7,7,1,Limit,1,0,0,0,0,0,0,1,0,19544,0,0,0,120000.0,120000.0,27607040,4702208,1,0.004166666666666667
train_ch_customer_balance_rank,"SELECT c_w_id, c_d_id, c_id, c_balance, DENSE_RANK() OVER (PARTITION BY c_w_id ORDER BY c_balance DESC) AS balance_rank, CUME_DIST() OVER (PARTITION BY c_w_id ORDER BY c_balance) AS balance_percentile FROM chbenchmark.customer WHERE c_state = 'NV' ORDER BY c_w_id, balance_rank LIMIT 500",287,0,1,0,False,True,False,1,1,6,2,0,0,0,0,0,6403.88,6462.63,500.0,34,101660.0,64.77,7,7,1,Limit,1,0,0,0,0,0,0,1,0,19544,0,0,0,120000.0,120000.0,27607040,4702208,1,0.004166666666666667
train_ch_remote_supply,"SELECT ol.ol_supply_w_id, COUNT(*) AS remote_lines, SUM(ol.ol_quantity) AS units, SUM(ol.ol_amount) AS revenue FROM chbenchmark.order_line ol WHERE ol.ol_w_id = 2 AND ol.ol_supply_w_id <> ol.ol_w_id GROUP BY ol.ol_supply_w_id ORDER BY revenue DESC",247,0,2,0,True,True,False,1,1,4,3,0,0,0,0,0,13206.77,13206.78,4.0,76,63273.0,61.601,6,6,1,Sort,1,0,0,0,0,0,0,2,2,46994,0,0,0,600000.0,600000.0,84729856,20602880,1,6.666666666666667e-06
train_ch_remote_supply,"SELECT ol.ol_supply_w_id, COUNT(*) AS remote_lines, SUM(ol.ol_quantity) AS units, SUM(ol.ol_amount) AS revenue FROM chbenchmark.order_line ol WHERE ol.ol_w_id = 2 AND ol.ol_supply_w_id <> ol.ol_w_id GROUP BY ol.ol_supply_w_id ORDER BY revenue DESC",247,0,2,0,True,True,False,1,1,4,3,0,0,0,0,0,13206.77,13206.78,4.0,76,63273.0,67.79,6,6,1,Sort,1,0,0,0,0,0,0,2,2,46994,0,0,0,600000.0,600000.0,84729856,20602880,1,6.666666666666667e-06
train_ch_delivery_delay,"SELECT o.o_d_id, o.o_id, o.o_entry_d, MAX(ol.ol_delivery_d) AS completed_at, MAX(ol.ol_delivery_d) - o.o_entry_d AS elapsed FROM chbenchmark.oorder o JOIN chbenchmark.order_line ol ON ol.ol_w_id = o.o_w_id AND ol.ol_d_id = o.o_d_id AND ol.ol_o_id = o.o_id WHERE o.o_w_id = 1 AND ol.ol_delivery_d IS NOT NULL GROUP BY o.o_d_id, o.o_id, o.o_entry_d HAVING MAX(ol.ol_delivery_d) - o.o_entry_d > INTERVAL '72 hours' ORDER BY elapsed DESC LIMIT 250",443,1,2,0,True,True,False,2,2,5,3,1,0,0,0,0,18400.23,18400.85,250.0,40,468460.0,160.968,9,7,2,Limit,0,0,0,2,1,0,0,1,1,46370,2923,0,0,720000.0,600000.0,96862208,24797184,2,0.0004166666666666667
train_ch_delivery_delay,"SELECT o.o_d_id, o.o_id, o.o_entry_d, MAX(ol.ol_delivery_d) AS completed_at, MAX(ol.ol_delivery_d) - o.o_entry_d AS elapsed FROM chbenchmark.oorder o JOIN chbenchmark.order_line ol ON ol.ol_w_id = o.o_w_id AND ol.ol_d_id = o.o_d_id AND ol.ol_o_id = o.o_id WHERE o.o_w_id = 1 AND ol.ol_delivery_d IS NOT NULL GROUP BY o.o_d_id, o.o_id, o.o_entry_d HAVING MAX(ol.ol_delivery_d) - o.o_entry_d > INTERVAL '72 hours' ORDER BY elapsed DESC LIMIT 250",443,1,2,0,True,True,False,2,2,5,3,1,0,0,0,0,18400.23,18400.85,250.0,40,468460.0,160.801,9,7,2,Limit,0,0,0,2,1,0,0,1,1,49293,0,0,0,720000.0,600000.0,96862208,24797184,2,0.0004166666666666667
train_ch_payment_activity,"SELECT h.h_w_id, h.h_d_id, COUNT(*) AS payments, SUM(h.h_amount) AS amount, COUNT(DISTINCT h.h_c_id) AS customers FROM chbenchmark.history h WHERE h.h_date >= DATE '2024-02-23' - INTERVAL '180 days' AND h.h_amount >= 400 GROUP BY h.h_w_id, h.h_d_id ORDER BY amount DESC",269,0,2,0,True,True,False,1,1,5,3,0,0,0,0,0,3270.5,3270.52,8.0,56,34.0,20.276,4,4,1,Sort,1,0,0,0,0,0,0,2,1,5392,488,0,0,120000.0,120000.0,16670720,4595712,1,6.666666666666667e-05
train_ch_payment_activity,"SELECT h.h_w_id, h.h_d_id, COUNT(*) AS payments, SUM(h.h_amount) AS amount, COUNT(DISTINCT h.h_c_id) AS customers FROM chbenchmark.history h WHERE h.h_date >= DATE '2024-02-23' - INTERVAL '180 days' AND h.h_amount >= 400 GROUP BY h.h_w_id, h.h_d_id ORDER BY amount DESC",269,0,2,0,True,True,False,1,1,5,3,0,0,0,0,0,3270.5,3270.52,8.0,56,34.0,19.413,4,4,1,Sort,1,0,0,0,0,0,0,2,1,5880,0,0,0,120000.0,120000.0,16670720,4595712,1,6.666666666666667e-05
train_ch_supplier_sales,"SELECT su.su_suppkey, su.su_name, COUNT(*) AS supplied_lines, SUM(ol.ol_amount) AS revenue, AVG(s.s_quantity) AS avg_stock FROM chbenchmark.supplier su JOIN chbenchmark.stock s ON MOD(s.s_w_id * s.s_i_id, 10000) = su.su_suppkey JOIN chbenchmark.order_line ol ON ol.ol_supply_w_id = s.s_w_id AND ol.ol_i_id = s.s_i_id WHERE su.su_nationkey = 18 GROUP BY su.su_suppkey, su.su_name ORDER BY revenue DESC LIMIT 200",410,2,1,0,True,True,False,3,3,5,3,2,0,0,0,0,15968.43,15968.93,200.0,91,339636.0,120.533,13,11,3,Limit,3,0,0,0,2,0,0,2,2,79795,0,0,0,730000.0,600000.0,99057664,23552000,3,0.0003333333333333333
train_ch_supplier_sales,"SELECT su.su_suppkey, su.su_name, COUNT(*) AS supplied_lines, SUM(ol.ol_amount) AS revenue, AVG(s.s_quantity) AS avg_stock FROM chbenchmark.supplier su JOIN chbenchmark.stock s ON MOD(s.s_w_id * s.s_i_id, 10000) = su.su_suppkey JOIN chbenchmark.order_line ol ON ol.ol_supply_w_id = s.s_w_id AND ol.ol_i_id = s.s_i_id WHERE su.su_nationkey = 18 GROUP BY su.su_suppkey, su.su_name ORDER BY revenue DESC LIMIT 200",410,2,1,0,True,True,False,3,3,5,3,2,0,0,0,0,15968.43,15968.93,200.0,91,339636.0,132.73,13,11,3,Limit,3,0,0,0,2,0,0,2,2,79795,0,0,0,730000.0,600000.0,99057664,23552000,3,0.0003333333333333333
train_ch_repeat_customers,"SELECT c.c_state, COUNT(*) AS repeat_customers, AVG(customer_orders.order_count) AS avg_orders FROM chbenchmark.customer c JOIN ( SELECT o_w_id, o_d_id, o_c_id, COUNT(*) AS order_count FROM chbenchmark.oorder GROUP BY o_w_id, o_d_id, o_c_id HAVING COUNT(*) >= 4 ) customer_orders ON customer_orders.o_w_id = c.c_w_id AND customer_orders.o_d_id = c.c_d_id AND customer_orders.o_c_id = c.c_id GROUP BY c.c_state ORDER BY repeat_customers DESC",440,1,0,1,True,True,False,2,2,7,4,1,0,0,0,0,8562.17,8562.18,4.0,43,252016.0,118.555,9,8,2,Sort,2,0,0,0,1,0,0,2,2,7730,0,1169,2289,240000.0,120000.0,39739392,8896512,2,3.3333333333333335e-05
train_ch_repeat_customers,"SELECT c.c_state, COUNT(*) AS repeat_customers, AVG(customer_orders.order_count) AS avg_orders FROM chbenchmark.customer c JOIN ( SELECT o_w_id, o_d_id, o_c_id, COUNT(*) AS order_count FROM chbenchmark.oorder GROUP BY o_w_id, o_d_id, o_c_id HAVING COUNT(*) >= 4 ) customer_orders ON customer_orders.o_w_id = c.c_w_id AND customer_orders.o_d_id = c.c_d_id AND customer_orders.o_c_id = c.c_id GROUP BY c.c_state ORDER BY repeat_customers DESC",440,1,0,1,True,True,False,2,2,7,4,1,0,0,0,0,8562.17,8562.18,4.0,43,252016.0,117.602,9,8,2,Sort,2,0,0,0,1,0,0,2,2,7730,0,1169,2289,240000.0,120000.0,39739392,8896512,2,3.3333333333333335e-05
train_ch_line_summary,"SELECT ol_number, SUM(ol_quantity) AS units, SUM(ol_amount) AS revenue, AVG(ol_amount) AS avg_amount, COUNT(*) AS line_count FROM chbenchmark.order_line WHERE ol_delivery_d >= DATE '2025-10-02' - INTERVAL '120 days' AND ol_delivery_d < DATE '2025-10-02' + INTERVAL '30 days' GROUP BY ol_number ORDER BY revenue DESC",315,0,2,0,True,True,False,1,1,5,4,0,0,0,0,0,12801.1,12801.11,5.0,108,22678.0,122.873,6,6,1,Sort,1,0,0,0,0,0,0,2,2,46994,0,0,0,600000.0,600000.0,84729856,20602880,1,8.333333333333334e-06
train_ch_line_summary,"SELECT ol_number, SUM(ol_quantity) AS units, SUM(ol_amount) AS revenue, AVG(ol_amount) AS avg_amount, COUNT(*) AS line_count FROM chbenchmark.order_line WHERE ol_delivery_d >= DATE '2025-10-02' - INTERVAL '120 days' AND ol_delivery_d < DATE '2025-10-02' + INTERVAL '30 days' GROUP BY ol_number ORDER BY revenue DESC",315,0,2,0,True,True,False,1,1,5,4,0,0,0,0,0,12801.1,12801.11,5.0,108,22678.0,78.718,6,6,1,Sort,1,0,0,0,0,0,0,2,2,46994,0,0,0,600000.0,600000.0,84729856,20602880,1,8.333333333333334e-06
train_ch_backlog,"SELECT no.no_d_id, COUNT(*) AS pending_orders, MIN(o.o_entry_d) AS oldest_order, SUM(ol.ol_amount) AS pending_value FROM chbenchmark.new_order no JOIN chbenchmark.oorder o ON o.o_w_id = no.no_w_id AND o.o_d_id = no.no_d_id AND o.o_id = no.no_o_id JOIN chbenchmark.order_line ol ON ol.ol_w_id = o.o_w_id AND ol.ol_d_id = o.o_d_id AND ol.ol_o_id = o.o_id WHERE no.no_w_id = 1 GROUP BY no.no_d_id ORDER BY oldest_order",415,2,1,0,True,True,False,3,3,4,3,2,0,0,0,0,15589.75,15589.78,10.0,52,208207.0,133.865,13,9,3,Sort,1,0,1,1,2,0,0,2,2,90189,441,0,0,756000.0,600000.0,100024320,26329088,3,1.6666666666666667e-05
train_ch_backlog,"SELECT no.no_d_id, COUNT(*) AS pending_orders, MIN(o.o_entry_d) AS oldest_order, SUM(ol.ol_amount) AS pending_value FROM chbenchmark.new_order no JOIN chbenchmark.oorder o ON o.o_w_id = no.no_w_id AND o.o_d_id = no.no_d_id AND o.o_id = no.no_o_id JOIN chbenchmark.order_line ol ON ol.ol_w_id = o.o_w_id AND ol.ol_d_id = o.o_d_id AND ol.ol_o_id = o.o_id WHERE no.no_w_id = 1 GROUP BY no.no_d_id ORDER BY oldest_order",415,2,1,0,True,True,False,3,3,4,3,2,0,0,0,0,15589.75,15589.78,10.0,52,208207.0,117.931,13,9,3,Sort,1,0,1,1,2,0,0,2,2,90630,0,0,0,756000.0,600000.0,100024320,26329088,3,1.6666666666666667e-05
train_ch_customer_order_totals,"SELECT c.c_id, c.c_first, c.c_last, COUNT(DISTINCT o.o_id) AS orders, SUM(ol.ol_amount) AS lifetime_value FROM chbenchmark.customer c JOIN chbenchmark.oorder o ON o.o_w_id = c.c_w_id AND o.o_d_id = c.c_d_id AND o.o_c_id = c.c_id JOIN chbenchmark.order_line ol ON ol.ol_w_id = o.o_w_id AND ol.ol_d_id = o.o_d_id AND ol.ol_o_id = o.o_id WHERE c.c_w_id = 3 GROUP BY c.c_id, c.c_first, c.c_last HAVING SUM(ol.ol_amount) > 1000 ORDER BY lifetime_value DESC LIMIT 200",461,2,1,0,True,True,False,3,3,5,3,2,0,0,0,0,40817.66,40818.16,200.0,63,347848.0,541.548,14,10,3,Limit,1,1,0,1,0,1,1,3,1,752803,5342,0,0,840000.0,600000.0,124469248,29499392,3,0.0003333333333333333
train_ch_customer_order_totals,"SELECT c.c_id, c.c_first, c.c_last, COUNT(DISTINCT o.o_id) AS orders, SUM(ol.ol_amount) AS lifetime_value FROM chbenchmark.customer c JOIN chbenchmark.oorder o ON o.o_w_id = c.c_w_id AND o.o_d_id = c.c_d_id AND o.o_c_id = c.c_id JOIN chbenchmark.order_line ol ON ol.ol_w_id = o.o_w_id AND ol.ol_d_id = o.o_d_id AND ol.ol_o_id = o.o_id WHERE c.c_w_id = 3 GROUP BY c.c_id, c.c_first, c.c_last HAVING SUM(ol.ol_amount) > 1000 ORDER BY lifetime_value DESC LIMIT 200",461,2,1,0,True,True,False,3,3,5,3,2,0,0,0,0,40817.66,40818.16,200.0,63,347848.0,443.226,14,10,3,Limit,1,1,0,1,0,1,1,3,1,757645,500,0,0,840000.0,600000.0,124469248,29499392,3,0.0003333333333333333
train_ch_regional_low_stock,"SELECT r.r_name, n.n_name, su.su_name, i.i_id, i.i_name, MIN(s.s_quantity) AS minimum_quantity FROM chbenchmark.stock s JOIN chbenchmark.item i ON i.i_id = s.s_i_id JOIN chbenchmark.supplier su ON su.su_suppkey = MOD(s.s_w_id * s.s_i_id, 10000) JOIN chbenchmark.nation n ON n.n_nationkey = su.su_nationkey JOIN chbenchmark.region r ON r.r_regionkey = n.n_regionkey WHERE r.r_name = 'MIDDLE EAST' AND s.s_quantity < 80 GROUP BY r.r_name, n.n_name, su.su_name, i.i_id, i.i_name ORDER BY minimum_quantity, i.i_id LIMIT 250",519,4,2,0,True,True,False,5,5,6,1,4,0,0,0,0,4901.49,4902.11,250.0,52,130847.0,50.19,16,12,5,Limit,5,0,0,0,4,0,0,1,1,11526,0,0,0,160030.0,120000.0,17670144,3702784,7,0.0020833333333333333
train_ch_regional_low_stock,"SELECT r.r_name, n.n_name, su.su_name, i.i_id, i.i_name, MIN(s.s_quantity) AS minimum_quantity FROM chbenchmark.stock s JOIN chbenchmark.item i ON i.i_id = s.s_i_id JOIN chbenchmark.supplier su ON su.su_suppkey = MOD(s.s_w_id * s.s_i_id, 10000) JOIN chbenchmark.nation n ON n.n_nationkey = su.su_nationkey JOIN chbenchmark.region r ON r.r_regionkey = n.n_regionkey WHERE r.r_name = 'MIDDLE EAST' AND s.s_quantity < 80 GROUP BY r.r_name, n.n_name, su.su_name, i.i_id, i.i_name ORDER BY minimum_quantity, i.i_id LIMIT 250",519,4,2,0,True,True,False,5,5,6,1,4,0,0,0,0,4901.49,4902.11,250.0,52,130847.0,48.985,16,12,5,Limit,5,0,0,0,4,0,0,1,1,11526,0,0,0,160030.0,120000.0,17670144,3702784,7,0.0020833333333333333
train_ch_product_sales_by_state,"SELECT i.i_id, i.i_name, COUNT(DISTINCT o.o_id) AS orders, SUM(ol.ol_quantity) AS units, SUM(ol.ol_amount) AS revenue FROM chbenchmark.customer c JOIN chbenchmark.oorder o ON o.o_w_id = c.c_w_id AND o.o_d_id = c.c_d_id AND o.o_c_id = c.c_id JOIN chbenchmark.order_line ol ON ol.ol_w_id = o.o_w_id AND ol.ol_d_id = o.o_d_id AND ol.ol_o_id = o.o_id JOIN chbenchmark.item i ON i.i_id = ol.ol_i_id WHERE c.c_state = 'OH' GROUP BY i.i_id, i.i_name ORDER BY revenue DESC LIMIT 150",474,3,1,0,True,True,False,4,4,5,3,3,0,0,0,0,32800.04,32800.42,150.0,88,553288.0,446.101,14,9,4,Limit,3,1,0,0,2,0,1,2,1,572890,11944,1764,1768,870000.0,600000.0,127729664,30187520,4,0.00025
train_ch_product_sales_by_state,"SELECT i.i_id, i.i_name, COUNT(DISTINCT o.o_id) AS orders, SUM(ol.ol_quantity) AS units, SUM(ol.ol_amount) AS revenue FROM chbenchmark.customer c JOIN chbenchmark.oorder o ON o.o_w_id = c.c_w_id AND o.o_d_id = c.c_d_id AND o.o_c_id = c.c_id JOIN chbenchmark.order_line ol ON ol.ol_w_id = o.o_w_id AND ol.ol_d_id = o.o_d_id AND ol.ol_o_id = o.o_id JOIN chbenchmark.item i ON i.i_id = ol.ol_i_id WHERE c.c_state = 'OH' GROUP BY i.i_id, i.i_name ORDER BY revenue DESC LIMIT 150",474,3,1,0,True,True,False,4,4,5,3,3,0,0,0,0,32800.04,32800.42,150.0,88,553288.0,430.875,14,9,4,Limit,3,1,0,0,2,0,1,2,1,584834,0,1764,1768,870000.0,600000.0,127729664,30187520,4,0.00025
train_ch_credit_risk,"SELECT c.c_w_id, c.c_d_id, c.c_id, c.c_balance, COUNT(no.no_o_id) AS pending_orders FROM chbenchmark.customer c LEFT JOIN chbenchmark.oorder o ON o.o_w_id = c.c_w_id AND o.o_d_id = c.c_d_id AND o.o_c_id = c.c_id LEFT JOIN chbenchmark.new_order no ON no.no_w_id = o.o_w_id AND no.no_d_id = o.o_d_id AND no.no_o_id = o.o_id WHERE c.c_credit = 'BC' AND c.c_state = 'OH' AND c.c_balance > 1000 GROUP BY c.c_w_id, c.c_d_id, c.c_id, c.c_balance ORDER BY pending_orders DESC, c.c_balance DESC LIMIT 250",495,2,3,0,True,True,False,3,3,5,1,0,2,0,0,0,8494.53,8495.15,250.0,26,127795.0,64.82,10,8,3,Limit,2,0,1,0,1,0,1,2,1,41727,810,0,0,276000.0,120000.0,42901504,10428416,3,0.0020833333333333333
train_ch_credit_risk,"SELECT c.c_w_id, c.c_d_id, c.c_id, c.c_balance, COUNT(no.no_o_id) AS pending_orders FROM chbenchmark.customer c LEFT JOIN chbenchmark.oorder o ON o.o_w_id = c.c_w_id AND o.o_d_id = c.c_d_id AND o.o_c_id = c.c_id LEFT JOIN chbenchmark.new_order no ON no.no_w_id = o.o_w_id AND no.no_d_id = o.o_d_id AND no.no_o_id = o.o_id WHERE c.c_credit = 'BC' AND c.c_state = 'OH' AND c.c_balance > 1000 GROUP BY c.c_w_id, c.c_d_id, c.c_id, c.c_balance ORDER BY pending_orders DESC, c.c_balance DESC LIMIT 250",495,2,3,0,True,True,False,3,3,5,1,0,2,0,0,0,8494.53,8495.15,250.0,26,127795.0,67.8,10,8,3,Limit,2,0,1,0,1,0,1,2,1,42537,0,0,0,276000.0,120000.0,42901504,10428416,3,0.0020833333333333333
train_ch_district_daily_sales,"WITH daily AS ( SELECT o.o_entry_d::date AS day, o.o_d_id, SUM(ol.ol_amount) AS revenue FROM chbenchmark.oorder o JOIN chbenchmark.order_line ol ON ol.ol_w_id = o.o_w_id AND ol.ol_d_id = o.o_d_id AND ol.ol_o_id = o.o_id WHERE o.o_w_id = 1 GROUP BY o.o_entry_d::date, o.o_d_id ) SELECT day, o_d_id, revenue, AVG(revenue) OVER (PARTITION BY o_d_id ORDER BY day ROWS BETWEEN 13 PRECEDING AND CURRENT ROW) AS rolling_revenue FROM daily ORDER BY o_d_id, day",452,1,1,1,True,True,False,2,2,7,2,1,0,0,0,0,20867.82,21471.64,30192.0,72,628632.0,199.04,9,7,2,WindowAgg,0,0,0,2,1,0,0,1,1,49293,0,0,0,720000.0,600000.0,96862208,24797184,2,0.05032
train_ch_district_daily_sales,"WITH daily AS ( SELECT o.o_entry_d::date AS day, o.o_d_id, SUM(ol.ol_amount) AS revenue FROM chbenchmark.oorder o JOIN chbenchmark.order_line ol ON ol.ol_w_id = o.o_w_id AND ol.ol_d_id = o.o_d_id AND ol.ol_o_id = o.o_id WHERE o.o_w_id = 1 GROUP BY o.o_entry_d::date, o.o_d_id ) SELECT day, o_d_id, revenue, AVG(revenue) OVER (PARTITION BY o_d_id ORDER BY day ROWS BETWEEN 13 PRECEDING AND CURRENT ROW) AS rolling_revenue FROM daily ORDER BY o_d_id, day",452,1,1,1,True,True,False,2,2,7,2,1,0,0,0,0,20867.82,21471.64,30192.0,72,628632.0,199.745,9,7,2,WindowAgg,0,0,0,2,1,0,0,1,1,49293,0,0,0,720000.0,600000.0,96862208,24797184,2,0.05032
train_ch_district_revenue,"SELECT o.o_d_id, COUNT(DISTINCT o.o_id) AS orders, SUM(ol.ol_quantity) AS units, SUM(ol.ol_amount) AS revenue FROM chbenchmark.oorder o JOIN chbenchmark.order_line ol ON ol.ol_w_id = o.o_w_id AND ol.ol_d_id = o.o_d_id AND ol.ol_o_id = o.o_id WHERE o.o_w_id = 4 AND o.o_entry_d >= DATE '2024-04-07' - INTERVAL '90 days' AND o.o_entry_d < DATE '2024-04-07' + INTERVAL '1 day' GROUP BY o.o_d_id ORDER BY revenue DESC",413,1,3,0,True,True,False,2,2,4,3,1,0,0,0,0,16445.39,16445.41,10.0,76,119781.0,84.933,9,8,2,Sort,1,0,0,1,1,0,0,2,1,70851,0,0,0,720000.0,600000.0,96862208,24797184,2,1.6666666666666667e-05
train_ch_district_revenue,"SELECT o.o_d_id, COUNT(DISTINCT o.o_id) AS orders, SUM(ol.ol_quantity) AS units, SUM(ol.ol_amount) AS revenue FROM chbenchmark.oorder o JOIN chbenchmark.order_line ol ON ol.ol_w_id = o.o_w_id AND ol.ol_d_id = o.o_d_id AND ol.ol_o_id = o.o_id WHERE o.o_w_id = 4 AND o.o_entry_d >= DATE '2024-04-07' - INTERVAL '90 days' AND o.o_entry_d < DATE '2024-04-07' + INTERVAL '1 day' GROUP BY o.o_d_id ORDER BY revenue DESC",413,1,3,0,True,True,False,2,2,4,3,1,0,0,0,0,16445.39,16445.41,10.0,76,119781.0,84.694,9,8,2,Sort,1,0,0,1,1,0,0,2,1,70851,0,0,0,720000.0,600000.0,96862208,24797184,2,1.6666666666666667e-05
train_ch_unsold_items,"SELECT i.i_id, i.i_name, i.i_price, s.s_quantity FROM chbenchmark.item i JOIN chbenchmark.stock s ON s.s_i_id = i.i_id AND s.s_w_id = 3 WHERE NOT EXISTS ( SELECT 1 FROM chbenchmark.order_line ol JOIN chbenchmark.oorder o ON o.o_w_id = ol.ol_w_id AND o.o_d_id = ol.ol_d_id AND o.o_id = ol.ol_o_id WHERE ol.ol_i_id = i.i_id AND ol.ol_w_id = 3 AND o.o_entry_d >= DATE '2024-09-30' - INTERVAL '90 days' ) ORDER BY s.s_quantity DESC LIMIT 300",437,2,4,1,False,True,False,4,4,5,0,2,0,0,0,0,18221.33,18239.53,156.0,26,295740.0,132.042,15,8,4,Limit,2,0,0,2,3,0,0,1,0,79255,1760,0,0,870000.0,600000.0,113000448,28188672,4,0.00026
train_ch_unsold_items,"SELECT i.i_id, i.i_name, i.i_price, s.s_quantity FROM chbenchmark.item i JOIN chbenchmark.stock s ON s.s_i_id = i.i_id AND s.s_w_id = 3 WHERE NOT EXISTS ( SELECT 1 FROM chbenchmark.order_line ol JOIN chbenchmark.oorder o ON o.o_w_id = ol.ol_w_id AND o.o_d_id = ol.ol_d_id AND o.o_id = ol.ol_o_id WHERE ol.ol_i_id = i.i_id AND ol.ol_w_id = 3 AND o.o_entry_d >= DATE '2024-09-30' - INTERVAL '90 days' ) ORDER BY s.s_quantity DESC LIMIT 300",437,2,4,1,False,True,False,4,4,5,0,2,0,0,0,0,18221.33,18239.53,156.0,26,295740.0,136.073,15,8,4,Limit,2,0,0,2,3,0,0,1,0,80823,192,0,0,870000.0,600000.0,113000448,28188672,4,0.00026
train_ch_promotional_items,"SELECT i.i_id, i.i_name, SUM(ol.ol_quantity) AS units, SUM(ol.ol_amount) AS revenue FROM chbenchmark.item i JOIN chbenchmark.order_line ol ON ol.ol_i_id = i.i_id JOIN chbenchmark.oorder o ON o.o_w_id = ol.ol_w_id AND o.o_d_id = ol.ol_d_id AND o.o_id = ol.ol_o_id WHERE i.i_data ILIKE '%PROMO%' AND o.o_entry_d >= DATE '2023-04-21' - INTERVAL '365 days' GROUP BY i.i_id, i.i_name ORDER BY revenue DESC LIMIT 100",410,2,2,0,True,True,False,3,3,4,2,2,0,0,0,0,13919.45,13919.7,100.0,80,257451.0,127.542,12,10,3,Limit,2,1,0,0,1,0,1,2,2,268809,1016,0,0,750000.0,600000.0,100122624,25485312,3,0.00016666666666666666
train_ch_promotional_items,"SELECT i.i_id, i.i_name, SUM(ol.ol_quantity) AS units, SUM(ol.ol_amount) AS revenue FROM chbenchmark.item i JOIN chbenchmark.order_line ol ON ol.ol_i_id = i.i_id JOIN chbenchmark.oorder o ON o.o_w_id = ol.ol_w_id AND o.o_d_id = ol.ol_d_id AND o.o_id = ol.ol_o_id WHERE i.i_data ILIKE '%PROMO%' AND o.o_entry_d >= DATE '2023-04-21' - INTERVAL '365 days' GROUP BY i.i_id, i.i_name ORDER BY revenue DESC LIMIT 100",410,2,2,0,True,True,False,3,3,4,2,2,0,0,0,0,13919.45,13919.7,100.0,80,257451.0,143.675,12,10,3,Limit,2,1,0,0,1,0,1,2,2,269825,0,0,0,750000.0,600000.0,100122624,25485312,3,0.00016666666666666666
train_ch_item_price_band,"SELECT width_bucket(i_price, 200, 400, 8) AS price_band, COUNT(*) AS items, AVG(i_price) AS avg_price, COUNT(*) FILTER (WHERE i_data ILIKE '%PROMO%') AS promotional FROM chbenchmark.item WHERE i_price BETWEEN 200 AND 400 GROUP BY price_band ORDER BY price_band",260,0,2,0,True,True,False,1,1,4,3,0,0,0,0,0,1610.17,1972.93,12092.0,52,36276.0,26.889,3,3,1,Aggregate,1,0,0,0,0,0,0,1,1,930,0,0,0,30000.0,30000.0,3260416,688128,1,0.4030666666666667
train_ch_item_price_band,"SELECT width_bucket(i_price, 200, 400, 8) AS price_band, COUNT(*) AS items, AVG(i_price) AS avg_price, COUNT(*) FILTER (WHERE i_data ILIKE '%PROMO%') AS promotional FROM chbenchmark.item WHERE i_price BETWEEN 200 AND 400 GROUP BY price_band ORDER BY price_band",260,0,2,0,True,True,False,1,1,4,3,0,0,0,0,0,1610.17,1972.93,12092.0,52,36276.0,26.009,3,3,1,Aggregate,1,0,0,0,0,0,0,1,1,930,0,0,0,30000.0,30000.0,3260416,688128,1,0.4030666666666667
train_ch_payment_activity,"SELECT h.h_w_id, h.h_d_id, COUNT(*) AS payments, SUM(h.h_amount) AS amount, COUNT(DISTINCT h.h_c_id) AS customers FROM chbenchmark.history h WHERE h.h_date >= DATE '2023-09-06' - INTERVAL '180 days' AND h.h_amount >= 250 GROUP BY h.h_w_id, h.h_d_id ORDER BY amount DESC",269,0,2,0,True,True,False,1,1,5,3,0,0,0,0,0,4933.09,4933.19,40.0,56,38642.0,48.183,4,4,1,Sort,1,0,0,0,0,0,0,2,1,0,5880,0,0,120000.0,120000.0,16670720,4595712,1,0.0003333333333333333
train_ch_payment_activity,"SELECT h.h_w_id, h.h_d_id, COUNT(*) AS payments, SUM(h.h_amount) AS amount, COUNT(DISTINCT h.h_c_id) AS customers FROM chbenchmark.history h WHERE h.h_date >= DATE '2023-09-06' - INTERVAL '180 days' AND h.h_amount >= 250 GROUP BY h.h_w_id, h.h_d_id ORDER BY amount DESC",269,0,2,0,True,True,False,1,1,5,3,0,0,0,0,0,4933.09,4933.19,40.0,56,38642.0,55.325,4,4,1,Sort,1,0,0,0,0,0,0,2,1,4612,1268,0,0,120000.0,120000.0,16670720,4595712,1,0.0003333333333333333
train_ch_unsold_items,"SELECT i.i_id, i.i_name, i.i_price, s.s_quantity FROM chbenchmark.item i JOIN chbenchmark.stock s ON s.s_i_id = i.i_id AND s.s_w_id = 3 WHERE NOT EXISTS ( SELECT 1 FROM chbenchmark.order_line ol JOIN chbenchmark.oorder o ON o.o_w_id = ol.ol_w_id AND o.o_d_id = ol.ol_d_id AND o.o_id = ol.ol_o_id WHERE ol.ol_i_id = i.i_id AND ol.ol_w_id = 3 AND o.o_entry_d >= DATE '2025-02-16' - INTERVAL '90 days' ) ORDER BY s.s_quantity DESC LIMIT 300",437,2,4,1,False,True,False,4,4,5,0,2,0,0,0,0,18090.13,18108.33,156.0,26,280549.0,153.024,15,8,4,Limit,2,0,0,2,3,0,0,1,0,78590,2425,0,0,870000.0,600000.0,113000448,28188672,4,0.00026
train_ch_unsold_items,"SELECT i.i_id, i.i_name, i.i_price, s.s_quantity FROM chbenchmark.item i JOIN chbenchmark.stock s ON s.s_i_id = i.i_id AND s.s_w_id = 3 WHERE NOT EXISTS ( SELECT 1 FROM chbenchmark.order_line ol JOIN chbenchmark.oorder o ON o.o_w_id = ol.ol_w_id AND o.o_d_id = ol.ol_d_id AND o.o_id = ol.ol_o_id WHERE ol.ol_i_id = i.i_id AND ol.ol_w_id = 3 AND o.o_entry_d >= DATE '2025-02-16' - INTERVAL '90 days' ) ORDER BY s.s_quantity DESC LIMIT 300",437,2,4,1,False,True,False,4,4,5,0,2,0,0,0,0,18090.13,18108.33,156.0,26,280549.0,145.544,15,8,4,Limit,2,0,0,2,3,0,0,1,0,81015,0,0,0,870000.0,600000.0,113000448,28188672,4,0.00026
train_ch_district_daily_sales,"WITH daily AS ( SELECT o.o_entry_d::date AS day, o.o_d_id, SUM(ol.ol_amount) AS revenue FROM chbenchmark.oorder o JOIN chbenchmark.order_line ol ON ol.ol_w_id = o.o_w_id AND ol.ol_d_id = o.o_d_id AND ol.ol_o_id = o.o_id WHERE o.o_w_id = 2 GROUP BY o.o_entry_d::date, o.o_d_id ) SELECT day, o_d_id, revenue, AVG(revenue) OVER (PARTITION BY o_d_id ORDER BY day ROWS BETWEEN 13 PRECEDING AND CURRENT ROW) AS rolling_revenue FROM daily ORDER BY o_d_id, day",452,1,1,1,True,True,False,2,2,7,2,1,0,0,0,0,21004.13,21602.43,29916.0,72,637176.0,225.977,9,7,2,WindowAgg,0,0,0,2,1,0,0,1,1,47122,2178,0,0,720000.0,600000.0,96862208,24797184,2,0.04986
train_ch_district_daily_sales,"WITH daily AS ( SELECT o.o_entry_d::date AS day, o.o_d_id, SUM(ol.ol_amount) AS revenue FROM chbenchmark.oorder o JOIN chbenchmark.order_line ol ON ol.ol_w_id = o.o_w_id AND ol.ol_d_id = o.o_d_id AND ol.ol_o_id = o.o_id WHERE o.o_w_id = 2 GROUP BY o.o_entry_d::date, o.o_d_id ) SELECT day, o_d_id, revenue, AVG(revenue) OVER (PARTITION BY o_d_id ORDER BY day ROWS BETWEEN 13 PRECEDING AND CURRENT ROW) AS rolling_revenue FROM daily ORDER BY o_d_id, day",452,1,1,1,True,True,False,2,2,7,2,1,0,0,0,0,21004.13,21602.43,29916.0,72,637176.0,205.553,9,7,2,WindowAgg,0,0,0,2,1,0,0,1,1,49300,0,0,0,720000.0,600000.0,96862208,24797184,2,0.04986
train_ch_order_basket,"SELECT o.o_d_id, o.o_id, o.o_entry_d, COUNT(*) AS lines, SUM(ol.ol_quantity) AS units, SUM(ol.ol_amount) AS basket_value FROM chbenchmark.oorder o JOIN chbenchmark.order_line ol ON ol.ol_w_id = o.o_w_id AND ol.ol_d_id = o.o_d_id AND ol.ol_o_id = o.o_id WHERE o.o_w_id = 3 GROUP BY o.o_d_id, o.o_id, o.o_entry_d HAVING SUM(ol.ol_amount) >= 250 ORDER BY basket_value DESC LIMIT 300",379,1,1,0,True,True,False,2,2,6,4,1,0,0,0,0,30403.37,30404.12,300.0,88,387025.0,260.515,11,10,2,Limit,1,0,0,1,1,0,0,2,2,92839,12,1674,1680,720000.0,600000.0,96862208,24797184,2,0.0005
train_ch_order_basket,"SELECT o.o_d_id, o.o_id, o.o_entry_d, COUNT(*) AS lines, SUM(ol.ol_quantity) AS units, SUM(ol.ol_amount) AS basket_value FROM chbenchmark.oorder o JOIN chbenchmark.order_line ol ON ol.ol_w_id = o.o_w_id AND ol.ol_d_id = o.o_d_id AND ol.ol_o_id = o.o_id WHERE o.o_w_id = 3 GROUP BY o.o_d_id, o.o_id, o.o_entry_d HAVING SUM(ol.ol_amount) >= 250 ORDER BY basket_value DESC LIMIT 300",379,1,1,0,True,True,False,2,2,6,4,1,0,0,0,0,30403.37,30404.12,300.0,88,387025.0,263.142,11,10,2,Limit,1,0,0,1,1,0,0,2,2,92851,0,1632,1632,720000.0,600000.0,96862208,24797184,2,0.0005
train_ch_backlog,"SELECT no.no_d_id, COUNT(*) AS pending_orders, MIN(o.o_entry_d) AS oldest_order, SUM(ol.ol_amount) AS pending_value FROM chbenchmark.new_order no JOIN chbenchmark.oorder o ON o.o_w_id = no.no_w_id AND o.o_d_id = no.no_d_id AND o.o_id = no.no_o_id JOIN chbenchmark.order_line ol ON ol.ol_w_id = o.o_w_id AND ol.ol_d_id = o.o_d_id AND ol.ol_o_id = o.o_id WHERE no.no_w_id = 3 GROUP BY no.no_d_id ORDER BY oldest_order",415,2,1,0,True,True,False,3,3,4,3,2,0,0,0,0,15576.46,15576.49,10.0,52,207686.0,108.432,13,9,3,Sort,1,0,1,1,2,0,0,2,2,90423,234,0,0,756000.0,600000.0,100024320,26329088,3,1.6666666666666667e-05
train_ch_backlog,"SELECT no.no_d_id, COUNT(*) AS pending_orders, MIN(o.o_entry_d) AS oldest_order, SUM(ol.ol_amount) AS pending_value FROM chbenchmark.new_order no JOIN chbenchmark.oorder o ON o.o_w_id = no.no_w_id AND o.o_d_id = no.no_d_id AND o.o_id = no.no_o_id JOIN chbenchmark.order_line ol ON ol.ol_w_id = o.o_w_id AND ol.ol_d_id = o.o_d_id AND ol.ol_o_id = o.o_id WHERE no.no_w_id = 3 GROUP BY no.no_d_id ORDER BY oldest_order",415,2,1,0,True,True,False,3,3,4,3,2,0,0,0,0,15576.46,15576.49,10.0,52,207686.0,110.428,13,9,3,Sort,1,0,1,1,2,0,0,2,2,90657,0,0,0,756000.0,600000.0,100024320,26329088,3,1.6666666666666667e-05
train_ch_delivery_delay,"SELECT o.o_d_id, o.o_id, o.o_entry_d, MAX(ol.ol_delivery_d) AS completed_at, MAX(ol.ol_delivery_d) - o.o_entry_d AS elapsed FROM chbenchmark.oorder o JOIN chbenchmark.order_line ol ON ol.ol_w_id = o.o_w_id AND ol.ol_d_id = o.o_d_id AND ol.ol_o_id = o.o_id WHERE o.o_w_id = 3 AND ol.ol_delivery_d IS NOT NULL GROUP BY o.o_d_id, o.o_id, o.o_entry_d HAVING MAX(ol.ol_delivery_d) - o.o_entry_d > INTERVAL '48 hours' ORDER BY elapsed DESC LIMIT 250",443,1,2,0,True,True,False,2,2,5,3,1,0,0,0,0,18414.51,18415.14,250.0,40,469412.0,154.239,9,7,2,Limit,0,0,0,2,1,0,0,1,1,48094,1752,0,0,720000.0,600000.0,96862208,24797184,2,0.0004166666666666667
train_ch_delivery_delay,"SELECT o.o_d_id, o.o_id, o.o_entry_d, MAX(ol.ol_delivery_d) AS completed_at, MAX(ol.ol_delivery_d) - o.o_entry_d AS elapsed FROM chbenchmark.oorder o JOIN chbenchmark.order_line ol ON ol.ol_w_id = o.o_w_id AND ol.ol_d_id = o.o_d_id AND ol.ol_o_id = o.o_id WHERE o.o_w_id = 3 AND ol.ol_delivery_d IS NOT NULL GROUP BY o.o_d_id, o.o_id, o.o_entry_d HAVING MAX(ol.ol_delivery_d) - o.o_entry_d > INTERVAL '48 hours' ORDER BY elapsed DESC LIMIT 250",443,1,2,0,True,True,False,2,2,5,3,1,0,0,0,0,18414.51,18415.14,250.0,40,469412.0,165.035,9,7,2,Limit,0,0,0,2,1,0,0,1,1,49846,0,0,0,720000.0,600000.0,96862208,24797184,2,0.0004166666666666667
train_ch_customer_balance_rank,"SELECT c_w_id, c_d_id, c_id, c_balance, DENSE_RANK() OVER (PARTITION BY c_w_id ORDER BY c_balance DESC) AS balance_rank, CUME_DIST() OVER (PARTITION BY c_w_id ORDER BY c_balance) AS balance_percentile FROM chbenchmark.customer WHERE c_state = 'FL' ORDER BY c_w_id, balance_rank LIMIT 500",287,0,1,0,False,True,False,1,1,6,2,0,0,0,0,0,6428.85,6487.62,500.0,34,102764.0,63.324,7,7,1,Limit,1,0,0,0,0,0,0,1,0,19537,7,0,0,120000.0,120000.0,27607040,4702208,1,0.004166666666666667
train_ch_customer_balance_rank,"SELECT c_w_id, c_d_id, c_id, c_balance, DENSE_RANK() OVER (PARTITION BY c_w_id ORDER BY c_balance DESC) AS balance_rank, CUME_DIST() OVER (PARTITION BY c_w_id ORDER BY c_balance) AS balance_percentile FROM chbenchmark.customer WHERE c_state = 'FL' ORDER BY c_w_id, balance_rank LIMIT 500",287,0,1,0,False,True,False,1,1,6,2,0,0,0,0,0,6428.85,6487.62,500.0,34,102764.0,63.857,7,7,1,Limit,1,0,0,0,0,0,0,1,0,19544,0,0,0,120000.0,120000.0,27607040,4702208,1,0.004166666666666667
train_ch_customer_order_totals,"SELECT c.c_id, c.c_first, c.c_last, COUNT(DISTINCT o.o_id) AS orders, SUM(ol.ol_amount) AS lifetime_value FROM chbenchmark.customer c JOIN chbenchmark.oorder o ON o.o_w_id = c.c_w_id AND o.o_d_id = c.c_d_id AND o.o_c_id = c.c_id JOIN chbenchmark.order_line ol ON ol.ol_w_id = o.o_w_id AND ol.ol_d_id = o.o_d_id AND ol.ol_o_id = o.o_id WHERE c.c_w_id = 2 GROUP BY c.c_id, c.c_first, c.c_last HAVING SUM(ol.ol_amount) > 5000 ORDER BY lifetime_value DESC LIMIT 200",461,2,1,0,True,True,False,3,3,5,3,2,0,0,0,0,40825.24,40825.74,200.0,63,350120.0,477.753,14,10,3,Limit,1,1,0,1,0,1,1,3,1,758103,42,0,0,840000.0,600000.0,124469248,29499392,3,0.0003333333333333333
train_ch_customer_order_totals,"SELECT c.c_id, c.c_first, c.c_last, COUNT(DISTINCT o.o_id) AS orders, SUM(ol.ol_amount) AS lifetime_value FROM chbenchmark.customer c JOIN chbenchmark.oorder o ON o.o_w_id = c.c_w_id AND o.o_d_id = c.c_d_id AND o.o_c_id = c.c_id JOIN chbenchmark.order_line ol ON ol.ol_w_id = o.o_w_id AND ol.ol_d_id = o.o_d_id AND ol.ol_o_id = o.o_id WHERE c.c_w_id = 2 GROUP BY c.c_id, c.c_first, c.c_last HAVING SUM(ol.ol_amount) > 5000 ORDER BY lifetime_value DESC LIMIT 200",461,2,1,0,True,True,False,3,3,5,3,2,0,0,0,0,40825.24,40825.74,200.0,63,350120.0,418.66,14,10,3,Limit,1,1,0,1,0,1,1,3,1,758145,0,0,0,840000.0,600000.0,124469248,29499392,3,0.0003333333333333333
train_ch_line_summary,"SELECT ol_number, SUM(ol_quantity) AS units, SUM(ol_amount) AS revenue, AVG(ol_amount) AS avg_amount, COUNT(*) AS line_count FROM chbenchmark.order_line WHERE ol_delivery_d >= DATE '2024-06-11' - INTERVAL '120 days' AND ol_delivery_d < DATE '2024-06-11' + INTERVAL '30 days' GROUP BY ol_number ORDER BY revenue DESC",315,0,2,0,True,True,False,1,1,5,4,0,0,0,0,0,12822.25,12822.26,5.0,108,24793.0,68.372,6,6,1,Sort,1,0,0,0,0,0,0,2,2,46994,0,0,0,600000.0,600000.0,84729856,20602880,1,8.333333333333334e-06
train_ch_line_summary,"SELECT ol_number, SUM(ol_quantity) AS units, SUM(ol_amount) AS revenue, AVG(ol_amount) AS avg_amount, COUNT(*) AS line_count FROM chbenchmark.order_line WHERE ol_delivery_d >= DATE '2024-06-11' - INTERVAL '120 days' AND ol_delivery_d < DATE '2024-06-11' + INTERVAL '30 days' GROUP BY ol_number ORDER BY revenue DESC",315,0,2,0,True,True,False,1,1,5,4,0,0,0,0,0,12822.25,12822.26,5.0,108,24793.0,70.212,6,6,1,Sort,1,0,0,0,0,0,0,2,2,46994,0,0,0,600000.0,600000.0,84729856,20602880,1,8.333333333333334e-06
train_ch_repeat_customers,"SELECT c.c_state, COUNT(*) AS repeat_customers, AVG(customer_orders.order_count) AS avg_orders FROM chbenchmark.customer c JOIN ( SELECT o_w_id, o_d_id, o_c_id, COUNT(*) AS order_count FROM chbenchmark.oorder GROUP BY o_w_id, o_d_id, o_c_id HAVING COUNT(*) >= 2 ) customer_orders ON customer_orders.o_w_id = c.c_w_id AND customer_orders.o_d_id = c.c_d_id AND customer_orders.o_c_id = c.c_id GROUP BY c.c_state ORDER BY repeat_customers DESC",440,1,0,1,True,True,False,2,2,7,4,1,0,0,0,0,8562.17,8562.18,4.0,43,252016.0,121.028,9,8,2,Sort,2,0,0,0,1,0,0,2,2,7730,0,1169,2289,240000.0,120000.0,39739392,8896512,2,3.3333333333333335e-05
train_ch_repeat_customers,"SELECT c.c_state, COUNT(*) AS repeat_customers, AVG(customer_orders.order_count) AS avg_orders FROM chbenchmark.customer c JOIN ( SELECT o_w_id, o_d_id, o_c_id, COUNT(*) AS order_count FROM chbenchmark.oorder GROUP BY o_w_id, o_d_id, o_c_id HAVING COUNT(*) >= 2 ) customer_orders ON customer_orders.o_w_id = c.c_w_id AND customer_orders.o_d_id = c.c_d_id AND customer_orders.o_c_id = c.c_id GROUP BY c.c_state ORDER BY repeat_customers DESC",440,1,0,1,True,True,False,2,2,7,4,1,0,0,0,0,8562.17,8562.18,4.0,43,252016.0,116.746,9,8,2,Sort,2,0,0,0,1,0,0,2,2,7730,0,1169,2289,240000.0,120000.0,39739392,8896512,2,3.3333333333333335e-05
train_ch_promotional_items,"SELECT i.i_id, i.i_name, SUM(ol.ol_quantity) AS units, SUM(ol.ol_amount) AS revenue FROM chbenchmark.item i JOIN chbenchmark.order_line ol ON ol.ol_i_id = i.i_id JOIN chbenchmark.oorder o ON o.o_w_id = ol.ol_w_id AND o.o_d_id = ol.ol_d_id AND o.o_id = ol.ol_o_id WHERE i.i_data ILIKE '%PROMO%' AND o.o_entry_d >= DATE '2025-10-25' - INTERVAL '365 days' GROUP BY i.i_id, i.i_name ORDER BY revenue DESC LIMIT 100",410,2,2,0,True,True,False,3,3,4,2,2,0,0,0,0,13945.59,13945.84,100.0,80,256608.0,178.844,12,10,3,Limit,2,1,0,0,1,0,1,2,2,269967,0,0,0,750000.0,600000.0,100122624,25485312,3,0.00016666666666666666
train_ch_promotional_items,"SELECT i.i_id, i.i_name, SUM(ol.ol_quantity) AS units, SUM(ol.ol_amount) AS revenue FROM chbenchmark.item i JOIN chbenchmark.order_line ol ON ol.ol_i_id = i.i_id JOIN chbenchmark.oorder o ON o.o_w_id = ol.ol_w_id AND o.o_d_id = ol.ol_d_id AND o.o_id = ol.ol_o_id WHERE i.i_data ILIKE '%PROMO%' AND o.o_entry_d >= DATE '2025-10-25' - INTERVAL '365 days' GROUP BY i.i_id, i.i_name ORDER BY revenue DESC LIMIT 100",410,2,2,0,True,True,False,3,3,4,2,2,0,0,0,0,13945.59,13945.84,100.0,80,256608.0,312.939,12,10,3,Limit,2,1,0,0,1,0,1,2,2,269967,0,0,0,750000.0,600000.0,100122624,25485312,3,0.00016666666666666666
train_ch_remote_supply,"SELECT ol.ol_supply_w_id, COUNT(*) AS remote_lines, SUM(ol.ol_quantity) AS units, SUM(ol.ol_amount) AS revenue FROM chbenchmark.order_line ol WHERE ol.ol_w_id = 3 AND ol.ol_supply_w_id <> ol.ol_w_id GROUP BY ol.ol_supply_w_id ORDER BY revenue DESC",247,0,2,0,True,True,False,1,1,4,3,0,0,0,0,0,13196.32,13196.33,4.0,76,62228.0,84.678,6,6,1,Sort,1,0,0,0,0,0,0,2,2,46994,0,0,0,600000.0,600000.0,84729856,20602880,1,6.666666666666667e-06
train_ch_remote_supply,"SELECT ol.ol_supply_w_id, COUNT(*) AS remote_lines, SUM(ol.ol_quantity) AS units, SUM(ol.ol_amount) AS revenue FROM chbenchmark.order_line ol WHERE ol.ol_w_id = 3 AND ol.ol_supply_w_id <> ol.ol_w_id GROUP BY ol.ol_supply_w_id ORDER BY revenue DESC",247,0,2,0,True,True,False,1,1,4,3,0,0,0,0,0,13196.32,13196.33,4.0,76,62228.0,91.967,6,6,1,Sort,1,0,0,0,0,0,0,2,2,46994,0,0,0,600000.0,600000.0,84729856,20602880,1,6.666666666666667e-06
train_ch_supplier_sales,"SELECT su.su_suppkey, su.su_name, COUNT(*) AS supplied_lines, SUM(ol.ol_amount) AS revenue, AVG(s.s_quantity) AS avg_stock FROM chbenchmark.supplier su JOIN chbenchmark.stock s ON MOD(s.s_w_id * s.s_i_id, 10000) = su.su_suppkey JOIN chbenchmark.order_line ol ON ol.ol_supply_w_id = s.s_w_id AND ol.ol_i_id = s.s_i_id WHERE su.su_nationkey = 16 GROUP BY su.su_suppkey, su.su_name ORDER BY revenue DESC LIMIT 200",410,2,1,0,True,True,False,3,3,5,3,2,0,0,0,0,15968.43,15968.93,200.0,91,339636.0,180.204,13,11,3,Limit,3,0,0,0,2,0,0,2,2,68942,10853,0,0,730000.0,600000.0,99057664,23552000,3,0.0003333333333333333
train_ch_supplier_sales,"SELECT su.su_suppkey, su.su_name, COUNT(*) AS supplied_lines, SUM(ol.ol_amount) AS revenue, AVG(s.s_quantity) AS avg_stock FROM chbenchmark.supplier su JOIN chbenchmark.stock s ON MOD(s.s_w_id * s.s_i_id, 10000) = su.su_suppkey JOIN chbenchmark.order_line ol ON ol.ol_supply_w_id = s.s_w_id AND ol.ol_i_id = s.s_i_id WHERE su.su_nationkey = 16 GROUP BY su.su_suppkey, su.su_name ORDER BY revenue DESC LIMIT 200",410,2,1,0,True,True,False,3,3,5,3,2,0,0,0,0,15968.43,15968.93,200.0,91,339636.0,129.964,13,11,3,Limit,3,0,0,0,2,0,0,2,2,79795,0,0,0,730000.0,600000.0,99057664,23552000,3,0.0003333333333333333
train_ch_customer_last_order,"SELECT c.c_id, c.c_first, c.c_last, latest.o_id, latest.o_entry_d, latest.order_value FROM chbenchmark.customer c LEFT JOIN LATERAL ( SELECT o.o_id, o.o_entry_d, SUM(ol.ol_amount) AS order_value FROM chbenchmark.oorder o JOIN chbenchmark.order_line ol ON ol.ol_w_id = o.o_w_id AND ol.ol_d_id = o.o_d_id AND ol.ol_o_id = o.o_id WHERE o.o_w_id = c.c_w_id AND o.o_d_id = c.c_d_id AND o.o_c_id = c.c_id GROUP BY o.o_id, o.o_entry_d ORDER BY o.o_entry_d DESC LIMIT 1 ) latest ON true WHERE c.c_w_id = 4 AND c.c_d_id = 7 ORDER BY latest.o_entry_d DESC NULLS LAST LIMIT 300",566,2,5,1,True,True,False,3,3,9,1,1,1,0,0,0,2911891.86,2911892.61,300.0,67,11953.0,4856.34,12,10,3,Limit,1,1,0,1,0,0,2,2,1,26593619,954,0,0,840000.0,600000.0,124469248,29499392,3,0.0005
train_ch_customer_last_order,"SELECT c.c_id, c.c_first, c.c_last, latest.o_id, latest.o_entry_d, latest.order_value FROM chbenchmark.customer c LEFT JOIN LATERAL ( SELECT o.o_id, o.o_entry_d, SUM(ol.ol_amount) AS order_value FROM chbenchmark.oorder o JOIN chbenchmark.order_line ol ON ol.ol_w_id = o.o_w_id AND ol.ol_d_id = o.o_d_id AND ol.ol_o_id = o.o_id WHERE o.o_w_id = c.c_w_id AND o.o_d_id = c.c_d_id AND o.o_c_id = c.c_id GROUP BY o.o_id, o.o_entry_d ORDER BY o.o_entry_d DESC LIMIT 1 ) latest ON true WHERE c.c_w_id = 4 AND c.c_d_id = 7 ORDER BY latest.o_entry_d DESC NULLS LAST LIMIT 300",566,2,5,1,True,True,False,3,3,9,1,1,1,0,0,0,2911891.86,2911892.61,300.0,67,11953.0,4889.384,12,10,3,Limit,1,1,0,1,0,0,2,2,1,26594573,0,0,0,840000.0,600000.0,124469248,29499392,3,0.0005
train_ch_product_sales_by_state,"SELECT i.i_id, i.i_name, COUNT(DISTINCT o.o_id) AS orders, SUM(ol.ol_quantity) AS units, SUM(ol.ol_amount) AS revenue FROM chbenchmark.customer c JOIN chbenchmark.oorder o ON o.o_w_id = c.c_w_id AND o.o_d_id = c.c_d_id AND o.o_c_id = c.c_id JOIN chbenchmark.order_line ol ON ol.ol_w_id = o.o_w_id AND ol.ol_d_id = o.o_d_id AND ol.ol_o_id = o.o_id JOIN chbenchmark.item i ON i.i_id = ol.ol_i_id WHERE c.c_state = 'WA' GROUP BY i.i_id, i.i_name ORDER BY revenue DESC LIMIT 150",474,3,1,0,True,True,False,4,4,5,3,3,0,0,0,0,32516.3,32516.67,150.0,88,546304.0,445.823,14,9,4,Limit,3,1,0,0,2,0,1,2,1,574898,11304,1768,1772,870000.0,600000.0,127729664,30187520,4,0.00025
train_ch_product_sales_by_state,"SELECT i.i_id, i.i_name, COUNT(DISTINCT o.o_id) AS orders, SUM(ol.ol_quantity) AS units, SUM(ol.ol_amount) AS revenue FROM chbenchmark.customer c JOIN chbenchmark.oorder o ON o.o_w_id = c.c_w_id AND o.o_d_id = c.c_d_id AND o.o_c_id = c.c_id JOIN chbenchmark.order_line ol ON ol.ol_w_id = o.o_w_id AND ol.ol_d_id = o.o_d_id AND ol.ol_o_id = o.o_id JOIN chbenchmark.item i ON i.i_id = ol.ol_i_id WHERE c.c_state = 'WA' GROUP BY i.i_id, i.i_name ORDER BY revenue DESC LIMIT 150",474,3,1,0,True,True,False,4,4,5,3,3,0,0,0,0,32516.3,32516.67,150.0,88,546304.0,479.478,14,9,4,Limit,3,1,0,0,2,0,1,2,1,586202,0,1768,1772,870000.0,600000.0,127729664,30187520,4,0.00025
train_ch_credit_risk,"SELECT c.c_w_id, c.c_d_id, c.c_id, c.c_balance, COUNT(no.no_o_id) AS pending_orders FROM chbenchmark.customer c LEFT JOIN chbenchmark.oorder o ON o.o_w_id = c.c_w_id AND o.o_d_id = c.c_d_id AND o.o_c_id = c.c_id LEFT JOIN chbenchmark.new_order no ON no.no_w_id = o.o_w_id AND no.no_d_id = o.o_d_id AND no.no_o_id = o.o_id WHERE c.c_credit = 'BC' AND c.c_state = 'TX' AND c.c_balance > 5000 GROUP BY c.c_w_id, c.c_d_id, c.c_id, c.c_balance ORDER BY pending_orders DESC, c.c_balance DESC LIMIT 250",495,2,3,0,True,True,False,3,3,5,1,0,2,0,0,0,5992.29,5992.3,1.0,26,3009.0,24.387,10,8,3,Limit,1,0,1,1,0,0,2,2,1,19544,0,0,0,276000.0,120000.0,42901504,10428416,3,8.333333333333334e-06
train_ch_credit_risk,"SELECT c.c_w_id, c.c_d_id, c.c_id, c.c_balance, COUNT(no.no_o_id) AS pending_orders FROM chbenchmark.customer c LEFT JOIN chbenchmark.oorder o ON o.o_w_id = c.c_w_id AND o.o_d_id = c.c_d_id AND o.o_c_id = c.c_id LEFT JOIN chbenchmark.new_order no ON no.no_w_id = o.o_w_id AND no.no_d_id = o.o_d_id AND no.no_o_id = o.o_id WHERE c.c_credit = 'BC' AND c.c_state = 'TX' AND c.c_balance > 5000 GROUP BY c.c_w_id, c.c_d_id, c.c_id, c.c_balance ORDER BY pending_orders DESC, c.c_balance DESC LIMIT 250",495,2,3,0,True,True,False,3,3,5,1,0,2,0,0,0,5992.29,5992.3,1.0,26,3009.0,23.629,10,8,3,Limit,1,0,1,1,0,0,2,2,1,19544,0,0,0,276000.0,120000.0,42901504,10428416,3,8.333333333333334e-06
train_ch_district_revenue,"SELECT o.o_d_id, COUNT(DISTINCT o.o_id) AS orders, SUM(ol.ol_quantity) AS units, SUM(ol.ol_amount) AS revenue FROM chbenchmark.oorder o JOIN chbenchmark.order_line ol ON ol.ol_w_id = o.o_w_id AND ol.ol_d_id = o.o_d_id AND ol.ol_o_id = o.o_id WHERE o.o_w_id = 2 AND o.o_entry_d >= DATE '2023-05-25' - INTERVAL '90 days' AND o.o_entry_d < DATE '2023-05-25' + INTERVAL '1 day' GROUP BY o.o_d_id ORDER BY revenue DESC",413,1,3,0,True,True,False,2,2,4,3,1,0,0,0,0,16532.58,16532.6,10.0,76,122523.0,80.886,9,8,2,Sort,1,0,0,1,1,0,0,2,1,70851,0,0,0,720000.0,600000.0,96862208,24797184,2,1.6666666666666667e-05
train_ch_district_revenue,"SELECT o.o_d_id, COUNT(DISTINCT o.o_id) AS orders, SUM(ol.ol_quantity) AS units, SUM(ol.ol_amount) AS revenue FROM chbenchmark.oorder o JOIN chbenchmark.order_line ol ON ol.ol_w_id = o.o_w_id AND ol.ol_d_id = o.o_d_id AND ol.ol_o_id = o.o_id WHERE o.o_w_id = 2 AND o.o_entry_d >= DATE '2023-05-25' - INTERVAL '90 days' AND o.o_entry_d < DATE '2023-05-25' + INTERVAL '1 day' GROUP BY o.o_d_id ORDER BY revenue DESC",413,1,3,0,True,True,False,2,2,4,3,1,0,0,0,0,16532.58,16532.6,10.0,76,122523.0,83.956,9,8,2,Sort,1,0,0,1,1,0,0,2,1,70851,0,0,0,720000.0,600000.0,96862208,24797184,2,1.6666666666666667e-05
train_ch_warehouse_inventory,"SELECT s.s_w_id, COUNT(*) AS sku_count, SUM(s.s_quantity) AS units, SUM(s.s_quantity * i.i_price) AS inventory_value FROM chbenchmark.stock s JOIN chbenchmark.item i ON i.i_id = s.s_i_id WHERE s.s_w_id = 2 AND i.i_data ILIKE '%standard%' GROUP BY s.s_w_id",255,1,2,0,True,False,False,2,2,4,3,1,0,0,0,0,1619.99,3685.06,1.0,52,148292.0,58.741,6,4,2,Aggregate,1,0,0,1,1,0,0,0,1,2170,332,0,0,150000.0,120000.0,16138240,3391488,2,8.333333333333334e-06
train_ch_warehouse_inventory,"SELECT s.s_w_id, COUNT(*) AS sku_count, SUM(s.s_quantity) AS units, SUM(s.s_quantity * i.i_price) AS inventory_value FROM chbenchmark.stock s JOIN chbenchmark.item i ON i.i_id = s.s_i_id WHERE s.s_w_id = 2 AND i.i_data ILIKE '%standard%' GROUP BY s.s_w_id",255,1,2,0,True,False,False,2,2,4,3,1,0,0,0,0,1619.99,3685.06,1.0,52,148292.0,57.471,6,4,2,Aggregate,1,0,0,1,1,0,0,0,1,2502,0,0,0,150000.0,120000.0,16138240,3391488,2,8.333333333333334e-06
train_ch_regional_low_stock,"SELECT r.r_name, n.n_name, su.su_name, i.i_id, i.i_name, MIN(s.s_quantity) AS minimum_quantity FROM chbenchmark.stock s JOIN chbenchmark.item i ON i.i_id = s.s_i_id JOIN chbenchmark.supplier su ON su.su_suppkey = MOD(s.s_w_id * s.s_i_id, 10000) JOIN chbenchmark.nation n ON n.n_nationkey = su.su_nationkey JOIN chbenchmark.region r ON r.r_regionkey = n.n_regionkey WHERE r.r_name = 'ASIA' AND s.s_quantity < 40 GROUP BY r.r_name, n.n_name, su.su_name, i.i_id, i.i_name ORDER BY minimum_quantity, i.i_id LIMIT 250",512,4,2,0,True,True,False,5,5,6,1,4,0,0,0,0,4262.08,4262.7,250.0,52,81119.0,36.733,16,12,5,Limit,5,0,0,0,4,0,0,1,1,7193,4333,0,0,160030.0,120000.0,17670144,3702784,7,0.0020833333333333333
train_ch_regional_low_stock,"SELECT r.r_name, n.n_name, su.su_name, i.i_id, i.i_name, MIN(s.s_quantity) AS minimum_quantity FROM chbenchmark.stock s JOIN chbenchmark.item i ON i.i_id = s.s_i_id JOIN chbenchmark.supplier su ON su.su_suppkey = MOD(s.s_w_id * s.s_i_id, 10000) JOIN chbenchmark.nation n ON n.n_nationkey = su.su_nationkey JOIN chbenchmark.region r ON r.r_regionkey = n.n_regionkey WHERE r.r_name = 'ASIA' AND s.s_quantity < 40 GROUP BY r.r_name, n.n_name, su.su_name, i.i_id, i.i_name ORDER BY minimum_quantity, i.i_id LIMIT 250",512,4,2,0,True,True,False,5,5,6,1,4,0,0,0,0,4262.08,4262.7,250.0,52,81119.0,71.923,16,12,5,Limit,5,0,0,0,4,0,0,1,1,11526,0,0,0,160030.0,120000.0,17670144,3702784,7,0.0020833333333333333
train_ch_delivery_delay,"SELECT o.o_d_id, o.o_id, o.o_entry_d, MAX(ol.ol_delivery_d) AS completed_at, MAX(ol.ol_delivery_d) - o.o_entry_d AS elapsed FROM chbenchmark.oorder o JOIN chbenchmark.order_line ol ON ol.ol_w_id = o.o_w_id AND ol.ol_d_id = o.o_d_id AND ol.ol_o_id = o.o_id WHERE o.o_w_id = 2 AND ol.ol_delivery_d IS NOT NULL GROUP BY o.o_d_id, o.o_id, o.o_entry_d HAVING MAX(ol.ol_delivery_d) - o.o_entry_d > INTERVAL '12 hours' ORDER BY elapsed DESC LIMIT 250",443,1,2,0,True,True,False,2,2,5,3,1,0,0,0,0,18538.83,18539.45,250.0,40,475598.0,161.201,9,7,2,Limit,0,0,0,2,1,0,0,1,1,49095,205,0,0,720000.0,600000.0,96862208,24797184,2,0.0004166666666666667
train_ch_delivery_delay,"SELECT o.o_d_id, o.o_id, o.o_entry_d, MAX(ol.ol_delivery_d) AS completed_at, MAX(ol.ol_delivery_d) - o.o_entry_d AS elapsed FROM chbenchmark.oorder o JOIN chbenchmark.order_line ol ON ol.ol_w_id = o.o_w_id AND ol.ol_d_id = o.o_d_id AND ol.ol_o_id = o.o_id WHERE o.o_w_id = 2 AND ol.ol_delivery_d IS NOT NULL GROUP BY o.o_d_id, o.o_id, o.o_entry_d HAVING MAX(ol.ol_delivery_d) - o.o_entry_d > INTERVAL '12 hours' ORDER BY elapsed DESC LIMIT 250",443,1,2,0,True,True,False,2,2,5,3,1,0,0,0,0,18538.83,18539.45,250.0,40,475598.0,168.151,9,7,2,Limit,0,0,0,2,1,0,0,1,1,49300,0,0,0,720000.0,600000.0,96862208,24797184,2,0.0004166666666666667
train_ch_remote_supply,"SELECT ol.ol_supply_w_id, COUNT(*) AS remote_lines, SUM(ol.ol_quantity) AS units, SUM(ol.ol_amount) AS revenue FROM chbenchmark.order_line ol WHERE ol.ol_w_id = 4 AND ol.ol_supply_w_id <> ol.ol_w_id GROUP BY ol.ol_supply_w_id ORDER BY revenue DESC",247,0,2,0,True,True,False,1,1,4,3,0,0,0,0,0,13188.86,13188.87,4.0,76,61482.0,87.538,6,6,1,Sort,1,0,0,0,0,0,0,2,2,46994,0,0,0,600000.0,600000.0,84729856,20602880,1,6.666666666666667e-06
train_ch_remote_supply,"SELECT ol.ol_supply_w_id, COUNT(*) AS remote_lines, SUM(ol.ol_quantity) AS units, SUM(ol.ol_amount) AS revenue FROM chbenchmark.order_line ol WHERE ol.ol_w_id = 4 AND ol.ol_supply_w_id <> ol.ol_w_id GROUP BY ol.ol_supply_w_id ORDER BY revenue DESC",247,0,2,0,True,True,False,1,1,4,3,0,0,0,0,0,13188.86,13188.87,4.0,76,61482.0,69.758,6,6,1,Sort,1,0,0,0,0,0,0,2,2,46994,0,0,0,600000.0,600000.0,84729856,20602880,1,6.666666666666667e-06
train_ch_product_sales_by_state,"SELECT i.i_id, i.i_name, COUNT(DISTINCT o.o_id) AS orders, SUM(ol.ol_quantity) AS units, SUM(ol.ol_amount) AS revenue FROM chbenchmark.customer c JOIN chbenchmark.oorder o ON o.o_w_id = c.c_w_id AND o.o_d_id = c.c_d_id AND o.o_c_id = c.c_id JOIN chbenchmark.order_line ol ON ol.ol_w_id = o.o_w_id AND ol.ol_d_id = o.o_d_id AND ol.ol_o_id = o.o_id JOIN chbenchmark.item i ON i.i_id = ol.ol_i_id WHERE c.c_state = 'NV' GROUP BY i.i_id, i.i_name ORDER BY revenue DESC LIMIT 150",474,3,1,0,True,True,False,4,4,5,3,3,0,0,0,0,32408.0,32408.38,150.0,88,543640.0,451.9,14,9,4,Limit,3,1,0,0,2,0,1,2,1,584890,0,1764,1768,870000.0,600000.0,127729664,30187520,4,0.00025
train_ch_product_sales_by_state,"SELECT i.i_id, i.i_name, COUNT(DISTINCT o.o_id) AS orders, SUM(ol.ol_quantity) AS units, SUM(ol.ol_amount) AS revenue FROM chbenchmark.customer c JOIN chbenchmark.oorder o ON o.o_w_id = c.c_w_id AND o.o_d_id = c.c_d_id AND o.o_c_id = c.c_id JOIN chbenchmark.order_line ol ON ol.ol_w_id = o.o_w_id AND ol.ol_d_id = o.o_d_id AND ol.ol_o_id = o.o_id JOIN chbenchmark.item i ON i.i_id = ol.ol_i_id WHERE c.c_state = 'NV' GROUP BY i.i_id, i.i_name ORDER BY revenue DESC LIMIT 150",474,3,1,0,True,True,False,4,4,5,3,3,0,0,0,0,32408.0,32408.38,150.0,88,543640.0,437.658,14,9,4,Limit,3,1,0,0,2,0,1,2,1,584890,0,1764,1768,870000.0,600000.0,127729664,30187520,4,0.00025
train_ch_credit_risk,"SELECT c.c_w_id, c.c_d_id, c.c_id, c.c_balance, COUNT(no.no_o_id) AS pending_orders FROM chbenchmark.customer c LEFT JOIN chbenchmark.oorder o ON o.o_w_id = c.c_w_id AND o.o_d_id = c.c_d_id AND o.o_c_id = c.c_id LEFT JOIN chbenchmark.new_order no ON no.no_w_id = o.o_w_id AND no.no_d_id = o.o_d_id AND no.no_o_id = o.o_id WHERE c.c_credit = 'BC' AND c.c_state = 'CA' AND c.c_balance > 1000 GROUP BY c.c_w_id, c.c_d_id, c.c_id, c.c_balance ORDER BY pending_orders DESC, c.c_balance DESC LIMIT 250",495,2,3,0,True,True,False,3,3,5,1,0,2,0,0,0,8496.32,8496.94,250.0,26,127821.0,64.889,10,8,3,Limit,2,0,1,0,1,0,1,2,1,41145,912,0,0,276000.0,120000.0,42901504,10428416,3,0.0020833333333333333
train_ch_credit_risk,"SELECT c.c_w_id, c.c_d_id, c.c_id, c.c_balance, COUNT(no.no_o_id) AS pending_orders FROM chbenchmark.customer c LEFT JOIN chbenchmark.oorder o ON o.o_w_id = c.c_w_id AND o.o_d_id = c.c_d_id AND o.o_c_id = c.c_id LEFT JOIN chbenchmark.new_order no ON no.no_w_id = o.o_w_id AND no.no_d_id = o.o_d_id AND no.no_o_id = o.o_id WHERE c.c_credit = 'BC' AND c.c_state = 'CA' AND c.c_balance > 1000 GROUP BY c.c_w_id, c.c_d_id, c.c_id, c.c_balance ORDER BY pending_orders DESC, c.c_balance DESC LIMIT 250",495,2,3,0,True,True,False,3,3,5,1,0,2,0,0,0,8496.32,8496.94,250.0,26,127821.0,60.719,10,8,3,Limit,2,0,1,0,1,0,1,2,1,42057,0,0,0,276000.0,120000.0,42901504,10428416,3,0.0020833333333333333
train_ch_backlog,"SELECT no.no_d_id, COUNT(*) AS pending_orders, MIN(o.o_entry_d) AS oldest_order, SUM(ol.ol_amount) AS pending_value FROM chbenchmark.new_order no JOIN chbenchmark.oorder o ON o.o_w_id = no.no_w_id AND o.o_d_id = no.no_d_id AND o.o_id = no.no_o_id JOIN chbenchmark.order_line ol ON ol.ol_w_id = o.o_w_id AND ol.ol_d_id = o.o_d_id AND ol.ol_o_id = o.o_id WHERE no.no_w_id = 3 GROUP BY no.no_d_id ORDER BY oldest_order",415,2,1,0,True,True,False,3,3,4,3,2,0,0,0,0,15576.46,15576.49,10.0,52,207686.0,106.907,13,9,3,Sort,1,0,1,1,2,0,0,2,2,89109,1548,0,0,756000.0,600000.0,100024320,26329088,3,1.6666666666666667e-05
train_ch_backlog,"SELECT no.no_d_id, COUNT(*) AS pending_orders, MIN(o.o_entry_d) AS oldest_order, SUM(ol.ol_amount) AS pending_value FROM chbenchmark.new_order no JOIN chbenchmark.oorder o ON o.o_w_id = no.no_w_id AND o.o_d_id = no.no_d_id AND o.o_id = no.no_o_id JOIN chbenchmark.order_line ol ON ol.ol_w_id = o.o_w_id AND ol.ol_d_id = o.o_d_id AND ol.ol_o_id = o.o_id WHERE no.no_w_id = 3 GROUP BY no.no_d_id ORDER BY oldest_order",415,2,1,0,True,True,False,3,3,4,3,2,0,0,0,0,15576.46,15576.49,10.0,52,207686.0,113.887,13,9,3,Sort,1,0,1,1,2,0,0,2,2,90657,0,0,0,756000.0,600000.0,100024320,26329088,3,1.6666666666666667e-05
train_ch_unsold_items,"SELECT i.i_id, i.i_name, i.i_price, s.s_quantity FROM chbenchmark.item i JOIN chbenchmark.stock s ON s.s_i_id = i.i_id AND s.s_w_id = 2 WHERE NOT EXISTS ( SELECT 1 FROM chbenchmark.order_line ol JOIN chbenchmark.oorder o ON o.o_w_id = ol.ol_w_id AND o.o_d_id = ol.ol_d_id AND o.o_id = ol.ol_o_id WHERE ol.ol_i_id = i.i_id AND ol.ol_w_id = 2 AND o.o_entry_d >= DATE '2024-08-29' - INTERVAL '90 days' ) ORDER BY s.s_quantity DESC LIMIT 300",437,2,4,1,False,True,False,4,4,5,0,2,0,0,0,0,18282.63,18301.07,158.0,26,302280.0,129.075,15,8,4,Limit,2,0,0,2,3,0,0,1,0,81015,0,0,0,870000.0,600000.0,113000448,28188672,4,0.00026333333333333336
train_ch_unsold_items,"SELECT i.i_id, i.i_name, i.i_price, s.s_quantity FROM chbenchmark.item i JOIN chbenchmark.stock s ON s.s_i_id = i.i_id AND s.s_w_id = 2 WHERE NOT EXISTS ( SELECT 1 FROM chbenchmark.order_line ol JOIN chbenchmark.oorder o ON o.o_w_id = ol.ol_w_id AND o.o_d_id = ol.ol_d_id AND o.o_id = ol.ol_o_id WHERE ol.ol_i_id = i.i_id AND ol.ol_w_id = 2 AND o.o_entry_d >= DATE '2024-08-29' - INTERVAL '90 days' ) ORDER BY s.s_quantity DESC LIMIT 300",437,2,4,1,False,True,False,4,4,5,0,2,0,0,0,0,18282.63,18301.07,158.0,26,302280.0,137.822,15,8,4,Limit,2,0,0,2,3,0,0,1,0,81015,0,0,0,870000.0,600000.0,113000448,28188672,4,0.00026333333333333336
train_ch_customer_balance_rank,"SELECT c_w_id, c_d_id, c_id, c_balance, DENSE_RANK() OVER (PARTITION BY c_w_id ORDER BY c_balance DESC) AS balance_rank, CUME_DIST() OVER (PARTITION BY c_w_id ORDER BY c_balance) AS balance_percentile FROM chbenchmark.customer WHERE c_state = 'OH' ORDER BY c_w_id, balance_rank LIMIT 500",287,0,1,0,False,True,False,1,1,6,2,0,0,0,0,0,6476.67,6535.48,500.0,34,104876.0,65.241,7,7,1,Limit,1,0,0,0,0,0,0,1,0,19544,0,0,0,120000.0,120000.0,27607040,4702208,1,0.004166666666666667
train_ch_customer_balance_rank,"SELECT c_w_id, c_d_id, c_id, c_balance, DENSE_RANK() OVER (PARTITION BY c_w_id ORDER BY c_balance DESC) AS balance_rank, CUME_DIST() OVER (PARTITION BY c_w_id ORDER BY c_balance) AS balance_percentile FROM chbenchmark.customer WHERE c_state = 'OH' ORDER BY c_w_id, balance_rank LIMIT 500",287,0,1,0,False,True,False,1,1,6,2,0,0,0,0,0,6476.67,6535.48,500.0,34,104876.0,63.018,7,7,1,Limit,1,0,0,0,0,0,0,1,0,19544,0,0,0,120000.0,120000.0,27607040,4702208,1,0.004166666666666667
train_ch_district_daily_sales,"WITH daily AS ( SELECT o.o_entry_d::date AS day, o.o_d_id, SUM(ol.ol_amount) AS revenue FROM chbenchmark.oorder o JOIN chbenchmark.order_line ol ON ol.ol_w_id = o.o_w_id AND ol.ol_d_id = o.o_d_id AND ol.ol_o_id = o.o_id WHERE o.o_w_id = 3 GROUP BY o.o_entry_d::date, o.o_d_id ) SELECT day, o_d_id, revenue, AVG(revenue) OVER (PARTITION BY o_d_id ORDER BY day ROWS BETWEEN 6 PRECEDING AND CURRENT ROW) AS rolling_revenue FROM daily ORDER BY o_d_id, day",451,1,1,1,True,True,False,2,2,7,2,1,0,0,0,0,20865.4,21462.9,29876.0,72,629376.0,199.783,9,7,2,WindowAgg,0,0,0,2,1,0,0,1,1,49846,0,0,0,720000.0,600000.0,96862208,24797184,2,0.049793333333333335
train_ch_district_daily_sales,"WITH daily AS ( SELECT o.o_entry_d::date AS day, o.o_d_id, SUM(ol.ol_amount) AS revenue FROM chbenchmark.oorder o JOIN chbenchmark.order_line ol ON ol.ol_w_id = o.o_w_id AND ol.ol_d_id = o.o_d_id AND ol.ol_o_id = o.o_id WHERE o.o_w_id = 3 GROUP BY o.o_entry_d::date, o.o_d_id ) SELECT day, o_d_id, revenue, AVG(revenue) OVER (PARTITION BY o_d_id ORDER BY day ROWS BETWEEN 6 PRECEDING AND CURRENT ROW) AS rolling_revenue FROM daily ORDER BY o_d_id, day",451,1,1,1,True,True,False,2,2,7,2,1,0,0,0,0,20865.4,21462.9,29876.0,72,629376.0,198.296,9,7,2,WindowAgg,0,0,0,2,1,0,0,1,1,49846,0,0,0,720000.0,600000.0,96862208,24797184,2,0.049793333333333335
train_ch_supplier_sales,"SELECT su.su_suppkey, su.su_name, COUNT(*) AS supplied_lines, SUM(ol.ol_amount) AS revenue, AVG(s.s_quantity) AS avg_stock FROM chbenchmark.supplier su JOIN chbenchmark.stock s ON MOD(s.s_w_id * s.s_i_id, 10000) = su.su_suppkey JOIN chbenchmark.order_line ol ON ol.ol_supply_w_id = s.s_w_id AND ol.ol_i_id = s.s_i_id WHERE su.su_nationkey = 0 GROUP BY su.su_suppkey, su.su_name ORDER BY revenue DESC LIMIT 200",409,2,1,0,True,True,False,3,3,5,3,2,0,0,0,0,15968.43,15968.93,200.0,91,339636.0,115.749,13,11,3,Limit,3,0,0,0,2,0,0,2,2,75415,4380,0,0,730000.0,600000.0,99057664,23552000,3,0.0003333333333333333
train_ch_supplier_sales,"SELECT su.su_suppkey, su.su_name, COUNT(*) AS supplied_lines, SUM(ol.ol_amount) AS revenue, AVG(s.s_quantity) AS avg_stock FROM chbenchmark.supplier su JOIN chbenchmark.stock s ON MOD(s.s_w_id * s.s_i_id, 10000) = su.su_suppkey JOIN chbenchmark.order_line ol ON ol.ol_supply_w_id = s.s_w_id AND ol.ol_i_id = s.s_i_id WHERE su.su_nationkey = 0 GROUP BY su.su_suppkey, su.su_name ORDER BY revenue DESC LIMIT 200",409,2,1,0,True,True,False,3,3,5,3,2,0,0,0,0,15968.43,15968.93,200.0,91,339636.0,121.9,13,11,3,Limit,3,0,0,0,2,0,0,2,2,74195,5600,0,0,730000.0,600000.0,99057664,23552000,3,0.0003333333333333333
train_ch_payment_activity,"SELECT h.h_w_id, h.h_d_id, COUNT(*) AS payments, SUM(h.h_amount) AS amount, COUNT(DISTINCT h.h_c_id) AS customers FROM chbenchmark.history h WHERE h.h_date >= DATE '2023-03-22' - INTERVAL '180 days' AND h.h_amount >= 100 GROUP BY h.h_w_id, h.h_d_id ORDER BY amount DESC",269,0,2,0,True,True,False,1,1,5,3,0,0,0,0,0,11035.58,11035.68,40.0,56,161024.0,164.537,4,4,1,Sort,1,0,0,0,0,0,0,2,1,0,5880,888,891,120000.0,120000.0,16670720,4595712,1,0.0003333333333333333
train_ch_payment_activity,"SELECT h.h_w_id, h.h_d_id, COUNT(*) AS payments, SUM(h.h_amount) AS amount, COUNT(DISTINCT h.h_c_id) AS customers FROM chbenchmark.history h WHERE h.h_date >= DATE '2023-03-22' - INTERVAL '180 days' AND h.h_amount >= 100 GROUP BY h.h_w_id, h.h_d_id ORDER BY amount DESC",269,0,2,0,True,True,False,1,1,5,3,0,0,0,0,0,11035.58,11035.68,40.0,56,161024.0,147.399,4,4,1,Sort,1,0,0,0,0,0,0,2,1,5700,180,888,891,120000.0,120000.0,16670720,4595712,1,0.0003333333333333333
train_ch_item_price_band,"SELECT width_bucket(i_price, 200, 250, 8) AS price_band, COUNT(*) AS items, AVG(i_price) AS avg_price, COUNT(*) FILTER (WHERE i_data ILIKE '%PROMO%') AS promotional FROM chbenchmark.item WHERE i_price BETWEEN 200 AND 250 GROUP BY price_band ORDER BY price_band",260,0,2,0,True,True,False,1,1,4,3,0,0,0,0,0,942.38,1033.1,3024.0,52,9072.0,10.446,3,3,1,Aggregate,1,0,0,0,0,0,0,1,1,930,0,0,0,30000.0,30000.0,3260416,688128,1,0.1008
train_ch_item_price_band,"SELECT width_bucket(i_price, 200, 250, 8) AS price_band, COUNT(*) AS items, AVG(i_price) AS avg_price, COUNT(*) FILTER (WHERE i_data ILIKE '%PROMO%') AS promotional FROM chbenchmark.item WHERE i_price BETWEEN 200 AND 250 GROUP BY price_band ORDER BY price_band",260,0,2,0,True,True,False,1,1,4,3,0,0,0,0,0,942.38,1033.1,3024.0,52,9072.0,10.458,3,3,1,Aggregate,1,0,0,0,0,0,0,1,1,930,0,0,0,30000.0,30000.0,3260416,688128,1,0.1008
train_ch_customer_last_order,"SELECT c.c_id, c.c_first, c.c_last, latest.o_id, latest.o_entry_d, latest.order_value FROM chbenchmark.customer c LEFT JOIN LATERAL ( SELECT o.o_id, o.o_entry_d, SUM(ol.ol_amount) AS order_value FROM chbenchmark.oorder o JOIN chbenchmark.order_line ol ON ol.ol_w_id = o.o_w_id AND ol.ol_d_id = o.o_d_id AND ol.ol_o_id = o.o_id WHERE o.o_w_id = c.c_w_id AND o.o_d_id = c.c_d_id AND o.o_c_id = c.c_id GROUP BY o.o_id, o.o_entry_d ORDER BY o.o_entry_d DESC LIMIT 1 ) latest ON true WHERE c.c_w_id = 2 AND c.c_d_id = 3 ORDER BY latest.o_entry_d DESC NULLS LAST LIMIT 300",566,2,5,1,True,True,False,3,3,9,1,1,1,0,0,0,2959110.52,2959111.27,300.0,67,12109.0,5173.865,12,10,3,Limit,1,1,0,1,0,0,2,2,1,26594132,441,0,0,840000.0,600000.0,124469248,29499392,3,0.0005
train_ch_customer_last_order,"SELECT c.c_id, c.c_first, c.c_last, latest.o_id, latest.o_entry_d, latest.order_value FROM chbenchmark.customer c LEFT JOIN LATERAL ( SELECT o.o_id, o.o_entry_d, SUM(ol.ol_amount) AS order_value FROM chbenchmark.oorder o JOIN chbenchmark.order_line ol ON ol.ol_w_id = o.o_w_id AND ol.ol_d_id = o.o_d_id AND ol.ol_o_id = o.o_id WHERE o.o_w_id = c.c_w_id AND o.o_d_id = c.c_d_id AND o.o_c_id = c.c_id GROUP BY o.o_id, o.o_entry_d ORDER BY o.o_entry_d DESC LIMIT 1 ) latest ON true WHERE c.c_w_id = 2 AND c.c_d_id = 3 ORDER BY latest.o_entry_d DESC NULLS LAST LIMIT 300",566,2,5,1,True,True,False,3,3,9,1,1,1,0,0,0,2959110.52,2959111.27,300.0,67,12109.0,4987.272,12,10,3,Limit,1,1,0,1,0,0,2,2,1,26594573,0,0,0,840000.0,600000.0,124469248,29499392,3,0.0005
train_ch_district_revenue,"SELECT o.o_d_id, COUNT(DISTINCT o.o_id) AS orders, SUM(ol.ol_quantity) AS units, SUM(ol.ol_amount) AS revenue FROM chbenchmark.oorder o JOIN chbenchmark.order_line ol ON ol.ol_w_id = o.o_w_id AND ol.ol_d_id = o.o_d_id AND ol.ol_o_id = o.o_id WHERE o.o_w_id = 3 AND o.o_entry_d >= DATE '2023-03-05' - INTERVAL '90 days' AND o.o_entry_d < DATE '2023-03-05' + INTERVAL '1 day' GROUP BY o.o_d_id ORDER BY revenue DESC",413,1,3,0,True,True,False,2,2,4,3,1,0,0,0,0,15865.29,15865.32,10.0,76,112160.0,84.372,9,8,2,Sort,1,0,0,1,1,0,0,2,1,70803,48,0,0,720000.0,600000.0,96862208,24797184,2,1.6666666666666667e-05
train_ch_district_revenue,"SELECT o.o_d_id, COUNT(DISTINCT o.o_id) AS orders, SUM(ol.ol_quantity) AS units, SUM(ol.ol_amount) AS revenue FROM chbenchmark.oorder o JOIN chbenchmark.order_line ol ON ol.ol_w_id = o.o_w_id AND ol.ol_d_id = o.o_d_id AND ol.ol_o_id = o.o_id WHERE o.o_w_id = 3 AND o.o_entry_d >= DATE '2023-03-05' - INTERVAL '90 days' AND o.o_entry_d < DATE '2023-03-05' + INTERVAL '1 day' GROUP BY o.o_d_id ORDER BY revenue DESC",413,1,3,0,True,True,False,2,2,4,3,1,0,0,0,0,15865.29,15865.32,10.0,76,112160.0,90.322,9,8,2,Sort,1,0,0,1,1,0,0,2,1,70851,0,0,0,720000.0,600000.0,96862208,24797184,2,1.6666666666666667e-05
train_ch_repeat_customers,"SELECT c.c_state, COUNT(*) AS repeat_customers, AVG(customer_orders.order_count) AS avg_orders FROM chbenchmark.customer c JOIN ( SELECT o_w_id, o_d_id, o_c_id, COUNT(*) AS order_count FROM chbenchmark.oorder GROUP BY o_w_id, o_d_id, o_c_id HAVING COUNT(*) >= 3 ) customer_orders ON customer_orders.o_w_id = c.c_w_id AND customer_orders.o_d_id = c.c_d_id AND customer_orders.o_c_id = c.c_id GROUP BY c.c_state ORDER BY repeat_customers DESC",440,1,0,1,True,True,False,2,2,7,4,1,0,0,0,0,8562.17,8562.18,4.0,43,252016.0,121.187,9,8,2,Sort,2,0,0,0,1,0,0,2,2,7730,0,1169,2289,240000.0,120000.0,39739392,8896512,2,3.3333333333333335e-05
train_ch_repeat_customers,"SELECT c.c_state, COUNT(*) AS repeat_customers, AVG(customer_orders.order_count) AS avg_orders FROM chbenchmark.customer c JOIN ( SELECT o_w_id, o_d_id, o_c_id, COUNT(*) AS order_count FROM chbenchmark.oorder GROUP BY o_w_id, o_d_id, o_c_id HAVING COUNT(*) >= 3 ) customer_orders ON customer_orders.o_w_id = c.c_w_id AND customer_orders.o_d_id = c.c_d_id AND customer_orders.o_c_id = c.c_id GROUP BY c.c_state ORDER BY repeat_customers DESC",440,1,0,1,True,True,False,2,2,7,4,1,0,0,0,0,8562.17,8562.18,4.0,43,252016.0,115.777,9,8,2,Sort,2,0,0,0,1,0,0,2,2,7730,0,1169,2289,240000.0,120000.0,39739392,8896512,2,3.3333333333333335e-05
train_ch_line_summary,"SELECT ol_number, SUM(ol_quantity) AS units, SUM(ol_amount) AS revenue, AVG(ol_amount) AS avg_amount, COUNT(*) AS line_count FROM chbenchmark.order_line WHERE ol_delivery_d >= DATE '2025-06-13' - INTERVAL '120 days' AND ol_delivery_d < DATE '2025-06-13' + INTERVAL '30 days' GROUP BY ol_number ORDER BY revenue DESC",315,0,2,0,True,True,False,1,1,5,4,0,0,0,0,0,12811.27,12811.28,5.0,108,23695.0,79.34,6,6,1,Sort,1,0,0,0,0,0,0,2,2,46994,0,0,0,600000.0,600000.0,84729856,20602880,1,8.333333333333334e-06
train_ch_line_summary,"SELECT ol_number, SUM(ol_quantity) AS units, SUM(ol_amount) AS revenue, AVG(ol_amount) AS avg_amount, COUNT(*) AS line_count FROM chbenchmark.order_line WHERE ol_delivery_d >= DATE '2025-06-13' - INTERVAL '120 days' AND ol_delivery_d < DATE '2025-06-13' + INTERVAL '30 days' GROUP BY ol_number ORDER BY revenue DESC",315,0,2,0,True,True,False,1,1,5,4,0,0,0,0,0,12811.27,12811.28,5.0,108,23695.0,72.727,6,6,1,Sort,1,0,0,0,0,0,0,2,2,46994,0,0,0,600000.0,600000.0,84729856,20602880,1,8.333333333333334e-06
train_ch_regional_low_stock,"SELECT r.r_name, n.n_name, su.su_name, i.i_id, i.i_name, MIN(s.s_quantity) AS minimum_quantity FROM chbenchmark.stock s JOIN chbenchmark.item i ON i.i_id = s.s_i_id JOIN chbenchmark.supplier su ON su.su_suppkey = MOD(s.s_w_id * s.s_i_id, 10000) JOIN chbenchmark.nation n ON n.n_nationkey = su.su_nationkey JOIN chbenchmark.region r ON r.r_regionkey = n.n_regionkey WHERE r.r_name = 'EUROPE' AND s.s_quantity < 40 GROUP BY r.r_name, n.n_name, su.su_name, i.i_id, i.i_name ORDER BY minimum_quantity, i.i_id LIMIT 250",514,4,2,0,True,True,False,5,5,6,1,4,0,0,0,0,4262.08,4262.7,250.0,52,81119.0,42.302,16,12,5,Limit,5,0,0,0,4,0,0,1,1,5030,6496,0,0,160030.0,120000.0,17670144,3702784,7,0.0020833333333333333
train_ch_regional_low_stock,"SELECT r.r_name, n.n_name, su.su_name, i.i_id, i.i_name, MIN(s.s_quantity) AS minimum_quantity FROM chbenchmark.stock s JOIN chbenchmark.item i ON i.i_id = s.s_i_id JOIN chbenchmark.supplier su ON su.su_suppkey = MOD(s.s_w_id * s.s_i_id, 10000) JOIN chbenchmark.nation n ON n.n_nationkey = su.su_nationkey JOIN chbenchmark.region r ON r.r_regionkey = n.n_regionkey WHERE r.r_name = 'EUROPE' AND s.s_quantity < 40 GROUP BY r.r_name, n.n_name, su.su_name, i.i_id, i.i_name ORDER BY minimum_quantity, i.i_id LIMIT 250",514,4,2,0,True,True,False,5,5,6,1,4,0,0,0,0,4262.08,4262.7,250.0,52,81119.0,46.415,16,12,5,Limit,5,0,0,0,4,0,0,1,1,11526,0,0,0,160030.0,120000.0,17670144,3702784,7,0.0020833333333333333
train_ch_customer_order_totals,"SELECT c.c_id, c.c_first, c.c_last, COUNT(DISTINCT o.o_id) AS orders, SUM(ol.ol_amount) AS lifetime_value FROM chbenchmark.customer c JOIN chbenchmark.oorder o ON o.o_w_id = c.c_w_id AND o.o_d_id = c.c_d_id AND o.o_c_id = c.c_id JOIN chbenchmark.order_line ol ON ol.ol_w_id = o.o_w_id AND ol.ol_d_id = o.o_d_id AND ol.ol_o_id = o.o_id WHERE c.c_w_id = 4 GROUP BY c.c_id, c.c_first, c.c_last HAVING SUM(ol.ol_amount) > 2500 ORDER BY lifetime_value DESC LIMIT 200",461,2,1,0,True,True,False,3,3,5,3,2,0,0,0,0,40756.13,40756.63,200.0,63,346052.0,447.521,14,10,3,Limit,1,1,0,1,0,1,1,3,1,752845,5300,0,0,840000.0,600000.0,124469248,29499392,3,0.0003333333333333333
train_ch_customer_order_totals,"SELECT c.c_id, c.c_first, c.c_last, COUNT(DISTINCT o.o_id) AS orders, SUM(ol.ol_amount) AS lifetime_value FROM chbenchmark.customer c JOIN chbenchmark.oorder o ON o.o_w_id = c.c_w_id AND o.o_d_id = c.c_d_id AND o.o_c_id = c.c_id JOIN chbenchmark.order_line ol ON ol.ol_w_id = o.o_w_id AND ol.ol_d_id = o.o_d_id AND ol.ol_o_id = o.o_id WHERE c.c_w_id = 4 GROUP BY c.c_id, c.c_first, c.c_last HAVING SUM(ol.ol_amount) > 2500 ORDER BY lifetime_value DESC LIMIT 200",461,2,1,0,True,True,False,3,3,5,3,2,0,0,0,0,40756.13,40756.63,200.0,63,346052.0,420.388,14,10,3,Limit,1,1,0,1,0,1,1,3,1,758145,0,0,0,840000.0,600000.0,124469248,29499392,3,0.0003333333333333333
train_ch_promotional_items,"SELECT i.i_id, i.i_name, SUM(ol.ol_quantity) AS units, SUM(ol.ol_amount) AS revenue FROM chbenchmark.item i JOIN chbenchmark.order_line ol ON ol.ol_i_id = i.i_id JOIN chbenchmark.oorder o ON o.o_w_id = ol.ol_w_id AND o.o_d_id = ol.ol_d_id AND o.o_id = ol.ol_o_id WHERE i.i_data ILIKE '%PROMO%' AND o.o_entry_d >= DATE '2025-09-23' - INTERVAL '365 days' GROUP BY i.i_id, i.i_name ORDER BY revenue DESC LIMIT 100",410,2,2,0,True,True,False,3,3,4,2,2,0,0,0,0,13950.22,13950.47,100.0,80,256746.0,118.579,12,10,3,Limit,2,1,0,0,1,0,1,2,2,268959,1008,0,0,750000.0,600000.0,100122624,25485312,3,0.00016666666666666666
train_ch_promotional_items,"SELECT i.i_id, i.i_name, SUM(ol.ol_quantity) AS units, SUM(ol.ol_amount) AS revenue FROM chbenchmark.item i JOIN chbenchmark.order_line ol ON ol.ol_i_id = i.i_id JOIN chbenchmark.oorder o ON o.o_w_id = ol.ol_w_id AND o.o_d_id = ol.ol_d_id AND o.o_id = ol.ol_o_id WHERE i.i_data ILIKE '%PROMO%' AND o.o_entry_d >= DATE '2025-09-23' - INTERVAL '365 days' GROUP BY i.i_id, i.i_name ORDER BY revenue DESC LIMIT 100",410,2,2,0,True,True,False,3,3,4,2,2,0,0,0,0,13950.22,13950.47,100.0,80,256746.0,125.569,12,10,3,Limit,2,1,0,0,1,0,1,2,2,269967,0,0,0,750000.0,600000.0,100122624,25485312,3,0.00016666666666666666
train_ch_order_basket,"SELECT o.o_d_id, o.o_id, o.o_entry_d, COUNT(*) AS lines, SUM(ol.ol_quantity) AS units, SUM(ol.ol_amount) AS basket_value FROM chbenchmark.oorder o JOIN chbenchmark.order_line ol ON ol.ol_w_id = o.o_w_id AND ol.ol_d_id = o.o_d_id AND ol.ol_o_id = o.o_id WHERE o.o_w_id = 4 GROUP BY o.o_d_id, o.o_id, o.o_entry_d HAVING SUM(ol.ol_amount) >= 500 ORDER BY basket_value DESC LIMIT 300",379,1,1,0,True,True,False,2,2,6,4,1,0,0,0,0,30374.71,30375.46,300.0,88,385707.0,253.208,11,10,2,Limit,1,0,0,1,1,0,0,2,2,92833,18,1632,1632,720000.0,600000.0,96862208,24797184,2,0.0005
train_ch_order_basket,"SELECT o.o_d_id, o.o_id, o.o_entry_d, COUNT(*) AS lines, SUM(ol.ol_quantity) AS units, SUM(ol.ol_amount) AS basket_value FROM chbenchmark.oorder o JOIN chbenchmark.order_line ol ON ol.ol_w_id = o.o_w_id AND ol.ol_d_id = o.o_d_id AND ol.ol_o_id = o.o_id WHERE o.o_w_id = 4 GROUP BY o.o_d_id, o.o_id, o.o_entry_d HAVING SUM(ol.ol_amount) >= 500 ORDER BY basket_value DESC LIMIT 300",379,1,1,0,True,True,False,2,2,6,4,1,0,0,0,0,30374.71,30375.46,300.0,88,385707.0,263.216,11,10,2,Limit,1,0,0,1,1,0,0,2,2,92851,0,1632,1632,720000.0,600000.0,96862208,24797184,2,0.0005
train_ch_warehouse_inventory,"SELECT s.s_w_id, COUNT(*) AS sku_count, SUM(s.s_quantity) AS units, SUM(s.s_quantity * i.i_price) AS inventory_value FROM chbenchmark.stock s JOIN chbenchmark.item i ON i.i_id = s.s_i_id WHERE s.s_w_id = 2 AND i.i_data ILIKE '%standard%' GROUP BY s.s_w_id",255,1,2,0,True,False,False,2,2,4,3,1,0,0,0,0,1619.99,3685.06,1.0,52,148292.0,56.758,6,4,2,Aggregate,1,0,0,1,1,0,0,0,1,2170,332,0,0,150000.0,120000.0,16138240,3391488,2,8.333333333333334e-06
train_ch_warehouse_inventory,"SELECT s.s_w_id, COUNT(*) AS sku_count, SUM(s.s_quantity) AS units, SUM(s.s_quantity * i.i_price) AS inventory_value FROM chbenchmark.stock s JOIN chbenchmark.item i ON i.i_id = s.s_i_id WHERE s.s_w_id = 2 AND i.i_data ILIKE '%standard%' GROUP BY s.s_w_id",255,1,2,0,True,False,False,2,2,4,3,1,0,0,0,0,1619.99,3685.06,1.0,52,148292.0,57.235,6,4,2,Aggregate,1,0,0,1,1,0,0,0,1,2502,0,0,0,150000.0,120000.0,16138240,3391488,2,8.333333333333334e-06
train_ch_repeat_customers,"SELECT c.c_state, COUNT(*) AS repeat_customers, AVG(customer_orders.order_count) AS avg_orders FROM chbenchmark.customer c JOIN ( SELECT o_w_id, o_d_id, o_c_id, COUNT(*) AS order_count FROM chbenchmark.oorder GROUP BY o_w_id, o_d_id, o_c_id HAVING COUNT(*) >= 4 ) customer_orders ON customer_orders.o_w_id = c.c_w_id AND customer_orders.o_d_id = c.c_d_id AND customer_orders.o_c_id = c.c_id GROUP BY c.c_state ORDER BY repeat_customers DESC",440,1,0,1,True,True,False,2,2,7,4,1,0,0,0,0,8562.17,8562.18,4.0,43,252016.0,140.225,9,8,2,Sort,2,0,0,0,1,0,0,2,2,7730,0,1169,2289,240000.0,120000.0,39739392,8896512,2,3.3333333333333335e-05
train_ch_repeat_customers,"SELECT c.c_state, COUNT(*) AS repeat_customers, AVG(customer_orders.order_count) AS avg_orders FROM chbenchmark.customer c JOIN ( SELECT o_w_id, o_d_id, o_c_id, COUNT(*) AS order_count FROM chbenchmark.oorder GROUP BY o_w_id, o_d_id, o_c_id HAVING COUNT(*) >= 4 ) customer_orders ON customer_orders.o_w_id = c.c_w_id AND customer_orders.o_d_id = c.c_d_id AND customer_orders.o_c_id = c.c_id GROUP BY c.c_state ORDER BY repeat_customers DESC",440,1,0,1,True,True,False,2,2,7,4,1,0,0,0,0,8562.17,8562.18,4.0,43,252016.0,137.847,9,8,2,Sort,2,0,0,0,1,0,0,2,2,7730,0,1169,2289,240000.0,120000.0,39739392,8896512,2,3.3333333333333335e-05
train_ch_remote_supply,"SELECT ol.ol_supply_w_id, COUNT(*) AS remote_lines, SUM(ol.ol_quantity) AS units, SUM(ol.ol_amount) AS revenue FROM chbenchmark.order_line ol WHERE ol.ol_w_id = 1 AND ol.ol_supply_w_id <> ol.ol_w_id GROUP BY ol.ol_supply_w_id ORDER BY revenue DESC",247,0,2,0,True,True,False,1,1,4,3,0,0,0,0,0,13192.67,13192.68,4.0,76,61863.0,62.218,6,6,1,Sort,1,0,0,0,0,0,0,2,2,46994,0,0,0,600000.0,600000.0,84729856,20602880,1,6.666666666666667e-06
train_ch_remote_supply,"SELECT ol.ol_supply_w_id, COUNT(*) AS remote_lines, SUM(ol.ol_quantity) AS units, SUM(ol.ol_amount) AS revenue FROM chbenchmark.order_line ol WHERE ol.ol_w_id = 1 AND ol.ol_supply_w_id <> ol.ol_w_id GROUP BY ol.ol_supply_w_id ORDER BY revenue DESC",247,0,2,0,True,True,False,1,1,4,3,0,0,0,0,0,13192.67,13192.68,4.0,76,61863.0,69.504,6,6,1,Sort,1,0,0,0,0,0,0,2,2,46994,0,0,0,600000.0,600000.0,84729856,20602880,1,6.666666666666667e-06
train_ch_warehouse_inventory,"SELECT s.s_w_id, COUNT(*) AS sku_count, SUM(s.s_quantity) AS units, SUM(s.s_quantity * i.i_price) AS inventory_value FROM chbenchmark.stock s JOIN chbenchmark.item i ON i.i_id = s.s_i_id WHERE s.s_w_id = 4 AND i.i_data ILIKE '%PROMO%' GROUP BY s.s_w_id",252,1,2,0,True,False,False,2,2,4,3,1,0,0,0,0,0.29,2669.84,1.0,52,596.0,24.31,4,3,2,Aggregate,1,1,0,0,0,0,1,0,1,3357,246,0,0,150000.0,120000.0,16138240,3391488,2,8.333333333333334e-06
train_ch_warehouse_inventory,"SELECT s.s_w_id, COUNT(*) AS sku_count, SUM(s.s_quantity) AS units, SUM(s.s_quantity * i.i_price) AS inventory_value FROM chbenchmark.stock s JOIN chbenchmark.item i ON i.i_id = s.s_i_id WHERE s.s_w_id = 4 AND i.i_data ILIKE '%PROMO%' GROUP BY s.s_w_id",252,1,2,0,True,False,False,2,2,4,3,1,0,0,0,0,0.29,2669.84,1.0,52,596.0,24.056,4,3,2,Aggregate,1,1,0,0,0,0,1,0,1,3603,0,0,0,150000.0,120000.0,16138240,3391488,2,8.333333333333334e-06
train_ch_district_daily_sales,"WITH daily AS ( SELECT o.o_entry_d::date AS day, o.o_d_id, SUM(ol.ol_amount) AS revenue FROM chbenchmark.oorder o JOIN chbenchmark.order_line ol ON ol.ol_w_id = o.o_w_id AND ol.ol_d_id = o.o_d_id AND ol.ol_o_id = o.o_id WHERE o.o_w_id = 2 GROUP BY o.o_entry_d::date, o.o_d_id ) SELECT day, o_d_id, revenue, AVG(revenue) OVER (PARTITION BY o_d_id ORDER BY day ROWS BETWEEN 6 PRECEDING AND CURRENT ROW) AS rolling_revenue FROM daily ORDER BY o_d_id, day",451,1,1,1,True,True,False,2,2,7,2,1,0,0,0,0,21004.13,21602.43,29916.0,72,637176.0,193.236,9,7,2,WindowAgg,0,0,0,2,1,0,0,1,1,46162,3138,0,0,720000.0,600000.0,96862208,24797184,2,0.04986
train_ch_district_daily_sales,"WITH daily AS ( SELECT o.o_entry_d::date AS day, o.o_d_id, SUM(ol.ol_amount) AS revenue FROM chbenchmark.oorder o JOIN chbenchmark.order_line ol ON ol.ol_w_id = o.o_w_id AND ol.ol_d_id = o.o_d_id AND ol.ol_o_id = o.o_id WHERE o.o_w_id = 2 GROUP BY o.o_entry_d::date, o.o_d_id ) SELECT day, o_d_id, revenue, AVG(revenue) OVER (PARTITION BY o_d_id ORDER BY day ROWS BETWEEN 6 PRECEDING AND CURRENT ROW) AS rolling_revenue FROM daily ORDER BY o_d_id, day",451,1,1,1,True,True,False,2,2,7,2,1,0,0,0,0,21004.13,21602.43,29916.0,72,637176.0,200.146,9,7,2,WindowAgg,0,0,0,2,1,0,0,1,1,49300,0,0,0,720000.0,600000.0,96862208,24797184,2,0.04986
train_ch_order_basket,"SELECT o.o_d_id, o.o_id, o.o_entry_d, COUNT(*) AS lines, SUM(ol.ol_quantity) AS units, SUM(ol.ol_amount) AS basket_value FROM chbenchmark.oorder o JOIN chbenchmark.order_line ol ON ol.ol_w_id = o.o_w_id AND ol.ol_d_id = o.o_d_id AND ol.ol_o_id = o.o_id WHERE o.o_w_id = 4 GROUP BY o.o_d_id, o.o_id, o.o_entry_d HAVING SUM(ol.ol_amount) >= 500 ORDER BY basket_value DESC LIMIT 300",379,1,1,0,True,True,False,2,2,6,4,1,0,0,0,0,30374.71,30375.46,300.0,88,385707.0,262.775,11,10,2,Limit,1,0,0,1,1,0,0,2,2,92851,0,1632,1632,720000.0,600000.0,96862208,24797184,2,0.0005
train_ch_order_basket,"SELECT o.o_d_id, o.o_id, o.o_entry_d, COUNT(*) AS lines, SUM(ol.ol_quantity) AS units, SUM(ol.ol_amount) AS basket_value FROM chbenchmark.oorder o JOIN chbenchmark.order_line ol ON ol.ol_w_id = o.o_w_id AND ol.ol_d_id = o.o_d_id AND ol.ol_o_id = o.o_id WHERE o.o_w_id = 4 GROUP BY o.o_d_id, o.o_id, o.o_entry_d HAVING SUM(ol.ol_amount) >= 500 ORDER BY basket_value DESC LIMIT 300",379,1,1,0,True,True,False,2,2,6,4,1,0,0,0,0,30374.71,30375.46,300.0,88,385707.0,435.19,11,10,2,Limit,1,0,0,1,1,0,0,2,2,92851,0,1632,1632,720000.0,600000.0,96862208,24797184,2,0.0005
train_ch_customer_order_totals,"SELECT c.c_id, c.c_first, c.c_last, COUNT(DISTINCT o.o_id) AS orders, SUM(ol.ol_amount) AS lifetime_value FROM chbenchmark.customer c JOIN chbenchmark.oorder o ON o.o_w_id = c.c_w_id AND o.o_d_id = c.c_d_id AND o.o_c_id = c.c_id JOIN chbenchmark.order_line ol ON ol.ol_w_id = o.o_w_id AND ol.ol_d_id = o.o_d_id AND ol.ol_o_id = o.o_id WHERE c.c_w_id = 2 GROUP BY c.c_id, c.c_first, c.c_last HAVING SUM(ol.ol_amount) > 5000 ORDER BY lifetime_value DESC LIMIT 200",461,2,1,0,True,True,False,3,3,5,3,2,0,0,0,0,40825.24,40825.74,200.0,63,350120.0,573.457,14,10,3,Limit,1,1,0,1,0,1,1,3,1,758133,12,0,0,840000.0,600000.0,124469248,29499392,3,0.0003333333333333333
train_ch_customer_order_totals,"SELECT c.c_id, c.c_first, c.c_last, COUNT(DISTINCT o.o_id) AS orders, SUM(ol.ol_amount) AS lifetime_value FROM chbenchmark.customer c JOIN chbenchmark.oorder o ON o.o_w_id = c.c_w_id AND o.o_d_id = c.c_d_id AND o.o_c_id = c.c_id JOIN chbenchmark.order_line ol ON ol.ol_w_id = o.o_w_id AND ol.ol_d_id = o.o_d_id AND ol.ol_o_id = o.o_id WHERE c.c_w_id = 2 GROUP BY c.c_id, c.c_first, c.c_last HAVING SUM(ol.ol_amount) > 5000 ORDER BY lifetime_value DESC LIMIT 200",461,2,1,0,True,True,False,3,3,5,3,2,0,0,0,0,40825.24,40825.74,200.0,63,350120.0,471.351,14,10,3,Limit,1,1,0,1,0,1,1,3,1,758145,0,0,0,840000.0,600000.0,124469248,29499392,3,0.0003333333333333333
train_ch_customer_last_order,"SELECT c.c_id, c.c_first, c.c_last, latest.o_id, latest.o_entry_d, latest.order_value FROM chbenchmark.customer c LEFT JOIN LATERAL ( SELECT o.o_id, o.o_entry_d, SUM(ol.ol_amount) AS order_value FROM chbenchmark.oorder o JOIN chbenchmark.order_line ol ON ol.ol_w_id = o.o_w_id AND ol.ol_d_id = o.o_d_id AND ol.ol_o_id = o.o_id WHERE o.o_w_id = c.c_w_id AND o.o_d_id = c.c_d_id AND o.o_c_id = c.c_id GROUP BY o.o_id, o.o_entry_d ORDER BY o.o_entry_d DESC LIMIT 1 ) latest ON true WHERE c.c_w_id = 2 AND c.c_d_id = 10 ORDER BY latest.o_entry_d DESC NULLS LAST LIMIT 300",567,2,5,1,True,True,False,3,3,9,1,1,1,0,0,0,3077157.3,3077158.05,300.0,67,12502.0,5041.467,12,10,3,Limit,1,1,0,1,0,0,2,2,1,26624564,0,0,0,840000.0,600000.0,124469248,29499392,3,0.0005
train_ch_customer_last_order,"SELECT c.c_id, c.c_first, c.c_last, latest.o_id, latest.o_entry_d, latest.order_value FROM chbenchmark.customer c LEFT JOIN LATERAL ( SELECT o.o_id, o.o_entry_d, SUM(ol.ol_amount) AS order_value FROM chbenchmark.oorder o JOIN chbenchmark.order_line ol ON ol.ol_w_id = o.o_w_id AND ol.ol_d_id = o.o_d_id AND ol.ol_o_id = o.o_id WHERE o.o_w_id = c.c_w_id AND o.o_d_id = c.c_d_id AND o.o_c_id = c.c_id GROUP BY o.o_id, o.o_entry_d ORDER BY o.o_entry_d DESC LIMIT 1 ) latest ON true WHERE c.c_w_id = 2 AND c.c_d_id = 10 ORDER BY latest.o_entry_d DESC NULLS LAST LIMIT 300",567,2,5,1,True,True,False,3,3,9,1,1,1,0,0,0,3077157.3,3077158.05,300.0,67,12502.0,5122.418,12,10,3,Limit,1,1,0,1,0,0,2,2,1,26624564,0,0,0,840000.0,600000.0,124469248,29499392,3,0.0005
train_ch_regional_low_stock,"SELECT r.r_name, n.n_name, su.su_name, i.i_id, i.i_name, MIN(s.s_quantity) AS minimum_quantity FROM chbenchmark.stock s JOIN chbenchmark.item i ON i.i_id = s.s_i_id JOIN chbenchmark.supplier su ON su.su_suppkey = MOD(s.s_w_id * s.s_i_id, 10000) JOIN chbenchmark.nation n ON n.n_nationkey = su.su_nationkey JOIN chbenchmark.region r ON r.r_regionkey = n.n_regionkey WHERE r.r_name = 'AMERICA' AND s.s_quantity < 40 GROUP BY r.r_name, n.n_name, su.su_name, i.i_id, i.i_name ORDER BY minimum_quantity, i.i_id LIMIT 250",515,4,2,0,True,True,False,5,5,6,1,4,0,0,0,0,4262.08,4262.7,250.0,52,81119.0,34.218,16,12,5,Limit,5,0,0,0,4,0,0,1,1,11526,0,0,0,160030.0,120000.0,17670144,3702784,7,0.0020833333333333333
train_ch_regional_low_stock,"SELECT r.r_name, n.n_name, su.su_name, i.i_id, i.i_name, MIN(s.s_quantity) AS minimum_quantity FROM chbenchmark.stock s JOIN chbenchmark.item i ON i.i_id = s.s_i_id JOIN chbenchmark.supplier su ON su.su_suppkey = MOD(s.s_w_id * s.s_i_id, 10000) JOIN chbenchmark.nation n ON n.n_nationkey = su.su_nationkey JOIN chbenchmark.region r ON r.r_regionkey = n.n_regionkey WHERE r.r_name = 'AMERICA' AND s.s_quantity < 40 GROUP BY r.r_name, n.n_name, su.su_name, i.i_id, i.i_name ORDER BY minimum_quantity, i.i_id LIMIT 250",515,4,2,0,True,True,False,5,5,6,1,4,0,0,0,0,4262.08,4262.7,250.0,52,81119.0,33.552,16,12,5,Limit,5,0,0,0,4,0,0,1,1,11526,0,0,0,160030.0,120000.0,17670144,3702784,7,0.0020833333333333333
train_ch_district_revenue,"SELECT o.o_d_id, COUNT(DISTINCT o.o_id) AS orders, SUM(ol.ol_quantity) AS units, SUM(ol.ol_amount) AS revenue FROM chbenchmark.oorder o JOIN chbenchmark.order_line ol ON ol.ol_w_id = o.o_w_id AND ol.ol_d_id = o.o_d_id AND ol.ol_o_id = o.o_id WHERE o.o_w_id = 3 AND o.o_entry_d >= DATE '2025-01-09' - INTERVAL '90 days' AND o.o_entry_d < DATE '2025-01-09' + INTERVAL '1 day' GROUP BY o.o_d_id ORDER BY revenue DESC",413,1,3,0,True,True,False,2,2,4,3,1,0,0,0,0,16383.98,16384.01,10.0,76,119501.0,80.479,9,8,2,Sort,1,0,0,1,1,0,0,2,1,70851,0,0,0,720000.0,600000.0,96862208,24797184,2,1.6666666666666667e-05
train_ch_district_revenue,"SELECT o.o_d_id, COUNT(DISTINCT o.o_id) AS orders, SUM(ol.ol_quantity) AS units, SUM(ol.ol_amount) AS revenue FROM chbenchmark.oorder o JOIN chbenchmark.order_line ol ON ol.ol_w_id = o.o_w_id AND ol.ol_d_id = o.o_d_id AND ol.ol_o_id = o.o_id WHERE o.o_w_id = 3 AND o.o_entry_d >= DATE '2025-01-09' - INTERVAL '90 days' AND o.o_entry_d < DATE '2025-01-09' + INTERVAL '1 day' GROUP BY o.o_d_id ORDER BY revenue DESC",413,1,3,0,True,True,False,2,2,4,3,1,0,0,0,0,16383.98,16384.01,10.0,76,119501.0,94.001,9,8,2,Sort,1,0,0,1,1,0,0,2,1,70851,0,0,0,720000.0,600000.0,96862208,24797184,2,1.6666666666666667e-05
train_ch_product_sales_by_state,"SELECT i.i_id, i.i_name, COUNT(DISTINCT o.o_id) AS orders, SUM(ol.ol_quantity) AS units, SUM(ol.ol_amount) AS revenue FROM chbenchmark.customer c JOIN chbenchmark.oorder o ON o.o_w_id = c.c_w_id AND o.o_d_id = c.c_d_id AND o.o_c_id = c.c_id JOIN chbenchmark.order_line ol ON ol.ol_w_id = o.o_w_id AND ol.ol_d_id = o.o_d_id AND ol.ol_o_id = o.o_id JOIN chbenchmark.item i ON i.i_id = ol.ol_i_id WHERE c.c_state = 'NY' GROUP BY i.i_id, i.i_name ORDER BY revenue DESC LIMIT 150",474,3,1,0,True,True,False,4,4,5,3,3,0,0,0,0,32694.08,32694.46,150.0,88,550696.0,449.404,14,9,4,Limit,3,1,0,0,2,0,1,2,1,576122,10040,1768,1772,870000.0,600000.0,127729664,30187520,4,0.00025
train_ch_product_sales_by_state,"SELECT i.i_id, i.i_name, COUNT(DISTINCT o.o_id) AS orders, SUM(ol.ol_quantity) AS units, SUM(ol.ol_amount) AS revenue FROM chbenchmark.customer c JOIN chbenchmark.oorder o ON o.o_w_id = c.c_w_id AND o.o_d_id = c.c_d_id AND o.o_c_id = c.c_id JOIN chbenchmark.order_line ol ON ol.ol_w_id = o.o_w_id AND ol.ol_d_id = o.o_d_id AND ol.ol_o_id = o.o_id JOIN chbenchmark.item i ON i.i_id = ol.ol_i_id WHERE c.c_state = 'NY' GROUP BY i.i_id, i.i_name ORDER BY revenue DESC LIMIT 150",474,3,1,0,True,True,False,4,4,5,3,3,0,0,0,0,32694.08,32694.46,150.0,88,550696.0,509.999,14,9,4,Limit,3,1,0,0,2,0,1,2,1,586162,0,1768,1772,870000.0,600000.0,127729664,30187520,4,0.00025
train_ch_payment_activity,"SELECT h.h_w_id, h.h_d_id, COUNT(*) AS payments, SUM(h.h_amount) AS amount, COUNT(DISTINCT h.h_c_id) AS customers FROM chbenchmark.history h WHERE h.h_date >= DATE '2024-11-23' - INTERVAL '180 days' AND h.h_amount >= 250 GROUP BY h.h_w_id, h.h_d_id ORDER BY amount DESC",269,0,2,0,True,True,False,1,1,5,3,0,0,0,0,0,4093.84,4093.94,40.0,56,20258.0,33.979,4,4,1,Sort,1,0,0,0,0,0,0,2,1,0,5880,0,0,120000.0,120000.0,16670720,4595712,1,0.0003333333333333333
train_ch_payment_activity,"SELECT h.h_w_id, h.h_d_id, COUNT(*) AS payments, SUM(h.h_amount) AS amount, COUNT(DISTINCT h.h_c_id) AS customers FROM chbenchmark.history h WHERE h.h_date >= DATE '2024-11-23' - INTERVAL '180 days' AND h.h_amount >= 250 GROUP BY h.h_w_id, h.h_d_id ORDER BY amount DESC",269,0,2,0,True,True,False,1,1,5,3,0,0,0,0,0,4093.84,4093.94,40.0,56,20258.0,33.726,4,4,1,Sort,1,0,0,0,0,0,0,2,1,3972,1908,0,0,120000.0,120000.0,16670720,4595712,1,0.0003333333333333333
train_ch_unsold_items,"SELECT i.i_id, i.i_name, i.i_price, s.s_quantity FROM chbenchmark.item i JOIN chbenchmark.stock s ON s.s_i_id = i.i_id AND s.s_w_id = 4 WHERE NOT EXISTS ( SELECT 1 FROM chbenchmark.order_line ol JOIN chbenchmark.oorder o ON o.o_w_id = ol.ol_w_id AND o.o_d_id = ol.ol_d_id AND o.o_id = ol.ol_o_id WHERE ol.ol_i_id = i.i_id AND ol.ol_w_id = 4 AND o.o_entry_d >= DATE '2024-04-23' - INTERVAL '90 days' ) ORDER BY s.s_quantity DESC LIMIT 300",437,2,4,1,False,True,False,4,4,5,0,2,0,0,0,0,18367.64,18385.84,156.0,26,312282.0,143.652,15,8,4,Limit,2,0,0,2,3,0,0,1,0,74585,6437,0,0,870000.0,600000.0,113000448,28188672,4,0.00026
train_ch_unsold_items,"SELECT i.i_id, i.i_name, i.i_price, s.s_quantity FROM chbenchmark.item i JOIN chbenchmark.stock s ON s.s_i_id = i.i_id AND s.s_w_id = 4 WHERE NOT EXISTS ( SELECT 1 FROM chbenchmark.order_line ol JOIN chbenchmark.oorder o ON o.o_w_id = ol.ol_w_id AND o.o_d_id = ol.ol_d_id AND o.o_id = ol.ol_o_id WHERE ol.ol_i_id = i.i_id AND ol.ol_w_id = 4 AND o.o_entry_d >= DATE '2024-04-23' - INTERVAL '90 days' ) ORDER BY s.s_quantity DESC LIMIT 300",437,2,4,1,False,True,False,4,4,5,0,2,0,0,0,0,18367.64,18385.84,156.0,26,312282.0,141.725,15,8,4,Limit,2,0,0,2,3,0,0,1,0,79018,2004,0,0,870000.0,600000.0,113000448,28188672,4,0.00026
train_ch_promotional_items,"SELECT i.i_id, i.i_name, SUM(ol.ol_quantity) AS units, SUM(ol.ol_amount) AS revenue FROM chbenchmark.item i JOIN chbenchmark.order_line ol ON ol.ol_i_id = i.i_id JOIN chbenchmark.oorder o ON o.o_w_id = ol.ol_w_id AND o.o_d_id = ol.ol_d_id AND o.o_id = ol.ol_o_id WHERE i.i_data ILIKE '%PROMO%' AND o.o_entry_d >= DATE '2025-08-10' - INTERVAL '365 days' GROUP BY i.i_id, i.i_name ORDER BY revenue DESC LIMIT 100",410,2,2,0,True,True,False,3,3,4,2,2,0,0,0,0,13957.12,13957.37,100.0,80,256950.0,125.657,12,10,3,Limit,2,1,0,0,1,0,1,2,2,264769,5198,0,0,750000.0,600000.0,100122624,25485312,3,0.00016666666666666666
train_ch_promotional_items,"SELECT i.i_id, i.i_name, SUM(ol.ol_quantity) AS units, SUM(ol.ol_amount) AS revenue FROM chbenchmark.item i JOIN chbenchmark.order_line ol ON ol.ol_i_id = i.i_id JOIN chbenchmark.oorder o ON o.o_w_id = ol.ol_w_id AND o.o_d_id = ol.ol_d_id AND o.o_id = ol.ol_o_id WHERE i.i_data ILIKE '%PROMO%' AND o.o_entry_d >= DATE '2025-08-10' - INTERVAL '365 days' GROUP BY i.i_id, i.i_name ORDER BY revenue DESC LIMIT 100",410,2,2,0,True,True,False,3,3,4,2,2,0,0,0,0,13957.12,13957.37,100.0,80,256950.0,134.933,12,10,3,Limit,2,1,0,0,1,0,1,2,2,268689,1278,0,0,750000.0,600000.0,100122624,25485312,3,0.00016666666666666666
train_ch_credit_risk,"SELECT c.c_w_id, c.c_d_id, c.c_id, c.c_balance, COUNT(no.no_o_id) AS pending_orders FROM chbenchmark.customer c LEFT JOIN chbenchmark.oorder o ON o.o_w_id = c.c_w_id AND o.o_d_id = c.c_d_id AND o.o_c_id = c.c_id LEFT JOIN chbenchmark.new_order no ON no.no_w_id = o.o_w_id AND no.no_d_id = o.o_d_id AND no.no_o_id = o.o_id WHERE c.c_credit = 'BC' AND c.c_state = 'OH' AND c.c_balance > 1000 GROUP BY c.c_w_id, c.c_d_id, c.c_id, c.c_balance ORDER BY pending_orders DESC, c.c_balance DESC LIMIT 250",495,2,3,0,True,True,False,3,3,5,1,0,2,0,0,0,8494.53,8495.15,250.0,26,127795.0,78.395,10,8,3,Limit,2,0,1,0,1,0,1,2,1,22169,20368,0,0,276000.0,120000.0,42901504,10428416,3,0.0020833333333333333
train_ch_credit_risk,"SELECT c.c_w_id, c.c_d_id, c.c_id, c.c_balance, COUNT(no.no_o_id) AS pending_orders FROM chbenchmark.customer c LEFT JOIN chbenchmark.oorder o ON o.o_w_id = c.c_w_id AND o.o_d_id = c.c_d_id AND o.o_c_id = c.c_id LEFT JOIN chbenchmark.new_order no ON no.no_w_id = o.o_w_id AND no.no_d_id = o.o_d_id AND no.no_o_id = o.o_id WHERE c.c_credit = 'BC' AND c.c_state = 'OH' AND c.c_balance > 1000 GROUP BY c.c_w_id, c.c_d_id, c.c_id, c.c_balance ORDER BY pending_orders DESC, c.c_balance DESC LIMIT 250",495,2,3,0,True,True,False,3,3,5,1,0,2,0,0,0,8494.53,8495.15,250.0,26,127795.0,65.303,10,8,3,Limit,2,0,1,0,1,0,1,2,1,42537,0,0,0,276000.0,120000.0,42901504,10428416,3,0.0020833333333333333
train_ch_backlog,"SELECT no.no_d_id, COUNT(*) AS pending_orders, MIN(o.o_entry_d) AS oldest_order, SUM(ol.ol_amount) AS pending_value FROM chbenchmark.new_order no JOIN chbenchmark.oorder o ON o.o_w_id = no.no_w_id AND o.o_d_id = no.no_d_id AND o.o_id = no.no_o_id JOIN chbenchmark.order_line ol ON ol.ol_w_id = o.o_w_id AND ol.ol_d_id = o.o_d_id AND ol.ol_o_id = o.o_id WHERE no.no_w_id = 1 GROUP BY no.no_d_id ORDER BY oldest_order",415,2,1,0,True,True,False,3,3,4,3,2,0,0,0,0,15589.75,15589.78,10.0,52,208207.0,118.188,13,9,3,Sort,1,0,1,1,2,0,0,2,2,88546,2084,0,0,756000.0,600000.0,100024320,26329088,3,1.6666666666666667e-05
train_ch_backlog,"SELECT no.no_d_id, COUNT(*) AS pending_orders, MIN(o.o_entry_d) AS oldest_order, SUM(ol.ol_amount) AS pending_value FROM chbenchmark.new_order no JOIN chbenchmark.oorder o ON o.o_w_id = no.no_w_id AND o.o_d_id = no.no_d_id AND o.o_id = no.no_o_id JOIN chbenchmark.order_line ol ON ol.ol_w_id = o.o_w_id AND ol.ol_d_id = o.o_d_id AND ol.ol_o_id = o.o_id WHERE no.no_w_id = 1 GROUP BY no.no_d_id ORDER BY oldest_order",415,2,1,0,True,True,False,3,3,4,3,2,0,0,0,0,15589.75,15589.78,10.0,52,208207.0,115.147,13,9,3,Sort,1,0,1,1,2,0,0,2,2,89006,1624,0,0,756000.0,600000.0,100024320,26329088,3,1.6666666666666667e-05
train_ch_delivery_delay,"SELECT o.o_d_id, o.o_id, o.o_entry_d, MAX(ol.ol_delivery_d) AS completed_at, MAX(ol.ol_delivery_d) - o.o_entry_d AS elapsed FROM chbenchmark.oorder o JOIN chbenchmark.order_line ol ON ol.ol_w_id = o.o_w_id AND ol.ol_d_id = o.o_d_id AND ol.ol_o_id = o.o_id WHERE o.o_w_id = 4 AND ol.ol_delivery_d IS NOT NULL GROUP BY o.o_d_id, o.o_id, o.o_entry_d HAVING MAX(ol.ol_delivery_d) - o.o_entry_d > INTERVAL '72 hours' ORDER BY elapsed DESC LIMIT 250",443,1,2,0,True,True,False,2,2,5,3,1,0,0,0,0,18344.24,18344.86,250.0,40,465610.0,147.839,9,7,2,Limit,0,0,0,2,1,0,0,1,1,48991,855,0,0,720000.0,600000.0,96862208,24797184,2,0.0004166666666666667
train_ch_delivery_delay,"SELECT o.o_d_id, o.o_id, o.o_entry_d, MAX(ol.ol_delivery_d) AS completed_at, MAX(ol.ol_delivery_d) - o.o_entry_d AS elapsed FROM chbenchmark.oorder o JOIN chbenchmark.order_line ol ON ol.ol_w_id = o.o_w_id AND ol.ol_d_id = o.o_d_id AND ol.ol_o_id = o.o_id WHERE o.o_w_id = 4 AND ol.ol_delivery_d IS NOT NULL GROUP BY o.o_d_id, o.o_id, o.o_entry_d HAVING MAX(ol.ol_delivery_d) - o.o_entry_d > INTERVAL '72 hours' ORDER BY elapsed DESC LIMIT 250",443,1,2,0,True,True,False,2,2,5,3,1,0,0,0,0,18344.24,18344.86,250.0,40,465610.0,139.013,9,7,2,Limit,0,0,0,2,1,0,0,1,1,49846,0,0,0,720000.0,600000.0,96862208,24797184,2,0.0004166666666666667
train_ch_customer_balance_rank,"SELECT c_w_id, c_d_id, c_id, c_balance, DENSE_RANK() OVER (PARTITION BY c_w_id ORDER BY c_balance DESC) AS balance_rank, CUME_DIST() OVER (PARTITION BY c_w_id ORDER BY c_balance) AS balance_percentile FROM chbenchmark.customer WHERE c_state = 'TX' ORDER BY c_w_id, balance_rank LIMIT 500",287,0,1,0,False,True,False,1,1,6,2,0,0,0,0,0,6420.16,6478.92,500.0,34,102380.0,63.32,7,7,1,Limit,1,0,0,0,0,0,0,1,0,19544,0,0,0,120000.0,120000.0,27607040,4702208,1,0.004166666666666667
train_ch_customer_balance_rank,"SELECT c_w_id, c_d_id, c_id, c_balance, DENSE_RANK() OVER (PARTITION BY c_w_id ORDER BY c_balance DESC) AS balance_rank, CUME_DIST() OVER (PARTITION BY c_w_id ORDER BY c_balance) AS balance_percentile FROM chbenchmark.customer WHERE c_state = 'TX' ORDER BY c_w_id, balance_rank LIMIT 500",287,0,1,0,False,True,False,1,1,6,2,0,0,0,0,0,6420.16,6478.92,500.0,34,102380.0,63.994,7,7,1,Limit,1,0,0,0,0,0,0,1,0,19544,0,0,0,120000.0,120000.0,27607040,4702208,1,0.004166666666666667
train_ch_item_price_band,"SELECT width_bucket(i_price, 200, 300, 8) AS price_band, COUNT(*) AS items, AVG(i_price) AS avg_price, COUNT(*) FILTER (WHERE i_data ILIKE '%PROMO%') AS promotional FROM chbenchmark.item WHERE i_price BETWEEN 200 AND 300 GROUP BY price_band ORDER BY price_band",260,0,2,0,True,True,False,1,1,4,3,0,0,0,0,0,1155.0,1336.44,6048.0,52,18144.0,15.365,3,3,1,Aggregate,1,0,0,0,0,0,0,1,1,930,0,0,0,30000.0,30000.0,3260416,688128,1,0.2016
train_ch_item_price_band,"SELECT width_bucket(i_price, 200, 300, 8) AS price_band, COUNT(*) AS items, AVG(i_price) AS avg_price, COUNT(*) FILTER (WHERE i_data ILIKE '%PROMO%') AS promotional FROM chbenchmark.item WHERE i_price BETWEEN 200 AND 300 GROUP BY price_band ORDER BY price_band",260,0,2,0,True,True,False,1,1,4,3,0,0,0,0,0,1155.0,1336.44,6048.0,52,18144.0,15.182,3,3,1,Aggregate,1,0,0,0,0,0,0,1,1,930,0,0,0,30000.0,30000.0,3260416,688128,1,0.2016
train_ch_line_summary,"SELECT ol_number, SUM(ol_quantity) AS units, SUM(ol_amount) AS revenue, AVG(ol_amount) AS avg_amount, COUNT(*) AS line_count FROM chbenchmark.order_line WHERE ol_delivery_d >= DATE '2025-06-28' - INTERVAL '120 days' AND ol_delivery_d < DATE '2025-06-28' + INTERVAL '30 days' GROUP BY ol_number ORDER BY revenue DESC",315,0,2,0,True,True,False,1,1,5,4,0,0,0,0,0,12810.12,12810.13,5.0,108,23580.0,71.697,6,6,1,Sort,1,0,0,0,0,0,0,2,2,46994,0,0,0,600000.0,600000.0,84729856,20602880,1,8.333333333333334e-06
train_ch_line_summary,"SELECT ol_number, SUM(ol_quantity) AS units, SUM(ol_amount) AS revenue, AVG(ol_amount) AS avg_amount, COUNT(*) AS line_count FROM chbenchmark.order_line WHERE ol_delivery_d >= DATE '2025-06-28' - INTERVAL '120 days' AND ol_delivery_d < DATE '2025-06-28' + INTERVAL '30 days' GROUP BY ol_number ORDER BY revenue DESC",315,0,2,0,True,True,False,1,1,5,4,0,0,0,0,0,12810.12,12810.13,5.0,108,23580.0,67.467,6,6,1,Sort,1,0,0,0,0,0,0,2,2,46994,0,0,0,600000.0,600000.0,84729856,20602880,1,8.333333333333334e-06
train_ch_supplier_sales,"SELECT su.su_suppkey, su.su_name, COUNT(*) AS supplied_lines, SUM(ol.ol_amount) AS revenue, AVG(s.s_quantity) AS avg_stock FROM chbenchmark.supplier su JOIN chbenchmark.stock s ON MOD(s.s_w_id * s.s_i_id, 10000) = su.su_suppkey JOIN chbenchmark.order_line ol ON ol.ol_supply_w_id = s.s_w_id AND ol.ol_i_id = s.s_i_id WHERE su.su_nationkey = 2 GROUP BY su.su_suppkey, su.su_name ORDER BY revenue DESC LIMIT 200",409,2,1,0,True,True,False,3,3,5,3,2,0,0,0,0,15968.43,15968.93,200.0,91,339636.0,122.35,13,11,3,Limit,3,0,0,0,2,0,0,2,2,68952,10843,0,0,730000.0,600000.0,99057664,23552000,3,0.0003333333333333333
train_ch_supplier_sales,"SELECT su.su_suppkey, su.su_name, COUNT(*) AS supplied_lines, SUM(ol.ol_amount) AS revenue, AVG(s.s_quantity) AS avg_stock FROM chbenchmark.supplier su JOIN chbenchmark.stock s ON MOD(s.s_w_id * s.s_i_id, 10000) = su.su_suppkey JOIN chbenchmark.order_line ol ON ol.ol_supply_w_id = s.s_w_id AND ol.ol_i_id = s.s_i_id WHERE su.su_nationkey = 2 GROUP BY su.su_suppkey, su.su_name ORDER BY revenue DESC LIMIT 200",409,2,1,0,True,True,False,3,3,5,3,2,0,0,0,0,15968.43,15968.93,200.0,91,339636.0,121.674,13,11,3,Limit,3,0,0,0,2,0,0,2,2,79795,0,0,0,730000.0,600000.0,99057664,23552000,3,0.0003333333333333333
train_ch_supplier_sales,"SELECT su.su_suppkey, su.su_name, COUNT(*) AS supplied_lines, SUM(ol.ol_amount) AS revenue, AVG(s.s_quantity) AS avg_stock FROM chbenchmark.supplier su JOIN chbenchmark.stock s ON MOD(s.s_w_id * s.s_i_id, 10000) = su.su_suppkey JOIN chbenchmark.order_line ol ON ol.ol_supply_w_id = s.s_w_id AND ol.ol_i_id = s.s_i_id WHERE su.su_nationkey = 7 GROUP BY su.su_suppkey, su.su_name ORDER BY revenue DESC LIMIT 200",409,2,1,0,True,True,False,3,3,5,3,2,0,0,0,0,15968.43,15968.93,200.0,91,339636.0,118.651,13,11,3,Limit,3,0,0,0,2,0,0,2,2,79795,0,0,0,730000.0,600000.0,99057664,23552000,3,0.0003333333333333333
train_ch_supplier_sales,"SELECT su.su_suppkey, su.su_name, COUNT(*) AS supplied_lines, SUM(ol.ol_amount) AS revenue, AVG(s.s_quantity) AS avg_stock FROM chbenchmark.supplier su JOIN chbenchmark.stock s ON MOD(s.s_w_id * s.s_i_id, 10000) = su.su_suppkey JOIN chbenchmark.order_line ol ON ol.ol_supply_w_id = s.s_w_id AND ol.ol_i_id = s.s_i_id WHERE su.su_nationkey = 7 GROUP BY su.su_suppkey, su.su_name ORDER BY revenue DESC LIMIT 200",409,2,1,0,True,True,False,3,3,5,3,2,0,0,0,0,15968.43,15968.93,200.0,91,339636.0,147.085,13,11,3,Limit,3,0,0,0,2,0,0,2,2,79795,0,0,0,730000.0,600000.0,99057664,23552000,3,0.0003333333333333333
train_ch_item_price_band,"SELECT width_bucket(i_price, 200, 300, 8) AS price_band, COUNT(*) AS items, AVG(i_price) AS avg_price, COUNT(*) FILTER (WHERE i_data ILIKE '%PROMO%') AS promotional FROM chbenchmark.item WHERE i_price BETWEEN 200 AND 300 GROUP BY price_band ORDER BY price_band",260,0,2,0,True,True,False,1,1,4,3,0,0,0,0,0,1155.0,1336.44,6048.0,52,18144.0,24.081,3,3,1,Aggregate,1,0,0,0,0,0,0,1,1,930,0,0,0,30000.0,30000.0,3260416,688128,1,0.2016
train_ch_item_price_band,"SELECT width_bucket(i_price, 200, 300, 8) AS price_band, COUNT(*) AS items, AVG(i_price) AS avg_price, COUNT(*) FILTER (WHERE i_data ILIKE '%PROMO%') AS promotional FROM chbenchmark.item WHERE i_price BETWEEN 200 AND 300 GROUP BY price_band ORDER BY price_band",260,0,2,0,True,True,False,1,1,4,3,0,0,0,0,0,1155.0,1336.44,6048.0,52,18144.0,18.098,3,3,1,Aggregate,1,0,0,0,0,0,0,1,1,930,0,0,0,30000.0,30000.0,3260416,688128,1,0.2016
train_ch_customer_order_totals,"SELECT c.c_id, c.c_first, c.c_last, COUNT(DISTINCT o.o_id) AS orders, SUM(ol.ol_amount) AS lifetime_value FROM chbenchmark.customer c JOIN chbenchmark.oorder o ON o.o_w_id = c.c_w_id AND o.o_d_id = c.c_d_id AND o.o_c_id = c.c_id JOIN chbenchmark.order_line ol ON ol.ol_w_id = o.o_w_id AND ol.ol_d_id = o.o_d_id AND ol.ol_o_id = o.o_id WHERE c.c_w_id = 3 GROUP BY c.c_id, c.c_first, c.c_last HAVING SUM(ol.ol_amount) > 2500 ORDER BY lifetime_value DESC LIMIT 200",461,2,1,0,True,True,False,3,3,5,3,2,0,0,0,0,40817.66,40818.16,200.0,63,347848.0,449.804,14,10,3,Limit,1,1,0,1,0,1,1,3,1,757809,336,0,0,840000.0,600000.0,124469248,29499392,3,0.0003333333333333333
train_ch_customer_order_totals,"SELECT c.c_id, c.c_first, c.c_last, COUNT(DISTINCT o.o_id) AS orders, SUM(ol.ol_amount) AS lifetime_value FROM chbenchmark.customer c JOIN chbenchmark.oorder o ON o.o_w_id = c.c_w_id AND o.o_d_id = c.c_d_id AND o.o_c_id = c.c_id JOIN chbenchmark.order_line ol ON ol.ol_w_id = o.o_w_id AND ol.ol_d_id = o.o_d_id AND ol.ol_o_id = o.o_id WHERE c.c_w_id = 3 GROUP BY c.c_id, c.c_first, c.c_last HAVING SUM(ol.ol_amount) > 2500 ORDER BY lifetime_value DESC LIMIT 200",461,2,1,0,True,True,False,3,3,5,3,2,0,0,0,0,40817.66,40818.16,200.0,63,347848.0,428.143,14,10,3,Limit,1,1,0,1,0,1,1,3,1,758145,0,0,0,840000.0,600000.0,124469248,29499392,3,0.0003333333333333333
train_ch_promotional_items,"SELECT i.i_id, i.i_name, SUM(ol.ol_quantity) AS units, SUM(ol.ol_amount) AS revenue FROM chbenchmark.item i JOIN chbenchmark.order_line ol ON ol.ol_i_id = i.i_id JOIN chbenchmark.oorder o ON o.o_w_id = ol.ol_w_id AND o.o_d_id = ol.ol_d_id AND o.o_id = ol.ol_o_id WHERE i.i_data ILIKE '%PROMO%' AND o.o_entry_d >= DATE '2025-03-20' - INTERVAL '365 days' GROUP BY i.i_id, i.i_name ORDER BY revenue DESC LIMIT 100",410,2,2,0,True,True,False,3,3,4,2,2,0,0,0,0,13978.68,13978.93,100.0,80,257576.0,153.859,12,10,3,Limit,2,1,0,0,1,0,1,2,2,269967,0,0,0,750000.0,600000.0,100122624,25485312,3,0.00016666666666666666
train_ch_promotional_items,"SELECT i.i_id, i.i_name, SUM(ol.ol_quantity) AS units, SUM(ol.ol_amount) AS revenue FROM chbenchmark.item i JOIN chbenchmark.order_line ol ON ol.ol_i_id = i.i_id JOIN chbenchmark.oorder o ON o.o_w_id = ol.ol_w_id AND o.o_d_id = ol.ol_d_id AND o.o_id = ol.ol_o_id WHERE i.i_data ILIKE '%PROMO%' AND o.o_entry_d >= DATE '2025-03-20' - INTERVAL '365 days' GROUP BY i.i_id, i.i_name ORDER BY revenue DESC LIMIT 100",410,2,2,0,True,True,False,3,3,4,2,2,0,0,0,0,13978.68,13978.93,100.0,80,257576.0,152.042,12,10,3,Limit,2,1,0,0,1,0,1,2,2,269967,0,0,0,750000.0,600000.0,100122624,25485312,3,0.00016666666666666666
train_ch_payment_activity,"SELECT h.h_w_id, h.h_d_id, COUNT(*) AS payments, SUM(h.h_amount) AS amount, COUNT(DISTINCT h.h_c_id) AS customers FROM chbenchmark.history h WHERE h.h_date >= DATE '2023-07-28' - INTERVAL '180 days' AND h.h_amount >= 250 GROUP BY h.h_w_id, h.h_d_id ORDER BY amount DESC",269,0,2,0,True,True,False,1,1,5,3,0,0,0,0,0,5012.23,5012.33,40.0,56,40334.0,53.821,4,4,1,Sort,1,0,0,0,0,0,0,2,1,0,5880,0,0,120000.0,120000.0,16670720,4595712,1,0.0003333333333333333
train_ch_payment_activity,"SELECT h.h_w_id, h.h_d_id, COUNT(*) AS payments, SUM(h.h_amount) AS amount, COUNT(DISTINCT h.h_c_id) AS customers FROM chbenchmark.history h WHERE h.h_date >= DATE '2023-07-28' - INTERVAL '180 days' AND h.h_amount >= 250 GROUP BY h.h_w_id, h.h_d_id ORDER BY amount DESC",269,0,2,0,True,True,False,1,1,5,3,0,0,0,0,0,5012.23,5012.33,40.0,56,40334.0,61.328,4,4,1,Sort,1,0,0,0,0,0,0,2,1,2320,3560,0,0,120000.0,120000.0,16670720,4595712,1,0.0003333333333333333
train_ch_unsold_items,"SELECT i.i_id, i.i_name, i.i_price, s.s_quantity FROM chbenchmark.item i JOIN chbenchmark.stock s ON s.s_i_id = i.i_id AND s.s_w_id = 4 WHERE NOT EXISTS ( SELECT 1 FROM chbenchmark.order_line ol JOIN chbenchmark.oorder o ON o.o_w_id = ol.ol_w_id AND o.o_d_id = ol.ol_d_id AND o.o_id = ol.ol_o_id WHERE ol.ol_i_id = i.i_id AND ol.ol_w_id = 4 AND o.o_entry_d >= DATE '2024-10-04' - INTERVAL '90 days' ) ORDER BY s.s_quantity DESC LIMIT 300",437,2,4,1,False,True,False,4,4,5,0,2,0,0,0,0,18212.97,18231.18,156.0,26,294347.0,147.906,15,8,4,Limit,2,0,0,2,3,0,0,1,0,80358,664,0,0,870000.0,600000.0,113000448,28188672,4,0.00026
train_ch_unsold_items,"SELECT i.i_id, i.i_name, i.i_price, s.s_quantity FROM chbenchmark.item i JOIN chbenchmark.stock s ON s.s_i_id = i.i_id AND s.s_w_id = 4 WHERE NOT EXISTS ( SELECT 1 FROM chbenchmark.order_line ol JOIN chbenchmark.oorder o ON o.o_w_id = ol.ol_w_id AND o.o_d_id = ol.ol_d_id AND o.o_id = ol.ol_o_id WHERE ol.ol_i_id = i.i_id AND ol.ol_w_id = 4 AND o.o_entry_d >= DATE '2024-10-04' - INTERVAL '90 days' ) ORDER BY s.s_quantity DESC LIMIT 300",437,2,4,1,False,True,False,4,4,5,0,2,0,0,0,0,18212.97,18231.18,156.0,26,294347.0,126.825,15,8,4,Limit,2,0,0,2,3,0,0,1,0,81022,0,0,0,870000.0,600000.0,113000448,28188672,4,0.00026
train_ch_customer_balance_rank,"SELECT c_w_id, c_d_id, c_id, c_balance, DENSE_RANK() OVER (PARTITION BY c_w_id ORDER BY c_balance DESC) AS balance_rank, CUME_DIST() OVER (PARTITION BY c_w_id ORDER BY c_balance) AS balance_percentile FROM chbenchmark.customer WHERE c_state = 'TX' ORDER BY c_w_id, balance_rank LIMIT 500",287,0,1,0,False,True,False,1,1,6,2,0,0,0,0,0,6420.16,6478.92,500.0,34,102380.0,65.066,7,7,1,Limit,1,0,0,0,0,0,0,1,0,19544,0,0,0,120000.0,120000.0,27607040,4702208,1,0.004166666666666667
train_ch_customer_balance_rank,"SELECT c_w_id, c_d_id, c_id, c_balance, DENSE_RANK() OVER (PARTITION BY c_w_id ORDER BY c_balance DESC) AS balance_rank, CUME_DIST() OVER (PARTITION BY c_w_id ORDER BY c_balance) AS balance_percentile FROM chbenchmark.customer WHERE c_state = 'TX' ORDER BY c_w_id, balance_rank LIMIT 500",287,0,1,0,False,True,False,1,1,6,2,0,0,0,0,0,6420.16,6478.92,500.0,34,102380.0,64.495,7,7,1,Limit,1,0,0,0,0,0,0,1,0,19544,0,0,0,120000.0,120000.0,27607040,4702208,1,0.004166666666666667
train_ch_customer_last_order,"SELECT c.c_id, c.c_first, c.c_last, latest.o_id, latest.o_entry_d, latest.order_value FROM chbenchmark.customer c LEFT JOIN LATERAL ( SELECT o.o_id, o.o_entry_d, SUM(ol.ol_amount) AS order_value FROM chbenchmark.oorder o JOIN chbenchmark.order_line ol ON ol.ol_w_id = o.o_w_id AND ol.ol_d_id = o.o_d_id AND ol.ol_o_id = o.o_id WHERE o.o_w_id = c.c_w_id AND o.o_d_id = c.c_d_id AND o.o_c_id = c.c_id GROUP BY o.o_id, o.o_entry_d ORDER BY o.o_entry_d DESC LIMIT 1 ) latest ON true WHERE c.c_w_id = 2 AND c.c_d_id = 10 ORDER BY latest.o_entry_d DESC NULLS LAST LIMIT 300",567,2,5,1,True,True,False,3,3,9,1,1,1,0,0,0,3077157.3,3077158.05,300.0,67,12502.0,5474.966,12,10,3,Limit,1,1,0,1,0,0,2,2,1,26624042,522,0,0,840000.0,600000.0,124469248,29499392,3,0.0005
train_ch_customer_last_order,"SELECT c.c_id, c.c_first, c.c_last, latest.o_id, latest.o_entry_d, latest.order_value FROM chbenchmark.customer c LEFT JOIN LATERAL ( SELECT o.o_id, o.o_entry_d, SUM(ol.ol_amount) AS order_value FROM chbenchmark.oorder o JOIN chbenchmark.order_line ol ON ol.ol_w_id = o.o_w_id AND ol.ol_d_id = o.o_d_id AND ol.ol_o_id = o.o_id WHERE o.o_w_id = c.c_w_id AND o.o_d_id = c.c_d_id AND o.o_c_id = c.c_id GROUP BY o.o_id, o.o_entry_d ORDER BY o.o_entry_d DESC LIMIT 1 ) latest ON true WHERE c.c_w_id = 2 AND c.c_d_id = 10 ORDER BY latest.o_entry_d DESC NULLS LAST LIMIT 300",567,2,5,1,True,True,False,3,3,9,1,1,1,0,0,0,3077157.3,3077158.05,300.0,67,12502.0,4974.379,12,10,3,Limit,1,1,0,1,0,0,2,2,1,26624564,0,0,0,840000.0,600000.0,124469248,29499392,3,0.0005
train_ch_district_revenue,"SELECT o.o_d_id, COUNT(DISTINCT o.o_id) AS orders, SUM(ol.ol_quantity) AS units, SUM(ol.ol_amount) AS revenue FROM chbenchmark.oorder o JOIN chbenchmark.order_line ol ON ol.ol_w_id = o.o_w_id AND ol.ol_d_id = o.o_d_id AND ol.ol_o_id = o.o_id WHERE o.o_w_id = 2 AND o.o_entry_d >= DATE '2025-10-09' - INTERVAL '90 days' AND o.o_entry_d < DATE '2025-10-09' + INTERVAL '1 day' GROUP BY o.o_d_id ORDER BY revenue DESC",413,1,3,0,True,True,False,2,2,4,3,1,0,0,0,0,16411.59,16411.61,10.0,76,120822.0,89.426,9,8,2,Sort,1,0,0,1,1,0,0,2,1,70851,0,0,0,720000.0,600000.0,96862208,24797184,2,1.6666666666666667e-05
train_ch_district_revenue,"SELECT o.o_d_id, COUNT(DISTINCT o.o_id) AS orders, SUM(ol.ol_quantity) AS units, SUM(ol.ol_amount) AS revenue FROM chbenchmark.oorder o JOIN chbenchmark.order_line ol ON ol.ol_w_id = o.o_w_id AND ol.ol_d_id = o.o_d_id AND ol.ol_o_id = o.o_id WHERE o.o_w_id = 2 AND o.o_entry_d >= DATE '2025-10-09' - INTERVAL '90 days' AND o.o_entry_d < DATE '2025-10-09' + INTERVAL '1 day' GROUP BY o.o_d_id ORDER BY revenue DESC",413,1,3,0,True,True,False,2,2,4,3,1,0,0,0,0,16411.59,16411.61,10.0,76,120822.0,91.23,9,8,2,Sort,1,0,0,1,1,0,0,2,1,70851,0,0,0,720000.0,600000.0,96862208,24797184,2,1.6666666666666667e-05
train_ch_backlog,"SELECT no.no_d_id, COUNT(*) AS pending_orders, MIN(o.o_entry_d) AS oldest_order, SUM(ol.ol_amount) AS pending_value FROM chbenchmark.new_order no JOIN chbenchmark.oorder o ON o.o_w_id = no.no_w_id AND o.o_d_id = no.no_d_id AND o.o_id = no.no_o_id JOIN chbenchmark.order_line ol ON ol.ol_w_id = o.o_w_id AND ol.ol_d_id = o.o_d_id AND ol.ol_o_id = o.o_id WHERE no.no_w_id = 3 GROUP BY no.no_d_id ORDER BY oldest_order",415,2,1,0,True,True,False,3,3,4,3,2,0,0,0,0,15576.46,15576.49,10.0,52,207686.0,110.972,13,9,3,Sort,1,0,1,1,2,0,0,2,2,90567,90,0,0,756000.0,600000.0,100024320,26329088,3,1.6666666666666667e-05
train_ch_backlog,"SELECT no.no_d_id, COUNT(*) AS pending_orders, MIN(o.o_entry_d) AS oldest_order, SUM(ol.ol_amount) AS pending_value FROM chbenchmark.new_order no JOIN chbenchmark.oorder o ON o.o_w_id = no.no_w_id AND o.o_d_id = no.no_d_id AND o.o_id = no.no_o_id JOIN chbenchmark.order_line ol ON ol.ol_w_id = o.o_w_id AND ol.ol_d_id = o.o_d_id AND ol.ol_o_id = o.o_id WHERE no.no_w_id = 3 GROUP BY no.no_d_id ORDER BY oldest_order",415,2,1,0,True,True,False,3,3,4,3,2,0,0,0,0,15576.46,15576.49,10.0,52,207686.0,123.004,13,9,3,Sort,1,0,1,1,2,0,0,2,2,90657,0,0,0,756000.0,600000.0,100024320,26329088,3,1.6666666666666667e-05
train_ch_product_sales_by_state,"SELECT i.i_id, i.i_name, COUNT(DISTINCT o.o_id) AS orders, SUM(ol.ol_quantity) AS units, SUM(ol.ol_amount) AS revenue FROM chbenchmark.customer c JOIN chbenchmark.oorder o ON o.o_w_id = c.c_w_id AND o.o_d_id = c.c_d_id AND o.o_c_id = c.c_id JOIN chbenchmark.order_line ol ON ol.ol_w_id = o.o_w_id AND ol.ol_d_id = o.o_d_id AND ol.ol_o_id = o.o_id JOIN chbenchmark.item i ON i.i_id = ol.ol_i_id WHERE c.c_state = 'OH' GROUP BY i.i_id, i.i_name ORDER BY revenue DESC LIMIT 150",474,3,1,0,True,True,False,4,4,5,3,3,0,0,0,0,32800.04,32800.42,150.0,88,553288.0,434.284,14,9,4,Limit,3,1,0,0,2,0,1,2,1,570594,14240,1764,1768,870000.0,600000.0,127729664,30187520,4,0.00025
train_ch_product_sales_by_state,"SELECT i.i_id, i.i_name, COUNT(DISTINCT o.o_id) AS orders, SUM(ol.ol_quantity) AS units, SUM(ol.ol_amount) AS revenue FROM chbenchmark.customer c JOIN chbenchmark.oorder o ON o.o_w_id = c.c_w_id AND o.o_d_id = c.c_d_id AND o.o_c_id = c.c_id JOIN chbenchmark.order_line ol ON ol.ol_w_id = o.o_w_id AND ol.ol_d_id = o.o_d_id AND ol.ol_o_id = o.o_id JOIN chbenchmark.item i ON i.i_id = ol.ol_i_id WHERE c.c_state = 'OH' GROUP BY i.i_id, i.i_name ORDER BY revenue DESC LIMIT 150",474,3,1,0,True,True,False,4,4,5,3,3,0,0,0,0,32800.04,32800.42,150.0,88,553288.0,430.219,14,9,4,Limit,3,1,0,0,2,0,1,2,1,584834,0,1764,1768,870000.0,600000.0,127729664,30187520,4,0.00025
train_ch_order_basket,"SELECT o.o_d_id, o.o_id, o.o_entry_d, COUNT(*) AS lines, SUM(ol.ol_quantity) AS units, SUM(ol.ol_amount) AS basket_value FROM chbenchmark.oorder o JOIN chbenchmark.order_line ol ON ol.ol_w_id = o.o_w_id AND ol.ol_d_id = o.o_d_id AND ol.ol_o_id = o.o_id WHERE o.o_w_id = 4 GROUP BY o.o_d_id, o.o_id, o.o_entry_d HAVING SUM(ol.ol_amount) >= 750 ORDER BY basket_value DESC LIMIT 300",379,1,1,0,True,True,False,2,2,6,4,1,0,0,0,0,30374.71,30375.46,300.0,88,385707.0,256.012,11,10,2,Limit,1,0,0,1,1,0,0,2,2,92833,18,1632,1632,720000.0,600000.0,96862208,24797184,2,0.0005
train_ch_order_basket,"SELECT o.o_d_id, o.o_id, o.o_entry_d, COUNT(*) AS lines, SUM(ol.ol_quantity) AS units, SUM(ol.ol_amount) AS basket_value FROM chbenchmark.oorder o JOIN chbenchmark.order_line ol ON ol.ol_w_id = o.o_w_id AND ol.ol_d_id = o.o_d_id AND ol.ol_o_id = o.o_id WHERE o.o_w_id = 4 GROUP BY o.o_d_id, o.o_id, o.o_entry_d HAVING SUM(ol.ol_amount) >= 750 ORDER BY basket_value DESC LIMIT 300",379,1,1,0,True,True,False,2,2,6,4,1,0,0,0,0,30374.71,30375.46,300.0,88,385707.0,262.316,11,10,2,Limit,1,0,0,1,1,0,0,2,2,92851,0,1632,1632,720000.0,600000.0,96862208,24797184,2,0.0005
train_ch_warehouse_inventory,"SELECT s.s_w_id, COUNT(*) AS sku_count, SUM(s.s_quantity) AS units, SUM(s.s_quantity * i.i_price) AS inventory_value FROM chbenchmark.stock s JOIN chbenchmark.item i ON i.i_id = s.s_i_id WHERE s.s_w_id = 1 AND i.i_data ILIKE '%PROMO%' GROUP BY s.s_w_id",252,1,2,0,True,False,False,2,2,4,3,1,0,0,0,0,0.29,2669.86,1.0,52,598.0,25.519,4,3,2,Aggregate,1,1,0,0,0,0,1,0,1,2466,1137,0,0,150000.0,120000.0,16138240,3391488,2,8.333333333333334e-06
train_ch_warehouse_inventory,"SELECT s.s_w_id, COUNT(*) AS sku_count, SUM(s.s_quantity) AS units, SUM(s.s_quantity * i.i_price) AS inventory_value FROM chbenchmark.stock s JOIN chbenchmark.item i ON i.i_id = s.s_i_id WHERE s.s_w_id = 1 AND i.i_data ILIKE '%PROMO%' GROUP BY s.s_w_id",252,1,2,0,True,False,False,2,2,4,3,1,0,0,0,0,0.29,2669.86,1.0,52,598.0,24.091,4,3,2,Aggregate,1,1,0,0,0,0,1,0,1,3603,0,0,0,150000.0,120000.0,16138240,3391488,2,8.333333333333334e-06
train_ch_credit_risk,"SELECT c.c_w_id, c.c_d_id, c.c_id, c.c_balance, COUNT(no.no_o_id) AS pending_orders FROM chbenchmark.customer c LEFT JOIN chbenchmark.oorder o ON o.o_w_id = c.c_w_id AND o.o_d_id = c.c_d_id AND o.o_c_id = c.c_id LEFT JOIN chbenchmark.new_order no ON no.no_w_id = o.o_w_id AND no.no_d_id = o.o_d_id AND no.no_o_id = o.o_id WHERE c.c_credit = 'BC' AND c.c_state = 'NY' AND c.c_balance > 2500 GROUP BY c.c_w_id, c.c_d_id, c.c_id, c.c_balance ORDER BY pending_orders DESC, c.c_balance DESC LIMIT 250",495,2,3,0,True,True,False,3,3,5,1,0,2,0,0,0,8093.44,8093.96,208.0,26,121675.0,57.513,10,8,3,Limit,2,0,1,0,1,0,1,2,1,31719,258,0,0,276000.0,120000.0,42901504,10428416,3,0.0017333333333333333
train_ch_credit_risk,"SELECT c.c_w_id, c.c_d_id, c.c_id, c.c_balance, COUNT(no.no_o_id) AS pending_orders FROM chbenchmark.customer c LEFT JOIN chbenchmark.oorder o ON o.o_w_id = c.c_w_id AND o.o_d_id = c.c_d_id AND o.o_c_id = c.c_id LEFT JOIN chbenchmark.new_order no ON no.no_w_id = o.o_w_id AND no.no_d_id = o.o_d_id AND no.no_o_id = o.o_id WHERE c.c_credit = 'BC' AND c.c_state = 'NY' AND c.c_balance > 2500 GROUP BY c.c_w_id, c.c_d_id, c.c_id, c.c_balance ORDER BY pending_orders DESC, c.c_balance DESC LIMIT 250",495,2,3,0,True,True,False,3,3,5,1,0,2,0,0,0,8093.44,8093.96,208.0,26,121675.0,70.781,10,8,3,Limit,2,0,1,0,1,0,1,2,1,31977,0,0,0,276000.0,120000.0,42901504,10428416,3,0.0017333333333333333
train_ch_regional_low_stock,"SELECT r.r_name, n.n_name, su.su_name, i.i_id, i.i_name, MIN(s.s_quantity) AS minimum_quantity FROM chbenchmark.stock s JOIN chbenchmark.item i ON i.i_id = s.s_i_id JOIN chbenchmark.supplier su ON su.su_suppkey = MOD(s.s_w_id * s.s_i_id, 10000) JOIN chbenchmark.nation n ON n.n_nationkey = su.su_nationkey JOIN chbenchmark.region r ON r.r_regionkey = n.n_regionkey WHERE r.r_name = 'AMERICA' AND s.s_quantity < 25 GROUP BY r.r_name, n.n_name, su.su_name, i.i_id, i.i_name ORDER BY minimum_quantity, i.i_id LIMIT 250",515,4,2,0,True,True,False,5,5,6,1,4,0,0,0,0,4019.83,4020.46,250.0,52,62279.0,56.639,16,12,5,Limit,5,0,0,0,4,0,0,1,1,6451,5075,0,0,160030.0,120000.0,17670144,3702784,7,0.0020833333333333333
train_ch_regional_low_stock,"SELECT r.r_name, n.n_name, su.su_name, i.i_id, i.i_name, MIN(s.s_quantity) AS minimum_quantity FROM chbenchmark.stock s JOIN chbenchmark.item i ON i.i_id = s.s_i_id JOIN chbenchmark.supplier su ON su.su_suppkey = MOD(s.s_w_id * s.s_i_id, 10000) JOIN chbenchmark.nation n ON n.n_nationkey = su.su_nationkey JOIN chbenchmark.region r ON r.r_regionkey = n.n_regionkey WHERE r.r_name = 'AMERICA' AND s.s_quantity < 25 GROUP BY r.r_name, n.n_name, su.su_name, i.i_id, i.i_name ORDER BY minimum_quantity, i.i_id LIMIT 250",515,4,2,0,True,True,False,5,5,6,1,4,0,0,0,0,4019.83,4020.46,250.0,52,62279.0,61.258,16,12,5,Limit,5,0,0,0,4,0,0,1,1,11526,0,0,0,160030.0,120000.0,17670144,3702784,7,0.0020833333333333333
train_ch_delivery_delay,"SELECT o.o_d_id, o.o_id, o.o_entry_d, MAX(ol.ol_delivery_d) AS completed_at, MAX(ol.ol_delivery_d) - o.o_entry_d AS elapsed FROM chbenchmark.oorder o JOIN chbenchmark.order_line ol ON ol.ol_w_id = o.o_w_id AND ol.ol_d_id = o.o_d_id AND ol.ol_o_id = o.o_id WHERE o.o_w_id = 1 AND ol.ol_delivery_d IS NOT NULL GROUP BY o.o_d_id, o.o_id, o.o_entry_d HAVING MAX(ol.ol_delivery_d) - o.o_entry_d > INTERVAL '48 hours' ORDER BY elapsed DESC LIMIT 250",443,1,2,0,True,True,False,2,2,5,3,1,0,0,0,0,18400.23,18400.85,250.0,40,468460.0,174.072,9,7,2,Limit,0,0,0,2,1,0,0,1,1,44716,4577,0,0,720000.0,600000.0,96862208,24797184,2,0.0004166666666666667
train_ch_delivery_delay,"SELECT o.o_d_id, o.o_id, o.o_entry_d, MAX(ol.ol_delivery_d) AS completed_at, MAX(ol.ol_delivery_d) - o.o_entry_d AS elapsed FROM chbenchmark.oorder o JOIN chbenchmark.order_line ol ON ol.ol_w_id = o.o_w_id AND ol.ol_d_id = o.o_d_id AND ol.ol_o_id = o.o_id WHERE o.o_w_id = 1 AND ol.ol_delivery_d IS NOT NULL GROUP BY o.o_d_id, o.o_id, o.o_entry_d HAVING MAX(ol.ol_delivery_d) - o.o_entry_d > INTERVAL '48 hours' ORDER BY elapsed DESC LIMIT 250",443,1,2,0,True,True,False,2,2,5,3,1,0,0,0,0,18400.23,18400.85,250.0,40,468460.0,181.675,9,7,2,Limit,0,0,0,2,1,0,0,1,1,45138,4155,0,0,720000.0,600000.0,96862208,24797184,2,0.0004166666666666667
train_ch_repeat_customers,"SELECT c.c_state, COUNT(*) AS repeat_customers, AVG(customer_orders.order_count) AS avg_orders FROM chbenchmark.customer c JOIN ( SELECT o_w_id, o_d_id, o_c_id, COUNT(*) AS order_count FROM chbenchmark.oorder GROUP BY o_w_id, o_d_id, o_c_id HAVING COUNT(*) >= 2 ) customer_orders ON customer_orders.o_w_id = c.c_w_id AND customer_orders.o_d_id = c.c_d_id AND customer_orders.o_c_id = c.c_id GROUP BY c.c_state ORDER BY repeat_customers DESC",440,1,0,1,True,True,False,2,2,7,4,1,0,0,0,0,8562.17,8562.18,4.0,43,252016.0,175.275,9,8,2,Sort,2,0,0,0,1,0,0,2,2,7730,0,1169,2289,240000.0,120000.0,39739392,8896512,2,3.3333333333333335e-05
train_ch_repeat_customers,"SELECT c.c_state, COUNT(*) AS repeat_customers, AVG(customer_orders.order_count) AS avg_orders FROM chbenchmark.customer c JOIN ( SELECT o_w_id, o_d_id, o_c_id, COUNT(*) AS order_count FROM chbenchmark.oorder GROUP BY o_w_id, o_d_id, o_c_id HAVING COUNT(*) >= 2 ) customer_orders ON customer_orders.o_w_id = c.c_w_id AND customer_orders.o_d_id = c.c_d_id AND customer_orders.o_c_id = c.c_id GROUP BY c.c_state ORDER BY repeat_customers DESC",440,1,0,1,True,True,False,2,2,7,4,1,0,0,0,0,8562.17,8562.18,4.0,43,252016.0,140.757,9,8,2,Sort,2,0,0,0,1,0,0,2,2,7730,0,1169,2289,240000.0,120000.0,39739392,8896512,2,3.3333333333333335e-05
train_ch_district_daily_sales,"WITH daily AS ( SELECT o.o_entry_d::date AS day, o.o_d_id, SUM(ol.ol_amount) AS revenue FROM chbenchmark.oorder o JOIN chbenchmark.order_line ol ON ol.ol_w_id = o.o_w_id AND ol.ol_d_id = o.o_d_id AND ol.ol_o_id = o.o_id WHERE o.o_w_id = 3 GROUP BY o.o_entry_d::date, o.o_d_id ) SELECT day, o_d_id, revenue, AVG(revenue) OVER (PARTITION BY o_d_id ORDER BY day ROWS BETWEEN 6 PRECEDING AND CURRENT ROW) AS rolling_revenue FROM daily ORDER BY o_d_id, day",451,1,1,1,True,True,False,2,2,7,2,1,0,0,0,0,20865.4,21462.9,29876.0,72,629376.0,215.841,9,7,2,WindowAgg,0,0,0,2,1,0,0,1,1,49846,0,0,0,720000.0,600000.0,96862208,24797184,2,0.049793333333333335
train_ch_district_daily_sales,"WITH daily AS ( SELECT o.o_entry_d::date AS day, o.o_d_id, SUM(ol.ol_amount) AS revenue FROM chbenchmark.oorder o JOIN chbenchmark.order_line ol ON ol.ol_w_id = o.o_w_id AND ol.ol_d_id = o.o_d_id AND ol.ol_o_id = o.o_id WHERE o.o_w_id = 3 GROUP BY o.o_entry_d::date, o.o_d_id ) SELECT day, o_d_id, revenue, AVG(revenue) OVER (PARTITION BY o_d_id ORDER BY day ROWS BETWEEN 6 PRECEDING AND CURRENT ROW) AS rolling_revenue FROM daily ORDER BY o_d_id, day",451,1,1,1,True,True,False,2,2,7,2,1,0,0,0,0,20865.4,21462.9,29876.0,72,629376.0,234.833,9,7,2,WindowAgg,0,0,0,2,1,0,0,1,1,49846,0,0,0,720000.0,600000.0,96862208,24797184,2,0.049793333333333335
train_ch_line_summary,"SELECT ol_number, SUM(ol_quantity) AS units, SUM(ol_amount) AS revenue, AVG(ol_amount) AS avg_amount, COUNT(*) AS line_count FROM chbenchmark.order_line WHERE ol_delivery_d >= DATE '2023-07-29' - INTERVAL '120 days' AND ol_delivery_d < DATE '2023-07-29' + INTERVAL '30 days' GROUP BY ol_number ORDER BY revenue DESC",315,0,2,0,True,True,False,1,1,5,4,0,0,0,0,0,12824.71,12824.72,5.0,108,25039.0,69.603,6,6,1,Sort,1,0,0,0,0,0,0,2,2,46994,0,0,0,600000.0,600000.0,84729856,20602880,1,8.333333333333334e-06
train_ch_line_summary,"SELECT ol_number, SUM(ol_quantity) AS units, SUM(ol_amount) AS revenue, AVG(ol_amount) AS avg_amount, COUNT(*) AS line_count FROM chbenchmark.order_line WHERE ol_delivery_d >= DATE '2023-07-29' - INTERVAL '120 days' AND ol_delivery_d < DATE '2023-07-29' + INTERVAL '30 days' GROUP BY ol_number ORDER BY revenue DESC",315,0,2,0,True,True,False,1,1,5,4,0,0,0,0,0,12824.71,12824.72,5.0,108,25039.0,72.3,6,6,1,Sort,1,0,0,0,0,0,0,2,2,46994,0,0,0,600000.0,600000.0,84729856,20602880,1,8.333333333333334e-06
train_ch_remote_supply,"SELECT ol.ol_supply_w_id, COUNT(*) AS remote_lines, SUM(ol.ol_quantity) AS units, SUM(ol.ol_amount) AS revenue FROM chbenchmark.order_line ol WHERE ol.ol_w_id = 3 AND ol.ol_supply_w_id <> ol.ol_w_id GROUP BY ol.ol_supply_w_id ORDER BY revenue DESC",247,0,2,0,True,True,False,1,1,4,3,0,0,0,0,0,13196.32,13196.33,4.0,76,62228.0,68.911,6,6,1,Sort,1,0,0,0,0,0,0,2,2,46994,0,0,0,600000.0,600000.0,84729856,20602880,1,6.666666666666667e-06
train_ch_remote_supply,"SELECT ol.ol_supply_w_id, COUNT(*) AS remote_lines, SUM(ol.ol_quantity) AS units, SUM(ol.ol_amount) AS revenue FROM chbenchmark.order_line ol WHERE ol.ol_w_id = 3 AND ol.ol_supply_w_id <> ol.ol_w_id GROUP BY ol.ol_supply_w_id ORDER BY revenue DESC",247,0,2,0,True,True,False,1,1,4,3,0,0,0,0,0,13196.32,13196.33,4.0,76,62228.0,65.731,6,6,1,Sort,1,0,0,0,0,0,0,2,2,46994,0,0,0,600000.0,600000.0,84729856,20602880,1,6.666666666666667e-06
train_ch_credit_risk,"SELECT c.c_w_id, c.c_d_id, c.c_id, c.c_balance, COUNT(no.no_o_id) AS pending_orders FROM chbenchmark.customer c LEFT JOIN chbenchmark.oorder o ON o.o_w_id = c.c_w_id AND o.o_d_id = c.c_d_id AND o.o_c_id = c.c_id LEFT JOIN chbenchmark.new_order no ON no.no_w_id = o.o_w_id AND no.no_d_id = o.o_d_id AND no.no_o_id = o.o_id WHERE c.c_credit = 'BC' AND c.c_state = 'NV' AND c.c_balance > 2500 GROUP BY c.c_w_id, c.c_d_id, c.c_id, c.c_balance ORDER BY pending_orders DESC, c.c_balance DESC LIMIT 250",495,2,3,0,True,True,False,3,3,5,1,0,2,0,0,0,8091.19,8091.69,203.0,26,121635.0,54.36,10,8,3,Limit,2,0,1,0,1,0,1,2,1,31251,246,0,0,276000.0,120000.0,42901504,10428416,3,0.0016916666666666666
train_ch_credit_risk,"SELECT c.c_w_id, c.c_d_id, c.c_id, c.c_balance, COUNT(no.no_o_id) AS pending_orders FROM chbenchmark.customer c LEFT JOIN chbenchmark.oorder o ON o.o_w_id = c.c_w_id AND o.o_d_id = c.c_d_id AND o.o_c_id = c.c_id LEFT JOIN chbenchmark.new_order no ON no.no_w_id = o.o_w_id AND no.no_d_id = o.o_d_id AND no.no_o_id = o.o_id WHERE c.c_credit = 'BC' AND c.c_state = 'NV' AND c.c_balance > 2500 GROUP BY c.c_w_id, c.c_d_id, c.c_id, c.c_balance ORDER BY pending_orders DESC, c.c_balance DESC LIMIT 250",495,2,3,0,True,True,False,3,3,5,1,0,2,0,0,0,8091.19,8091.69,203.0,26,121635.0,54.399,10,8,3,Limit,2,0,1,0,1,0,1,2,1,31497,0,0,0,276000.0,120000.0,42901504,10428416,3,0.0016916666666666666
train_ch_promotional_items,"SELECT i.i_id, i.i_name, SUM(ol.ol_quantity) AS units, SUM(ol.ol_amount) AS revenue FROM chbenchmark.item i JOIN chbenchmark.order_line ol ON ol.ol_i_id = i.i_id JOIN chbenchmark.oorder o ON o.o_w_id = ol.ol_w_id AND o.o_d_id = ol.ol_d_id AND o.o_id = ol.ol_o_id WHERE i.i_data ILIKE '%PROMO%' AND o.o_entry_d >= DATE '2024-04-18' - INTERVAL '365 days' GROUP BY i.i_id, i.i_name ORDER BY revenue DESC LIMIT 100",410,2,2,0,True,True,False,3,3,4,2,2,0,0,0,0,13917.59,13917.84,100.0,80,257203.0,130.411,12,10,3,Limit,2,1,0,0,1,0,1,2,2,269825,0,0,0,750000.0,600000.0,100122624,25485312,3,0.00016666666666666666
train_ch_promotional_items,"SELECT i.i_id, i.i_name, SUM(ol.ol_quantity) AS units, SUM(ol.ol_amount) AS revenue FROM chbenchmark.item i JOIN chbenchmark.order_line ol ON ol.ol_i_id = i.i_id JOIN chbenchmark.oorder o ON o.o_w_id = ol.ol_w_id AND o.o_d_id = ol.ol_d_id AND o.o_id = ol.ol_o_id WHERE i.i_data ILIKE '%PROMO%' AND o.o_entry_d >= DATE '2024-04-18' - INTERVAL '365 days' GROUP BY i.i_id, i.i_name ORDER BY revenue DESC LIMIT 100",410,2,2,0,True,True,False,3,3,4,2,2,0,0,0,0,13917.59,13917.84,100.0,80,257203.0,163.569,12,10,3,Limit,2,1,0,0,1,0,1,2,2,269825,0,0,0,750000.0,600000.0,100122624,25485312,3,0.00016666666666666666
train_ch_unsold_items,"SELECT i.i_id, i.i_name, i.i_price, s.s_quantity FROM chbenchmark.item i JOIN chbenchmark.stock s ON s.s_i_id = i.i_id AND s.s_w_id = 1 WHERE NOT EXISTS ( SELECT 1 FROM chbenchmark.order_line ol JOIN chbenchmark.oorder o ON o.o_w_id = ol.ol_w_id AND o.o_d_id = ol.ol_d_id AND o.o_id = ol.ol_o_id WHERE ol.ol_i_id = i.i_id AND ol.ol_w_id = 1 AND o.o_entry_d >= DATE '2023-04-26' - INTERVAL '90 days' ) ORDER BY s.s_quantity DESC LIMIT 300",437,2,4,1,False,True,False,4,4,5,0,2,0,0,0,0,18745.17,18763.37,156.0,26,355237.0,162.263,15,8,4,Limit,2,0,0,2,3,0,0,1,0,80900,91,0,0,870000.0,600000.0,113000448,28188672,4,0.00026
train_ch_unsold_items,"SELECT i.i_id, i.i_name, i.i_price, s.s_quantity FROM chbenchmark.item i JOIN chbenchmark.stock s ON s.s_i_id = i.i_id AND s.s_w_id = 1 WHERE NOT EXISTS ( SELECT 1 FROM chbenchmark.order_line ol JOIN chbenchmark.oorder o ON o.o_w_id = ol.ol_w_id AND o.o_d_id = ol.ol_d_id AND o.o_id = ol.ol_o_id WHERE ol.ol_i_id = i.i_id AND ol.ol_w_id = 1 AND o.o_entry_d >= DATE '2023-04-26' - INTERVAL '90 days' ) ORDER BY s.s_quantity DESC LIMIT 300",437,2,4,1,False,True,False,4,4,5,0,2,0,0,0,0,18745.17,18763.37,156.0,26,355237.0,214.308,15,8,4,Limit,2,0,0,2,3,0,0,1,0,80991,0,0,0,870000.0,600000.0,113000448,28188672,4,0.00026
train_ch_regional_low_stock,"SELECT r.r_name, n.n_name, su.su_name, i.i_id, i.i_name, MIN(s.s_quantity) AS minimum_quantity FROM chbenchmark.stock s JOIN chbenchmark.item i ON i.i_id = s.s_i_id JOIN chbenchmark.supplier su ON su.su_suppkey = MOD(s.s_w_id * s.s_i_id, 10000) JOIN chbenchmark.nation n ON n.n_nationkey = su.su_nationkey JOIN chbenchmark.region r ON r.r_regionkey = n.n_regionkey WHERE r.r_name = 'AFRICA' AND s.s_quantity < 80 GROUP BY r.r_name, n.n_name, su.su_name, i.i_id, i.i_name ORDER BY minimum_quantity, i.i_id LIMIT 250",514,4,2,0,True,True,False,5,5,6,1,4,0,0,0,0,4901.49,4902.11,250.0,52,130847.0,59.72,16,12,5,Limit,5,0,0,0,4,0,0,1,1,3743,7783,0,0,160030.0,120000.0,17670144,3702784,7,0.0020833333333333333
train_ch_regional_low_stock,"SELECT r.r_name, n.n_name, su.su_name, i.i_id, i.i_name, MIN(s.s_quantity) AS minimum_quantity FROM chbenchmark.stock s JOIN chbenchmark.item i ON i.i_id = s.s_i_id JOIN chbenchmark.supplier su ON su.su_suppkey = MOD(s.s_w_id * s.s_i_id, 10000) JOIN chbenchmark.nation n ON n.n_nationkey = su.su_nationkey JOIN chbenchmark.region r ON r.r_regionkey = n.n_regionkey WHERE r.r_name = 'AFRICA' AND s.s_quantity < 80 GROUP BY r.r_name, n.n_name, su.su_name, i.i_id, i.i_name ORDER BY minimum_quantity, i.i_id LIMIT 250",514,4,2,0,True,True,False,5,5,6,1,4,0,0,0,0,4901.49,4902.11,250.0,52,130847.0,52.343,16,12,5,Limit,5,0,0,0,4,0,0,1,1,8013,3513,0,0,160030.0,120000.0,17670144,3702784,7,0.0020833333333333333
train_ch_repeat_customers,"SELECT c.c_state, COUNT(*) AS repeat_customers, AVG(customer_orders.order_count) AS avg_orders FROM chbenchmark.customer c JOIN ( SELECT o_w_id, o_d_id, o_c_id, COUNT(*) AS order_count FROM chbenchmark.oorder GROUP BY o_w_id, o_d_id, o_c_id HAVING COUNT(*) >= 2 ) customer_orders ON customer_orders.o_w_id = c.c_w_id AND customer_orders.o_d_id = c.c_d_id AND customer_orders.o_c_id = c.c_id GROUP BY c.c_state ORDER BY repeat_customers DESC",440,1,0,1,True,True,False,2,2,7,4,1,0,0,0,0,8562.17,8562.18,4.0,43,252016.0,123.49,9,8,2,Sort,2,0,0,0,1,0,0,2,2,7730,0,1169,2289,240000.0,120000.0,39739392,8896512,2,3.3333333333333335e-05
train_ch_repeat_customers,"SELECT c.c_state, COUNT(*) AS repeat_customers, AVG(customer_orders.order_count) AS avg_orders FROM chbenchmark.customer c JOIN ( SELECT o_w_id, o_d_id, o_c_id, COUNT(*) AS order_count FROM chbenchmark.oorder GROUP BY o_w_id, o_d_id, o_c_id HAVING COUNT(*) >= 2 ) customer_orders ON customer_orders.o_w_id = c.c_w_id AND customer_orders.o_d_id = c.c_d_id AND customer_orders.o_c_id = c.c_id GROUP BY c.c_state ORDER BY repeat_customers DESC",440,1,0,1,True,True,False,2,2,7,4,1,0,0,0,0,8562.17,8562.18,4.0,43,252016.0,135.538,9,8,2,Sort,2,0,0,0,1,0,0,2,2,7730,0,1169,2289,240000.0,120000.0,39739392,8896512,2,3.3333333333333335e-05
train_ch_customer_last_order,"SELECT c.c_id, c.c_first, c.c_last, latest.o_id, latest.o_entry_d, latest.order_value FROM chbenchmark.customer c LEFT JOIN LATERAL ( SELECT o.o_id, o.o_entry_d, SUM(ol.ol_amount) AS order_value FROM chbenchmark.oorder o JOIN chbenchmark.order_line ol ON ol.ol_w_id = o.o_w_id AND ol.ol_d_id = o.o_d_id AND ol.ol_o_id = o.o_id WHERE o.o_w_id = c.c_w_id AND o.o_d_id = c.c_d_id AND o.o_c_id = c.c_id GROUP BY o.o_id, o.o_entry_d ORDER BY o.o_entry_d DESC LIMIT 1 ) latest ON true WHERE c.c_w_id = 2 AND c.c_d_id = 10 ORDER BY latest.o_entry_d DESC NULLS LAST LIMIT 300",567,2,5,1,True,True,False,3,3,9,1,1,1,0,0,0,3077157.3,3077158.05,300.0,67,12502.0,4746.259,12,10,3,Limit,1,1,0,1,0,0,2,2,1,26624564,0,0,0,840000.0,600000.0,124469248,29499392,3,0.0005
train_ch_customer_last_order,"SELECT c.c_id, c.c_first, c.c_last, latest.o_id, latest.o_entry_d, latest.order_value FROM chbenchmark.customer c LEFT JOIN LATERAL ( SELECT o.o_id, o.o_entry_d, SUM(ol.ol_amount) AS order_value FROM chbenchmark.oorder o JOIN chbenchmark.order_line ol ON ol.ol_w_id = o.o_w_id AND ol.ol_d_id = o.o_d_id AND ol.ol_o_id = o.o_id WHERE o.o_w_id = c.c_w_id AND o.o_d_id = c.c_d_id AND o.o_c_id = c.c_id GROUP BY o.o_id, o.o_entry_d ORDER BY o.o_entry_d DESC LIMIT 1 ) latest ON true WHERE c.c_w_id = 2 AND c.c_d_id = 10 ORDER BY latest.o_entry_d DESC NULLS LAST LIMIT 300",567,2,5,1,True,True,False,3,3,9,1,1,1,0,0,0,3077157.3,3077158.05,300.0,67,12502.0,5692.323,12,10,3,Limit,1,1,0,1,0,0,2,2,1,26624564,0,0,0,840000.0,600000.0,124469248,29499392,3,0.0005
train_ch_line_summary,"SELECT ol_number, SUM(ol_quantity) AS units, SUM(ol_amount) AS revenue, AVG(ol_amount) AS avg_amount, COUNT(*) AS line_count FROM chbenchmark.order_line WHERE ol_delivery_d >= DATE '2023-06-24' - INTERVAL '120 days' AND ol_delivery_d < DATE '2023-06-24' + INTERVAL '30 days' GROUP BY ol_number ORDER BY revenue DESC",315,0,2,0,True,True,False,1,1,5,4,0,0,0,0,0,12820.11,12820.12,5.0,108,24579.0,74.47,6,6,1,Sort,1,0,0,0,0,0,0,2,2,46778,216,0,0,600000.0,600000.0,84729856,20602880,1,8.333333333333334e-06
train_ch_line_summary,"SELECT ol_number, SUM(ol_quantity) AS units, SUM(ol_amount) AS revenue, AVG(ol_amount) AS avg_amount, COUNT(*) AS line_count FROM chbenchmark.order_line WHERE ol_delivery_d >= DATE '2023-06-24' - INTERVAL '120 days' AND ol_delivery_d < DATE '2023-06-24' + INTERVAL '30 days' GROUP BY ol_number ORDER BY revenue DESC",315,0,2,0,True,True,False,1,1,5,4,0,0,0,0,0,12820.11,12820.12,5.0,108,24579.0,74.032,6,6,1,Sort,1,0,0,0,0,0,0,2,2,46970,24,0,0,600000.0,600000.0,84729856,20602880,1,8.333333333333334e-06
train_ch_customer_order_totals,"SELECT c.c_id, c.c_first, c.c_last, COUNT(DISTINCT o.o_id) AS orders, SUM(ol.ol_amount) AS lifetime_value FROM chbenchmark.customer c JOIN chbenchmark.oorder o ON o.o_w_id = c.c_w_id AND o.o_d_id = c.c_d_id AND o.o_c_id = c.c_id JOIN chbenchmark.order_line ol ON ol.ol_w_id = o.o_w_id AND ol.ol_d_id = o.o_d_id AND ol.ol_o_id = o.o_id WHERE c.c_w_id = 2 GROUP BY c.c_id, c.c_first, c.c_last HAVING SUM(ol.ol_amount) > 10000 ORDER BY lifetime_value DESC LIMIT 200",462,2,1,0,True,True,False,3,3,5,3,2,0,0,0,0,40825.24,40825.74,200.0,63,350120.0,458.651,14,10,3,Limit,1,1,0,1,0,1,1,3,1,757317,828,0,0,840000.0,600000.0,124469248,29499392,3,0.0003333333333333333
train_ch_customer_order_totals,"SELECT c.c_id, c.c_first, c.c_last, COUNT(DISTINCT o.o_id) AS orders, SUM(ol.ol_amount) AS lifetime_value FROM chbenchmark.customer c JOIN chbenchmark.oorder o ON o.o_w_id = c.c_w_id AND o.o_d_id = c.c_d_id AND o.o_c_id = c.c_id JOIN chbenchmark.order_line ol ON ol.ol_w_id = o.o_w_id AND ol.ol_d_id = o.o_d_id AND ol.ol_o_id = o.o_id WHERE c.c_w_id = 2 GROUP BY c.c_id, c.c_first, c.c_last HAVING SUM(ol.ol_amount) > 10000 ORDER BY lifetime_value DESC LIMIT 200",462,2,1,0,True,True,False,3,3,5,3,2,0,0,0,0,40825.24,40825.74,200.0,63,350120.0,487.422,14,10,3,Limit,1,1,0,1,0,1,1,3,1,758145,0,0,0,840000.0,600000.0,124469248,29499392,3,0.0003333333333333333
train_ch_item_price_band,"SELECT width_bucket(i_price, 200, 250, 8) AS price_band, COUNT(*) AS items, AVG(i_price) AS avg_price, COUNT(*) FILTER (WHERE i_data ILIKE '%PROMO%') AS promotional FROM chbenchmark.item WHERE i_price BETWEEN 200 AND 250 GROUP BY price_band ORDER BY price_band",260,0,2,0,True,True,False,1,1,4,3,0,0,0,0,0,942.38,1033.1,3024.0,52,9072.0,10.265,3,3,1,Aggregate,1,0,0,0,0,0,0,1,1,930,0,0,0,30000.0,30000.0,3260416,688128,1,0.1008
train_ch_item_price_band,"SELECT width_bucket(i_price, 200, 250, 8) AS price_band, COUNT(*) AS items, AVG(i_price) AS avg_price, COUNT(*) FILTER (WHERE i_data ILIKE '%PROMO%') AS promotional FROM chbenchmark.item WHERE i_price BETWEEN 200 AND 250 GROUP BY price_band ORDER BY price_band",260,0,2,0,True,True,False,1,1,4,3,0,0,0,0,0,942.38,1033.1,3024.0,52,9072.0,10.041,3,3,1,Aggregate,1,0,0,0,0,0,0,1,1,930,0,0,0,30000.0,30000.0,3260416,688128,1,0.1008
train_ch_payment_activity,"SELECT h.h_w_id, h.h_d_id, COUNT(*) AS payments, SUM(h.h_amount) AS amount, COUNT(DISTINCT h.h_c_id) AS customers FROM chbenchmark.history h WHERE h.h_date >= DATE '2024-05-06' - INTERVAL '180 days' AND h.h_amount >= 400 GROUP BY h.h_w_id, h.h_d_id ORDER BY amount DESC",269,0,2,0,True,True,False,1,1,5,3,0,0,0,0,0,3270.43,3270.44,7.0,56,30.0,21.279,4,4,1,Sort,1,0,0,0,0,0,0,2,1,0,5880,0,0,120000.0,120000.0,16670720,4595712,1,5.833333333333333e-05
train_ch_payment_activity,"SELECT h.h_w_id, h.h_d_id, COUNT(*) AS payments, SUM(h.h_amount) AS amount, COUNT(DISTINCT h.h_c_id) AS customers FROM chbenchmark.history h WHERE h.h_date >= DATE '2024-05-06' - INTERVAL '180 days' AND h.h_amount >= 400 GROUP BY h.h_w_id, h.h_d_id ORDER BY amount DESC",269,0,2,0,True,True,False,1,1,5,3,0,0,0,0,0,3270.43,3270.44,7.0,56,30.0,18.079,4,4,1,Sort,1,0,0,0,0,0,0,2,1,5880,0,0,0,120000.0,120000.0,16670720,4595712,1,5.833333333333333e-05
train_ch_order_basket,"SELECT o.o_d_id, o.o_id, o.o_entry_d, COUNT(*) AS lines, SUM(ol.ol_quantity) AS units, SUM(ol.ol_amount) AS basket_value FROM chbenchmark.oorder o JOIN chbenchmark.order_line ol ON ol.ol_w_id = o.o_w_id AND ol.ol_d_id = o.o_d_id AND ol.ol_o_id = o.o_id WHERE o.o_w_id = 4 GROUP BY o.o_d_id, o.o_id, o.o_entry_d HAVING SUM(ol.ol_amount) >= 500 ORDER BY basket_value DESC LIMIT 300",379,1,1,0,True,True,False,2,2,6,4,1,0,0,0,0,30374.71,30375.46,300.0,88,385707.0,250.956,11,10,2,Limit,1,0,0,1,1,0,0,2,2,92819,32,1632,1632,720000.0,600000.0,96862208,24797184,2,0.0005
train_ch_order_basket,"SELECT o.o_d_id, o.o_id, o.o_entry_d, COUNT(*) AS lines, SUM(ol.ol_quantity) AS units, SUM(ol.ol_amount) AS basket_value FROM chbenchmark.oorder o JOIN chbenchmark.order_line ol ON ol.ol_w_id = o.o_w_id AND ol.ol_d_id = o.o_d_id AND ol.ol_o_id = o.o_id WHERE o.o_w_id = 4 GROUP BY o.o_d_id, o.o_id, o.o_entry_d HAVING SUM(ol.ol_amount) >= 500 ORDER BY basket_value DESC LIMIT 300",379,1,1,0,True,True,False,2,2,6,4,1,0,0,0,0,30374.71,30375.46,300.0,88,385707.0,262.968,11,10,2,Limit,1,0,0,1,1,0,0,2,2,92851,0,1632,1632,720000.0,600000.0,96862208,24797184,2,0.0005
train_ch_backlog,"SELECT no.no_d_id, COUNT(*) AS pending_orders, MIN(o.o_entry_d) AS oldest_order, SUM(ol.ol_amount) AS pending_value FROM chbenchmark.new_order no JOIN chbenchmark.oorder o ON o.o_w_id = no.no_w_id AND o.o_d_id = no.no_d_id AND o.o_id = no.no_o_id JOIN chbenchmark.order_line ol ON ol.ol_w_id = o.o_w_id AND ol.ol_d_id = o.o_d_id AND ol.ol_o_id = o.o_id WHERE no.no_w_id = 1 GROUP BY no.no_d_id ORDER BY oldest_order",415,2,1,0,True,True,False,3,3,4,3,2,0,0,0,0,15589.75,15589.78,10.0,52,208207.0,115.412,13,9,3,Sort,1,0,1,1,2,0,0,2,2,90297,333,0,0,756000.0,600000.0,100024320,26329088,3,1.6666666666666667e-05
train_ch_backlog,"SELECT no.no_d_id, COUNT(*) AS pending_orders, MIN(o.o_entry_d) AS oldest_order, SUM(ol.ol_amount) AS pending_value FROM chbenchmark.new_order no JOIN chbenchmark.oorder o ON o.o_w_id = no.no_w_id AND o.o_d_id = no.no_d_id AND o.o_id = no.no_o_id JOIN chbenchmark.order_line ol ON ol.ol_w_id = o.o_w_id AND ol.ol_d_id = o.o_d_id AND ol.ol_o_id = o.o_id WHERE no.no_w_id = 1 GROUP BY no.no_d_id ORDER BY oldest_order",415,2,1,0,True,True,False,3,3,4,3,2,0,0,0,0,15589.75,15589.78,10.0,52,208207.0,122.339,13,9,3,Sort,1,0,1,1,2,0,0,2,2,90630,0,0,0,756000.0,600000.0,100024320,26329088,3,1.6666666666666667e-05
train_ch_district_revenue,"SELECT o.o_d_id, COUNT(DISTINCT o.o_id) AS orders, SUM(ol.ol_quantity) AS units, SUM(ol.ol_amount) AS revenue FROM chbenchmark.oorder o JOIN chbenchmark.order_line ol ON ol.ol_w_id = o.o_w_id AND ol.ol_d_id = o.o_d_id AND ol.ol_o_id = o.o_id WHERE o.o_w_id = 1 AND o.o_entry_d >= DATE '2025-08-09' - INTERVAL '90 days' AND o.o_entry_d < DATE '2025-08-09' + INTERVAL '1 day' GROUP BY o.o_d_id ORDER BY revenue DESC",413,1,3,0,True,True,False,2,2,4,3,1,0,0,0,0,16430.57,16430.59,10.0,76,120038.0,84.152,9,8,2,Sort,1,0,0,1,1,0,0,2,1,70827,0,0,0,720000.0,600000.0,96862208,24797184,2,1.6666666666666667e-05
train_ch_district_revenue,"SELECT o.o_d_id, COUNT(DISTINCT o.o_id) AS orders, SUM(ol.ol_quantity) AS units, SUM(ol.ol_amount) AS revenue FROM chbenchmark.oorder o JOIN chbenchmark.order_line ol ON ol.ol_w_id = o.o_w_id AND ol.ol_d_id = o.o_d_id AND ol.ol_o_id = o.o_id WHERE o.o_w_id = 1 AND o.o_entry_d >= DATE '2025-08-09' - INTERVAL '90 days' AND o.o_entry_d < DATE '2025-08-09' + INTERVAL '1 day' GROUP BY o.o_d_id ORDER BY revenue DESC",413,1,3,0,True,True,False,2,2,4,3,1,0,0,0,0,16430.57,16430.59,10.0,76,120038.0,82.431,9,8,2,Sort,1,0,0,1,1,0,0,2,1,70827,0,0,0,720000.0,600000.0,96862208,24797184,2,1.6666666666666667e-05
train_ch_delivery_delay,"SELECT o.o_d_id, o.o_id, o.o_entry_d, MAX(ol.ol_delivery_d) AS completed_at, MAX(ol.ol_delivery_d) - o.o_entry_d AS elapsed FROM chbenchmark.oorder o JOIN chbenchmark.order_line ol ON ol.ol_w_id = o.o_w_id AND ol.ol_d_id = o.o_d_id AND ol.ol_o_id = o.o_id WHERE o.o_w_id = 4 AND ol.ol_delivery_d IS NOT NULL GROUP BY o.o_d_id, o.o_id, o.o_entry_d HAVING MAX(ol.ol_delivery_d) - o.o_entry_d > INTERVAL '72 hours' ORDER BY elapsed DESC LIMIT 250",443,1,2,0,True,True,False,2,2,5,3,1,0,0,0,0,18344.24,18344.86,250.0,40,465610.0,159.435,9,7,2,Limit,0,0,0,2,1,0,0,1,1,45814,4032,0,0,720000.0,600000.0,96862208,24797184,2,0.0004166666666666667
train_ch_delivery_delay,"SELECT o.o_d_id, o.o_id, o.o_entry_d, MAX(ol.ol_delivery_d) AS completed_at, MAX(ol.ol_delivery_d) - o.o_entry_d AS elapsed FROM chbenchmark.oorder o JOIN chbenchmark.order_line ol ON ol.ol_w_id = o.o_w_id AND ol.ol_d_id = o.o_d_id AND ol.ol_o_id = o.o_id WHERE o.o_w_id = 4 AND ol.ol_delivery_d IS NOT NULL GROUP BY o.o_d_id, o.o_id, o.o_entry_d HAVING MAX(ol.ol_delivery_d) - o.o_entry_d > INTERVAL '72 hours' ORDER BY elapsed DESC LIMIT 250",443,1,2,0,True,True,False,2,2,5,3,1,0,0,0,0,18344.24,18344.86,250.0,40,465610.0,136.237,9,7,2,Limit,0,0,0,2,1,0,0,1,1,49846,0,0,0,720000.0,600000.0,96862208,24797184,2,0.0004166666666666667
train_ch_customer_balance_rank,"SELECT c_w_id, c_d_id, c_id, c_balance, DENSE_RANK() OVER (PARTITION BY c_w_id ORDER BY c_balance DESC) AS balance_rank, CUME_DIST() OVER (PARTITION BY c_w_id ORDER BY c_balance) AS balance_percentile FROM chbenchmark.customer WHERE c_state = 'CA' ORDER BY c_w_id, balance_rank LIMIT 500",287,0,1,0,False,True,False,1,1,6,2,0,0,0,0,0,6485.37,6544.18,500.0,34,105260.0,62.522,7,7,1,Limit,1,0,0,0,0,0,0,1,0,19544,0,0,0,120000.0,120000.0,27607040,4702208,1,0.004166666666666667
train_ch_customer_balance_rank,"SELECT c_w_id, c_d_id, c_id, c_balance, DENSE_RANK() OVER (PARTITION BY c_w_id ORDER BY c_balance DESC) AS balance_rank, CUME_DIST() OVER (PARTITION BY c_w_id ORDER BY c_balance) AS balance_percentile FROM chbenchmark.customer WHERE c_state = 'CA' ORDER BY c_w_id, balance_rank LIMIT 500",287,0,1,0,False,True,False,1,1,6,2,0,0,0,0,0,6485.37,6544.18,500.0,34,105260.0,65.88,7,7,1,Limit,1,0,0,0,0,0,0,1,0,19544,0,0,0,120000.0,120000.0,27607040,4702208,1,0.004166666666666667
train_ch_supplier_sales,"SELECT su.su_suppkey, su.su_name, COUNT(*) AS supplied_lines, SUM(ol.ol_amount) AS revenue, AVG(s.s_quantity) AS avg_stock FROM chbenchmark.supplier su JOIN chbenchmark.stock s ON MOD(s.s_w_id * s.s_i_id, 10000) = su.su_suppkey JOIN chbenchmark.order_line ol ON ol.ol_supply_w_id = s.s_w_id AND ol.ol_i_id = s.s_i_id WHERE su.su_nationkey = 12 GROUP BY su.su_suppkey, su.su_name ORDER BY revenue DESC LIMIT 200",410,2,1,0,True,True,False,3,3,5,3,2,0,0,0,0,15968.43,15968.93,200.0,91,339636.0,130.991,13,11,3,Limit,3,0,0,0,2,0,0,2,2,68942,10853,0,0,730000.0,600000.0,99057664,23552000,3,0.0003333333333333333
train_ch_supplier_sales,"SELECT su.su_suppkey, su.su_name, COUNT(*) AS supplied_lines, SUM(ol.ol_amount) AS revenue, AVG(s.s_quantity) AS avg_stock FROM chbenchmark.supplier su JOIN chbenchmark.stock s ON MOD(s.s_w_id * s.s_i_id, 10000) = su.su_suppkey JOIN chbenchmark.order_line ol ON ol.ol_supply_w_id = s.s_w_id AND ol.ol_i_id = s.s_i_id WHERE su.su_nationkey = 12 GROUP BY su.su_suppkey, su.su_name ORDER BY revenue DESC LIMIT 200",410,2,1,0,True,True,False,3,3,5,3,2,0,0,0,0,15968.43,15968.93,200.0,91,339636.0,139.701,13,11,3,Limit,3,0,0,0,2,0,0,2,2,79795,0,0,0,730000.0,600000.0,99057664,23552000,3,0.0003333333333333333
train_ch_product_sales_by_state,"SELECT i.i_id, i.i_name, COUNT(DISTINCT o.o_id) AS orders, SUM(ol.ol_quantity) AS units, SUM(ol.ol_amount) AS revenue FROM chbenchmark.customer c JOIN chbenchmark.oorder o ON o.o_w_id = c.c_w_id AND o.o_d_id = c.c_d_id AND o.o_c_id = c.c_id JOIN chbenchmark.order_line ol ON ol.ol_w_id = o.o_w_id AND ol.ol_d_id = o.o_d_id AND ol.ol_o_id = o.o_id JOIN chbenchmark.item i ON i.i_id = ol.ol_i_id WHERE c.c_state = 'NY' GROUP BY i.i_id, i.i_name ORDER BY revenue DESC LIMIT 150",474,3,1,0,True,True,False,4,4,5,3,3,0,0,0,0,32694.08,32694.46,150.0,88,550696.0,414.556,14,9,4,Limit,3,1,0,0,2,0,1,2,1,576114,10048,1768,1772,870000.0,600000.0,127729664,30187520,4,0.00025
train_ch_product_sales_by_state,"SELECT i.i_id, i.i_name, COUNT(DISTINCT o.o_id) AS orders, SUM(ol.ol_quantity) AS units, SUM(ol.ol_amount) AS revenue FROM chbenchmark.customer c JOIN chbenchmark.oorder o ON o.o_w_id = c.c_w_id AND o.o_d_id = c.c_d_id AND o.o_c_id = c.c_id JOIN chbenchmark.order_line ol ON ol.ol_w_id = o.o_w_id AND ol.ol_d_id = o.o_d_id AND ol.ol_o_id = o.o_id JOIN chbenchmark.item i ON i.i_id = ol.ol_i_id WHERE c.c_state = 'NY' GROUP BY i.i_id, i.i_name ORDER BY revenue DESC LIMIT 150",474,3,1,0,True,True,False,4,4,5,3,3,0,0,0,0,32694.08,32694.46,150.0,88,550696.0,440.186,14,9,4,Limit,3,1,0,0,2,0,1,2,1,586162,0,1768,1772,870000.0,600000.0,127729664,30187520,4,0.00025
train_ch_remote_supply,"SELECT ol.ol_supply_w_id, COUNT(*) AS remote_lines, SUM(ol.ol_quantity) AS units, SUM(ol.ol_amount) AS revenue FROM chbenchmark.order_line ol WHERE ol.ol_w_id = 1 AND ol.ol_supply_w_id <> ol.ol_w_id GROUP BY ol.ol_supply_w_id ORDER BY revenue DESC",247,0,2,0,True,True,False,1,1,4,3,0,0,0,0,0,13192.67,13192.68,4.0,76,61863.0,67.116,6,6,1,Sort,1,0,0,0,0,0,0,2,2,46994,0,0,0,600000.0,600000.0,84729856,20602880,1,6.666666666666667e-06
train_ch_remote_supply,"SELECT ol.ol_supply_w_id, COUNT(*) AS remote_lines, SUM(ol.ol_quantity) AS units, SUM(ol.ol_amount) AS revenue FROM chbenchmark.order_line ol WHERE ol.ol_w_id = 1 AND ol.ol_supply_w_id <> ol.ol_w_id GROUP BY ol.ol_supply_w_id ORDER BY revenue DESC",247,0,2,0,True,True,False,1,1,4,3,0,0,0,0,0,13192.67,13192.68,4.0,76,61863.0,67.002,6,6,1,Sort,1,0,0,0,0,0,0,2,2,46994,0,0,0,600000.0,600000.0,84729856,20602880,1,6.666666666666667e-06
train_ch_warehouse_inventory,"SELECT s.s_w_id, COUNT(*) AS sku_count, SUM(s.s_quantity) AS units, SUM(s.s_quantity * i.i_price) AS inventory_value FROM chbenchmark.stock s JOIN chbenchmark.item i ON i.i_id = s.s_i_id WHERE s.s_w_id = 1 AND i.i_data ILIKE '%clearance%' GROUP BY s.s_w_id",256,1,2,0,True,False,False,2,2,4,3,1,0,0,0,0,1257.46,2956.65,1.0,52,61835.0,34.73,6,4,2,Aggregate,1,0,0,1,1,0,0,0,1,2131,371,0,0,150000.0,120000.0,16138240,3391488,2,8.333333333333334e-06
train_ch_warehouse_inventory,"SELECT s.s_w_id, COUNT(*) AS sku_count, SUM(s.s_quantity) AS units, SUM(s.s_quantity * i.i_price) AS inventory_value FROM chbenchmark.stock s JOIN chbenchmark.item i ON i.i_id = s.s_i_id WHERE s.s_w_id = 1 AND i.i_data ILIKE '%clearance%' GROUP BY s.s_w_id",256,1,2,0,True,False,False,2,2,4,3,1,0,0,0,0,1257.46,2956.65,1.0,52,61835.0,32.176,6,4,2,Aggregate,1,0,0,1,1,0,0,0,1,2502,0,0,0,150000.0,120000.0,16138240,3391488,2,8.333333333333334e-06
train_ch_district_daily_sales,"WITH daily AS ( SELECT o.o_entry_d::date AS day, o.o_d_id, SUM(ol.ol_amount) AS revenue FROM chbenchmark.oorder o JOIN chbenchmark.order_line ol ON ol.ol_w_id = o.o_w_id AND ol.ol_d_id = o.o_d_id AND ol.ol_o_id = o.o_id WHERE o.o_w_id = 3 GROUP BY o.o_entry_d::date, o.o_d_id ) SELECT day, o_d_id, revenue, AVG(revenue) OVER (PARTITION BY o_d_id ORDER BY day ROWS BETWEEN 29 PRECEDING AND CURRENT ROW) AS rolling_revenue FROM daily ORDER BY o_d_id, day",452,1,1,1,True,True,False,2,2,7,2,1,0,0,0,0,20865.4,21462.9,29876.0,72,629376.0,202.315,9,7,2,WindowAgg,0,0,0,2,1,0,0,1,1,48951,895,0,0,720000.0,600000.0,96862208,24797184,2,0.049793333333333335
train_ch_district_daily_sales,"WITH daily AS ( SELECT o.o_entry_d::date AS day, o.o_d_id, SUM(ol.ol_amount) AS revenue FROM chbenchmark.oorder o JOIN chbenchmark.order_line ol ON ol.ol_w_id = o.o_w_id AND ol.ol_d_id = o.o_d_id AND ol.ol_o_id = o.o_id WHERE o.o_w_id = 3 GROUP BY o.o_entry_d::date, o.o_d_id ) SELECT day, o_d_id, revenue, AVG(revenue) OVER (PARTITION BY o_d_id ORDER BY day ROWS BETWEEN 29 PRECEDING AND CURRENT ROW) AS rolling_revenue FROM daily ORDER BY o_d_id, day",452,1,1,1,True,True,False,2,2,7,2,1,0,0,0,0,20865.4,21462.9,29876.0,72,629376.0,206.838,9,7,2,WindowAgg,0,0,0,2,1,0,0,1,1,49846,0,0,0,720000.0,600000.0,96862208,24797184,2,0.049793333333333335
train_ch_supplier_sales,"SELECT su.su_suppkey, su.su_name, COUNT(*) AS supplied_lines, SUM(ol.ol_amount) AS revenue, AVG(s.s_quantity) AS avg_stock FROM chbenchmark.supplier su JOIN chbenchmark.stock s ON MOD(s.s_w_id * s.s_i_id, 10000) = su.su_suppkey JOIN chbenchmark.order_line ol ON ol.ol_supply_w_id = s.s_w_id AND ol.ol_i_id = s.s_i_id WHERE su.su_nationkey = 21 GROUP BY su.su_suppkey, su.su_name ORDER BY revenue DESC LIMIT 200",410,2,1,0,True,True,False,3,3,5,3,2,0,0,0,0,15968.43,15968.93,200.0,91,339636.0,126.327,13,11,3,Limit,3,0,0,0,2,0,0,2,2,70515,9280,0,0,730000.0,600000.0,99057664,23552000,3,0.0003333333333333333
train_ch_supplier_sales,"SELECT su.su_suppkey, su.su_name, COUNT(*) AS supplied_lines, SUM(ol.ol_amount) AS revenue, AVG(s.s_quantity) AS avg_stock FROM chbenchmark.supplier su JOIN chbenchmark.stock s ON MOD(s.s_w_id * s.s_i_id, 10000) = su.su_suppkey JOIN chbenchmark.order_line ol ON ol.ol_supply_w_id = s.s_w_id AND ol.ol_i_id = s.s_i_id WHERE su.su_nationkey = 21 GROUP BY su.su_suppkey, su.su_name ORDER BY revenue DESC LIMIT 200",410,2,1,0,True,True,False,3,3,5,3,2,0,0,0,0,15968.43,15968.93,200.0,91,339636.0,121.285,13,11,3,Limit,3,0,0,0,2,0,0,2,2,74615,5180,0,0,730000.0,600000.0,99057664,23552000,3,0.0003333333333333333
train_ch_district_revenue,"SELECT o.o_d_id, COUNT(DISTINCT o.o_id) AS orders, SUM(ol.ol_quantity) AS units, SUM(ol.ol_amount) AS revenue FROM chbenchmark.oorder o JOIN chbenchmark.order_line ol ON ol.ol_w_id = o.o_w_id AND ol.ol_d_id = o.o_d_id AND ol.ol_o_id = o.o_id WHERE o.o_w_id = 2 AND o.o_entry_d >= DATE '2024-11-18' - INTERVAL '90 days' AND o.o_entry_d < DATE '2024-11-18' + INTERVAL '1 day' GROUP BY o.o_d_id ORDER BY revenue DESC",413,1,3,0,True,True,False,2,2,4,3,1,0,0,0,0,16422.78,16422.8,10.0,76,120979.0,85.081,9,8,2,Sort,1,0,0,1,1,0,0,2,1,69819,1032,0,0,720000.0,600000.0,96862208,24797184,2,1.6666666666666667e-05
train_ch_district_revenue,"SELECT o.o_d_id, COUNT(DISTINCT o.o_id) AS orders, SUM(ol.ol_quantity) AS units, SUM(ol.ol_amount) AS revenue FROM chbenchmark.oorder o JOIN chbenchmark.order_line ol ON ol.ol_w_id = o.o_w_id AND ol.ol_d_id = o.o_d_id AND ol.ol_o_id = o.o_id WHERE o.o_w_id = 2 AND o.o_entry_d >= DATE '2024-11-18' - INTERVAL '90 days' AND o.o_entry_d < DATE '2024-11-18' + INTERVAL '1 day' GROUP BY o.o_d_id ORDER BY revenue DESC",413,1,3,0,True,True,False,2,2,4,3,1,0,0,0,0,16422.78,16422.8,10.0,76,120979.0,89.306,9,8,2,Sort,1,0,0,1,1,0,0,2,1,70851,0,0,0,720000.0,600000.0,96862208,24797184,2,1.6666666666666667e-05
train_ch_customer_balance_rank,"SELECT c_w_id, c_d_id, c_id, c_balance, DENSE_RANK() OVER (PARTITION BY c_w_id ORDER BY c_balance DESC) AS balance_rank, CUME_DIST() OVER (PARTITION BY c_w_id ORDER BY c_balance) AS balance_percentile FROM chbenchmark.customer WHERE c_state = 'OH' ORDER BY c_w_id, balance_rank LIMIT 500",287,0,1,0,False,True,False,1,1,6,2,0,0,0,0,0,6476.67,6535.48,500.0,34,104876.0,66.113,7,7,1,Limit,1,0,0,0,0,0,0,1,0,19544,0,0,0,120000.0,120000.0,27607040,4702208,1,0.004166666666666667
train_ch_customer_balance_rank,"SELECT c_w_id, c_d_id, c_id, c_balance, DENSE_RANK() OVER (PARTITION BY c_w_id ORDER BY c_balance DESC) AS balance_rank, CUME_DIST() OVER (PARTITION BY c_w_id ORDER BY c_balance) AS balance_percentile FROM chbenchmark.customer WHERE c_state = 'OH' ORDER BY c_w_id, balance_rank LIMIT 500",287,0,1,0,False,True,False,1,1,6,2,0,0,0,0,0,6476.67,6535.48,500.0,34,104876.0,63.122,7,7,1,Limit,1,0,0,0,0,0,0,1,0,19544,0,0,0,120000.0,120000.0,27607040,4702208,1,0.004166666666666667
train_ch_line_summary,"SELECT ol_number, SUM(ol_quantity) AS units, SUM(ol_amount) AS revenue, AVG(ol_amount) AS avg_amount, COUNT(*) AS line_count FROM chbenchmark.order_line WHERE ol_delivery_d >= DATE '2023-03-09' - INTERVAL '120 days' AND ol_delivery_d < DATE '2023-03-09' + INTERVAL '30 days' GROUP BY ol_number ORDER BY revenue DESC",315,0,2,0,True,True,False,1,1,5,4,0,0,0,0,0,12721.64,12721.65,5.0,108,14732.0,62.615,6,6,1,Sort,1,0,0,0,0,0,0,2,2,46994,0,0,0,600000.0,600000.0,84729856,20602880,1,8.333333333333334e-06
train_ch_line_summary,"SELECT ol_number, SUM(ol_quantity) AS units, SUM(ol_amount) AS revenue, AVG(ol_amount) AS avg_amount, COUNT(*) AS line_count FROM chbenchmark.order_line WHERE ol_delivery_d >= DATE '2023-03-09' - INTERVAL '120 days' AND ol_delivery_d < DATE '2023-03-09' + INTERVAL '30 days' GROUP BY ol_number ORDER BY revenue DESC",315,0,2,0,True,True,False,1,1,5,4,0,0,0,0,0,12721.64,12721.65,5.0,108,14732.0,64.73,6,6,1,Sort,1,0,0,0,0,0,0,2,2,46994,0,0,0,600000.0,600000.0,84729856,20602880,1,8.333333333333334e-06
train_ch_remote_supply,"SELECT ol.ol_supply_w_id, COUNT(*) AS remote_lines, SUM(ol.ol_quantity) AS units, SUM(ol.ol_amount) AS revenue FROM chbenchmark.order_line ol WHERE ol.ol_w_id = 4 AND ol.ol_supply_w_id <> ol.ol_w_id GROUP BY ol.ol_supply_w_id ORDER BY revenue DESC",247,0,2,0,True,True,False,1,1,4,3,0,0,0,0,0,13188.86,13188.87,4.0,76,61482.0,61.48,6,6,1,Sort,1,0,0,0,0,0,0,2,2,46994,0,0,0,600000.0,600000.0,84729856,20602880,1,6.666666666666667e-06
train_ch_remote_supply,"SELECT ol.ol_supply_w_id, COUNT(*) AS remote_lines, SUM(ol.ol_quantity) AS units, SUM(ol.ol_amount) AS revenue FROM chbenchmark.order_line ol WHERE ol.ol_w_id = 4 AND ol.ol_supply_w_id <> ol.ol_w_id GROUP BY ol.ol_supply_w_id ORDER BY revenue DESC",247,0,2,0,True,True,False,1,1,4,3,0,0,0,0,0,13188.86,13188.87,4.0,76,61482.0,70.807,6,6,1,Sort,1,0,0,0,0,0,0,2,2,46994,0,0,0,600000.0,600000.0,84729856,20602880,1,6.666666666666667e-06
train_ch_item_price_band,"SELECT width_bucket(i_price, 10, 110, 8) AS price_band, COUNT(*) AS items, AVG(i_price) AS avg_price, COUNT(*) FILTER (WHERE i_data ILIKE '%PROMO%') AS promotional FROM chbenchmark.item WHERE i_price BETWEEN 10 AND 110 GROUP BY price_band ORDER BY price_band",258,0,2,0,True,True,False,1,1,4,3,0,0,0,0,0,1154.93,1336.34,6047.0,52,18141.0,17.922,3,3,1,Aggregate,1,0,0,0,0,0,0,1,1,930,0,0,0,30000.0,30000.0,3260416,688128,1,0.20156666666666667
train_ch_item_price_band,"SELECT width_bucket(i_price, 10, 110, 8) AS price_band, COUNT(*) AS items, AVG(i_price) AS avg_price, COUNT(*) FILTER (WHERE i_data ILIKE '%PROMO%') AS promotional FROM chbenchmark.item WHERE i_price BETWEEN 10 AND 110 GROUP BY price_band ORDER BY price_band",258,0,2,0,True,True,False,1,1,4,3,0,0,0,0,0,1154.93,1336.34,6047.0,52,18141.0,16.261,3,3,1,Aggregate,1,0,0,0,0,0,0,1,1,930,0,0,0,30000.0,30000.0,3260416,688128,1,0.20156666666666667
train_ch_warehouse_inventory,"SELECT s.s_w_id, COUNT(*) AS sku_count, SUM(s.s_quantity) AS units, SUM(s.s_quantity * i.i_price) AS inventory_value FROM chbenchmark.stock s JOIN chbenchmark.item i ON i.i_id = s.s_i_id WHERE s.s_w_id = 4 AND i.i_data ILIKE '%clearance%' GROUP BY s.s_w_id",256,1,2,0,True,False,False,2,2,4,3,1,0,0,0,0,1252.22,2948.95,1.0,52,61512.0,32.304,6,4,2,Aggregate,1,0,0,1,1,0,0,0,1,2177,328,0,0,150000.0,120000.0,16138240,3391488,2,8.333333333333334e-06
train_ch_warehouse_inventory,"SELECT s.s_w_id, COUNT(*) AS sku_count, SUM(s.s_quantity) AS units, SUM(s.s_quantity * i.i_price) AS inventory_value FROM chbenchmark.stock s JOIN chbenchmark.item i ON i.i_id = s.s_i_id WHERE s.s_w_id = 4 AND i.i_data ILIKE '%clearance%' GROUP BY s.s_w_id",256,1,2,0,True,False,False,2,2,4,3,1,0,0,0,0,1252.22,2948.95,1.0,52,61512.0,35.504,6,4,2,Aggregate,1,0,0,1,1,0,0,0,1,2505,0,0,0,150000.0,120000.0,16138240,3391488,2,8.333333333333334e-06
train_ch_unsold_items,"SELECT i.i_id, i.i_name, i.i_price, s.s_quantity FROM chbenchmark.item i JOIN chbenchmark.stock s ON s.s_i_id = i.i_id AND s.s_w_id = 3 WHERE NOT EXISTS ( SELECT 1 FROM chbenchmark.order_line ol JOIN chbenchmark.oorder o ON o.o_w_id = ol.ol_w_id AND o.o_d_id = ol.ol_d_id AND o.o_id = ol.ol_o_id WHERE ol.ol_i_id = i.i_id AND ol.ol_w_id = 3 AND o.o_entry_d >= DATE '2025-08-10' - INTERVAL '90 days' ) ORDER BY s.s_quantity DESC LIMIT 300",437,2,4,1,False,True,False,4,4,5,0,2,0,0,0,0,17932.06,17932.53,187.0,26,434770.0,143.895,13,8,4,Limit,1,1,0,2,2,0,1,1,0,198768,336,0,0,870000.0,600000.0,113000448,28188672,4,0.0003116666666666667
train_ch_unsold_items,"SELECT i.i_id, i.i_name, i.i_price, s.s_quantity FROM chbenchmark.item i JOIN chbenchmark.stock s ON s.s_i_id = i.i_id AND s.s_w_id = 3 WHERE NOT EXISTS ( SELECT 1 FROM chbenchmark.order_line ol JOIN chbenchmark.oorder o ON o.o_w_id = ol.ol_w_id AND o.o_d_id = ol.ol_d_id AND o.o_id = ol.ol_o_id WHERE ol.ol_i_id = i.i_id AND ol.ol_w_id = 3 AND o.o_entry_d >= DATE '2025-08-10' - INTERVAL '90 days' ) ORDER BY s.s_quantity DESC LIMIT 300",437,2,4,1,False,True,False,4,4,5,0,2,0,0,0,0,17932.06,17932.53,187.0,26,434770.0,147.835,13,8,4,Limit,1,1,0,2,2,0,1,1,0,199104,0,0,0,870000.0,600000.0,113000448,28188672,4,0.0003116666666666667
train_ch_repeat_customers,"SELECT c.c_state, COUNT(*) AS repeat_customers, AVG(customer_orders.order_count) AS avg_orders FROM chbenchmark.customer c JOIN ( SELECT o_w_id, o_d_id, o_c_id, COUNT(*) AS order_count FROM chbenchmark.oorder GROUP BY o_w_id, o_d_id, o_c_id HAVING COUNT(*) >= 5 ) customer_orders ON customer_orders.o_w_id = c.c_w_id AND customer_orders.o_d_id = c.c_d_id AND customer_orders.o_c_id = c.c_id GROUP BY c.c_state ORDER BY repeat_customers DESC",440,1,0,1,True,True,False,2,2,7,4,1,0,0,0,0,8562.17,8562.18,4.0,43,252016.0,120.14,9,8,2,Sort,2,0,0,0,1,0,0,2,2,7730,0,1169,2289,240000.0,120000.0,39739392,8896512,2,3.3333333333333335e-05
train_ch_repeat_customers,"SELECT c.c_state, COUNT(*) AS repeat_customers, AVG(customer_orders.order_count) AS avg_orders FROM chbenchmark.customer c JOIN ( SELECT o_w_id, o_d_id, o_c_id, COUNT(*) AS order_count FROM chbenchmark.oorder GROUP BY o_w_id, o_d_id, o_c_id HAVING COUNT(*) >= 5 ) customer_orders ON customer_orders.o_w_id = c.c_w_id AND customer_orders.o_d_id = c.c_d_id AND customer_orders.o_c_id = c.c_id GROUP BY c.c_state ORDER BY repeat_customers DESC",440,1,0,1,True,True,False,2,2,7,4,1,0,0,0,0,8562.17,8562.18,4.0,43,252016.0,135.614,9,8,2,Sort,2,0,0,0,1,0,0,2,2,7730,0,1169,2289,240000.0,120000.0,39739392,8896512,2,3.3333333333333335e-05
train_ch_order_basket,"SELECT o.o_d_id, o.o_id, o.o_entry_d, COUNT(*) AS lines, SUM(ol.ol_quantity) AS units, SUM(ol.ol_amount) AS basket_value FROM chbenchmark.oorder o JOIN chbenchmark.order_line ol ON ol.ol_w_id = o.o_w_id AND ol.ol_d_id = o.o_d_id AND ol.ol_o_id = o.o_id WHERE o.o_w_id = 2 GROUP BY o.o_d_id, o.o_id, o.o_entry_d HAVING SUM(ol.ol_amount) >= 250 ORDER BY basket_value DESC LIMIT 300",379,1,1,0,True,True,False,2,2,6,4,1,0,0,0,0,30532.68,30533.43,300.0,88,390441.0,393.13,11,10,2,Limit,1,0,0,1,1,0,0,2,2,92839,12,1632,1632,720000.0,600000.0,96862208,24797184,2,0.0005
train_ch_order_basket,"SELECT o.o_d_id, o.o_id, o.o_entry_d, COUNT(*) AS lines, SUM(ol.ol_quantity) AS units, SUM(ol.ol_amount) AS basket_value FROM chbenchmark.oorder o JOIN chbenchmark.order_line ol ON ol.ol_w_id = o.o_w_id AND ol.ol_d_id = o.o_d_id AND ol.ol_o_id = o.o_id WHERE o.o_w_id = 2 GROUP BY o.o_d_id, o.o_id, o.o_entry_d HAVING SUM(ol.ol_amount) >= 250 ORDER BY basket_value DESC LIMIT 300",379,1,1,0,True,True,False,2,2,6,4,1,0,0,0,0,30532.68,30533.43,300.0,88,390441.0,370.617,11,10,2,Limit,1,0,0,1,1,0,0,2,2,92851,0,1632,1632,720000.0,600000.0,96862208,24797184,2,0.0005
train_ch_customer_last_order,"SELECT c.c_id, c.c_first, c.c_last, latest.o_id, latest.o_entry_d, latest.order_value FROM chbenchmark.customer c LEFT JOIN LATERAL ( SELECT o.o_id, o.o_entry_d, SUM(ol.ol_amount) AS order_value FROM chbenchmark.oorder o JOIN chbenchmark.order_line ol ON ol.ol_w_id = o.o_w_id AND ol.ol_d_id = o.o_d_id AND ol.ol_o_id = o.o_id WHERE o.o_w_id = c.c_w_id AND o.o_d_id = c.c_d_id AND o.o_c_id = c.c_id GROUP BY o.o_id, o.o_entry_d ORDER BY o.o_entry_d DESC LIMIT 1 ) latest ON true WHERE c.c_w_id = 3 AND c.c_d_id = 1 ORDER BY latest.o_entry_d DESC NULLS LAST LIMIT 300",566,2,5,1,True,True,False,3,3,9,1,1,1,0,0,0,3020944.75,3020945.5,300.0,67,12316.0,4838.068,12,10,3,Limit,1,1,0,1,0,0,2,2,1,26624564,0,0,0,840000.0,600000.0,124469248,29499392,3,0.0005
train_ch_customer_last_order,"SELECT c.c_id, c.c_first, c.c_last, latest.o_id, latest.o_entry_d, latest.order_value FROM chbenchmark.customer c LEFT JOIN LATERAL ( SELECT o.o_id, o.o_entry_d, SUM(ol.ol_amount) AS order_value FROM chbenchmark.oorder o JOIN chbenchmark.order_line ol ON ol.ol_w_id = o.o_w_id AND ol.ol_d_id = o.o_d_id AND ol.ol_o_id = o.o_id WHERE o.o_w_id = c.c_w_id AND o.o_d_id = c.c_d_id AND o.o_c_id = c.c_id GROUP BY o.o_id, o.o_entry_d ORDER BY o.o_entry_d DESC LIMIT 1 ) latest ON true WHERE c.c_w_id = 3 AND c.c_d_id = 1 ORDER BY latest.o_entry_d DESC NULLS LAST LIMIT 300",566,2,5,1,True,True,False,3,3,9,1,1,1,0,0,0,3020944.75,3020945.5,300.0,67,12316.0,4819.009,12,10,3,Limit,1,1,0,1,0,0,2,2,1,26624564,0,0,0,840000.0,600000.0,124469248,29499392,3,0.0005
train_ch_credit_risk,"SELECT c.c_w_id, c.c_d_id, c.c_id, c.c_balance, COUNT(no.no_o_id) AS pending_orders FROM chbenchmark.customer c LEFT JOIN chbenchmark.oorder o ON o.o_w_id = c.c_w_id AND o.o_d_id = c.c_d_id AND o.o_c_id = c.c_id LEFT JOIN chbenchmark.new_order no ON no.no_w_id = o.o_w_id AND no.no_d_id = o.o_d_id AND no.no_o_id = o.o_id WHERE c.c_credit = 'BC' AND c.c_state = 'CA' AND c.c_balance > 2500 GROUP BY c.c_w_id, c.c_d_id, c.c_id, c.c_balance ORDER BY pending_orders DESC, c.c_balance DESC LIMIT 250",495,2,3,0,True,True,False,3,3,5,1,0,2,0,0,0,8094.34,8094.86,210.0,26,121691.0,71.949,10,8,3,Limit,2,0,1,0,1,0,1,2,1,30915,582,0,0,276000.0,120000.0,42901504,10428416,3,0.00175
train_ch_credit_risk,"SELECT c.c_w_id, c.c_d_id, c.c_id, c.c_balance, COUNT(no.no_o_id) AS pending_orders FROM chbenchmark.customer c LEFT JOIN chbenchmark.oorder o ON o.o_w_id = c.c_w_id AND o.o_d_id = c.c_d_id AND o.o_c_id = c.c_id LEFT JOIN chbenchmark.new_order no ON no.no_w_id = o.o_w_id AND no.no_d_id = o.o_d_id AND no.no_o_id = o.o_id WHERE c.c_credit = 'BC' AND c.c_state = 'CA' AND c.c_balance > 2500 GROUP BY c.c_w_id, c.c_d_id, c.c_id, c.c_balance ORDER BY pending_orders DESC, c.c_balance DESC LIMIT 250",495,2,3,0,True,True,False,3,3,5,1,0,2,0,0,0,8094.34,8094.86,210.0,26,121691.0,93.26,10,8,3,Limit,2,0,1,0,1,0,1,2,1,31497,0,0,0,276000.0,120000.0,42901504,10428416,3,0.00175
train_ch_product_sales_by_state,"SELECT i.i_id, i.i_name, COUNT(DISTINCT o.o_id) AS orders, SUM(ol.ol_quantity) AS units, SUM(ol.ol_amount) AS revenue FROM chbenchmark.customer c JOIN chbenchmark.oorder o ON o.o_w_id = c.c_w_id AND o.o_d_id = c.c_d_id AND o.o_c_id = c.c_id JOIN chbenchmark.order_line ol ON ol.ol_w_id = o.o_w_id AND ol.ol_d_id = o.o_d_id AND ol.ol_o_id = o.o_id JOIN chbenchmark.item i ON i.i_id = ol.ol_i_id WHERE c.c_state = 'NV' GROUP BY i.i_id, i.i_name ORDER BY revenue DESC LIMIT 150",474,3,1,0,True,True,False,4,4,5,3,3,0,0,0,0,32408.0,32408.38,150.0,88,543640.0,439.393,14,9,4,Limit,3,1,0,0,2,0,1,2,1,584882,8,1764,1768,870000.0,600000.0,127729664,30187520,4,0.00025
train_ch_product_sales_by_state,"SELECT i.i_id, i.i_name, COUNT(DISTINCT o.o_id) AS orders, SUM(ol.ol_quantity) AS units, SUM(ol.ol_amount) AS revenue FROM chbenchmark.customer c JOIN chbenchmark.oorder o ON o.o_w_id = c.c_w_id AND o.o_d_id = c.c_d_id AND o.o_c_id = c.c_id JOIN chbenchmark.order_line ol ON ol.ol_w_id = o.o_w_id AND ol.ol_d_id = o.o_d_id AND ol.ol_o_id = o.o_id JOIN chbenchmark.item i ON i.i_id = ol.ol_i_id WHERE c.c_state = 'NV' GROUP BY i.i_id, i.i_name ORDER BY revenue DESC LIMIT 150",474,3,1,0,True,True,False,4,4,5,3,3,0,0,0,0,32408.0,32408.38,150.0,88,543640.0,447.999,14,9,4,Limit,3,1,0,0,2,0,1,2,1,584890,0,1764,1768,870000.0,600000.0,127729664,30187520,4,0.00025
train_ch_promotional_items,"SELECT i.i_id, i.i_name, SUM(ol.ol_quantity) AS units, SUM(ol.ol_amount) AS revenue FROM chbenchmark.item i JOIN chbenchmark.order_line ol ON ol.ol_i_id = i.i_id JOIN chbenchmark.oorder o ON o.o_w_id = ol.ol_w_id AND o.o_d_id = ol.ol_d_id AND o.o_id = ol.ol_o_id WHERE i.i_data ILIKE '%PROMO%' AND o.o_entry_d >= DATE '2024-09-24' - INTERVAL '365 days' GROUP BY i.i_id, i.i_name ORDER BY revenue DESC LIMIT 100",410,2,2,0,True,True,False,3,3,4,2,2,0,0,0,0,14007.3,14007.55,100.0,80,258386.0,120.366,12,10,3,Limit,2,1,0,0,1,0,1,2,2,267935,2032,0,0,750000.0,600000.0,100122624,25485312,3,0.00016666666666666666
train_ch_promotional_items,"SELECT i.i_id, i.i_name, SUM(ol.ol_quantity) AS units, SUM(ol.ol_amount) AS revenue FROM chbenchmark.item i JOIN chbenchmark.order_line ol ON ol.ol_i_id = i.i_id JOIN chbenchmark.oorder o ON o.o_w_id = ol.ol_w_id AND o.o_d_id = ol.ol_d_id AND o.o_id = ol.ol_o_id WHERE i.i_data ILIKE '%PROMO%' AND o.o_entry_d >= DATE '2024-09-24' - INTERVAL '365 days' GROUP BY i.i_id, i.i_name ORDER BY revenue DESC LIMIT 100",410,2,2,0,True,True,False,3,3,4,2,2,0,0,0,0,14007.3,14007.55,100.0,80,258386.0,125.638,12,10,3,Limit,2,1,0,0,1,0,1,2,2,269967,0,0,0,750000.0,600000.0,100122624,25485312,3,0.00016666666666666666
train_ch_customer_order_totals,"SELECT c.c_id, c.c_first, c.c_last, COUNT(DISTINCT o.o_id) AS orders, SUM(ol.ol_amount) AS lifetime_value FROM chbenchmark.customer c JOIN chbenchmark.oorder o ON o.o_w_id = c.c_w_id AND o.o_d_id = c.c_d_id AND o.o_c_id = c.c_id JOIN chbenchmark.order_line ol ON ol.ol_w_id = o.o_w_id AND ol.ol_d_id = o.o_d_id AND ol.ol_o_id = o.o_id WHERE c.c_w_id = 1 GROUP BY c.c_id, c.c_first, c.c_last HAVING SUM(ol.ol_amount) > 5000 ORDER BY lifetime_value DESC LIMIT 200",461,2,1,0,True,True,False,3,3,5,3,2,0,0,0,0,40830.66,40831.16,200.0,63,349370.0,470.021,14,10,3,Limit,1,1,0,1,0,1,1,3,1,758117,30,0,0,840000.0,600000.0,124469248,29499392,3,0.0003333333333333333
train_ch_customer_order_totals,"SELECT c.c_id, c.c_first, c.c_last, COUNT(DISTINCT o.o_id) AS orders, SUM(ol.ol_amount) AS lifetime_value FROM chbenchmark.customer c JOIN chbenchmark.oorder o ON o.o_w_id = c.c_w_id AND o.o_d_id = c.c_d_id AND o.o_c_id = c.c_id JOIN chbenchmark.order_line ol ON ol.ol_w_id = o.o_w_id AND ol.ol_d_id = o.o_d_id AND ol.ol_o_id = o.o_id WHERE c.c_w_id = 1 GROUP BY c.c_id, c.c_first, c.c_last HAVING SUM(ol.ol_amount) > 5000 ORDER BY lifetime_value DESC LIMIT 200",461,2,1,0,True,True,False,3,3,5,3,2,0,0,0,0,40830.66,40831.16,200.0,63,349370.0,544.402,14,10,3,Limit,1,1,0,1,0,1,1,3,1,758147,0,0,0,840000.0,600000.0,124469248,29499392,3,0.0003333333333333333
train_ch_payment_activity,"SELECT h.h_w_id, h.h_d_id, COUNT(*) AS payments, SUM(h.h_amount) AS amount, COUNT(DISTINCT h.h_c_id) AS customers FROM chbenchmark.history h WHERE h.h_date >= DATE '2025-08-15' - INTERVAL '180 days' AND h.h_amount >= 50 GROUP BY h.h_w_id, h.h_d_id ORDER BY amount DESC",268,0,2,0,True,True,False,1,1,5,3,0,0,0,0,0,5195.6,5195.7,40.0,56,44234.0,52.533,4,4,1,Sort,1,0,0,0,0,0,0,2,1,0,5880,0,0,120000.0,120000.0,16670720,4595712,1,0.0003333333333333333
train_ch_payment_activity,"SELECT h.h_w_id, h.h_d_id, COUNT(*) AS payments, SUM(h.h_amount) AS amount, COUNT(DISTINCT h.h_c_id) AS customers FROM chbenchmark.history h WHERE h.h_date >= DATE '2025-08-15' - INTERVAL '180 days' AND h.h_amount >= 50 GROUP BY h.h_w_id, h.h_d_id ORDER BY amount DESC",268,0,2,0,True,True,False,1,1,5,3,0,0,0,0,0,5195.6,5195.7,40.0,56,44234.0,56.171,4,4,1,Sort,1,0,0,0,0,0,0,2,1,1596,4284,0,0,120000.0,120000.0,16670720,4595712,1,0.0003333333333333333
train_ch_delivery_delay,"SELECT o.o_d_id, o.o_id, o.o_entry_d, MAX(ol.ol_delivery_d) AS completed_at, MAX(ol.ol_delivery_d) - o.o_entry_d AS elapsed FROM chbenchmark.oorder o JOIN chbenchmark.order_line ol ON ol.ol_w_id = o.o_w_id AND ol.ol_d_id = o.o_d_id AND ol.ol_o_id = o.o_id WHERE o.o_w_id = 3 AND ol.ol_delivery_d IS NOT NULL GROUP BY o.o_d_id, o.o_id, o.o_entry_d HAVING MAX(ol.ol_delivery_d) - o.o_entry_d > INTERVAL '24 hours' ORDER BY elapsed DESC LIMIT 250",443,1,2,0,True,True,False,2,2,5,3,1,0,0,0,0,18414.51,18415.14,250.0,40,469412.0,150.825,9,7,2,Limit,0,0,0,2,1,0,0,1,1,49374,472,0,0,720000.0,600000.0,96862208,24797184,2,0.0004166666666666667
train_ch_delivery_delay,"SELECT o.o_d_id, o.o_id, o.o_entry_d, MAX(ol.ol_delivery_d) AS completed_at, MAX(ol.ol_delivery_d) - o.o_entry_d AS elapsed FROM chbenchmark.oorder o JOIN chbenchmark.order_line ol ON ol.ol_w_id = o.o_w_id AND ol.ol_d_id = o.o_d_id AND ol.ol_o_id = o.o_id WHERE o.o_w_id = 3 AND ol.ol_delivery_d IS NOT NULL GROUP BY o.o_d_id, o.o_id, o.o_entry_d HAVING MAX(ol.ol_delivery_d) - o.o_entry_d > INTERVAL '24 hours' ORDER BY elapsed DESC LIMIT 250",443,1,2,0,True,True,False,2,2,5,3,1,0,0,0,0,18414.51,18415.14,250.0,40,469412.0,152.003,9,7,2,Limit,0,0,0,2,1,0,0,1,1,49846,0,0,0,720000.0,600000.0,96862208,24797184,2,0.0004166666666666667
train_ch_district_daily_sales,"WITH daily AS ( SELECT o.o_entry_d::date AS day, o.o_d_id, SUM(ol.ol_amount) AS revenue FROM chbenchmark.oorder o JOIN chbenchmark.order_line ol ON ol.ol_w_id = o.o_w_id AND ol.ol_d_id = o.o_d_id AND ol.ol_o_id = o.o_id WHERE o.o_w_id = 3 GROUP BY o.o_entry_d::date, o.o_d_id ) SELECT day, o_d_id, revenue, AVG(revenue) OVER (PARTITION BY o_d_id ORDER BY day ROWS BETWEEN 6 PRECEDING AND CURRENT ROW) AS rolling_revenue FROM daily ORDER BY o_d_id, day",451,1,1,1,True,True,False,2,2,7,2,1,0,0,0,0,20865.4,21462.9,29876.0,72,629376.0,199.782,9,7,2,WindowAgg,0,0,0,2,1,0,0,1,1,49846,0,0,0,720000.0,600000.0,96862208,24797184,2,0.049793333333333335
train_ch_district_daily_sales,"WITH daily AS ( SELECT o.o_entry_d::date AS day, o.o_d_id, SUM(ol.ol_amount) AS revenue FROM chbenchmark.oorder o JOIN chbenchmark.order_line ol ON ol.ol_w_id = o.o_w_id AND ol.ol_d_id = o.o_d_id AND ol.ol_o_id = o.o_id WHERE o.o_w_id = 3 GROUP BY o.o_entry_d::date, o.o_d_id ) SELECT day, o_d_id, revenue, AVG(revenue) OVER (PARTITION BY o_d_id ORDER BY day ROWS BETWEEN 6 PRECEDING AND CURRENT ROW) AS rolling_revenue FROM daily ORDER BY o_d_id, day",451,1,1,1,True,True,False,2,2,7,2,1,0,0,0,0,20865.4,21462.9,29876.0,72,629376.0,192.066,9,7,2,WindowAgg,0,0,0,2,1,0,0,1,1,49846,0,0,0,720000.0,600000.0,96862208,24797184,2,0.049793333333333335
train_ch_backlog,"SELECT no.no_d_id, COUNT(*) AS pending_orders, MIN(o.o_entry_d) AS oldest_order, SUM(ol.ol_amount) AS pending_value FROM chbenchmark.new_order no JOIN chbenchmark.oorder o ON o.o_w_id = no.no_w_id AND o.o_d_id = no.no_d_id AND o.o_id = no.no_o_id JOIN chbenchmark.order_line ol ON ol.ol_w_id = o.o_w_id AND ol.ol_d_id = o.o_d_id AND ol.ol_o_id = o.o_id WHERE no.no_w_id = 4 GROUP BY no.no_d_id ORDER BY oldest_order",415,2,1,0,True,True,False,3,3,4,3,2,0,0,0,0,15577.35,15577.38,10.0,52,206838.0,110.244,13,9,3,Sort,1,0,1,1,2,0,0,2,2,90288,396,0,0,756000.0,600000.0,100024320,26329088,3,1.6666666666666667e-05
train_ch_backlog,"SELECT no.no_d_id, COUNT(*) AS pending_orders, MIN(o.o_entry_d) AS oldest_order, SUM(ol.ol_amount) AS pending_value FROM chbenchmark.new_order no JOIN chbenchmark.oorder o ON o.o_w_id = no.no_w_id AND o.o_d_id = no.no_d_id AND o.o_id = no.no_o_id JOIN chbenchmark.order_line ol ON ol.ol_w_id = o.o_w_id AND ol.ol_d_id = o.o_d_id AND ol.ol_o_id = o.o_id WHERE no.no_w_id = 4 GROUP BY no.no_d_id ORDER BY oldest_order",415,2,1,0,True,True,False,3,3,4,3,2,0,0,0,0,15577.35,15577.38,10.0,52,206838.0,111.365,13,9,3,Sort,1,0,1,1,2,0,0,2,2,90684,0,0,0,756000.0,600000.0,100024320,26329088,3,1.6666666666666667e-05
train_ch_regional_low_stock,"SELECT r.r_name, n.n_name, su.su_name, i.i_id, i.i_name, MIN(s.s_quantity) AS minimum_quantity FROM chbenchmark.stock s JOIN chbenchmark.item i ON i.i_id = s.s_i_id JOIN chbenchmark.supplier su ON su.su_suppkey = MOD(s.s_w_id * s.s_i_id, 10000) JOIN chbenchmark.nation n ON n.n_nationkey = su.su_nationkey JOIN chbenchmark.region r ON r.r_regionkey = n.n_regionkey WHERE r.r_name = 'AMERICA' AND s.s_quantity < 25 GROUP BY r.r_name, n.n_name, su.su_name, i.i_id, i.i_name ORDER BY minimum_quantity, i.i_id LIMIT 250",515,4,2,0,True,True,False,5,5,6,1,4,0,0,0,0,4019.83,4020.46,250.0,52,62279.0,30.534,16,12,5,Limit,5,0,0,0,4,0,0,1,1,33,11493,0,0,160030.0,120000.0,17670144,3702784,7,0.0020833333333333333
train_ch_regional_low_stock,"SELECT r.r_name, n.n_name, su.su_name, i.i_id, i.i_name, MIN(s.s_quantity) AS minimum_quantity FROM chbenchmark.stock s JOIN chbenchmark.item i ON i.i_id = s.s_i_id JOIN chbenchmark.supplier su ON su.su_suppkey = MOD(s.s_w_id * s.s_i_id, 10000) JOIN chbenchmark.nation n ON n.n_nationkey = su.su_nationkey JOIN chbenchmark.region r ON r.r_regionkey = n.n_regionkey WHERE r.r_name = 'AMERICA' AND s.s_quantity < 25 GROUP BY r.r_name, n.n_name, su.su_name, i.i_id, i.i_name ORDER BY minimum_quantity, i.i_id LIMIT 250",515,4,2,0,True,True,False,5,5,6,1,4,0,0,0,0,4019.83,4020.46,250.0,52,62279.0,26.245,16,12,5,Limit,5,0,0,0,4,0,0,1,1,11526,0,0,0,160030.0,120000.0,17670144,3702784,7,0.0020833333333333333
train_ch_warehouse_inventory,"SELECT s.s_w_id, COUNT(*) AS sku_count, SUM(s.s_quantity) AS units, SUM(s.s_quantity * i.i_price) AS inventory_value FROM chbenchmark.stock s JOIN chbenchmark.item i ON i.i_id = s.s_i_id WHERE s.s_w_id = 2 AND i.i_data ILIKE '%standard%' GROUP BY s.s_w_id",255,1,2,0,True,False,False,2,2,4,3,1,0,0,0,0,1619.99,3685.06,1.0,52,148292.0,54.24,6,4,2,Aggregate,1,0,0,1,1,0,0,0,1,2170,332,0,0,150000.0,120000.0,16138240,3391488,2,8.333333333333334e-06
train_ch_warehouse_inventory,"SELECT s.s_w_id, COUNT(*) AS sku_count, SUM(s.s_quantity) AS units, SUM(s.s_quantity * i.i_price) AS inventory_value FROM chbenchmark.stock s JOIN chbenchmark.item i ON i.i_id = s.s_i_id WHERE s.s_w_id = 2 AND i.i_data ILIKE '%standard%' GROUP BY s.s_w_id",255,1,2,0,True,False,False,2,2,4,3,1,0,0,0,0,1619.99,3685.06,1.0,52,148292.0,55.949,6,4,2,Aggregate,1,0,0,1,1,0,0,0,1,2502,0,0,0,150000.0,120000.0,16138240,3391488,2,8.333333333333334e-06
train_ch_unsold_items,"SELECT i.i_id, i.i_name, i.i_price, s.s_quantity FROM chbenchmark.item i JOIN chbenchmark.stock s ON s.s_i_id = i.i_id AND s.s_w_id = 2 WHERE NOT EXISTS ( SELECT 1 FROM chbenchmark.order_line ol JOIN chbenchmark.oorder o ON o.o_w_id = ol.ol_w_id AND o.o_d_id = ol.ol_d_id AND o.o_id = ol.ol_o_id WHERE ol.ol_i_id = i.i_id AND ol.ol_w_id = 2 AND o.o_entry_d >= DATE '2025-06-11' - INTERVAL '90 days' ) ORDER BY s.s_quantity DESC LIMIT 300",437,2,4,1,False,True,False,4,4,5,0,2,0,0,0,0,18007.81,18026.24,158.0,26,270676.0,125.688,15,8,4,Limit,2,0,0,2,3,0,0,1,0,79591,1424,0,0,870000.0,600000.0,113000448,28188672,4,0.00026333333333333336
train_ch_unsold_items,"SELECT i.i_id, i.i_name, i.i_price, s.s_quantity FROM chbenchmark.item i JOIN chbenchmark.stock s ON s.s_i_id = i.i_id AND s.s_w_id = 2 WHERE NOT EXISTS ( SELECT 1 FROM chbenchmark.order_line ol JOIN chbenchmark.oorder o ON o.o_w_id = ol.ol_w_id AND o.o_d_id = ol.ol_d_id AND o.o_id = ol.ol_o_id WHERE ol.ol_i_id = i.i_id AND ol.ol_w_id = 2 AND o.o_entry_d >= DATE '2025-06-11' - INTERVAL '90 days' ) ORDER BY s.s_quantity DESC LIMIT 300",437,2,4,1,False,True,False,4,4,5,0,2,0,0,0,0,18007.81,18026.24,158.0,26,270676.0,156.204,15,8,4,Limit,2,0,0,2,3,0,0,1,0,81015,0,0,0,870000.0,600000.0,113000448,28188672,4,0.00026333333333333336
train_ch_payment_activity,"SELECT h.h_w_id, h.h_d_id, COUNT(*) AS payments, SUM(h.h_amount) AS amount, COUNT(DISTINCT h.h_c_id) AS customers FROM chbenchmark.history h WHERE h.h_date >= DATE '2024-05-21' - INTERVAL '180 days' AND h.h_amount >= 400 GROUP BY h.h_w_id, h.h_d_id ORDER BY amount DESC",269,0,2,0,True,True,False,1,1,5,3,0,0,0,0,0,3270.43,3270.44,7.0,56,30.0,19.516,4,4,1,Sort,1,0,0,0,0,0,0,2,1,5880,0,0,0,120000.0,120000.0,16670720,4595712,1,5.833333333333333e-05
train_ch_payment_activity,"SELECT h.h_w_id, h.h_d_id, COUNT(*) AS payments, SUM(h.h_amount) AS amount, COUNT(DISTINCT h.h_c_id) AS customers FROM chbenchmark.history h WHERE h.h_date >= DATE '2024-05-21' - INTERVAL '180 days' AND h.h_amount >= 400 GROUP BY h.h_w_id, h.h_d_id ORDER BY amount DESC",269,0,2,0,True,True,False,1,1,5,3,0,0,0,0,0,3270.43,3270.44,7.0,56,30.0,18.762,4,4,1,Sort,1,0,0,0,0,0,0,2,1,5880,0,0,0,120000.0,120000.0,16670720,4595712,1,5.833333333333333e-05
train_ch_district_revenue,"SELECT o.o_d_id, COUNT(DISTINCT o.o_id) AS orders, SUM(ol.ol_quantity) AS units, SUM(ol.ol_amount) AS revenue FROM chbenchmark.oorder o JOIN chbenchmark.order_line ol ON ol.ol_w_id = o.o_w_id AND ol.ol_d_id = o.o_d_id AND ol.ol_o_id = o.o_id WHERE o.o_w_id = 1 AND o.o_entry_d >= DATE '2025-01-07' - INTERVAL '90 days' AND o.o_entry_d < DATE '2025-01-07' + INTERVAL '1 day' GROUP BY o.o_d_id ORDER BY revenue DESC",413,1,3,0,True,True,False,2,2,4,3,1,0,0,0,0,16383.63,16383.66,10.0,76,119375.0,86.259,9,8,2,Sort,1,0,0,1,1,0,0,2,1,70819,8,0,0,720000.0,600000.0,96862208,24797184,2,1.6666666666666667e-05
train_ch_district_revenue,"SELECT o.o_d_id, COUNT(DISTINCT o.o_id) AS orders, SUM(ol.ol_quantity) AS units, SUM(ol.ol_amount) AS revenue FROM chbenchmark.oorder o JOIN chbenchmark.order_line ol ON ol.ol_w_id = o.o_w_id AND ol.ol_d_id = o.o_d_id AND ol.ol_o_id = o.o_id WHERE o.o_w_id = 1 AND o.o_entry_d >= DATE '2025-01-07' - INTERVAL '90 days' AND o.o_entry_d < DATE '2025-01-07' + INTERVAL '1 day' GROUP BY o.o_d_id ORDER BY revenue DESC",413,1,3,0,True,True,False,2,2,4,3,1,0,0,0,0,16383.63,16383.66,10.0,76,119375.0,87.639,9,8,2,Sort,1,0,0,1,1,0,0,2,1,70827,0,0,0,720000.0,600000.0,96862208,24797184,2,1.6666666666666667e-05
train_ch_supplier_sales,"SELECT su.su_suppkey, su.su_name, COUNT(*) AS supplied_lines, SUM(ol.ol_amount) AS revenue, AVG(s.s_quantity) AS avg_stock FROM chbenchmark.supplier su JOIN chbenchmark.stock s ON MOD(s.s_w_id * s.s_i_id, 10000) = su.su_suppkey JOIN chbenchmark.order_line ol ON ol.ol_supply_w_id = s.s_w_id AND ol.ol_i_id = s.s_i_id WHERE su.su_nationkey = 1 GROUP BY su.su_suppkey, su.su_name ORDER BY revenue DESC LIMIT 200",409,2,1,0,True,True,False,3,3,5,3,2,0,0,0,0,15968.43,15968.93,200.0,91,339636.0,131.702,13,11,3,Limit,3,0,0,0,2,0,0,2,2,79795,0,0,0,730000.0,600000.0,99057664,23552000,3,0.0003333333333333333
train_ch_supplier_sales,"SELECT su.su_suppkey, su.su_name, COUNT(*) AS supplied_lines, SUM(ol.ol_amount) AS revenue, AVG(s.s_quantity) AS avg_stock FROM chbenchmark.supplier su JOIN chbenchmark.stock s ON MOD(s.s_w_id * s.s_i_id, 10000) = su.su_suppkey JOIN chbenchmark.order_line ol ON ol.ol_supply_w_id = s.s_w_id AND ol.ol_i_id = s.s_i_id WHERE su.su_nationkey = 1 GROUP BY su.su_suppkey, su.su_name ORDER BY revenue DESC LIMIT 200",409,2,1,0,True,True,False,3,3,5,3,2,0,0,0,0,15968.43,15968.93,200.0,91,339636.0,126.643,13,11,3,Limit,3,0,0,0,2,0,0,2,2,79795,0,0,0,730000.0,600000.0,99057664,23552000,3,0.0003333333333333333
train_ch_district_daily_sales,"WITH daily AS ( SELECT o.o_entry_d::date AS day, o.o_d_id, SUM(ol.ol_amount) AS revenue FROM chbenchmark.oorder o JOIN chbenchmark.order_line ol ON ol.ol_w_id = o.o_w_id AND ol.ol_d_id = o.o_d_id AND ol.ol_o_id = o.o_id WHERE o.o_w_id = 4 GROUP BY o.o_entry_d::date, o.o_d_id ) SELECT day, o_d_id, revenue, AVG(revenue) OVER (PARTITION BY o_d_id ORDER BY day ROWS BETWEEN 13 PRECEDING AND CURRENT ROW) AS rolling_revenue FROM daily ORDER BY o_d_id, day",452,1,1,1,True,True,False,2,2,7,2,1,0,0,0,0,20795.95,21396.25,30016.0,72,624816.0,213.62,9,7,2,WindowAgg,0,0,0,2,1,0,0,1,1,49012,834,0,0,720000.0,600000.0,96862208,24797184,2,0.050026666666666664
train_ch_district_daily_sales,"WITH daily AS ( SELECT o.o_entry_d::date AS day, o.o_d_id, SUM(ol.ol_amount) AS revenue FROM chbenchmark.oorder o JOIN chbenchmark.order_line ol ON ol.ol_w_id = o.o_w_id AND ol.ol_d_id = o.o_d_id AND ol.ol_o_id = o.o_id WHERE o.o_w_id = 4 GROUP BY o.o_entry_d::date, o.o_d_id ) SELECT day, o_d_id, revenue, AVG(revenue) OVER (PARTITION BY o_d_id ORDER BY day ROWS BETWEEN 13 PRECEDING AND CURRENT ROW) AS rolling_revenue FROM daily ORDER BY o_d_id, day",452,1,1,1,True,True,False,2,2,7,2,1,0,0,0,0,20795.95,21396.25,30016.0,72,624816.0,198.598,9,7,2,WindowAgg,0,0,0,2,1,0,0,1,1,49846,0,0,0,720000.0,600000.0,96862208,24797184,2,0.050026666666666664
train_ch_item_price_band,"SELECT width_bucket(i_price, 10, 60, 8) AS price_band, COUNT(*) AS items, AVG(i_price) AS avg_price, COUNT(*) FILTER (WHERE i_data ILIKE '%PROMO%') AS promotional FROM chbenchmark.item WHERE i_price BETWEEN 10 AND 60 GROUP BY price_band ORDER BY price_band",256,0,2,0,True,True,False,1,1,4,3,0,0,0,0,0,942.38,1033.1,3024.0,52,9072.0,11.08,3,3,1,Aggregate,1,0,0,0,0,0,0,1,1,930,0,0,0,30000.0,30000.0,3260416,688128,1,0.1008
train_ch_item_price_band,"SELECT width_bucket(i_price, 10, 60, 8) AS price_band, COUNT(*) AS items, AVG(i_price) AS avg_price, COUNT(*) FILTER (WHERE i_data ILIKE '%PROMO%') AS promotional FROM chbenchmark.item WHERE i_price BETWEEN 10 AND 60 GROUP BY price_band ORDER BY price_band",256,0,2,0,True,True,False,1,1,4,3,0,0,0,0,0,942.38,1033.1,3024.0,52,9072.0,11.136,3,3,1,Aggregate,1,0,0,0,0,0,0,1,1,930,0,0,0,30000.0,30000.0,3260416,688128,1,0.1008
train_ch_order_basket,"SELECT o.o_d_id, o.o_id, o.o_entry_d, COUNT(*) AS lines, SUM(ol.ol_quantity) AS units, SUM(ol.ol_amount) AS basket_value FROM chbenchmark.oorder o JOIN chbenchmark.order_line ol ON ol.ol_w_id = o.o_w_id AND ol.ol_d_id = o.o_d_id AND ol.ol_o_id = o.o_id WHERE o.o_w_id = 4 GROUP BY o.o_d_id, o.o_id, o.o_entry_d HAVING SUM(ol.ol_amount) >= 250 ORDER BY basket_value DESC LIMIT 300",379,1,1,0,True,True,False,2,2,6,4,1,0,0,0,0,30374.71,30375.46,300.0,88,385707.0,254.463,11,10,2,Limit,1,0,0,1,1,0,0,2,2,92827,24,1632,1632,720000.0,600000.0,96862208,24797184,2,0.0005
train_ch_order_basket,"SELECT o.o_d_id, o.o_id, o.o_entry_d, COUNT(*) AS lines, SUM(ol.ol_quantity) AS units, SUM(ol.ol_amount) AS basket_value FROM chbenchmark.oorder o JOIN chbenchmark.order_line ol ON ol.ol_w_id = o.o_w_id AND ol.ol_d_id = o.o_d_id AND ol.ol_o_id = o.o_id WHERE o.o_w_id = 4 GROUP BY o.o_d_id, o.o_id, o.o_entry_d HAVING SUM(ol.ol_amount) >= 250 ORDER BY basket_value DESC LIMIT 300",379,1,1,0,True,True,False,2,2,6,4,1,0,0,0,0,30374.71,30375.46,300.0,88,385707.0,250.507,11,10,2,Limit,1,0,0,1,1,0,0,2,2,92851,0,1650,1656,720000.0,600000.0,96862208,24797184,2,0.0005
train_ch_customer_last_order,"SELECT c.c_id, c.c_first, c.c_last, latest.o_id, latest.o_entry_d, latest.order_value FROM chbenchmark.customer c LEFT JOIN LATERAL ( SELECT o.o_id, o.o_entry_d, SUM(ol.ol_amount) AS order_value FROM chbenchmark.oorder o JOIN chbenchmark.order_line ol ON ol.ol_w_id = o.o_w_id AND ol.ol_d_id = o.o_d_id AND ol.ol_o_id = o.o_id WHERE o.o_w_id = c.c_w_id AND o.o_d_id = c.c_d_id AND o.o_c_id = c.c_id GROUP BY o.o_id, o.o_entry_d ORDER BY o.o_entry_d DESC LIMIT 1 ) latest ON true WHERE c.c_w_id = 2 AND c.c_d_id = 4 ORDER BY latest.o_entry_d DESC NULLS LAST LIMIT 300",566,2,5,1,True,True,False,3,3,9,1,1,1,0,0,0,2984968.13,2984968.88,300.0,67,12193.0,4863.764,12,10,3,Limit,1,1,0,1,0,0,2,2,1,26614208,10356,0,0,840000.0,600000.0,124469248,29499392,3,0.0005
train_ch_customer_last_order,"SELECT c.c_id, c.c_first, c.c_last, latest.o_id, latest.o_entry_d, latest.order_value FROM chbenchmark.customer c LEFT JOIN LATERAL ( SELECT o.o_id, o.o_entry_d, SUM(ol.ol_amount) AS order_value FROM chbenchmark.oorder o JOIN chbenchmark.order_line ol ON ol.ol_w_id = o.o_w_id AND ol.ol_d_id = o.o_d_id AND ol.ol_o_id = o.o_id WHERE o.o_w_id = c.c_w_id AND o.o_d_id = c.c_d_id AND o.o_c_id = c.c_id GROUP BY o.o_id, o.o_entry_d ORDER BY o.o_entry_d DESC LIMIT 1 ) latest ON true WHERE c.c_w_id = 2 AND c.c_d_id = 4 ORDER BY latest.o_entry_d DESC NULLS LAST LIMIT 300",566,2,5,1,True,True,False,3,3,9,1,1,1,0,0,0,2984968.13,2984968.88,300.0,67,12193.0,4927.212,12,10,3,Limit,1,1,0,1,0,0,2,2,1,26618132,6432,0,0,840000.0,600000.0,124469248,29499392,3,0.0005
train_ch_customer_order_totals,"SELECT c.c_id, c.c_first, c.c_last, COUNT(DISTINCT o.o_id) AS orders, SUM(ol.ol_amount) AS lifetime_value FROM chbenchmark.customer c JOIN chbenchmark.oorder o ON o.o_w_id = c.c_w_id AND o.o_d_id = c.c_d_id AND o.o_c_id = c.c_id JOIN chbenchmark.order_line ol ON ol.ol_w_id = o.o_w_id AND ol.ol_d_id = o.o_d_id AND ol.ol_o_id = o.o_id WHERE c.c_w_id = 1 GROUP BY c.c_id, c.c_first, c.c_last HAVING SUM(ol.ol_amount) > 2500 ORDER BY lifetime_value DESC LIMIT 200",461,2,1,0,True,True,False,3,3,5,3,2,0,0,0,0,40830.66,40831.16,200.0,63,349370.0,468.912,14,10,3,Limit,1,1,0,1,0,1,1,3,1,754619,3528,0,0,840000.0,600000.0,124469248,29499392,3,0.0003333333333333333
train_ch_customer_order_totals,"SELECT c.c_id, c.c_first, c.c_last, COUNT(DISTINCT o.o_id) AS orders, SUM(ol.ol_amount) AS lifetime_value FROM chbenchmark.customer c JOIN chbenchmark.oorder o ON o.o_w_id = c.c_w_id AND o.o_d_id = c.c_d_id AND o.o_c_id = c.c_id JOIN chbenchmark.order_line ol ON ol.ol_w_id = o.o_w_id AND ol.ol_d_id = o.o_d_id AND ol.ol_o_id = o.o_id WHERE c.c_w_id = 1 GROUP BY c.c_id, c.c_first, c.c_last HAVING SUM(ol.ol_amount) > 2500 ORDER BY lifetime_value DESC LIMIT 200",461,2,1,0,True,True,False,3,3,5,3,2,0,0,0,0,40830.66,40831.16,200.0,63,349370.0,468.908,14,10,3,Limit,1,1,0,1,0,1,1,3,1,758147,0,0,0,840000.0,600000.0,124469248,29499392,3,0.0003333333333333333
train_ch_backlog,"SELECT no.no_d_id, COUNT(*) AS pending_orders, MIN(o.o_entry_d) AS oldest_order, SUM(ol.ol_amount) AS pending_value FROM chbenchmark.new_order no JOIN chbenchmark.oorder o ON o.o_w_id = no.no_w_id AND o.o_d_id = no.no_d_id AND o.o_id = no.no_o_id JOIN chbenchmark.order_line ol ON ol.ol_w_id = o.o_w_id AND ol.ol_d_id = o.o_d_id AND ol.ol_o_id = o.o_id WHERE no.no_w_id = 3 GROUP BY no.no_d_id ORDER BY oldest_order",415,2,1,0,True,True,False,3,3,4,3,2,0,0,0,0,15576.46,15576.49,10.0,52,207686.0,113.955,13,9,3,Sort,1,0,1,1,2,0,0,2,2,90243,414,0,0,756000.0,600000.0,100024320,26329088,3,1.6666666666666667e-05
train_ch_backlog,"SELECT no.no_d_id, COUNT(*) AS pending_orders, MIN(o.o_entry_d) AS oldest_order, SUM(ol.ol_amount) AS pending_value FROM chbenchmark.new_order no JOIN chbenchmark.oorder o ON o.o_w_id = no.no_w_id AND o.o_d_id = no.no_d_id AND o.o_id = no.no_o_id JOIN chbenchmark.order_line ol ON ol.ol_w_id = o.o_w_id AND ol.ol_d_id = o.o_d_id AND ol.ol_o_id = o.o_id WHERE no.no_w_id = 3 GROUP BY no.no_d_id ORDER BY oldest_order",415,2,1,0,True,True,False,3,3,4,3,2,0,0,0,0,15576.46,15576.49,10.0,52,207686.0,124.705,13,9,3,Sort,1,0,1,1,2,0,0,2,2,90657,0,0,0,756000.0,600000.0,100024320,26329088,3,1.6666666666666667e-05
train_ch_regional_low_stock,"SELECT r.r_name, n.n_name, su.su_name, i.i_id, i.i_name, MIN(s.s_quantity) AS minimum_quantity FROM chbenchmark.stock s JOIN chbenchmark.item i ON i.i_id = s.s_i_id JOIN chbenchmark.supplier su ON su.su_suppkey = MOD(s.s_w_id * s.s_i_id, 10000) JOIN chbenchmark.nation n ON n.n_nationkey = su.su_nationkey JOIN chbenchmark.region r ON r.r_regionkey = n.n_regionkey WHERE r.r_name = 'AMERICA' AND s.s_quantity < 40 GROUP BY r.r_name, n.n_name, su.su_name, i.i_id, i.i_name ORDER BY minimum_quantity, i.i_id LIMIT 250",515,4,2,0,True,True,False,5,5,6,1,4,0,0,0,0,4262.08,4262.7,250.0,52,81119.0,47.652,16,12,5,Limit,5,0,0,0,4,0,0,1,1,11526,0,0,0,160030.0,120000.0,17670144,3702784,7,0.0020833333333333333
train_ch_regional_low_stock,"SELECT r.r_name, n.n_name, su.su_name, i.i_id, i.i_name, MIN(s.s_quantity) AS minimum_quantity FROM chbenchmark.stock s JOIN chbenchmark.item i ON i.i_id = s.s_i_id JOIN chbenchmark.supplier su ON su.su_suppkey = MOD(s.s_w_id * s.s_i_id, 10000) JOIN chbenchmark.nation n ON n.n_nationkey = su.su_nationkey JOIN chbenchmark.region r ON r.r_regionkey = n.n_regionkey WHERE r.r_name = 'AMERICA' AND s.s_quantity < 40 GROUP BY r.r_name, n.n_name, su.su_name, i.i_id, i.i_name ORDER BY minimum_quantity, i.i_id LIMIT 250",515,4,2,0,True,True,False,5,5,6,1,4,0,0,0,0,4262.08,4262.7,250.0,52,81119.0,38.088,16,12,5,Limit,5,0,0,0,4,0,0,1,1,11526,0,0,0,160030.0,120000.0,17670144,3702784,7,0.0020833333333333333
train_ch_remote_supply,"SELECT ol.ol_supply_w_id, COUNT(*) AS remote_lines, SUM(ol.ol_quantity) AS units, SUM(ol.ol_amount) AS revenue FROM chbenchmark.order_line ol WHERE ol.ol_w_id = 4 AND ol.ol_supply_w_id <> ol.ol_w_id GROUP BY ol.ol_supply_w_id ORDER BY revenue DESC",247,0,2,0,True,True,False,1,1,4,3,0,0,0,0,0,13188.86,13188.87,4.0,76,61482.0,65.307,6,6,1,Sort,1,0,0,0,0,0,0,2,2,46994,0,0,0,600000.0,600000.0,84729856,20602880,1,6.666666666666667e-06
train_ch_remote_supply,"SELECT ol.ol_supply_w_id, COUNT(*) AS remote_lines, SUM(ol.ol_quantity) AS units, SUM(ol.ol_amount) AS revenue FROM chbenchmark.order_line ol WHERE ol.ol_w_id = 4 AND ol.ol_supply_w_id <> ol.ol_w_id GROUP BY ol.ol_supply_w_id ORDER BY revenue DESC",247,0,2,0,True,True,False,1,1,4,3,0,0,0,0,0,13188.86,13188.87,4.0,76,61482.0,74.961,6,6,1,Sort,1,0,0,0,0,0,0,2,2,46994,0,0,0,600000.0,600000.0,84729856,20602880,1,6.666666666666667e-06
train_ch_product_sales_by_state,"SELECT i.i_id, i.i_name, COUNT(DISTINCT o.o_id) AS orders, SUM(ol.ol_quantity) AS units, SUM(ol.ol_amount) AS revenue FROM chbenchmark.customer c JOIN chbenchmark.oorder o ON o.o_w_id = c.c_w_id AND o.o_d_id = c.c_d_id AND o.o_c_id = c.c_id JOIN chbenchmark.order_line ol ON ol.ol_w_id = o.o_w_id AND ol.ol_d_id = o.o_d_id AND ol.ol_o_id = o.o_id JOIN chbenchmark.item i ON i.i_id = ol.ol_i_id WHERE c.c_state = 'CA' GROUP BY i.i_id, i.i_name ORDER BY revenue DESC LIMIT 150",474,3,1,0,True,True,False,4,4,5,3,3,0,0,0,0,32846.37,32846.75,150.0,88,554440.0,464.678,14,9,4,Limit,3,1,0,0,2,0,1,2,1,574626,10312,1764,1768,870000.0,600000.0,127729664,30187520,4,0.00025
train_ch_product_sales_by_state,"SELECT i.i_id, i.i_name, COUNT(DISTINCT o.o_id) AS orders, SUM(ol.ol_quantity) AS units, SUM(ol.ol_amount) AS revenue FROM chbenchmark.customer c JOIN chbenchmark.oorder o ON o.o_w_id = c.c_w_id AND o.o_d_id = c.c_d_id AND o.o_c_id = c.c_id JOIN chbenchmark.order_line ol ON ol.ol_w_id = o.o_w_id AND ol.ol_d_id = o.o_d_id AND ol.ol_o_id = o.o_id JOIN chbenchmark.item i ON i.i_id = ol.ol_i_id WHERE c.c_state = 'CA' GROUP BY i.i_id, i.i_name ORDER BY revenue DESC LIMIT 150",474,3,1,0,True,True,False,4,4,5,3,3,0,0,0,0,32846.37,32846.75,150.0,88,554440.0,407.655,14,9,4,Limit,3,1,0,0,2,0,1,2,1,584938,0,1764,1768,870000.0,600000.0,127729664,30187520,4,0.00025
train_ch_credit_risk,"SELECT c.c_w_id, c.c_d_id, c.c_id, c.c_balance, COUNT(no.no_o_id) AS pending_orders FROM chbenchmark.customer c LEFT JOIN chbenchmark.oorder o ON o.o_w_id = c.c_w_id AND o.o_d_id = c.c_d_id AND o.o_c_id = c.c_id LEFT JOIN chbenchmark.new_order no ON no.no_w_id = o.o_w_id AND no.no_d_id = o.o_d_id AND no.no_o_id = o.o_id WHERE c.c_credit = 'BC' AND c.c_state = 'NV' AND c.c_balance > 2500 GROUP BY c.c_w_id, c.c_d_id, c.c_id, c.c_balance ORDER BY pending_orders DESC, c.c_balance DESC LIMIT 250",495,2,3,0,True,True,False,3,3,5,1,0,2,0,0,0,8091.19,8091.69,203.0,26,121635.0,51.983,10,8,3,Limit,2,0,1,0,1,0,1,2,1,31071,426,0,0,276000.0,120000.0,42901504,10428416,3,0.0016916666666666666
train_ch_credit_risk,"SELECT c.c_w_id, c.c_d_id, c.c_id, c.c_balance, COUNT(no.no_o_id) AS pending_orders FROM chbenchmark.customer c LEFT JOIN chbenchmark.oorder o ON o.o_w_id = c.c_w_id AND o.o_d_id = c.c_d_id AND o.o_c_id = c.c_id LEFT JOIN chbenchmark.new_order no ON no.no_w_id = o.o_w_id AND no.no_d_id = o.o_d_id AND no.no_o_id = o.o_id WHERE c.c_credit = 'BC' AND c.c_state = 'NV' AND c.c_balance > 2500 GROUP BY c.c_w_id, c.c_d_id, c.c_id, c.c_balance ORDER BY pending_orders DESC, c.c_balance DESC LIMIT 250",495,2,3,0,True,True,False,3,3,5,1,0,2,0,0,0,8091.19,8091.69,203.0,26,121635.0,51.319,10,8,3,Limit,2,0,1,0,1,0,1,2,1,31497,0,0,0,276000.0,120000.0,42901504,10428416,3,0.0016916666666666666
train_ch_customer_balance_rank,"SELECT c_w_id, c_d_id, c_id, c_balance, DENSE_RANK() OVER (PARTITION BY c_w_id ORDER BY c_balance DESC) AS balance_rank, CUME_DIST() OVER (PARTITION BY c_w_id ORDER BY c_balance) AS balance_percentile FROM chbenchmark.customer WHERE c_state = 'OH' ORDER BY c_w_id, balance_rank LIMIT 500",287,0,1,0,False,True,False,1,1,6,2,0,0,0,0,0,6476.67,6535.48,500.0,34,104876.0,64.059,7,7,1,Limit,1,0,0,0,0,0,0,1,0,19544,0,0,0,120000.0,120000.0,27607040,4702208,1,0.004166666666666667
train_ch_customer_balance_rank,"SELECT c_w_id, c_d_id, c_id, c_balance, DENSE_RANK() OVER (PARTITION BY c_w_id ORDER BY c_balance DESC) AS balance_rank, CUME_DIST() OVER (PARTITION BY c_w_id ORDER BY c_balance) AS balance_percentile FROM chbenchmark.customer WHERE c_state = 'OH' ORDER BY c_w_id, balance_rank LIMIT 500",287,0,1,0,False,True,False,1,1,6,2,0,0,0,0,0,6476.67,6535.48,500.0,34,104876.0,62.775,7,7,1,Limit,1,0,0,0,0,0,0,1,0,19544,0,0,0,120000.0,120000.0,27607040,4702208,1,0.004166666666666667
train_ch_delivery_delay,"SELECT o.o_d_id, o.o_id, o.o_entry_d, MAX(ol.ol_delivery_d) AS completed_at, MAX(ol.ol_delivery_d) - o.o_entry_d AS elapsed FROM chbenchmark.oorder o JOIN chbenchmark.order_line ol ON ol.ol_w_id = o.o_w_id AND ol.ol_d_id = o.o_d_id AND ol.ol_o_id = o.o_id WHERE o.o_w_id = 3 AND ol.ol_delivery_d IS NOT NULL GROUP BY o.o_d_id, o.o_id, o.o_entry_d HAVING MAX(ol.ol_delivery_d) - o.o_entry_d > INTERVAL '72 hours' ORDER BY elapsed DESC LIMIT 250",443,1,2,0,True,True,False,2,2,5,3,1,0,0,0,0,18414.51,18415.14,250.0,40,469412.0,140.397,9,7,2,Limit,0,0,0,2,1,0,0,1,1,49846,0,0,0,720000.0,600000.0,96862208,24797184,2,0.0004166666666666667
train_ch_delivery_delay,"SELECT o.o_d_id, o.o_id, o.o_entry_d, MAX(ol.ol_delivery_d) AS completed_at, MAX(ol.ol_delivery_d) - o.o_entry_d AS elapsed FROM chbenchmark.oorder o JOIN chbenchmark.order_line ol ON ol.ol_w_id = o.o_w_id AND ol.ol_d_id = o.o_d_id AND ol.ol_o_id = o.o_id WHERE o.o_w_id = 3 AND ol.ol_delivery_d IS NOT NULL GROUP BY o.o_d_id, o.o_id, o.o_entry_d HAVING MAX(ol.ol_delivery_d) - o.o_entry_d > INTERVAL '72 hours' ORDER BY elapsed DESC LIMIT 250",443,1,2,0,True,True,False,2,2,5,3,1,0,0,0,0,18414.51,18415.14,250.0,40,469412.0,143.071,9,7,2,Limit,0,0,0,2,1,0,0,1,1,49846,0,0,0,720000.0,600000.0,96862208,24797184,2,0.0004166666666666667
train_ch_repeat_customers,"SELECT c.c_state, COUNT(*) AS repeat_customers, AVG(customer_orders.order_count) AS avg_orders FROM chbenchmark.customer c JOIN ( SELECT o_w_id, o_d_id, o_c_id, COUNT(*) AS order_count FROM chbenchmark.oorder GROUP BY o_w_id, o_d_id, o_c_id HAVING COUNT(*) >= 5 ) customer_orders ON customer_orders.o_w_id = c.c_w_id AND customer_orders.o_d_id = c.c_d_id AND customer_orders.o_c_id = c.c_id GROUP BY c.c_state ORDER BY repeat_customers DESC",440,1,0,1,True,True,False,2,2,7,4,1,0,0,0,0,8562.17,8562.18,4.0,43,252016.0,114.103,9,8,2,Sort,2,0,0,0,1,0,0,2,2,7730,0,1169,2289,240000.0,120000.0,39739392,8896512,2,3.3333333333333335e-05
train_ch_repeat_customers,"SELECT c.c_state, COUNT(*) AS repeat_customers, AVG(customer_orders.order_count) AS avg_orders FROM chbenchmark.customer c JOIN ( SELECT o_w_id, o_d_id, o_c_id, COUNT(*) AS order_count FROM chbenchmark.oorder GROUP BY o_w_id, o_d_id, o_c_id HAVING COUNT(*) >= 5 ) customer_orders ON customer_orders.o_w_id = c.c_w_id AND customer_orders.o_d_id = c.c_d_id AND customer_orders.o_c_id = c.c_id GROUP BY c.c_state ORDER BY repeat_customers DESC",440,1,0,1,True,True,False,2,2,7,4,1,0,0,0,0,8562.17,8562.18,4.0,43,252016.0,120.191,9,8,2,Sort,2,0,0,0,1,0,0,2,2,7730,0,1169,2289,240000.0,120000.0,39739392,8896512,2,3.3333333333333335e-05
train_ch_promotional_items,"SELECT i.i_id, i.i_name, SUM(ol.ol_quantity) AS units, SUM(ol.ol_amount) AS revenue FROM chbenchmark.item i JOIN chbenchmark.order_line ol ON ol.ol_i_id = i.i_id JOIN chbenchmark.oorder o ON o.o_w_id = ol.ol_w_id AND o.o_d_id = ol.ol_d_id AND o.o_id = ol.ol_o_id WHERE i.i_data ILIKE '%PROMO%' AND o.o_entry_d >= DATE '2024-08-01' - INTERVAL '365 days' GROUP BY i.i_id, i.i_name ORDER BY revenue DESC LIMIT 100",410,2,2,0,True,True,False,3,3,4,2,2,0,0,0,0,14016.7,14016.95,100.0,80,258648.0,134.972,12,10,3,Limit,2,1,0,0,1,0,1,2,2,268135,1832,0,0,750000.0,600000.0,100122624,25485312,3,0.00016666666666666666
train_ch_promotional_items,"SELECT i.i_id, i.i_name, SUM(ol.ol_quantity) AS units, SUM(ol.ol_amount) AS revenue FROM chbenchmark.item i JOIN chbenchmark.order_line ol ON ol.ol_i_id = i.i_id JOIN chbenchmark.oorder o ON o.o_w_id = ol.ol_w_id AND o.o_d_id = ol.ol_d_id AND o.o_id = ol.ol_o_id WHERE i.i_data ILIKE '%PROMO%' AND o.o_entry_d >= DATE '2024-08-01' - INTERVAL '365 days' GROUP BY i.i_id, i.i_name ORDER BY revenue DESC LIMIT 100",410,2,2,0,True,True,False,3,3,4,2,2,0,0,0,0,14016.7,14016.95,100.0,80,258648.0,132.647,12,10,3,Limit,2,1,0,0,1,0,1,2,2,269967,0,0,0,750000.0,600000.0,100122624,25485312,3,0.00016666666666666666
train_ch_line_summary,"SELECT ol_number, SUM(ol_quantity) AS units, SUM(ol_amount) AS revenue, AVG(ol_amount) AS avg_amount, COUNT(*) AS line_count FROM chbenchmark.order_line WHERE ol_delivery_d >= DATE '2023-03-27' - INTERVAL '120 days' AND ol_delivery_d < DATE '2023-03-27' + INTERVAL '30 days' GROUP BY ol_number ORDER BY revenue DESC",315,0,2,0,True,True,False,1,1,5,4,0,0,0,0,0,12749.95,12749.96,5.0,108,17563.0,77.37,6,6,1,Sort,1,0,0,0,0,0,0,2,2,46994,0,0,0,600000.0,600000.0,84729856,20602880,1,8.333333333333334e-06
train_ch_line_summary,"SELECT ol_number, SUM(ol_quantity) AS units, SUM(ol_amount) AS revenue, AVG(ol_amount) AS avg_amount, COUNT(*) AS line_count FROM chbenchmark.order_line WHERE ol_delivery_d >= DATE '2023-03-27' - INTERVAL '120 days' AND ol_delivery_d < DATE '2023-03-27' + INTERVAL '30 days' GROUP BY ol_number ORDER BY revenue DESC",315,0,2,0,True,True,False,1,1,5,4,0,0,0,0,0,12749.95,12749.96,5.0,108,17563.0,75.848,6,6,1,Sort,1,0,0,0,0,0,0,2,2,46994,0,0,0,600000.0,600000.0,84729856,20602880,1,8.333333333333334e-06
train_ch_item_price_band,"SELECT width_bucket(i_price, 200, 400, 8) AS price_band, COUNT(*) AS items, AVG(i_price) AS avg_price, COUNT(*) FILTER (WHERE i_data ILIKE '%PROMO%') AS promotional FROM chbenchmark.item WHERE i_price BETWEEN 200 AND 400 GROUP BY price_band ORDER BY price_band",260,0,2,0,True,True,False,1,1,4,3,0,0,0,0,0,1610.17,1972.93,12092.0,52,36276.0,35.798,3,3,1,Aggregate,1,0,0,0,0,0,0,1,1,930,0,0,0,30000.0,30000.0,3260416,688128,1,0.4030666666666667
train_ch_item_price_band,"SELECT width_bucket(i_price, 200, 400, 8) AS price_band, COUNT(*) AS items, AVG(i_price) AS avg_price, COUNT(*) FILTER (WHERE i_data ILIKE '%PROMO%') AS promotional FROM chbenchmark.item WHERE i_price BETWEEN 200 AND 400 GROUP BY price_band ORDER BY price_band",260,0,2,0,True,True,False,1,1,4,3,0,0,0,0,0,1610.17,1972.93,12092.0,52,36276.0,49.464,3,3,1,Aggregate,1,0,0,0,0,0,0,1,1,930,0,0,0,30000.0,30000.0,3260416,688128,1,0.4030666666666667
train_ch_customer_order_totals,"SELECT c.c_id, c.c_first, c.c_last, COUNT(DISTINCT o.o_id) AS orders, SUM(ol.ol_amount) AS lifetime_value FROM chbenchmark.customer c JOIN chbenchmark.oorder o ON o.o_w_id = c.c_w_id AND o.o_d_id = c.c_d_id AND o.o_c_id = c.c_id JOIN chbenchmark.order_line ol ON ol.ol_w_id = o.o_w_id AND ol.ol_d_id = o.o_d_id AND ol.ol_o_id = o.o_id WHERE c.c_w_id = 1 GROUP BY c.c_id, c.c_first, c.c_last HAVING SUM(ol.ol_amount) > 10000 ORDER BY lifetime_value DESC LIMIT 200",462,2,1,0,True,True,False,3,3,5,3,2,0,0,0,0,40830.66,40831.16,200.0,63,349370.0,681.639,14,10,3,Limit,1,1,0,1,0,1,1,3,1,758117,30,0,0,840000.0,600000.0,124469248,29499392,3,0.0003333333333333333
train_ch_customer_order_totals,"SELECT c.c_id, c.c_first, c.c_last, COUNT(DISTINCT o.o_id) AS orders, SUM(ol.ol_amount) AS lifetime_value FROM chbenchmark.customer c JOIN chbenchmark.oorder o ON o.o_w_id = c.c_w_id AND o.o_d_id = c.c_d_id AND o.o_c_id = c.c_id JOIN chbenchmark.order_line ol ON ol.ol_w_id = o.o_w_id AND ol.ol_d_id = o.o_d_id AND ol.ol_o_id = o.o_id WHERE c.c_w_id = 1 GROUP BY c.c_id, c.c_first, c.c_last HAVING SUM(ol.ol_amount) > 10000 ORDER BY lifetime_value DESC LIMIT 200",462,2,1,0,True,True,False,3,3,5,3,2,0,0,0,0,40830.66,40831.16,200.0,63,349370.0,444.885,14,10,3,Limit,1,1,0,1,0,1,1,3,1,758147,0,0,0,840000.0,600000.0,124469248,29499392,3,0.0003333333333333333
train_ch_payment_activity,"SELECT h.h_w_id, h.h_d_id, COUNT(*) AS payments, SUM(h.h_amount) AS amount, COUNT(DISTINCT h.h_c_id) AS customers FROM chbenchmark.history h WHERE h.h_date >= DATE '2023-10-16' - INTERVAL '180 days' AND h.h_amount >= 250 GROUP BY h.h_w_id, h.h_d_id ORDER BY amount DESC",269,0,2,0,True,True,False,1,1,5,3,0,0,0,0,0,4857.95,4858.05,40.0,56,37030.0,51.007,4,4,1,Sort,1,0,0,0,0,0,0,2,1,0,5880,0,0,120000.0,120000.0,16670720,4595712,1,0.0003333333333333333
train_ch_payment_activity,"SELECT h.h_w_id, h.h_d_id, COUNT(*) AS payments, SUM(h.h_amount) AS amount, COUNT(DISTINCT h.h_c_id) AS customers FROM chbenchmark.history h WHERE h.h_date >= DATE '2023-10-16' - INTERVAL '180 days' AND h.h_amount >= 250 GROUP BY h.h_w_id, h.h_d_id ORDER BY amount DESC",269,0,2,0,True,True,False,1,1,5,3,0,0,0,0,0,4857.95,4858.05,40.0,56,37030.0,60.471,4,4,1,Sort,1,0,0,0,0,0,0,2,1,0,5880,0,0,120000.0,120000.0,16670720,4595712,1,0.0003333333333333333
train_ch_line_summary,"SELECT ol_number, SUM(ol_quantity) AS units, SUM(ol_amount) AS revenue, AVG(ol_amount) AS avg_amount, COUNT(*) AS line_count FROM chbenchmark.order_line WHERE ol_delivery_d >= DATE '2024-06-21' - INTERVAL '120 days' AND ol_delivery_d < DATE '2024-06-21' + INTERVAL '30 days' GROUP BY ol_number ORDER BY revenue DESC",315,0,2,0,True,True,False,1,1,5,4,0,0,0,0,0,12821.34,12821.35,5.0,108,24702.0,75.486,6,6,1,Sort,1,0,0,0,0,0,0,2,2,46994,0,0,0,600000.0,600000.0,84729856,20602880,1,8.333333333333334e-06
train_ch_line_summary,"SELECT ol_number, SUM(ol_quantity) AS units, SUM(ol_amount) AS revenue, AVG(ol_amount) AS avg_amount, COUNT(*) AS line_count FROM chbenchmark.order_line WHERE ol_delivery_d >= DATE '2024-06-21' - INTERVAL '120 days' AND ol_delivery_d < DATE '2024-06-21' + INTERVAL '30 days' GROUP BY ol_number ORDER BY revenue DESC",315,0,2,0,True,True,False,1,1,5,4,0,0,0,0,0,12821.34,12821.35,5.0,108,24702.0,70.072,6,6,1,Sort,1,0,0,0,0,0,0,2,2,46994,0,0,0,600000.0,600000.0,84729856,20602880,1,8.333333333333334e-06
train_ch_district_revenue,"SELECT o.o_d_id, COUNT(DISTINCT o.o_id) AS orders, SUM(ol.ol_quantity) AS units, SUM(ol.ol_amount) AS revenue FROM chbenchmark.oorder o JOIN chbenchmark.order_line ol ON ol.ol_w_id = o.o_w_id AND ol.ol_d_id = o.o_d_id AND ol.ol_o_id = o.o_id WHERE o.o_w_id = 4 AND o.o_entry_d >= DATE '2023-04-11' - INTERVAL '90 days' AND o.o_entry_d < DATE '2023-04-11' + INTERVAL '1 day' GROUP BY o.o_d_id ORDER BY revenue DESC",413,1,3,0,True,True,False,2,2,4,3,1,0,0,0,0,16429.74,16429.76,10.0,76,119560.0,89.725,9,8,2,Sort,1,0,0,1,1,0,0,2,1,70835,16,0,0,720000.0,600000.0,96862208,24797184,2,1.6666666666666667e-05
train_ch_district_revenue,"SELECT o.o_d_id, COUNT(DISTINCT o.o_id) AS orders, SUM(ol.ol_quantity) AS units, SUM(ol.ol_amount) AS revenue FROM chbenchmark.oorder o JOIN chbenchmark.order_line ol ON ol.ol_w_id = o.o_w_id AND ol.ol_d_id = o.o_d_id AND ol.ol_o_id = o.o_id WHERE o.o_w_id = 4 AND o.o_entry_d >= DATE '2023-04-11' - INTERVAL '90 days' AND o.o_entry_d < DATE '2023-04-11' + INTERVAL '1 day' GROUP BY o.o_d_id ORDER BY revenue DESC",413,1,3,0,True,True,False,2,2,4,3,1,0,0,0,0,16429.74,16429.76,10.0,76,119560.0,96.399,9,8,2,Sort,1,0,0,1,1,0,0,2,1,70851,0,0,0,720000.0,600000.0,96862208,24797184,2,1.6666666666666667e-05
train_ch_credit_risk,"SELECT c.c_w_id, c.c_d_id, c.c_id, c.c_balance, COUNT(no.no_o_id) AS pending_orders FROM chbenchmark.customer c LEFT JOIN chbenchmark.oorder o ON o.o_w_id = c.c_w_id AND o.o_d_id = c.c_d_id AND o.o_c_id = c.c_id LEFT JOIN chbenchmark.new_order no ON no.no_w_id = o.o_w_id AND no.no_d_id = o.o_d_id AND no.no_o_id = o.o_id WHERE c.c_credit = 'BC' AND c.c_state = 'OH' AND c.c_balance > 1000 GROUP BY c.c_w_id, c.c_d_id, c.c_id, c.c_balance ORDER BY pending_orders DESC, c.c_balance DESC LIMIT 250",495,2,3,0,True,True,False,3,3,5,1,0,2,0,0,0,8494.53,8495.15,250.0,26,127795.0,62.751,10,8,3,Limit,2,0,1,0,1,0,1,2,1,41763,774,0,0,276000.0,120000.0,42901504,10428416,3,0.0020833333333333333
train_ch_credit_risk,"SELECT c.c_w_id, c.c_d_id, c.c_id, c.c_balance, COUNT(no.no_o_id) AS pending_orders FROM chbenchmark.customer c LEFT JOIN chbenchmark.oorder o ON o.o_w_id = c.c_w_id AND o.o_d_id = c.c_d_id AND o.o_c_id = c.c_id LEFT JOIN chbenchmark.new_order no ON no.no_w_id = o.o_w_id AND no.no_d_id = o.o_d_id AND no.no_o_id = o.o_id WHERE c.c_credit = 'BC' AND c.c_state = 'OH' AND c.c_balance > 1000 GROUP BY c.c_w_id, c.c_d_id, c.c_id, c.c_balance ORDER BY pending_orders DESC, c.c_balance DESC LIMIT 250",495,2,3,0,True,True,False,3,3,5,1,0,2,0,0,0,8494.53,8495.15,250.0,26,127795.0,60.154,10,8,3,Limit,2,0,1,0,1,0,1,2,1,42537,0,0,0,276000.0,120000.0,42901504,10428416,3,0.0020833333333333333
train_ch_backlog,"SELECT no.no_d_id, COUNT(*) AS pending_orders, MIN(o.o_entry_d) AS oldest_order, SUM(ol.ol_amount) AS pending_value FROM chbenchmark.new_order no JOIN chbenchmark.oorder o ON o.o_w_id = no.no_w_id AND o.o_d_id = no.no_d_id AND o.o_id = no.no_o_id JOIN chbenchmark.order_line ol ON ol.ol_w_id = o.o_w_id AND ol.ol_d_id = o.o_d_id AND ol.ol_o_id = o.o_id WHERE no.no_w_id = 2 GROUP BY no.no_d_id ORDER BY oldest_order",415,2,1,0,True,True,False,3,3,4,3,2,0,0,0,0,15588.39,15588.42,10.0,52,209504.0,106.16,13,9,3,Sort,1,0,1,1,2,0,0,2,2,90639,18,0,0,756000.0,600000.0,100024320,26329088,3,1.6666666666666667e-05
train_ch_backlog,"SELECT no.no_d_id, COUNT(*) AS pending_orders, MIN(o.o_entry_d) AS oldest_order, SUM(ol.ol_amount) AS pending_value FROM chbenchmark.new_order no JOIN chbenchmark.oorder o ON o.o_w_id = no.no_w_id AND o.o_d_id = no.no_d_id AND o.o_id = no.no_o_id JOIN chbenchmark.order_line ol ON ol.ol_w_id = o.o_w_id AND ol.ol_d_id = o.o_d_id AND ol.ol_o_id = o.o_id WHERE no.no_w_id = 2 GROUP BY no.no_d_id ORDER BY oldest_order",415,2,1,0,True,True,False,3,3,4,3,2,0,0,0,0,15588.39,15588.42,10.0,52,209504.0,108.765,13,9,3,Sort,1,0,1,1,2,0,0,2,2,90657,0,0,0,756000.0,600000.0,100024320,26329088,3,1.6666666666666667e-05
train_ch_order_basket,"SELECT o.o_d_id, o.o_id, o.o_entry_d, COUNT(*) AS lines, SUM(ol.ol_quantity) AS units, SUM(ol.ol_amount) AS basket_value FROM chbenchmark.oorder o JOIN chbenchmark.order_line ol ON ol.ol_w_id = o.o_w_id AND ol.ol_d_id = o.o_d_id AND ol.ol_o_id = o.o_id WHERE o.o_w_id = 4 GROUP BY o.o_d_id, o.o_id, o.o_entry_d HAVING SUM(ol.ol_amount) >= 500 ORDER BY basket_value DESC LIMIT 300",379,1,1,0,True,True,False,2,2,6,4,1,0,0,0,0,30374.71,30375.46,300.0,88,385707.0,324.584,11,10,2,Limit,1,0,0,1,1,0,0,2,2,92839,12,1632,1632,720000.0,600000.0,96862208,24797184,2,0.0005
train_ch_order_basket,"SELECT o.o_d_id, o.o_id, o.o_entry_d, COUNT(*) AS lines, SUM(ol.ol_quantity) AS units, SUM(ol.ol_amount) AS basket_value FROM chbenchmark.oorder o JOIN chbenchmark.order_line ol ON ol.ol_w_id = o.o_w_id AND ol.ol_d_id = o.o_d_id AND ol.ol_o_id = o.o_id WHERE o.o_w_id = 4 GROUP BY o.o_d_id, o.o_id, o.o_entry_d HAVING SUM(ol.ol_amount) >= 500 ORDER BY basket_value DESC LIMIT 300",379,1,1,0,True,True,False,2,2,6,4,1,0,0,0,0,30374.71,30375.46,300.0,88,385707.0,327.187,11,10,2,Limit,1,0,0,1,1,0,0,2,2,92851,0,1632,1632,720000.0,600000.0,96862208,24797184,2,0.0005
train_ch_remote_supply,"SELECT ol.ol_supply_w_id, COUNT(*) AS remote_lines, SUM(ol.ol_quantity) AS units, SUM(ol.ol_amount) AS revenue FROM chbenchmark.order_line ol WHERE ol.ol_w_id = 2 AND ol.ol_supply_w_id <> ol.ol_w_id GROUP BY ol.ol_supply_w_id ORDER BY revenue DESC",247,0,2,0,True,True,False,1,1,4,3,0,0,0,0,0,13206.77,13206.78,4.0,76,63273.0,72.866,6,6,1,Sort,1,0,0,0,0,0,0,2,2,46994,0,0,0,600000.0,600000.0,84729856,20602880,1,6.666666666666667e-06
train_ch_remote_supply,"SELECT ol.ol_supply_w_id, COUNT(*) AS remote_lines, SUM(ol.ol_quantity) AS units, SUM(ol.ol_amount) AS revenue FROM chbenchmark.order_line ol WHERE ol.ol_w_id = 2 AND ol.ol_supply_w_id <> ol.ol_w_id GROUP BY ol.ol_supply_w_id ORDER BY revenue DESC",247,0,2,0,True,True,False,1,1,4,3,0,0,0,0,0,13206.77,13206.78,4.0,76,63273.0,80.301,6,6,1,Sort,1,0,0,0,0,0,0,2,2,46994,0,0,0,600000.0,600000.0,84729856,20602880,1,6.666666666666667e-06
train_ch_unsold_items,"SELECT i.i_id, i.i_name, i.i_price, s.s_quantity FROM chbenchmark.item i JOIN chbenchmark.stock s ON s.s_i_id = i.i_id AND s.s_w_id = 1 WHERE NOT EXISTS ( SELECT 1 FROM chbenchmark.order_line ol JOIN chbenchmark.oorder o ON o.o_w_id = ol.ol_w_id AND o.o_d_id = ol.ol_d_id AND o.o_id = ol.ol_o_id WHERE ol.ol_i_id = i.i_id AND ol.ol_w_id = 1 AND o.o_entry_d >= DATE '2024-11-17' - INTERVAL '90 days' ) ORDER BY s.s_quantity DESC LIMIT 300",437,2,4,1,False,True,False,4,4,5,0,2,0,0,0,0,18188.49,18206.69,156.0,26,290805.0,132.064,15,8,4,Limit,2,0,0,2,3,0,0,1,0,78157,2834,0,0,870000.0,600000.0,113000448,28188672,4,0.00026
train_ch_unsold_items,"SELECT i.i_id, i.i_name, i.i_price, s.s_quantity FROM chbenchmark.item i JOIN chbenchmark.stock s ON s.s_i_id = i.i_id AND s.s_w_id = 1 WHERE NOT EXISTS ( SELECT 1 FROM chbenchmark.order_line ol JOIN chbenchmark.oorder o ON o.o_w_id = ol.ol_w_id AND o.o_d_id = ol.ol_d_id AND o.o_id = ol.ol_o_id WHERE ol.ol_i_id = i.i_id AND ol.ol_w_id = 1 AND o.o_entry_d >= DATE '2024-11-17' - INTERVAL '90 days' ) ORDER BY s.s_quantity DESC LIMIT 300",437,2,4,1,False,True,False,4,4,5,0,2,0,0,0,0,18188.49,18206.69,156.0,26,290805.0,140.696,15,8,4,Limit,2,0,0,2,3,0,0,1,0,80991,0,0,0,870000.0,600000.0,113000448,28188672,4,0.00026
train_ch_promotional_items,"SELECT i.i_id, i.i_name, SUM(ol.ol_quantity) AS units, SUM(ol.ol_amount) AS revenue FROM chbenchmark.item i JOIN chbenchmark.order_line ol ON ol.ol_i_id = i.i_id JOIN chbenchmark.oorder o ON o.o_w_id = ol.ol_w_id AND o.o_d_id = ol.ol_d_id AND o.o_id = ol.ol_o_id WHERE i.i_data ILIKE '%PROMO%' AND o.o_entry_d >= DATE '2024-06-26' - INTERVAL '365 days' GROUP BY i.i_id, i.i_name ORDER BY revenue DESC LIMIT 100",410,2,2,0,True,True,False,3,3,4,2,2,0,0,0,0,14022.84,14023.09,100.0,80,258818.0,184.374,12,10,3,Limit,2,1,0,0,1,0,1,2,2,269967,0,0,0,750000.0,600000.0,100122624,25485312,3,0.00016666666666666666
train_ch_promotional_items,"SELECT i.i_id, i.i_name, SUM(ol.ol_quantity) AS units, SUM(ol.ol_amount) AS revenue FROM chbenchmark.item i JOIN chbenchmark.order_line ol ON ol.ol_i_id = i.i_id JOIN chbenchmark.oorder o ON o.o_w_id = ol.ol_w_id AND o.o_d_id = ol.ol_d_id AND o.o_id = ol.ol_o_id WHERE i.i_data ILIKE '%PROMO%' AND o.o_entry_d >= DATE '2024-06-26' - INTERVAL '365 days' GROUP BY i.i_id, i.i_name ORDER BY revenue DESC LIMIT 100",410,2,2,0,True,True,False,3,3,4,2,2,0,0,0,0,14022.84,14023.09,100.0,80,258818.0,151.738,12,10,3,Limit,2,1,0,0,1,0,1,2,2,269967,0,0,0,750000.0,600000.0,100122624,25485312,3,0.00016666666666666666
train_ch_regional_low_stock,"SELECT r.r_name, n.n_name, su.su_name, i.i_id, i.i_name, MIN(s.s_quantity) AS minimum_quantity FROM chbenchmark.stock s JOIN chbenchmark.item i ON i.i_id = s.s_i_id JOIN chbenchmark.supplier su ON su.su_suppkey = MOD(s.s_w_id * s.s_i_id, 10000) JOIN chbenchmark.nation n ON n.n_nationkey = su.su_nationkey JOIN chbenchmark.region r ON r.r_regionkey = n.n_regionkey WHERE r.r_name = 'AFRICA' AND s.s_quantity < 60 GROUP BY r.r_name, n.n_name, su.su_name, i.i_id, i.i_name ORDER BY minimum_quantity, i.i_id LIMIT 250",514,4,2,0,True,True,False,5,5,6,1,4,0,0,0,0,4583.52,4584.14,250.0,52,106118.0,45.361,16,12,5,Limit,5,0,0,0,4,0,0,1,1,3743,7783,0,0,160030.0,120000.0,17670144,3702784,7,0.0020833333333333333
train_ch_regional_low_stock,"SELECT r.r_name, n.n_name, su.su_name, i.i_id, i.i_name, MIN(s.s_quantity) AS minimum_quantity FROM chbenchmark.stock s JOIN chbenchmark.item i ON i.i_id = s.s_i_id JOIN chbenchmark.supplier su ON su.su_suppkey = MOD(s.s_w_id * s.s_i_id, 10000) JOIN chbenchmark.nation n ON n.n_nationkey = su.su_nationkey JOIN chbenchmark.region r ON r.r_regionkey = n.n_regionkey WHERE r.r_name = 'AFRICA' AND s.s_quantity < 60 GROUP BY r.r_name, n.n_name, su.su_name, i.i_id, i.i_name ORDER BY minimum_quantity, i.i_id LIMIT 250",514,4,2,0,True,True,False,5,5,6,1,4,0,0,0,0,4583.52,4584.14,250.0,52,106118.0,47.123,16,12,5,Limit,5,0,0,0,4,0,0,1,1,11526,0,0,0,160030.0,120000.0,17670144,3702784,7,0.0020833333333333333
train_ch_delivery_delay,"SELECT o.o_d_id, o.o_id, o.o_entry_d, MAX(ol.ol_delivery_d) AS completed_at, MAX(ol.ol_delivery_d) - o.o_entry_d AS elapsed FROM chbenchmark.oorder o JOIN chbenchmark.order_line ol ON ol.ol_w_id = o.o_w_id AND ol.ol_d_id = o.o_d_id AND ol.ol_o_id = o.o_id WHERE o.o_w_id = 3 AND ol.ol_delivery_d IS NOT NULL GROUP BY o.o_d_id, o.o_id, o.o_entry_d HAVING MAX(ol.ol_delivery_d) - o.o_entry_d > INTERVAL '48 hours' ORDER BY elapsed DESC LIMIT 250",443,1,2,0,True,True,False,2,2,5,3,1,0,0,0,0,18414.51,18415.14,250.0,40,469412.0,147.915,9,7,2,Limit,0,0,0,2,1,0,0,1,1,49078,768,0,0,720000.0,600000.0,96862208,24797184,2,0.0004166666666666667
train_ch_delivery_delay,"SELECT o.o_d_id, o.o_id, o.o_entry_d, MAX(ol.ol_delivery_d) AS completed_at, MAX(ol.ol_delivery_d) - o.o_entry_d AS elapsed FROM chbenchmark.oorder o JOIN chbenchmark.order_line ol ON ol.ol_w_id = o.o_w_id AND ol.ol_d_id = o.o_d_id AND ol.ol_o_id = o.o_id WHERE o.o_w_id = 3 AND ol.ol_delivery_d IS NOT NULL GROUP BY o.o_d_id, o.o_id, o.o_entry_d HAVING MAX(ol.ol_delivery_d) - o.o_entry_d > INTERVAL '48 hours' ORDER BY elapsed DESC LIMIT 250",443,1,2,0,True,True,False,2,2,5,3,1,0,0,0,0,18414.51,18415.14,250.0,40,469412.0,141.745,9,7,2,Limit,0,0,0,2,1,0,0,1,1,49846,0,0,0,720000.0,600000.0,96862208,24797184,2,0.0004166666666666667
train_ch_customer_balance_rank,"SELECT c_w_id, c_d_id, c_id, c_balance, DENSE_RANK() OVER (PARTITION BY c_w_id ORDER BY c_balance DESC) AS balance_rank, CUME_DIST() OVER (PARTITION BY c_w_id ORDER BY c_balance) AS balance_percentile FROM chbenchmark.customer WHERE c_state = 'WA' ORDER BY c_w_id, balance_rank LIMIT 500",287,0,1,0,False,True,False,1,1,6,2,0,0,0,0,0,6423.96,6482.73,500.0,34,102548.0,60.818,7,7,1,Limit,1,0,0,0,0,0,0,1,0,19544,0,0,0,120000.0,120000.0,27607040,4702208,1,0.004166666666666667
train_ch_customer_balance_rank,"SELECT c_w_id, c_d_id, c_id, c_balance, DENSE_RANK() OVER (PARTITION BY c_w_id ORDER BY c_balance DESC) AS balance_rank, CUME_DIST() OVER (PARTITION BY c_w_id ORDER BY c_balance) AS balance_percentile FROM chbenchmark.customer WHERE c_state = 'WA' ORDER BY c_w_id, balance_rank LIMIT 500",287,0,1,0,False,True,False,1,1,6,2,0,0,0,0,0,6423.96,6482.73,500.0,34,102548.0,61.923,7,7,1,Limit,1,0,0,0,0,0,0,1,0,19544,0,0,0,120000.0,120000.0,27607040,4702208,1,0.004166666666666667
train_ch_supplier_sales,"SELECT su.su_suppkey, su.su_name, COUNT(*) AS supplied_lines, SUM(ol.ol_amount) AS revenue, AVG(s.s_quantity) AS avg_stock FROM chbenchmark.supplier su JOIN chbenchmark.stock s ON MOD(s.s_w_id * s.s_i_id, 10000) = su.su_suppkey JOIN chbenchmark.order_line ol ON ol.ol_supply_w_id = s.s_w_id AND ol.ol_i_id = s.s_i_id WHERE su.su_nationkey = 13 GROUP BY su.su_suppkey, su.su_name ORDER BY revenue DESC LIMIT 200",410,2,1,0,True,True,False,3,3,5,3,2,0,0,0,0,15968.43,15968.93,200.0,91,339636.0,120.998,13,11,3,Limit,3,0,0,0,2,0,0,2,2,79795,0,0,0,730000.0,600000.0,99057664,23552000,3,0.0003333333333333333
train_ch_supplier_sales,"SELECT su.su_suppkey, su.su_name, COUNT(*) AS supplied_lines, SUM(ol.ol_amount) AS revenue, AVG(s.s_quantity) AS avg_stock FROM chbenchmark.supplier su JOIN chbenchmark.stock s ON MOD(s.s_w_id * s.s_i_id, 10000) = su.su_suppkey JOIN chbenchmark.order_line ol ON ol.ol_supply_w_id = s.s_w_id AND ol.ol_i_id = s.s_i_id WHERE su.su_nationkey = 13 GROUP BY su.su_suppkey, su.su_name ORDER BY revenue DESC LIMIT 200",410,2,1,0,True,True,False,3,3,5,3,2,0,0,0,0,15968.43,15968.93,200.0,91,339636.0,133.746,13,11,3,Limit,3,0,0,0,2,0,0,2,2,79795,0,0,0,730000.0,600000.0,99057664,23552000,3,0.0003333333333333333
train_ch_product_sales_by_state,"SELECT i.i_id, i.i_name, COUNT(DISTINCT o.o_id) AS orders, SUM(ol.ol_quantity) AS units, SUM(ol.ol_amount) AS revenue FROM chbenchmark.customer c JOIN chbenchmark.oorder o ON o.o_w_id = c.c_w_id AND o.o_d_id = c.c_d_id AND o.o_c_id = c.c_id JOIN chbenchmark.order_line ol ON ol.ol_w_id = o.o_w_id AND ol.ol_d_id = o.o_d_id AND ol.ol_o_id = o.o_id JOIN chbenchmark.item i ON i.i_id = ol.ol_i_id WHERE c.c_state = 'CA' GROUP BY i.i_id, i.i_name ORDER BY revenue DESC LIMIT 150",474,3,1,0,True,True,False,4,4,5,3,3,0,0,0,0,32846.37,32846.75,150.0,88,554440.0,442.649,14,9,4,Limit,3,1,0,0,2,0,1,2,1,571682,13256,1764,1768,870000.0,600000.0,127729664,30187520,4,0.00025
train_ch_product_sales_by_state,"SELECT i.i_id, i.i_name, COUNT(DISTINCT o.o_id) AS orders, SUM(ol.ol_quantity) AS units, SUM(ol.ol_amount) AS revenue FROM chbenchmark.customer c JOIN chbenchmark.oorder o ON o.o_w_id = c.c_w_id AND o.o_d_id = c.c_d_id AND o.o_c_id = c.c_id JOIN chbenchmark.order_line ol ON ol.ol_w_id = o.o_w_id AND ol.ol_d_id = o.o_d_id AND ol.ol_o_id = o.o_id JOIN chbenchmark.item i ON i.i_id = ol.ol_i_id WHERE c.c_state = 'CA' GROUP BY i.i_id, i.i_name ORDER BY revenue DESC LIMIT 150",474,3,1,0,True,True,False,4,4,5,3,3,0,0,0,0,32846.37,32846.75,150.0,88,554440.0,426.786,14,9,4,Limit,3,1,0,0,2,0,1,2,1,584938,0,1764,1768,870000.0,600000.0,127729664,30187520,4,0.00025
train_ch_customer_last_order,"SELECT c.c_id, c.c_first, c.c_last, latest.o_id, latest.o_entry_d, latest.order_value FROM chbenchmark.customer c LEFT JOIN LATERAL ( SELECT o.o_id, o.o_entry_d, SUM(ol.ol_amount) AS order_value FROM chbenchmark.oorder o JOIN chbenchmark.order_line ol ON ol.ol_w_id = o.o_w_id AND ol.ol_d_id = o.o_d_id AND ol.ol_o_id = o.o_id WHERE o.o_w_id = c.c_w_id AND o.o_d_id = c.c_d_id AND o.o_c_id = c.c_id GROUP BY o.o_id, o.o_entry_d ORDER BY o.o_entry_d DESC LIMIT 1 ) latest ON true WHERE c.c_w_id = 3 AND c.c_d_id = 3 ORDER BY latest.o_entry_d DESC NULLS LAST LIMIT 300",566,2,5,1,True,True,False,3,3,9,1,1,1,0,0,0,2991713.88,2991714.63,300.0,67,12217.0,4912.28,12,10,3,Limit,1,1,0,1,0,0,2,2,1,26623979,594,0,0,840000.0,600000.0,124469248,29499392,3,0.0005
train_ch_customer_last_order,"SELECT c.c_id, c.c_first, c.c_last, latest.o_id, latest.o_entry_d, latest.order_value FROM chbenchmark.customer c LEFT JOIN LATERAL ( SELECT o.o_id, o.o_entry_d, SUM(ol.ol_amount) AS order_value FROM chbenchmark.oorder o JOIN chbenchmark.order_line ol ON ol.ol_w_id = o.o_w_id AND ol.ol_d_id = o.o_d_id AND ol.ol_o_id = o.o_id WHERE o.o_w_id = c.c_w_id AND o.o_d_id = c.c_d_id AND o.o_c_id = c.c_id GROUP BY o.o_id, o.o_entry_d ORDER BY o.o_entry_d DESC LIMIT 1 ) latest ON true WHERE c.c_w_id = 3 AND c.c_d_id = 3 ORDER BY latest.o_entry_d DESC NULLS LAST LIMIT 300",566,2,5,1,True,True,False,3,3,9,1,1,1,0,0,0,2991713.88,2991714.63,300.0,67,12217.0,5006.655,12,10,3,Limit,1,1,0,1,0,0,2,2,1,26624573,0,0,0,840000.0,600000.0,124469248,29499392,3,0.0005
train_ch_warehouse_inventory,"SELECT s.s_w_id, COUNT(*) AS sku_count, SUM(s.s_quantity) AS units, SUM(s.s_quantity * i.i_price) AS inventory_value FROM chbenchmark.stock s JOIN chbenchmark.item i ON i.i_id = s.s_i_id WHERE s.s_w_id = 1 AND i.i_data ILIKE '%standard%' GROUP BY s.s_w_id",255,1,2,0,True,False,False,2,2,4,3,1,0,0,0,0,1612.92,3667.2,1.0,52,147116.0,56.276,6,4,2,Aggregate,1,0,0,1,1,0,0,0,1,2170,332,0,0,150000.0,120000.0,16138240,3391488,2,8.333333333333334e-06
train_ch_warehouse_inventory,"SELECT s.s_w_id, COUNT(*) AS sku_count, SUM(s.s_quantity) AS units, SUM(s.s_quantity * i.i_price) AS inventory_value FROM chbenchmark.stock s JOIN chbenchmark.item i ON i.i_id = s.s_i_id WHERE s.s_w_id = 1 AND i.i_data ILIKE '%standard%' GROUP BY s.s_w_id",255,1,2,0,True,False,False,2,2,4,3,1,0,0,0,0,1612.92,3667.2,1.0,52,147116.0,57.428,6,4,2,Aggregate,1,0,0,1,1,0,0,0,1,2502,0,0,0,150000.0,120000.0,16138240,3391488,2,8.333333333333334e-06
train_ch_repeat_customers,"SELECT c.c_state, COUNT(*) AS repeat_customers, AVG(customer_orders.order_count) AS avg_orders FROM chbenchmark.customer c JOIN ( SELECT o_w_id, o_d_id, o_c_id, COUNT(*) AS order_count FROM chbenchmark.oorder GROUP BY o_w_id, o_d_id, o_c_id HAVING COUNT(*) >= 3 ) customer_orders ON customer_orders.o_w_id = c.c_w_id AND customer_orders.o_d_id = c.c_d_id AND customer_orders.o_c_id = c.c_id GROUP BY c.c_state ORDER BY repeat_customers DESC",440,1,0,1,True,True,False,2,2,7,4,1,0,0,0,0,8562.17,8562.18,4.0,43,252016.0,118.181,9,8,2,Sort,2,0,0,0,1,0,0,2,2,7730,0,1169,2289,240000.0,120000.0,39739392,8896512,2,3.3333333333333335e-05
train_ch_repeat_customers,"SELECT c.c_state, COUNT(*) AS repeat_customers, AVG(customer_orders.order_count) AS avg_orders FROM chbenchmark.customer c JOIN ( SELECT o_w_id, o_d_id, o_c_id, COUNT(*) AS order_count FROM chbenchmark.oorder GROUP BY o_w_id, o_d_id, o_c_id HAVING COUNT(*) >= 3 ) customer_orders ON customer_orders.o_w_id = c.c_w_id AND customer_orders.o_d_id = c.c_d_id AND customer_orders.o_c_id = c.c_id GROUP BY c.c_state ORDER BY repeat_customers DESC",440,1,0,1,True,True,False,2,2,7,4,1,0,0,0,0,8562.17,8562.18,4.0,43,252016.0,112.747,9,8,2,Sort,2,0,0,0,1,0,0,2,2,7730,0,1169,2289,240000.0,120000.0,39739392,8896512,2,3.3333333333333335e-05
train_ch_district_daily_sales,"WITH daily AS ( SELECT o.o_entry_d::date AS day, o.o_d_id, SUM(ol.ol_amount) AS revenue FROM chbenchmark.oorder o JOIN chbenchmark.order_line ol ON ol.ol_w_id = o.o_w_id AND ol.ol_d_id = o.o_d_id AND ol.ol_o_id = o.o_id WHERE o.o_w_id = 2 GROUP BY o.o_entry_d::date, o.o_d_id ) SELECT day, o_d_id, revenue, AVG(revenue) OVER (PARTITION BY o_d_id ORDER BY day ROWS BETWEEN 13 PRECEDING AND CURRENT ROW) AS rolling_revenue FROM daily ORDER BY o_d_id, day",452,1,1,1,True,True,False,2,2,7,2,1,0,0,0,0,21004.13,21602.43,29916.0,72,637176.0,206.254,9,7,2,WindowAgg,0,0,0,2,1,0,0,1,1,43805,5495,0,0,720000.0,600000.0,96862208,24797184,2,0.04986
train_ch_district_daily_sales,"WITH daily AS ( SELECT o.o_entry_d::date AS day, o.o_d_id, SUM(ol.ol_amount) AS revenue FROM chbenchmark.oorder o JOIN chbenchmark.order_line ol ON ol.ol_w_id = o.o_w_id AND ol.ol_d_id = o.o_d_id AND ol.ol_o_id = o.o_id WHERE o.o_w_id = 2 GROUP BY o.o_entry_d::date, o.o_d_id ) SELECT day, o_d_id, revenue, AVG(revenue) OVER (PARTITION BY o_d_id ORDER BY day ROWS BETWEEN 13 PRECEDING AND CURRENT ROW) AS rolling_revenue FROM daily ORDER BY o_d_id, day",452,1,1,1,True,True,False,2,2,7,2,1,0,0,0,0,21004.13,21602.43,29916.0,72,637176.0,201.872,9,7,2,WindowAgg,0,0,0,2,1,0,0,1,1,46930,2370,0,0,720000.0,600000.0,96862208,24797184,2,0.04986
train_ch_line_summary,"SELECT ol_number, SUM(ol_quantity) AS units, SUM(ol_amount) AS revenue, AVG(ol_amount) AS avg_amount, COUNT(*) AS line_count FROM chbenchmark.order_line WHERE ol_delivery_d >= DATE '2023-12-16' - INTERVAL '120 days' AND ol_delivery_d < DATE '2023-12-16' + INTERVAL '30 days' GROUP BY ol_number ORDER BY revenue DESC",315,0,2,0,True,True,False,1,1,5,4,0,0,0,0,0,12820.74,12820.75,5.0,108,24642.0,79.109,6,6,1,Sort,1,0,0,0,0,0,0,2,2,46994,0,0,0,600000.0,600000.0,84729856,20602880,1,8.333333333333334e-06
train_ch_line_summary,"SELECT ol_number, SUM(ol_quantity) AS units, SUM(ol_amount) AS revenue, AVG(ol_amount) AS avg_amount, COUNT(*) AS line_count FROM chbenchmark.order_line WHERE ol_delivery_d >= DATE '2023-12-16' - INTERVAL '120 days' AND ol_delivery_d < DATE '2023-12-16' + INTERVAL '30 days' GROUP BY ol_number ORDER BY revenue DESC",315,0,2,0,True,True,False,1,1,5,4,0,0,0,0,0,12820.74,12820.75,5.0,108,24642.0,73.06,6,6,1,Sort,1,0,0,0,0,0,0,2,2,46994,0,0,0,600000.0,600000.0,84729856,20602880,1,8.333333333333334e-06
train_ch_item_price_band,"SELECT width_bucket(i_price, 200, 400, 8) AS price_band, COUNT(*) AS items, AVG(i_price) AS avg_price, COUNT(*) FILTER (WHERE i_data ILIKE '%PROMO%') AS promotional FROM chbenchmark.item WHERE i_price BETWEEN 200 AND 400 GROUP BY price_band ORDER BY price_band",260,0,2,0,True,True,False,1,1,4,3,0,0,0,0,0,1610.17,1972.93,12092.0,52,36276.0,28.095,3,3,1,Aggregate,1,0,0,0,0,0,0,1,1,930,0,0,0,30000.0,30000.0,3260416,688128,1,0.4030666666666667
train_ch_item_price_band,"SELECT width_bucket(i_price, 200, 400, 8) AS price_band, COUNT(*) AS items, AVG(i_price) AS avg_price, COUNT(*) FILTER (WHERE i_data ILIKE '%PROMO%') AS promotional FROM chbenchmark.item WHERE i_price BETWEEN 200 AND 400 GROUP BY price_band ORDER BY price_band",260,0,2,0,True,True,False,1,1,4,3,0,0,0,0,0,1610.17,1972.93,12092.0,52,36276.0,27.021,3,3,1,Aggregate,1,0,0,0,0,0,0,1,1,930,0,0,0,30000.0,30000.0,3260416,688128,1,0.4030666666666667
train_ch_customer_last_order,"SELECT c.c_id, c.c_first, c.c_last, latest.o_id, latest.o_entry_d, latest.order_value FROM chbenchmark.customer c LEFT JOIN LATERAL ( SELECT o.o_id, o.o_entry_d, SUM(ol.ol_amount) AS order_value FROM chbenchmark.oorder o JOIN chbenchmark.order_line ol ON ol.ol_w_id = o.o_w_id AND ol.ol_d_id = o.o_d_id AND ol.ol_o_id = o.o_id WHERE o.o_w_id = c.c_w_id AND o.o_d_id = c.c_d_id AND o.o_c_id = c.c_id GROUP BY o.o_id, o.o_entry_d ORDER BY o.o_entry_d DESC LIMIT 1 ) latest ON true WHERE c.c_w_id = 2 AND c.c_d_id = 4 ORDER BY latest.o_entry_d DESC NULLS LAST LIMIT 300",566,2,5,1,True,True,False,3,3,9,1,1,1,0,0,0,2984968.13,2984968.88,300.0,67,12193.0,4744.087,12,10,3,Limit,1,1,0,1,0,0,2,2,1,26624564,0,0,0,840000.0,600000.0,124469248,29499392,3,0.0005
train_ch_customer_last_order,"SELECT c.c_id, c.c_first, c.c_last, latest.o_id, latest.o_entry_d, latest.order_value FROM chbenchmark.customer c LEFT JOIN LATERAL ( SELECT o.o_id, o.o_entry_d, SUM(ol.ol_amount) AS order_value FROM chbenchmark.oorder o JOIN chbenchmark.order_line ol ON ol.ol_w_id = o.o_w_id AND ol.ol_d_id = o.o_d_id AND ol.ol_o_id = o.o_id WHERE o.o_w_id = c.c_w_id AND o.o_d_id = c.c_d_id AND o.o_c_id = c.c_id GROUP BY o.o_id, o.o_entry_d ORDER BY o.o_entry_d DESC LIMIT 1 ) latest ON true WHERE c.c_w_id = 2 AND c.c_d_id = 4 ORDER BY latest.o_entry_d DESC NULLS LAST LIMIT 300",566,2,5,1,True,True,False,3,3,9,1,1,1,0,0,0,2984968.13,2984968.88,300.0,67,12193.0,4577.05,12,10,3,Limit,1,1,0,1,0,0,2,2,1,26624564,0,0,0,840000.0,600000.0,124469248,29499392,3,0.0005
train_ch_repeat_customers,"SELECT c.c_state, COUNT(*) AS repeat_customers, AVG(customer_orders.order_count) AS avg_orders FROM chbenchmark.customer c JOIN ( SELECT o_w_id, o_d_id, o_c_id, COUNT(*) AS order_count FROM chbenchmark.oorder GROUP BY o_w_id, o_d_id, o_c_id HAVING COUNT(*) >= 4 ) customer_orders ON customer_orders.o_w_id = c.c_w_id AND customer_orders.o_d_id = c.c_d_id AND customer_orders.o_c_id = c.c_id GROUP BY c.c_state ORDER BY repeat_customers DESC",440,1,0,1,True,True,False,2,2,7,4,1,0,0,0,0,8562.17,8562.18,4.0,43,252016.0,114.473,9,8,2,Sort,2,0,0,0,1,0,0,2,2,7730,0,1169,2289,240000.0,120000.0,39739392,8896512,2,3.3333333333333335e-05
train_ch_repeat_customers,"SELECT c.c_state, COUNT(*) AS repeat_customers, AVG(customer_orders.order_count) AS avg_orders FROM chbenchmark.customer c JOIN ( SELECT o_w_id, o_d_id, o_c_id, COUNT(*) AS order_count FROM chbenchmark.oorder GROUP BY o_w_id, o_d_id, o_c_id HAVING COUNT(*) >= 4 ) customer_orders ON customer_orders.o_w_id = c.c_w_id AND customer_orders.o_d_id = c.c_d_id AND customer_orders.o_c_id = c.c_id GROUP BY c.c_state ORDER BY repeat_customers DESC",440,1,0,1,True,True,False,2,2,7,4,1,0,0,0,0,8562.17,8562.18,4.0,43,252016.0,153.885,9,8,2,Sort,2,0,0,0,1,0,0,2,2,7730,0,1169,2289,240000.0,120000.0,39739392,8896512,2,3.3333333333333335e-05
train_ch_delivery_delay,"SELECT o.o_d_id, o.o_id, o.o_entry_d, MAX(ol.ol_delivery_d) AS completed_at, MAX(ol.ol_delivery_d) - o.o_entry_d AS elapsed FROM chbenchmark.oorder o JOIN chbenchmark.order_line ol ON ol.ol_w_id = o.o_w_id AND ol.ol_d_id = o.o_d_id AND ol.ol_o_id = o.o_id WHERE o.o_w_id = 2 AND ol.ol_delivery_d IS NOT NULL GROUP BY o.o_d_id, o.o_id, o.o_entry_d HAVING MAX(ol.ol_delivery_d) - o.o_entry_d > INTERVAL '48 hours' ORDER BY elapsed DESC LIMIT 250",443,1,2,0,True,True,False,2,2,5,3,1,0,0,0,0,18538.83,18539.45,250.0,40,475598.0,162.091,9,7,2,Limit,0,0,0,2,1,0,0,1,1,49300,0,0,0,720000.0,600000.0,96862208,24797184,2,0.0004166666666666667
train_ch_delivery_delay,"SELECT o.o_d_id, o.o_id, o.o_entry_d, MAX(ol.ol_delivery_d) AS completed_at, MAX(ol.ol_delivery_d) - o.o_entry_d AS elapsed FROM chbenchmark.oorder o JOIN chbenchmark.order_line ol ON ol.ol_w_id = o.o_w_id AND ol.ol_d_id = o.o_d_id AND ol.ol_o_id = o.o_id WHERE o.o_w_id = 2 AND ol.ol_delivery_d IS NOT NULL GROUP BY o.o_d_id, o.o_id, o.o_entry_d HAVING MAX(ol.ol_delivery_d) - o.o_entry_d > INTERVAL '48 hours' ORDER BY elapsed DESC LIMIT 250",443,1,2,0,True,True,False,2,2,5,3,1,0,0,0,0,18538.83,18539.45,250.0,40,475598.0,144.86,9,7,2,Limit,0,0,0,2,1,0,0,1,1,49300,0,0,0,720000.0,600000.0,96862208,24797184,2,0.0004166666666666667
train_ch_warehouse_inventory,"SELECT s.s_w_id, COUNT(*) AS sku_count, SUM(s.s_quantity) AS units, SUM(s.s_quantity * i.i_price) AS inventory_value FROM chbenchmark.stock s JOIN chbenchmark.item i ON i.i_id = s.s_i_id WHERE s.s_w_id = 2 AND i.i_data ILIKE '%clearance%' GROUP BY s.s_w_id",256,1,2,0,True,False,False,2,2,4,3,1,0,0,0,0,1264.53,2969.82,1.0,52,62636.0,35.748,6,4,2,Aggregate,1,0,0,1,1,0,0,0,1,1247,1255,0,0,150000.0,120000.0,16138240,3391488,2,8.333333333333334e-06
train_ch_warehouse_inventory,"SELECT s.s_w_id, COUNT(*) AS sku_count, SUM(s.s_quantity) AS units, SUM(s.s_quantity * i.i_price) AS inventory_value FROM chbenchmark.stock s JOIN chbenchmark.item i ON i.i_id = s.s_i_id WHERE s.s_w_id = 2 AND i.i_data ILIKE '%clearance%' GROUP BY s.s_w_id",256,1,2,0,True,False,False,2,2,4,3,1,0,0,0,0,1264.53,2969.82,1.0,52,62636.0,32.673,6,4,2,Aggregate,1,0,0,1,1,0,0,0,1,2502,0,0,0,150000.0,120000.0,16138240,3391488,2,8.333333333333334e-06
train_ch_product_sales_by_state,"SELECT i.i_id, i.i_name, COUNT(DISTINCT o.o_id) AS orders, SUM(ol.ol_quantity) AS units, SUM(ol.ol_amount) AS revenue FROM chbenchmark.customer c JOIN chbenchmark.oorder o ON o.o_w_id = c.c_w_id AND o.o_d_id = c.c_d_id AND o.o_c_id = c.c_id JOIN chbenchmark.order_line ol ON ol.ol_w_id = o.o_w_id AND ol.ol_d_id = o.o_d_id AND ol.ol_o_id = o.o_id JOIN chbenchmark.item i ON i.i_id = ol.ol_i_id WHERE c.c_state = 'NY' GROUP BY i.i_id, i.i_name ORDER BY revenue DESC LIMIT 150",474,3,1,0,True,True,False,4,4,5,3,3,0,0,0,0,32694.08,32694.46,150.0,88,550696.0,442.469,14,9,4,Limit,3,1,0,0,2,0,1,2,1,586154,8,1768,1772,870000.0,600000.0,127729664,30187520,4,0.00025
train_ch_product_sales_by_state,"SELECT i.i_id, i.i_name, COUNT(DISTINCT o.o_id) AS orders, SUM(ol.ol_quantity) AS units, SUM(ol.ol_amount) AS revenue FROM chbenchmark.customer c JOIN chbenchmark.oorder o ON o.o_w_id = c.c_w_id AND o.o_d_id = c.c_d_id AND o.o_c_id = c.c_id JOIN chbenchmark.order_line ol ON ol.ol_w_id = o.o_w_id AND ol.ol_d_id = o.o_d_id AND ol.ol_o_id = o.o_id JOIN chbenchmark.item i ON i.i_id = ol.ol_i_id WHERE c.c_state = 'NY' GROUP BY i.i_id, i.i_name ORDER BY revenue DESC LIMIT 150",474,3,1,0,True,True,False,4,4,5,3,3,0,0,0,0,32694.08,32694.46,150.0,88,550696.0,430.036,14,9,4,Limit,3,1,0,0,2,0,1,2,1,586162,0,1768,1772,870000.0,600000.0,127729664,30187520,4,0.00025
train_ch_supplier_sales,"SELECT su.su_suppkey, su.su_name, COUNT(*) AS supplied_lines, SUM(ol.ol_amount) AS revenue, AVG(s.s_quantity) AS avg_stock FROM chbenchmark.supplier su JOIN chbenchmark.stock s ON MOD(s.s_w_id * s.s_i_id, 10000) = su.su_suppkey JOIN chbenchmark.order_line ol ON ol.ol_supply_w_id = s.s_w_id AND ol.ol_i_id = s.s_i_id WHERE su.su_nationkey = 12 GROUP BY su.su_suppkey, su.su_name ORDER BY revenue DESC LIMIT 200",410,2,1,0,True,True,False,3,3,5,3,2,0,0,0,0,15968.43,15968.93,200.0,91,339636.0,120.434,13,11,3,Limit,3,0,0,0,2,0,0,2,2,73605,6190,0,0,730000.0,600000.0,99057664,23552000,3,0.0003333333333333333
train_ch_supplier_sales,"SELECT su.su_suppkey, su.su_name, COUNT(*) AS supplied_lines, SUM(ol.ol_amount) AS revenue, AVG(s.s_quantity) AS avg_stock FROM chbenchmark.supplier su JOIN chbenchmark.stock s ON MOD(s.s_w_id * s.s_i_id, 10000) = su.su_suppkey JOIN chbenchmark.order_line ol ON ol.ol_supply_w_id = s.s_w_id AND ol.ol_i_id = s.s_i_id WHERE su.su_nationkey = 12 GROUP BY su.su_suppkey, su.su_name ORDER BY revenue DESC LIMIT 200",410,2,1,0,True,True,False,3,3,5,3,2,0,0,0,0,15968.43,15968.93,200.0,91,339636.0,119.158,13,11,3,Limit,3,0,0,0,2,0,0,2,2,79795,0,0,0,730000.0,600000.0,99057664,23552000,3,0.0003333333333333333
train_ch_customer_balance_rank,"SELECT c_w_id, c_d_id, c_id, c_balance, DENSE_RANK() OVER (PARTITION BY c_w_id ORDER BY c_balance DESC) AS balance_rank, CUME_DIST() OVER (PARTITION BY c_w_id ORDER BY c_balance) AS balance_percentile FROM chbenchmark.customer WHERE c_state = 'WA' ORDER BY c_w_id, balance_rank LIMIT 500",287,0,1,0,False,True,False,1,1,6,2,0,0,0,0,0,6423.96,6482.73,500.0,34,102548.0,69.068,7,7,1,Limit,1,0,0,0,0,0,0,1,0,19544,0,0,0,120000.0,120000.0,27607040,4702208,1,0.004166666666666667
train_ch_customer_balance_rank,"SELECT c_w_id, c_d_id, c_id, c_balance, DENSE_RANK() OVER (PARTITION BY c_w_id ORDER BY c_balance DESC) AS balance_rank, CUME_DIST() OVER (PARTITION BY c_w_id ORDER BY c_balance) AS balance_percentile FROM chbenchmark.customer WHERE c_state = 'WA' ORDER BY c_w_id, balance_rank LIMIT 500",287,0,1,0,False,True,False,1,1,6,2,0,0,0,0,0,6423.96,6482.73,500.0,34,102548.0,72.378,7,7,1,Limit,1,0,0,0,0,0,0,1,0,19544,0,0,0,120000.0,120000.0,27607040,4702208,1,0.004166666666666667
train_ch_district_revenue,"SELECT o.o_d_id, COUNT(DISTINCT o.o_id) AS orders, SUM(ol.ol_quantity) AS units, SUM(ol.ol_amount) AS revenue FROM chbenchmark.oorder o JOIN chbenchmark.order_line ol ON ol.ol_w_id = o.o_w_id AND ol.ol_d_id = o.o_d_id AND ol.ol_o_id = o.o_id WHERE o.o_w_id = 3 AND o.o_entry_d >= DATE '2024-04-23' - INTERVAL '90 days' AND o.o_entry_d < DATE '2024-04-23' + INTERVAL '1 day' GROUP BY o.o_d_id ORDER BY revenue DESC",413,1,3,0,True,True,False,2,2,4,3,1,0,0,0,0,16449.11,16449.14,10.0,76,120419.0,92.755,9,8,2,Sort,1,0,0,1,1,0,0,2,1,70811,40,0,0,720000.0,600000.0,96862208,24797184,2,1.6666666666666667e-05
train_ch_district_revenue,"SELECT o.o_d_id, COUNT(DISTINCT o.o_id) AS orders, SUM(ol.ol_quantity) AS units, SUM(ol.ol_amount) AS revenue FROM chbenchmark.oorder o JOIN chbenchmark.order_line ol ON ol.ol_w_id = o.o_w_id AND ol.ol_d_id = o.o_d_id AND ol.ol_o_id = o.o_id WHERE o.o_w_id = 3 AND o.o_entry_d >= DATE '2024-04-23' - INTERVAL '90 days' AND o.o_entry_d < DATE '2024-04-23' + INTERVAL '1 day' GROUP BY o.o_d_id ORDER BY revenue DESC",413,1,3,0,True,True,False,2,2,4,3,1,0,0,0,0,16449.11,16449.14,10.0,76,120419.0,91.328,9,8,2,Sort,1,0,0,1,1,0,0,2,1,70851,0,0,0,720000.0,600000.0,96862208,24797184,2,1.6666666666666667e-05
train_ch_regional_low_stock,"SELECT r.r_name, n.n_name, su.su_name, i.i_id, i.i_name, MIN(s.s_quantity) AS minimum_quantity FROM chbenchmark.stock s JOIN chbenchmark.item i ON i.i_id = s.s_i_id JOIN chbenchmark.supplier su ON su.su_suppkey = MOD(s.s_w_id * s.s_i_id, 10000) JOIN chbenchmark.nation n ON n.n_nationkey = su.su_nationkey JOIN chbenchmark.region r ON r.r_regionkey = n.n_regionkey WHERE r.r_name = 'ASIA' AND s.s_quantity < 40 GROUP BY r.r_name, n.n_name, su.su_name, i.i_id, i.i_name ORDER BY minimum_quantity, i.i_id LIMIT 250",512,4,2,0,True,True,False,5,5,6,1,4,0,0,0,0,4262.08,4262.7,250.0,52,81119.0,34.101,16,12,5,Limit,5,0,0,0,4,0,0,1,1,11526,0,0,0,160030.0,120000.0,17670144,3702784,7,0.0020833333333333333
train_ch_regional_low_stock,"SELECT r.r_name, n.n_name, su.su_name, i.i_id, i.i_name, MIN(s.s_quantity) AS minimum_quantity FROM chbenchmark.stock s JOIN chbenchmark.item i ON i.i_id = s.s_i_id JOIN chbenchmark.supplier su ON su.su_suppkey = MOD(s.s_w_id * s.s_i_id, 10000) JOIN chbenchmark.nation n ON n.n_nationkey = su.su_nationkey JOIN chbenchmark.region r ON r.r_regionkey = n.n_regionkey WHERE r.r_name = 'ASIA' AND s.s_quantity < 40 GROUP BY r.r_name, n.n_name, su.su_name, i.i_id, i.i_name ORDER BY minimum_quantity, i.i_id LIMIT 250",512,4,2,0,True,True,False,5,5,6,1,4,0,0,0,0,4262.08,4262.7,250.0,52,81119.0,33.664,16,12,5,Limit,5,0,0,0,4,0,0,1,1,11526,0,0,0,160030.0,120000.0,17670144,3702784,7,0.0020833333333333333
train_ch_backlog,"SELECT no.no_d_id, COUNT(*) AS pending_orders, MIN(o.o_entry_d) AS oldest_order, SUM(ol.ol_amount) AS pending_value FROM chbenchmark.new_order no JOIN chbenchmark.oorder o ON o.o_w_id = no.no_w_id AND o.o_d_id = no.no_d_id AND o.o_id = no.no_o_id JOIN chbenchmark.order_line ol ON ol.ol_w_id = o.o_w_id AND ol.ol_d_id = o.o_d_id AND ol.ol_o_id = o.o_id WHERE no.no_w_id = 1 GROUP BY no.no_d_id ORDER BY oldest_order",415,2,1,0,True,True,False,3,3,4,3,2,0,0,0,0,15589.75,15589.78,10.0,52,208207.0,113.336,13,9,3,Sort,1,0,1,1,2,0,0,2,2,88866,1764,0,0,756000.0,600000.0,100024320,26329088,3,1.6666666666666667e-05
train_ch_backlog,"SELECT no.no_d_id, COUNT(*) AS pending_orders, MIN(o.o_entry_d) AS oldest_order, SUM(ol.ol_amount) AS pending_value FROM chbenchmark.new_order no JOIN chbenchmark.oorder o ON o.o_w_id = no.no_w_id AND o.o_d_id = no.no_d_id AND o.o_id = no.no_o_id JOIN chbenchmark.order_line ol ON ol.ol_w_id = o.o_w_id AND ol.ol_d_id = o.o_d_id AND ol.ol_o_id = o.o_id WHERE no.no_w_id = 1 GROUP BY no.no_d_id ORDER BY oldest_order",415,2,1,0,True,True,False,3,3,4,3,2,0,0,0,0,15589.75,15589.78,10.0,52,208207.0,118.431,13,9,3,Sort,1,0,1,1,2,0,0,2,2,90446,184,0,0,756000.0,600000.0,100024320,26329088,3,1.6666666666666667e-05
train_ch_order_basket,"SELECT o.o_d_id, o.o_id, o.o_entry_d, COUNT(*) AS lines, SUM(ol.ol_quantity) AS units, SUM(ol.ol_amount) AS basket_value FROM chbenchmark.oorder o JOIN chbenchmark.order_line ol ON ol.ol_w_id = o.o_w_id AND ol.ol_d_id = o.o_d_id AND ol.ol_o_id = o.o_id WHERE o.o_w_id = 1 GROUP BY o.o_d_id, o.o_id, o.o_entry_d HAVING SUM(ol.ol_amount) >= 250 ORDER BY basket_value DESC LIMIT 300",379,1,1,0,True,True,False,2,2,6,4,1,0,0,0,0,30478.99,30479.74,300.0,88,388030.0,277.079,11,10,2,Limit,1,0,0,1,1,0,0,2,2,92809,12,1632,1632,720000.0,600000.0,96862208,24797184,2,0.0005
train_ch_order_basket,"SELECT o.o_d_id, o.o_id, o.o_entry_d, COUNT(*) AS lines, SUM(ol.ol_quantity) AS units, SUM(ol.ol_amount) AS basket_value FROM chbenchmark.oorder o JOIN chbenchmark.order_line ol ON ol.ol_w_id = o.o_w_id AND ol.ol_d_id = o.o_d_id AND ol.ol_o_id = o.o_id WHERE o.o_w_id = 1 GROUP BY o.o_d_id, o.o_id, o.o_entry_d HAVING SUM(ol.ol_amount) >= 250 ORDER BY basket_value DESC LIMIT 300",379,1,1,0,True,True,False,2,2,6,4,1,0,0,0,0,30478.99,30479.74,300.0,88,388030.0,256.593,11,10,2,Limit,1,0,0,1,1,0,0,2,2,92821,0,1632,1632,720000.0,600000.0,96862208,24797184,2,0.0005
train_ch_remote_supply,"SELECT ol.ol_supply_w_id, COUNT(*) AS remote_lines, SUM(ol.ol_quantity) AS units, SUM(ol.ol_amount) AS revenue FROM chbenchmark.order_line ol WHERE ol.ol_w_id = 3 AND ol.ol_supply_w_id <> ol.ol_w_id GROUP BY ol.ol_supply_w_id ORDER BY revenue DESC",247,0,2,0,True,True,False,1,1,4,3,0,0,0,0,0,13196.32,13196.33,4.0,76,62228.0,64.636,6,6,1,Sort,1,0,0,0,0,0,0,2,2,46994,0,0,0,600000.0,600000.0,84729856,20602880,1,6.666666666666667e-06
train_ch_remote_supply,"SELECT ol.ol_supply_w_id, COUNT(*) AS remote_lines, SUM(ol.ol_quantity) AS units, SUM(ol.ol_amount) AS revenue FROM chbenchmark.order_line ol WHERE ol.ol_w_id = 3 AND ol.ol_supply_w_id <> ol.ol_w_id GROUP BY ol.ol_supply_w_id ORDER BY revenue DESC",247,0,2,0,True,True,False,1,1,4,3,0,0,0,0,0,13196.32,13196.33,4.0,76,62228.0,69.571,6,6,1,Sort,1,0,0,0,0,0,0,2,2,46994,0,0,0,600000.0,600000.0,84729856,20602880,1,6.666666666666667e-06
train_ch_payment_activity,"SELECT h.h_w_id, h.h_d_id, COUNT(*) AS payments, SUM(h.h_amount) AS amount, COUNT(DISTINCT h.h_c_id) AS customers FROM chbenchmark.history h WHERE h.h_date >= DATE '2024-02-27' - INTERVAL '180 days' AND h.h_amount >= 100 GROUP BY h.h_w_id, h.h_d_id ORDER BY amount DESC",269,0,2,0,True,True,False,1,1,5,3,0,0,0,0,0,9027.27,9027.37,40.0,56,121928.0,120.016,4,4,1,Sort,1,0,0,0,0,0,0,2,1,0,5880,0,0,120000.0,120000.0,16670720,4595712,1,0.0003333333333333333
train_ch_payment_activity,"SELECT h.h_w_id, h.h_d_id, COUNT(*) AS payments, SUM(h.h_amount) AS amount, COUNT(DISTINCT h.h_c_id) AS customers FROM chbenchmark.history h WHERE h.h_date >= DATE '2024-02-27' - INTERVAL '180 days' AND h.h_amount >= 100 GROUP BY h.h_w_id, h.h_d_id ORDER BY amount DESC",269,0,2,0,True,True,False,1,1,5,3,0,0,0,0,0,9027.27,9027.37,40.0,56,121928.0,111.811,4,4,1,Sort,1,0,0,0,0,0,0,2,1,5752,128,0,0,120000.0,120000.0,16670720,4595712,1,0.0003333333333333333
train_ch_unsold_items,"SELECT i.i_id, i.i_name, i.i_price, s.s_quantity FROM chbenchmark.item i JOIN chbenchmark.stock s ON s.s_i_id = i.i_id AND s.s_w_id = 1 WHERE NOT EXISTS ( SELECT 1 FROM chbenchmark.order_line ol JOIN chbenchmark.oorder o ON o.o_w_id = ol.ol_w_id AND o.o_d_id = ol.ol_d_id AND o.o_id = ol.ol_o_id WHERE ol.ol_i_id = i.i_id AND ol.ol_w_id = 1 AND o.o_entry_d >= DATE '2024-03-25' - INTERVAL '90 days' ) ORDER BY s.s_quantity DESC LIMIT 300",437,2,4,1,False,True,False,4,4,5,0,2,0,0,0,0,18414.69,18432.89,156.0,26,316986.0,146.265,15,8,4,Limit,2,0,0,2,3,0,0,1,0,71321,9670,0,0,870000.0,600000.0,113000448,28188672,4,0.00026
train_ch_unsold_items,"SELECT i.i_id, i.i_name, i.i_price, s.s_quantity FROM chbenchmark.item i JOIN chbenchmark.stock s ON s.s_i_id = i.i_id AND s.s_w_id = 1 WHERE NOT EXISTS ( SELECT 1 FROM chbenchmark.order_line ol JOIN chbenchmark.oorder o ON o.o_w_id = ol.ol_w_id AND o.o_d_id = ol.ol_d_id AND o.o_id = ol.ol_o_id WHERE ol.ol_i_id = i.i_id AND ol.ol_w_id = 1 AND o.o_entry_d >= DATE '2024-03-25' - INTERVAL '90 days' ) ORDER BY s.s_quantity DESC LIMIT 300",437,2,4,1,False,True,False,4,4,5,0,2,0,0,0,0,18414.69,18432.89,156.0,26,316986.0,147.116,15,8,4,Limit,2,0,0,2,3,0,0,1,0,72561,8430,0,0,870000.0,600000.0,113000448,28188672,4,0.00026
train_ch_customer_order_totals,"SELECT c.c_id, c.c_first, c.c_last, COUNT(DISTINCT o.o_id) AS orders, SUM(ol.ol_amount) AS lifetime_value FROM chbenchmark.customer c JOIN chbenchmark.oorder o ON o.o_w_id = c.c_w_id AND o.o_d_id = c.c_d_id AND o.o_c_id = c.c_id JOIN chbenchmark.order_line ol ON ol.ol_w_id = o.o_w_id AND ol.ol_d_id = o.o_d_id AND ol.ol_o_id = o.o_id WHERE c.c_w_id = 2 GROUP BY c.c_id, c.c_first, c.c_last HAVING SUM(ol.ol_amount) > 10000 ORDER BY lifetime_value DESC LIMIT 200",462,2,1,0,True,True,False,3,3,5,3,2,0,0,0,0,40825.24,40825.74,200.0,63,350120.0,775.151,14,10,3,Limit,1,1,0,1,0,1,1,3,1,749031,9114,0,0,840000.0,600000.0,124469248,29499392,3,0.0003333333333333333
train_ch_customer_order_totals,"SELECT c.c_id, c.c_first, c.c_last, COUNT(DISTINCT o.o_id) AS orders, SUM(ol.ol_amount) AS lifetime_value FROM chbenchmark.customer c JOIN chbenchmark.oorder o ON o.o_w_id = c.c_w_id AND o.o_d_id = c.c_d_id AND o.o_c_id = c.c_id JOIN chbenchmark.order_line ol ON ol.ol_w_id = o.o_w_id AND ol.ol_d_id = o.o_d_id AND ol.ol_o_id = o.o_id WHERE c.c_w_id = 2 GROUP BY c.c_id, c.c_first, c.c_last HAVING SUM(ol.ol_amount) > 10000 ORDER BY lifetime_value DESC LIMIT 200",462,2,1,0,True,True,False,3,3,5,3,2,0,0,0,0,40825.24,40825.74,200.0,63,350120.0,432.55,14,10,3,Limit,1,1,0,1,0,1,1,3,1,758145,0,0,0,840000.0,600000.0,124469248,29499392,3,0.0003333333333333333
train_ch_district_daily_sales,"WITH daily AS ( SELECT o.o_entry_d::date AS day, o.o_d_id, SUM(ol.ol_amount) AS revenue FROM chbenchmark.oorder o JOIN chbenchmark.order_line ol ON ol.ol_w_id = o.o_w_id AND ol.ol_d_id = o.o_d_id AND ol.ol_o_id = o.o_id WHERE o.o_w_id = 1 GROUP BY o.o_entry_d::date, o.o_d_id ) SELECT day, o_d_id, revenue, AVG(revenue) OVER (PARTITION BY o_d_id ORDER BY day ROWS BETWEEN 6 PRECEDING AND CURRENT ROW) AS rolling_revenue FROM daily ORDER BY o_d_id, day",451,1,1,1,True,True,False,2,2,7,2,1,0,0,0,0,20867.82,21471.64,30192.0,72,628632.0,230.577,9,7,2,WindowAgg,0,0,0,2,1,0,0,1,1,47487,1806,0,0,720000.0,600000.0,96862208,24797184,2,0.05032
train_ch_district_daily_sales,"WITH daily AS ( SELECT o.o_entry_d::date AS day, o.o_d_id, SUM(ol.ol_amount) AS revenue FROM chbenchmark.oorder o JOIN chbenchmark.order_line ol ON ol.ol_w_id = o.o_w_id AND ol.ol_d_id = o.o_d_id AND ol.ol_o_id = o.o_id WHERE o.o_w_id = 1 GROUP BY o.o_entry_d::date, o.o_d_id ) SELECT day, o_d_id, revenue, AVG(revenue) OVER (PARTITION BY o_d_id ORDER BY day ROWS BETWEEN 6 PRECEDING AND CURRENT ROW) AS rolling_revenue FROM daily ORDER BY o_d_id, day",451,1,1,1,True,True,False,2,2,7,2,1,0,0,0,0,20867.82,21471.64,30192.0,72,628632.0,210.497,9,7,2,WindowAgg,0,0,0,2,1,0,0,1,1,49293,0,0,0,720000.0,600000.0,96862208,24797184,2,0.05032
train_ch_promotional_items,"SELECT i.i_id, i.i_name, SUM(ol.ol_quantity) AS units, SUM(ol.ol_amount) AS revenue FROM chbenchmark.item i JOIN chbenchmark.order_line ol ON ol.ol_i_id = i.i_id JOIN chbenchmark.oorder o ON o.o_w_id = ol.ol_w_id AND o.o_d_id = ol.ol_d_id AND o.o_id = ol.ol_o_id WHERE i.i_data ILIKE '%PROMO%' AND o.o_entry_d >= DATE '2023-10-09' - INTERVAL '365 days' GROUP BY i.i_id, i.i_name ORDER BY revenue DESC LIMIT 100",410,2,2,0,True,True,False,3,3,4,2,2,0,0,0,0,13919.45,13919.7,100.0,80,257451.0,132.655,12,10,3,Limit,2,1,0,0,1,0,1,2,2,268793,1032,0,0,750000.0,600000.0,100122624,25485312,3,0.00016666666666666666
train_ch_promotional_items,"SELECT i.i_id, i.i_name, SUM(ol.ol_quantity) AS units, SUM(ol.ol_amount) AS revenue FROM chbenchmark.item i JOIN chbenchmark.order_line ol ON ol.ol_i_id = i.i_id JOIN chbenchmark.oorder o ON o.o_w_id = ol.ol_w_id AND o.o_d_id = ol.ol_d_id AND o.o_id = ol.ol_o_id WHERE i.i_data ILIKE '%PROMO%' AND o.o_entry_d >= DATE '2023-10-09' - INTERVAL '365 days' GROUP BY i.i_id, i.i_name ORDER BY revenue DESC LIMIT 100",410,2,2,0,True,True,False,3,3,4,2,2,0,0,0,0,13919.45,13919.7,100.0,80,257451.0,127.882,12,10,3,Limit,2,1,0,0,1,0,1,2,2,269825,0,0,0,750000.0,600000.0,100122624,25485312,3,0.00016666666666666666
train_ch_credit_risk,"SELECT c.c_w_id, c.c_d_id, c.c_id, c.c_balance, COUNT(no.no_o_id) AS pending_orders FROM chbenchmark.customer c LEFT JOIN chbenchmark.oorder o ON o.o_w_id = c.c_w_id AND o.o_d_id = c.c_d_id AND o.o_c_id = c.c_id LEFT JOIN chbenchmark.new_order no ON no.no_w_id = o.o_w_id AND no.no_d_id = o.o_d_id AND no.no_o_id = o.o_id WHERE c.c_credit = 'BC' AND c.c_state = 'OH' AND c.c_balance > 2500 GROUP BY c.c_w_id, c.c_d_id, c.c_id, c.c_balance ORDER BY pending_orders DESC, c.c_balance DESC LIMIT 250",495,2,3,0,True,True,False,3,3,5,1,0,2,0,0,0,8094.34,8094.86,210.0,26,121691.0,53.695,10,8,3,Limit,2,0,1,0,1,0,1,2,1,31509,468,0,0,276000.0,120000.0,42901504,10428416,3,0.00175
train_ch_credit_risk,"SELECT c.c_w_id, c.c_d_id, c.c_id, c.c_balance, COUNT(no.no_o_id) AS pending_orders FROM chbenchmark.customer c LEFT JOIN chbenchmark.oorder o ON o.o_w_id = c.c_w_id AND o.o_d_id = c.c_d_id AND o.o_c_id = c.c_id LEFT JOIN chbenchmark.new_order no ON no.no_w_id = o.o_w_id AND no.no_d_id = o.o_d_id AND no.no_o_id = o.o_id WHERE c.c_credit = 'BC' AND c.c_state = 'OH' AND c.c_balance > 2500 GROUP BY c.c_w_id, c.c_d_id, c.c_id, c.c_balance ORDER BY pending_orders DESC, c.c_balance DESC LIMIT 250",495,2,3,0,True,True,False,3,3,5,1,0,2,0,0,0,8094.34,8094.86,210.0,26,121691.0,52.186,10,8,3,Limit,2,0,1,0,1,0,1,2,1,31977,0,0,0,276000.0,120000.0,42901504,10428416,3,0.00175
train_ch_warehouse_inventory,"SELECT s.s_w_id, COUNT(*) AS sku_count, SUM(s.s_quantity) AS units, SUM(s.s_quantity * i.i_price) AS inventory_value FROM chbenchmark.stock s JOIN chbenchmark.item i ON i.i_id = s.s_i_id WHERE s.s_w_id = 3 AND i.i_data ILIKE '%PROMO%' GROUP BY s.s_w_id",252,1,2,0,True,False,False,2,2,4,3,1,0,0,0,0,0.29,2669.85,1.0,52,597.0,24.174,4,3,2,Aggregate,1,1,0,0,0,0,1,0,1,2466,1137,0,0,150000.0,120000.0,16138240,3391488,2,8.333333333333334e-06
train_ch_warehouse_inventory,"SELECT s.s_w_id, COUNT(*) AS sku_count, SUM(s.s_quantity) AS units, SUM(s.s_quantity * i.i_price) AS inventory_value FROM chbenchmark.stock s JOIN chbenchmark.item i ON i.i_id = s.s_i_id WHERE s.s_w_id = 3 AND i.i_data ILIKE '%PROMO%' GROUP BY s.s_w_id",252,1,2,0,True,False,False,2,2,4,3,1,0,0,0,0,0.29,2669.85,1.0,52,597.0,23.489,4,3,2,Aggregate,1,1,0,0,0,0,1,0,1,3603,0,0,0,150000.0,120000.0,16138240,3391488,2,8.333333333333334e-06
train_ch_backlog,"SELECT no.no_d_id, COUNT(*) AS pending_orders, MIN(o.o_entry_d) AS oldest_order, SUM(ol.ol_amount) AS pending_value FROM chbenchmark.new_order no JOIN chbenchmark.oorder o ON o.o_w_id = no.no_w_id AND o.o_d_id = no.no_d_id AND o.o_id = no.no_o_id JOIN chbenchmark.order_line ol ON ol.ol_w_id = o.o_w_id AND ol.ol_d_id = o.o_d_id AND ol.ol_o_id = o.o_id WHERE no.no_w_id = 2 GROUP BY no.no_d_id ORDER BY oldest_order",415,2,1,0,True,True,False,3,3,4,3,2,0,0,0,0,15588.39,15588.42,10.0,52,209504.0,137.457,13,9,3,Sort,1,0,1,1,2,0,0,2,2,90468,189,0,0,756000.0,600000.0,100024320,26329088,3,1.6666666666666667e-05
train_ch_backlog,"SELECT no.no_d_id, COUNT(*) AS pending_orders, MIN(o.o_entry_d) AS oldest_order, SUM(ol.ol_amount) AS pending_value FROM chbenchmark.new_order no JOIN chbenchmark.oorder o ON o.o_w_id = no.no_w_id AND o.o_d_id = no.no_d_id AND o.o_id = no.no_o_id JOIN chbenchmark.order_line ol ON ol.ol_w_id = o.o_w_id AND ol.ol_d_id = o.o_d_id AND ol.ol_o_id = o.o_id WHERE no.no_w_id = 2 GROUP BY no.no_d_id ORDER BY oldest_order",415,2,1,0,True,True,False,3,3,4,3,2,0,0,0,0,15588.39,15588.42,10.0,52,209504.0,143.0,13,9,3,Sort,1,0,1,1,2,0,0,2,2,90657,0,0,0,756000.0,600000.0,100024320,26329088,3,1.6666666666666667e-05
train_ch_customer_last_order,"SELECT c.c_id, c.c_first, c.c_last, latest.o_id, latest.o_entry_d, latest.order_value FROM chbenchmark.customer c LEFT JOIN LATERAL ( SELECT o.o_id, o.o_entry_d, SUM(ol.ol_amount) AS order_value FROM chbenchmark.oorder o JOIN chbenchmark.order_line ol ON ol.ol_w_id = o.o_w_id AND ol.ol_d_id = o.o_d_id AND ol.ol_o_id = o.o_id WHERE o.o_w_id = c.c_w_id AND o.o_d_id = c.c_d_id AND o.o_c_id = c.c_id GROUP BY o.o_id, o.o_entry_d ORDER BY o.o_entry_d DESC LIMIT 1 ) latest ON true WHERE c.c_w_id = 4 AND c.c_d_id = 4 ORDER BY latest.o_entry_d DESC NULLS LAST LIMIT 300",566,2,5,1,True,True,False,3,3,9,1,1,1,0,0,0,2965855.86,2965856.61,300.0,67,12130.0,4591.409,12,10,3,Limit,1,1,0,1,0,0,2,2,1,26594042,522,0,0,840000.0,600000.0,124469248,29499392,3,0.0005
train_ch_customer_last_order,"SELECT c.c_id, c.c_first, c.c_last, latest.o_id, latest.o_entry_d, latest.order_value FROM chbenchmark.customer c LEFT JOIN LATERAL ( SELECT o.o_id, o.o_entry_d, SUM(ol.ol_amount) AS order_value FROM chbenchmark.oorder o JOIN chbenchmark.order_line ol ON ol.ol_w_id = o.o_w_id AND ol.ol_d_id = o.o_d_id AND ol.ol_o_id = o.o_id WHERE o.o_w_id = c.c_w_id AND o.o_d_id = c.c_d_id AND o.o_c_id = c.c_id GROUP BY o.o_id, o.o_entry_d ORDER BY o.o_entry_d DESC LIMIT 1 ) latest ON true WHERE c.c_w_id = 4 AND c.c_d_id = 4 ORDER BY latest.o_entry_d DESC NULLS LAST LIMIT 300",566,2,5,1,True,True,False,3,3,9,1,1,1,0,0,0,2965855.86,2965856.61,300.0,67,12130.0,4891.267,12,10,3,Limit,1,1,0,1,0,0,2,2,1,26594564,0,0,0,840000.0,600000.0,124469248,29499392,3,0.0005
train_ch_product_sales_by_state,"SELECT i.i_id, i.i_name, COUNT(DISTINCT o.o_id) AS orders, SUM(ol.ol_quantity) AS units, SUM(ol.ol_amount) AS revenue FROM chbenchmark.customer c JOIN chbenchmark.oorder o ON o.o_w_id = c.c_w_id AND o.o_d_id = c.c_d_id AND o.o_c_id = c.c_id JOIN chbenchmark.order_line ol ON ol.ol_w_id = o.o_w_id AND ol.ol_d_id = o.o_d_id AND ol.ol_o_id = o.o_id JOIN chbenchmark.item i ON i.i_id = ol.ol_i_id WHERE c.c_state = 'OH' GROUP BY i.i_id, i.i_name ORDER BY revenue DESC LIMIT 150",474,3,1,0,True,True,False,4,4,5,3,3,0,0,0,0,32800.04,32800.42,150.0,88,553288.0,499.777,14,9,4,Limit,3,1,0,0,2,0,1,2,1,573778,11056,1764,1768,870000.0,600000.0,127729664,30187520,4,0.00025
train_ch_product_sales_by_state,"SELECT i.i_id, i.i_name, COUNT(DISTINCT o.o_id) AS orders, SUM(ol.ol_quantity) AS units, SUM(ol.ol_amount) AS revenue FROM chbenchmark.customer c JOIN chbenchmark.oorder o ON o.o_w_id = c.c_w_id AND o.o_d_id = c.c_d_id AND o.o_c_id = c.c_id JOIN chbenchmark.order_line ol ON ol.ol_w_id = o.o_w_id AND ol.ol_d_id = o.o_d_id AND ol.ol_o_id = o.o_id JOIN chbenchmark.item i ON i.i_id = ol.ol_i_id WHERE c.c_state = 'OH' GROUP BY i.i_id, i.i_name ORDER BY revenue DESC LIMIT 150",474,3,1,0,True,True,False,4,4,5,3,3,0,0,0,0,32800.04,32800.42,150.0,88,553288.0,464.011,14,9,4,Limit,3,1,0,0,2,0,1,2,1,584834,0,1764,1768,870000.0,600000.0,127729664,30187520,4,0.00025
train_ch_unsold_items,"SELECT i.i_id, i.i_name, i.i_price, s.s_quantity FROM chbenchmark.item i JOIN chbenchmark.stock s ON s.s_i_id = i.i_id AND s.s_w_id = 1 WHERE NOT EXISTS ( SELECT 1 FROM chbenchmark.order_line ol JOIN chbenchmark.oorder o ON o.o_w_id = ol.ol_w_id AND o.o_d_id = ol.ol_d_id AND o.o_id = ol.ol_o_id WHERE ol.ol_i_id = i.i_id AND ol.ol_w_id = 1 AND o.o_entry_d >= DATE '2025-10-13' - INTERVAL '90 days' ) ORDER BY s.s_quantity DESC LIMIT 300",437,2,4,1,False,True,False,4,4,5,0,2,0,0,0,0,18011.88,18046.88,300.0,26,266362.0,137.687,15,8,4,Limit,2,0,0,2,3,0,0,1,0,78821,2170,0,0,870000.0,600000.0,113000448,28188672,4,0.0005
train_ch_unsold_items,"SELECT i.i_id, i.i_name, i.i_price, s.s_quantity FROM chbenchmark.item i JOIN chbenchmark.stock s ON s.s_i_id = i.i_id AND s.s_w_id = 1 WHERE NOT EXISTS ( SELECT 1 FROM chbenchmark.order_line ol JOIN chbenchmark.oorder o ON o.o_w_id = ol.ol_w_id AND o.o_d_id = ol.ol_d_id AND o.o_id = ol.ol_o_id WHERE ol.ol_i_id = i.i_id AND ol.ol_w_id = 1 AND o.o_entry_d >= DATE '2025-10-13' - INTERVAL '90 days' ) ORDER BY s.s_quantity DESC LIMIT 300",437,2,4,1,False,True,False,4,4,5,0,2,0,0,0,0,18011.88,18046.88,300.0,26,266362.0,127.699,15,8,4,Limit,2,0,0,2,3,0,0,1,0,80991,0,0,0,870000.0,600000.0,113000448,28188672,4,0.0005
train_ch_repeat_customers,"SELECT c.c_state, COUNT(*) AS repeat_customers, AVG(customer_orders.order_count) AS avg_orders FROM chbenchmark.customer c JOIN ( SELECT o_w_id, o_d_id, o_c_id, COUNT(*) AS order_count FROM chbenchmark.oorder GROUP BY o_w_id, o_d_id, o_c_id HAVING COUNT(*) >= 5 ) customer_orders ON customer_orders.o_w_id = c.c_w_id AND customer_orders.o_d_id = c.c_d_id AND customer_orders.o_c_id = c.c_id GROUP BY c.c_state ORDER BY repeat_customers DESC",440,1,0,1,True,True,False,2,2,7,4,1,0,0,0,0,8562.17,8562.18,4.0,43,252016.0,131.264,9,8,2,Sort,2,0,0,0,1,0,0,2,2,7730,0,1169,2289,240000.0,120000.0,39739392,8896512,2,3.3333333333333335e-05
train_ch_repeat_customers,"SELECT c.c_state, COUNT(*) AS repeat_customers, AVG(customer_orders.order_count) AS avg_orders FROM chbenchmark.customer c JOIN ( SELECT o_w_id, o_d_id, o_c_id, COUNT(*) AS order_count FROM chbenchmark.oorder GROUP BY o_w_id, o_d_id, o_c_id HAVING COUNT(*) >= 5 ) customer_orders ON customer_orders.o_w_id = c.c_w_id AND customer_orders.o_d_id = c.c_d_id AND customer_orders.o_c_id = c.c_id GROUP BY c.c_state ORDER BY repeat_customers DESC",440,1,0,1,True,True,False,2,2,7,4,1,0,0,0,0,8562.17,8562.18,4.0,43,252016.0,121.15,9,8,2,Sort,2,0,0,0,1,0,0,2,2,7730,0,1169,2289,240000.0,120000.0,39739392,8896512,2,3.3333333333333335e-05
train_ch_customer_order_totals,"SELECT c.c_id, c.c_first, c.c_last, COUNT(DISTINCT o.o_id) AS orders, SUM(ol.ol_amount) AS lifetime_value FROM chbenchmark.customer c JOIN chbenchmark.oorder o ON o.o_w_id = c.c_w_id AND o.o_d_id = c.c_d_id AND o.o_c_id = c.c_id JOIN chbenchmark.order_line ol ON ol.ol_w_id = o.o_w_id AND ol.ol_d_id = o.o_d_id AND ol.ol_o_id = o.o_id WHERE c.c_w_id = 1 GROUP BY c.c_id, c.c_first, c.c_last HAVING SUM(ol.ol_amount) > 1000 ORDER BY lifetime_value DESC LIMIT 200",461,2,1,0,True,True,False,3,3,5,3,2,0,0,0,0,40830.66,40831.16,200.0,63,349370.0,425.614,14,10,3,Limit,1,1,0,1,0,1,1,3,1,758147,0,0,0,840000.0,600000.0,124469248,29499392,3,0.0003333333333333333
train_ch_customer_order_totals,"SELECT c.c_id, c.c_first, c.c_last, COUNT(DISTINCT o.o_id) AS orders, SUM(ol.ol_amount) AS lifetime_value FROM chbenchmark.customer c JOIN chbenchmark.oorder o ON o.o_w_id = c.c_w_id AND o.o_d_id = c.c_d_id AND o.o_c_id = c.c_id JOIN chbenchmark.order_line ol ON ol.ol_w_id = o.o_w_id AND ol.ol_d_id = o.o_d_id AND ol.ol_o_id = o.o_id WHERE c.c_w_id = 1 GROUP BY c.c_id, c.c_first, c.c_last HAVING SUM(ol.ol_amount) > 1000 ORDER BY lifetime_value DESC LIMIT 200",461,2,1,0,True,True,False,3,3,5,3,2,0,0,0,0,40830.66,40831.16,200.0,63,349370.0,438.028,14,10,3,Limit,1,1,0,1,0,1,1,3,1,758147,0,0,0,840000.0,600000.0,124469248,29499392,3,0.0003333333333333333
train_ch_district_revenue,"SELECT o.o_d_id, COUNT(DISTINCT o.o_id) AS orders, SUM(ol.ol_quantity) AS units, SUM(ol.ol_amount) AS revenue FROM chbenchmark.oorder o JOIN chbenchmark.order_line ol ON ol.ol_w_id = o.o_w_id AND ol.ol_d_id = o.o_d_id AND ol.ol_o_id = o.o_id WHERE o.o_w_id = 3 AND o.o_entry_d >= DATE '2025-09-08' - INTERVAL '90 days' AND o.o_entry_d < DATE '2025-09-08' + INTERVAL '1 day' GROUP BY o.o_d_id ORDER BY revenue DESC",413,1,3,0,True,True,False,2,2,4,3,1,0,0,0,0,16412.58,16412.61,10.0,76,119904.0,93.49,9,8,2,Sort,1,0,0,1,1,0,0,2,1,70851,0,0,0,720000.0,600000.0,96862208,24797184,2,1.6666666666666667e-05
train_ch_district_revenue,"SELECT o.o_d_id, COUNT(DISTINCT o.o_id) AS orders, SUM(ol.ol_quantity) AS units, SUM(ol.ol_amount) AS revenue FROM chbenchmark.oorder o JOIN chbenchmark.order_line ol ON ol.ol_w_id = o.o_w_id AND ol.ol_d_id = o.o_d_id AND ol.ol_o_id = o.o_id WHERE o.o_w_id = 3 AND o.o_entry_d >= DATE '2025-09-08' - INTERVAL '90 days' AND o.o_entry_d < DATE '2025-09-08' + INTERVAL '1 day' GROUP BY o.o_d_id ORDER BY revenue DESC",413,1,3,0,True,True,False,2,2,4,3,1,0,0,0,0,16412.58,16412.61,10.0,76,119904.0,85.488,9,8,2,Sort,1,0,0,1,1,0,0,2,1,70851,0,0,0,720000.0,600000.0,96862208,24797184,2,1.6666666666666667e-05
train_ch_customer_balance_rank,"SELECT c_w_id, c_d_id, c_id, c_balance, DENSE_RANK() OVER (PARTITION BY c_w_id ORDER BY c_balance DESC) AS balance_rank, CUME_DIST() OVER (PARTITION BY c_w_id ORDER BY c_balance) AS balance_percentile FROM chbenchmark.customer WHERE c_state = 'NY' ORDER BY c_w_id, balance_rank LIMIT 500",287,0,1,0,False,True,False,1,1,6,2,0,0,0,0,0,6457.1,6515.89,500.0,34,104012.0,66.41,7,7,1,Limit,1,0,0,0,0,0,0,1,0,19544,0,0,0,120000.0,120000.0,27607040,4702208,1,0.004166666666666667
train_ch_customer_balance_rank,"SELECT c_w_id, c_d_id, c_id, c_balance, DENSE_RANK() OVER (PARTITION BY c_w_id ORDER BY c_balance DESC) AS balance_rank, CUME_DIST() OVER (PARTITION BY c_w_id ORDER BY c_balance) AS balance_percentile FROM chbenchmark.customer WHERE c_state = 'NY' ORDER BY c_w_id, balance_rank LIMIT 500",287,0,1,0,False,True,False,1,1,6,2,0,0,0,0,0,6457.1,6515.89,500.0,34,104012.0,63.78,7,7,1,Limit,1,0,0,0,0,0,0,1,0,19544,0,0,0,120000.0,120000.0,27607040,4702208,1,0.004166666666666667
train_ch_credit_risk,"SELECT c.c_w_id, c.c_d_id, c.c_id, c.c_balance, COUNT(no.no_o_id) AS pending_orders FROM chbenchmark.customer c LEFT JOIN chbenchmark.oorder o ON o.o_w_id = c.c_w_id AND o.o_d_id = c.c_d_id AND o.o_c_id = c.c_id LEFT JOIN chbenchmark.new_order no ON no.no_w_id = o.o_w_id AND no.no_d_id = o.o_d_id AND no.no_o_id = o.o_id WHERE c.c_credit = 'BC' AND c.c_state = 'NV' AND c.c_balance > 2500 GROUP BY c.c_w_id, c.c_d_id, c.c_id, c.c_balance ORDER BY pending_orders DESC, c.c_balance DESC LIMIT 250",495,2,3,0,True,True,False,3,3,5,1,0,2,0,0,0,8091.19,8091.69,203.0,26,121635.0,50.136,10,8,3,Limit,2,0,1,0,1,0,1,2,1,31323,174,0,0,276000.0,120000.0,42901504,10428416,3,0.0016916666666666666
train_ch_credit_risk,"SELECT c.c_w_id, c.c_d_id, c.c_id, c.c_balance, COUNT(no.no_o_id) AS pending_orders FROM chbenchmark.customer c LEFT JOIN chbenchmark.oorder o ON o.o_w_id = c.c_w_id AND o.o_d_id = c.c_d_id AND o.o_c_id = c.c_id LEFT JOIN chbenchmark.new_order no ON no.no_w_id = o.o_w_id AND no.no_d_id = o.o_d_id AND no.no_o_id = o.o_id WHERE c.c_credit = 'BC' AND c.c_state = 'NV' AND c.c_balance > 2500 GROUP BY c.c_w_id, c.c_d_id, c.c_id, c.c_balance ORDER BY pending_orders DESC, c.c_balance DESC LIMIT 250",495,2,3,0,True,True,False,3,3,5,1,0,2,0,0,0,8091.19,8091.69,203.0,26,121635.0,57.62,10,8,3,Limit,2,0,1,0,1,0,1,2,1,31497,0,0,0,276000.0,120000.0,42901504,10428416,3,0.0016916666666666666
train_ch_supplier_sales,"SELECT su.su_suppkey, su.su_name, COUNT(*) AS supplied_lines, SUM(ol.ol_amount) AS revenue, AVG(s.s_quantity) AS avg_stock FROM chbenchmark.supplier su JOIN chbenchmark.stock s ON MOD(s.s_w_id * s.s_i_id, 10000) = su.su_suppkey JOIN chbenchmark.order_line ol ON ol.ol_supply_w_id = s.s_w_id AND ol.ol_i_id = s.s_i_id WHERE su.su_nationkey = 13 GROUP BY su.su_suppkey, su.su_name ORDER BY revenue DESC LIMIT 200",410,2,1,0,True,True,False,3,3,5,3,2,0,0,0,0,15968.43,15968.93,200.0,91,339636.0,115.926,13,11,3,Limit,3,0,0,0,2,0,0,2,2,68337,11458,0,0,730000.0,600000.0,99057664,23552000,3,0.0003333333333333333
train_ch_supplier_sales,"SELECT su.su_suppkey, su.su_name, COUNT(*) AS supplied_lines, SUM(ol.ol_amount) AS revenue, AVG(s.s_quantity) AS avg_stock FROM chbenchmark.supplier su JOIN chbenchmark.stock s ON MOD(s.s_w_id * s.s_i_id, 10000) = su.su_suppkey JOIN chbenchmark.order_line ol ON ol.ol_supply_w_id = s.s_w_id AND ol.ol_i_id = s.s_i_id WHERE su.su_nationkey = 13 GROUP BY su.su_suppkey, su.su_name ORDER BY revenue DESC LIMIT 200",410,2,1,0,True,True,False,3,3,5,3,2,0,0,0,0,15968.43,15968.93,200.0,91,339636.0,136.185,13,11,3,Limit,3,0,0,0,2,0,0,2,2,73965,5830,0,0,730000.0,600000.0,99057664,23552000,3,0.0003333333333333333
train_ch_order_basket,"SELECT o.o_d_id, o.o_id, o.o_entry_d, COUNT(*) AS lines, SUM(ol.ol_quantity) AS units, SUM(ol.ol_amount) AS basket_value FROM chbenchmark.oorder o JOIN chbenchmark.order_line ol ON ol.ol_w_id = o.o_w_id AND ol.ol_d_id = o.o_d_id AND ol.ol_o_id = o.o_id WHERE o.o_w_id = 1 GROUP BY o.o_d_id, o.o_id, o.o_entry_d HAVING SUM(ol.ol_amount) >= 1000 ORDER BY basket_value DESC LIMIT 300",380,1,1,0,True,True,False,2,2,6,4,1,0,0,0,0,30478.99,30479.74,300.0,88,388030.0,273.574,11,10,2,Limit,1,0,0,1,1,0,0,2,2,92809,12,1632,1632,720000.0,600000.0,96862208,24797184,2,0.0005
train_ch_order_basket,"SELECT o.o_d_id, o.o_id, o.o_entry_d, COUNT(*) AS lines, SUM(ol.ol_quantity) AS units, SUM(ol.ol_amount) AS basket_value FROM chbenchmark.oorder o JOIN chbenchmark.order_line ol ON ol.ol_w_id = o.o_w_id AND ol.ol_d_id = o.o_d_id AND ol.ol_o_id = o.o_id WHERE o.o_w_id = 1 GROUP BY o.o_d_id, o.o_id, o.o_entry_d HAVING SUM(ol.ol_amount) >= 1000 ORDER BY basket_value DESC LIMIT 300",380,1,1,0,True,True,False,2,2,6,4,1,0,0,0,0,30478.99,30479.74,300.0,88,388030.0,251.914,11,10,2,Limit,1,0,0,1,1,0,0,2,2,92821,0,1632,1632,720000.0,600000.0,96862208,24797184,2,0.0005
train_ch_line_summary,"SELECT ol_number, SUM(ol_quantity) AS units, SUM(ol_amount) AS revenue, AVG(ol_amount) AS avg_amount, COUNT(*) AS line_count FROM chbenchmark.order_line WHERE ol_delivery_d >= DATE '2023-10-24' - INTERVAL '120 days' AND ol_delivery_d < DATE '2023-10-24' + INTERVAL '30 days' GROUP BY ol_number ORDER BY revenue DESC",315,0,2,0,True,True,False,1,1,5,4,0,0,0,0,0,12825.85,12825.86,5.0,108,25153.0,71.265,6,6,1,Sort,1,0,0,0,0,0,0,2,2,46994,0,0,0,600000.0,600000.0,84729856,20602880,1,8.333333333333334e-06
train_ch_line_summary,"SELECT ol_number, SUM(ol_quantity) AS units, SUM(ol_amount) AS revenue, AVG(ol_amount) AS avg_amount, COUNT(*) AS line_count FROM chbenchmark.order_line WHERE ol_delivery_d >= DATE '2023-10-24' - INTERVAL '120 days' AND ol_delivery_d < DATE '2023-10-24' + INTERVAL '30 days' GROUP BY ol_number ORDER BY revenue DESC",315,0,2,0,True,True,False,1,1,5,4,0,0,0,0,0,12825.85,12825.86,5.0,108,25153.0,68.468,6,6,1,Sort,1,0,0,0,0,0,0,2,2,46994,0,0,0,600000.0,600000.0,84729856,20602880,1,8.333333333333334e-06
train_ch_remote_supply,"SELECT ol.ol_supply_w_id, COUNT(*) AS remote_lines, SUM(ol.ol_quantity) AS units, SUM(ol.ol_amount) AS revenue FROM chbenchmark.order_line ol WHERE ol.ol_w_id = 1 AND ol.ol_supply_w_id <> ol.ol_w_id GROUP BY ol.ol_supply_w_id ORDER BY revenue DESC",247,0,2,0,True,True,False,1,1,4,3,0,0,0,0,0,13192.67,13192.68,4.0,76,61863.0,62.833,6,6,1,Sort,1,0,0,0,0,0,0,2,2,46994,0,0,0,600000.0,600000.0,84729856,20602880,1,6.666666666666667e-06
train_ch_remote_supply,"SELECT ol.ol_supply_w_id, COUNT(*) AS remote_lines, SUM(ol.ol_quantity) AS units, SUM(ol.ol_amount) AS revenue FROM chbenchmark.order_line ol WHERE ol.ol_w_id = 1 AND ol.ol_supply_w_id <> ol.ol_w_id GROUP BY ol.ol_supply_w_id ORDER BY revenue DESC",247,0,2,0,True,True,False,1,1,4,3,0,0,0,0,0,13192.67,13192.68,4.0,76,61863.0,65.612,6,6,1,Sort,1,0,0,0,0,0,0,2,2,46994,0,0,0,600000.0,600000.0,84729856,20602880,1,6.666666666666667e-06
train_ch_delivery_delay,"SELECT o.o_d_id, o.o_id, o.o_entry_d, MAX(ol.ol_delivery_d) AS completed_at, MAX(ol.ol_delivery_d) - o.o_entry_d AS elapsed FROM chbenchmark.oorder o JOIN chbenchmark.order_line ol ON ol.ol_w_id = o.o_w_id AND ol.ol_d_id = o.o_d_id AND ol.ol_o_id = o.o_id WHERE o.o_w_id = 2 AND ol.ol_delivery_d IS NOT NULL GROUP BY o.o_d_id, o.o_id, o.o_entry_d HAVING MAX(ol.ol_delivery_d) - o.o_entry_d > INTERVAL '48 hours' ORDER BY elapsed DESC LIMIT 250",443,1,2,0,True,True,False,2,2,5,3,1,0,0,0,0,18538.83,18539.45,250.0,40,475598.0,165.309,9,7,2,Limit,0,0,0,2,1,0,0,1,1,48502,798,0,0,720000.0,600000.0,96862208,24797184,2,0.0004166666666666667
train_ch_delivery_delay,"SELECT o.o_d_id, o.o_id, o.o_entry_d, MAX(ol.ol_delivery_d) AS completed_at, MAX(ol.ol_delivery_d) - o.o_entry_d AS elapsed FROM chbenchmark.oorder o JOIN chbenchmark.order_line ol ON ol.ol_w_id = o.o_w_id AND ol.ol_d_id = o.o_d_id AND ol.ol_o_id = o.o_id WHERE o.o_w_id = 2 AND ol.ol_delivery_d IS NOT NULL GROUP BY o.o_d_id, o.o_id, o.o_entry_d HAVING MAX(ol.ol_delivery_d) - o.o_entry_d > INTERVAL '48 hours' ORDER BY elapsed DESC LIMIT 250",443,1,2,0,True,True,False,2,2,5,3,1,0,0,0,0,18538.83,18539.45,250.0,40,475598.0,142.863,9,7,2,Limit,0,0,0,2,1,0,0,1,1,49300,0,0,0,720000.0,600000.0,96862208,24797184,2,0.0004166666666666667
train_ch_promotional_items,"SELECT i.i_id, i.i_name, SUM(ol.ol_quantity) AS units, SUM(ol.ol_amount) AS revenue FROM chbenchmark.item i JOIN chbenchmark.order_line ol ON ol.ol_i_id = i.i_id JOIN chbenchmark.oorder o ON o.o_w_id = ol.ol_w_id AND o.o_d_id = ol.ol_d_id AND o.o_id = ol.ol_o_id WHERE i.i_data ILIKE '%PROMO%' AND o.o_entry_d >= DATE '2025-02-02' - INTERVAL '365 days' GROUP BY i.i_id, i.i_name ORDER BY revenue DESC LIMIT 100",410,2,2,0,True,True,False,3,3,4,2,2,0,0,0,0,13986.17,13986.42,100.0,80,257790.0,144.848,12,10,3,Limit,2,1,0,0,1,0,1,2,2,268943,1024,0,0,750000.0,600000.0,100122624,25485312,3,0.00016666666666666666
train_ch_promotional_items,"SELECT i.i_id, i.i_name, SUM(ol.ol_quantity) AS units, SUM(ol.ol_amount) AS revenue FROM chbenchmark.item i JOIN chbenchmark.order_line ol ON ol.ol_i_id = i.i_id JOIN chbenchmark.oorder o ON o.o_w_id = ol.ol_w_id AND o.o_d_id = ol.ol_d_id AND o.o_id = ol.ol_o_id WHERE i.i_data ILIKE '%PROMO%' AND o.o_entry_d >= DATE '2025-02-02' - INTERVAL '365 days' GROUP BY i.i_id, i.i_name ORDER BY revenue DESC LIMIT 100",410,2,2,0,True,True,False,3,3,4,2,2,0,0,0,0,13986.17,13986.42,100.0,80,257790.0,124.236,12,10,3,Limit,2,1,0,0,1,0,1,2,2,269967,0,0,0,750000.0,600000.0,100122624,25485312,3,0.00016666666666666666
train_ch_payment_activity,"SELECT h.h_w_id, h.h_d_id, COUNT(*) AS payments, SUM(h.h_amount) AS amount, COUNT(DISTINCT h.h_c_id) AS customers FROM chbenchmark.history h WHERE h.h_date >= DATE '2025-09-21' - INTERVAL '180 days' AND h.h_amount >= 50 GROUP BY h.h_w_id, h.h_d_id ORDER BY amount DESC",268,0,2,0,True,True,False,1,1,5,3,0,0,0,0,0,4858.51,4858.61,40.0,56,37042.0,47.588,4,4,1,Sort,1,0,0,0,0,0,0,2,1,0,5880,0,0,120000.0,120000.0,16670720,4595712,1,0.0003333333333333333
train_ch_payment_activity,"SELECT h.h_w_id, h.h_d_id, COUNT(*) AS payments, SUM(h.h_amount) AS amount, COUNT(DISTINCT h.h_c_id) AS customers FROM chbenchmark.history h WHERE h.h_date >= DATE '2025-09-21' - INTERVAL '180 days' AND h.h_amount >= 50 GROUP BY h.h_w_id, h.h_d_id ORDER BY amount DESC",268,0,2,0,True,True,False,1,1,5,3,0,0,0,0,0,4858.51,4858.61,40.0,56,37042.0,43.396,4,4,1,Sort,1,0,0,0,0,0,0,2,1,5880,0,0,0,120000.0,120000.0,16670720,4595712,1,0.0003333333333333333
train_ch_item_price_band,"SELECT width_bucket(i_price, 100, 300, 8) AS price_band, COUNT(*) AS items, AVG(i_price) AS avg_price, COUNT(*) FILTER (WHERE i_data ILIKE '%PROMO%') AS promotional FROM chbenchmark.item WHERE i_price BETWEEN 100 AND 300 GROUP BY price_band ORDER BY price_band",260,0,2,0,True,True,False,1,1,4,3,0,0,0,0,0,1610.41,1973.26,12095.0,52,36285.0,25.961,3,3,1,Aggregate,1,0,0,0,0,0,0,1,1,930,0,0,0,30000.0,30000.0,3260416,688128,1,0.4031666666666667
train_ch_item_price_band,"SELECT width_bucket(i_price, 100, 300, 8) AS price_band, COUNT(*) AS items, AVG(i_price) AS avg_price, COUNT(*) FILTER (WHERE i_data ILIKE '%PROMO%') AS promotional FROM chbenchmark.item WHERE i_price BETWEEN 100 AND 300 GROUP BY price_band ORDER BY price_band",260,0,2,0,True,True,False,1,1,4,3,0,0,0,0,0,1610.41,1973.26,12095.0,52,36285.0,27.001,3,3,1,Aggregate,1,0,0,0,0,0,0,1,1,930,0,0,0,30000.0,30000.0,3260416,688128,1,0.4031666666666667
train_ch_district_daily_sales,"WITH daily AS ( SELECT o.o_entry_d::date AS day, o.o_d_id, SUM(ol.ol_amount) AS revenue FROM chbenchmark.oorder o JOIN chbenchmark.order_line ol ON ol.ol_w_id = o.o_w_id AND ol.ol_d_id = o.o_d_id AND ol.ol_o_id = o.o_id WHERE o.o_w_id = 4 GROUP BY o.o_entry_d::date, o.o_d_id ) SELECT day, o_d_id, revenue, AVG(revenue) OVER (PARTITION BY o_d_id ORDER BY day ROWS BETWEEN 29 PRECEDING AND CURRENT ROW) AS rolling_revenue FROM daily ORDER BY o_d_id, day",452,1,1,1,True,True,False,2,2,7,2,1,0,0,0,0,20795.95,21396.25,30016.0,72,624816.0,195.255,9,7,2,WindowAgg,0,0,0,2,1,0,0,1,1,49024,822,0,0,720000.0,600000.0,96862208,24797184,2,0.050026666666666664
train_ch_district_daily_sales,"WITH daily AS ( SELECT o.o_entry_d::date AS day, o.o_d_id, SUM(ol.ol_amount) AS revenue FROM chbenchmark.oorder o JOIN chbenchmark.order_line ol ON ol.ol_w_id = o.o_w_id AND ol.ol_d_id = o.o_d_id AND ol.ol_o_id = o.o_id WHERE o.o_w_id = 4 GROUP BY o.o_entry_d::date, o.o_d_id ) SELECT day, o_d_id, revenue, AVG(revenue) OVER (PARTITION BY o_d_id ORDER BY day ROWS BETWEEN 29 PRECEDING AND CURRENT ROW) AS rolling_revenue FROM daily ORDER BY o_d_id, day",452,1,1,1,True,True,False,2,2,7,2,1,0,0,0,0,20795.95,21396.25,30016.0,72,624816.0,212.294,9,7,2,WindowAgg,0,0,0,2,1,0,0,1,1,49846,0,0,0,720000.0,600000.0,96862208,24797184,2,0.050026666666666664
train_ch_regional_low_stock,"SELECT r.r_name, n.n_name, su.su_name, i.i_id, i.i_name, MIN(s.s_quantity) AS minimum_quantity FROM chbenchmark.stock s JOIN chbenchmark.item i ON i.i_id = s.s_i_id JOIN chbenchmark.supplier su ON su.su_suppkey = MOD(s.s_w_id * s.s_i_id, 10000) JOIN chbenchmark.nation n ON n.n_nationkey = su.su_nationkey JOIN chbenchmark.region r ON r.r_regionkey = n.n_regionkey WHERE r.r_name = 'ASIA' AND s.s_quantity < 25 GROUP BY r.r_name, n.n_name, su.su_name, i.i_id, i.i_name ORDER BY minimum_quantity, i.i_id LIMIT 250",512,4,2,0,True,True,False,5,5,6,1,4,0,0,0,0,4019.83,4020.46,250.0,52,62279.0,30.375,16,12,5,Limit,5,0,0,0,4,0,0,1,1,4302,7224,0,0,160030.0,120000.0,17670144,3702784,7,0.0020833333333333333
train_ch_regional_low_stock,"SELECT r.r_name, n.n_name, su.su_name, i.i_id, i.i_name, MIN(s.s_quantity) AS minimum_quantity FROM chbenchmark.stock s JOIN chbenchmark.item i ON i.i_id = s.s_i_id JOIN chbenchmark.supplier su ON su.su_suppkey = MOD(s.s_w_id * s.s_i_id, 10000) JOIN chbenchmark.nation n ON n.n_nationkey = su.su_nationkey JOIN chbenchmark.region r ON r.r_regionkey = n.n_regionkey WHERE r.r_name = 'ASIA' AND s.s_quantity < 25 GROUP BY r.r_name, n.n_name, su.su_name, i.i_id, i.i_name ORDER BY minimum_quantity, i.i_id LIMIT 250",512,4,2,0,True,True,False,5,5,6,1,4,0,0,0,0,4019.83,4020.46,250.0,52,62279.0,27.357,16,12,5,Limit,5,0,0,0,4,0,0,1,1,11526,0,0,0,160030.0,120000.0,17670144,3702784,7,0.0020833333333333333
train_ch_promotional_items,"SELECT i.i_id, i.i_name, SUM(ol.ol_quantity) AS units, SUM(ol.ol_amount) AS revenue FROM chbenchmark.item i JOIN chbenchmark.order_line ol ON ol.ol_i_id = i.i_id JOIN chbenchmark.oorder o ON o.o_w_id = ol.ol_w_id AND o.o_d_id = ol.ol_d_id AND o.o_id = ol.ol_o_id WHERE i.i_data ILIKE '%PROMO%' AND o.o_entry_d >= DATE '2025-10-19' - INTERVAL '365 days' GROUP BY i.i_id, i.i_name ORDER BY revenue DESC LIMIT 100",410,2,2,0,True,True,False,3,3,4,2,2,0,0,0,0,13946.39,13946.64,100.0,80,256632.0,121.115,12,10,3,Limit,2,1,0,0,1,0,1,2,2,269967,0,0,0,750000.0,600000.0,100122624,25485312,3,0.00016666666666666666
train_ch_promotional_items,"SELECT i.i_id, i.i_name, SUM(ol.ol_quantity) AS units, SUM(ol.ol_amount) AS revenue FROM chbenchmark.item i JOIN chbenchmark.order_line ol ON ol.ol_i_id = i.i_id JOIN chbenchmark.oorder o ON o.o_w_id = ol.ol_w_id AND o.o_d_id = ol.ol_d_id AND o.o_id = ol.ol_o_id WHERE i.i_data ILIKE '%PROMO%' AND o.o_entry_d >= DATE '2025-10-19' - INTERVAL '365 days' GROUP BY i.i_id, i.i_name ORDER BY revenue DESC LIMIT 100",410,2,2,0,True,True,False,3,3,4,2,2,0,0,0,0,13946.39,13946.64,100.0,80,256632.0,131.961,12,10,3,Limit,2,1,0,0,1,0,1,2,2,269967,0,0,0,750000.0,600000.0,100122624,25485312,3,0.00016666666666666666
train_ch_district_daily_sales,"WITH daily AS ( SELECT o.o_entry_d::date AS day, o.o_d_id, SUM(ol.ol_amount) AS revenue FROM chbenchmark.oorder o JOIN chbenchmark.order_line ol ON ol.ol_w_id = o.o_w_id AND ol.ol_d_id = o.o_d_id AND ol.ol_o_id = o.o_id WHERE o.o_w_id = 4 GROUP BY o.o_entry_d::date, o.o_d_id ) SELECT day, o_d_id, revenue, AVG(revenue) OVER (PARTITION BY o_d_id ORDER BY day ROWS BETWEEN 29 PRECEDING AND CURRENT ROW) AS rolling_revenue FROM daily ORDER BY o_d_id, day",452,1,1,1,True,True,False,2,2,7,2,1,0,0,0,0,20795.95,21396.25,30016.0,72,624816.0,197.896,9,7,2,WindowAgg,0,0,0,2,1,0,0,1,1,49846,0,0,0,720000.0,600000.0,96862208,24797184,2,0.050026666666666664
train_ch_district_daily_sales,"WITH daily AS ( SELECT o.o_entry_d::date AS day, o.o_d_id, SUM(ol.ol_amount) AS revenue FROM chbenchmark.oorder o JOIN chbenchmark.order_line ol ON ol.ol_w_id = o.o_w_id AND ol.ol_d_id = o.o_d_id AND ol.ol_o_id = o.o_id WHERE o.o_w_id = 4 GROUP BY o.o_entry_d::date, o.o_d_id ) SELECT day, o_d_id, revenue, AVG(revenue) OVER (PARTITION BY o_d_id ORDER BY day ROWS BETWEEN 29 PRECEDING AND CURRENT ROW) AS rolling_revenue FROM daily ORDER BY o_d_id, day",452,1,1,1,True,True,False,2,2,7,2,1,0,0,0,0,20795.95,21396.25,30016.0,72,624816.0,191.917,9,7,2,WindowAgg,0,0,0,2,1,0,0,1,1,49846,0,0,0,720000.0,600000.0,96862208,24797184,2,0.050026666666666664
train_ch_remote_supply,"SELECT ol.ol_supply_w_id, COUNT(*) AS remote_lines, SUM(ol.ol_quantity) AS units, SUM(ol.ol_amount) AS revenue FROM chbenchmark.order_line ol WHERE ol.ol_w_id = 1 AND ol.ol_supply_w_id <> ol.ol_w_id GROUP BY ol.ol_supply_w_id ORDER BY revenue DESC",247,0,2,0,True,True,False,1,1,4,3,0,0,0,0,0,13192.67,13192.68,4.0,76,61863.0,63.153,6,6,1,Sort,1,0,0,0,0,0,0,2,2,46994,0,0,0,600000.0,600000.0,84729856,20602880,1,6.666666666666667e-06
train_ch_remote_supply,"SELECT ol.ol_supply_w_id, COUNT(*) AS remote_lines, SUM(ol.ol_quantity) AS units, SUM(ol.ol_amount) AS revenue FROM chbenchmark.order_line ol WHERE ol.ol_w_id = 1 AND ol.ol_supply_w_id <> ol.ol_w_id GROUP BY ol.ol_supply_w_id ORDER BY revenue DESC",247,0,2,0,True,True,False,1,1,4,3,0,0,0,0,0,13192.67,13192.68,4.0,76,61863.0,71.825,6,6,1,Sort,1,0,0,0,0,0,0,2,2,46994,0,0,0,600000.0,600000.0,84729856,20602880,1,6.666666666666667e-06
train_ch_customer_order_totals,"SELECT c.c_id, c.c_first, c.c_last, COUNT(DISTINCT o.o_id) AS orders, SUM(ol.ol_amount) AS lifetime_value FROM chbenchmark.customer c JOIN chbenchmark.oorder o ON o.o_w_id = c.c_w_id AND o.o_d_id = c.c_d_id AND o.o_c_id = c.c_id JOIN chbenchmark.order_line ol ON ol.ol_w_id = o.o_w_id AND ol.ol_d_id = o.o_d_id AND ol.ol_o_id = o.o_id WHERE c.c_w_id = 1 GROUP BY c.c_id, c.c_first, c.c_last HAVING SUM(ol.ol_amount) > 5000 ORDER BY lifetime_value DESC LIMIT 200",461,2,1,0,True,True,False,3,3,5,3,2,0,0,0,0,40830.66,40831.16,200.0,63,349370.0,480.509,14,10,3,Limit,1,1,0,1,0,1,1,3,1,739481,28641,0,0,840000.0,600000.0,124469248,29499392,3,0.0003333333333333333
train_ch_customer_order_totals,"SELECT c.c_id, c.c_first, c.c_last, COUNT(DISTINCT o.o_id) AS orders, SUM(ol.ol_amount) AS lifetime_value FROM chbenchmark.customer c JOIN chbenchmark.oorder o ON o.o_w_id = c.c_w_id AND o.o_d_id = c.c_d_id AND o.o_c_id = c.c_id JOIN chbenchmark.order_line ol ON ol.ol_w_id = o.o_w_id AND ol.ol_d_id = o.o_d_id AND ol.ol_o_id = o.o_id WHERE c.c_w_id = 1 GROUP BY c.c_id, c.c_first, c.c_last HAVING SUM(ol.ol_amount) > 5000 ORDER BY lifetime_value DESC LIMIT 200",461,2,1,0,True,True,False,3,3,5,3,2,0,0,0,0,40830.66,40831.16,200.0,63,349370.0,436.04,14,10,3,Limit,1,1,0,1,0,1,1,3,1,736223,21924,0,0,840000.0,600000.0,124469248,29499392,3,0.0003333333333333333
train_ch_item_price_band,"SELECT width_bucket(i_price, 50, 100, 8) AS price_band, COUNT(*) AS items, AVG(i_price) AS avg_price, COUNT(*) FILTER (WHERE i_data ILIKE '%PROMO%') AS promotional FROM chbenchmark.item WHERE i_price BETWEEN 50 AND 100 GROUP BY price_band ORDER BY price_band",258,0,2,0,True,True,False,1,1,4,3,0,0,0,0,0,942.31,1033.0,3023.0,52,9069.0,10.813,3,3,1,Aggregate,1,0,0,0,0,0,0,1,1,930,0,0,0,30000.0,30000.0,3260416,688128,1,0.10076666666666667
train_ch_item_price_band,"SELECT width_bucket(i_price, 50, 100, 8) AS price_band, COUNT(*) AS items, AVG(i_price) AS avg_price, COUNT(*) FILTER (WHERE i_data ILIKE '%PROMO%') AS promotional FROM chbenchmark.item WHERE i_price BETWEEN 50 AND 100 GROUP BY price_band ORDER BY price_band",258,0,2,0,True,True,False,1,1,4,3,0,0,0,0,0,942.31,1033.0,3023.0,52,9069.0,11.798,3,3,1,Aggregate,1,0,0,0,0,0,0,1,1,930,0,0,0,30000.0,30000.0,3260416,688128,1,0.10076666666666667
train_ch_repeat_customers,"SELECT c.c_state, COUNT(*) AS repeat_customers, AVG(customer_orders.order_count) AS avg_orders FROM chbenchmark.customer c JOIN ( SELECT o_w_id, o_d_id, o_c_id, COUNT(*) AS order_count FROM chbenchmark.oorder GROUP BY o_w_id, o_d_id, o_c_id HAVING COUNT(*) >= 5 ) customer_orders ON customer_orders.o_w_id = c.c_w_id AND customer_orders.o_d_id = c.c_d_id AND customer_orders.o_c_id = c.c_id GROUP BY c.c_state ORDER BY repeat_customers DESC",440,1,0,1,True,True,False,2,2,7,4,1,0,0,0,0,8562.17,8562.18,4.0,43,252016.0,131.863,9,8,2,Sort,2,0,0,0,1,0,0,2,2,7730,0,1169,2289,240000.0,120000.0,39739392,8896512,2,3.3333333333333335e-05
train_ch_repeat_customers,"SELECT c.c_state, COUNT(*) AS repeat_customers, AVG(customer_orders.order_count) AS avg_orders FROM chbenchmark.customer c JOIN ( SELECT o_w_id, o_d_id, o_c_id, COUNT(*) AS order_count FROM chbenchmark.oorder GROUP BY o_w_id, o_d_id, o_c_id HAVING COUNT(*) >= 5 ) customer_orders ON customer_orders.o_w_id = c.c_w_id AND customer_orders.o_d_id = c.c_d_id AND customer_orders.o_c_id = c.c_id GROUP BY c.c_state ORDER BY repeat_customers DESC",440,1,0,1,True,True,False,2,2,7,4,1,0,0,0,0,8562.17,8562.18,4.0,43,252016.0,118.732,9,8,2,Sort,2,0,0,0,1,0,0,2,2,7730,0,1169,2289,240000.0,120000.0,39739392,8896512,2,3.3333333333333335e-05
train_ch_payment_activity,"SELECT h.h_w_id, h.h_d_id, COUNT(*) AS payments, SUM(h.h_amount) AS amount, COUNT(DISTINCT h.h_c_id) AS customers FROM chbenchmark.history h WHERE h.h_date >= DATE '2024-01-15' - INTERVAL '180 days' AND h.h_amount >= 50 GROUP BY h.h_w_id, h.h_d_id ORDER BY amount DESC",268,0,2,0,True,True,False,1,1,5,3,0,0,0,0,0,11020.34,11020.44,40.0,56,160730.0,161.315,4,4,1,Sort,1,0,0,0,0,0,0,2,1,0,5880,933,936,120000.0,120000.0,16670720,4595712,1,0.0003333333333333333
train_ch_payment_activity,"SELECT h.h_w_id, h.h_d_id, COUNT(*) AS payments, SUM(h.h_amount) AS amount, COUNT(DISTINCT h.h_c_id) AS customers FROM chbenchmark.history h WHERE h.h_date >= DATE '2024-01-15' - INTERVAL '180 days' AND h.h_amount >= 50 GROUP BY h.h_w_id, h.h_d_id ORDER BY amount DESC",268,0,2,0,True,True,False,1,1,5,3,0,0,0,0,0,11020.34,11020.44,40.0,56,160730.0,307.81,4,4,1,Sort,1,0,0,0,0,0,0,2,1,5880,0,933,936,120000.0,120000.0,16670720,4595712,1,0.0003333333333333333
train_ch_delivery_delay,"SELECT o.o_d_id, o.o_id, o.o_entry_d, MAX(ol.ol_delivery_d) AS completed_at, MAX(ol.ol_delivery_d) - o.o_entry_d AS elapsed FROM chbenchmark.oorder o JOIN chbenchmark.order_line ol ON ol.ol_w_id = o.o_w_id AND ol.ol_d_id = o.o_d_id AND ol.ol_o_id = o.o_id WHERE o.o_w_id = 1 AND ol.ol_delivery_d IS NOT NULL GROUP BY o.o_d_id, o.o_id, o.o_entry_d HAVING MAX(ol.ol_delivery_d) - o.o_entry_d > INTERVAL '72 hours' ORDER BY elapsed DESC LIMIT 250",443,1,2,0,True,True,False,2,2,5,3,1,0,0,0,0,18400.23,18400.85,250.0,40,468460.0,144.522,9,7,2,Limit,0,0,0,2,1,0,0,1,1,49293,0,0,0,720000.0,600000.0,96862208,24797184,2,0.0004166666666666667
train_ch_delivery_delay,"SELECT o.o_d_id, o.o_id, o.o_entry_d, MAX(ol.ol_delivery_d) AS completed_at, MAX(ol.ol_delivery_d) - o.o_entry_d AS elapsed FROM chbenchmark.oorder o JOIN chbenchmark.order_line ol ON ol.ol_w_id = o.o_w_id AND ol.ol_d_id = o.o_d_id AND ol.ol_o_id = o.o_id WHERE o.o_w_id = 1 AND ol.ol_delivery_d IS NOT NULL GROUP BY o.o_d_id, o.o_id, o.o_entry_d HAVING MAX(ol.ol_delivery_d) - o.o_entry_d > INTERVAL '72 hours' ORDER BY elapsed DESC LIMIT 250",443,1,2,0,True,True,False,2,2,5,3,1,0,0,0,0,18400.23,18400.85,250.0,40,468460.0,196.092,9,7,2,Limit,0,0,0,2,1,0,0,1,1,49293,0,0,0,720000.0,600000.0,96862208,24797184,2,0.0004166666666666667
train_ch_regional_low_stock,"SELECT r.r_name, n.n_name, su.su_name, i.i_id, i.i_name, MIN(s.s_quantity) AS minimum_quantity FROM chbenchmark.stock s JOIN chbenchmark.item i ON i.i_id = s.s_i_id JOIN chbenchmark.supplier su ON su.su_suppkey = MOD(s.s_w_id * s.s_i_id, 10000) JOIN chbenchmark.nation n ON n.n_nationkey = su.su_nationkey JOIN chbenchmark.region r ON r.r_regionkey = n.n_regionkey WHERE r.r_name = 'AFRICA' AND s.s_quantity < 60 GROUP BY r.r_name, n.n_name, su.su_name, i.i_id, i.i_name ORDER BY minimum_quantity, i.i_id LIMIT 250",514,4,2,0,True,True,False,5,5,6,1,4,0,0,0,0,4583.52,4584.14,250.0,52,106118.0,79.571,16,12,5,Limit,5,0,0,0,4,0,0,1,1,2860,8666,0,0,160030.0,120000.0,17670144,3702784,7,0.0020833333333333333
train_ch_regional_low_stock,"SELECT r.r_name, n.n_name, su.su_name, i.i_id, i.i_name, MIN(s.s_quantity) AS minimum_quantity FROM chbenchmark.stock s JOIN chbenchmark.item i ON i.i_id = s.s_i_id JOIN chbenchmark.supplier su ON su.su_suppkey = MOD(s.s_w_id * s.s_i_id, 10000) JOIN chbenchmark.nation n ON n.n_nationkey = su.su_nationkey JOIN chbenchmark.region r ON r.r_regionkey = n.n_regionkey WHERE r.r_name = 'AFRICA' AND s.s_quantity < 60 GROUP BY r.r_name, n.n_name, su.su_name, i.i_id, i.i_name ORDER BY minimum_quantity, i.i_id LIMIT 250",514,4,2,0,True,True,False,5,5,6,1,4,0,0,0,0,4583.52,4584.14,250.0,52,106118.0,42.946,16,12,5,Limit,5,0,0,0,4,0,0,1,1,11526,0,0,0,160030.0,120000.0,17670144,3702784,7,0.0020833333333333333
train_ch_customer_balance_rank,"SELECT c_w_id, c_d_id, c_id, c_balance, DENSE_RANK() OVER (PARTITION BY c_w_id ORDER BY c_balance DESC) AS balance_rank, CUME_DIST() OVER (PARTITION BY c_w_id ORDER BY c_balance) AS balance_percentile FROM chbenchmark.customer WHERE c_state = 'FL' ORDER BY c_w_id, balance_rank LIMIT 500",287,0,1,0,False,True,False,1,1,6,2,0,0,0,0,0,6428.85,6487.62,500.0,34,102764.0,68.265,7,7,1,Limit,1,0,0,0,0,0,0,1,0,18914,630,0,0,120000.0,120000.0,27607040,4702208,1,0.004166666666666667
train_ch_customer_balance_rank,"SELECT c_w_id, c_d_id, c_id, c_balance, DENSE_RANK() OVER (PARTITION BY c_w_id ORDER BY c_balance DESC) AS balance_rank, CUME_DIST() OVER (PARTITION BY c_w_id ORDER BY c_balance) AS balance_percentile FROM chbenchmark.customer WHERE c_state = 'FL' ORDER BY c_w_id, balance_rank LIMIT 500",287,0,1,0,False,True,False,1,1,6,2,0,0,0,0,0,6428.85,6487.62,500.0,34,102764.0,71.166,7,7,1,Limit,1,0,0,0,0,0,0,1,0,19544,0,0,0,120000.0,120000.0,27607040,4702208,1,0.004166666666666667
train_ch_line_summary,"SELECT ol_number, SUM(ol_quantity) AS units, SUM(ol_amount) AS revenue, AVG(ol_amount) AS avg_amount, COUNT(*) AS line_count FROM chbenchmark.order_line WHERE ol_delivery_d >= DATE '2023-07-10' - INTERVAL '120 days' AND ol_delivery_d < DATE '2023-07-10' + INTERVAL '30 days' GROUP BY ol_number ORDER BY revenue DESC",315,0,2,0,True,True,False,1,1,5,4,0,0,0,0,0,12823.82,12823.83,5.0,108,24950.0,68.501,6,6,1,Sort,1,0,0,0,0,0,0,2,2,46994,0,0,0,600000.0,600000.0,84729856,20602880,1,8.333333333333334e-06
train_ch_line_summary,"SELECT ol_number, SUM(ol_quantity) AS units, SUM(ol_amount) AS revenue, AVG(ol_amount) AS avg_amount, COUNT(*) AS line_count FROM chbenchmark.order_line WHERE ol_delivery_d >= DATE '2023-07-10' - INTERVAL '120 days' AND ol_delivery_d < DATE '2023-07-10' + INTERVAL '30 days' GROUP BY ol_number ORDER BY revenue DESC",315,0,2,0,True,True,False,1,1,5,4,0,0,0,0,0,12823.82,12823.83,5.0,108,24950.0,74.47,6,6,1,Sort,1,0,0,0,0,0,0,2,2,46994,0,0,0,600000.0,600000.0,84729856,20602880,1,8.333333333333334e-06
train_ch_backlog,"SELECT no.no_d_id, COUNT(*) AS pending_orders, MIN(o.o_entry_d) AS oldest_order, SUM(ol.ol_amount) AS pending_value FROM chbenchmark.new_order no JOIN chbenchmark.oorder o ON o.o_w_id = no.no_w_id AND o.o_d_id = no.no_d_id AND o.o_id = no.no_o_id JOIN chbenchmark.order_line ol ON ol.ol_w_id = o.o_w_id AND ol.ol_d_id = o.o_d_id AND ol.ol_o_id = o.o_id WHERE no.no_w_id = 2 GROUP BY no.no_d_id ORDER BY oldest_order",415,2,1,0,True,True,False,3,3,4,3,2,0,0,0,0,15588.39,15588.42,10.0,52,209504.0,124.241,13,9,3,Sort,1,0,1,1,2,0,0,2,2,90216,441,0,0,756000.0,600000.0,100024320,26329088,3,1.6666666666666667e-05
train_ch_backlog,"SELECT no.no_d_id, COUNT(*) AS pending_orders, MIN(o.o_entry_d) AS oldest_order, SUM(ol.ol_amount) AS pending_value FROM chbenchmark.new_order no JOIN chbenchmark.oorder o ON o.o_w_id = no.no_w_id AND o.o_d_id = no.no_d_id AND o.o_id = no.no_o_id JOIN chbenchmark.order_line ol ON ol.ol_w_id = o.o_w_id AND ol.ol_d_id = o.o_d_id AND ol.ol_o_id = o.o_id WHERE no.no_w_id = 2 GROUP BY no.no_d_id ORDER BY oldest_order",415,2,1,0,True,True,False,3,3,4,3,2,0,0,0,0,15588.39,15588.42,10.0,52,209504.0,133.952,13,9,3,Sort,1,0,1,1,2,0,0,2,2,90657,0,0,0,756000.0,600000.0,100024320,26329088,3,1.6666666666666667e-05
train_ch_district_revenue,"SELECT o.o_d_id, COUNT(DISTINCT o.o_id) AS orders, SUM(ol.ol_quantity) AS units, SUM(ol.ol_amount) AS revenue FROM chbenchmark.oorder o JOIN chbenchmark.order_line ol ON ol.ol_w_id = o.o_w_id AND ol.ol_d_id = o.o_d_id AND ol.ol_o_id = o.o_id WHERE o.o_w_id = 4 AND o.o_entry_d >= DATE '2025-08-31' - INTERVAL '90 days' AND o.o_entry_d < DATE '2025-08-31' + INTERVAL '1 day' GROUP BY o.o_d_id ORDER BY revenue DESC",413,1,3,0,True,True,False,2,2,4,3,1,0,0,0,0,16417.23,16417.26,10.0,76,119383.0,127.597,9,8,2,Sort,1,0,0,1,1,0,0,2,1,70851,0,0,0,720000.0,600000.0,96862208,24797184,2,1.6666666666666667e-05
train_ch_district_revenue,"SELECT o.o_d_id, COUNT(DISTINCT o.o_id) AS orders, SUM(ol.ol_quantity) AS units, SUM(ol.ol_amount) AS revenue FROM chbenchmark.oorder o JOIN chbenchmark.order_line ol ON ol.ol_w_id = o.o_w_id AND ol.ol_d_id = o.o_d_id AND ol.ol_o_id = o.o_id WHERE o.o_w_id = 4 AND o.o_entry_d >= DATE '2025-08-31' - INTERVAL '90 days' AND o.o_entry_d < DATE '2025-08-31' + INTERVAL '1 day' GROUP BY o.o_d_id ORDER BY revenue DESC",413,1,3,0,True,True,False,2,2,4,3,1,0,0,0,0,16417.23,16417.26,10.0,76,119383.0,96.887,9,8,2,Sort,1,0,0,1,1,0,0,2,1,70851,0,0,0,720000.0,600000.0,96862208,24797184,2,1.6666666666666667e-05
train_ch_credit_risk,"SELECT c.c_w_id, c.c_d_id, c.c_id, c.c_balance, COUNT(no.no_o_id) AS pending_orders FROM chbenchmark.customer c LEFT JOIN chbenchmark.oorder o ON o.o_w_id = c.c_w_id AND o.o_d_id = c.c_d_id AND o.o_c_id = c.c_id LEFT JOIN chbenchmark.new_order no ON no.no_w_id = o.o_w_id AND no.no_d_id = o.o_d_id AND no.no_o_id = o.o_id WHERE c.c_credit = 'BC' AND c.c_state = 'OH' AND c.c_balance > 2500 GROUP BY c.c_w_id, c.c_d_id, c.c_id, c.c_balance ORDER BY pending_orders DESC, c.c_balance DESC LIMIT 250",495,2,3,0,True,True,False,3,3,5,1,0,2,0,0,0,8094.34,8094.86,210.0,26,121691.0,56.573,10,8,3,Limit,2,0,1,0,1,0,1,2,1,31503,474,0,0,276000.0,120000.0,42901504,10428416,3,0.00175
train_ch_credit_risk,"SELECT c.c_w_id, c.c_d_id, c.c_id, c.c_balance, COUNT(no.no_o_id) AS pending_orders FROM chbenchmark.customer c LEFT JOIN chbenchmark.oorder o ON o.o_w_id = c.c_w_id AND o.o_d_id = c.c_d_id AND o.o_c_id = c.c_id LEFT JOIN chbenchmark.new_order no ON no.no_w_id = o.o_w_id AND no.no_d_id = o.o_d_id AND no.no_o_id = o.o_id WHERE c.c_credit = 'BC' AND c.c_state = 'OH' AND c.c_balance > 2500 GROUP BY c.c_w_id, c.c_d_id, c.c_id, c.c_balance ORDER BY pending_orders DESC, c.c_balance DESC LIMIT 250",495,2,3,0,True,True,False,3,3,5,1,0,2,0,0,0,8094.34,8094.86,210.0,26,121691.0,52.03,10,8,3,Limit,2,0,1,0,1,0,1,2,1,31977,0,0,0,276000.0,120000.0,42901504,10428416,3,0.00175
train_ch_product_sales_by_state,"SELECT i.i_id, i.i_name, COUNT(DISTINCT o.o_id) AS orders, SUM(ol.ol_quantity) AS units, SUM(ol.ol_amount) AS revenue FROM chbenchmark.customer c JOIN chbenchmark.oorder o ON o.o_w_id = c.c_w_id AND o.o_d_id = c.c_d_id AND o.o_c_id = c.c_id JOIN chbenchmark.order_line ol ON ol.ol_w_id = o.o_w_id AND ol.ol_d_id = o.o_d_id AND ol.ol_o_id = o.o_id JOIN chbenchmark.item i ON i.i_id = ol.ol_i_id WHERE c.c_state = 'NY' GROUP BY i.i_id, i.i_name ORDER BY revenue DESC LIMIT 150",474,3,1,0,True,True,False,4,4,5,3,3,0,0,0,0,32694.08,32694.46,150.0,88,550696.0,435.792,14,9,4,Limit,3,1,0,0,2,0,1,2,1,570754,15408,1768,1772,870000.0,600000.0,127729664,30187520,4,0.00025
train_ch_product_sales_by_state,"SELECT i.i_id, i.i_name, COUNT(DISTINCT o.o_id) AS orders, SUM(ol.ol_quantity) AS units, SUM(ol.ol_amount) AS revenue FROM chbenchmark.customer c JOIN chbenchmark.oorder o ON o.o_w_id = c.c_w_id AND o.o_d_id = c.c_d_id AND o.o_c_id = c.c_id JOIN chbenchmark.order_line ol ON ol.ol_w_id = o.o_w_id AND ol.ol_d_id = o.o_d_id AND ol.ol_o_id = o.o_id JOIN chbenchmark.item i ON i.i_id = ol.ol_i_id WHERE c.c_state = 'NY' GROUP BY i.i_id, i.i_name ORDER BY revenue DESC LIMIT 150",474,3,1,0,True,True,False,4,4,5,3,3,0,0,0,0,32694.08,32694.46,150.0,88,550696.0,489.176,14,9,4,Limit,3,1,0,0,2,0,1,2,1,586162,0,1768,1772,870000.0,600000.0,127729664,30187520,4,0.00025
train_ch_supplier_sales,"SELECT su.su_suppkey, su.su_name, COUNT(*) AS supplied_lines, SUM(ol.ol_amount) AS revenue, AVG(s.s_quantity) AS avg_stock FROM chbenchmark.supplier su JOIN chbenchmark.stock s ON MOD(s.s_w_id * s.s_i_id, 10000) = su.su_suppkey JOIN chbenchmark.order_line ol ON ol.ol_supply_w_id = s.s_w_id AND ol.ol_i_id = s.s_i_id WHERE su.su_nationkey = 12 GROUP BY su.su_suppkey, su.su_name ORDER BY revenue DESC LIMIT 200",410,2,1,0,True,True,False,3,3,5,3,2,0,0,0,0,15968.43,15968.93,200.0,91,339636.0,130.854,13,11,3,Limit,3,0,0,0,2,0,0,2,2,66511,13284,0,0,730000.0,600000.0,99057664,23552000,3,0.0003333333333333333
train_ch_supplier_sales,"SELECT su.su_suppkey, su.su_name, COUNT(*) AS supplied_lines, SUM(ol.ol_amount) AS revenue, AVG(s.s_quantity) AS avg_stock FROM chbenchmark.supplier su JOIN chbenchmark.stock s ON MOD(s.s_w_id * s.s_i_id, 10000) = su.su_suppkey JOIN chbenchmark.order_line ol ON ol.ol_supply_w_id = s.s_w_id AND ol.ol_i_id = s.s_i_id WHERE su.su_nationkey = 12 GROUP BY su.su_suppkey, su.su_name ORDER BY revenue DESC LIMIT 200",410,2,1,0,True,True,False,3,3,5,3,2,0,0,0,0,15968.43,15968.93,200.0,91,339636.0,145.495,13,11,3,Limit,3,0,0,0,2,0,0,2,2,79795,0,0,0,730000.0,600000.0,99057664,23552000,3,0.0003333333333333333
train_ch_warehouse_inventory,"SELECT s.s_w_id, COUNT(*) AS sku_count, SUM(s.s_quantity) AS units, SUM(s.s_quantity * i.i_price) AS inventory_value FROM chbenchmark.stock s JOIN chbenchmark.item i ON i.i_id = s.s_i_id WHERE s.s_w_id = 1 AND i.i_data ILIKE '%standard%' GROUP BY s.s_w_id",255,1,2,0,True,False,False,2,2,4,3,1,0,0,0,0,1612.92,3667.2,1.0,52,147116.0,74.075,6,4,2,Aggregate,1,0,0,1,1,0,0,0,1,2170,332,0,0,150000.0,120000.0,16138240,3391488,2,8.333333333333334e-06
train_ch_warehouse_inventory,"SELECT s.s_w_id, COUNT(*) AS sku_count, SUM(s.s_quantity) AS units, SUM(s.s_quantity * i.i_price) AS inventory_value FROM chbenchmark.stock s JOIN chbenchmark.item i ON i.i_id = s.s_i_id WHERE s.s_w_id = 1 AND i.i_data ILIKE '%standard%' GROUP BY s.s_w_id",255,1,2,0,True,False,False,2,2,4,3,1,0,0,0,0,1612.92,3667.2,1.0,52,147116.0,60.933,6,4,2,Aggregate,1,0,0,1,1,0,0,0,1,2502,0,0,0,150000.0,120000.0,16138240,3391488,2,8.333333333333334e-06
train_ch_customer_last_order,"SELECT c.c_id, c.c_first, c.c_last, latest.o_id, latest.o_entry_d, latest.order_value FROM chbenchmark.customer c LEFT JOIN LATERAL ( SELECT o.o_id, o.o_entry_d, SUM(ol.ol_amount) AS order_value FROM chbenchmark.oorder o JOIN chbenchmark.order_line ol ON ol.ol_w_id = o.o_w_id AND ol.ol_d_id = o.o_d_id AND ol.ol_o_id = o.o_id WHERE o.o_w_id = c.c_w_id AND o.o_d_id = c.c_d_id AND o.o_c_id = c.c_id GROUP BY o.o_id, o.o_entry_d ORDER BY o.o_entry_d DESC LIMIT 1 ) latest ON true WHERE c.c_w_id = 2 AND c.c_d_id = 5 ORDER BY latest.o_entry_d DESC NULLS LAST LIMIT 300",566,2,5,1,True,True,False,3,3,9,1,1,1,0,0,0,3070411.98,3070412.73,300.0,67,12481.0,5614.064,12,10,3,Limit,1,1,0,1,0,0,2,2,1,26624203,370,0,0,840000.0,600000.0,124469248,29499392,3,0.0005
train_ch_customer_last_order,"SELECT c.c_id, c.c_first, c.c_last, latest.o_id, latest.o_entry_d, latest.order_value FROM chbenchmark.customer c LEFT JOIN LATERAL ( SELECT o.o_id, o.o_entry_d, SUM(ol.ol_amount) AS order_value FROM chbenchmark.oorder o JOIN chbenchmark.order_line ol ON ol.ol_w_id = o.o_w_id AND ol.ol_d_id = o.o_d_id AND ol.ol_o_id = o.o_id WHERE o.o_w_id = c.c_w_id AND o.o_d_id = c.c_d_id AND o.o_c_id = c.c_id GROUP BY o.o_id, o.o_entry_d ORDER BY o.o_entry_d DESC LIMIT 1 ) latest ON true WHERE c.c_w_id = 2 AND c.c_d_id = 5 ORDER BY latest.o_entry_d DESC NULLS LAST LIMIT 300",566,2,5,1,True,True,False,3,3,9,1,1,1,0,0,0,3070411.98,3070412.73,300.0,67,12481.0,5182.675,12,10,3,Limit,1,1,0,1,0,0,2,2,1,26624573,0,0,0,840000.0,600000.0,124469248,29499392,3,0.0005
train_ch_order_basket,"SELECT o.o_d_id, o.o_id, o.o_entry_d, COUNT(*) AS lines, SUM(ol.ol_quantity) AS units, SUM(ol.ol_amount) AS basket_value FROM chbenchmark.oorder o JOIN chbenchmark.order_line ol ON ol.ol_w_id = o.o_w_id AND ol.ol_d_id = o.o_d_id AND ol.ol_o_id = o.o_id WHERE o.o_w_id = 1 GROUP BY o.o_d_id, o.o_id, o.o_entry_d HAVING SUM(ol.ol_amount) >= 750 ORDER BY basket_value DESC LIMIT 300",379,1,1,0,True,True,False,2,2,6,4,1,0,0,0,0,30478.99,30479.74,300.0,88,388030.0,272.568,11,10,2,Limit,1,0,0,1,1,0,0,2,2,91313,1508,1632,1632,720000.0,600000.0,96862208,24797184,2,0.0005
train_ch_order_basket,"SELECT o.o_d_id, o.o_id, o.o_entry_d, COUNT(*) AS lines, SUM(ol.ol_quantity) AS units, SUM(ol.ol_amount) AS basket_value FROM chbenchmark.oorder o JOIN chbenchmark.order_line ol ON ol.ol_w_id = o.o_w_id AND ol.ol_d_id = o.o_d_id AND ol.ol_o_id = o.o_id WHERE o.o_w_id = 1 GROUP BY o.o_d_id, o.o_id, o.o_entry_d HAVING SUM(ol.ol_amount) >= 750 ORDER BY basket_value DESC LIMIT 300",379,1,1,0,True,True,False,2,2,6,4,1,0,0,0,0,30478.99,30479.74,300.0,88,388030.0,292.94,11,10,2,Limit,1,0,0,1,1,0,0,2,2,92133,688,1632,1632,720000.0,600000.0,96862208,24797184,2,0.0005
train_ch_unsold_items,"SELECT i.i_id, i.i_name, i.i_price, s.s_quantity FROM chbenchmark.item i JOIN chbenchmark.stock s ON s.s_i_id = i.i_id AND s.s_w_id = 1 WHERE NOT EXISTS ( SELECT 1 FROM chbenchmark.order_line ol JOIN chbenchmark.oorder o ON o.o_w_id = ol.ol_w_id AND o.o_d_id = ol.ol_d_id AND o.o_id = ol.ol_o_id WHERE ol.ol_i_id = i.i_id AND ol.ol_w_id = 1 AND o.o_entry_d >= DATE '2024-10-21' - INTERVAL '90 days' ) ORDER BY s.s_quantity DESC LIMIT 300",437,2,4,1,False,True,False,4,4,5,0,2,0,0,0,0,18214.47,18232.67,156.0,26,293812.0,145.454,15,8,4,Limit,2,0,0,2,3,0,0,1,0,80973,18,0,0,870000.0,600000.0,113000448,28188672,4,0.00026
train_ch_unsold_items,"SELECT i.i_id, i.i_name, i.i_price, s.s_quantity FROM chbenchmark.item i JOIN chbenchmark.stock s ON s.s_i_id = i.i_id AND s.s_w_id = 1 WHERE NOT EXISTS ( SELECT 1 FROM chbenchmark.order_line ol JOIN chbenchmark.oorder o ON o.o_w_id = ol.ol_w_id AND o.o_d_id = ol.ol_d_id AND o.o_id = ol.ol_o_id WHERE ol.ol_i_id = i.i_id AND ol.ol_w_id = 1 AND o.o_entry_d >= DATE '2024-10-21' - INTERVAL '90 days' ) ORDER BY s.s_quantity DESC LIMIT 300",437,2,4,1,False,True,False,4,4,5,0,2,0,0,0,0,18214.47,18232.67,156.0,26,293812.0,132.662,15,8,4,Limit,2,0,0,2,3,0,0,1,0,80991,0,0,0,870000.0,600000.0,113000448,28188672,4,0.00026
train_ch_district_revenue,"SELECT o.o_d_id, COUNT(DISTINCT o.o_id) AS orders, SUM(ol.ol_quantity) AS units, SUM(ol.ol_amount) AS revenue FROM chbenchmark.oorder o JOIN chbenchmark.order_line ol ON ol.ol_w_id = o.o_w_id AND ol.ol_d_id = o.o_d_id AND ol.ol_o_id = o.o_id WHERE o.o_w_id = 4 AND o.o_entry_d >= DATE '2024-04-14' - INTERVAL '90 days' AND o.o_entry_d < DATE '2024-04-14' + INTERVAL '1 day' GROUP BY o.o_d_id ORDER BY revenue DESC",413,1,3,0,True,True,False,2,2,4,3,1,0,0,0,0,16432.88,16432.91,10.0,76,119604.0,88.855,9,8,2,Sort,1,0,0,1,1,0,0,2,1,70851,0,0,0,720000.0,600000.0,96862208,24797184,2,1.6666666666666667e-05
train_ch_district_revenue,"SELECT o.o_d_id, COUNT(DISTINCT o.o_id) AS orders, SUM(ol.ol_quantity) AS units, SUM(ol.ol_amount) AS revenue FROM chbenchmark.oorder o JOIN chbenchmark.order_line ol ON ol.ol_w_id = o.o_w_id AND ol.ol_d_id = o.o_d_id AND ol.ol_o_id = o.o_id WHERE o.o_w_id = 4 AND o.o_entry_d >= DATE '2024-04-14' - INTERVAL '90 days' AND o.o_entry_d < DATE '2024-04-14' + INTERVAL '1 day' GROUP BY o.o_d_id ORDER BY revenue DESC",413,1,3,0,True,True,False,2,2,4,3,1,0,0,0,0,16432.88,16432.91,10.0,76,119604.0,96.358,9,8,2,Sort,1,0,0,1,1,0,0,2,1,70851,0,0,0,720000.0,600000.0,96862208,24797184,2,1.6666666666666667e-05
train_ch_product_sales_by_state,"SELECT i.i_id, i.i_name, COUNT(DISTINCT o.o_id) AS orders, SUM(ol.ol_quantity) AS units, SUM(ol.ol_amount) AS revenue FROM chbenchmark.customer c JOIN chbenchmark.oorder o ON o.o_w_id = c.c_w_id AND o.o_d_id = c.c_d_id AND o.o_c_id = c.c_id JOIN chbenchmark.order_line ol ON ol.ol_w_id = o.o_w_id AND ol.ol_d_id = o.o_d_id AND ol.ol_o_id = o.o_id JOIN chbenchmark.item i ON i.i_id = ol.ol_i_id WHERE c.c_state = 'TX' GROUP BY i.i_id, i.i_name ORDER BY revenue DESC LIMIT 150",474,3,1,0,True,True,False,4,4,5,3,3,0,0,0,0,32495.62,32495.99,150.0,88,545800.0,427.132,14,9,4,Limit,3,1,0,0,2,0,1,2,1,586122,8,1768,1772,870000.0,600000.0,127729664,30187520,4,0.00025
train_ch_product_sales_by_state,"SELECT i.i_id, i.i_name, COUNT(DISTINCT o.o_id) AS orders, SUM(ol.ol_quantity) AS units, SUM(ol.ol_amount) AS revenue FROM chbenchmark.customer c JOIN chbenchmark.oorder o ON o.o_w_id = c.c_w_id AND o.o_d_id = c.c_d_id AND o.o_c_id = c.c_id JOIN chbenchmark.order_line ol ON ol.ol_w_id = o.o_w_id AND ol.ol_d_id = o.o_d_id AND ol.ol_o_id = o.o_id JOIN chbenchmark.item i ON i.i_id = ol.ol_i_id WHERE c.c_state = 'TX' GROUP BY i.i_id, i.i_name ORDER BY revenue DESC LIMIT 150",474,3,1,0,True,True,False,4,4,5,3,3,0,0,0,0,32495.62,32495.99,150.0,88,545800.0,491.036,14,9,4,Limit,3,1,0,0,2,0,1,2,1,586130,0,1768,1772,870000.0,600000.0,127729664,30187520,4,0.00025
train_ch_credit_risk,"SELECT c.c_w_id, c.c_d_id, c.c_id, c.c_balance, COUNT(no.no_o_id) AS pending_orders FROM chbenchmark.customer c LEFT JOIN chbenchmark.oorder o ON o.o_w_id = c.c_w_id AND o.o_d_id = c.c_d_id AND o.o_c_id = c.c_id LEFT JOIN chbenchmark.new_order no ON no.no_w_id = o.o_w_id AND no.no_d_id = o.o_d_id AND no.no_o_id = o.o_id WHERE c.c_credit = 'BC' AND c.c_state = 'WA' AND c.c_balance > 2500 GROUP BY c.c_w_id, c.c_d_id, c.c_id, c.c_balance ORDER BY pending_orders DESC, c.c_balance DESC LIMIT 250",495,2,3,0,True,True,False,3,3,5,1,0,2,0,0,0,8092.09,8092.6,205.0,26,121651.0,59.819,10,8,3,Limit,2,0,1,0,1,0,1,2,1,31245,252,0,0,276000.0,120000.0,42901504,10428416,3,0.0017083333333333334
train_ch_credit_risk,"SELECT c.c_w_id, c.c_d_id, c.c_id, c.c_balance, COUNT(no.no_o_id) AS pending_orders FROM chbenchmark.customer c LEFT JOIN chbenchmark.oorder o ON o.o_w_id = c.c_w_id AND o.o_d_id = c.c_d_id AND o.o_c_id = c.c_id LEFT JOIN chbenchmark.new_order no ON no.no_w_id = o.o_w_id AND no.no_d_id = o.o_d_id AND no.no_o_id = o.o_id WHERE c.c_credit = 'BC' AND c.c_state = 'WA' AND c.c_balance > 2500 GROUP BY c.c_w_id, c.c_d_id, c.c_id, c.c_balance ORDER BY pending_orders DESC, c.c_balance DESC LIMIT 250",495,2,3,0,True,True,False,3,3,5,1,0,2,0,0,0,8092.09,8092.6,205.0,26,121651.0,67.6,10,8,3,Limit,2,0,1,0,1,0,1,2,1,31497,0,0,0,276000.0,120000.0,42901504,10428416,3,0.0017083333333333334
train_ch_payment_activity,"SELECT h.h_w_id, h.h_d_id, COUNT(*) AS payments, SUM(h.h_amount) AS amount, COUNT(DISTINCT h.h_c_id) AS customers FROM chbenchmark.history h WHERE h.h_date >= DATE '2025-04-30' - INTERVAL '180 days' AND h.h_amount >= 100 GROUP BY h.h_w_id, h.h_d_id ORDER BY amount DESC",269,0,2,0,True,True,False,1,1,5,3,0,0,0,0,0,5619.23,5619.33,40.0,56,53148.0,59.755,4,4,1,Sort,1,0,0,0,0,0,0,2,1,0,5880,0,0,120000.0,120000.0,16670720,4595712,1,0.0003333333333333333
train_ch_payment_activity,"SELECT h.h_w_id, h.h_d_id, COUNT(*) AS payments, SUM(h.h_amount) AS amount, COUNT(DISTINCT h.h_c_id) AS customers FROM chbenchmark.history h WHERE h.h_date >= DATE '2025-04-30' - INTERVAL '180 days' AND h.h_amount >= 100 GROUP BY h.h_w_id, h.h_d_id ORDER BY amount DESC",269,0,2,0,True,True,False,1,1,5,3,0,0,0,0,0,5619.23,5619.33,40.0,56,53148.0,94.395,4,4,1,Sort,1,0,0,0,0,0,0,2,1,5880,0,0,0,120000.0,120000.0,16670720,4595712,1,0.0003333333333333333
train_ch_line_summary,"SELECT ol_number, SUM(ol_quantity) AS units, SUM(ol_amount) AS revenue, AVG(ol_amount) AS avg_amount, COUNT(*) AS line_count FROM chbenchmark.order_line WHERE ol_delivery_d >= DATE '2025-04-11' - INTERVAL '120 days' AND ol_delivery_d < DATE '2025-04-11' + INTERVAL '30 days' GROUP BY ol_number ORDER BY revenue DESC",315,0,2,0,True,True,False,1,1,5,4,0,0,0,0,0,12811.5,12811.51,5.0,108,23718.0,85.138,6,6,1,Sort,1,0,0,0,0,0,0,2,2,43238,3756,0,0,600000.0,600000.0,84729856,20602880,1,8.333333333333334e-06
train_ch_line_summary,"SELECT ol_number, SUM(ol_quantity) AS units, SUM(ol_amount) AS revenue, AVG(ol_amount) AS avg_amount, COUNT(*) AS line_count FROM chbenchmark.order_line WHERE ol_delivery_d >= DATE '2025-04-11' - INTERVAL '120 days' AND ol_delivery_d < DATE '2025-04-11' + INTERVAL '30 days' GROUP BY ol_number ORDER BY revenue DESC",315,0,2,0,True,True,False,1,1,5,4,0,0,0,0,0,12811.5,12811.51,5.0,108,23718.0,79.683,6,6,1,Sort,1,0,0,0,0,0,0,2,2,43250,3744,0,0,600000.0,600000.0,84729856,20602880,1,8.333333333333334e-06
train_ch_customer_last_order,"SELECT c.c_id, c.c_first, c.c_last, latest.o_id, latest.o_entry_d, latest.order_value FROM chbenchmark.customer c LEFT JOIN LATERAL ( SELECT o.o_id, o.o_entry_d, SUM(ol.ol_amount) AS order_value FROM chbenchmark.oorder o JOIN chbenchmark.order_line ol ON ol.ol_w_id = o.o_w_id AND ol.ol_d_id = o.o_d_id AND ol.ol_o_id = o.o_id WHERE o.o_w_id = c.c_w_id AND o.o_d_id = c.c_d_id AND o.o_c_id = c.c_id GROUP BY o.o_id, o.o_entry_d ORDER BY o.o_entry_d DESC LIMIT 1 ) latest ON true WHERE c.c_w_id = 2 AND c.c_d_id = 8 ORDER BY latest.o_entry_d DESC NULLS LAST LIMIT 300",566,2,5,1,True,True,False,3,3,9,1,1,1,0,0,0,2956861.79,2956862.54,300.0,67,12100.0,4977.877,12,10,3,Limit,1,1,0,1,0,0,2,2,1,26621680,2884,0,0,840000.0,600000.0,124469248,29499392,3,0.0005
train_ch_customer_last_order,"SELECT c.c_id, c.c_first, c.c_last, latest.o_id, latest.o_entry_d, latest.order_value FROM chbenchmark.customer c LEFT JOIN LATERAL ( SELECT o.o_id, o.o_entry_d, SUM(ol.ol_amount) AS order_value FROM chbenchmark.oorder o JOIN chbenchmark.order_line ol ON ol.ol_w_id = o.o_w_id AND ol.ol_d_id = o.o_d_id AND ol.ol_o_id = o.o_id WHERE o.o_w_id = c.c_w_id AND o.o_d_id = c.c_d_id AND o.o_c_id = c.c_id GROUP BY o.o_id, o.o_entry_d ORDER BY o.o_entry_d DESC LIMIT 1 ) latest ON true WHERE c.c_w_id = 2 AND c.c_d_id = 8 ORDER BY latest.o_entry_d DESC NULLS LAST LIMIT 300",566,2,5,1,True,True,False,3,3,9,1,1,1,0,0,0,2956861.79,2956862.54,300.0,67,12100.0,4571.566,12,10,3,Limit,1,1,0,1,0,0,2,2,1,26624564,0,0,0,840000.0,600000.0,124469248,29499392,3,0.0005
train_ch_repeat_customers,"SELECT c.c_state, COUNT(*) AS repeat_customers, AVG(customer_orders.order_count) AS avg_orders FROM chbenchmark.customer c JOIN ( SELECT o_w_id, o_d_id, o_c_id, COUNT(*) AS order_count FROM chbenchmark.oorder GROUP BY o_w_id, o_d_id, o_c_id HAVING COUNT(*) >= 4 ) customer_orders ON customer_orders.o_w_id = c.c_w_id AND customer_orders.o_d_id = c.c_d_id AND customer_orders.o_c_id = c.c_id GROUP BY c.c_state ORDER BY repeat_customers DESC",440,1,0,1,True,True,False,2,2,7,4,1,0,0,0,0,8562.17,8562.18,4.0,43,252016.0,118.073,9,8,2,Sort,2,0,0,0,1,0,0,2,2,7730,0,1169,2289,240000.0,120000.0,39739392,8896512,2,3.3333333333333335e-05
train_ch_repeat_customers,"SELECT c.c_state, COUNT(*) AS repeat_customers, AVG(customer_orders.order_count) AS avg_orders FROM chbenchmark.customer c JOIN ( SELECT o_w_id, o_d_id, o_c_id, COUNT(*) AS order_count FROM chbenchmark.oorder GROUP BY o_w_id, o_d_id, o_c_id HAVING COUNT(*) >= 4 ) customer_orders ON customer_orders.o_w_id = c.c_w_id AND customer_orders.o_d_id = c.c_d_id AND customer_orders.o_c_id = c.c_id GROUP BY c.c_state ORDER BY repeat_customers DESC",440,1,0,1,True,True,False,2,2,7,4,1,0,0,0,0,8562.17,8562.18,4.0,43,252016.0,121.008,9,8,2,Sort,2,0,0,0,1,0,0,2,2,7730,0,1169,2289,240000.0,120000.0,39739392,8896512,2,3.3333333333333335e-05
train_ch_backlog,"SELECT no.no_d_id, COUNT(*) AS pending_orders, MIN(o.o_entry_d) AS oldest_order, SUM(ol.ol_amount) AS pending_value FROM chbenchmark.new_order no JOIN chbenchmark.oorder o ON o.o_w_id = no.no_w_id AND o.o_d_id = no.no_d_id AND o.o_id = no.no_o_id JOIN chbenchmark.order_line ol ON ol.ol_w_id = o.o_w_id AND ol.ol_d_id = o.o_d_id AND ol.ol_o_id = o.o_id WHERE no.no_w_id = 3 GROUP BY no.no_d_id ORDER BY oldest_order",415,2,1,0,True,True,False,3,3,4,3,2,0,0,0,0,15576.46,15576.49,10.0,52,207686.0,123.288,13,9,3,Sort,1,0,1,1,2,0,0,2,2,87333,3324,0,0,756000.0,600000.0,100024320,26329088,3,1.6666666666666667e-05
train_ch_backlog,"SELECT no.no_d_id, COUNT(*) AS pending_orders, MIN(o.o_entry_d) AS oldest_order, SUM(ol.ol_amount) AS pending_value FROM chbenchmark.new_order no JOIN chbenchmark.oorder o ON o.o_w_id = no.no_w_id AND o.o_d_id = no.no_d_id AND o.o_id = no.no_o_id JOIN chbenchmark.order_line ol ON ol.ol_w_id = o.o_w_id AND ol.ol_d_id = o.o_d_id AND ol.ol_o_id = o.o_id WHERE no.no_w_id = 3 GROUP BY no.no_d_id ORDER BY oldest_order",415,2,1,0,True,True,False,3,3,4,3,2,0,0,0,0,15576.46,15576.49,10.0,52,207686.0,120.454,13,9,3,Sort,1,0,1,1,2,0,0,2,2,89649,1008,0,0,756000.0,600000.0,100024320,26329088,3,1.6666666666666667e-05
train_ch_item_price_band,"SELECT width_bucket(i_price, 200, 300, 8) AS price_band, COUNT(*) AS items, AVG(i_price) AS avg_price, COUNT(*) FILTER (WHERE i_data ILIKE '%PROMO%') AS promotional FROM chbenchmark.item WHERE i_price BETWEEN 200 AND 300 GROUP BY price_band ORDER BY price_band",260,0,2,0,True,True,False,1,1,4,3,0,0,0,0,0,1155.0,1336.44,6048.0,52,18144.0,16.512,3,3,1,Aggregate,1,0,0,0,0,0,0,1,1,930,0,0,0,30000.0,30000.0,3260416,688128,1,0.2016
train_ch_item_price_band,"SELECT width_bucket(i_price, 200, 300, 8) AS price_band, COUNT(*) AS items, AVG(i_price) AS avg_price, COUNT(*) FILTER (WHERE i_data ILIKE '%PROMO%') AS promotional FROM chbenchmark.item WHERE i_price BETWEEN 200 AND 300 GROUP BY price_band ORDER BY price_band",260,0,2,0,True,True,False,1,1,4,3,0,0,0,0,0,1155.0,1336.44,6048.0,52,18144.0,15.707,3,3,1,Aggregate,1,0,0,0,0,0,0,1,1,930,0,0,0,30000.0,30000.0,3260416,688128,1,0.2016
train_ch_customer_balance_rank,"SELECT c_w_id, c_d_id, c_id, c_balance, DENSE_RANK() OVER (PARTITION BY c_w_id ORDER BY c_balance DESC) AS balance_rank, CUME_DIST() OVER (PARTITION BY c_w_id ORDER BY c_balance) AS balance_percentile FROM chbenchmark.customer WHERE c_state = 'OH' ORDER BY c_w_id, balance_rank LIMIT 500",287,0,1,0,False,True,False,1,1,6,2,0,0,0,0,0,6476.67,6535.48,500.0,34,104876.0,64.333,7,7,1,Limit,1,0,0,0,0,0,0,1,0,19544,0,0,0,120000.0,120000.0,27607040,4702208,1,0.004166666666666667
train_ch_customer_balance_rank,"SELECT c_w_id, c_d_id, c_id, c_balance, DENSE_RANK() OVER (PARTITION BY c_w_id ORDER BY c_balance DESC) AS balance_rank, CUME_DIST() OVER (PARTITION BY c_w_id ORDER BY c_balance) AS balance_percentile FROM chbenchmark.customer WHERE c_state = 'OH' ORDER BY c_w_id, balance_rank LIMIT 500",287,0,1,0,False,True,False,1,1,6,2,0,0,0,0,0,6476.67,6535.48,500.0,34,104876.0,62.227,7,7,1,Limit,1,0,0,0,0,0,0,1,0,19544,0,0,0,120000.0,120000.0,27607040,4702208,1,0.004166666666666667
train_ch_supplier_sales,"SELECT su.su_suppkey, su.su_name, COUNT(*) AS supplied_lines, SUM(ol.ol_amount) AS revenue, AVG(s.s_quantity) AS avg_stock FROM chbenchmark.supplier su JOIN chbenchmark.stock s ON MOD(s.s_w_id * s.s_i_id, 10000) = su.su_suppkey JOIN chbenchmark.order_line ol ON ol.ol_supply_w_id = s.s_w_id AND ol.ol_i_id = s.s_i_id WHERE su.su_nationkey = 21 GROUP BY su.su_suppkey, su.su_name ORDER BY revenue DESC LIMIT 200",410,2,1,0,True,True,False,3,3,5,3,2,0,0,0,0,15968.43,15968.93,200.0,91,339636.0,112.797,13,11,3,Limit,3,0,0,0,2,0,0,2,2,69307,10488,0,0,730000.0,600000.0,99057664,23552000,3,0.0003333333333333333
train_ch_supplier_sales,"SELECT su.su_suppkey, su.su_name, COUNT(*) AS supplied_lines, SUM(ol.ol_amount) AS revenue, AVG(s.s_quantity) AS avg_stock FROM chbenchmark.supplier su JOIN chbenchmark.stock s ON MOD(s.s_w_id * s.s_i_id, 10000) = su.su_suppkey JOIN chbenchmark.order_line ol ON ol.ol_supply_w_id = s.s_w_id AND ol.ol_i_id = s.s_i_id WHERE su.su_nationkey = 21 GROUP BY su.su_suppkey, su.su_name ORDER BY revenue DESC LIMIT 200",410,2,1,0,True,True,False,3,3,5,3,2,0,0,0,0,15968.43,15968.93,200.0,91,339636.0,132.244,13,11,3,Limit,3,0,0,0,2,0,0,2,2,79355,440,0,0,730000.0,600000.0,99057664,23552000,3,0.0003333333333333333
train_ch_customer_order_totals,"SELECT c.c_id, c.c_first, c.c_last, COUNT(DISTINCT o.o_id) AS orders, SUM(ol.ol_amount) AS lifetime_value FROM chbenchmark.customer c JOIN chbenchmark.oorder o ON o.o_w_id = c.c_w_id AND o.o_d_id = c.c_d_id AND o.o_c_id = c.c_id JOIN chbenchmark.order_line ol ON ol.ol_w_id = o.o_w_id AND ol.ol_d_id = o.o_d_id AND ol.ol_o_id = o.o_id WHERE c.c_w_id = 4 GROUP BY c.c_id, c.c_first, c.c_last HAVING SUM(ol.ol_amount) > 2500 ORDER BY lifetime_value DESC LIMIT 200",461,2,1,0,True,True,False,3,3,5,3,2,0,0,0,0,40756.13,40756.63,200.0,63,346052.0,477.685,14,10,3,Limit,1,1,0,1,0,1,1,3,1,758097,48,0,0,840000.0,600000.0,124469248,29499392,3,0.0003333333333333333
train_ch_customer_order_totals,"SELECT c.c_id, c.c_first, c.c_last, COUNT(DISTINCT o.o_id) AS orders, SUM(ol.ol_amount) AS lifetime_value FROM chbenchmark.customer c JOIN chbenchmark.oorder o ON o.o_w_id = c.c_w_id AND o.o_d_id = c.c_d_id AND o.o_c_id = c.c_id JOIN chbenchmark.order_line ol ON ol.ol_w_id = o.o_w_id AND ol.ol_d_id = o.o_d_id AND ol.ol_o_id = o.o_id WHERE c.c_w_id = 4 GROUP BY c.c_id, c.c_first, c.c_last HAVING SUM(ol.ol_amount) > 2500 ORDER BY lifetime_value DESC LIMIT 200",461,2,1,0,True,True,False,3,3,5,3,2,0,0,0,0,40756.13,40756.63,200.0,63,346052.0,448.8,14,10,3,Limit,1,1,0,1,0,1,1,3,1,758145,0,0,0,840000.0,600000.0,124469248,29499392,3,0.0003333333333333333
train_ch_delivery_delay,"SELECT o.o_d_id, o.o_id, o.o_entry_d, MAX(ol.ol_delivery_d) AS completed_at, MAX(ol.ol_delivery_d) - o.o_entry_d AS elapsed FROM chbenchmark.oorder o JOIN chbenchmark.order_line ol ON ol.ol_w_id = o.o_w_id AND ol.ol_d_id = o.o_d_id AND ol.ol_o_id = o.o_id WHERE o.o_w_id = 4 AND ol.ol_delivery_d IS NOT NULL GROUP BY o.o_d_id, o.o_id, o.o_entry_d HAVING MAX(ol.ol_delivery_d) - o.o_entry_d > INTERVAL '24 hours' ORDER BY elapsed DESC LIMIT 250",443,1,2,0,True,True,False,2,2,5,3,1,0,0,0,0,18344.24,18344.86,250.0,40,465610.0,150.812,9,7,2,Limit,0,0,0,2,1,0,0,1,1,49846,0,0,0,720000.0,600000.0,96862208,24797184,2,0.0004166666666666667
train_ch_delivery_delay,"SELECT o.o_d_id, o.o_id, o.o_entry_d, MAX(ol.ol_delivery_d) AS completed_at, MAX(ol.ol_delivery_d) - o.o_entry_d AS elapsed FROM chbenchmark.oorder o JOIN chbenchmark.order_line ol ON ol.ol_w_id = o.o_w_id AND ol.ol_d_id = o.o_d_id AND ol.ol_o_id = o.o_id WHERE o.o_w_id = 4 AND ol.ol_delivery_d IS NOT NULL GROUP BY o.o_d_id, o.o_id, o.o_entry_d HAVING MAX(ol.ol_delivery_d) - o.o_entry_d > INTERVAL '24 hours' ORDER BY elapsed DESC LIMIT 250",443,1,2,0,True,True,False,2,2,5,3,1,0,0,0,0,18344.24,18344.86,250.0,40,465610.0,153.749,9,7,2,Limit,0,0,0,2,1,0,0,1,1,49846,0,0,0,720000.0,600000.0,96862208,24797184,2,0.0004166666666666667
train_ch_remote_supply,"SELECT ol.ol_supply_w_id, COUNT(*) AS remote_lines, SUM(ol.ol_quantity) AS units, SUM(ol.ol_amount) AS revenue FROM chbenchmark.order_line ol WHERE ol.ol_w_id = 3 AND ol.ol_supply_w_id <> ol.ol_w_id GROUP BY ol.ol_supply_w_id ORDER BY revenue DESC",247,0,2,0,True,True,False,1,1,4,3,0,0,0,0,0,13196.32,13196.33,4.0,76,62228.0,70.239,6,6,1,Sort,1,0,0,0,0,0,0,2,2,46994,0,0,0,600000.0,600000.0,84729856,20602880,1,6.666666666666667e-06
train_ch_remote_supply,"SELECT ol.ol_supply_w_id, COUNT(*) AS remote_lines, SUM(ol.ol_quantity) AS units, SUM(ol.ol_amount) AS revenue FROM chbenchmark.order_line ol WHERE ol.ol_w_id = 3 AND ol.ol_supply_w_id <> ol.ol_w_id GROUP BY ol.ol_supply_w_id ORDER BY revenue DESC",247,0,2,0,True,True,False,1,1,4,3,0,0,0,0,0,13196.32,13196.33,4.0,76,62228.0,85.47,6,6,1,Sort,1,0,0,0,0,0,0,2,2,46994,0,0,0,600000.0,600000.0,84729856,20602880,1,6.666666666666667e-06
train_ch_order_basket,"SELECT o.o_d_id, o.o_id, o.o_entry_d, COUNT(*) AS lines, SUM(ol.ol_quantity) AS units, SUM(ol.ol_amount) AS basket_value FROM chbenchmark.oorder o JOIN chbenchmark.order_line ol ON ol.ol_w_id = o.o_w_id AND ol.ol_d_id = o.o_d_id AND ol.ol_o_id = o.o_id WHERE o.o_w_id = 3 GROUP BY o.o_d_id, o.o_id, o.o_entry_d HAVING SUM(ol.ol_amount) >= 750 ORDER BY basket_value DESC LIMIT 300",379,1,1,0,True,True,False,2,2,6,4,1,0,0,0,0,30403.37,30404.12,300.0,88,387025.0,255.833,11,10,2,Limit,1,0,0,1,1,0,0,2,2,92839,12,1632,1632,720000.0,600000.0,96862208,24797184,2,0.0005
train_ch_order_basket,"SELECT o.o_d_id, o.o_id, o.o_entry_d, COUNT(*) AS lines, SUM(ol.ol_quantity) AS units, SUM(ol.ol_amount) AS basket_value FROM chbenchmark.oorder o JOIN chbenchmark.order_line ol ON ol.ol_w_id = o.o_w_id AND ol.ol_d_id = o.o_d_id AND ol.ol_o_id = o.o_id WHERE o.o_w_id = 3 GROUP BY o.o_d_id, o.o_id, o.o_entry_d HAVING SUM(ol.ol_amount) >= 750 ORDER BY basket_value DESC LIMIT 300",379,1,1,0,True,True,False,2,2,6,4,1,0,0,0,0,30403.37,30404.12,300.0,88,387025.0,267.026,11,10,2,Limit,1,0,0,1,1,0,0,2,2,92851,0,1632,1632,720000.0,600000.0,96862208,24797184,2,0.0005
train_ch_unsold_items,"SELECT i.i_id, i.i_name, i.i_price, s.s_quantity FROM chbenchmark.item i JOIN chbenchmark.stock s ON s.s_i_id = i.i_id AND s.s_w_id = 4 WHERE NOT EXISTS ( SELECT 1 FROM chbenchmark.order_line ol JOIN chbenchmark.oorder o ON o.o_w_id = ol.ol_w_id AND o.o_d_id = ol.ol_d_id AND o.o_id = ol.ol_o_id WHERE ol.ol_i_id = i.i_id AND ol.ol_w_id = 4 AND o.o_entry_d >= DATE '2024-10-16' - INTERVAL '90 days' ) ORDER BY s.s_quantity DESC LIMIT 300",437,2,4,1,False,True,False,4,4,5,0,2,0,0,0,0,18201.49,18219.69,156.0,26,293016.0,152.885,15,8,4,Limit,2,0,0,2,3,0,0,1,0,80358,664,0,0,870000.0,600000.0,113000448,28188672,4,0.00026
train_ch_unsold_items,"SELECT i.i_id, i.i_name, i.i_price, s.s_quantity FROM chbenchmark.item i JOIN chbenchmark.stock s ON s.s_i_id = i.i_id AND s.s_w_id = 4 WHERE NOT EXISTS ( SELECT 1 FROM chbenchmark.order_line ol JOIN chbenchmark.oorder o ON o.o_w_id = ol.ol_w_id AND o.o_d_id = ol.ol_d_id AND o.o_id = ol.ol_o_id WHERE ol.ol_i_id = i.i_id AND ol.ol_w_id = 4 AND o.o_entry_d >= DATE '2024-10-16' - INTERVAL '90 days' ) ORDER BY s.s_quantity DESC LIMIT 300",437,2,4,1,False,True,False,4,4,5,0,2,0,0,0,0,18201.49,18219.69,156.0,26,293016.0,132.144,15,8,4,Limit,2,0,0,2,3,0,0,1,0,81022,0,0,0,870000.0,600000.0,113000448,28188672,4,0.00026
train_ch_warehouse_inventory,"SELECT s.s_w_id, COUNT(*) AS sku_count, SUM(s.s_quantity) AS units, SUM(s.s_quantity * i.i_price) AS inventory_value FROM chbenchmark.stock s JOIN chbenchmark.item i ON i.i_id = s.s_i_id WHERE s.s_w_id = 4 AND i.i_data ILIKE '%PROMO%' GROUP BY s.s_w_id",252,1,2,0,True,False,False,2,2,4,3,1,0,0,0,0,0.29,2669.84,1.0,52,596.0,24.835,4,3,2,Aggregate,1,1,0,0,0,0,1,0,1,3603,0,0,0,150000.0,120000.0,16138240,3391488,2,8.333333333333334e-06
train_ch_warehouse_inventory,"SELECT s.s_w_id, COUNT(*) AS sku_count, SUM(s.s_quantity) AS units, SUM(s.s_quantity * i.i_price) AS inventory_value FROM chbenchmark.stock s JOIN chbenchmark.item i ON i.i_id = s.s_i_id WHERE s.s_w_id = 4 AND i.i_data ILIKE '%PROMO%' GROUP BY s.s_w_id",252,1,2,0,True,False,False,2,2,4,3,1,0,0,0,0,0.29,2669.84,1.0,52,596.0,24.186,4,3,2,Aggregate,1,1,0,0,0,0,1,0,1,3603,0,0,0,150000.0,120000.0,16138240,3391488,2,8.333333333333334e-06
train_ch_regional_low_stock,"SELECT r.r_name, n.n_name, su.su_name, i.i_id, i.i_name, MIN(s.s_quantity) AS minimum_quantity FROM chbenchmark.stock s JOIN chbenchmark.item i ON i.i_id = s.s_i_id JOIN chbenchmark.supplier su ON su.su_suppkey = MOD(s.s_w_id * s.s_i_id, 10000) JOIN chbenchmark.nation n ON n.n_nationkey = su.su_nationkey JOIN chbenchmark.region r ON r.r_regionkey = n.n_regionkey WHERE r.r_name = 'ASIA' AND s.s_quantity < 60 GROUP BY r.r_name, n.n_name, su.su_name, i.i_id, i.i_name ORDER BY minimum_quantity, i.i_id LIMIT 250",512,4,2,0,True,True,False,5,5,6,1,4,0,0,0,0,4583.52,4584.14,250.0,52,106118.0,44.775,16,12,5,Limit,5,0,0,0,4,0,0,1,1,11526,0,0,0,160030.0,120000.0,17670144,3702784,7,0.0020833333333333333
train_ch_regional_low_stock,"SELECT r.r_name, n.n_name, su.su_name, i.i_id, i.i_name, MIN(s.s_quantity) AS minimum_quantity FROM chbenchmark.stock s JOIN chbenchmark.item i ON i.i_id = s.s_i_id JOIN chbenchmark.supplier su ON su.su_suppkey = MOD(s.s_w_id * s.s_i_id, 10000) JOIN chbenchmark.nation n ON n.n_nationkey = su.su_nationkey JOIN chbenchmark.region r ON r.r_regionkey = n.n_regionkey WHERE r.r_name = 'ASIA' AND s.s_quantity < 60 GROUP BY r.r_name, n.n_name, su.su_name, i.i_id, i.i_name ORDER BY minimum_quantity, i.i_id LIMIT 250",512,4,2,0,True,True,False,5,5,6,1,4,0,0,0,0,4583.52,4584.14,250.0,52,106118.0,61.125,16,12,5,Limit,5,0,0,0,4,0,0,1,1,11526,0,0,0,160030.0,120000.0,17670144,3702784,7,0.0020833333333333333
train_ch_promotional_items,"SELECT i.i_id, i.i_name, SUM(ol.ol_quantity) AS units, SUM(ol.ol_amount) AS revenue FROM chbenchmark.item i JOIN chbenchmark.order_line ol ON ol.ol_i_id = i.i_id JOIN chbenchmark.oorder o ON o.o_w_id = ol.ol_w_id AND o.o_d_id = ol.ol_d_id AND o.o_id = ol.ol_o_id WHERE i.i_data ILIKE '%PROMO%' AND o.o_entry_d >= DATE '2025-06-19' - INTERVAL '365 days' GROUP BY i.i_id, i.i_name ORDER BY revenue DESC LIMIT 100",410,2,2,0,True,True,False,3,3,4,2,2,0,0,0,0,13964.84,13965.09,100.0,80,257176.0,236.883,12,10,3,Limit,2,1,0,0,1,0,1,2,2,269159,808,0,0,750000.0,600000.0,100122624,25485312,3,0.00016666666666666666
train_ch_promotional_items,"SELECT i.i_id, i.i_name, SUM(ol.ol_quantity) AS units, SUM(ol.ol_amount) AS revenue FROM chbenchmark.item i JOIN chbenchmark.order_line ol ON ol.ol_i_id = i.i_id JOIN chbenchmark.oorder o ON o.o_w_id = ol.ol_w_id AND o.o_d_id = ol.ol_d_id AND o.o_id = ol.ol_o_id WHERE i.i_data ILIKE '%PROMO%' AND o.o_entry_d >= DATE '2025-06-19' - INTERVAL '365 days' GROUP BY i.i_id, i.i_name ORDER BY revenue DESC LIMIT 100",410,2,2,0,True,True,False,3,3,4,2,2,0,0,0,0,13964.84,13965.09,100.0,80,257176.0,128.139,12,10,3,Limit,2,1,0,0,1,0,1,2,2,269967,0,0,0,750000.0,600000.0,100122624,25485312,3,0.00016666666666666666
train_ch_district_daily_sales,"WITH daily AS ( SELECT o.o_entry_d::date AS day, o.o_d_id, SUM(ol.ol_amount) AS revenue FROM chbenchmark.oorder o JOIN chbenchmark.order_line ol ON ol.ol_w_id = o.o_w_id AND ol.ol_d_id = o.o_d_id AND ol.ol_o_id = o.o_id WHERE o.o_w_id = 3 GROUP BY o.o_entry_d::date, o.o_d_id ) SELECT day, o_d_id, revenue, AVG(revenue) OVER (PARTITION BY o_d_id ORDER BY day ROWS BETWEEN 6 PRECEDING AND CURRENT ROW) AS rolling_revenue FROM daily ORDER BY o_d_id, day",451,1,1,1,True,True,False,2,2,7,2,1,0,0,0,0,20865.4,21462.9,29876.0,72,629376.0,294.544,9,7,2,WindowAgg,0,0,0,2,1,0,0,1,1,49834,12,0,0,720000.0,600000.0,96862208,24797184,2,0.049793333333333335
train_ch_district_daily_sales,"WITH daily AS ( SELECT o.o_entry_d::date AS day, o.o_d_id, SUM(ol.ol_amount) AS revenue FROM chbenchmark.oorder o JOIN chbenchmark.order_line ol ON ol.ol_w_id = o.o_w_id AND ol.ol_d_id = o.o_d_id AND ol.ol_o_id = o.o_id WHERE o.o_w_id = 3 GROUP BY o.o_entry_d::date, o.o_d_id ) SELECT day, o_d_id, revenue, AVG(revenue) OVER (PARTITION BY o_d_id ORDER BY day ROWS BETWEEN 6 PRECEDING AND CURRENT ROW) AS rolling_revenue FROM daily ORDER BY o_d_id, day",451,1,1,1,True,True,False,2,2,7,2,1,0,0,0,0,20865.4,21462.9,29876.0,72,629376.0,205.081,9,7,2,WindowAgg,0,0,0,2,1,0,0,1,1,49846,0,0,0,720000.0,600000.0,96862208,24797184,2,0.049793333333333335
train_ch_district_daily_sales,"WITH daily AS ( SELECT o.o_entry_d::date AS day, o.o_d_id, SUM(ol.ol_amount) AS revenue FROM chbenchmark.oorder o JOIN chbenchmark.order_line ol ON ol.ol_w_id = o.o_w_id AND ol.ol_d_id = o.o_d_id AND ol.ol_o_id = o.o_id WHERE o.o_w_id = 3 GROUP BY o.o_entry_d::date, o.o_d_id ) SELECT day, o_d_id, revenue, AVG(revenue) OVER (PARTITION BY o_d_id ORDER BY day ROWS BETWEEN 29 PRECEDING AND CURRENT ROW) AS rolling_revenue FROM daily ORDER BY o_d_id, day",452,1,1,1,True,True,False,2,2,7,2,1,0,0,0,0,20865.4,21462.9,29876.0,72,629376.0,240.303,9,7,2,WindowAgg,0,0,0,2,1,0,0,1,1,49846,0,0,0,720000.0,600000.0,96862208,24797184,2,0.049793333333333335
train_ch_district_daily_sales,"WITH daily AS ( SELECT o.o_entry_d::date AS day, o.o_d_id, SUM(ol.ol_amount) AS revenue FROM chbenchmark.oorder o JOIN chbenchmark.order_line ol ON ol.ol_w_id = o.o_w_id AND ol.ol_d_id = o.o_d_id AND ol.ol_o_id = o.o_id WHERE o.o_w_id = 3 GROUP BY o.o_entry_d::date, o.o_d_id ) SELECT day, o_d_id, revenue, AVG(revenue) OVER (PARTITION BY o_d_id ORDER BY day ROWS BETWEEN 29 PRECEDING AND CURRENT ROW) AS rolling_revenue FROM daily ORDER BY o_d_id, day",452,1,1,1,True,True,False,2,2,7,2,1,0,0,0,0,20865.4,21462.9,29876.0,72,629376.0,228.231,9,7,2,WindowAgg,0,0,0,2,1,0,0,1,1,49846,0,0,0,720000.0,600000.0,96862208,24797184,2,0.049793333333333335
train_ch_remote_supply,"SELECT ol.ol_supply_w_id, COUNT(*) AS remote_lines, SUM(ol.ol_quantity) AS units, SUM(ol.ol_amount) AS revenue FROM chbenchmark.order_line ol WHERE ol.ol_w_id = 2 AND ol.ol_supply_w_id <> ol.ol_w_id GROUP BY ol.ol_supply_w_id ORDER BY revenue DESC",247,0,2,0,True,True,False,1,1,4,3,0,0,0,0,0,13206.77,13206.78,4.0,76,63273.0,64.238,6,6,1,Sort,1,0,0,0,0,0,0,2,2,46994,0,0,0,600000.0,600000.0,84729856,20602880,1,6.666666666666667e-06
train_ch_remote_supply,"SELECT ol.ol_supply_w_id, COUNT(*) AS remote_lines, SUM(ol.ol_quantity) AS units, SUM(ol.ol_amount) AS revenue FROM chbenchmark.order_line ol WHERE ol.ol_w_id = 2 AND ol.ol_supply_w_id <> ol.ol_w_id GROUP BY ol.ol_supply_w_id ORDER BY revenue DESC",247,0,2,0,True,True,False,1,1,4,3,0,0,0,0,0,13206.77,13206.78,4.0,76,63273.0,69.612,6,6,1,Sort,1,0,0,0,0,0,0,2,2,46994,0,0,0,600000.0,600000.0,84729856,20602880,1,6.666666666666667e-06
train_ch_customer_last_order,"SELECT c.c_id, c.c_first, c.c_last, latest.o_id, latest.o_entry_d, latest.order_value FROM chbenchmark.customer c LEFT JOIN LATERAL ( SELECT o.o_id, o.o_entry_d, SUM(ol.ol_amount) AS order_value FROM chbenchmark.oorder o JOIN chbenchmark.order_line ol ON ol.ol_w_id = o.o_w_id AND ol.ol_d_id = o.o_d_id AND ol.ol_o_id = o.o_id WHERE o.o_w_id = c.c_w_id AND o.o_d_id = c.c_d_id AND o.o_c_id = c.c_id GROUP BY o.o_id, o.o_entry_d ORDER BY o.o_entry_d DESC LIMIT 1 ) latest ON true WHERE c.c_w_id = 4 AND c.c_d_id = 4 ORDER BY latest.o_entry_d DESC NULLS LAST LIMIT 300",566,2,5,1,True,True,False,3,3,9,1,1,1,0,0,0,2965855.86,2965856.61,300.0,67,12130.0,4552.704,12,10,3,Limit,1,1,0,1,0,0,2,2,1,26594564,0,0,0,840000.0,600000.0,124469248,29499392,3,0.0005
train_ch_customer_last_order,"SELECT c.c_id, c.c_first, c.c_last, latest.o_id, latest.o_entry_d, latest.order_value FROM chbenchmark.customer c LEFT JOIN LATERAL ( SELECT o.o_id, o.o_entry_d, SUM(ol.ol_amount) AS order_value FROM chbenchmark.oorder o JOIN chbenchmark.order_line ol ON ol.ol_w_id = o.o_w_id AND ol.ol_d_id = o.o_d_id AND ol.ol_o_id = o.o_id WHERE o.o_w_id = c.c_w_id AND o.o_d_id = c.c_d_id AND o.o_c_id = c.c_id GROUP BY o.o_id, o.o_entry_d ORDER BY o.o_entry_d DESC LIMIT 1 ) latest ON true WHERE c.c_w_id = 4 AND c.c_d_id = 4 ORDER BY latest.o_entry_d DESC NULLS LAST LIMIT 300",566,2,5,1,True,True,False,3,3,9,1,1,1,0,0,0,2965855.86,2965856.61,300.0,67,12130.0,4867.232,12,10,3,Limit,1,1,0,1,0,0,2,2,1,26594564,0,0,0,840000.0,600000.0,124469248,29499392,3,0.0005
train_ch_order_basket,"SELECT o.o_d_id, o.o_id, o.o_entry_d, COUNT(*) AS lines, SUM(ol.ol_quantity) AS units, SUM(ol.ol_amount) AS basket_value FROM chbenchmark.oorder o JOIN chbenchmark.order_line ol ON ol.ol_w_id = o.o_w_id AND ol.ol_d_id = o.o_d_id AND ol.ol_o_id = o.o_id WHERE o.o_w_id = 3 GROUP BY o.o_d_id, o.o_id, o.o_entry_d HAVING SUM(ol.ol_amount) >= 750 ORDER BY basket_value DESC LIMIT 300",379,1,1,0,True,True,False,2,2,6,4,1,0,0,0,0,30403.37,30404.12,300.0,88,387025.0,314.368,11,10,2,Limit,1,0,0,1,1,0,0,2,2,92851,0,1632,1632,720000.0,600000.0,96862208,24797184,2,0.0005
train_ch_order_basket,"SELECT o.o_d_id, o.o_id, o.o_entry_d, COUNT(*) AS lines, SUM(ol.ol_quantity) AS units, SUM(ol.ol_amount) AS basket_value FROM chbenchmark.oorder o JOIN chbenchmark.order_line ol ON ol.ol_w_id = o.o_w_id AND ol.ol_d_id = o.o_d_id AND ol.ol_o_id = o.o_id WHERE o.o_w_id = 3 GROUP BY o.o_d_id, o.o_id, o.o_entry_d HAVING SUM(ol.ol_amount) >= 750 ORDER BY basket_value DESC LIMIT 300",379,1,1,0,True,True,False,2,2,6,4,1,0,0,0,0,30403.37,30404.12,300.0,88,387025.0,300.899,11,10,2,Limit,1,0,0,1,1,0,0,2,2,92851,0,1632,1632,720000.0,600000.0,96862208,24797184,2,0.0005
train_ch_credit_risk,"SELECT c.c_w_id, c.c_d_id, c.c_id, c.c_balance, COUNT(no.no_o_id) AS pending_orders FROM chbenchmark.customer c LEFT JOIN chbenchmark.oorder o ON o.o_w_id = c.c_w_id AND o.o_d_id = c.c_d_id AND o.o_c_id = c.c_id LEFT JOIN chbenchmark.new_order no ON no.no_w_id = o.o_w_id AND no.no_d_id = o.o_d_id AND no.no_o_id = o.o_id WHERE c.c_credit = 'BC' AND c.c_state = 'NV' AND c.c_balance > 2500 GROUP BY c.c_w_id, c.c_d_id, c.c_id, c.c_balance ORDER BY pending_orders DESC, c.c_balance DESC LIMIT 250",495,2,3,0,True,True,False,3,3,5,1,0,2,0,0,0,8091.19,8091.69,203.0,26,121635.0,55.114,10,8,3,Limit,2,0,1,0,1,0,1,2,1,31251,246,0,0,276000.0,120000.0,42901504,10428416,3,0.0016916666666666666
train_ch_credit_risk,"SELECT c.c_w_id, c.c_d_id, c.c_id, c.c_balance, COUNT(no.no_o_id) AS pending_orders FROM chbenchmark.customer c LEFT JOIN chbenchmark.oorder o ON o.o_w_id = c.c_w_id AND o.o_d_id = c.c_d_id AND o.o_c_id = c.c_id LEFT JOIN chbenchmark.new_order no ON no.no_w_id = o.o_w_id AND no.no_d_id = o.o_d_id AND no.no_o_id = o.o_id WHERE c.c_credit = 'BC' AND c.c_state = 'NV' AND c.c_balance > 2500 GROUP BY c.c_w_id, c.c_d_id, c.c_id, c.c_balance ORDER BY pending_orders DESC, c.c_balance DESC LIMIT 250",495,2,3,0,True,True,False,3,3,5,1,0,2,0,0,0,8091.19,8091.69,203.0,26,121635.0,52.547,10,8,3,Limit,2,0,1,0,1,0,1,2,1,31497,0,0,0,276000.0,120000.0,42901504,10428416,3,0.0016916666666666666
train_ch_product_sales_by_state,"SELECT i.i_id, i.i_name, COUNT(DISTINCT o.o_id) AS orders, SUM(ol.ol_quantity) AS units, SUM(ol.ol_amount) AS revenue FROM chbenchmark.customer c JOIN chbenchmark.oorder o ON o.o_w_id = c.c_w_id AND o.o_d_id = c.c_d_id AND o.o_c_id = c.c_id JOIN chbenchmark.order_line ol ON ol.ol_w_id = o.o_w_id AND ol.ol_d_id = o.o_d_id AND ol.ol_o_id = o.o_id JOIN chbenchmark.item i ON i.i_id = ol.ol_i_id WHERE c.c_state = 'CA' GROUP BY i.i_id, i.i_name ORDER BY revenue DESC LIMIT 150",474,3,1,0,True,True,False,4,4,5,3,3,0,0,0,0,32846.37,32846.75,150.0,88,554440.0,432.001,14,9,4,Limit,3,1,0,0,2,0,1,2,1,579090,5848,1764,1768,870000.0,600000.0,127729664,30187520,4,0.00025
train_ch_product_sales_by_state,"SELECT i.i_id, i.i_name, COUNT(DISTINCT o.o_id) AS orders, SUM(ol.ol_quantity) AS units, SUM(ol.ol_amount) AS revenue FROM chbenchmark.customer c JOIN chbenchmark.oorder o ON o.o_w_id = c.c_w_id AND o.o_d_id = c.c_d_id AND o.o_c_id = c.c_id JOIN chbenchmark.order_line ol ON ol.ol_w_id = o.o_w_id AND ol.ol_d_id = o.o_d_id AND ol.ol_o_id = o.o_id JOIN chbenchmark.item i ON i.i_id = ol.ol_i_id WHERE c.c_state = 'CA' GROUP BY i.i_id, i.i_name ORDER BY revenue DESC LIMIT 150",474,3,1,0,True,True,False,4,4,5,3,3,0,0,0,0,32846.37,32846.75,150.0,88,554440.0,498.567,14,9,4,Limit,3,1,0,0,2,0,1,2,1,584938,0,1764,1768,870000.0,600000.0,127729664,30187520,4,0.00025
train_ch_unsold_items,"SELECT i.i_id, i.i_name, i.i_price, s.s_quantity FROM chbenchmark.item i JOIN chbenchmark.stock s ON s.s_i_id = i.i_id AND s.s_w_id = 4 WHERE NOT EXISTS ( SELECT 1 FROM chbenchmark.order_line ol JOIN chbenchmark.oorder o ON o.o_w_id = ol.ol_w_id AND o.o_d_id = ol.ol_d_id AND o.o_id = ol.ol_o_id WHERE ol.ol_i_id = i.i_id AND ol.ol_w_id = 4 AND o.o_entry_d >= DATE '2025-04-23' - INTERVAL '90 days' ) ORDER BY s.s_quantity DESC LIMIT 300",437,2,4,1,False,True,False,4,4,5,0,2,0,0,0,0,18022.95,18041.16,156.0,26,272313.0,130.894,15,8,4,Limit,2,0,0,2,3,0,0,1,0,81022,0,0,0,870000.0,600000.0,113000448,28188672,4,0.00026
train_ch_unsold_items,"SELECT i.i_id, i.i_name, i.i_price, s.s_quantity FROM chbenchmark.item i JOIN chbenchmark.stock s ON s.s_i_id = i.i_id AND s.s_w_id = 4 WHERE NOT EXISTS ( SELECT 1 FROM chbenchmark.order_line ol JOIN chbenchmark.oorder o ON o.o_w_id = ol.ol_w_id AND o.o_d_id = ol.ol_d_id AND o.o_id = ol.ol_o_id WHERE ol.ol_i_id = i.i_id AND ol.ol_w_id = 4 AND o.o_entry_d >= DATE '2025-04-23' - INTERVAL '90 days' ) ORDER BY s.s_quantity DESC LIMIT 300",437,2,4,1,False,True,False,4,4,5,0,2,0,0,0,0,18022.95,18041.16,156.0,26,272313.0,134.944,15,8,4,Limit,2,0,0,2,3,0,0,1,0,81022,0,0,0,870000.0,600000.0,113000448,28188672,4,0.00026
train_ch_line_summary,"SELECT ol_number, SUM(ol_quantity) AS units, SUM(ol_amount) AS revenue, AVG(ol_amount) AS avg_amount, COUNT(*) AS line_count FROM chbenchmark.order_line WHERE ol_delivery_d >= DATE '2023-12-21' - INTERVAL '120 days' AND ol_delivery_d < DATE '2023-12-21' + INTERVAL '30 days' GROUP BY ol_number ORDER BY revenue DESC",315,0,2,0,True,True,False,1,1,5,4,0,0,0,0,0,12822.26,12822.27,5.0,108,24794.0,80.379,6,6,1,Sort,1,0,0,0,0,0,0,2,2,46994,0,0,0,600000.0,600000.0,84729856,20602880,1,8.333333333333334e-06
train_ch_line_summary,"SELECT ol_number, SUM(ol_quantity) AS units, SUM(ol_amount) AS revenue, AVG(ol_amount) AS avg_amount, COUNT(*) AS line_count FROM chbenchmark.order_line WHERE ol_delivery_d >= DATE '2023-12-21' - INTERVAL '120 days' AND ol_delivery_d < DATE '2023-12-21' + INTERVAL '30 days' GROUP BY ol_number ORDER BY revenue DESC",315,0,2,0,True,True,False,1,1,5,4,0,0,0,0,0,12822.26,12822.27,5.0,108,24794.0,120.366,6,6,1,Sort,1,0,0,0,0,0,0,2,2,46994,0,0,0,600000.0,600000.0,84729856,20602880,1,8.333333333333334e-06
train_ch_delivery_delay,"SELECT o.o_d_id, o.o_id, o.o_entry_d, MAX(ol.ol_delivery_d) AS completed_at, MAX(ol.ol_delivery_d) - o.o_entry_d AS elapsed FROM chbenchmark.oorder o JOIN chbenchmark.order_line ol ON ol.ol_w_id = o.o_w_id AND ol.ol_d_id = o.o_d_id AND ol.ol_o_id = o.o_id WHERE o.o_w_id = 3 AND ol.ol_delivery_d IS NOT NULL GROUP BY o.o_d_id, o.o_id, o.o_entry_d HAVING MAX(ol.ol_delivery_d) - o.o_entry_d > INTERVAL '48 hours' ORDER BY elapsed DESC LIMIT 250",443,1,2,0,True,True,False,2,2,5,3,1,0,0,0,0,18414.51,18415.14,250.0,40,469412.0,157.039,9,7,2,Limit,0,0,0,2,1,0,0,1,1,49846,0,0,0,720000.0,600000.0,96862208,24797184,2,0.0004166666666666667
train_ch_delivery_delay,"SELECT o.o_d_id, o.o_id, o.o_entry_d, MAX(ol.ol_delivery_d) AS completed_at, MAX(ol.ol_delivery_d) - o.o_entry_d AS elapsed FROM chbenchmark.oorder o JOIN chbenchmark.order_line ol ON ol.ol_w_id = o.o_w_id AND ol.ol_d_id = o.o_d_id AND ol.ol_o_id = o.o_id WHERE o.o_w_id = 3 AND ol.ol_delivery_d IS NOT NULL GROUP BY o.o_d_id, o.o_id, o.o_entry_d HAVING MAX(ol.ol_delivery_d) - o.o_entry_d > INTERVAL '48 hours' ORDER BY elapsed DESC LIMIT 250",443,1,2,0,True,True,False,2,2,5,3,1,0,0,0,0,18414.51,18415.14,250.0,40,469412.0,150.119,9,7,2,Limit,0,0,0,2,1,0,0,1,1,49846,0,0,0,720000.0,600000.0,96862208,24797184,2,0.0004166666666666667
train_ch_regional_low_stock,"SELECT r.r_name, n.n_name, su.su_name, i.i_id, i.i_name, MIN(s.s_quantity) AS minimum_quantity FROM chbenchmark.stock s JOIN chbenchmark.item i ON i.i_id = s.s_i_id JOIN chbenchmark.supplier su ON su.su_suppkey = MOD(s.s_w_id * s.s_i_id, 10000) JOIN chbenchmark.nation n ON n.n_nationkey = su.su_nationkey JOIN chbenchmark.region r ON r.r_regionkey = n.n_regionkey WHERE r.r_name = 'MIDDLE EAST' AND s.s_quantity < 60 GROUP BY r.r_name, n.n_name, su.su_name, i.i_id, i.i_name ORDER BY minimum_quantity, i.i_id LIMIT 250",519,4,2,0,True,True,False,5,5,6,1,4,0,0,0,0,4583.52,4584.14,250.0,52,106118.0,48.472,16,12,5,Limit,5,0,0,0,4,0,0,1,1,5037,6489,0,0,160030.0,120000.0,17670144,3702784,7,0.0020833333333333333
train_ch_regional_low_stock,"SELECT r.r_name, n.n_name, su.su_name, i.i_id, i.i_name, MIN(s.s_quantity) AS minimum_quantity FROM chbenchmark.stock s JOIN chbenchmark.item i ON i.i_id = s.s_i_id JOIN chbenchmark.supplier su ON su.su_suppkey = MOD(s.s_w_id * s.s_i_id, 10000) JOIN chbenchmark.nation n ON n.n_nationkey = su.su_nationkey JOIN chbenchmark.region r ON r.r_regionkey = n.n_regionkey WHERE r.r_name = 'MIDDLE EAST' AND s.s_quantity < 60 GROUP BY r.r_name, n.n_name, su.su_name, i.i_id, i.i_name ORDER BY minimum_quantity, i.i_id LIMIT 250",519,4,2,0,True,True,False,5,5,6,1,4,0,0,0,0,4583.52,4584.14,250.0,52,106118.0,41.229,16,12,5,Limit,5,0,0,0,4,0,0,1,1,10371,1155,0,0,160030.0,120000.0,17670144,3702784,7,0.0020833333333333333
train_ch_customer_order_totals,"SELECT c.c_id, c.c_first, c.c_last, COUNT(DISTINCT o.o_id) AS orders, SUM(ol.ol_amount) AS lifetime_value FROM chbenchmark.customer c JOIN chbenchmark.oorder o ON o.o_w_id = c.c_w_id AND o.o_d_id = c.c_d_id AND o.o_c_id = c.c_id JOIN chbenchmark.order_line ol ON ol.ol_w_id = o.o_w_id AND ol.ol_d_id = o.o_d_id AND ol.ol_o_id = o.o_id WHERE c.c_w_id = 3 GROUP BY c.c_id, c.c_first, c.c_last HAVING SUM(ol.ol_amount) > 10000 ORDER BY lifetime_value DESC LIMIT 200",462,2,1,0,True,True,False,3,3,5,3,2,0,0,0,0,40817.66,40818.16,200.0,63,347848.0,457.713,14,10,3,Limit,1,1,0,1,0,1,1,3,1,758115,30,0,0,840000.0,600000.0,124469248,29499392,3,0.0003333333333333333
train_ch_customer_order_totals,"SELECT c.c_id, c.c_first, c.c_last, COUNT(DISTINCT o.o_id) AS orders, SUM(ol.ol_amount) AS lifetime_value FROM chbenchmark.customer c JOIN chbenchmark.oorder o ON o.o_w_id = c.c_w_id AND o.o_d_id = c.c_d_id AND o.o_c_id = c.c_id JOIN chbenchmark.order_line ol ON ol.ol_w_id = o.o_w_id AND ol.ol_d_id = o.o_d_id AND ol.ol_o_id = o.o_id WHERE c.c_w_id = 3 GROUP BY c.c_id, c.c_first, c.c_last HAVING SUM(ol.ol_amount) > 10000 ORDER BY lifetime_value DESC LIMIT 200",462,2,1,0,True,True,False,3,3,5,3,2,0,0,0,0,40817.66,40818.16,200.0,63,347848.0,460.96,14,10,3,Limit,1,1,0,1,0,1,1,3,1,758145,0,0,0,840000.0,600000.0,124469248,29499392,3,0.0003333333333333333
train_ch_backlog,"SELECT no.no_d_id, COUNT(*) AS pending_orders, MIN(o.o_entry_d) AS oldest_order, SUM(ol.ol_amount) AS pending_value FROM chbenchmark.new_order no JOIN chbenchmark.oorder o ON o.o_w_id = no.no_w_id AND o.o_d_id = no.no_d_id AND o.o_id = no.no_o_id JOIN chbenchmark.order_line ol ON ol.ol_w_id = o.o_w_id AND ol.ol_d_id = o.o_d_id AND ol.ol_o_id = o.o_id WHERE no.no_w_id = 1 GROUP BY no.no_d_id ORDER BY oldest_order",415,2,1,0,True,True,False,3,3,4,3,2,0,0,0,0,15589.75,15589.78,10.0,52,208207.0,114.301,13,9,3,Sort,1,0,1,1,2,0,0,2,2,88866,1764,0,0,756000.0,600000.0,100024320,26329088,3,1.6666666666666667e-05
train_ch_backlog,"SELECT no.no_d_id, COUNT(*) AS pending_orders, MIN(o.o_entry_d) AS oldest_order, SUM(ol.ol_amount) AS pending_value FROM chbenchmark.new_order no JOIN chbenchmark.oorder o ON o.o_w_id = no.no_w_id AND o.o_d_id = no.no_d_id AND o.o_id = no.no_o_id JOIN chbenchmark.order_line ol ON ol.ol_w_id = o.o_w_id AND ol.ol_d_id = o.o_d_id AND ol.ol_o_id = o.o_id WHERE no.no_w_id = 1 GROUP BY no.no_d_id ORDER BY oldest_order",415,2,1,0,True,True,False,3,3,4,3,2,0,0,0,0,15589.75,15589.78,10.0,52,208207.0,109.369,13,9,3,Sort,1,0,1,1,2,0,0,2,2,90630,0,0,0,756000.0,600000.0,100024320,26329088,3,1.6666666666666667e-05
train_ch_item_price_band,"SELECT width_bucket(i_price, 50, 150, 8) AS price_band, COUNT(*) AS items, AVG(i_price) AS avg_price, COUNT(*) FILTER (WHERE i_data ILIKE '%PROMO%') AS promotional FROM chbenchmark.item WHERE i_price BETWEEN 50 AND 150 GROUP BY price_band ORDER BY price_band",258,0,2,0,True,True,False,1,1,4,3,0,0,0,0,0,1154.93,1336.34,6047.0,52,18141.0,16.638,3,3,1,Aggregate,1,0,0,0,0,0,0,1,1,930,0,0,0,30000.0,30000.0,3260416,688128,1,0.20156666666666667
train_ch_item_price_band,"SELECT width_bucket(i_price, 50, 150, 8) AS price_band, COUNT(*) AS items, AVG(i_price) AS avg_price, COUNT(*) FILTER (WHERE i_data ILIKE '%PROMO%') AS promotional FROM chbenchmark.item WHERE i_price BETWEEN 50 AND 150 GROUP BY price_band ORDER BY price_band",258,0,2,0,True,True,False,1,1,4,3,0,0,0,0,0,1154.93,1336.34,6047.0,52,18141.0,15.987,3,3,1,Aggregate,1,0,0,0,0,0,0,1,1,930,0,0,0,30000.0,30000.0,3260416,688128,1,0.20156666666666667
train_ch_supplier_sales,"SELECT su.su_suppkey, su.su_name, COUNT(*) AS supplied_lines, SUM(ol.ol_amount) AS revenue, AVG(s.s_quantity) AS avg_stock FROM chbenchmark.supplier su JOIN chbenchmark.stock s ON MOD(s.s_w_id * s.s_i_id, 10000) = su.su_suppkey JOIN chbenchmark.order_line ol ON ol.ol_supply_w_id = s.s_w_id AND ol.ol_i_id = s.s_i_id WHERE su.su_nationkey = 20 GROUP BY su.su_suppkey, su.su_name ORDER BY revenue DESC LIMIT 200",410,2,1,0,True,True,False,3,3,5,3,2,0,0,0,0,15968.43,15968.93,200.0,91,339636.0,131.609,13,11,3,Limit,3,0,0,0,2,0,0,2,2,73425,6370,0,0,730000.0,600000.0,99057664,23552000,3,0.0003333333333333333
train_ch_supplier_sales,"SELECT su.su_suppkey, su.su_name, COUNT(*) AS supplied_lines, SUM(ol.ol_amount) AS revenue, AVG(s.s_quantity) AS avg_stock FROM chbenchmark.supplier su JOIN chbenchmark.stock s ON MOD(s.s_w_id * s.s_i_id, 10000) = su.su_suppkey JOIN chbenchmark.order_line ol ON ol.ol_supply_w_id = s.s_w_id AND ol.ol_i_id = s.s_i_id WHERE su.su_nationkey = 20 GROUP BY su.su_suppkey, su.su_name ORDER BY revenue DESC LIMIT 200",410,2,1,0,True,True,False,3,3,5,3,2,0,0,0,0,15968.43,15968.93,200.0,91,339636.0,122.079,13,11,3,Limit,3,0,0,0,2,0,0,2,2,79795,0,0,0,730000.0,600000.0,99057664,23552000,3,0.0003333333333333333
train_ch_customer_balance_rank,"SELECT c_w_id, c_d_id, c_id, c_balance, DENSE_RANK() OVER (PARTITION BY c_w_id ORDER BY c_balance DESC) AS balance_rank, CUME_DIST() OVER (PARTITION BY c_w_id ORDER BY c_balance) AS balance_percentile FROM chbenchmark.customer WHERE c_state = 'NV' ORDER BY c_w_id, balance_rank LIMIT 500",287,0,1,0,False,True,False,1,1,6,2,0,0,0,0,0,6403.88,6462.63,500.0,34,101660.0,68.129,7,7,1,Limit,1,0,0,0,0,0,0,1,0,19544,0,0,0,120000.0,120000.0,27607040,4702208,1,0.004166666666666667
train_ch_customer_balance_rank,"SELECT c_w_id, c_d_id, c_id, c_balance, DENSE_RANK() OVER (PARTITION BY c_w_id ORDER BY c_balance DESC) AS balance_rank, CUME_DIST() OVER (PARTITION BY c_w_id ORDER BY c_balance) AS balance_percentile FROM chbenchmark.customer WHERE c_state = 'NV' ORDER BY c_w_id, balance_rank LIMIT 500",287,0,1,0,False,True,False,1,1,6,2,0,0,0,0,0,6403.88,6462.63,500.0,34,101660.0,62.914,7,7,1,Limit,1,0,0,0,0,0,0,1,0,19544,0,0,0,120000.0,120000.0,27607040,4702208,1,0.004166666666666667
train_ch_district_revenue,"SELECT o.o_d_id, COUNT(DISTINCT o.o_id) AS orders, SUM(ol.ol_quantity) AS units, SUM(ol.ol_amount) AS revenue FROM chbenchmark.oorder o JOIN chbenchmark.order_line ol ON ol.ol_w_id = o.o_w_id AND ol.ol_d_id = o.o_d_id AND ol.ol_o_id = o.o_id WHERE o.o_w_id = 4 AND o.o_entry_d >= DATE '2023-09-26' - INTERVAL '90 days' AND o.o_entry_d < DATE '2023-09-26' + INTERVAL '1 day' GROUP BY o.o_d_id ORDER BY revenue DESC",413,1,3,0,True,True,False,2,2,4,3,1,0,0,0,0,16526.64,16526.66,10.0,76,120930.0,83.563,9,8,2,Sort,1,0,0,1,1,0,0,2,1,70851,0,0,0,720000.0,600000.0,96862208,24797184,2,1.6666666666666667e-05
train_ch_district_revenue,"SELECT o.o_d_id, COUNT(DISTINCT o.o_id) AS orders, SUM(ol.ol_quantity) AS units, SUM(ol.ol_amount) AS revenue FROM chbenchmark.oorder o JOIN chbenchmark.order_line ol ON ol.ol_w_id = o.o_w_id AND ol.ol_d_id = o.o_d_id AND ol.ol_o_id = o.o_id WHERE o.o_w_id = 4 AND o.o_entry_d >= DATE '2023-09-26' - INTERVAL '90 days' AND o.o_entry_d < DATE '2023-09-26' + INTERVAL '1 day' GROUP BY o.o_d_id ORDER BY revenue DESC",413,1,3,0,True,True,False,2,2,4,3,1,0,0,0,0,16526.64,16526.66,10.0,76,120930.0,88.339,9,8,2,Sort,1,0,0,1,1,0,0,2,1,70851,0,0,0,720000.0,600000.0,96862208,24797184,2,1.6666666666666667e-05
train_ch_payment_activity,"SELECT h.h_w_id, h.h_d_id, COUNT(*) AS payments, SUM(h.h_amount) AS amount, COUNT(DISTINCT h.h_c_id) AS customers FROM chbenchmark.history h WHERE h.h_date >= DATE '2025-02-26' - INTERVAL '180 days' AND h.h_amount >= 50 GROUP BY h.h_w_id, h.h_d_id ORDER BY amount DESC",268,0,2,0,True,True,False,1,1,5,3,0,0,0,0,0,6872.9,6873.0,40.0,56,78940.0,94.602,4,4,1,Sort,1,0,0,0,0,0,0,2,1,0,5880,0,0,120000.0,120000.0,16670720,4595712,1,0.0003333333333333333
train_ch_payment_activity,"SELECT h.h_w_id, h.h_d_id, COUNT(*) AS payments, SUM(h.h_amount) AS amount, COUNT(DISTINCT h.h_c_id) AS customers FROM chbenchmark.history h WHERE h.h_date >= DATE '2025-02-26' - INTERVAL '180 days' AND h.h_amount >= 50 GROUP BY h.h_w_id, h.h_d_id ORDER BY amount DESC",268,0,2,0,True,True,False,1,1,5,3,0,0,0,0,0,6872.9,6873.0,40.0,56,78940.0,85.349,4,4,1,Sort,1,0,0,0,0,0,0,2,1,5880,0,0,0,120000.0,120000.0,16670720,4595712,1,0.0003333333333333333
train_ch_promotional_items,"SELECT i.i_id, i.i_name, SUM(ol.ol_quantity) AS units, SUM(ol.ol_amount) AS revenue FROM chbenchmark.item i JOIN chbenchmark.order_line ol ON ol.ol_i_id = i.i_id JOIN chbenchmark.oorder o ON o.o_w_id = ol.ol_w_id AND o.o_d_id = ol.ol_d_id AND o.o_id = ol.ol_o_id WHERE i.i_data ILIKE '%PROMO%' AND o.o_entry_d >= DATE '2024-05-30' - INTERVAL '365 days' GROUP BY i.i_id, i.i_name ORDER BY revenue DESC LIMIT 100",410,2,2,0,True,True,False,3,3,4,2,2,0,0,0,0,14027.33,14027.58,100.0,80,258942.0,127.258,12,10,3,Limit,2,1,0,0,1,0,1,2,2,268943,1024,0,0,750000.0,600000.0,100122624,25485312,3,0.00016666666666666666
train_ch_promotional_items,"SELECT i.i_id, i.i_name, SUM(ol.ol_quantity) AS units, SUM(ol.ol_amount) AS revenue FROM chbenchmark.item i JOIN chbenchmark.order_line ol ON ol.ol_i_id = i.i_id JOIN chbenchmark.oorder o ON o.o_w_id = ol.ol_w_id AND o.o_d_id = ol.ol_d_id AND o.o_id = ol.ol_o_id WHERE i.i_data ILIKE '%PROMO%' AND o.o_entry_d >= DATE '2024-05-30' - INTERVAL '365 days' GROUP BY i.i_id, i.i_name ORDER BY revenue DESC LIMIT 100",410,2,2,0,True,True,False,3,3,4,2,2,0,0,0,0,14027.33,14027.58,100.0,80,258942.0,133.807,12,10,3,Limit,2,1,0,0,1,0,1,2,2,269967,0,0,0,750000.0,600000.0,100122624,25485312,3,0.00016666666666666666
train_ch_repeat_customers,"SELECT c.c_state, COUNT(*) AS repeat_customers, AVG(customer_orders.order_count) AS avg_orders FROM chbenchmark.customer c JOIN ( SELECT o_w_id, o_d_id, o_c_id, COUNT(*) AS order_count FROM chbenchmark.oorder GROUP BY o_w_id, o_d_id, o_c_id HAVING COUNT(*) >= 5 ) customer_orders ON customer_orders.o_w_id = c.c_w_id AND customer_orders.o_d_id = c.c_d_id AND customer_orders.o_c_id = c.c_id GROUP BY c.c_state ORDER BY repeat_customers DESC",440,1,0,1,True,True,False,2,2,7,4,1,0,0,0,0,8562.17,8562.18,4.0,43,252016.0,160.536,9,8,2,Sort,2,0,0,0,1,0,0,2,2,7730,0,1169,2289,240000.0,120000.0,39739392,8896512,2,3.3333333333333335e-05
train_ch_repeat_customers,"SELECT c.c_state, COUNT(*) AS repeat_customers, AVG(customer_orders.order_count) AS avg_orders FROM chbenchmark.customer c JOIN ( SELECT o_w_id, o_d_id, o_c_id, COUNT(*) AS order_count FROM chbenchmark.oorder GROUP BY o_w_id, o_d_id, o_c_id HAVING COUNT(*) >= 5 ) customer_orders ON customer_orders.o_w_id = c.c_w_id AND customer_orders.o_d_id = c.c_d_id AND customer_orders.o_c_id = c.c_id GROUP BY c.c_state ORDER BY repeat_customers DESC",440,1,0,1,True,True,False,2,2,7,4,1,0,0,0,0,8562.17,8562.18,4.0,43,252016.0,133.315,9,8,2,Sort,2,0,0,0,1,0,0,2,2,7730,0,1169,2289,240000.0,120000.0,39739392,8896512,2,3.3333333333333335e-05
train_ch_warehouse_inventory,"SELECT s.s_w_id, COUNT(*) AS sku_count, SUM(s.s_quantity) AS units, SUM(s.s_quantity * i.i_price) AS inventory_value FROM chbenchmark.stock s JOIN chbenchmark.item i ON i.i_id = s.s_i_id WHERE s.s_w_id = 1 AND i.i_data ILIKE '%PROMO%' GROUP BY s.s_w_id",252,1,2,0,True,False,False,2,2,4,3,1,0,0,0,0,0.29,2669.86,1.0,52,598.0,26.758,4,3,2,Aggregate,1,1,0,0,0,0,1,0,1,3354,249,0,0,150000.0,120000.0,16138240,3391488,2,8.333333333333334e-06
train_ch_warehouse_inventory,"SELECT s.s_w_id, COUNT(*) AS sku_count, SUM(s.s_quantity) AS units, SUM(s.s_quantity * i.i_price) AS inventory_value FROM chbenchmark.stock s JOIN chbenchmark.item i ON i.i_id = s.s_i_id WHERE s.s_w_id = 1 AND i.i_data ILIKE '%PROMO%' GROUP BY s.s_w_id",252,1,2,0,True,False,False,2,2,4,3,1,0,0,0,0,0.29,2669.86,1.0,52,598.0,27.302,4,3,2,Aggregate,1,1,0,0,0,0,1,0,1,3603,0,0,0,150000.0,120000.0,16138240,3391488,2,8.333333333333334e-06
train_ch_regional_low_stock,"SELECT r.r_name, n.n_name, su.su_name, i.i_id, i.i_name, MIN(s.s_quantity) AS minimum_quantity FROM chbenchmark.stock s JOIN chbenchmark.item i ON i.i_id = s.s_i_id JOIN chbenchmark.supplier su ON su.su_suppkey = MOD(s.s_w_id * s.s_i_id, 10000) JOIN chbenchmark.nation n ON n.n_nationkey = su.su_nationkey JOIN chbenchmark.region r ON r.r_regionkey = n.n_regionkey WHERE r.r_name = 'MIDDLE EAST' AND s.s_quantity < 25 GROUP BY r.r_name, n.n_name, su.su_name, i.i_id, i.i_name ORDER BY minimum_quantity, i.i_id LIMIT 250",519,4,2,0,True,True,False,5,5,6,1,4,0,0,0,0,4019.83,4020.46,250.0,52,62279.0,33.387,16,12,5,Limit,5,0,0,0,4,0,0,1,1,11526,0,0,0,160030.0,120000.0,17670144,3702784,7,0.0020833333333333333
train_ch_regional_low_stock,"SELECT r.r_name, n.n_name, su.su_name, i.i_id, i.i_name, MIN(s.s_quantity) AS minimum_quantity FROM chbenchmark.stock s JOIN chbenchmark.item i ON i.i_id = s.s_i_id JOIN chbenchmark.supplier su ON su.su_suppkey = MOD(s.s_w_id * s.s_i_id, 10000) JOIN chbenchmark.nation n ON n.n_nationkey = su.su_nationkey JOIN chbenchmark.region r ON r.r_regionkey = n.n_regionkey WHERE r.r_name = 'MIDDLE EAST' AND s.s_quantity < 25 GROUP BY r.r_name, n.n_name, su.su_name, i.i_id, i.i_name ORDER BY minimum_quantity, i.i_id LIMIT 250",519,4,2,0,True,True,False,5,5,6,1,4,0,0,0,0,4019.83,4020.46,250.0,52,62279.0,27.614,16,12,5,Limit,5,0,0,0,4,0,0,1,1,11526,0,0,0,160030.0,120000.0,17670144,3702784,7,0.0020833333333333333
train_ch_product_sales_by_state,"SELECT i.i_id, i.i_name, COUNT(DISTINCT o.o_id) AS orders, SUM(ol.ol_quantity) AS units, SUM(ol.ol_amount) AS revenue FROM chbenchmark.customer c JOIN chbenchmark.oorder o ON o.o_w_id = c.c_w_id AND o.o_d_id = c.c_d_id AND o.o_c_id = c.c_id JOIN chbenchmark.order_line ol ON ol.ol_w_id = o.o_w_id AND ol.ol_d_id = o.o_d_id AND ol.ol_o_id = o.o_id JOIN chbenchmark.item i ON i.i_id = ol.ol_i_id WHERE c.c_state = 'NV' GROUP BY i.i_id, i.i_name ORDER BY revenue DESC LIMIT 150",474,3,1,0,True,True,False,4,4,5,3,3,0,0,0,0,32408.0,32408.38,150.0,88,543640.0,482.779,14,9,4,Limit,3,1,0,0,2,0,1,2,1,565706,19184,1764,1768,870000.0,600000.0,127729664,30187520,4,0.00025
train_ch_product_sales_by_state,"SELECT i.i_id, i.i_name, COUNT(DISTINCT o.o_id) AS orders, SUM(ol.ol_quantity) AS units, SUM(ol.ol_amount) AS revenue FROM chbenchmark.customer c JOIN chbenchmark.oorder o ON o.o_w_id = c.c_w_id AND o.o_d_id = c.c_d_id AND o.o_c_id = c.c_id JOIN chbenchmark.order_line ol ON ol.ol_w_id = o.o_w_id AND ol.ol_d_id = o.o_d_id AND ol.ol_o_id = o.o_id JOIN chbenchmark.item i ON i.i_id = ol.ol_i_id WHERE c.c_state = 'NV' GROUP BY i.i_id, i.i_name ORDER BY revenue DESC LIMIT 150",474,3,1,0,True,True,False,4,4,5,3,3,0,0,0,0,32408.0,32408.38,150.0,88,543640.0,461.388,14,9,4,Limit,3,1,0,0,2,0,1,2,1,562066,22824,1764,1768,870000.0,600000.0,127729664,30187520,4,0.00025
train_ch_district_daily_sales,"WITH daily AS ( SELECT o.o_entry_d::date AS day, o.o_d_id, SUM(ol.ol_amount) AS revenue FROM chbenchmark.oorder o JOIN chbenchmark.order_line ol ON ol.ol_w_id = o.o_w_id AND ol.ol_d_id = o.o_d_id AND ol.ol_o_id = o.o_id WHERE o.o_w_id = 4 GROUP BY o.o_entry_d::date, o.o_d_id ) SELECT day, o_d_id, revenue, AVG(revenue) OVER (PARTITION BY o_d_id ORDER BY day ROWS BETWEEN 29 PRECEDING AND CURRENT ROW) AS rolling_revenue FROM daily ORDER BY o_d_id, day",452,1,1,1,True,True,False,2,2,7,2,1,0,0,0,0,20795.95,21396.25,30016.0,72,624816.0,222.086,9,7,2,WindowAgg,0,0,0,2,1,0,0,1,1,42041,7805,0,0,720000.0,600000.0,96862208,24797184,2,0.050026666666666664
train_ch_district_daily_sales,"WITH daily AS ( SELECT o.o_entry_d::date AS day, o.o_d_id, SUM(ol.ol_amount) AS revenue FROM chbenchmark.oorder o JOIN chbenchmark.order_line ol ON ol.ol_w_id = o.o_w_id AND ol.ol_d_id = o.o_d_id AND ol.ol_o_id = o.o_id WHERE o.o_w_id = 4 GROUP BY o.o_entry_d::date, o.o_d_id ) SELECT day, o_d_id, revenue, AVG(revenue) OVER (PARTITION BY o_d_id ORDER BY day ROWS BETWEEN 29 PRECEDING AND CURRENT ROW) AS rolling_revenue FROM daily ORDER BY o_d_id, day",452,1,1,1,True,True,False,2,2,7,2,1,0,0,0,0,20795.95,21396.25,30016.0,72,624816.0,200.961,9,7,2,WindowAgg,0,0,0,2,1,0,0,1,1,49846,0,0,0,720000.0,600000.0,96862208,24797184,2,0.050026666666666664
train_ch_supplier_sales,"SELECT su.su_suppkey, su.su_name, COUNT(*) AS supplied_lines, SUM(ol.ol_amount) AS revenue, AVG(s.s_quantity) AS avg_stock FROM chbenchmark.supplier su JOIN chbenchmark.stock s ON MOD(s.s_w_id * s.s_i_id, 10000) = su.su_suppkey JOIN chbenchmark.order_line ol ON ol.ol_supply_w_id = s.s_w_id AND ol.ol_i_id = s.s_i_id WHERE su.su_nationkey = 16 GROUP BY su.su_suppkey, su.su_name ORDER BY revenue DESC LIMIT 200",410,2,1,0,True,True,False,3,3,5,3,2,0,0,0,0,15968.43,15968.93,200.0,91,339636.0,121.119,13,11,3,Limit,3,0,0,0,2,0,0,2,2,74615,5180,0,0,730000.0,600000.0,99057664,23552000,3,0.0003333333333333333
train_ch_supplier_sales,"SELECT su.su_suppkey, su.su_name, COUNT(*) AS supplied_lines, SUM(ol.ol_amount) AS revenue, AVG(s.s_quantity) AS avg_stock FROM chbenchmark.supplier su JOIN chbenchmark.stock s ON MOD(s.s_w_id * s.s_i_id, 10000) = su.su_suppkey JOIN chbenchmark.order_line ol ON ol.ol_supply_w_id = s.s_w_id AND ol.ol_i_id = s.s_i_id WHERE su.su_nationkey = 16 GROUP BY su.su_suppkey, su.su_name ORDER BY revenue DESC LIMIT 200",410,2,1,0,True,True,False,3,3,5,3,2,0,0,0,0,15968.43,15968.93,200.0,91,339636.0,124.999,13,11,3,Limit,3,0,0,0,2,0,0,2,2,79795,0,0,0,730000.0,600000.0,99057664,23552000,3,0.0003333333333333333
train_ch_delivery_delay,"SELECT o.o_d_id, o.o_id, o.o_entry_d, MAX(ol.ol_delivery_d) AS completed_at, MAX(ol.ol_delivery_d) - o.o_entry_d AS elapsed FROM chbenchmark.oorder o JOIN chbenchmark.order_line ol ON ol.ol_w_id = o.o_w_id AND ol.ol_d_id = o.o_d_id AND ol.ol_o_id = o.o_id WHERE o.o_w_id = 1 AND ol.ol_delivery_d IS NOT NULL GROUP BY o.o_d_id, o.o_id, o.o_entry_d HAVING MAX(ol.ol_delivery_d) - o.o_entry_d > INTERVAL '72 hours' ORDER BY elapsed DESC LIMIT 250",443,1,2,0,True,True,False,2,2,5,3,1,0,0,0,0,18400.23,18400.85,250.0,40,468460.0,147.862,9,7,2,Limit,0,0,0,2,1,0,0,1,1,49293,0,0,0,720000.0,600000.0,96862208,24797184,2,0.0004166666666666667
train_ch_delivery_delay,"SELECT o.o_d_id, o.o_id, o.o_entry_d, MAX(ol.ol_delivery_d) AS completed_at, MAX(ol.ol_delivery_d) - o.o_entry_d AS elapsed FROM chbenchmark.oorder o JOIN chbenchmark.order_line ol ON ol.ol_w_id = o.o_w_id AND ol.ol_d_id = o.o_d_id AND ol.ol_o_id = o.o_id WHERE o.o_w_id = 1 AND ol.ol_delivery_d IS NOT NULL GROUP BY o.o_d_id, o.o_id, o.o_entry_d HAVING MAX(ol.ol_delivery_d) - o.o_entry_d > INTERVAL '72 hours' ORDER BY elapsed DESC LIMIT 250",443,1,2,0,True,True,False,2,2,5,3,1,0,0,0,0,18400.23,18400.85,250.0,40,468460.0,173.7,9,7,2,Limit,0,0,0,2,1,0,0,1,1,49293,0,0,0,720000.0,600000.0,96862208,24797184,2,0.0004166666666666667
train_ch_promotional_items,"SELECT i.i_id, i.i_name, SUM(ol.ol_quantity) AS units, SUM(ol.ol_amount) AS revenue FROM chbenchmark.item i JOIN chbenchmark.order_line ol ON ol.ol_i_id = i.i_id JOIN chbenchmark.oorder o ON o.o_w_id = ol.ol_w_id AND o.o_d_id = ol.ol_d_id AND o.o_id = ol.ol_o_id WHERE i.i_data ILIKE '%PROMO%' AND o.o_entry_d >= DATE '2023-04-08' - INTERVAL '365 days' GROUP BY i.i_id, i.i_name ORDER BY revenue DESC LIMIT 100",410,2,2,0,True,True,False,3,3,4,2,2,0,0,0,0,13919.45,13919.7,100.0,80,257451.0,138.06,12,10,3,Limit,2,1,0,0,1,0,1,2,2,269817,8,0,0,750000.0,600000.0,100122624,25485312,3,0.00016666666666666666
train_ch_promotional_items,"SELECT i.i_id, i.i_name, SUM(ol.ol_quantity) AS units, SUM(ol.ol_amount) AS revenue FROM chbenchmark.item i JOIN chbenchmark.order_line ol ON ol.ol_i_id = i.i_id JOIN chbenchmark.oorder o ON o.o_w_id = ol.ol_w_id AND o.o_d_id = ol.ol_d_id AND o.o_id = ol.ol_o_id WHERE i.i_data ILIKE '%PROMO%' AND o.o_entry_d >= DATE '2023-04-08' - INTERVAL '365 days' GROUP BY i.i_id, i.i_name ORDER BY revenue DESC LIMIT 100",410,2,2,0,True,True,False,3,3,4,2,2,0,0,0,0,13919.45,13919.7,100.0,80,257451.0,136.898,12,10,3,Limit,2,1,0,0,1,0,1,2,2,269825,0,0,0,750000.0,600000.0,100122624,25485312,3,0.00016666666666666666
train_ch_order_basket,"SELECT o.o_d_id, o.o_id, o.o_entry_d, COUNT(*) AS lines, SUM(ol.ol_quantity) AS units, SUM(ol.ol_amount) AS basket_value FROM chbenchmark.oorder o JOIN chbenchmark.order_line ol ON ol.ol_w_id = o.o_w_id AND ol.ol_d_id = o.o_d_id AND ol.ol_o_id = o.o_id WHERE o.o_w_id = 1 GROUP BY o.o_d_id, o.o_id, o.o_entry_d HAVING SUM(ol.ol_amount) >= 250 ORDER BY basket_value DESC LIMIT 300",379,1,1,0,True,True,False,2,2,6,4,1,0,0,0,0,30478.99,30479.74,300.0,88,388030.0,267.972,11,10,2,Limit,1,0,0,1,1,0,0,2,2,92809,12,1632,1632,720000.0,600000.0,96862208,24797184,2,0.0005
train_ch_order_basket,"SELECT o.o_d_id, o.o_id, o.o_entry_d, COUNT(*) AS lines, SUM(ol.ol_quantity) AS units, SUM(ol.ol_amount) AS basket_value FROM chbenchmark.oorder o JOIN chbenchmark.order_line ol ON ol.ol_w_id = o.o_w_id AND ol.ol_d_id = o.o_d_id AND ol.ol_o_id = o.o_id WHERE o.o_w_id = 1 GROUP BY o.o_d_id, o.o_id, o.o_entry_d HAVING SUM(ol.ol_amount) >= 250 ORDER BY basket_value DESC LIMIT 300",379,1,1,0,True,True,False,2,2,6,4,1,0,0,0,0,30478.99,30479.74,300.0,88,388030.0,262.474,11,10,2,Limit,1,0,0,1,1,0,0,2,2,92821,0,1632,1632,720000.0,600000.0,96862208,24797184,2,0.0005
train_ch_repeat_customers,"SELECT c.c_state, COUNT(*) AS repeat_customers, AVG(customer_orders.order_count) AS avg_orders FROM chbenchmark.customer c JOIN ( SELECT o_w_id, o_d_id, o_c_id, COUNT(*) AS order_count FROM chbenchmark.oorder GROUP BY o_w_id, o_d_id, o_c_id HAVING COUNT(*) >= 2 ) customer_orders ON customer_orders.o_w_id = c.c_w_id AND customer_orders.o_d_id = c.c_d_id AND customer_orders.o_c_id = c.c_id GROUP BY c.c_state ORDER BY repeat_customers DESC",440,1,0,1,True,True,False,2,2,7,4,1,0,0,0,0,8562.17,8562.18,4.0,43,252016.0,119.937,9,8,2,Sort,2,0,0,0,1,0,0,2,2,7730,0,1169,2289,240000.0,120000.0,39739392,8896512,2,3.3333333333333335e-05
train_ch_repeat_customers,"SELECT c.c_state, COUNT(*) AS repeat_customers, AVG(customer_orders.order_count) AS avg_orders FROM chbenchmark.customer c JOIN ( SELECT o_w_id, o_d_id, o_c_id, COUNT(*) AS order_count FROM chbenchmark.oorder GROUP BY o_w_id, o_d_id, o_c_id HAVING COUNT(*) >= 2 ) customer_orders ON customer_orders.o_w_id = c.c_w_id AND customer_orders.o_d_id = c.c_d_id AND customer_orders.o_c_id = c.c_id GROUP BY c.c_state ORDER BY repeat_customers DESC",440,1,0,1,True,True,False,2,2,7,4,1,0,0,0,0,8562.17,8562.18,4.0,43,252016.0,187.48,9,8,2,Sort,2,0,0,0,1,0,0,2,2,7730,0,1169,2289,240000.0,120000.0,39739392,8896512,2,3.3333333333333335e-05
train_ch_item_price_band,"SELECT width_bucket(i_price, 10, 210, 8) AS price_band, COUNT(*) AS items, AVG(i_price) AS avg_price, COUNT(*) FILTER (WHERE i_data ILIKE '%PROMO%') AS promotional FROM chbenchmark.item WHERE i_price BETWEEN 10 AND 210 GROUP BY price_band ORDER BY price_band",258,0,2,0,True,True,False,1,1,4,3,0,0,0,0,0,1610.33,1973.15,12094.0,52,36282.0,74.308,3,3,1,Aggregate,1,0,0,0,0,0,0,1,1,930,0,0,0,30000.0,30000.0,3260416,688128,1,0.40313333333333334
train_ch_item_price_band,"SELECT width_bucket(i_price, 10, 210, 8) AS price_band, COUNT(*) AS items, AVG(i_price) AS avg_price, COUNT(*) FILTER (WHERE i_data ILIKE '%PROMO%') AS promotional FROM chbenchmark.item WHERE i_price BETWEEN 10 AND 210 GROUP BY price_band ORDER BY price_band",258,0,2,0,True,True,False,1,1,4,3,0,0,0,0,0,1610.33,1973.15,12094.0,52,36282.0,55.059,3,3,1,Aggregate,1,0,0,0,0,0,0,1,1,930,0,0,0,30000.0,30000.0,3260416,688128,1,0.40313333333333334
train_ch_line_summary,"SELECT ol_number, SUM(ol_quantity) AS units, SUM(ol_amount) AS revenue, AVG(ol_amount) AS avg_amount, COUNT(*) AS line_count FROM chbenchmark.order_line WHERE ol_delivery_d >= DATE '2025-01-15' - INTERVAL '120 days' AND ol_delivery_d < DATE '2025-01-15' + INTERVAL '30 days' GROUP BY ol_number ORDER BY revenue DESC",315,0,2,0,True,True,False,1,1,5,4,0,0,0,0,0,12807.85,12807.86,5.0,108,23353.0,76.783,6,6,1,Sort,1,0,0,0,0,0,0,2,2,46994,0,0,0,600000.0,600000.0,84729856,20602880,1,8.333333333333334e-06
train_ch_line_summary,"SELECT ol_number, SUM(ol_quantity) AS units, SUM(ol_amount) AS revenue, AVG(ol_amount) AS avg_amount, COUNT(*) AS line_count FROM chbenchmark.order_line WHERE ol_delivery_d >= DATE '2025-01-15' - INTERVAL '120 days' AND ol_delivery_d < DATE '2025-01-15' + INTERVAL '30 days' GROUP BY ol_number ORDER BY revenue DESC",315,0,2,0,True,True,False,1,1,5,4,0,0,0,0,0,12807.85,12807.86,5.0,108,23353.0,68.597,6,6,1,Sort,1,0,0,0,0,0,0,2,2,46994,0,0,0,600000.0,600000.0,84729856,20602880,1,8.333333333333334e-06
train_ch_district_revenue,"SELECT o.o_d_id, COUNT(DISTINCT o.o_id) AS orders, SUM(ol.ol_quantity) AS units, SUM(ol.ol_amount) AS revenue FROM chbenchmark.oorder o JOIN chbenchmark.order_line ol ON ol.ol_w_id = o.o_w_id AND ol.ol_d_id = o.o_d_id AND ol.ol_o_id = o.o_id WHERE o.o_w_id = 2 AND o.o_entry_d >= DATE '2023-06-16' - INTERVAL '90 days' AND o.o_entry_d < DATE '2023-06-16' + INTERVAL '1 day' GROUP BY o.o_d_id ORDER BY revenue DESC",413,1,3,0,True,True,False,2,2,4,3,1,0,0,0,0,16532.58,16532.6,10.0,76,122523.0,108.905,9,8,2,Sort,1,0,0,1,1,0,0,2,1,70851,0,0,0,720000.0,600000.0,96862208,24797184,2,1.6666666666666667e-05
train_ch_district_revenue,"SELECT o.o_d_id, COUNT(DISTINCT o.o_id) AS orders, SUM(ol.ol_quantity) AS units, SUM(ol.ol_amount) AS revenue FROM chbenchmark.oorder o JOIN chbenchmark.order_line ol ON ol.ol_w_id = o.o_w_id AND ol.ol_d_id = o.o_d_id AND ol.ol_o_id = o.o_id WHERE o.o_w_id = 2 AND o.o_entry_d >= DATE '2023-06-16' - INTERVAL '90 days' AND o.o_entry_d < DATE '2023-06-16' + INTERVAL '1 day' GROUP BY o.o_d_id ORDER BY revenue DESC",413,1,3,0,True,True,False,2,2,4,3,1,0,0,0,0,16532.58,16532.6,10.0,76,122523.0,132.958,9,8,2,Sort,1,0,0,1,1,0,0,2,1,70851,0,0,0,720000.0,600000.0,96862208,24797184,2,1.6666666666666667e-05
train_ch_customer_last_order,"SELECT c.c_id, c.c_first, c.c_last, latest.o_id, latest.o_entry_d, latest.order_value FROM chbenchmark.customer c LEFT JOIN LATERAL ( SELECT o.o_id, o.o_entry_d, SUM(ol.ol_amount) AS order_value FROM chbenchmark.oorder o JOIN chbenchmark.order_line ol ON ol.ol_w_id = o.o_w_id AND ol.ol_d_id = o.o_d_id AND ol.ol_o_id = o.o_id WHERE o.o_w_id = c.c_w_id AND o.o_d_id = c.c_d_id AND o.o_c_id = c.c_id GROUP BY o.o_id, o.o_entry_d ORDER BY o.o_entry_d DESC LIMIT 1 ) latest ON true WHERE c.c_w_id = 4 AND c.c_d_id = 3 ORDER BY latest.o_entry_d DESC NULLS LAST LIMIT 300",566,2,5,1,True,True,False,3,3,9,1,1,1,0,0,0,2939997.81,2939998.56,300.0,67,12043.0,4955.489,12,10,3,Limit,1,1,0,1,0,0,2,2,1,26623557,1016,0,0,840000.0,600000.0,124469248,29499392,3,0.0005
train_ch_customer_last_order,"SELECT c.c_id, c.c_first, c.c_last, latest.o_id, latest.o_entry_d, latest.order_value FROM chbenchmark.customer c LEFT JOIN LATERAL ( SELECT o.o_id, o.o_entry_d, SUM(ol.ol_amount) AS order_value FROM chbenchmark.oorder o JOIN chbenchmark.order_line ol ON ol.ol_w_id = o.o_w_id AND ol.ol_d_id = o.o_d_id AND ol.ol_o_id = o.o_id WHERE o.o_w_id = c.c_w_id AND o.o_d_id = c.c_d_id AND o.o_c_id = c.c_id GROUP BY o.o_id, o.o_entry_d ORDER BY o.o_entry_d DESC LIMIT 1 ) latest ON true WHERE c.c_w_id = 4 AND c.c_d_id = 3 ORDER BY latest.o_entry_d DESC NULLS LAST LIMIT 300",566,2,5,1,True,True,False,3,3,9,1,1,1,0,0,0,2939997.81,2939998.56,300.0,67,12043.0,5043.737,12,10,3,Limit,1,1,0,1,0,0,2,2,1,26613993,10580,0,0,840000.0,600000.0,124469248,29499392,3,0.0005
train_ch_customer_balance_rank,"SELECT c_w_id, c_d_id, c_id, c_balance, DENSE_RANK() OVER (PARTITION BY c_w_id ORDER BY c_balance DESC) AS balance_rank, CUME_DIST() OVER (PARTITION BY c_w_id ORDER BY c_balance) AS balance_percentile FROM chbenchmark.customer WHERE c_state = 'OH' ORDER BY c_w_id, balance_rank LIMIT 500",287,0,1,0,False,True,False,1,1,6,2,0,0,0,0,0,6476.67,6535.48,500.0,34,104876.0,64.459,7,7,1,Limit,1,0,0,0,0,0,0,1,0,19544,0,0,0,120000.0,120000.0,27607040,4702208,1,0.004166666666666667
train_ch_customer_balance_rank,"SELECT c_w_id, c_d_id, c_id, c_balance, DENSE_RANK() OVER (PARTITION BY c_w_id ORDER BY c_balance DESC) AS balance_rank, CUME_DIST() OVER (PARTITION BY c_w_id ORDER BY c_balance) AS balance_percentile FROM chbenchmark.customer WHERE c_state = 'OH' ORDER BY c_w_id, balance_rank LIMIT 500",287,0,1,0,False,True,False,1,1,6,2,0,0,0,0,0,6476.67,6535.48,500.0,34,104876.0,71.379,7,7,1,Limit,1,0,0,0,0,0,0,1,0,19544,0,0,0,120000.0,120000.0,27607040,4702208,1,0.004166666666666667
train_ch_customer_order_totals,"SELECT c.c_id, c.c_first, c.c_last, COUNT(DISTINCT o.o_id) AS orders, SUM(ol.ol_amount) AS lifetime_value FROM chbenchmark.customer c JOIN chbenchmark.oorder o ON o.o_w_id = c.c_w_id AND o.o_d_id = c.c_d_id AND o.o_c_id = c.c_id JOIN chbenchmark.order_line ol ON ol.ol_w_id = o.o_w_id AND ol.ol_d_id = o.o_d_id AND ol.ol_o_id = o.o_id WHERE c.c_w_id = 4 GROUP BY c.c_id, c.c_first, c.c_last HAVING SUM(ol.ol_amount) > 5000 ORDER BY lifetime_value DESC LIMIT 200",461,2,1,0,True,True,False,3,3,5,3,2,0,0,0,0,40756.13,40756.63,200.0,63,346052.0,502.668,14,10,3,Limit,1,1,0,1,0,1,1,3,1,758115,30,0,0,840000.0,600000.0,124469248,29499392,3,0.0003333333333333333
train_ch_customer_order_totals,"SELECT c.c_id, c.c_first, c.c_last, COUNT(DISTINCT o.o_id) AS orders, SUM(ol.ol_amount) AS lifetime_value FROM chbenchmark.customer c JOIN chbenchmark.oorder o ON o.o_w_id = c.c_w_id AND o.o_d_id = c.c_d_id AND o.o_c_id = c.c_id JOIN chbenchmark.order_line ol ON ol.ol_w_id = o.o_w_id AND ol.ol_d_id = o.o_d_id AND ol.ol_o_id = o.o_id WHERE c.c_w_id = 4 GROUP BY c.c_id, c.c_first, c.c_last HAVING SUM(ol.ol_amount) > 5000 ORDER BY lifetime_value DESC LIMIT 200",461,2,1,0,True,True,False,3,3,5,3,2,0,0,0,0,40756.13,40756.63,200.0,63,346052.0,472.275,14,10,3,Limit,1,1,0,1,0,1,1,3,1,758145,0,0,0,840000.0,600000.0,124469248,29499392,3,0.0003333333333333333
train_ch_payment_activity,"SELECT h.h_w_id, h.h_d_id, COUNT(*) AS payments, SUM(h.h_amount) AS amount, COUNT(DISTINCT h.h_c_id) AS customers FROM chbenchmark.history h WHERE h.h_date >= DATE '2023-09-30' - INTERVAL '180 days' AND h.h_amount >= 100 GROUP BY h.h_w_id, h.h_d_id ORDER BY amount DESC",269,0,2,0,True,True,False,1,1,5,3,0,0,0,0,0,10271.81,10271.91,40.0,56,146244.0,137.05,4,4,1,Sort,1,0,0,0,0,0,0,2,1,0,5880,807,810,120000.0,120000.0,16670720,4595712,1,0.0003333333333333333
train_ch_payment_activity,"SELECT h.h_w_id, h.h_d_id, COUNT(*) AS payments, SUM(h.h_amount) AS amount, COUNT(DISTINCT h.h_c_id) AS customers FROM chbenchmark.history h WHERE h.h_date >= DATE '2023-09-30' - INTERVAL '180 days' AND h.h_amount >= 100 GROUP BY h.h_w_id, h.h_d_id ORDER BY amount DESC",269,0,2,0,True,True,False,1,1,5,3,0,0,0,0,0,10271.81,10271.91,40.0,56,146244.0,162.909,4,4,1,Sort,1,0,0,0,0,0,0,2,1,5880,0,807,810,120000.0,120000.0,16670720,4595712,1,0.0003333333333333333
train_ch_warehouse_inventory,"SELECT s.s_w_id, COUNT(*) AS sku_count, SUM(s.s_quantity) AS units, SUM(s.s_quantity * i.i_price) AS inventory_value FROM chbenchmark.stock s JOIN chbenchmark.item i ON i.i_id = s.s_i_id WHERE s.s_w_id = 1 AND i.i_data ILIKE '%standard%' GROUP BY s.s_w_id",255,1,2,0,True,False,False,2,2,4,3,1,0,0,0,0,1612.92,3667.2,1.0,52,147116.0,66.661,6,4,2,Aggregate,1,0,0,1,1,0,0,0,1,1240,1262,0,0,150000.0,120000.0,16138240,3391488,2,8.333333333333334e-06
train_ch_warehouse_inventory,"SELECT s.s_w_id, COUNT(*) AS sku_count, SUM(s.s_quantity) AS units, SUM(s.s_quantity * i.i_price) AS inventory_value FROM chbenchmark.stock s JOIN chbenchmark.item i ON i.i_id = s.s_i_id WHERE s.s_w_id = 1 AND i.i_data ILIKE '%standard%' GROUP BY s.s_w_id",255,1,2,0,True,False,False,2,2,4,3,1,0,0,0,0,1612.92,3667.2,1.0,52,147116.0,65.395,6,4,2,Aggregate,1,0,0,1,1,0,0,0,1,2502,0,0,0,150000.0,120000.0,16138240,3391488,2,8.333333333333334e-06
train_ch_remote_supply,"SELECT ol.ol_supply_w_id, COUNT(*) AS remote_lines, SUM(ol.ol_quantity) AS units, SUM(ol.ol_amount) AS revenue FROM chbenchmark.order_line ol WHERE ol.ol_w_id = 3 AND ol.ol_supply_w_id <> ol.ol_w_id GROUP BY ol.ol_supply_w_id ORDER BY revenue DESC",247,0,2,0,True,True,False,1,1,4,3,0,0,0,0,0,13196.32,13196.33,4.0,76,62228.0,73.778,6,6,1,Sort,1,0,0,0,0,0,0,2,2,46994,0,0,0,600000.0,600000.0,84729856,20602880,1,6.666666666666667e-06
train_ch_remote_supply,"SELECT ol.ol_supply_w_id, COUNT(*) AS remote_lines, SUM(ol.ol_quantity) AS units, SUM(ol.ol_amount) AS revenue FROM chbenchmark.order_line ol WHERE ol.ol_w_id = 3 AND ol.ol_supply_w_id <> ol.ol_w_id GROUP BY ol.ol_supply_w_id ORDER BY revenue DESC",247,0,2,0,True,True,False,1,1,4,3,0,0,0,0,0,13196.32,13196.33,4.0,76,62228.0,76.595,6,6,1,Sort,1,0,0,0,0,0,0,2,2,46994,0,0,0,600000.0,600000.0,84729856,20602880,1,6.666666666666667e-06
train_ch_unsold_items,"SELECT i.i_id, i.i_name, i.i_price, s.s_quantity FROM chbenchmark.item i JOIN chbenchmark.stock s ON s.s_i_id = i.i_id AND s.s_w_id = 1 WHERE NOT EXISTS ( SELECT 1 FROM chbenchmark.order_line ol JOIN chbenchmark.oorder o ON o.o_w_id = ol.ol_w_id AND o.o_d_id = ol.ol_d_id AND o.o_id = ol.ol_o_id WHERE ol.ol_i_id = i.i_id AND ol.ol_w_id = 1 AND o.o_entry_d >= DATE '2023-02-18' - INTERVAL '90 days' ) ORDER BY s.s_quantity DESC LIMIT 300",437,2,4,1,False,True,False,4,4,5,0,2,0,0,0,0,18770.64,18788.84,156.0,26,358184.0,179.414,15,8,4,Limit,2,0,0,2,3,0,0,1,0,80991,0,0,0,870000.0,600000.0,113000448,28188672,4,0.00026
train_ch_unsold_items,"SELECT i.i_id, i.i_name, i.i_price, s.s_quantity FROM chbenchmark.item i JOIN chbenchmark.stock s ON s.s_i_id = i.i_id AND s.s_w_id = 1 WHERE NOT EXISTS ( SELECT 1 FROM chbenchmark.order_line ol JOIN chbenchmark.oorder o ON o.o_w_id = ol.ol_w_id AND o.o_d_id = ol.ol_d_id AND o.o_id = ol.ol_o_id WHERE ol.ol_i_id = i.i_id AND ol.ol_w_id = 1 AND o.o_entry_d >= DATE '2023-02-18' - INTERVAL '90 days' ) ORDER BY s.s_quantity DESC LIMIT 300",437,2,4,1,False,True,False,4,4,5,0,2,0,0,0,0,18770.64,18788.84,156.0,26,358184.0,157.8,15,8,4,Limit,2,0,0,2,3,0,0,1,0,80991,0,0,0,870000.0,600000.0,113000448,28188672,4,0.00026
train_ch_credit_risk,"SELECT c.c_w_id, c.c_d_id, c.c_id, c.c_balance, COUNT(no.no_o_id) AS pending_orders FROM chbenchmark.customer c LEFT JOIN chbenchmark.oorder o ON o.o_w_id = c.c_w_id AND o.o_d_id = c.c_d_id AND o.o_c_id = c.c_id LEFT JOIN chbenchmark.new_order no ON no.no_w_id = o.o_w_id AND no.no_d_id = o.o_d_id AND no.no_o_id = o.o_id WHERE c.c_credit = 'BC' AND c.c_state = 'NV' AND c.c_balance > 1000 GROUP BY c.c_w_id, c.c_d_id, c.c_id, c.c_balance ORDER BY pending_orders DESC, c.c_balance DESC LIMIT 250",495,2,3,0,True,True,False,3,3,5,1,0,2,0,0,0,8479.42,8480.05,250.0,26,127568.0,73.775,10,8,3,Limit,2,0,1,0,1,0,1,2,1,41025,1032,0,0,276000.0,120000.0,42901504,10428416,3,0.0020833333333333333
train_ch_credit_risk,"SELECT c.c_w_id, c.c_d_id, c.c_id, c.c_balance, COUNT(no.no_o_id) AS pending_orders FROM chbenchmark.customer c LEFT JOIN chbenchmark.oorder o ON o.o_w_id = c.c_w_id AND o.o_d_id = c.c_d_id AND o.o_c_id = c.c_id LEFT JOIN chbenchmark.new_order no ON no.no_w_id = o.o_w_id AND no.no_d_id = o.o_d_id AND no.no_o_id = o.o_id WHERE c.c_credit = 'BC' AND c.c_state = 'NV' AND c.c_balance > 1000 GROUP BY c.c_w_id, c.c_d_id, c.c_id, c.c_balance ORDER BY pending_orders DESC, c.c_balance DESC LIMIT 250",495,2,3,0,True,True,False,3,3,5,1,0,2,0,0,0,8479.42,8480.05,250.0,26,127568.0,63.266,10,8,3,Limit,2,0,1,0,1,0,1,2,1,42057,0,0,0,276000.0,120000.0,42901504,10428416,3,0.0020833333333333333
train_ch_backlog,"SELECT no.no_d_id, COUNT(*) AS pending_orders, MIN(o.o_entry_d) AS oldest_order, SUM(ol.ol_amount) AS pending_value FROM chbenchmark.new_order no JOIN chbenchmark.oorder o ON o.o_w_id = no.no_w_id AND o.o_d_id = no.no_d_id AND o.o_id = no.no_o_id JOIN chbenchmark.order_line ol ON ol.ol_w_id = o.o_w_id AND ol.ol_d_id = o.o_d_id AND ol.ol_o_id = o.o_id WHERE no.no_w_id = 1 GROUP BY no.no_d_id ORDER BY oldest_order",415,2,1,0,True,True,False,3,3,4,3,2,0,0,0,0,15589.75,15589.78,10.0,52,208207.0,112.824,13,9,3,Sort,1,0,1,1,2,0,0,2,2,90585,45,0,0,756000.0,600000.0,100024320,26329088,3,1.6666666666666667e-05
train_ch_backlog,"SELECT no.no_d_id, COUNT(*) AS pending_orders, MIN(o.o_entry_d) AS oldest_order, SUM(ol.ol_amount) AS pending_value FROM chbenchmark.new_order no JOIN chbenchmark.oorder o ON o.o_w_id = no.no_w_id AND o.o_d_id = no.no_d_id AND o.o_id = no.no_o_id JOIN chbenchmark.order_line ol ON ol.ol_w_id = o.o_w_id AND ol.ol_d_id = o.o_d_id AND ol.ol_o_id = o.o_id WHERE no.no_w_id = 1 GROUP BY no.no_d_id ORDER BY oldest_order",415,2,1,0,True,True,False,3,3,4,3,2,0,0,0,0,15589.75,15589.78,10.0,52,208207.0,110.832,13,9,3,Sort,1,0,1,1,2,0,0,2,2,90630,0,0,0,756000.0,600000.0,100024320,26329088,3,1.6666666666666667e-05
train_ch_customer_last_order,"SELECT c.c_id, c.c_first, c.c_last, latest.o_id, latest.o_entry_d, latest.order_value FROM chbenchmark.customer c LEFT JOIN LATERAL ( SELECT o.o_id, o.o_entry_d, SUM(ol.ol_amount) AS order_value FROM chbenchmark.oorder o JOIN chbenchmark.order_line ol ON ol.ol_w_id = o.o_w_id AND ol.ol_d_id = o.o_d_id AND ol.ol_o_id = o.o_id WHERE o.o_w_id = c.c_w_id AND o.o_d_id = c.c_d_id AND o.o_c_id = c.c_id GROUP BY o.o_id, o.o_entry_d ORDER BY o.o_entry_d DESC LIMIT 1 ) latest ON true WHERE c.c_w_id = 4 AND c.c_d_id = 9 ORDER BY latest.o_entry_d DESC NULLS LAST LIMIT 300",566,2,5,1,True,True,False,3,3,9,1,1,1,0,0,0,2952364.76,2952365.51,300.0,67,12085.0,4560.622,12,10,3,Limit,1,1,0,1,0,0,2,2,1,26624573,0,0,0,840000.0,600000.0,124469248,29499392,3,0.0005
train_ch_customer_last_order,"SELECT c.c_id, c.c_first, c.c_last, latest.o_id, latest.o_entry_d, latest.order_value FROM chbenchmark.customer c LEFT JOIN LATERAL ( SELECT o.o_id, o.o_entry_d, SUM(ol.ol_amount) AS order_value FROM chbenchmark.oorder o JOIN chbenchmark.order_line ol ON ol.ol_w_id = o.o_w_id AND ol.ol_d_id = o.o_d_id AND ol.ol_o_id = o.o_id WHERE o.o_w_id = c.c_w_id AND o.o_d_id = c.c_d_id AND o.o_c_id = c.c_id GROUP BY o.o_id, o.o_entry_d ORDER BY o.o_entry_d DESC LIMIT 1 ) latest ON true WHERE c.c_w_id = 4 AND c.c_d_id = 9 ORDER BY latest.o_entry_d DESC NULLS LAST LIMIT 300",566,2,5,1,True,True,False,3,3,9,1,1,1,0,0,0,2952364.76,2952365.51,300.0,67,12085.0,5099.473,12,10,3,Limit,1,1,0,1,0,0,2,2,1,26624573,0,0,0,840000.0,600000.0,124469248,29499392,3,0.0005
train_ch_backlog,"SELECT no.no_d_id, COUNT(*) AS pending_orders, MIN(o.o_entry_d) AS oldest_order, SUM(ol.ol_amount) AS pending_value FROM chbenchmark.new_order no JOIN chbenchmark.oorder o ON o.o_w_id = no.no_w_id AND o.o_d_id = no.no_d_id AND o.o_id = no.no_o_id JOIN chbenchmark.order_line ol ON ol.ol_w_id = o.o_w_id AND ol.ol_d_id = o.o_d_id AND ol.ol_o_id = o.o_id WHERE no.no_w_id = 1 GROUP BY no.no_d_id ORDER BY oldest_order",415,2,1,0,True,True,False,3,3,4,3,2,0,0,0,0,15589.75,15589.78,10.0,52,208207.0,122.263,13,9,3,Sort,1,0,1,1,2,0,0,2,2,90630,0,0,0,756000.0,600000.0,100024320,26329088,3,1.6666666666666667e-05
train_ch_backlog,"SELECT no.no_d_id, COUNT(*) AS pending_orders, MIN(o.o_entry_d) AS oldest_order, SUM(ol.ol_amount) AS pending_value FROM chbenchmark.new_order no JOIN chbenchmark.oorder o ON o.o_w_id = no.no_w_id AND o.o_d_id = no.no_d_id AND o.o_id = no.no_o_id JOIN chbenchmark.order_line ol ON ol.ol_w_id = o.o_w_id AND ol.ol_d_id = o.o_d_id AND ol.ol_o_id = o.o_id WHERE no.no_w_id = 1 GROUP BY no.no_d_id ORDER BY oldest_order",415,2,1,0,True,True,False,3,3,4,3,2,0,0,0,0,15589.75,15589.78,10.0,52,208207.0,118.574,13,9,3,Sort,1,0,1,1,2,0,0,2,2,90630,0,0,0,756000.0,600000.0,100024320,26329088,3,1.6666666666666667e-05
train_ch_supplier_sales,"SELECT su.su_suppkey, su.su_name, COUNT(*) AS supplied_lines, SUM(ol.ol_amount) AS revenue, AVG(s.s_quantity) AS avg_stock FROM chbenchmark.supplier su JOIN chbenchmark.stock s ON MOD(s.s_w_id * s.s_i_id, 10000) = su.su_suppkey JOIN chbenchmark.order_line ol ON ol.ol_supply_w_id = s.s_w_id AND ol.ol_i_id = s.s_i_id WHERE su.su_nationkey = 8 GROUP BY su.su_suppkey, su.su_name ORDER BY revenue DESC LIMIT 200",409,2,1,0,True,True,False,3,3,5,3,2,0,0,0,0,15968.43,15968.93,200.0,91,339636.0,117.675,13,11,3,Limit,3,0,0,0,2,0,0,2,2,70515,9280,0,0,730000.0,600000.0,99057664,23552000,3,0.0003333333333333333
train_ch_supplier_sales,"SELECT su.su_suppkey, su.su_name, COUNT(*) AS supplied_lines, SUM(ol.ol_amount) AS revenue, AVG(s.s_quantity) AS avg_stock FROM chbenchmark.supplier su JOIN chbenchmark.stock s ON MOD(s.s_w_id * s.s_i_id, 10000) = su.su_suppkey JOIN chbenchmark.order_line ol ON ol.ol_supply_w_id = s.s_w_id AND ol.ol_i_id = s.s_i_id WHERE su.su_nationkey = 8 GROUP BY su.su_suppkey, su.su_name ORDER BY revenue DESC LIMIT 200",409,2,1,0,True,True,False,3,3,5,3,2,0,0,0,0,15968.43,15968.93,200.0,91,339636.0,120.514,13,11,3,Limit,3,0,0,0,2,0,0,2,2,79795,0,0,0,730000.0,600000.0,99057664,23552000,3,0.0003333333333333333
train_ch_promotional_items,"SELECT i.i_id, i.i_name, SUM(ol.ol_quantity) AS units, SUM(ol.ol_amount) AS revenue FROM chbenchmark.item i JOIN chbenchmark.order_line ol ON ol.ol_i_id = i.i_id JOIN chbenchmark.oorder o ON o.o_w_id = ol.ol_w_id AND o.o_d_id = ol.ol_d_id AND o.o_id = ol.ol_o_id WHERE i.i_data ILIKE '%PROMO%' AND o.o_entry_d >= DATE '2023-12-08' - INTERVAL '365 days' GROUP BY i.i_id, i.i_name ORDER BY revenue DESC LIMIT 100",410,2,2,0,True,True,False,3,3,4,2,2,0,0,0,0,13919.45,13919.7,100.0,80,257451.0,138.612,12,10,3,Limit,2,1,0,0,1,0,1,2,2,269745,80,0,0,750000.0,600000.0,100122624,25485312,3,0.00016666666666666666
train_ch_promotional_items,"SELECT i.i_id, i.i_name, SUM(ol.ol_quantity) AS units, SUM(ol.ol_amount) AS revenue FROM chbenchmark.item i JOIN chbenchmark.order_line ol ON ol.ol_i_id = i.i_id JOIN chbenchmark.oorder o ON o.o_w_id = ol.ol_w_id AND o.o_d_id = ol.ol_d_id AND o.o_id = ol.ol_o_id WHERE i.i_data ILIKE '%PROMO%' AND o.o_entry_d >= DATE '2023-12-08' - INTERVAL '365 days' GROUP BY i.i_id, i.i_name ORDER BY revenue DESC LIMIT 100",410,2,2,0,True,True,False,3,3,4,2,2,0,0,0,0,13919.45,13919.7,100.0,80,257451.0,131.455,12,10,3,Limit,2,1,0,0,1,0,1,2,2,269825,0,0,0,750000.0,600000.0,100122624,25485312,3,0.00016666666666666666
train_ch_product_sales_by_state,"SELECT i.i_id, i.i_name, COUNT(DISTINCT o.o_id) AS orders, SUM(ol.ol_quantity) AS units, SUM(ol.ol_amount) AS revenue FROM chbenchmark.customer c JOIN chbenchmark.oorder o ON o.o_w_id = c.c_w_id AND o.o_d_id = c.c_d_id AND o.o_c_id = c.c_id JOIN chbenchmark.order_line ol ON ol.ol_w_id = o.o_w_id AND ol.ol_d_id = o.o_d_id AND ol.ol_o_id = o.o_id JOIN chbenchmark.item i ON i.i_id = ol.ol_i_id WHERE c.c_state = 'TX' GROUP BY i.i_id, i.i_name ORDER BY revenue DESC LIMIT 150",474,3,1,0,True,True,False,4,4,5,3,3,0,0,0,0,32495.62,32495.99,150.0,88,545800.0,429.018,14,9,4,Limit,3,1,0,0,2,0,1,2,1,572234,13896,1768,1772,870000.0,600000.0,127729664,30187520,4,0.00025
train_ch_product_sales_by_state,"SELECT i.i_id, i.i_name, COUNT(DISTINCT o.o_id) AS orders, SUM(ol.ol_quantity) AS units, SUM(ol.ol_amount) AS revenue FROM chbenchmark.customer c JOIN chbenchmark.oorder o ON o.o_w_id = c.c_w_id AND o.o_d_id = c.c_d_id AND o.o_c_id = c.c_id JOIN chbenchmark.order_line ol ON ol.ol_w_id = o.o_w_id AND ol.ol_d_id = o.o_d_id AND ol.ol_o_id = o.o_id JOIN chbenchmark.item i ON i.i_id = ol.ol_i_id WHERE c.c_state = 'TX' GROUP BY i.i_id, i.i_name ORDER BY revenue DESC LIMIT 150",474,3,1,0,True,True,False,4,4,5,3,3,0,0,0,0,32495.62,32495.99,150.0,88,545800.0,440.173,14,9,4,Limit,3,1,0,0,2,0,1,2,1,586130,0,1768,1772,870000.0,600000.0,127729664,30187520,4,0.00025
train_ch_credit_risk,"SELECT c.c_w_id, c.c_d_id, c.c_id, c.c_balance, COUNT(no.no_o_id) AS pending_orders FROM chbenchmark.customer c LEFT JOIN chbenchmark.oorder o ON o.o_w_id = c.c_w_id AND o.o_d_id = c.c_d_id AND o.o_c_id = c.c_id LEFT JOIN chbenchmark.new_order no ON no.no_w_id = o.o_w_id AND no.no_d_id = o.o_d_id AND no.no_o_id = o.o_id WHERE c.c_credit = 'BC' AND c.c_state = 'FL' AND c.c_balance > 5000 GROUP BY c.c_w_id, c.c_d_id, c.c_id, c.c_balance ORDER BY pending_orders DESC, c.c_balance DESC LIMIT 250",495,2,3,0,True,True,False,3,3,5,1,0,2,0,0,0,5992.29,5992.3,1.0,26,3009.0,22.928,10,8,3,Limit,1,0,1,1,0,0,2,2,1,19544,0,0,0,276000.0,120000.0,42901504,10428416,3,8.333333333333334e-06
train_ch_credit_risk,"SELECT c.c_w_id, c.c_d_id, c.c_id, c.c_balance, COUNT(no.no_o_id) AS pending_orders FROM chbenchmark.customer c LEFT JOIN chbenchmark.oorder o ON o.o_w_id = c.c_w_id AND o.o_d_id = c.c_d_id AND o.o_c_id = c.c_id LEFT JOIN chbenchmark.new_order no ON no.no_w_id = o.o_w_id AND no.no_d_id = o.o_d_id AND no.no_o_id = o.o_id WHERE c.c_credit = 'BC' AND c.c_state = 'FL' AND c.c_balance > 5000 GROUP BY c.c_w_id, c.c_d_id, c.c_id, c.c_balance ORDER BY pending_orders DESC, c.c_balance DESC LIMIT 250",495,2,3,0,True,True,False,3,3,5,1,0,2,0,0,0,5992.29,5992.3,1.0,26,3009.0,25.636,10,8,3,Limit,1,0,1,1,0,0,2,2,1,19544,0,0,0,276000.0,120000.0,42901504,10428416,3,8.333333333333334e-06
train_ch_line_summary,"SELECT ol_number, SUM(ol_quantity) AS units, SUM(ol_amount) AS revenue, AVG(ol_amount) AS avg_amount, COUNT(*) AS line_count FROM chbenchmark.order_line WHERE ol_delivery_d >= DATE '2025-08-01' - INTERVAL '120 days' AND ol_delivery_d < DATE '2025-08-01' + INTERVAL '30 days' GROUP BY ol_number ORDER BY revenue DESC",315,0,2,0,True,True,False,1,1,5,4,0,0,0,0,0,12804.72,12804.73,5.0,108,23040.0,66.375,6,6,1,Sort,1,0,0,0,0,0,0,2,2,45776,1218,0,0,600000.0,600000.0,84729856,20602880,1,8.333333333333334e-06
train_ch_line_summary,"SELECT ol_number, SUM(ol_quantity) AS units, SUM(ol_amount) AS revenue, AVG(ol_amount) AS avg_amount, COUNT(*) AS line_count FROM chbenchmark.order_line WHERE ol_delivery_d >= DATE '2025-08-01' - INTERVAL '120 days' AND ol_delivery_d < DATE '2025-08-01' + INTERVAL '30 days' GROUP BY ol_number ORDER BY revenue DESC",315,0,2,0,True,True,False,1,1,5,4,0,0,0,0,0,12804.72,12804.73,5.0,108,23040.0,71.823,6,6,1,Sort,1,0,0,0,0,0,0,2,2,46352,642,0,0,600000.0,600000.0,84729856,20602880,1,8.333333333333334e-06
train_ch_district_revenue,"SELECT o.o_d_id, COUNT(DISTINCT o.o_id) AS orders, SUM(ol.ol_quantity) AS units, SUM(ol.ol_amount) AS revenue FROM chbenchmark.oorder o JOIN chbenchmark.order_line ol ON ol.ol_w_id = o.o_w_id AND ol.ol_d_id = o.o_d_id AND ol.ol_o_id = o.o_id WHERE o.o_w_id = 2 AND o.o_entry_d >= DATE '2025-03-28' - INTERVAL '90 days' AND o.o_entry_d < DATE '2025-03-28' + INTERVAL '1 day' GROUP BY o.o_d_id ORDER BY revenue DESC",413,1,3,0,True,True,False,2,2,4,3,1,0,0,0,0,16440.52,16440.54,10.0,76,121229.0,88.762,9,8,2,Sort,1,0,0,1,1,0,0,2,1,70647,204,0,0,720000.0,600000.0,96862208,24797184,2,1.6666666666666667e-05
train_ch_district_revenue,"SELECT o.o_d_id, COUNT(DISTINCT o.o_id) AS orders, SUM(ol.ol_quantity) AS units, SUM(ol.ol_amount) AS revenue FROM chbenchmark.oorder o JOIN chbenchmark.order_line ol ON ol.ol_w_id = o.o_w_id AND ol.ol_d_id = o.o_d_id AND ol.ol_o_id = o.o_id WHERE o.o_w_id = 2 AND o.o_entry_d >= DATE '2025-03-28' - INTERVAL '90 days' AND o.o_entry_d < DATE '2025-03-28' + INTERVAL '1 day' GROUP BY o.o_d_id ORDER BY revenue DESC",413,1,3,0,True,True,False,2,2,4,3,1,0,0,0,0,16440.52,16440.54,10.0,76,121229.0,91.735,9,8,2,Sort,1,0,0,1,1,0,0,2,1,70839,12,0,0,720000.0,600000.0,96862208,24797184,2,1.6666666666666667e-05
train_ch_district_daily_sales,"WITH daily AS ( SELECT o.o_entry_d::date AS day, o.o_d_id, SUM(ol.ol_amount) AS revenue FROM chbenchmark.oorder o JOIN chbenchmark.order_line ol ON ol.ol_w_id = o.o_w_id AND ol.ol_d_id = o.o_d_id AND ol.ol_o_id = o.o_id WHERE o.o_w_id = 1 GROUP BY o.o_entry_d::date, o.o_d_id ) SELECT day, o_d_id, revenue, AVG(revenue) OVER (PARTITION BY o_d_id ORDER BY day ROWS BETWEEN 29 PRECEDING AND CURRENT ROW) AS rolling_revenue FROM daily ORDER BY o_d_id, day",452,1,1,1,True,True,False,2,2,7,2,1,0,0,0,0,20867.82,21471.64,30192.0,72,628632.0,208.18,9,7,2,WindowAgg,0,0,0,2,1,0,0,1,1,49293,0,0,0,720000.0,600000.0,96862208,24797184,2,0.05032
train_ch_district_daily_sales,"WITH daily AS ( SELECT o.o_entry_d::date AS day, o.o_d_id, SUM(ol.ol_amount) AS revenue FROM chbenchmark.oorder o JOIN chbenchmark.order_line ol ON ol.ol_w_id = o.o_w_id AND ol.ol_d_id = o.o_d_id AND ol.ol_o_id = o.o_id WHERE o.o_w_id = 1 GROUP BY o.o_entry_d::date, o.o_d_id ) SELECT day, o_d_id, revenue, AVG(revenue) OVER (PARTITION BY o_d_id ORDER BY day ROWS BETWEEN 29 PRECEDING AND CURRENT ROW) AS rolling_revenue FROM daily ORDER BY o_d_id, day",452,1,1,1,True,True,False,2,2,7,2,1,0,0,0,0,20867.82,21471.64,30192.0,72,628632.0,193.436,9,7,2,WindowAgg,0,0,0,2,1,0,0,1,1,49293,0,0,0,720000.0,600000.0,96862208,24797184,2,0.05032
train_ch_unsold_items,"SELECT i.i_id, i.i_name, i.i_price, s.s_quantity FROM chbenchmark.item i JOIN chbenchmark.stock s ON s.s_i_id = i.i_id AND s.s_w_id = 2 WHERE NOT EXISTS ( SELECT 1 FROM chbenchmark.order_line ol JOIN chbenchmark.oorder o ON o.o_w_id = ol.ol_w_id AND o.o_d_id = ol.ol_d_id AND o.o_id = ol.ol_o_id WHERE ol.ol_i_id = i.i_id AND ol.ol_w_id = 2 AND o.o_entry_d >= DATE '2024-10-27' - INTERVAL '90 days' ) ORDER BY s.s_quantity DESC LIMIT 300",437,2,4,1,False,True,False,4,4,5,0,2,0,0,0,0,18226.28,18244.71,158.0,26,295800.0,143.054,15,8,4,Limit,2,0,0,2,3,0,0,1,0,78196,2819,0,0,870000.0,600000.0,113000448,28188672,4,0.00026333333333333336
train_ch_unsold_items,"SELECT i.i_id, i.i_name, i.i_price, s.s_quantity FROM chbenchmark.item i JOIN chbenchmark.stock s ON s.s_i_id = i.i_id AND s.s_w_id = 2 WHERE NOT EXISTS ( SELECT 1 FROM chbenchmark.order_line ol JOIN chbenchmark.oorder o ON o.o_w_id = ol.ol_w_id AND o.o_d_id = ol.ol_d_id AND o.o_id = ol.ol_o_id WHERE ol.ol_i_id = i.i_id AND ol.ol_w_id = 2 AND o.o_entry_d >= DATE '2024-10-27' - INTERVAL '90 days' ) ORDER BY s.s_quantity DESC LIMIT 300",437,2,4,1,False,True,False,4,4,5,0,2,0,0,0,0,18226.28,18244.71,158.0,26,295800.0,135.685,15,8,4,Limit,2,0,0,2,3,0,0,1,0,81015,0,0,0,870000.0,600000.0,113000448,28188672,4,0.00026333333333333336
train_ch_warehouse_inventory,"SELECT s.s_w_id, COUNT(*) AS sku_count, SUM(s.s_quantity) AS units, SUM(s.s_quantity * i.i_price) AS inventory_value FROM chbenchmark.stock s JOIN chbenchmark.item i ON i.i_id = s.s_i_id WHERE s.s_w_id = 1 AND i.i_data ILIKE '%PROMO%' GROUP BY s.s_w_id",252,1,2,0,True,False,False,2,2,4,3,1,0,0,0,0,0.29,2669.86,1.0,52,598.0,24.375,4,3,2,Aggregate,1,1,0,0,0,0,1,0,1,3603,0,0,0,150000.0,120000.0,16138240,3391488,2,8.333333333333334e-06
train_ch_warehouse_inventory,"SELECT s.s_w_id, COUNT(*) AS sku_count, SUM(s.s_quantity) AS units, SUM(s.s_quantity * i.i_price) AS inventory_value FROM chbenchmark.stock s JOIN chbenchmark.item i ON i.i_id = s.s_i_id WHERE s.s_w_id = 1 AND i.i_data ILIKE '%PROMO%' GROUP BY s.s_w_id",252,1,2,0,True,False,False,2,2,4,3,1,0,0,0,0,0.29,2669.86,1.0,52,598.0,23.518,4,3,2,Aggregate,1,1,0,0,0,0,1,0,1,3603,0,0,0,150000.0,120000.0,16138240,3391488,2,8.333333333333334e-06
train_ch_delivery_delay,"SELECT o.o_d_id, o.o_id, o.o_entry_d, MAX(ol.ol_delivery_d) AS completed_at, MAX(ol.ol_delivery_d) - o.o_entry_d AS elapsed FROM chbenchmark.oorder o JOIN chbenchmark.order_line ol ON ol.ol_w_id = o.o_w_id AND ol.ol_d_id = o.o_d_id AND ol.ol_o_id = o.o_id WHERE o.o_w_id = 2 AND ol.ol_delivery_d IS NOT NULL GROUP BY o.o_d_id, o.o_id, o.o_entry_d HAVING MAX(ol.ol_delivery_d) - o.o_entry_d > INTERVAL '24 hours' ORDER BY elapsed DESC LIMIT 250",443,1,2,0,True,True,False,2,2,5,3,1,0,0,0,0,18538.83,18539.45,250.0,40,475598.0,165.825,9,7,2,Limit,0,0,0,2,1,0,0,1,1,49300,0,0,0,720000.0,600000.0,96862208,24797184,2,0.0004166666666666667
train_ch_delivery_delay,"SELECT o.o_d_id, o.o_id, o.o_entry_d, MAX(ol.ol_delivery_d) AS completed_at, MAX(ol.ol_delivery_d) - o.o_entry_d AS elapsed FROM chbenchmark.oorder o JOIN chbenchmark.order_line ol ON ol.ol_w_id = o.o_w_id AND ol.ol_d_id = o.o_d_id AND ol.ol_o_id = o.o_id WHERE o.o_w_id = 2 AND ol.ol_delivery_d IS NOT NULL GROUP BY o.o_d_id, o.o_id, o.o_entry_d HAVING MAX(ol.ol_delivery_d) - o.o_entry_d > INTERVAL '24 hours' ORDER BY elapsed DESC LIMIT 250",443,1,2,0,True,True,False,2,2,5,3,1,0,0,0,0,18538.83,18539.45,250.0,40,475598.0,146.558,9,7,2,Limit,0,0,0,2,1,0,0,1,1,49300,0,0,0,720000.0,600000.0,96862208,24797184,2,0.0004166666666666667
train_ch_customer_balance_rank,"SELECT c_w_id, c_d_id, c_id, c_balance, DENSE_RANK() OVER (PARTITION BY c_w_id ORDER BY c_balance DESC) AS balance_rank, CUME_DIST() OVER (PARTITION BY c_w_id ORDER BY c_balance) AS balance_percentile FROM chbenchmark.customer WHERE c_state = 'CA' ORDER BY c_w_id, balance_rank LIMIT 500",287,0,1,0,False,True,False,1,1,6,2,0,0,0,0,0,6485.37,6544.18,500.0,34,105260.0,65.104,7,7,1,Limit,1,0,0,0,0,0,0,1,0,19544,0,0,0,120000.0,120000.0,27607040,4702208,1,0.004166666666666667
train_ch_customer_balance_rank,"SELECT c_w_id, c_d_id, c_id, c_balance, DENSE_RANK() OVER (PARTITION BY c_w_id ORDER BY c_balance DESC) AS balance_rank, CUME_DIST() OVER (PARTITION BY c_w_id ORDER BY c_balance) AS balance_percentile FROM chbenchmark.customer WHERE c_state = 'CA' ORDER BY c_w_id, balance_rank LIMIT 500",287,0,1,0,False,True,False,1,1,6,2,0,0,0,0,0,6485.37,6544.18,500.0,34,105260.0,71.33,7,7,1,Limit,1,0,0,0,0,0,0,1,0,19544,0,0,0,120000.0,120000.0,27607040,4702208,1,0.004166666666666667
train_ch_remote_supply,"SELECT ol.ol_supply_w_id, COUNT(*) AS remote_lines, SUM(ol.ol_quantity) AS units, SUM(ol.ol_amount) AS revenue FROM chbenchmark.order_line ol WHERE ol.ol_w_id = 4 AND ol.ol_supply_w_id <> ol.ol_w_id GROUP BY ol.ol_supply_w_id ORDER BY revenue DESC",247,0,2,0,True,True,False,1,1,4,3,0,0,0,0,0,13188.86,13188.87,4.0,76,61482.0,77.549,6,6,1,Sort,1,0,0,0,0,0,0,2,2,46994,0,0,0,600000.0,600000.0,84729856,20602880,1,6.666666666666667e-06
train_ch_remote_supply,"SELECT ol.ol_supply_w_id, COUNT(*) AS remote_lines, SUM(ol.ol_quantity) AS units, SUM(ol.ol_amount) AS revenue FROM chbenchmark.order_line ol WHERE ol.ol_w_id = 4 AND ol.ol_supply_w_id <> ol.ol_w_id GROUP BY ol.ol_supply_w_id ORDER BY revenue DESC",247,0,2,0,True,True,False,1,1,4,3,0,0,0,0,0,13188.86,13188.87,4.0,76,61482.0,69.184,6,6,1,Sort,1,0,0,0,0,0,0,2,2,46994,0,0,0,600000.0,600000.0,84729856,20602880,1,6.666666666666667e-06
train_ch_regional_low_stock,"SELECT r.r_name, n.n_name, su.su_name, i.i_id, i.i_name, MIN(s.s_quantity) AS minimum_quantity FROM chbenchmark.stock s JOIN chbenchmark.item i ON i.i_id = s.s_i_id JOIN chbenchmark.supplier su ON su.su_suppkey = MOD(s.s_w_id * s.s_i_id, 10000) JOIN chbenchmark.nation n ON n.n_nationkey = su.su_nationkey JOIN chbenchmark.region r ON r.r_regionkey = n.n_regionkey WHERE r.r_name = 'MIDDLE EAST' AND s.s_quantity < 60 GROUP BY r.r_name, n.n_name, su.su_name, i.i_id, i.i_name ORDER BY minimum_quantity, i.i_id LIMIT 250",519,4,2,0,True,True,False,5,5,6,1,4,0,0,0,0,4583.52,4584.14,250.0,52,106118.0,44.021,16,12,5,Limit,5,0,0,0,4,0,0,1,1,7193,4333,0,0,160030.0,120000.0,17670144,3702784,7,0.0020833333333333333
train_ch_regional_low_stock,"SELECT r.r_name, n.n_name, su.su_name, i.i_id, i.i_name, MIN(s.s_quantity) AS minimum_quantity FROM chbenchmark.stock s JOIN chbenchmark.item i ON i.i_id = s.s_i_id JOIN chbenchmark.supplier su ON su.su_suppkey = MOD(s.s_w_id * s.s_i_id, 10000) JOIN chbenchmark.nation n ON n.n_nationkey = su.su_nationkey JOIN chbenchmark.region r ON r.r_regionkey = n.n_regionkey WHERE r.r_name = 'MIDDLE EAST' AND s.s_quantity < 60 GROUP BY r.r_name, n.n_name, su.su_name, i.i_id, i.i_name ORDER BY minimum_quantity, i.i_id LIMIT 250",519,4,2,0,True,True,False,5,5,6,1,4,0,0,0,0,4583.52,4584.14,250.0,52,106118.0,40.923,16,12,5,Limit,5,0,0,0,4,0,0,1,1,9818,1708,0,0,160030.0,120000.0,17670144,3702784,7,0.0020833333333333333
train_ch_item_price_band,"SELECT width_bucket(i_price, 50, 100, 8) AS price_band, COUNT(*) AS items, AVG(i_price) AS avg_price, COUNT(*) FILTER (WHERE i_data ILIKE '%PROMO%') AS promotional FROM chbenchmark.item WHERE i_price BETWEEN 50 AND 100 GROUP BY price_band ORDER BY price_band",258,0,2,0,True,True,False,1,1,4,3,0,0,0,0,0,942.31,1033.0,3023.0,52,9069.0,10.847,3,3,1,Aggregate,1,0,0,0,0,0,0,1,1,930,0,0,0,30000.0,30000.0,3260416,688128,1,0.10076666666666667
train_ch_item_price_band,"SELECT width_bucket(i_price, 50, 100, 8) AS price_band, COUNT(*) AS items, AVG(i_price) AS avg_price, COUNT(*) FILTER (WHERE i_data ILIKE '%PROMO%') AS promotional FROM chbenchmark.item WHERE i_price BETWEEN 50 AND 100 GROUP BY price_band ORDER BY price_band",258,0,2,0,True,True,False,1,1,4,3,0,0,0,0,0,942.31,1033.0,3023.0,52,9069.0,10.448,3,3,1,Aggregate,1,0,0,0,0,0,0,1,1,930,0,0,0,30000.0,30000.0,3260416,688128,1,0.10076666666666667
train_ch_repeat_customers,"SELECT c.c_state, COUNT(*) AS repeat_customers, AVG(customer_orders.order_count) AS avg_orders FROM chbenchmark.customer c JOIN ( SELECT o_w_id, o_d_id, o_c_id, COUNT(*) AS order_count FROM chbenchmark.oorder GROUP BY o_w_id, o_d_id, o_c_id HAVING COUNT(*) >= 2 ) customer_orders ON customer_orders.o_w_id = c.c_w_id AND customer_orders.o_d_id = c.c_d_id AND customer_orders.o_c_id = c.c_id GROUP BY c.c_state ORDER BY repeat_customers DESC",440,1,0,1,True,True,False,2,2,7,4,1,0,0,0,0,8562.17,8562.18,4.0,43,252016.0,115.749,9,8,2,Sort,2,0,0,0,1,0,0,2,2,7730,0,1169,2289,240000.0,120000.0,39739392,8896512,2,3.3333333333333335e-05
train_ch_repeat_customers,"SELECT c.c_state, COUNT(*) AS repeat_customers, AVG(customer_orders.order_count) AS avg_orders FROM chbenchmark.customer c JOIN ( SELECT o_w_id, o_d_id, o_c_id, COUNT(*) AS order_count FROM chbenchmark.oorder GROUP BY o_w_id, o_d_id, o_c_id HAVING COUNT(*) >= 2 ) customer_orders ON customer_orders.o_w_id = c.c_w_id AND customer_orders.o_d_id = c.c_d_id AND customer_orders.o_c_id = c.c_id GROUP BY c.c_state ORDER BY repeat_customers DESC",440,1,0,1,True,True,False,2,2,7,4,1,0,0,0,0,8562.17,8562.18,4.0,43,252016.0,114.539,9,8,2,Sort,2,0,0,0,1,0,0,2,2,7730,0,1169,2289,240000.0,120000.0,39739392,8896512,2,3.3333333333333335e-05
train_ch_customer_order_totals,"SELECT c.c_id, c.c_first, c.c_last, COUNT(DISTINCT o.o_id) AS orders, SUM(ol.ol_amount) AS lifetime_value FROM chbenchmark.customer c JOIN chbenchmark.oorder o ON o.o_w_id = c.c_w_id AND o.o_d_id = c.c_d_id AND o.o_c_id = c.c_id JOIN chbenchmark.order_line ol ON ol.ol_w_id = o.o_w_id AND ol.ol_d_id = o.o_d_id AND ol.ol_o_id = o.o_id WHERE c.c_w_id = 1 GROUP BY c.c_id, c.c_first, c.c_last HAVING SUM(ol.ol_amount) > 2500 ORDER BY lifetime_value DESC LIMIT 200",461,2,1,0,True,True,False,3,3,5,3,2,0,0,0,0,40830.66,40831.16,200.0,63,349370.0,434.915,14,10,3,Limit,1,1,0,1,0,1,1,3,1,758117,30,0,0,840000.0,600000.0,124469248,29499392,3,0.0003333333333333333
train_ch_customer_order_totals,"SELECT c.c_id, c.c_first, c.c_last, COUNT(DISTINCT o.o_id) AS orders, SUM(ol.ol_amount) AS lifetime_value FROM chbenchmark.customer c JOIN chbenchmark.oorder o ON o.o_w_id = c.c_w_id AND o.o_d_id = c.c_d_id AND o.o_c_id = c.c_id JOIN chbenchmark.order_line ol ON ol.ol_w_id = o.o_w_id AND ol.ol_d_id = o.o_d_id AND ol.ol_o_id = o.o_id WHERE c.c_w_id = 1 GROUP BY c.c_id, c.c_first, c.c_last HAVING SUM(ol.ol_amount) > 2500 ORDER BY lifetime_value DESC LIMIT 200",461,2,1,0,True,True,False,3,3,5,3,2,0,0,0,0,40830.66,40831.16,200.0,63,349370.0,443.648,14,10,3,Limit,1,1,0,1,0,1,1,3,1,758147,0,0,0,840000.0,600000.0,124469248,29499392,3,0.0003333333333333333
train_ch_payment_activity,"SELECT h.h_w_id, h.h_d_id, COUNT(*) AS payments, SUM(h.h_amount) AS amount, COUNT(DISTINCT h.h_c_id) AS customers FROM chbenchmark.history h WHERE h.h_date >= DATE '2023-10-20' - INTERVAL '180 days' AND h.h_amount >= 250 GROUP BY h.h_w_id, h.h_d_id ORDER BY amount DESC",269,0,2,0,True,True,False,1,1,5,3,0,0,0,0,0,4850.32,4850.42,40.0,56,36866.0,47.615,4,4,1,Sort,1,0,0,0,0,0,0,2,1,0,5880,0,0,120000.0,120000.0,16670720,4595712,1,0.0003333333333333333
train_ch_payment_activity,"SELECT h.h_w_id, h.h_d_id, COUNT(*) AS payments, SUM(h.h_amount) AS amount, COUNT(DISTINCT h.h_c_id) AS customers FROM chbenchmark.history h WHERE h.h_date >= DATE '2023-10-20' - INTERVAL '180 days' AND h.h_amount >= 250 GROUP BY h.h_w_id, h.h_d_id ORDER BY amount DESC",269,0,2,0,True,True,False,1,1,5,3,0,0,0,0,0,4850.32,4850.42,40.0,56,36866.0,46.301,4,4,1,Sort,1,0,0,0,0,0,0,2,1,5660,220,0,0,120000.0,120000.0,16670720,4595712,1,0.0003333333333333333
train_ch_order_basket,"SELECT o.o_d_id, o.o_id, o.o_entry_d, COUNT(*) AS lines, SUM(ol.ol_quantity) AS units, SUM(ol.ol_amount) AS basket_value FROM chbenchmark.oorder o JOIN chbenchmark.order_line ol ON ol.ol_w_id = o.o_w_id AND ol.ol_d_id = o.o_d_id AND ol.ol_o_id = o.o_id WHERE o.o_w_id = 3 GROUP BY o.o_d_id, o.o_id, o.o_entry_d HAVING SUM(ol.ol_amount) >= 1000 ORDER BY basket_value DESC LIMIT 300",380,1,1,0,True,True,False,2,2,6,4,1,0,0,0,0,30403.37,30404.12,300.0,88,387025.0,266.071,11,10,2,Limit,1,0,0,1,1,0,0,2,2,91559,1292,1632,1632,720000.0,600000.0,96862208,24797184,2,0.0005
train_ch_order_basket,"SELECT o.o_d_id, o.o_id, o.o_entry_d, COUNT(*) AS lines, SUM(ol.ol_quantity) AS units, SUM(ol.ol_amount) AS basket_value FROM chbenchmark.oorder o JOIN chbenchmark.order_line ol ON ol.ol_w_id = o.o_w_id AND ol.ol_d_id = o.o_d_id AND ol.ol_o_id = o.o_id WHERE o.o_w_id = 3 GROUP BY o.o_d_id, o.o_id, o.o_entry_d HAVING SUM(ol.ol_amount) >= 1000 ORDER BY basket_value DESC LIMIT 300",380,1,1,0,True,True,False,2,2,6,4,1,0,0,0,0,30403.37,30404.12,300.0,88,387025.0,292.676,11,10,2,Limit,1,0,0,1,1,0,0,2,2,92851,0,1686,1692,720000.0,600000.0,96862208,24797184,2,0.0005
train_ch_product_sales_by_state,"SELECT i.i_id, i.i_name, COUNT(DISTINCT o.o_id) AS orders, SUM(ol.ol_quantity) AS units, SUM(ol.ol_amount) AS revenue FROM chbenchmark.customer c JOIN chbenchmark.oorder o ON o.o_w_id = c.c_w_id AND o.o_d_id = c.c_d_id AND o.o_c_id = c.c_id JOIN chbenchmark.order_line ol ON ol.ol_w_id = o.o_w_id AND ol.ol_d_id = o.o_d_id AND ol.ol_o_id = o.o_id JOIN chbenchmark.item i ON i.i_id = ol.ol_i_id WHERE c.c_state = 'FL' GROUP BY i.i_id, i.i_name ORDER BY revenue DESC LIMIT 150",474,3,1,0,True,True,False,4,4,5,3,3,0,0,0,0,32541.89,32542.26,150.0,88,546952.0,428.012,14,9,4,Limit,3,1,0,0,2,0,1,2,1,574282,11912,1768,1772,870000.0,600000.0,127729664,30187520,4,0.00025
train_ch_product_sales_by_state,"SELECT i.i_id, i.i_name, COUNT(DISTINCT o.o_id) AS orders, SUM(ol.ol_quantity) AS units, SUM(ol.ol_amount) AS revenue FROM chbenchmark.customer c JOIN chbenchmark.oorder o ON o.o_w_id = c.c_w_id AND o.o_d_id = c.c_d_id AND o.o_c_id = c.c_id JOIN chbenchmark.order_line ol ON ol.ol_w_id = o.o_w_id AND ol.ol_d_id = o.o_d_id AND ol.ol_o_id = o.o_id JOIN chbenchmark.item i ON i.i_id = ol.ol_i_id WHERE c.c_state = 'FL' GROUP BY i.i_id, i.i_name ORDER BY revenue DESC LIMIT 150",474,3,1,0,True,True,False,4,4,5,3,3,0,0,0,0,32541.89,32542.26,150.0,88,546952.0,472.319,14,9,4,Limit,3,1,0,0,2,0,1,2,1,586194,0,1768,1772,870000.0,600000.0,127729664,30187520,4,0.00025
train_ch_credit_risk,"SELECT c.c_w_id, c.c_d_id, c.c_id, c.c_balance, COUNT(no.no_o_id) AS pending_orders FROM chbenchmark.customer c LEFT JOIN chbenchmark.oorder o ON o.o_w_id = c.c_w_id AND o.o_d_id = c.c_d_id AND o.o_c_id = c.c_id LEFT JOIN chbenchmark.new_order no ON no.no_w_id = o.o_w_id AND no.no_d_id = o.o_d_id AND no.no_o_id = o.o_id WHERE c.c_credit = 'BC' AND c.c_state = 'OH' AND c.c_balance > 1000 GROUP BY c.c_w_id, c.c_d_id, c.c_id, c.c_balance ORDER BY pending_orders DESC, c.c_balance DESC LIMIT 250",495,2,3,0,True,True,False,3,3,5,1,0,2,0,0,0,8494.53,8495.15,250.0,26,127795.0,67.136,10,8,3,Limit,2,0,1,0,1,0,1,2,1,41457,1080,0,0,276000.0,120000.0,42901504,10428416,3,0.0020833333333333333
train_ch_credit_risk,"SELECT c.c_w_id, c.c_d_id, c.c_id, c.c_balance, COUNT(no.no_o_id) AS pending_orders FROM chbenchmark.customer c LEFT JOIN chbenchmark.oorder o ON o.o_w_id = c.c_w_id AND o.o_d_id = c.c_d_id AND o.o_c_id = c.c_id LEFT JOIN chbenchmark.new_order no ON no.no_w_id = o.o_w_id AND no.no_d_id = o.o_d_id AND no.no_o_id = o.o_id WHERE c.c_credit = 'BC' AND c.c_state = 'OH' AND c.c_balance > 1000 GROUP BY c.c_w_id, c.c_d_id, c.c_id, c.c_balance ORDER BY pending_orders DESC, c.c_balance DESC LIMIT 250",495,2,3,0,True,True,False,3,3,5,1,0,2,0,0,0,8494.53,8495.15,250.0,26,127795.0,97.083,10,8,3,Limit,2,0,1,0,1,0,1,2,1,42537,0,0,0,276000.0,120000.0,42901504,10428416,3,0.0020833333333333333
train_ch_customer_order_totals,"SELECT c.c_id, c.c_first, c.c_last, COUNT(DISTINCT o.o_id) AS orders, SUM(ol.ol_amount) AS lifetime_value FROM chbenchmark.customer c JOIN chbenchmark.oorder o ON o.o_w_id = c.c_w_id AND o.o_d_id = c.c_d_id AND o.o_c_id = c.c_id JOIN chbenchmark.order_line ol ON ol.ol_w_id = o.o_w_id AND ol.ol_d_id = o.o_d_id AND ol.ol_o_id = o.o_id WHERE c.c_w_id = 3 GROUP BY c.c_id, c.c_first, c.c_last HAVING SUM(ol.ol_amount) > 1000 ORDER BY lifetime_value DESC LIMIT 200",461,2,1,0,True,True,False,3,3,5,3,2,0,0,0,0,40817.66,40818.16,200.0,63,347848.0,694.772,14,10,3,Limit,1,1,0,1,0,1,1,3,1,758115,30,0,0,840000.0,600000.0,124469248,29499392,3,0.0003333333333333333
train_ch_customer_order_totals,"SELECT c.c_id, c.c_first, c.c_last, COUNT(DISTINCT o.o_id) AS orders, SUM(ol.ol_amount) AS lifetime_value FROM chbenchmark.customer c JOIN chbenchmark.oorder o ON o.o_w_id = c.c_w_id AND o.o_d_id = c.c_d_id AND o.o_c_id = c.c_id JOIN chbenchmark.order_line ol ON ol.ol_w_id = o.o_w_id AND ol.ol_d_id = o.o_d_id AND ol.ol_o_id = o.o_id WHERE c.c_w_id = 3 GROUP BY c.c_id, c.c_first, c.c_last HAVING SUM(ol.ol_amount) > 1000 ORDER BY lifetime_value DESC LIMIT 200",461,2,1,0,True,True,False,3,3,5,3,2,0,0,0,0,40817.66,40818.16,200.0,63,347848.0,494.971,14,10,3,Limit,1,1,0,1,0,1,1,3,1,758145,0,0,0,840000.0,600000.0,124469248,29499392,3,0.0003333333333333333
train_ch_regional_low_stock,"SELECT r.r_name, n.n_name, su.su_name, i.i_id, i.i_name, MIN(s.s_quantity) AS minimum_quantity FROM chbenchmark.stock s JOIN chbenchmark.item i ON i.i_id = s.s_i_id JOIN chbenchmark.supplier su ON su.su_suppkey = MOD(s.s_w_id * s.s_i_id, 10000) JOIN chbenchmark.nation n ON n.n_nationkey = su.su_nationkey JOIN chbenchmark.region r ON r.r_regionkey = n.n_regionkey WHERE r.r_name = 'ASIA' AND s.s_quantity < 60 GROUP BY r.r_name, n.n_name, su.su_name, i.i_id, i.i_name ORDER BY minimum_quantity, i.i_id LIMIT 250",512,4,2,0,True,True,False,5,5,6,1,4,0,0,0,0,4583.52,4584.14,250.0,52,106118.0,45.085,16,12,5,Limit,5,0,0,0,4,0,0,1,1,1573,9953,0,0,160030.0,120000.0,17670144,3702784,7,0.0020833333333333333
train_ch_regional_low_stock,"SELECT r.r_name, n.n_name, su.su_name, i.i_id, i.i_name, MIN(s.s_quantity) AS minimum_quantity FROM chbenchmark.stock s JOIN chbenchmark.item i ON i.i_id = s.s_i_id JOIN chbenchmark.supplier su ON su.su_suppkey = MOD(s.s_w_id * s.s_i_id, 10000) JOIN chbenchmark.nation n ON n.n_nationkey = su.su_nationkey JOIN chbenchmark.region r ON r.r_regionkey = n.n_regionkey WHERE r.r_name = 'ASIA' AND s.s_quantity < 60 GROUP BY r.r_name, n.n_name, su.su_name, i.i_id, i.i_name ORDER BY minimum_quantity, i.i_id LIMIT 250",512,4,2,0,True,True,False,5,5,6,1,4,0,0,0,0,4583.52,4584.14,250.0,52,106118.0,42.102,16,12,5,Limit,5,0,0,0,4,0,0,1,1,11526,0,0,0,160030.0,120000.0,17670144,3702784,7,0.0020833333333333333
train_ch_repeat_customers,"SELECT c.c_state, COUNT(*) AS repeat_customers, AVG(customer_orders.order_count) AS avg_orders FROM chbenchmark.customer c JOIN ( SELECT o_w_id, o_d_id, o_c_id, COUNT(*) AS order_count FROM chbenchmark.oorder GROUP BY o_w_id, o_d_id, o_c_id HAVING COUNT(*) >= 4 ) customer_orders ON customer_orders.o_w_id = c.c_w_id AND customer_orders.o_d_id = c.c_d_id AND customer_orders.o_c_id = c.c_id GROUP BY c.c_state ORDER BY repeat_customers DESC",440,1,0,1,True,True,False,2,2,7,4,1,0,0,0,0,8562.17,8562.18,4.0,43,252016.0,120.699,9,8,2,Sort,2,0,0,0,1,0,0,2,2,7730,0,1169,2289,240000.0,120000.0,39739392,8896512,2,3.3333333333333335e-05
train_ch_repeat_customers,"SELECT c.c_state, COUNT(*) AS repeat_customers, AVG(customer_orders.order_count) AS avg_orders FROM chbenchmark.customer c JOIN ( SELECT o_w_id, o_d_id, o_c_id, COUNT(*) AS order_count FROM chbenchmark.oorder GROUP BY o_w_id, o_d_id, o_c_id HAVING COUNT(*) >= 4 ) customer_orders ON customer_orders.o_w_id = c.c_w_id AND customer_orders.o_d_id = c.c_d_id AND customer_orders.o_c_id = c.c_id GROUP BY c.c_state ORDER BY repeat_customers DESC",440,1,0,1,True,True,False,2,2,7,4,1,0,0,0,0,8562.17,8562.18,4.0,43,252016.0,115.743,9,8,2,Sort,2,0,0,0,1,0,0,2,2,7730,0,1169,2289,240000.0,120000.0,39739392,8896512,2,3.3333333333333335e-05
train_ch_supplier_sales,"SELECT su.su_suppkey, su.su_name, COUNT(*) AS supplied_lines, SUM(ol.ol_amount) AS revenue, AVG(s.s_quantity) AS avg_stock FROM chbenchmark.supplier su JOIN chbenchmark.stock s ON MOD(s.s_w_id * s.s_i_id, 10000) = su.su_suppkey JOIN chbenchmark.order_line ol ON ol.ol_supply_w_id = s.s_w_id AND ol.ol_i_id = s.s_i_id WHERE su.su_nationkey = 20 GROUP BY su.su_suppkey, su.su_name ORDER BY revenue DESC LIMIT 200",410,2,1,0,True,True,False,3,3,5,3,2,0,0,0,0,15968.43,15968.93,200.0,91,339636.0,131.807,13,11,3,Limit,3,0,0,0,2,0,0,2,2,79795,0,0,0,730000.0,600000.0,99057664,23552000,3,0.0003333333333333333
train_ch_supplier_sales,"SELECT su.su_suppkey, su.su_name, COUNT(*) AS supplied_lines, SUM(ol.ol_amount) AS revenue, AVG(s.s_quantity) AS avg_stock FROM chbenchmark.supplier su JOIN chbenchmark.stock s ON MOD(s.s_w_id * s.s_i_id, 10000) = su.su_suppkey JOIN chbenchmark.order_line ol ON ol.ol_supply_w_id = s.s_w_id AND ol.ol_i_id = s.s_i_id WHERE su.su_nationkey = 20 GROUP BY su.su_suppkey, su.su_name ORDER BY revenue DESC LIMIT 200",410,2,1,0,True,True,False,3,3,5,3,2,0,0,0,0,15968.43,15968.93,200.0,91,339636.0,137.08,13,11,3,Limit,3,0,0,0,2,0,0,2,2,79795,0,0,0,730000.0,600000.0,99057664,23552000,3,0.0003333333333333333
train_ch_district_daily_sales,"WITH daily AS ( SELECT o.o_entry_d::date AS day, o.o_d_id, SUM(ol.ol_amount) AS revenue FROM chbenchmark.oorder o JOIN chbenchmark.order_line ol ON ol.ol_w_id = o.o_w_id AND ol.ol_d_id = o.o_d_id AND ol.ol_o_id = o.o_id WHERE o.o_w_id = 4 GROUP BY o.o_entry_d::date, o.o_d_id ) SELECT day, o_d_id, revenue, AVG(revenue) OVER (PARTITION BY o_d_id ORDER BY day ROWS BETWEEN 13 PRECEDING AND CURRENT ROW) AS rolling_revenue FROM daily ORDER BY o_d_id, day",452,1,1,1,True,True,False,2,2,7,2,1,0,0,0,0,20795.95,21396.25,30016.0,72,624816.0,262.211,9,7,2,WindowAgg,0,0,0,2,1,0,0,1,1,48950,896,0,0,720000.0,600000.0,96862208,24797184,2,0.050026666666666664
train_ch_district_daily_sales,"WITH daily AS ( SELECT o.o_entry_d::date AS day, o.o_d_id, SUM(ol.ol_amount) AS revenue FROM chbenchmark.oorder o JOIN chbenchmark.order_line ol ON ol.ol_w_id = o.o_w_id AND ol.ol_d_id = o.o_d_id AND ol.ol_o_id = o.o_id WHERE o.o_w_id = 4 GROUP BY o.o_entry_d::date, o.o_d_id ) SELECT day, o_d_id, revenue, AVG(revenue) OVER (PARTITION BY o_d_id ORDER BY day ROWS BETWEEN 13 PRECEDING AND CURRENT ROW) AS rolling_revenue FROM daily ORDER BY o_d_id, day",452,1,1,1,True,True,False,2,2,7,2,1,0,0,0,0,20795.95,21396.25,30016.0,72,624816.0,249.804,9,7,2,WindowAgg,0,0,0,2,1,0,0,1,1,49846,0,0,0,720000.0,600000.0,96862208,24797184,2,0.050026666666666664
train_ch_delivery_delay,"SELECT o.o_d_id, o.o_id, o.o_entry_d, MAX(ol.ol_delivery_d) AS completed_at, MAX(ol.ol_delivery_d) - o.o_entry_d AS elapsed FROM chbenchmark.oorder o JOIN chbenchmark.order_line ol ON ol.ol_w_id = o.o_w_id AND ol.ol_d_id = o.o_d_id AND ol.ol_o_id = o.o_id WHERE o.o_w_id = 3 AND ol.ol_delivery_d IS NOT NULL GROUP BY o.o_d_id, o.o_id, o.o_entry_d HAVING MAX(ol.ol_delivery_d) - o.o_entry_d > INTERVAL '48 hours' ORDER BY elapsed DESC LIMIT 250",443,1,2,0,True,True,False,2,2,5,3,1,0,0,0,0,18414.51,18415.14,250.0,40,469412.0,151.945,9,7,2,Limit,0,0,0,2,1,0,0,1,1,49846,0,0,0,720000.0,600000.0,96862208,24797184,2,0.0004166666666666667
train_ch_delivery_delay,"SELECT o.o_d_id, o.o_id, o.o_entry_d, MAX(ol.ol_delivery_d) AS completed_at, MAX(ol.ol_delivery_d) - o.o_entry_d AS elapsed FROM chbenchmark.oorder o JOIN chbenchmark.order_line ol ON ol.ol_w_id = o.o_w_id AND ol.ol_d_id = o.o_d_id AND ol.ol_o_id = o.o_id WHERE o.o_w_id = 3 AND ol.ol_delivery_d IS NOT NULL GROUP BY o.o_d_id, o.o_id, o.o_entry_d HAVING MAX(ol.ol_delivery_d) - o.o_entry_d > INTERVAL '48 hours' ORDER BY elapsed DESC LIMIT 250",443,1,2,0,True,True,False,2,2,5,3,1,0,0,0,0,18414.51,18415.14,250.0,40,469412.0,166.789,9,7,2,Limit,0,0,0,2,1,0,0,1,1,49846,0,0,0,720000.0,600000.0,96862208,24797184,2,0.0004166666666666667
train_ch_district_revenue,"SELECT o.o_d_id, COUNT(DISTINCT o.o_id) AS orders, SUM(ol.ol_quantity) AS units, SUM(ol.ol_amount) AS revenue FROM chbenchmark.oorder o JOIN chbenchmark.order_line ol ON ol.ol_w_id = o.o_w_id AND ol.ol_d_id = o.o_d_id AND ol.ol_o_id = o.o_id WHERE o.o_w_id = 1 AND o.o_entry_d >= DATE '2025-04-05' - INTERVAL '90 days' AND o.o_entry_d < DATE '2025-04-05' + INTERVAL '1 day' GROUP BY o.o_d_id ORDER BY revenue DESC",413,1,3,0,True,True,False,2,2,4,3,1,0,0,0,0,16405.63,16405.65,10.0,76,119686.0,87.637,9,8,2,Sort,1,0,0,1,1,0,0,2,1,69691,1136,0,0,720000.0,600000.0,96862208,24797184,2,1.6666666666666667e-05
train_ch_district_revenue,"SELECT o.o_d_id, COUNT(DISTINCT o.o_id) AS orders, SUM(ol.ol_quantity) AS units, SUM(ol.ol_amount) AS revenue FROM chbenchmark.oorder o JOIN chbenchmark.order_line ol ON ol.ol_w_id = o.o_w_id AND ol.ol_d_id = o.o_d_id AND ol.ol_o_id = o.o_id WHERE o.o_w_id = 1 AND o.o_entry_d >= DATE '2025-04-05' - INTERVAL '90 days' AND o.o_entry_d < DATE '2025-04-05' + INTERVAL '1 day' GROUP BY o.o_d_id ORDER BY revenue DESC",413,1,3,0,True,True,False,2,2,4,3,1,0,0,0,0,16405.63,16405.65,10.0,76,119686.0,95.01,9,8,2,Sort,1,0,0,1,1,0,0,2,1,70827,0,0,0,720000.0,600000.0,96862208,24797184,2,1.6666666666666667e-05
train_ch_order_basket,"SELECT o.o_d_id, o.o_id, o.o_entry_d, COUNT(*) AS lines, SUM(ol.ol_quantity) AS units, SUM(ol.ol_amount) AS basket_value FROM chbenchmark.oorder o JOIN chbenchmark.order_line ol ON ol.ol_w_id = o.o_w_id AND ol.ol_d_id = o.o_d_id AND ol.ol_o_id = o.o_id WHERE o.o_w_id = 4 GROUP BY o.o_d_id, o.o_id, o.o_entry_d HAVING SUM(ol.ol_amount) >= 750 ORDER BY basket_value DESC LIMIT 300",379,1,1,0,True,True,False,2,2,6,4,1,0,0,0,0,30374.71,30375.46,300.0,88,385707.0,264.318,11,10,2,Limit,1,0,0,1,1,0,0,2,2,91559,1292,1632,1632,720000.0,600000.0,96862208,24797184,2,0.0005
train_ch_order_basket,"SELECT o.o_d_id, o.o_id, o.o_entry_d, COUNT(*) AS lines, SUM(ol.ol_quantity) AS units, SUM(ol.ol_amount) AS basket_value FROM chbenchmark.oorder o JOIN chbenchmark.order_line ol ON ol.ol_w_id = o.o_w_id AND ol.ol_d_id = o.o_d_id AND ol.ol_o_id = o.o_id WHERE o.o_w_id = 4 GROUP BY o.o_d_id, o.o_id, o.o_entry_d HAVING SUM(ol.ol_amount) >= 750 ORDER BY basket_value DESC LIMIT 300",379,1,1,0,True,True,False,2,2,6,4,1,0,0,0,0,30374.71,30375.46,300.0,88,385707.0,250.995,11,10,2,Limit,1,0,0,1,1,0,0,2,2,92851,0,1632,1632,720000.0,600000.0,96862208,24797184,2,0.0005
train_ch_unsold_items,"SELECT i.i_id, i.i_name, i.i_price, s.s_quantity FROM chbenchmark.item i JOIN chbenchmark.stock s ON s.s_i_id = i.i_id AND s.s_w_id = 4 WHERE NOT EXISTS ( SELECT 1 FROM chbenchmark.order_line ol JOIN chbenchmark.oorder o ON o.o_w_id = ol.ol_w_id AND o.o_d_id = ol.ol_d_id AND o.o_id = ol.ol_o_id WHERE ol.ol_i_id = i.i_id AND ol.ol_w_id = 4 AND o.o_entry_d >= DATE '2024-06-23' - INTERVAL '90 days' ) ORDER BY s.s_quantity DESC LIMIT 300",437,2,4,1,False,True,False,4,4,5,0,2,0,0,0,0,18308.36,18326.57,156.0,26,305409.0,134.934,15,8,4,Limit,2,0,0,2,3,0,0,1,0,77894,3128,0,0,870000.0,600000.0,113000448,28188672,4,0.00026
train_ch_unsold_items,"SELECT i.i_id, i.i_name, i.i_price, s.s_quantity FROM chbenchmark.item i JOIN chbenchmark.stock s ON s.s_i_id = i.i_id AND s.s_w_id = 4 WHERE NOT EXISTS ( SELECT 1 FROM chbenchmark.order_line ol JOIN chbenchmark.oorder o ON o.o_w_id = ol.ol_w_id AND o.o_d_id = ol.ol_d_id AND o.o_id = ol.ol_o_id WHERE ol.ol_i_id = i.i_id AND ol.ol_w_id = 4 AND o.o_entry_d >= DATE '2024-06-23' - INTERVAL '90 days' ) ORDER BY s.s_quantity DESC LIMIT 300",437,2,4,1,False,True,False,4,4,5,0,2,0,0,0,0,18308.36,18326.57,156.0,26,305409.0,142.806,15,8,4,Limit,2,0,0,2,3,0,0,1,0,81022,0,0,0,870000.0,600000.0,113000448,28188672,4,0.00026
train_ch_customer_balance_rank,"SELECT c_w_id, c_d_id, c_id, c_balance, DENSE_RANK() OVER (PARTITION BY c_w_id ORDER BY c_balance DESC) AS balance_rank, CUME_DIST() OVER (PARTITION BY c_w_id ORDER BY c_balance) AS balance_percentile FROM chbenchmark.customer WHERE c_state = 'FL' ORDER BY c_w_id, balance_rank LIMIT 500",287,0,1,0,False,True,False,1,1,6,2,0,0,0,0,0,6428.85,6487.62,500.0,34,102764.0,66.335,7,7,1,Limit,1,0,0,0,0,0,0,1,0,19544,0,0,0,120000.0,120000.0,27607040,4702208,1,0.004166666666666667
train_ch_customer_balance_rank,"SELECT c_w_id, c_d_id, c_id, c_balance, DENSE_RANK() OVER (PARTITION BY c_w_id ORDER BY c_balance DESC) AS balance_rank, CUME_DIST() OVER (PARTITION BY c_w_id ORDER BY c_balance) AS balance_percentile FROM chbenchmark.customer WHERE c_state = 'FL' ORDER BY c_w_id, balance_rank LIMIT 500",287,0,1,0,False,True,False,1,1,6,2,0,0,0,0,0,6428.85,6487.62,500.0,34,102764.0,61.4,7,7,1,Limit,1,0,0,0,0,0,0,1,0,19544,0,0,0,120000.0,120000.0,27607040,4702208,1,0.004166666666666667
train_ch_customer_last_order,"SELECT c.c_id, c.c_first, c.c_last, latest.o_id, latest.o_entry_d, latest.order_value FROM chbenchmark.customer c LEFT JOIN LATERAL ( SELECT o.o_id, o.o_entry_d, SUM(ol.ol_amount) AS order_value FROM chbenchmark.oorder o JOIN chbenchmark.order_line ol ON ol.ol_w_id = o.o_w_id AND ol.ol_d_id = o.o_d_id AND ol.ol_o_id = o.o_id WHERE o.o_w_id = c.c_w_id AND o.o_d_id = c.c_d_id AND o.o_c_id = c.c_id GROUP BY o.o_id, o.o_entry_d ORDER BY o.o_entry_d DESC LIMIT 1 ) latest ON true WHERE c.c_w_id = 1 AND c.c_d_id = 9 ORDER BY latest.o_entry_d DESC NULLS LAST LIMIT 300",566,2,5,1,True,True,False,3,3,9,1,1,1,0,0,0,3059169.63,3059170.38,300.0,67,12445.0,4336.105,12,10,3,Limit,1,1,0,1,0,0,2,2,1,26624492,81,0,0,840000.0,600000.0,124469248,29499392,3,0.0005
train_ch_customer_last_order,"SELECT c.c_id, c.c_first, c.c_last, latest.o_id, latest.o_entry_d, latest.order_value FROM chbenchmark.customer c LEFT JOIN LATERAL ( SELECT o.o_id, o.o_entry_d, SUM(ol.ol_amount) AS order_value FROM chbenchmark.oorder o JOIN chbenchmark.order_line ol ON ol.ol_w_id = o.o_w_id AND ol.ol_d_id = o.o_d_id AND ol.ol_o_id = o.o_id WHERE o.o_w_id = c.c_w_id AND o.o_d_id = c.c_d_id AND o.o_c_id = c.c_id GROUP BY o.o_id, o.o_entry_d ORDER BY o.o_entry_d DESC LIMIT 1 ) latest ON true WHERE c.c_w_id = 1 AND c.c_d_id = 9 ORDER BY latest.o_entry_d DESC NULLS LAST LIMIT 300",566,2,5,1,True,True,False,3,3,9,1,1,1,0,0,0,3059169.63,3059170.38,300.0,67,12445.0,4948.64,12,10,3,Limit,1,1,0,1,0,0,2,2,1,26624573,0,0,0,840000.0,600000.0,124469248,29499392,3,0.0005
train_ch_remote_supply,"SELECT ol.ol_supply_w_id, COUNT(*) AS remote_lines, SUM(ol.ol_quantity) AS units, SUM(ol.ol_amount) AS revenue FROM chbenchmark.order_line ol WHERE ol.ol_w_id = 4 AND ol.ol_supply_w_id <> ol.ol_w_id GROUP BY ol.ol_supply_w_id ORDER BY revenue DESC",247,0,2,0,True,True,False,1,1,4,3,0,0,0,0,0,13188.86,13188.87,4.0,76,61482.0,67.558,6,6,1,Sort,1,0,0,0,0,0,0,2,2,46994,0,0,0,600000.0,600000.0,84729856,20602880,1,6.666666666666667e-06
train_ch_remote_supply,"SELECT ol.ol_supply_w_id, COUNT(*) AS remote_lines, SUM(ol.ol_quantity) AS units, SUM(ol.ol_amount) AS revenue FROM chbenchmark.order_line ol WHERE ol.ol_w_id = 4 AND ol.ol_supply_w_id <> ol.ol_w_id GROUP BY ol.ol_supply_w_id ORDER BY revenue DESC",247,0,2,0,True,True,False,1,1,4,3,0,0,0,0,0,13188.86,13188.87,4.0,76,61482.0,64.524,6,6,1,Sort,1,0,0,0,0,0,0,2,2,46994,0,0,0,600000.0,600000.0,84729856,20602880,1,6.666666666666667e-06
train_ch_line_summary,"SELECT ol_number, SUM(ol_quantity) AS units, SUM(ol_amount) AS revenue, AVG(ol_amount) AS avg_amount, COUNT(*) AS line_count FROM chbenchmark.order_line WHERE ol_delivery_d >= DATE '2023-05-11' - INTERVAL '120 days' AND ol_delivery_d < DATE '2023-05-11' + INTERVAL '30 days' GROUP BY ol_number ORDER BY revenue DESC",315,0,2,0,True,True,False,1,1,5,4,0,0,0,0,0,12810.88,12810.89,5.0,108,23656.0,70.564,6,6,1,Sort,1,0,0,0,0,0,0,2,2,46994,0,0,0,600000.0,600000.0,84729856,20602880,1,8.333333333333334e-06
train_ch_line_summary,"SELECT ol_number, SUM(ol_quantity) AS units, SUM(ol_amount) AS revenue, AVG(ol_amount) AS avg_amount, COUNT(*) AS line_count FROM chbenchmark.order_line WHERE ol_delivery_d >= DATE '2023-05-11' - INTERVAL '120 days' AND ol_delivery_d < DATE '2023-05-11' + INTERVAL '30 days' GROUP BY ol_number ORDER BY revenue DESC",315,0,2,0,True,True,False,1,1,5,4,0,0,0,0,0,12810.88,12810.89,5.0,108,23656.0,79.773,6,6,1,Sort,1,0,0,0,0,0,0,2,2,46994,0,0,0,600000.0,600000.0,84729856,20602880,1,8.333333333333334e-06
train_ch_item_price_band,"SELECT width_bucket(i_price, 50, 150, 8) AS price_band, COUNT(*) AS items, AVG(i_price) AS avg_price, COUNT(*) FILTER (WHERE i_data ILIKE '%PROMO%') AS promotional FROM chbenchmark.item WHERE i_price BETWEEN 50 AND 150 GROUP BY price_band ORDER BY price_band",258,0,2,0,True,True,False,1,1,4,3,0,0,0,0,0,1154.93,1336.34,6047.0,52,18141.0,18.052,3,3,1,Aggregate,1,0,0,0,0,0,0,1,1,930,0,0,0,30000.0,30000.0,3260416,688128,1,0.20156666666666667
train_ch_item_price_band,"SELECT width_bucket(i_price, 50, 150, 8) AS price_band, COUNT(*) AS items, AVG(i_price) AS avg_price, COUNT(*) FILTER (WHERE i_data ILIKE '%PROMO%') AS promotional FROM chbenchmark.item WHERE i_price BETWEEN 50 AND 150 GROUP BY price_band ORDER BY price_band",258,0,2,0,True,True,False,1,1,4,3,0,0,0,0,0,1154.93,1336.34,6047.0,52,18141.0,17.229,3,3,1,Aggregate,1,0,0,0,0,0,0,1,1,930,0,0,0,30000.0,30000.0,3260416,688128,1,0.20156666666666667
train_ch_backlog,"SELECT no.no_d_id, COUNT(*) AS pending_orders, MIN(o.o_entry_d) AS oldest_order, SUM(ol.ol_amount) AS pending_value FROM chbenchmark.new_order no JOIN chbenchmark.oorder o ON o.o_w_id = no.no_w_id AND o.o_d_id = no.no_d_id AND o.o_id = no.no_o_id JOIN chbenchmark.order_line ol ON ol.ol_w_id = o.o_w_id AND ol.ol_d_id = o.o_d_id AND ol.ol_o_id = o.o_id WHERE no.no_w_id = 3 GROUP BY no.no_d_id ORDER BY oldest_order",415,2,1,0,True,True,False,3,3,4,3,2,0,0,0,0,15576.46,15576.49,10.0,52,207686.0,108.89,13,9,3,Sort,1,0,1,1,2,0,0,2,2,90414,243,0,0,756000.0,600000.0,100024320,26329088,3,1.6666666666666667e-05
train_ch_backlog,"SELECT no.no_d_id, COUNT(*) AS pending_orders, MIN(o.o_entry_d) AS oldest_order, SUM(ol.ol_amount) AS pending_value FROM chbenchmark.new_order no JOIN chbenchmark.oorder o ON o.o_w_id = no.no_w_id AND o.o_d_id = no.no_d_id AND o.o_id = no.no_o_id JOIN chbenchmark.order_line ol ON ol.ol_w_id = o.o_w_id AND ol.ol_d_id = o.o_d_id AND ol.ol_o_id = o.o_id WHERE no.no_w_id = 3 GROUP BY no.no_d_id ORDER BY oldest_order",415,2,1,0,True,True,False,3,3,4,3,2,0,0,0,0,15576.46,15576.49,10.0,52,207686.0,112.294,13,9,3,Sort,1,0,1,1,2,0,0,2,2,90657,0,0,0,756000.0,600000.0,100024320,26329088,3,1.6666666666666667e-05
train_ch_payment_activity,"SELECT h.h_w_id, h.h_d_id, COUNT(*) AS payments, SUM(h.h_amount) AS amount, COUNT(DISTINCT h.h_c_id) AS customers FROM chbenchmark.history h WHERE h.h_date >= DATE '2024-10-30' - INTERVAL '180 days' AND h.h_amount >= 100 GROUP BY h.h_w_id, h.h_d_id ORDER BY amount DESC",269,0,2,0,True,True,False,1,1,5,3,0,0,0,0,0,7043.96,7044.06,40.0,56,82406.0,75.109,4,4,1,Sort,1,0,0,0,0,0,0,2,1,0,5880,0,0,120000.0,120000.0,16670720,4595712,1,0.0003333333333333333
train_ch_payment_activity,"SELECT h.h_w_id, h.h_d_id, COUNT(*) AS payments, SUM(h.h_amount) AS amount, COUNT(DISTINCT h.h_c_id) AS customers FROM chbenchmark.history h WHERE h.h_date >= DATE '2024-10-30' - INTERVAL '180 days' AND h.h_amount >= 100 GROUP BY h.h_w_id, h.h_d_id ORDER BY amount DESC",269,0,2,0,True,True,False,1,1,5,3,0,0,0,0,0,7043.96,7044.06,40.0,56,82406.0,77.378,4,4,1,Sort,1,0,0,0,0,0,0,2,1,5880,0,0,0,120000.0,120000.0,16670720,4595712,1,0.0003333333333333333
train_ch_warehouse_inventory,"SELECT s.s_w_id, COUNT(*) AS sku_count, SUM(s.s_quantity) AS units, SUM(s.s_quantity * i.i_price) AS inventory_value FROM chbenchmark.stock s JOIN chbenchmark.item i ON i.i_id = s.s_i_id WHERE s.s_w_id = 4 AND i.i_data ILIKE '%standard%' GROUP BY s.s_w_id",255,1,2,0,True,False,False,2,2,4,3,1,0,0,0,0,1607.68,3657.6,1.0,52,146641.0,58.133,6,4,2,Aggregate,1,0,0,1,1,0,0,0,1,2505,0,0,0,150000.0,120000.0,16138240,3391488,2,8.333333333333334e-06
train_ch_warehouse_inventory,"SELECT s.s_w_id, COUNT(*) AS sku_count, SUM(s.s_quantity) AS units, SUM(s.s_quantity * i.i_price) AS inventory_value FROM chbenchmark.stock s JOIN chbenchmark.item i ON i.i_id = s.s_i_id WHERE s.s_w_id = 4 AND i.i_data ILIKE '%standard%' GROUP BY s.s_w_id",255,1,2,0,True,False,False,2,2,4,3,1,0,0,0,0,1607.68,3657.6,1.0,52,146641.0,56.849,6,4,2,Aggregate,1,0,0,1,1,0,0,0,1,2505,0,0,0,150000.0,120000.0,16138240,3391488,2,8.333333333333334e-06
train_ch_promotional_items,"SELECT i.i_id, i.i_name, SUM(ol.ol_quantity) AS units, SUM(ol.ol_amount) AS revenue FROM chbenchmark.item i JOIN chbenchmark.order_line ol ON ol.ol_i_id = i.i_id JOIN chbenchmark.oorder o ON o.o_w_id = ol.ol_w_id AND o.o_d_id = ol.ol_d_id AND o.o_id = ol.ol_o_id WHERE i.i_data ILIKE '%PROMO%' AND o.o_entry_d >= DATE '2025-04-17' - INTERVAL '365 days' GROUP BY i.i_id, i.i_name ORDER BY revenue DESC LIMIT 100",410,2,2,0,True,True,False,3,3,4,2,2,0,0,0,0,13974.37,13974.62,100.0,80,257452.0,127.438,12,10,3,Limit,2,1,0,0,1,0,1,2,2,268951,1016,0,0,750000.0,600000.0,100122624,25485312,3,0.00016666666666666666
train_ch_promotional_items,"SELECT i.i_id, i.i_name, SUM(ol.ol_quantity) AS units, SUM(ol.ol_amount) AS revenue FROM chbenchmark.item i JOIN chbenchmark.order_line ol ON ol.ol_i_id = i.i_id JOIN chbenchmark.oorder o ON o.o_w_id = ol.ol_w_id AND o.o_d_id = ol.ol_d_id AND o.o_id = ol.ol_o_id WHERE i.i_data ILIKE '%PROMO%' AND o.o_entry_d >= DATE '2025-04-17' - INTERVAL '365 days' GROUP BY i.i_id, i.i_name ORDER BY revenue DESC LIMIT 100",410,2,2,0,True,True,False,3,3,4,2,2,0,0,0,0,13974.37,13974.62,100.0,80,257452.0,145.563,12,10,3,Limit,2,1,0,0,1,0,1,2,2,269967,0,0,0,750000.0,600000.0,100122624,25485312,3,0.00016666666666666666
