template_id,sql_text,query_length,join_count,where_condition_count,subquery_count,has_group_by,has_order_by,has_distinct,table_reference_count,unique_table_count,select_expression_count,aggregate_function_count,inner_join_count,left_join_count,right_join_count,full_join_count,cross_join_count,estimated_startup_cost,estimated_total_cost,estimated_plan_rows,estimated_plan_width,estimated_rows_all_nodes,actual_total_time_ms,node_count,max_plan_depth,relation_count,root_node_type,seq_scan_count,index_scan_count,index_only_scan_count,bitmap_heap_scan_count,hash_join_count,merge_join_count,nested_loop_count,sort_node_count,aggregate_node_count,shared_hit_blocks,shared_read_blocks,temp_read_blocks,temp_written_blocks,relation_row_estimate_sum,largest_relation_rows,relation_size_bytes,index_size_bytes,existing_index_count,estimated_selectivity
control_ch_order_gaps,"WITH timeline AS ( SELECT c.c_w_id, c.c_d_id, c.c_id, o.o_id, o.o_entry_d, LAG(o.o_entry_d) OVER ( PARTITION BY c.c_w_id, c.c_d_id, c.c_id ORDER BY o.o_entry_d ) AS previous_order FROM chbenchmark.customer c JOIN chbenchmark.oorder o ON o.o_w_id = c.c_w_id AND o.o_d_id = c.c_d_id AND o.o_c_id = c.c_id WHERE c.c_state = 'OH' ) SELECT * FROM timeline WHERE o_entry_d - previous_order > INTERVAL '30 days' ORDER BY o_entry_d - previous_order DESC LIMIT 300",455,1,2,1,False,True,False,2,2,7,1,1,0,0,0,0,9909.61,9910.36,300.0,48,218878.0,99.889,9,8,2,Limit,2,0,0,0,1,0,0,2,0,29131,0,0,0,240000.0,120000.0,39739392,8896512,2,0.0025
control_ch_order_gaps,"WITH timeline AS ( SELECT c.c_w_id, c.c_d_id, c.c_id, o.o_id, o.o_entry_d, LAG(o.o_entry_d) OVER ( PARTITION BY c.c_w_id, c.c_d_id, c.c_id ORDER BY o.o_entry_d ) AS previous_order FROM chbenchmark.customer c JOIN chbenchmark.oorder o ON o.o_w_id = c.c_w_id AND o.o_d_id = c.c_d_id AND o.o_c_id = c.c_id WHERE c.c_state = 'OH' ) SELECT * FROM timeline WHERE o_entry_d - previous_order > INTERVAL '30 days' ORDER BY o_entry_d - previous_order DESC LIMIT 300",455,1,2,1,False,True,False,2,2,7,1,1,0,0,0,0,9909.61,9910.36,300.0,48,218878.0,99.3,9,8,2,Limit,2,0,0,0,1,0,0,2,0,29091,0,0,0,240000.0,120000.0,39739392,8896512,2,0.0025
control_ch_product_pareto,"WITH product_revenue AS ( SELECT ol.ol_i_id, SUM(ol.ol_amount) AS revenue FROM chbenchmark.customer c JOIN chbenchmark.oorder o ON o.o_w_id = c.c_w_id AND o.o_d_id = c.c_d_id AND o.o_c_id = c.c_id JOIN chbenchmark.order_line ol ON ol.ol_w_id = o.o_w_id AND ol.ol_d_id = o.o_d_id AND ol.ol_o_id = o.o_id WHERE c.c_state = 'FL' GROUP BY ol.ol_i_id ), cumulative AS ( SELECT *, SUM(revenue) OVER (ORDER BY revenue DESC) / NULLIF(SUM(revenue) OVER (), 0) AS cumulative_share FROM product_revenue ) SELECT COUNT(*) FILTER (WHERE cumulative_share <= 0.80) AS core_products, COUNT(*) AS all_products, MAX(revenue) AS top_product_revenue FROM cumulative",645,2,2,2,True,True,False,3,3,7,6,2,0,0,0,0,24516.13,24516.14,1.0,48,405423.0,425.911,13,10,3,Aggregate,2,1,0,0,1,0,1,1,2,641345,15345,462,858,840000.0,600000.0,124469248,29499392,3,1.6666666666666667e-06
control_ch_product_pareto,"WITH product_revenue AS ( SELECT ol.ol_i_id, SUM(ol.ol_amount) AS revenue FROM chbenchmark.customer c JOIN chbenchmark.oorder o ON o.o_w_id = c.c_w_id AND o.o_d_id = c.c_d_id AND o.o_c_id = c.c_id JOIN chbenchmark.order_line ol ON ol.ol_w_id = o.o_w_id AND ol.ol_d_id = o.o_d_id AND ol.ol_o_id = o.o_id WHERE c.c_state = 'FL' GROUP BY ol.ol_i_id ), cumulative AS ( SELECT *, SUM(revenue) OVER (ORDER BY revenue DESC) / NULLIF(SUM(revenue) OVER (), 0) AS cumulative_share FROM product_revenue ) SELECT COUNT(*) FILTER (WHERE cumulative_share <= 0.80) AS core_products, COUNT(*) AS all_products, MAX(revenue) AS top_product_revenue FROM cumulative",645,2,2,2,True,True,False,3,3,7,6,2,0,0,0,0,24516.13,24516.14,1.0,48,405423.0,865.255,13,10,3,Aggregate,2,1,0,0,1,0,1,1,2,656678,0,462,858,840000.0,600000.0,124469248,29499392,3,1.6666666666666667e-06
control_ch_customer_rfm,"WITH customer_value AS ( SELECT o.o_c_id, o.o_d_id, MAX(o.o_entry_d) AS last_order, COUNT(DISTINCT o.o_id) AS frequency, SUM(ol.ol_amount) AS monetary FROM chbenchmark.oorder o JOIN chbenchmark.order_line ol ON ol.ol_w_id = o.o_w_id AND ol.ol_d_id = o.o_d_id AND ol.ol_o_id = o.o_id WHERE o.o_w_id = 2 GROUP BY o.o_c_id, o.o_d_id ), scored AS ( SELECT *, NTILE(5) OVER (ORDER BY last_order) AS recency_score, NTILE(5) OVER (ORDER BY frequency) AS frequency_score, NTILE(5) OVER (ORDER BY monetary) AS monetary_score FROM customer_value ) SELECT recency_score, frequency_score, monetary_score, COUNT(*) AS customers, SUM(monetary) AS revenue FROM scored GROUP BY recency_score, frequency_score, monetary_score ORDER BY revenue DESC",730,1,1,2,True,True,False,2,2,14,8,1,0,0,0,0,39340.54,39343.37,1132.0,52,792796.0,415.733,17,15,2,Sort,0,0,0,2,1,0,0,5,2,108462,16848,7469,7491,720000.0,600000.0,96862208,24797184,2,0.0018866666666666667
control_ch_customer_rfm,"WITH customer_value AS ( SELECT o.o_c_id, o.o_d_id, MAX(o.o_entry_d) AS last_order, COUNT(DISTINCT o.o_id) AS frequency, SUM(ol.ol_amount) AS monetary FROM chbenchmark.oorder o JOIN chbenchmark.order_line ol ON ol.ol_w_id = o.o_w_id AND ol.ol_d_id = o.o_d_id AND ol.ol_o_id = o.o_id WHERE o.o_w_id = 2 GROUP BY o.o_c_id, o.o_d_id ), scored AS ( SELECT *, NTILE(5) OVER (ORDER BY last_order) AS recency_score, NTILE(5) OVER (ORDER BY frequency) AS frequency_score, NTILE(5) OVER (ORDER BY monetary) AS monetary_score FROM customer_value ) SELECT recency_score, frequency_score, monetary_score, COUNT(*) AS customers, SUM(monetary) AS revenue FROM scored GROUP BY recency_score, frequency_score, monetary_score ORDER BY revenue DESC",730,1,1,2,True,True,False,2,2,14,8,1,0,0,0,0,39340.54,39343.37,1132.0,52,792796.0,391.033,17,15,2,Sort,0,0,0,2,1,0,0,5,2,124759,533,7469,7491,720000.0,600000.0,96862208,24797184,2,0.0018866666666666667
control_ch_warehouse_reconciliation,"WITH ordered AS ( SELECT ol.ol_i_id, SUM(ol.ol_quantity) AS sold_units FROM chbenchmark.order_line ol WHERE ol.ol_w_id = 2 GROUP BY ol.ol_i_id ), stock_activity AS ( SELECT s.s_i_id, s.s_quantity, s.s_ytd, s.s_order_cnt FROM chbenchmark.stock s WHERE s.s_w_id = 2 ) SELECT sa.s_i_id, sa.s_quantity, sa.s_ytd, sa.s_order_cnt, o.sold_units, o.sold_units - sa.s_ytd AS quantity_difference FROM stock_activity sa JOIN ordered o ON o.ol_i_id = sa.s_i_id WHERE ABS(o.sold_units - sa.s_ytd) > 100 ORDER BY ABS(o.sold_units - sa.s_ytd) DESC LIMIT 300",542,1,3,2,True,True,False,2,2,12,1,1,0,0,0,0,18086.61,18087.36,300.0,114,475533.0,230.935,10,8,2,Limit,0,0,0,2,1,0,0,1,1,59422,1650,312,732,720000.0,600000.0,97607680,23306240,2,0.0005
control_ch_warehouse_reconciliation,"WITH ordered AS ( SELECT ol.ol_i_id, SUM(ol.ol_quantity) AS sold_units FROM chbenchmark.order_line ol WHERE ol.ol_w_id = 2 GROUP BY ol.ol_i_id ), stock_activity AS ( SELECT s.s_i_id, s.s_quantity, s.s_ytd, s.s_order_cnt FROM chbenchmark.stock s WHERE s.s_w_id = 2 ) SELECT sa.s_i_id, sa.s_quantity, sa.s_ytd, sa.s_order_cnt, o.sold_units, o.sold_units - sa.s_ytd AS quantity_difference FROM stock_activity sa JOIN ordered o ON o.ol_i_id = sa.s_i_id WHERE ABS(o.sold_units - sa.s_ytd) > 100 ORDER BY ABS(o.sold_units - sa.s_ytd) DESC LIMIT 300",542,1,3,2,True,True,False,2,2,12,1,1,0,0,0,0,18086.61,18087.36,300.0,114,475533.0,205.877,10,8,2,Limit,0,0,0,2,1,0,0,1,1,61072,0,312,732,720000.0,600000.0,97607680,23306240,2,0.0005
control_ch_district_anomaly,"WITH daily AS ( SELECT o.o_w_id, o.o_d_id, o.o_entry_d::date AS day, SUM(ol.ol_amount) AS revenue FROM chbenchmark.oorder o JOIN chbenchmark.order_line ol ON ol.ol_w_id = o.o_w_id AND ol.ol_d_id = o.o_d_id AND ol.ol_o_id = o.o_id WHERE o.o_entry_d >= DATE '2024-02-21' - INTERVAL '365 days' GROUP BY o.o_w_id, o.o_d_id, o.o_entry_d::date ), stats AS ( SELECT *, AVG(revenue) OVER (PARTITION BY o_w_id, o_d_id) AS mean_revenue, STDDEV_SAMP(revenue) OVER (PARTITION BY o_w_id, o_d_id) AS sd_revenue FROM daily ) SELECT *, (revenue - mean_revenue) / NULLIF(sd_revenue, 0) AS z_score FROM stats WHERE ABS((revenue - mean_revenue) / NULLIF(sd_revenue, 0)) > 2.5 ORDER BY ABS((revenue - mean_revenue) / NULLIF(sd_revenue, 0)) DESC",724,1,2,2,True,True,False,2,2,9,3,1,0,0,0,0,91854.63,91949.91,38110.0,172,1602917.0,826.48,11,10,2,Sort,2,0,0,0,1,0,0,2,2,100429,0,14252,14301,720000.0,600000.0,96862208,24797184,2,0.06351666666666667
control_ch_district_anomaly,"WITH daily AS ( SELECT o.o_w_id, o.o_d_id, o.o_entry_d::date AS day, SUM(ol.ol_amount) AS revenue FROM chbenchmark.oorder o JOIN chbenchmark.order_line ol ON ol.ol_w_id = o.o_w_id AND ol.ol_d_id = o.o_d_id AND ol.ol_o_id = o.o_id WHERE o.o_entry_d >= DATE '2024-02-21' - INTERVAL '365 days' GROUP BY o.o_w_id, o.o_d_id, o.o_entry_d::date ), stats AS ( SELECT *, AVG(revenue) OVER (PARTITION BY o_w_id, o_d_id) AS mean_revenue, STDDEV_SAMP(revenue) OVER (PARTITION BY o_w_id, o_d_id) AS sd_revenue FROM daily ) SELECT *, (revenue - mean_revenue) / NULLIF(sd_revenue, 0) AS z_score FROM stats WHERE ABS((revenue - mean_revenue) / NULLIF(sd_revenue, 0)) > 2.5 ORDER BY ABS((revenue - mean_revenue) / NULLIF(sd_revenue, 0)) DESC",724,1,2,2,True,True,False,2,2,9,3,1,0,0,0,0,91854.63,91949.91,38110.0,172,1602917.0,708.955,11,10,2,Sort,2,0,0,0,1,0,0,2,2,100429,0,14252,14301,720000.0,600000.0,96862208,24797184,2,0.06351666666666667
control_ch_demand_volatility,"WITH weekly AS ( SELECT ol.ol_i_id, date_trunc('week', o.o_entry_d) AS week, SUM(ol.ol_quantity) AS units FROM chbenchmark.order_line ol JOIN chbenchmark.oorder o ON o.o_w_id = ol.ol_w_id AND o.o_d_id = ol.ol_d_id AND o.o_id = ol.ol_o_id WHERE ol.ol_w_id = 2 GROUP BY ol.ol_i_id, date_trunc('week', o.o_entry_d) ) SELECT ol_i_id, AVG(units) AS avg_units, STDDEV_SAMP(units) AS volatility, STDDEV_SAMP(units) / NULLIF(AVG(units), 0) AS coefficient_of_variation FROM weekly GROUP BY ol_i_id HAVING COUNT(*) >= 3 ORDER BY coefficient_of_variation DESC NULLS LAST LIMIT 250",569,1,1,1,True,True,False,2,2,7,6,1,0,0,0,0,35667.05,35667.22,67.0,100,700189.0,704.128,10,8,2,Limit,0,0,0,2,1,0,0,1,2,58799,0,3545,7885,720000.0,600000.0,96862208,24797184,2,0.00011166666666666667
control_ch_demand_volatility,"WITH weekly AS ( SELECT ol.ol_i_id, date_trunc('week', o.o_entry_d) AS week, SUM(ol.ol_quantity) AS units FROM chbenchmark.order_line ol JOIN chbenchmark.oorder o ON o.o_w_id = ol.ol_w_id AND o.o_d_id = ol.ol_d_id AND o.o_id = ol.ol_o_id WHERE ol.ol_w_id = 2 GROUP BY ol.ol_i_id, date_trunc('week', o.o_entry_d) ) SELECT ol_i_id, AVG(units) AS avg_units, STDDEV_SAMP(units) AS volatility, STDDEV_SAMP(units) / NULLIF(AVG(units), 0) AS coefficient_of_variation FROM weekly GROUP BY ol_i_id HAVING COUNT(*) >= 3 ORDER BY coefficient_of_variation DESC NULLS LAST LIMIT 250",569,1,1,1,True,True,False,2,2,7,6,1,0,0,0,0,35667.05,35667.22,67.0,100,700189.0,906.473,10,8,2,Limit,0,0,0,2,1,0,0,1,2,58799,0,3545,7885,720000.0,600000.0,96862208,24797184,2,0.00011166666666666667
control_ch_supplier_concentration,"WITH supplier_revenue AS ( SELECT su.su_suppkey, SUM(ol.ol_amount) AS revenue FROM chbenchmark.supplier su JOIN chbenchmark.nation n ON n.n_nationkey = su.su_nationkey JOIN chbenchmark.stock s ON MOD(s.s_w_id * s.s_i_id, 10000) = su.su_suppkey JOIN chbenchmark.order_line ol ON ol.ol_supply_w_id = s.s_w_id AND ol.ol_i_id = s.s_i_id WHERE n.n_regionkey = 2 GROUP BY su.su_suppkey ), shares AS ( SELECT revenue / NULLIF(SUM(revenue) OVER (), 0) AS share FROM supplier_revenue ) SELECT COUNT(*) AS suppliers, MAX(share) AS largest_share, SUM(share * share) AS hhi FROM shares",573,3,1,2,True,False,False,4,4,6,5,3,0,0,0,0,19463.77,19463.78,1.0,72,549423.0,215.109,16,12,4,Aggregate,4,0,0,0,3,0,0,0,3,69512,11913,0,0,730025.0,600000.0,99098624,23584768,5,1.6666666666666667e-06
control_ch_supplier_concentration,"WITH supplier_revenue AS ( SELECT su.su_suppkey, SUM(ol.ol_amount) AS revenue FROM chbenchmark.supplier su JOIN chbenchmark.nation n ON n.n_nationkey = su.su_nationkey JOIN chbenchmark.stock s ON MOD(s.s_w_id * s.s_i_id, 10000) = su.su_suppkey JOIN chbenchmark.order_line ol ON ol.ol_supply_w_id = s.s_w_id AND ol.ol_i_id = s.s_i_id WHERE n.n_regionkey = 2 GROUP BY su.su_suppkey ), shares AS ( SELECT revenue / NULLIF(SUM(revenue) OVER (), 0) AS share FROM supplier_revenue ) SELECT COUNT(*) AS suppliers, MAX(share) AS largest_share, SUM(share * share) AS hhi FROM shares",573,3,1,2,True,False,False,4,4,6,5,3,0,0,0,0,19463.77,19463.78,1.0,72,549423.0,218.47,16,12,4,Aggregate,4,0,0,0,3,0,0,0,3,78455,2970,0,0,730025.0,600000.0,99098624,23584768,5,1.6666666666666667e-06
control_ch_cohort_retention,"WITH activity AS ( SELECT o.o_c_id, o.o_d_id, date_trunc('quarter', MIN(o.o_entry_d)) AS cohort, COUNT(DISTINCT date_trunc('quarter', o.o_entry_d)) AS active_quarters FROM chbenchmark.oorder o WHERE o.o_w_id = 2 GROUP BY o.o_c_id, o.o_d_id ) SELECT cohort, COUNT(*) AS customers, COUNT(*) FILTER (WHERE active_quarters >= 2) AS retained_2q, COUNT(*) FILTER (WHERE active_quarters >= 3) AS retained_3q FROM activity GROUP BY cohort ORDER BY cohort",446,0,3,1,True,True,False,1,1,8,5,0,0,0,0,0,5190.07,5190.57,200.0,32,101466.0,67.499,6,6,1,Sort,0,0,0,1,0,0,0,2,2,5599,0,0,0,120000.0,120000.0,12132352,4194304,1,0.0016666666666666668
control_ch_cohort_retention,"WITH activity AS ( SELECT o.o_c_id, o.o_d_id, date_trunc('quarter', MIN(o.o_entry_d)) AS cohort, COUNT(DISTINCT date_trunc('quarter', o.o_entry_d)) AS active_quarters FROM chbenchmark.oorder o WHERE o.o_w_id = 2 GROUP BY o.o_c_id, o.o_d_id ) SELECT cohort, COUNT(*) AS customers, COUNT(*) FILTER (WHERE active_quarters >= 2) AS retained_2q, COUNT(*) FILTER (WHERE active_quarters >= 3) AS retained_3q FROM activity GROUP BY cohort ORDER BY cohort",446,0,3,1,True,True,False,1,1,8,5,0,0,0,0,0,5190.07,5190.57,200.0,32,101466.0,70.66,6,6,1,Sort,0,0,0,1,0,0,0,2,2,5599,0,0,0,120000.0,120000.0,12132352,4194304,1,0.0016666666666666668
control_ch_basket_affinity,"SELECT LEAST(a.ol_i_id, b.ol_i_id) AS item_a, GREATEST(a.ol_i_id, b.ol_i_id) AS item_b, COUNT(*) AS baskets FROM chbenchmark.order_line a JOIN chbenchmark.order_line b ON b.ol_w_id = a.ol_w_id AND b.ol_d_id = a.ol_d_id AND b.ol_o_id = a.ol_o_id AND b.ol_i_id > a.ol_i_id WHERE a.ol_w_id = 1 AND a.ol_d_id = 9 GROUP BY LEAST(a.ol_i_id, b.ol_i_id), GREATEST(a.ol_i_id, b.ol_i_id) HAVING COUNT(*) >= 2 ORDER BY baskets DESC LIMIT 200",430,1,2,0,True,True,False,2,1,3,2,1,0,0,0,0,21587.64,21588.14,200.0,16,132489.0,79.346,10,7,1,Limit,0,0,0,2,0,1,0,3,1,37380,0,0,0,600000.0,600000.0,84729856,20602880,1,0.0003333333333333333
control_ch_basket_affinity,"SELECT LEAST(a.ol_i_id, b.ol_i_id) AS item_a, GREATEST(a.ol_i_id, b.ol_i_id) AS item_b, COUNT(*) AS baskets FROM chbenchmark.order_line a JOIN chbenchmark.order_line b ON b.ol_w_id = a.ol_w_id AND b.ol_d_id = a.ol_d_id AND b.ol_o_id = a.ol_o_id AND b.ol_i_id > a.ol_i_id WHERE a.ol_w_id = 1 AND a.ol_d_id = 9 GROUP BY LEAST(a.ol_i_id, b.ol_i_id), GREATEST(a.ol_i_id, b.ol_i_id) HAVING COUNT(*) >= 2 ORDER BY baskets DESC LIMIT 200",430,1,2,0,True,True,False,2,1,3,2,1,0,0,0,0,21587.64,21588.14,200.0,16,132489.0,107.88,10,7,1,Limit,0,0,0,2,0,1,0,3,1,37380,0,0,0,600000.0,600000.0,84729856,20602880,1,0.0003333333333333333
control_ch_stockout_risk,"WITH demand AS ( SELECT ol.ol_i_id, SUM(ol.ol_quantity)::numeric / 90 AS daily_units FROM chbenchmark.order_line ol JOIN chbenchmark.oorder o ON o.o_w_id = ol.ol_w_id AND o.o_d_id = ol.ol_d_id AND o.o_id = ol.ol_o_id WHERE ol.ol_w_id = 4 AND o.o_entry_d >= timestamp '2025-12-31' - INTERVAL '90 days' GROUP BY ol.ol_i_id ) SELECT s.s_i_id, s.s_quantity, d.daily_units, s.s_quantity / NULLIF(d.daily_units, 0) AS days_of_supply FROM chbenchmark.stock s JOIN demand d ON d.ol_i_id = s.s_i_id WHERE s.s_w_id = 4 AND s.s_quantity / NULLIF(d.daily_units, 0) < 21 ORDER BY days_of_supply LIMIT 300",591,2,4,1,True,True,False,3,3,6,1,2,0,0,0,0,18558.5,18559.25,300.0,72,221191.0,131.693,15,12,3,Limit,1,0,0,2,2,0,0,1,2,115494,962,0,0,840000.0,600000.0,109740032,27500544,3,0.0005
control_ch_stockout_risk,"WITH demand AS ( SELECT ol.ol_i_id, SUM(ol.ol_quantity)::numeric / 90 AS daily_units FROM chbenchmark.order_line ol JOIN chbenchmark.oorder o ON o.o_w_id = ol.ol_w_id AND o.o_d_id = ol.ol_d_id AND o.o_id = ol.ol_o_id WHERE ol.ol_w_id = 4 AND o.o_entry_d >= timestamp '2025-12-31' - INTERVAL '90 days' GROUP BY ol.ol_i_id ) SELECT s.s_i_id, s.s_quantity, d.daily_units, s.s_quantity / NULLIF(d.daily_units, 0) AS days_of_supply FROM chbenchmark.stock s JOIN demand d ON d.ol_i_id = s.s_i_id WHERE s.s_w_id = 4 AND s.s_quantity / NULLIF(d.daily_units, 0) < 21 ORDER BY days_of_supply LIMIT 300",591,2,4,1,True,True,False,3,3,6,1,2,0,0,0,0,18558.5,18559.25,300.0,72,221191.0,144.095,15,12,3,Limit,1,0,0,2,2,0,0,1,2,116456,0,0,0,840000.0,600000.0,109740032,27500544,3,0.0005
control_ch_district_anomaly,"WITH daily AS ( SELECT o.o_w_id, o.o_d_id, o.o_entry_d::date AS day, SUM(ol.ol_amount) AS revenue FROM chbenchmark.oorder o JOIN chbenchmark.order_line ol ON ol.ol_w_id = o.o_w_id AND ol.ol_d_id = o.o_d_id AND ol.ol_o_id = o.o_id WHERE o.o_entry_d >= DATE '2024-11-09' - INTERVAL '365 days' GROUP BY o.o_w_id, o.o_d_id, o.o_entry_d::date ), stats AS ( SELECT *, AVG(revenue) OVER (PARTITION BY o_w_id, o_d_id) AS mean_revenue, STDDEV_SAMP(revenue) OVER (PARTITION BY o_w_id, o_d_id) AS sd_revenue FROM daily ) SELECT *, (revenue - mean_revenue) / NULLIF(sd_revenue, 0) AS z_score FROM stats WHERE ABS((revenue - mean_revenue) / NULLIF(sd_revenue, 0)) > 2.5 ORDER BY ABS((revenue - mean_revenue) / NULLIF(sd_revenue, 0)) DESC",724,1,2,2,True,True,False,2,2,9,3,1,0,0,0,0,71707.24,71777.85,28241.0,172,1252555.0,891.612,11,10,2,Sort,2,0,0,0,1,0,0,2,2,100429,0,10577,10619,720000.0,600000.0,96862208,24797184,2,0.04706833333333333
control_ch_district_anomaly,"WITH daily AS ( SELECT o.o_w_id, o.o_d_id, o.o_entry_d::date AS day, SUM(ol.ol_amount) AS revenue FROM chbenchmark.oorder o JOIN chbenchmark.order_line ol ON ol.ol_w_id = o.o_w_id AND ol.ol_d_id = o.o_d_id AND ol.ol_o_id = o.o_id WHERE o.o_entry_d >= DATE '2024-11-09' - INTERVAL '365 days' GROUP BY o.o_w_id, o.o_d_id, o.o_entry_d::date ), stats AS ( SELECT *, AVG(revenue) OVER (PARTITION BY o_w_id, o_d_id) AS mean_revenue, STDDEV_SAMP(revenue) OVER (PARTITION BY o_w_id, o_d_id) AS sd_revenue FROM daily ) SELECT *, (revenue - mean_revenue) / NULLIF(sd_revenue, 0) AS z_score FROM stats WHERE ABS((revenue - mean_revenue) / NULLIF(sd_revenue, 0)) > 2.5 ORDER BY ABS((revenue - mean_revenue) / NULLIF(sd_revenue, 0)) DESC",724,1,2,2,True,True,False,2,2,9,3,1,0,0,0,0,71707.24,71777.85,28241.0,172,1252555.0,647.77,11,10,2,Sort,2,0,0,0,1,0,0,2,2,100429,0,10570,10612,720000.0,600000.0,96862208,24797184,2,0.04706833333333333
control_ch_stockout_risk,"WITH demand AS ( SELECT ol.ol_i_id, SUM(ol.ol_quantity)::numeric / 30 AS daily_units FROM chbenchmark.order_line ol JOIN chbenchmark.oorder o ON o.o_w_id = ol.ol_w_id AND o.o_d_id = ol.ol_d_id AND o.o_id = ol.ol_o_id WHERE ol.ol_w_id = 4 AND o.o_entry_d >= timestamp '2025-12-31' - INTERVAL '30 days' GROUP BY ol.ol_i_id ) SELECT s.s_i_id, s.s_quantity, d.daily_units, s.s_quantity / NULLIF(d.daily_units, 0) AS days_of_supply FROM chbenchmark.stock s JOIN demand d ON d.ol_i_id = s.s_i_id WHERE s.s_w_id = 4 AND s.s_quantity / NULLIF(d.daily_units, 0) < 21 ORDER BY days_of_supply LIMIT 300",591,2,4,1,True,True,False,3,3,6,1,2,0,0,0,0,17473.02,17473.77,300.0,72,177258.0,87.553,16,13,3,Limit,1,0,0,2,2,0,0,2,2,127855,0,0,0,840000.0,600000.0,109740032,27500544,3,0.0005
control_ch_stockout_risk,"WITH demand AS ( SELECT ol.ol_i_id, SUM(ol.ol_quantity)::numeric / 30 AS daily_units FROM chbenchmark.order_line ol JOIN chbenchmark.oorder o ON o.o_w_id = ol.ol_w_id AND o.o_d_id = ol.ol_d_id AND o.o_id = ol.ol_o_id WHERE ol.ol_w_id = 4 AND o.o_entry_d >= timestamp '2025-12-31' - INTERVAL '30 days' GROUP BY ol.ol_i_id ) SELECT s.s_i_id, s.s_quantity, d.daily_units, s.s_quantity / NULLIF(d.daily_units, 0) AS days_of_supply FROM chbenchmark.stock s JOIN demand d ON d.ol_i_id = s.s_i_id WHERE s.s_w_id = 4 AND s.s_quantity / NULLIF(d.daily_units, 0) < 21 ORDER BY days_of_supply LIMIT 300",591,2,4,1,True,True,False,3,3,6,1,2,0,0,0,0,17473.02,17473.77,300.0,72,177258.0,85.655,16,13,3,Limit,1,0,0,2,2,0,0,2,2,127855,0,0,0,840000.0,600000.0,109740032,27500544,3,0.0005
control_ch_cohort_retention,"WITH activity AS ( SELECT o.o_c_id, o.o_d_id, date_trunc('quarter', MIN(o.o_entry_d)) AS cohort, COUNT(DISTINCT date_trunc('quarter', o.o_entry_d)) AS active_quarters FROM chbenchmark.oorder o WHERE o.o_w_id = 1 GROUP BY o.o_c_id, o.o_d_id ) SELECT cohort, COUNT(*) AS customers, COUNT(*) FILTER (WHERE active_quarters >= 2) AS retained_2q, COUNT(*) FILTER (WHERE active_quarters >= 3) AS retained_3q FROM activity GROUP BY cohort ORDER BY cohort",446,0,3,1,True,True,False,1,1,8,5,0,0,0,0,0,5227.11,5227.61,200.0,32,102315.0,61.37,6,6,1,Sort,0,0,0,1,0,0,0,2,2,5209,384,0,0,120000.0,120000.0,12132352,4194304,1,0.0016666666666666668
control_ch_cohort_retention,"WITH activity AS ( SELECT o.o_c_id, o.o_d_id, date_trunc('quarter', MIN(o.o_entry_d)) AS cohort, COUNT(DISTINCT date_trunc('quarter', o.o_entry_d)) AS active_quarters FROM chbenchmark.oorder o WHERE o.o_w_id = 1 GROUP BY o.o_c_id, o.o_d_id ) SELECT cohort, COUNT(*) AS customers, COUNT(*) FILTER (WHERE active_quarters >= 2) AS retained_2q, COUNT(*) FILTER (WHERE active_quarters >= 3) AS retained_3q FROM activity GROUP BY cohort ORDER BY cohort",446,0,3,1,True,True,False,1,1,8,5,0,0,0,0,0,5227.11,5227.61,200.0,32,102315.0,57.934,6,6,1,Sort,0,0,0,1,0,0,0,2,2,5593,0,0,0,120000.0,120000.0,12132352,4194304,1,0.0016666666666666668
control_ch_supplier_concentration,"WITH supplier_revenue AS ( SELECT su.su_suppkey, SUM(ol.ol_amount) AS revenue FROM chbenchmark.supplier su JOIN chbenchmark.nation n ON n.n_nationkey = su.su_nationkey JOIN chbenchmark.stock s ON MOD(s.s_w_id * s.s_i_id, 10000) = su.su_suppkey JOIN chbenchmark.order_line ol ON ol.ol_supply_w_id = s.s_w_id AND ol.ol_i_id = s.s_i_id WHERE n.n_regionkey = 1 GROUP BY su.su_suppkey ), shares AS ( SELECT revenue / NULLIF(SUM(revenue) OVER (), 0) AS share FROM supplier_revenue ) SELECT COUNT(*) AS suppliers, MAX(share) AS largest_share, SUM(share * share) AS hhi FROM shares",573,3,1,2,True,False,False,4,4,6,5,3,0,0,0,0,19463.77,19463.78,1.0,72,549423.0,185.884,16,12,4,Aggregate,4,0,0,0,3,0,0,0,3,81425,0,0,0,730025.0,600000.0,99098624,23584768,5,1.6666666666666667e-06
control_ch_supplier_concentration,"WITH supplier_revenue AS ( SELECT su.su_suppkey, SUM(ol.ol_amount) AS revenue FROM chbenchmark.supplier su JOIN chbenchmark.nation n ON n.n_nationkey = su.su_nationkey JOIN chbenchmark.stock s ON MOD(s.s_w_id * s.s_i_id, 10000) = su.su_suppkey JOIN chbenchmark.order_line ol ON ol.ol_supply_w_id = s.s_w_id AND ol.ol_i_id = s.s_i_id WHERE n.n_regionkey = 1 GROUP BY su.su_suppkey ), shares AS ( SELECT revenue / NULLIF(SUM(revenue) OVER (), 0) AS share FROM supplier_revenue ) SELECT COUNT(*) AS suppliers, MAX(share) AS largest_share, SUM(share * share) AS hhi FROM shares",573,3,1,2,True,False,False,4,4,6,5,3,0,0,0,0,19463.77,19463.78,1.0,72,549423.0,180.156,16,12,4,Aggregate,4,0,0,0,3,0,0,0,3,81425,0,0,0,730025.0,600000.0,99098624,23584768,5,1.6666666666666667e-06
control_ch_demand_volatility,"WITH weekly AS ( SELECT ol.ol_i_id, date_trunc('week', o.o_entry_d) AS week, SUM(ol.ol_quantity) AS units FROM chbenchmark.order_line ol JOIN chbenchmark.oorder o ON o.o_w_id = ol.ol_w_id AND o.o_d_id = ol.ol_d_id AND o.o_id = ol.ol_o_id WHERE ol.ol_w_id = 3 GROUP BY ol.ol_i_id, date_trunc('week', o.o_entry_d) ) SELECT ol_i_id, AVG(units) AS avg_units, STDDEV_SAMP(units) AS volatility, STDDEV_SAMP(units) / NULLIF(AVG(units), 0) AS coefficient_of_variation FROM weekly GROUP BY ol_i_id HAVING COUNT(*) >= 3 ORDER BY coefficient_of_variation DESC NULLS LAST LIMIT 250",569,1,1,1,True,True,False,2,2,7,6,1,0,0,0,0,35245.93,35246.09,67.0,100,689989.0,809.414,10,8,2,Limit,0,0,0,2,1,0,0,1,2,59429,7,3552,7899,720000.0,600000.0,96862208,24797184,2,0.00011166666666666667
control_ch_demand_volatility,"WITH weekly AS ( SELECT ol.ol_i_id, date_trunc('week', o.o_entry_d) AS week, SUM(ol.ol_quantity) AS units FROM chbenchmark.order_line ol JOIN chbenchmark.oorder o ON o.o_w_id = ol.ol_w_id AND o.o_d_id = ol.ol_d_id AND o.o_id = ol.ol_o_id WHERE ol.ol_w_id = 3 GROUP BY ol.ol_i_id, date_trunc('week', o.o_entry_d) ) SELECT ol_i_id, AVG(units) AS avg_units, STDDEV_SAMP(units) AS volatility, STDDEV_SAMP(units) / NULLIF(AVG(units), 0) AS coefficient_of_variation FROM weekly GROUP BY ol_i_id HAVING COUNT(*) >= 3 ORDER BY coefficient_of_variation DESC NULLS LAST LIMIT 250",569,1,1,1,True,True,False,2,2,7,6,1,0,0,0,0,35245.93,35246.09,67.0,100,689989.0,1011.012,10,8,2,Limit,0,0,0,2,1,0,0,1,2,59436,0,3552,7899,720000.0,600000.0,96862208,24797184,2,0.00011166666666666667
control_ch_customer_rfm,"WITH customer_value AS ( SELECT o.o_c_id, o.o_d_id, MAX(o.o_entry_d) AS last_order, COUNT(DISTINCT o.o_id) AS frequency, SUM(ol.ol_amount) AS monetary FROM chbenchmark.oorder o JOIN chbenchmark.order_line ol ON ol.ol_w_id = o.o_w_id AND ol.ol_d_id = o.o_d_id AND ol.ol_o_id = o.o_id WHERE o.o_w_id = 1 GROUP BY o.o_c_id, o.o_d_id ), scored AS ( SELECT *, NTILE(5) OVER (ORDER BY last_order) AS recency_score, NTILE(5) OVER (ORDER BY frequency) AS frequency_score, NTILE(5) OVER (ORDER BY monetary) AS monetary_score FROM customer_value ) SELECT recency_score, frequency_score, monetary_score, COUNT(*) AS customers, SUM(monetary) AS revenue FROM scored GROUP BY recency_score, frequency_score, monetary_score ORDER BY revenue DESC",730,1,1,2,True,True,False,2,2,14,8,1,0,0,0,0,38769.98,38772.82,1134.0,52,780196.0,508.105,17,15,2,Sort,0,0,0,2,1,0,0,5,2,125277,0,7469,7491,720000.0,600000.0,96862208,24797184,2,0.00189
control_ch_customer_rfm,"WITH customer_value AS ( SELECT o.o_c_id, o.o_d_id, MAX(o.o_entry_d) AS last_order, COUNT(DISTINCT o.o_id) AS frequency, SUM(ol.ol_amount) AS monetary FROM chbenchmark.oorder o JOIN chbenchmark.order_line ol ON ol.ol_w_id = o.o_w_id AND ol.ol_d_id = o.o_d_id AND ol.ol_o_id = o.o_id WHERE o.o_w_id = 1 GROUP BY o.o_c_id, o.o_d_id ), scored AS ( SELECT *, NTILE(5) OVER (ORDER BY last_order) AS recency_score, NTILE(5) OVER (ORDER BY frequency) AS frequency_score, NTILE(5) OVER (ORDER BY monetary) AS monetary_score FROM customer_value ) SELECT recency_score, frequency_score, monetary_score, COUNT(*) AS customers, SUM(monetary) AS revenue FROM scored GROUP BY recency_score, frequency_score, monetary_score ORDER BY revenue DESC",730,1,1,2,True,True,False,2,2,14,8,1,0,0,0,0,38769.98,38772.82,1134.0,52,780196.0,553.906,17,15,2,Sort,0,0,0,2,1,0,0,5,2,125277,0,7469,7491,720000.0,600000.0,96862208,24797184,2,0.00189
control_ch_product_pareto,"WITH product_revenue AS ( SELECT ol.ol_i_id, SUM(ol.ol_amount) AS revenue FROM chbenchmark.customer c JOIN chbenchmark.oorder o ON o.o_w_id = c.c_w_id AND o.o_d_id = c.c_d_id AND o.o_c_id = c.c_id JOIN chbenchmark.order_line ol ON ol.ol_w_id = o.o_w_id AND ol.ol_d_id = o.o_d_id AND ol.ol_o_id = o.o_id WHERE c.c_state = 'NY' GROUP BY ol.ol_i_id ), cumulative AS ( SELECT *, SUM(revenue) OVER (ORDER BY revenue DESC) / NULLIF(SUM(revenue) OVER (), 0) AS cumulative_share FROM product_revenue ) SELECT COUNT(*) FILTER (WHERE cumulative_share <= 0.80) AS core_products, COUNT(*) AS all_products, MAX(revenue) AS top_product_revenue FROM cumulative",645,2,2,2,True,True,False,3,3,7,6,2,0,0,0,0,24540.58,24540.59,1.0,48,407087.0,676.514,13,10,3,Aggregate,2,1,0,0,1,0,1,1,2,656633,9,450,852,840000.0,600000.0,124469248,29499392,3,1.6666666666666667e-06
control_ch_product_pareto,"WITH product_revenue AS ( SELECT ol.ol_i_id, SUM(ol.ol_amount) AS revenue FROM chbenchmark.customer c JOIN chbenchmark.oorder o ON o.o_w_id = c.c_w_id AND o.o_d_id = c.c_d_id AND o.o_c_id = c.c_id JOIN chbenchmark.order_line ol ON ol.ol_w_id = o.o_w_id AND ol.ol_d_id = o.o_d_id AND ol.ol_o_id = o.o_id WHERE c.c_state = 'NY' GROUP BY ol.ol_i_id ), cumulative AS ( SELECT *, SUM(revenue) OVER (ORDER BY revenue DESC) / NULLIF(SUM(revenue) OVER (), 0) AS cumulative_share FROM product_revenue ) SELECT COUNT(*) FILTER (WHERE cumulative_share <= 0.80) AS core_products, COUNT(*) AS all_products, MAX(revenue) AS top_product_revenue FROM cumulative",645,2,2,2,True,True,False,3,3,7,6,2,0,0,0,0,24540.58,24540.59,1.0,48,407087.0,646.317,13,10,3,Aggregate,2,1,0,0,1,0,1,1,2,656642,0,450,852,840000.0,600000.0,124469248,29499392,3,1.6666666666666667e-06
control_ch_warehouse_reconciliation,"WITH ordered AS ( SELECT ol.ol_i_id, SUM(ol.ol_quantity) AS sold_units FROM chbenchmark.order_line ol WHERE ol.ol_w_id = 3 GROUP BY ol.ol_i_id ), stock_activity AS ( SELECT s.s_i_id, s.s_quantity, s.s_ytd, s.s_order_cnt FROM chbenchmark.stock s WHERE s.s_w_id = 3 ) SELECT sa.s_i_id, sa.s_quantity, sa.s_ytd, sa.s_order_cnt, o.sold_units, o.sold_units - sa.s_ytd AS quantity_difference FROM stock_activity sa JOIN ordered o ON o.ol_i_id = sa.s_i_id WHERE ABS(o.sold_units - sa.s_ytd) > 100 ORDER BY ABS(o.sold_units - sa.s_ytd) DESC LIMIT 300",542,1,3,2,True,True,False,2,2,12,1,1,0,0,0,0,17953.93,17954.68,300.0,114,469113.0,332.874,10,8,2,Limit,0,0,0,2,1,0,0,1,1,61390,410,306,720,720000.0,600000.0,97607680,23306240,2,0.0005
control_ch_warehouse_reconciliation,"WITH ordered AS ( SELECT ol.ol_i_id, SUM(ol.ol_quantity) AS sold_units FROM chbenchmark.order_line ol WHERE ol.ol_w_id = 3 GROUP BY ol.ol_i_id ), stock_activity AS ( SELECT s.s_i_id, s.s_quantity, s.s_ytd, s.s_order_cnt FROM chbenchmark.stock s WHERE s.s_w_id = 3 ) SELECT sa.s_i_id, sa.s_quantity, sa.s_ytd, sa.s_order_cnt, o.sold_units, o.sold_units - sa.s_ytd AS quantity_difference FROM stock_activity sa JOIN ordered o ON o.ol_i_id = sa.s_i_id WHERE ABS(o.sold_units - sa.s_ytd) > 100 ORDER BY ABS(o.sold_units - sa.s_ytd) DESC LIMIT 300",542,1,3,2,True,True,False,2,2,12,1,1,0,0,0,0,17953.93,17954.68,300.0,114,469113.0,441.682,10,8,2,Limit,0,0,0,2,1,0,0,1,1,61800,0,306,720,720000.0,600000.0,97607680,23306240,2,0.0005
control_ch_basket_affinity,"SELECT LEAST(a.ol_i_id, b.ol_i_id) AS item_a, GREATEST(a.ol_i_id, b.ol_i_id) AS item_b, COUNT(*) AS baskets FROM chbenchmark.order_line a JOIN chbenchmark.order_line b ON b.ol_w_id = a.ol_w_id AND b.ol_d_id = a.ol_d_id AND b.ol_o_id = a.ol_o_id AND b.ol_i_id > a.ol_i_id WHERE a.ol_w_id = 4 AND a.ol_d_id = 10 GROUP BY LEAST(a.ol_i_id, b.ol_i_id), GREATEST(a.ol_i_id, b.ol_i_id) HAVING COUNT(*) >= 2 ORDER BY baskets DESC LIMIT 200",431,1,2,0,True,True,False,2,1,3,2,1,0,0,0,0,21525.81,21526.31,200.0,16,129989.0,94.255,10,7,1,Limit,0,0,0,2,0,1,0,3,1,37368,0,0,0,600000.0,600000.0,84729856,20602880,1,0.0003333333333333333
control_ch_basket_affinity,"SELECT LEAST(a.ol_i_id, b.ol_i_id) AS item_a, GREATEST(a.ol_i_id, b.ol_i_id) AS item_b, COUNT(*) AS baskets FROM chbenchmark.order_line a JOIN chbenchmark.order_line b ON b.ol_w_id = a.ol_w_id AND b.ol_d_id = a.ol_d_id AND b.ol_o_id = a.ol_o_id AND b.ol_i_id > a.ol_i_id WHERE a.ol_w_id = 4 AND a.ol_d_id = 10 GROUP BY LEAST(a.ol_i_id, b.ol_i_id), GREATEST(a.ol_i_id, b.ol_i_id) HAVING COUNT(*) >= 2 ORDER BY baskets DESC LIMIT 200",431,1,2,0,True,True,False,2,1,3,2,1,0,0,0,0,21525.81,21526.31,200.0,16,129989.0,86.556,10,7,1,Limit,0,0,0,2,0,1,0,3,1,37368,0,0,0,600000.0,600000.0,84729856,20602880,1,0.0003333333333333333
control_ch_order_gaps,"WITH timeline AS ( SELECT c.c_w_id, c.c_d_id, c.c_id, o.o_id, o.o_entry_d, LAG(o.o_entry_d) OVER ( PARTITION BY c.c_w_id, c.c_d_id, c.c_id ORDER BY o.o_entry_d ) AS previous_order FROM chbenchmark.customer c JOIN chbenchmark.oorder o ON o.o_w_id = c.c_w_id AND o.o_d_id = c.c_d_id AND o.o_c_id = c.c_id WHERE c.c_state = 'CA' ) SELECT * FROM timeline WHERE o_entry_d - previous_order > INTERVAL '90 days' ORDER BY o_entry_d - previous_order DESC LIMIT 300",455,1,2,1,False,True,False,2,2,7,1,1,0,0,0,0,9919.28,9920.03,300.0,48,219240.0,153.053,9,8,2,Limit,2,0,0,0,1,0,0,2,0,29091,0,0,0,240000.0,120000.0,39739392,8896512,2,0.0025
control_ch_order_gaps,"WITH timeline AS ( SELECT c.c_w_id, c.c_d_id, c.c_id, o.o_id, o.o_entry_d, LAG(o.o_entry_d) OVER ( PARTITION BY c.c_w_id, c.c_d_id, c.c_id ORDER BY o.o_entry_d ) AS previous_order FROM chbenchmark.customer c JOIN chbenchmark.oorder o ON o.o_w_id = c.c_w_id AND o.o_d_id = c.c_d_id AND o.o_c_id = c.c_id WHERE c.c_state = 'CA' ) SELECT * FROM timeline WHERE o_entry_d - previous_order > INTERVAL '90 days' ORDER BY o_entry_d - previous_order DESC LIMIT 300",455,1,2,1,False,True,False,2,2,7,1,1,0,0,0,0,9919.28,9920.03,300.0,48,219240.0,145.854,9,8,2,Limit,2,0,0,0,1,0,0,2,0,29091,0,0,0,240000.0,120000.0,39739392,8896512,2,0.0025
control_ch_order_gaps,"WITH timeline AS ( SELECT c.c_w_id, c.c_d_id, c.c_id, o.o_id, o.o_entry_d, LAG(o.o_entry_d) OVER ( PARTITION BY c.c_w_id, c.c_d_id, c.c_id ORDER BY o.o_entry_d ) AS previous_order FROM chbenchmark.customer c JOIN chbenchmark.oorder o ON o.o_w_id = c.c_w_id AND o.o_d_id = c.c_d_id AND o.o_c_id = c.c_id WHERE c.c_state = 'NY' ) SELECT * FROM timeline WHERE o_entry_d - previous_order > INTERVAL '120 days' ORDER BY o_entry_d - previous_order DESC LIMIT 300",456,1,2,1,False,True,False,2,2,7,1,1,0,0,0,0,9887.82,9888.57,300.0,48,218062.0,135.416,9,8,2,Limit,2,0,0,0,1,0,0,2,0,29091,0,0,0,240000.0,120000.0,39739392,8896512,2,0.0025
control_ch_order_gaps,"WITH timeline AS ( SELECT c.c_w_id, c.c_d_id, c.c_id, o.o_id, o.o_entry_d, LAG(o.o_entry_d) OVER ( PARTITION BY c.c_w_id, c.c_d_id, c.c_id ORDER BY o.o_entry_d ) AS previous_order FROM chbenchmark.customer c JOIN chbenchmark.oorder o ON o.o_w_id = c.c_w_id AND o.o_d_id = c.c_d_id AND o.o_c_id = c.c_id WHERE c.c_state = 'NY' ) SELECT * FROM timeline WHERE o_entry_d - previous_order > INTERVAL '120 days' ORDER BY o_entry_d - previous_order DESC LIMIT 300",456,1,2,1,False,True,False,2,2,7,1,1,0,0,0,0,9887.82,9888.57,300.0,48,218062.0,120.94,9,8,2,Limit,2,0,0,0,1,0,0,2,0,29091,0,0,0,240000.0,120000.0,39739392,8896512,2,0.0025
control_ch_warehouse_reconciliation,"WITH ordered AS ( SELECT ol.ol_i_id, SUM(ol.ol_quantity) AS sold_units FROM chbenchmark.order_line ol WHERE ol.ol_w_id = 4 GROUP BY ol.ol_i_id ), stock_activity AS ( SELECT s.s_i_id, s.s_quantity, s.s_ytd, s.s_order_cnt FROM chbenchmark.stock s WHERE s.s_w_id = 4 ) SELECT sa.s_i_id, sa.s_quantity, sa.s_ytd, sa.s_order_cnt, o.sold_units, o.sold_units - sa.s_ytd AS quantity_difference FROM stock_activity sa JOIN ordered o ON o.ol_i_id = sa.s_i_id WHERE ABS(o.sold_units - sa.s_ytd) > 100 ORDER BY ABS(o.sold_units - sa.s_ytd) DESC LIMIT 300",542,1,3,2,True,True,False,2,2,12,1,1,0,0,0,0,17873.94,17874.69,300.0,114,465345.0,341.43,10,8,2,Limit,0,0,0,2,1,0,0,1,1,61804,0,312,720,720000.0,600000.0,97607680,23306240,2,0.0005
control_ch_warehouse_reconciliation,"WITH ordered AS ( SELECT ol.ol_i_id, SUM(ol.ol_quantity) AS sold_units FROM chbenchmark.order_line ol WHERE ol.ol_w_id = 4 GROUP BY ol.ol_i_id ), stock_activity AS ( SELECT s.s_i_id, s.s_quantity, s.s_ytd, s.s_order_cnt FROM chbenchmark.stock s WHERE s.s_w_id = 4 ) SELECT sa.s_i_id, sa.s_quantity, sa.s_ytd, sa.s_order_cnt, o.sold_units, o.sold_units - sa.s_ytd AS quantity_difference FROM stock_activity sa JOIN ordered o ON o.ol_i_id = sa.s_i_id WHERE ABS(o.sold_units - sa.s_ytd) > 100 ORDER BY ABS(o.sold_units - sa.s_ytd) DESC LIMIT 300",542,1,3,2,True,True,False,2,2,12,1,1,0,0,0,0,17873.94,17874.69,300.0,114,465345.0,268.54,10,8,2,Limit,0,0,0,2,1,0,0,1,1,61804,0,312,720,720000.0,600000.0,97607680,23306240,2,0.0005
control_ch_customer_rfm,"WITH customer_value AS ( SELECT o.o_c_id, o.o_d_id, MAX(o.o_entry_d) AS last_order, COUNT(DISTINCT o.o_id) AS frequency, SUM(ol.ol_amount) AS monetary FROM chbenchmark.oorder o JOIN chbenchmark.order_line ol ON ol.ol_w_id = o.o_w_id AND ol.ol_d_id = o.o_d_id AND ol.ol_o_id = o.o_id WHERE o.o_w_id = 4 GROUP BY o.o_c_id, o.o_d_id ), scored AS ( SELECT *, NTILE(5) OVER (ORDER BY last_order) AS recency_score, NTILE(5) OVER (ORDER BY frequency) AS frequency_score, NTILE(5) OVER (ORDER BY monetary) AS monetary_score FROM customer_value ) SELECT recency_score, frequency_score, monetary_score, COUNT(*) AS customers, SUM(monetary) AS revenue FROM scored GROUP BY recency_score, frequency_score, monetary_score ORDER BY revenue DESC",730,1,1,2,True,True,False,2,2,14,8,1,0,0,0,0,38599.21,38602.04,1132.0,52,775872.0,425.23,17,15,2,Sort,0,0,0,2,1,0,0,5,2,126566,0,7469,7491,720000.0,600000.0,96862208,24797184,2,0.0018866666666666667
control_ch_customer_rfm,"WITH customer_value AS ( SELECT o.o_c_id, o.o_d_id, MAX(o.o_entry_d) AS last_order, COUNT(DISTINCT o.o_id) AS frequency, SUM(ol.ol_amount) AS monetary FROM chbenchmark.oorder o JOIN chbenchmark.order_line ol ON ol.ol_w_id = o.o_w_id AND ol.ol_d_id = o.o_d_id AND ol.ol_o_id = o.o_id WHERE o.o_w_id = 4 GROUP BY o.o_c_id, o.o_d_id ), scored AS ( SELECT *, NTILE(5) OVER (ORDER BY last_order) AS recency_score, NTILE(5) OVER (ORDER BY frequency) AS frequency_score, NTILE(5) OVER (ORDER BY monetary) AS monetary_score FROM customer_value ) SELECT recency_score, frequency_score, monetary_score, COUNT(*) AS customers, SUM(monetary) AS revenue FROM scored GROUP BY recency_score, frequency_score, monetary_score ORDER BY revenue DESC",730,1,1,2,True,True,False,2,2,14,8,1,0,0,0,0,38599.21,38602.04,1132.0,52,775872.0,420.095,17,15,2,Sort,0,0,0,2,1,0,0,5,2,126566,0,7469,7491,720000.0,600000.0,96862208,24797184,2,0.0018866666666666667
control_ch_cohort_retention,"WITH activity AS ( SELECT o.o_c_id, o.o_d_id, date_trunc('quarter', MIN(o.o_entry_d)) AS cohort, COUNT(DISTINCT date_trunc('quarter', o.o_entry_d)) AS active_quarters FROM chbenchmark.oorder o WHERE o.o_w_id = 1 GROUP BY o.o_c_id, o.o_d_id ) SELECT cohort, COUNT(*) AS customers, COUNT(*) FILTER (WHERE active_quarters >= 2) AS retained_2q, COUNT(*) FILTER (WHERE active_quarters >= 3) AS retained_3q FROM activity GROUP BY cohort ORDER BY cohort",446,0,3,1,True,True,False,1,1,8,5,0,0,0,0,0,5227.11,5227.61,200.0,32,102315.0,56.829,6,6,1,Sort,0,0,0,1,0,0,0,2,2,5593,0,0,0,120000.0,120000.0,12132352,4194304,1,0.0016666666666666668
control_ch_cohort_retention,"WITH activity AS ( SELECT o.o_c_id, o.o_d_id, date_trunc('quarter', MIN(o.o_entry_d)) AS cohort, COUNT(DISTINCT date_trunc('quarter', o.o_entry_d)) AS active_quarters FROM chbenchmark.oorder o WHERE o.o_w_id = 1 GROUP BY o.o_c_id, o.o_d_id ) SELECT cohort, COUNT(*) AS customers, COUNT(*) FILTER (WHERE active_quarters >= 2) AS retained_2q, COUNT(*) FILTER (WHERE active_quarters >= 3) AS retained_3q FROM activity GROUP BY cohort ORDER BY cohort",446,0,3,1,True,True,False,1,1,8,5,0,0,0,0,0,5227.11,5227.61,200.0,32,102315.0,57.924,6,6,1,Sort,0,0,0,1,0,0,0,2,2,5593,0,0,0,120000.0,120000.0,12132352,4194304,1,0.0016666666666666668
control_ch_product_pareto,"WITH product_revenue AS ( SELECT ol.ol_i_id, SUM(ol.ol_amount) AS revenue FROM chbenchmark.customer c JOIN chbenchmark.oorder o ON o.o_w_id = c.c_w_id AND o.o_d_id = c.c_d_id AND o.o_c_id = c.c_id JOIN chbenchmark.order_line ol ON ol.ol_w_id = o.o_w_id AND ol.ol_d_id = o.o_d_id AND ol.ol_o_id = o.o_id WHERE c.c_state = 'FL' GROUP BY ol.ol_i_id ), cumulative AS ( SELECT *, SUM(revenue) OVER (ORDER BY revenue DESC) / NULLIF(SUM(revenue) OVER (), 0) AS cumulative_share FROM product_revenue ) SELECT COUNT(*) FILTER (WHERE cumulative_share <= 0.80) AS core_products, COUNT(*) AS all_products, MAX(revenue) AS top_product_revenue FROM cumulative",645,2,2,2,True,True,False,3,3,7,6,2,0,0,0,0,24516.13,24516.14,1.0,48,405423.0,540.537,13,10,3,Aggregate,2,1,0,0,1,0,1,1,2,656678,0,462,858,840000.0,600000.0,124469248,29499392,3,1.6666666666666667e-06
control_ch_product_pareto,"WITH product_revenue AS ( SELECT ol.ol_i_id, SUM(ol.ol_amount) AS revenue FROM chbenchmark.customer c JOIN chbenchmark.oorder o ON o.o_w_id = c.c_w_id AND o.o_d_id = c.c_d_id AND o.o_c_id = c.c_id JOIN chbenchmark.order_line ol ON ol.ol_w_id = o.o_w_id AND ol.ol_d_id = o.o_d_id AND ol.ol_o_id = o.o_id WHERE c.c_state = 'FL' GROUP BY ol.ol_i_id ), cumulative AS ( SELECT *, SUM(revenue) OVER (ORDER BY revenue DESC) / NULLIF(SUM(revenue) OVER (), 0) AS cumulative_share FROM product_revenue ) SELECT COUNT(*) FILTER (WHERE cumulative_share <= 0.80) AS core_products, COUNT(*) AS all_products, MAX(revenue) AS top_product_revenue FROM cumulative",645,2,2,2,True,True,False,3,3,7,6,2,0,0,0,0,24516.13,24516.14,1.0,48,405423.0,549.117,13,10,3,Aggregate,2,1,0,0,1,0,1,1,2,656678,0,462,858,840000.0,600000.0,124469248,29499392,3,1.6666666666666667e-06
control_ch_basket_affinity,"SELECT LEAST(a.ol_i_id, b.ol_i_id) AS item_a, GREATEST(a.ol_i_id, b.ol_i_id) AS item_b, COUNT(*) AS baskets FROM chbenchmark.order_line a JOIN chbenchmark.order_line b ON b.ol_w_id = a.ol_w_id AND b.ol_d_id = a.ol_d_id AND b.ol_o_id = a.ol_o_id AND b.ol_i_id > a.ol_i_id WHERE a.ol_w_id = 2 AND a.ol_d_id = 4 GROUP BY LEAST(a.ol_i_id, b.ol_i_id), GREATEST(a.ol_i_id, b.ol_i_id) HAVING COUNT(*) >= 2 ORDER BY baskets DESC LIMIT 200",430,1,2,0,True,True,False,2,1,3,2,1,0,0,0,0,21737.45,21737.95,200.0,16,137930.0,100.601,10,7,1,Limit,0,0,0,2,0,1,0,3,1,37368,0,0,0,600000.0,600000.0,84729856,20602880,1,0.0003333333333333333
control_ch_basket_affinity,"SELECT LEAST(a.ol_i_id, b.ol_i_id) AS item_a, GREATEST(a.ol_i_id, b.ol_i_id) AS item_b, COUNT(*) AS baskets FROM chbenchmark.order_line a JOIN chbenchmark.order_line b ON b.ol_w_id = a.ol_w_id AND b.ol_d_id = a.ol_d_id AND b.ol_o_id = a.ol_o_id AND b.ol_i_id > a.ol_i_id WHERE a.ol_w_id = 2 AND a.ol_d_id = 4 GROUP BY LEAST(a.ol_i_id, b.ol_i_id), GREATEST(a.ol_i_id, b.ol_i_id) HAVING COUNT(*) >= 2 ORDER BY baskets DESC LIMIT 200",430,1,2,0,True,True,False,2,1,3,2,1,0,0,0,0,21737.45,21737.95,200.0,16,137930.0,86.928,10,7,1,Limit,0,0,0,2,0,1,0,3,1,37368,0,0,0,600000.0,600000.0,84729856,20602880,1,0.0003333333333333333
control_ch_district_anomaly,"WITH daily AS ( SELECT o.o_w_id, o.o_d_id, o.o_entry_d::date AS day, SUM(ol.ol_amount) AS revenue FROM chbenchmark.oorder o JOIN chbenchmark.order_line ol ON ol.ol_w_id = o.o_w_id AND ol.ol_d_id = o.o_d_id AND ol.ol_o_id = o.o_id WHERE o.o_entry_d >= DATE '2025-05-30' - INTERVAL '365 days' GROUP BY o.o_w_id, o.o_d_id, o.o_entry_d::date ), stats AS ( SELECT *, AVG(revenue) OVER (PARTITION BY o_w_id, o_d_id) AS mean_revenue, STDDEV_SAMP(revenue) OVER (PARTITION BY o_w_id, o_d_id) AS sd_revenue FROM daily ) SELECT *, (revenue - mean_revenue) / NULLIF(sd_revenue, 0) AS z_score FROM stats WHERE ABS((revenue - mean_revenue) / NULLIF(sd_revenue, 0)) > 2.5 ORDER BY ABS((revenue - mean_revenue) / NULLIF(sd_revenue, 0)) DESC",724,1,2,2,True,True,False,2,2,9,3,1,0,0,0,0,55048.52,55100.77,20901.0,172,991974.0,573.826,11,10,2,Sort,2,0,0,0,1,0,0,2,2,100429,0,7840,7861,720000.0,600000.0,96862208,24797184,2,0.034835
control_ch_district_anomaly,"WITH daily AS ( SELECT o.o_w_id, o.o_d_id, o.o_entry_d::date AS day, SUM(ol.ol_amount) AS revenue FROM chbenchmark.oorder o JOIN chbenchmark.order_line ol ON ol.ol_w_id = o.o_w_id AND ol.ol_d_id = o.o_d_id AND ol.ol_o_id = o.o_id WHERE o.o_entry_d >= DATE '2025-05-30' - INTERVAL '365 days' GROUP BY o.o_w_id, o.o_d_id, o.o_entry_d::date ), stats AS ( SELECT *, AVG(revenue) OVER (PARTITION BY o_w_id, o_d_id) AS mean_revenue, STDDEV_SAMP(revenue) OVER (PARTITION BY o_w_id, o_d_id) AS sd_revenue FROM daily ) SELECT *, (revenue - mean_revenue) / NULLIF(sd_revenue, 0) AS z_score FROM stats WHERE ABS((revenue - mean_revenue) / NULLIF(sd_revenue, 0)) > 2.5 ORDER BY ABS((revenue - mean_revenue) / NULLIF(sd_revenue, 0)) DESC",724,1,2,2,True,True,False,2,2,9,3,1,0,0,0,0,55048.52,55100.77,20901.0,172,991974.0,464.77,11,10,2,Sort,2,0,0,0,1,0,0,2,2,100429,0,7840,7861,720000.0,600000.0,96862208,24797184,2,0.034835
control_ch_stockout_risk,"WITH demand AS ( SELECT ol.ol_i_id, SUM(ol.ol_quantity)::numeric / 30 AS daily_units FROM chbenchmark.order_line ol JOIN chbenchmark.oorder o ON o.o_w_id = ol.ol_w_id AND o.o_d_id = ol.ol_d_id AND o.o_id = ol.ol_o_id WHERE ol.ol_w_id = 4 AND o.o_entry_d >= timestamp '2025-12-31' - INTERVAL '30 days' GROUP BY ol.ol_i_id ) SELECT s.s_i_id, s.s_quantity, d.daily_units, s.s_quantity / NULLIF(d.daily_units, 0) AS days_of_supply FROM chbenchmark.stock s JOIN demand d ON d.ol_i_id = s.s_i_id WHERE s.s_w_id = 4 AND s.s_quantity / NULLIF(d.daily_units, 0) < 21 ORDER BY days_of_supply LIMIT 300",591,2,4,1,True,True,False,3,3,6,1,2,0,0,0,0,17473.02,17473.77,300.0,72,177258.0,81.68,16,13,3,Limit,1,0,0,2,2,0,0,2,2,127855,0,0,0,840000.0,600000.0,109740032,27500544,3,0.0005
control_ch_stockout_risk,"WITH demand AS ( SELECT ol.ol_i_id, SUM(ol.ol_quantity)::numeric / 30 AS daily_units FROM chbenchmark.order_line ol JOIN chbenchmark.oorder o ON o.o_w_id = ol.ol_w_id AND o.o_d_id = ol.ol_d_id AND o.o_id = ol.ol_o_id WHERE ol.ol_w_id = 4 AND o.o_entry_d >= timestamp '2025-12-31' - INTERVAL '30 days' GROUP BY ol.ol_i_id ) SELECT s.s_i_id, s.s_quantity, d.daily_units, s.s_quantity / NULLIF(d.daily_units, 0) AS days_of_supply FROM chbenchmark.stock s JOIN demand d ON d.ol_i_id = s.s_i_id WHERE s.s_w_id = 4 AND s.s_quantity / NULLIF(d.daily_units, 0) < 21 ORDER BY days_of_supply LIMIT 300",591,2,4,1,True,True,False,3,3,6,1,2,0,0,0,0,17473.02,17473.77,300.0,72,177258.0,77.371,16,13,3,Limit,1,0,0,2,2,0,0,2,2,127855,0,0,0,840000.0,600000.0,109740032,27500544,3,0.0005
control_ch_demand_volatility,"WITH weekly AS ( SELECT ol.ol_i_id, date_trunc('week', o.o_entry_d) AS week, SUM(ol.ol_quantity) AS units FROM chbenchmark.order_line ol JOIN chbenchmark.oorder o ON o.o_w_id = ol.ol_w_id AND o.o_d_id = ol.ol_d_id AND o.o_id = ol.ol_o_id WHERE ol.ol_w_id = 3 GROUP BY ol.ol_i_id, date_trunc('week', o.o_entry_d) ) SELECT ol_i_id, AVG(units) AS avg_units, STDDEV_SAMP(units) AS volatility, STDDEV_SAMP(units) / NULLIF(AVG(units), 0) AS coefficient_of_variation FROM weekly GROUP BY ol_i_id HAVING COUNT(*) >= 3 ORDER BY coefficient_of_variation DESC NULLS LAST LIMIT 250",569,1,1,1,True,True,False,2,2,7,6,1,0,0,0,0,35245.93,35246.09,67.0,100,689989.0,852.436,10,8,2,Limit,0,0,0,2,1,0,0,1,2,59436,0,3552,7899,720000.0,600000.0,96862208,24797184,2,0.00011166666666666667
control_ch_demand_volatility,"WITH weekly AS ( SELECT ol.ol_i_id, date_trunc('week', o.o_entry_d) AS week, SUM(ol.ol_quantity) AS units FROM chbenchmark.order_line ol JOIN chbenchmark.oorder o ON o.o_w_id = ol.ol_w_id AND o.o_d_id = ol.ol_d_id AND o.o_id = ol.ol_o_id WHERE ol.ol_w_id = 3 GROUP BY ol.ol_i_id, date_trunc('week', o.o_entry_d) ) SELECT ol_i_id, AVG(units) AS avg_units, STDDEV_SAMP(units) AS volatility, STDDEV_SAMP(units) / NULLIF(AVG(units), 0) AS coefficient_of_variation FROM weekly GROUP BY ol_i_id HAVING COUNT(*) >= 3 ORDER BY coefficient_of_variation DESC NULLS LAST LIMIT 250",569,1,1,1,True,True,False,2,2,7,6,1,0,0,0,0,35245.93,35246.09,67.0,100,689989.0,803.342,10,8,2,Limit,0,0,0,2,1,0,0,1,2,59436,0,3552,7899,720000.0,600000.0,96862208,24797184,2,0.00011166666666666667
control_ch_supplier_concentration,"WITH supplier_revenue AS ( SELECT su.su_suppkey, SUM(ol.ol_amount) AS revenue FROM chbenchmark.supplier su JOIN chbenchmark.nation n ON n.n_nationkey = su.su_nationkey JOIN chbenchmark.stock s ON MOD(s.s_w_id * s.s_i_id, 10000) = su.su_suppkey JOIN chbenchmark.order_line ol ON ol.ol_supply_w_id = s.s_w_id AND ol.ol_i_id = s.s_i_id WHERE n.n_regionkey = 0 GROUP BY su.su_suppkey ), shares AS ( SELECT revenue / NULLIF(SUM(revenue) OVER (), 0) AS share FROM supplier_revenue ) SELECT COUNT(*) AS suppliers, MAX(share) AS largest_share, SUM(share * share) AS hhi FROM shares",573,3,1,2,True,False,False,4,4,6,5,3,0,0,0,0,19463.77,19463.78,1.0,72,549423.0,165.81,16,12,4,Aggregate,4,0,0,0,3,0,0,0,3,81425,0,0,0,730025.0,600000.0,99098624,23584768,5,1.6666666666666667e-06
control_ch_supplier_concentration,"WITH supplier_revenue AS ( SELECT su.su_suppkey, SUM(ol.ol_amount) AS revenue FROM chbenchmark.supplier su JOIN chbenchmark.nation n ON n.n_nationkey = su.su_nationkey JOIN chbenchmark.stock s ON MOD(s.s_w_id * s.s_i_id, 10000) = su.su_suppkey JOIN chbenchmark.order_line ol ON ol.ol_supply_w_id = s.s_w_id AND ol.ol_i_id = s.s_i_id WHERE n.n_regionkey = 0 GROUP BY su.su_suppkey ), shares AS ( SELECT revenue / NULLIF(SUM(revenue) OVER (), 0) AS share FROM supplier_revenue ) SELECT COUNT(*) AS suppliers, MAX(share) AS largest_share, SUM(share * share) AS hhi FROM shares",573,3,1,2,True,False,False,4,4,6,5,3,0,0,0,0,19463.77,19463.78,1.0,72,549423.0,167.427,16,12,4,Aggregate,4,0,0,0,3,0,0,0,3,81425,0,0,0,730025.0,600000.0,99098624,23584768,5,1.6666666666666667e-06
control_ch_district_anomaly,"WITH daily AS ( SELECT o.o_w_id, o.o_d_id, o.o_entry_d::date AS day, SUM(ol.ol_amount) AS revenue FROM chbenchmark.oorder o JOIN chbenchmark.order_line ol ON ol.ol_w_id = o.o_w_id AND ol.ol_d_id = o.o_d_id AND ol.ol_o_id = o.o_id WHERE o.o_entry_d >= DATE '2024-03-04' - INTERVAL '365 days' GROUP BY o.o_w_id, o.o_d_id, o.o_entry_d::date ), stats AS ( SELECT *, AVG(revenue) OVER (PARTITION BY o_w_id, o_d_id) AS mean_revenue, STDDEV_SAMP(revenue) OVER (PARTITION BY o_w_id, o_d_id) AS sd_revenue FROM daily ) SELECT *, (revenue - mean_revenue) / NULLIF(sd_revenue, 0) AS z_score FROM stats WHERE ABS((revenue - mean_revenue) / NULLIF(sd_revenue, 0)) > 2.5 ORDER BY ABS((revenue - mean_revenue) / NULLIF(sd_revenue, 0)) DESC",724,1,2,2,True,True,False,2,2,9,3,1,0,0,0,0,90958.79,91052.98,37674.0,172,1587415.0,719.618,11,10,2,Sort,2,0,0,0,1,0,0,2,2,100429,0,14084,14126,720000.0,600000.0,96862208,24797184,2,0.06279
control_ch_district_anomaly,"WITH daily AS ( SELECT o.o_w_id, o.o_d_id, o.o_entry_d::date AS day, SUM(ol.ol_amount) AS revenue FROM chbenchmark.oorder o JOIN chbenchmark.order_line ol ON ol.ol_w_id = o.o_w_id AND ol.ol_d_id = o.o_d_id AND ol.ol_o_id = o.o_id WHERE o.o_entry_d >= DATE '2024-03-04' - INTERVAL '365 days' GROUP BY o.o_w_id, o.o_d_id, o.o_entry_d::date ), stats AS ( SELECT *, AVG(revenue) OVER (PARTITION BY o_w_id, o_d_id) AS mean_revenue, STDDEV_SAMP(revenue) OVER (PARTITION BY o_w_id, o_d_id) AS sd_revenue FROM daily ) SELECT *, (revenue - mean_revenue) / NULLIF(sd_revenue, 0) AS z_score FROM stats WHERE ABS((revenue - mean_revenue) / NULLIF(sd_revenue, 0)) > 2.5 ORDER BY ABS((revenue - mean_revenue) / NULLIF(sd_revenue, 0)) DESC",724,1,2,2,True,True,False,2,2,9,3,1,0,0,0,0,90958.79,91052.98,37674.0,172,1587415.0,819.979,11,10,2,Sort,2,0,0,0,1,0,0,2,2,100429,0,14077,14119,720000.0,600000.0,96862208,24797184,2,0.06279
control_ch_demand_volatility,"WITH weekly AS ( SELECT ol.ol_i_id, date_trunc('week', o.o_entry_d) AS week, SUM(ol.ol_quantity) AS units FROM chbenchmark.order_line ol JOIN chbenchmark.oorder o ON o.o_w_id = ol.ol_w_id AND o.o_d_id = ol.ol_d_id AND o.o_id = ol.ol_o_id WHERE ol.ol_w_id = 4 GROUP BY ol.ol_i_id, date_trunc('week', o.o_entry_d) ) SELECT ol_i_id, AVG(units) AS avg_units, STDDEV_SAMP(units) AS volatility, STDDEV_SAMP(units) / NULLIF(AVG(units), 0) AS coefficient_of_variation FROM weekly GROUP BY ol_i_id HAVING COUNT(*) >= 3 ORDER BY coefficient_of_variation DESC NULLS LAST LIMIT 250",569,1,1,1,True,True,False,2,2,7,6,1,0,0,0,0,34958.49,34958.66,67.0,100,683209.0,586.21,10,8,2,Limit,0,0,0,2,1,0,0,1,2,59436,0,3541,7897,720000.0,600000.0,96862208,24797184,2,0.00011166666666666667
control_ch_demand_volatility,"WITH weekly AS ( SELECT ol.ol_i_id, date_trunc('week', o.o_entry_d) AS week, SUM(ol.ol_quantity) AS units FROM chbenchmark.order_line ol JOIN chbenchmark.oorder o ON o.o_w_id = ol.ol_w_id AND o.o_d_id = ol.ol_d_id AND o.o_id = ol.ol_o_id WHERE ol.ol_w_id = 4 GROUP BY ol.ol_i_id, date_trunc('week', o.o_entry_d) ) SELECT ol_i_id, AVG(units) AS avg_units, STDDEV_SAMP(units) AS volatility, STDDEV_SAMP(units) / NULLIF(AVG(units), 0) AS coefficient_of_variation FROM weekly GROUP BY ol_i_id HAVING COUNT(*) >= 3 ORDER BY coefficient_of_variation DESC NULLS LAST LIMIT 250",569,1,1,1,True,True,False,2,2,7,6,1,0,0,0,0,34958.49,34958.66,67.0,100,683209.0,583.55,10,8,2,Limit,0,0,0,2,1,0,0,1,2,59436,0,3541,7897,720000.0,600000.0,96862208,24797184,2,0.00011166666666666667
control_ch_supplier_concentration,"WITH supplier_revenue AS ( SELECT su.su_suppkey, SUM(ol.ol_amount) AS revenue FROM chbenchmark.supplier su JOIN chbenchmark.nation n ON n.n_nationkey = su.su_nationkey JOIN chbenchmark.stock s ON MOD(s.s_w_id * s.s_i_id, 10000) = su.su_suppkey JOIN chbenchmark.order_line ol ON ol.ol_supply_w_id = s.s_w_id AND ol.ol_i_id = s.s_i_id WHERE n.n_regionkey = 2 GROUP BY su.su_suppkey ), shares AS ( SELECT revenue / NULLIF(SUM(revenue) OVER (), 0) AS share FROM supplier_revenue ) SELECT COUNT(*) AS suppliers, MAX(share) AS largest_share, SUM(share * share) AS hhi FROM shares",573,3,1,2,True,False,False,4,4,6,5,3,0,0,0,0,19463.77,19463.78,1.0,72,549423.0,172.83,16,12,4,Aggregate,4,0,0,0,3,0,0,0,3,81425,0,0,0,730025.0,600000.0,99098624,23584768,5,1.6666666666666667e-06
control_ch_supplier_concentration,"WITH supplier_revenue AS ( SELECT su.su_suppkey, SUM(ol.ol_amount) AS revenue FROM chbenchmark.supplier su JOIN chbenchmark.nation n ON n.n_nationkey = su.su_nationkey JOIN chbenchmark.stock s ON MOD(s.s_w_id * s.s_i_id, 10000) = su.su_suppkey JOIN chbenchmark.order_line ol ON ol.ol_supply_w_id = s.s_w_id AND ol.ol_i_id = s.s_i_id WHERE n.n_regionkey = 2 GROUP BY su.su_suppkey ), shares AS ( SELECT revenue / NULLIF(SUM(revenue) OVER (), 0) AS share FROM supplier_revenue ) SELECT COUNT(*) AS suppliers, MAX(share) AS largest_share, SUM(share * share) AS hhi FROM shares",573,3,1,2,True,False,False,4,4,6,5,3,0,0,0,0,19463.77,19463.78,1.0,72,549423.0,176.672,16,12,4,Aggregate,4,0,0,0,3,0,0,0,3,81425,0,0,0,730025.0,600000.0,99098624,23584768,5,1.6666666666666667e-06
control_ch_customer_rfm,"WITH customer_value AS ( SELECT o.o_c_id, o.o_d_id, MAX(o.o_entry_d) AS last_order, COUNT(DISTINCT o.o_id) AS frequency, SUM(ol.ol_amount) AS monetary FROM chbenchmark.oorder o JOIN chbenchmark.order_line ol ON ol.ol_w_id = o.o_w_id AND ol.ol_d_id = o.o_d_id AND ol.ol_o_id = o.o_id WHERE o.o_w_id = 3 GROUP BY o.o_c_id, o.o_d_id ), scored AS ( SELECT *, NTILE(5) OVER (ORDER BY last_order) AS recency_score, NTILE(5) OVER (ORDER BY frequency) AS frequency_score, NTILE(5) OVER (ORDER BY monetary) AS monetary_score FROM customer_value ) SELECT recency_score, frequency_score, monetary_score, COUNT(*) AS customers, SUM(monetary) AS revenue FROM scored GROUP BY recency_score, frequency_score, monetary_score ORDER BY revenue DESC",730,1,1,2,True,True,False,2,2,14,8,1,0,0,0,0,38897.62,38900.45,1132.0,52,782572.0,367.235,17,15,2,Sort,0,0,0,2,1,0,0,5,2,126566,0,7469,7491,720000.0,600000.0,96862208,24797184,2,0.0018866666666666667
control_ch_customer_rfm,"WITH customer_value AS ( SELECT o.o_c_id, o.o_d_id, MAX(o.o_entry_d) AS last_order, COUNT(DISTINCT o.o_id) AS frequency, SUM(ol.ol_amount) AS monetary FROM chbenchmark.oorder o JOIN chbenchmark.order_line ol ON ol.ol_w_id = o.o_w_id AND ol.ol_d_id = o.o_d_id AND ol.ol_o_id = o.o_id WHERE o.o_w_id = 3 GROUP BY o.o_c_id, o.o_d_id ), scored AS ( SELECT *, NTILE(5) OVER (ORDER BY last_order) AS recency_score, NTILE(5) OVER (ORDER BY frequency) AS frequency_score, NTILE(5) OVER (ORDER BY monetary) AS monetary_score FROM customer_value ) SELECT recency_score, frequency_score, monetary_score, COUNT(*) AS customers, SUM(monetary) AS revenue FROM scored GROUP BY recency_score, frequency_score, monetary_score ORDER BY revenue DESC",730,1,1,2,True,True,False,2,2,14,8,1,0,0,0,0,38897.62,38900.45,1132.0,52,782572.0,381.392,17,15,2,Sort,0,0,0,2,1,0,0,5,2,126566,0,7469,7491,720000.0,600000.0,96862208,24797184,2,0.0018866666666666667
control_ch_order_gaps,"WITH timeline AS ( SELECT c.c_w_id, c.c_d_id, c.c_id, o.o_id, o.o_entry_d, LAG(o.o_entry_d) OVER ( PARTITION BY c.c_w_id, c.c_d_id, c.c_id ORDER BY o.o_entry_d ) AS previous_order FROM chbenchmark.customer c JOIN chbenchmark.oorder o ON o.o_w_id = c.c_w_id AND o.o_d_id = c.c_d_id AND o.o_c_id = c.c_id WHERE c.c_state = 'CA' ) SELECT * FROM timeline WHERE o_entry_d - previous_order > INTERVAL '60 days' ORDER BY o_entry_d - previous_order DESC LIMIT 300",455,1,2,1,False,True,False,2,2,7,1,1,0,0,0,0,9919.28,9920.03,300.0,48,219240.0,104.101,9,8,2,Limit,2,0,0,0,1,0,0,2,0,29091,0,0,0,240000.0,120000.0,39739392,8896512,2,0.0025
control_ch_order_gaps,"WITH timeline AS ( SELECT c.c_w_id, c.c_d_id, c.c_id, o.o_id, o.o_entry_d, LAG(o.o_entry_d) OVER ( PARTITION BY c.c_w_id, c.c_d_id, c.c_id ORDER BY o.o_entry_d ) AS previous_order FROM chbenchmark.customer c JOIN chbenchmark.oorder o ON o.o_w_id = c.c_w_id AND o.o_d_id = c.c_d_id AND o.o_c_id = c.c_id WHERE c.c_state = 'CA' ) SELECT * FROM timeline WHERE o_entry_d - previous_order > INTERVAL '60 days' ORDER BY o_entry_d - previous_order DESC LIMIT 300",455,1,2,1,False,True,False,2,2,7,1,1,0,0,0,0,9919.28,9920.03,300.0,48,219240.0,90.055,9,8,2,Limit,2,0,0,0,1,0,0,2,0,29091,0,0,0,240000.0,120000.0,39739392,8896512,2,0.0025
control_ch_basket_affinity,"SELECT LEAST(a.ol_i_id, b.ol_i_id) AS item_a, GREATEST(a.ol_i_id, b.ol_i_id) AS item_b, COUNT(*) AS baskets FROM chbenchmark.order_line a JOIN chbenchmark.order_line b ON b.ol_w_id = a.ol_w_id AND b.ol_d_id = a.ol_d_id AND b.ol_o_id = a.ol_o_id AND b.ol_i_id > a.ol_i_id WHERE a.ol_w_id = 2 AND a.ol_d_id = 5 GROUP BY LEAST(a.ol_i_id, b.ol_i_id), GREATEST(a.ol_i_id, b.ol_i_id) HAVING COUNT(*) >= 2 ORDER BY baskets DESC LIMIT 200",430,1,2,0,True,True,False,2,1,3,2,1,0,0,0,0,21652.07,21652.57,200.0,16,134760.0,61.802,10,7,1,Limit,0,0,0,2,0,1,0,3,1,37380,0,0,0,600000.0,600000.0,84729856,20602880,1,0.0003333333333333333
control_ch_basket_affinity,"SELECT LEAST(a.ol_i_id, b.ol_i_id) AS item_a, GREATEST(a.ol_i_id, b.ol_i_id) AS item_b, COUNT(*) AS baskets FROM chbenchmark.order_line a JOIN chbenchmark.order_line b ON b.ol_w_id = a.ol_w_id AND b.ol_d_id = a.ol_d_id AND b.ol_o_id = a.ol_o_id AND b.ol_i_id > a.ol_i_id WHERE a.ol_w_id = 2 AND a.ol_d_id = 5 GROUP BY LEAST(a.ol_i_id, b.ol_i_id), GREATEST(a.ol_i_id, b.ol_i_id) HAVING COUNT(*) >= 2 ORDER BY baskets DESC LIMIT 200",430,1,2,0,True,True,False,2,1,3,2,1,0,0,0,0,21652.07,21652.57,200.0,16,134760.0,63.362,10,7,1,Limit,0,0,0,2,0,1,0,3,1,37380,0,0,0,600000.0,600000.0,84729856,20602880,1,0.0003333333333333333
control_ch_warehouse_reconciliation,"WITH ordered AS ( SELECT ol.ol_i_id, SUM(ol.ol_quantity) AS sold_units FROM chbenchmark.order_line ol WHERE ol.ol_w_id = 3 GROUP BY ol.ol_i_id ), stock_activity AS ( SELECT s.s_i_id, s.s_quantity, s.s_ytd, s.s_order_cnt FROM chbenchmark.stock s WHERE s.s_w_id = 3 ) SELECT sa.s_i_id, sa.s_quantity, sa.s_ytd, sa.s_order_cnt, o.sold_units, o.sold_units - sa.s_ytd AS quantity_difference FROM stock_activity sa JOIN ordered o ON o.ol_i_id = sa.s_i_id WHERE ABS(o.sold_units - sa.s_ytd) > 100 ORDER BY ABS(o.sold_units - sa.s_ytd) DESC LIMIT 300",542,1,3,2,True,True,False,2,2,12,1,1,0,0,0,0,17953.93,17954.68,300.0,114,469113.0,208.032,10,8,2,Limit,0,0,0,2,1,0,0,1,1,61800,0,306,720,720000.0,600000.0,97607680,23306240,2,0.0005
control_ch_warehouse_reconciliation,"WITH ordered AS ( SELECT ol.ol_i_id, SUM(ol.ol_quantity) AS sold_units FROM chbenchmark.order_line ol WHERE ol.ol_w_id = 3 GROUP BY ol.ol_i_id ), stock_activity AS ( SELECT s.s_i_id, s.s_quantity, s.s_ytd, s.s_order_cnt FROM chbenchmark.stock s WHERE s.s_w_id = 3 ) SELECT sa.s_i_id, sa.s_quantity, sa.s_ytd, sa.s_order_cnt, o.sold_units, o.sold_units - sa.s_ytd AS quantity_difference FROM stock_activity sa JOIN ordered o ON o.ol_i_id = sa.s_i_id WHERE ABS(o.sold_units - sa.s_ytd) > 100 ORDER BY ABS(o.sold_units - sa.s_ytd) DESC LIMIT 300",542,1,3,2,True,True,False,2,2,12,1,1,0,0,0,0,17953.93,17954.68,300.0,114,469113.0,212.836,10,8,2,Limit,0,0,0,2,1,0,0,1,1,61800,0,306,720,720000.0,600000.0,97607680,23306240,2,0.0005
control_ch_stockout_risk,"WITH demand AS ( SELECT ol.ol_i_id, SUM(ol.ol_quantity)::numeric / 90 AS daily_units FROM chbenchmark.order_line ol JOIN chbenchmark.oorder o ON o.o_w_id = ol.ol_w_id AND o.o_d_id = ol.ol_d_id AND o.o_id = ol.ol_o_id WHERE ol.ol_w_id = 1 AND o.o_entry_d >= timestamp '2025-12-31' - INTERVAL '90 days' GROUP BY ol.ol_i_id ) SELECT s.s_i_id, s.s_quantity, d.daily_units, s.s_quantity / NULLIF(d.daily_units, 0) AS days_of_supply FROM chbenchmark.stock s JOIN demand d ON d.ol_i_id = s.s_i_id WHERE s.s_w_id = 1 AND s.s_quantity / NULLIF(d.daily_units, 0) < 21 ORDER BY days_of_supply LIMIT 300",591,2,4,1,True,True,False,3,3,6,1,2,0,0,0,0,18584.53,18585.28,300.0,72,222529.0,102.844,15,12,3,Limit,1,0,0,2,2,0,0,1,2,116006,410,0,0,840000.0,600000.0,109740032,27500544,3,0.0005
control_ch_stockout_risk,"WITH demand AS ( SELECT ol.ol_i_id, SUM(ol.ol_quantity)::numeric / 90 AS daily_units FROM chbenchmark.order_line ol JOIN chbenchmark.oorder o ON o.o_w_id = ol.ol_w_id AND o.o_d_id = ol.ol_d_id AND o.o_id = ol.ol_o_id WHERE ol.ol_w_id = 1 AND o.o_entry_d >= timestamp '2025-12-31' - INTERVAL '90 days' GROUP BY ol.ol_i_id ) SELECT s.s_i_id, s.s_quantity, d.daily_units, s.s_quantity / NULLIF(d.daily_units, 0) AS days_of_supply FROM chbenchmark.stock s JOIN demand d ON d.ol_i_id = s.s_i_id WHERE s.s_w_id = 1 AND s.s_quantity / NULLIF(d.daily_units, 0) < 21 ORDER BY days_of_supply LIMIT 300",591,2,4,1,True,True,False,3,3,6,1,2,0,0,0,0,18584.53,18585.28,300.0,72,222529.0,107.998,15,12,3,Limit,1,0,0,2,2,0,0,1,2,116176,240,0,0,840000.0,600000.0,109740032,27500544,3,0.0005
control_ch_product_pareto,"WITH product_revenue AS ( SELECT ol.ol_i_id, SUM(ol.ol_amount) AS revenue FROM chbenchmark.customer c JOIN chbenchmark.oorder o ON o.o_w_id = c.c_w_id AND o.o_d_id = c.c_d_id AND o.o_c_id = c.c_id JOIN chbenchmark.order_line ol ON ol.ol_w_id = o.o_w_id AND ol.ol_d_id = o.o_d_id AND ol.ol_o_id = o.o_id WHERE c.c_state = 'WA' GROUP BY ol.ol_i_id ), cumulative AS ( SELECT *, SUM(revenue) OVER (ORDER BY revenue DESC) / NULLIF(SUM(revenue) OVER (), 0) AS cumulative_share FROM product_revenue ) SELECT COUNT(*) FILTER (WHERE cumulative_share <= 0.80) AS core_products, COUNT(*) AS all_products, MAX(revenue) AS top_product_revenue FROM cumulative",645,2,2,2,True,True,False,3,3,7,6,2,0,0,0,0,24511.9,24511.91,1.0,48,405135.0,396.052,13,10,3,Aggregate,2,1,0,0,1,0,1,1,2,656687,0,450,864,840000.0,600000.0,124469248,29499392,3,1.6666666666666667e-06
control_ch_product_pareto,"WITH product_revenue AS ( SELECT ol.ol_i_id, SUM(ol.ol_amount) AS revenue FROM chbenchmark.customer c JOIN chbenchmark.oorder o ON o.o_w_id = c.c_w_id AND o.o_d_id = c.c_d_id AND o.o_c_id = c.c_id JOIN chbenchmark.order_line ol ON ol.ol_w_id = o.o_w_id AND ol.ol_d_id = o.o_d_id AND ol.ol_o_id = o.o_id WHERE c.c_state = 'WA' GROUP BY ol.ol_i_id ), cumulative AS ( SELECT *, SUM(revenue) OVER (ORDER BY revenue DESC) / NULLIF(SUM(revenue) OVER (), 0) AS cumulative_share FROM product_revenue ) SELECT COUNT(*) FILTER (WHERE cumulative_share <= 0.80) AS core_products, COUNT(*) AS all_products, MAX(revenue) AS top_product_revenue FROM cumulative",645,2,2,2,True,True,False,3,3,7,6,2,0,0,0,0,24511.9,24511.91,1.0,48,405135.0,400.134,13,10,3,Aggregate,2,1,0,0,1,0,1,1,2,656687,0,450,864,840000.0,600000.0,124469248,29499392,3,1.6666666666666667e-06
control_ch_cohort_retention,"WITH activity AS ( SELECT o.o_c_id, o.o_d_id, date_trunc('quarter', MIN(o.o_entry_d)) AS cohort, COUNT(DISTINCT date_trunc('quarter', o.o_entry_d)) AS active_quarters FROM chbenchmark.oorder o WHERE o.o_w_id = 4 GROUP BY o.o_c_id, o.o_d_id ) SELECT cohort, COUNT(*) AS customers, COUNT(*) FILTER (WHERE active_quarters >= 2) AS retained_2q, COUNT(*) FILTER (WHERE active_quarters >= 3) AS retained_3q FROM activity GROUP BY cohort ORDER BY cohort",446,0,3,1,True,True,False,1,1,8,5,0,0,0,0,0,5206.02,5206.52,200.0,32,101773.0,50.063,6,6,1,Sort,0,0,0,1,0,0,0,2,2,5599,0,0,0,120000.0,120000.0,12132352,4194304,1,0.0016666666666666668
control_ch_cohort_retention,"WITH activity AS ( SELECT o.o_c_id, o.o_d_id, date_trunc('quarter', MIN(o.o_entry_d)) AS cohort, COUNT(DISTINCT date_trunc('quarter', o.o_entry_d)) AS active_quarters FROM chbenchmark.oorder o WHERE o.o_w_id = 4 GROUP BY o.o_c_id, o.o_d_id ) SELECT cohort, COUNT(*) AS customers, COUNT(*) FILTER (WHERE active_quarters >= 2) AS retained_2q, COUNT(*) FILTER (WHERE active_quarters >= 3) AS retained_3q FROM activity GROUP BY cohort ORDER BY cohort",446,0,3,1,True,True,False,1,1,8,5,0,0,0,0,0,5206.02,5206.52,200.0,32,101773.0,57.081,6,6,1,Sort,0,0,0,1,0,0,0,2,2,5599,0,0,0,120000.0,120000.0,12132352,4194304,1,0.0016666666666666668
control_ch_order_gaps,"WITH timeline AS ( SELECT c.c_w_id, c.c_d_id, c.c_id, o.o_id, o.o_entry_d, LAG(o.o_entry_d) OVER ( PARTITION BY c.c_w_id, c.c_d_id, c.c_id ORDER BY o.o_entry_d ) AS previous_order FROM chbenchmark.customer c JOIN chbenchmark.oorder o ON o.o_w_id = c.c_w_id AND o.o_d_id = c.c_d_id AND o.o_c_id = c.c_id WHERE c.c_state = 'WA' ) SELECT * FROM timeline WHERE o_entry_d - previous_order > INTERVAL '120 days' ORDER BY o_entry_d - previous_order DESC LIMIT 300",456,1,2,1,False,True,False,2,2,7,1,1,0,0,0,0,9850.88,9851.63,300.0,48,216678.0,102.411,9,8,2,Limit,2,0,0,0,1,0,0,2,0,29091,0,0,0,240000.0,120000.0,39739392,8896512,2,0.0025
control_ch_order_gaps,"WITH timeline AS ( SELECT c.c_w_id, c.c_d_id, c.c_id, o.o_id, o.o_entry_d, LAG(o.o_entry_d) OVER ( PARTITION BY c.c_w_id, c.c_d_id, c.c_id ORDER BY o.o_entry_d ) AS previous_order FROM chbenchmark.customer c JOIN chbenchmark.oorder o ON o.o_w_id = c.c_w_id AND o.o_d_id = c.c_d_id AND o.o_c_id = c.c_id WHERE c.c_state = 'WA' ) SELECT * FROM timeline WHERE o_entry_d - previous_order > INTERVAL '120 days' ORDER BY o_entry_d - previous_order DESC LIMIT 300",456,1,2,1,False,True,False,2,2,7,1,1,0,0,0,0,9850.88,9851.63,300.0,48,216678.0,91.263,9,8,2,Limit,2,0,0,0,1,0,0,2,0,29091,0,0,0,240000.0,120000.0,39739392,8896512,2,0.0025
control_ch_customer_rfm,"WITH customer_value AS ( SELECT o.o_c_id, o.o_d_id, MAX(o.o_entry_d) AS last_order, COUNT(DISTINCT o.o_id) AS frequency, SUM(ol.ol_amount) AS monetary FROM chbenchmark.oorder o JOIN chbenchmark.order_line ol ON ol.ol_w_id = o.o_w_id AND ol.ol_d_id = o.o_d_id AND ol.ol_o_id = o.o_id WHERE o.o_w_id = 1 GROUP BY o.o_c_id, o.o_d_id ), scored AS ( SELECT *, NTILE(5) OVER (ORDER BY last_order) AS recency_score, NTILE(5) OVER (ORDER BY frequency) AS frequency_score, NTILE(5) OVER (ORDER BY monetary) AS monetary_score FROM customer_value ) SELECT recency_score, frequency_score, monetary_score, COUNT(*) AS customers, SUM(monetary) AS revenue FROM scored GROUP BY recency_score, frequency_score, monetary_score ORDER BY revenue DESC",730,1,1,2,True,True,False,2,2,14,8,1,0,0,0,0,38769.98,38772.82,1134.0,52,780196.0,339.379,17,15,2,Sort,0,0,0,2,1,0,0,5,2,125277,0,7469,7491,720000.0,600000.0,96862208,24797184,2,0.00189
control_ch_customer_rfm,"WITH customer_value AS ( SELECT o.o_c_id, o.o_d_id, MAX(o.o_entry_d) AS last_order, COUNT(DISTINCT o.o_id) AS frequency, SUM(ol.ol_amount) AS monetary FROM chbenchmark.oorder o JOIN chbenchmark.order_line ol ON ol.ol_w_id = o.o_w_id AND ol.ol_d_id = o.o_d_id AND ol.ol_o_id = o.o_id WHERE o.o_w_id = 1 GROUP BY o.o_c_id, o.o_d_id ), scored AS ( SELECT *, NTILE(5) OVER (ORDER BY last_order) AS recency_score, NTILE(5) OVER (ORDER BY frequency) AS frequency_score, NTILE(5) OVER (ORDER BY monetary) AS monetary_score FROM customer_value ) SELECT recency_score, frequency_score, monetary_score, COUNT(*) AS customers, SUM(monetary) AS revenue FROM scored GROUP BY recency_score, frequency_score, monetary_score ORDER BY revenue DESC",730,1,1,2,True,True,False,2,2,14,8,1,0,0,0,0,38769.98,38772.82,1134.0,52,780196.0,364.878,17,15,2,Sort,0,0,0,2,1,0,0,5,2,125277,0,7469,7491,720000.0,600000.0,96862208,24797184,2,0.00189
control_ch_supplier_concentration,"WITH supplier_revenue AS ( SELECT su.su_suppkey, SUM(ol.ol_amount) AS revenue FROM chbenchmark.supplier su JOIN chbenchmark.nation n ON n.n_nationkey = su.su_nationkey JOIN chbenchmark.stock s ON MOD(s.s_w_id * s.s_i_id, 10000) = su.su_suppkey JOIN chbenchmark.order_line ol ON ol.ol_supply_w_id = s.s_w_id AND ol.ol_i_id = s.s_i_id WHERE n.n_regionkey = 1 GROUP BY su.su_suppkey ), shares AS ( SELECT revenue / NULLIF(SUM(revenue) OVER (), 0) AS share FROM supplier_revenue ) SELECT COUNT(*) AS suppliers, MAX(share) AS largest_share, SUM(share * share) AS hhi FROM shares",573,3,1,2,True,False,False,4,4,6,5,3,0,0,0,0,19463.77,19463.78,1.0,72,549423.0,164.91,16,12,4,Aggregate,4,0,0,0,3,0,0,0,3,81425,0,0,0,730025.0,600000.0,99098624,23584768,5,1.6666666666666667e-06
control_ch_supplier_concentration,"WITH supplier_revenue AS ( SELECT su.su_suppkey, SUM(ol.ol_amount) AS revenue FROM chbenchmark.supplier su JOIN chbenchmark.nation n ON n.n_nationkey = su.su_nationkey JOIN chbenchmark.stock s ON MOD(s.s_w_id * s.s_i_id, 10000) = su.su_suppkey JOIN chbenchmark.order_line ol ON ol.ol_supply_w_id = s.s_w_id AND ol.ol_i_id = s.s_i_id WHERE n.n_regionkey = 1 GROUP BY su.su_suppkey ), shares AS ( SELECT revenue / NULLIF(SUM(revenue) OVER (), 0) AS share FROM supplier_revenue ) SELECT COUNT(*) AS suppliers, MAX(share) AS largest_share, SUM(share * share) AS hhi FROM shares",573,3,1,2,True,False,False,4,4,6,5,3,0,0,0,0,19463.77,19463.78,1.0,72,549423.0,183.221,16,12,4,Aggregate,4,0,0,0,3,0,0,0,3,81425,0,0,0,730025.0,600000.0,99098624,23584768,5,1.6666666666666667e-06
control_ch_stockout_risk,"WITH demand AS ( SELECT ol.ol_i_id, SUM(ol.ol_quantity)::numeric / 30 AS daily_units FROM chbenchmark.order_line ol JOIN chbenchmark.oorder o ON o.o_w_id = ol.ol_w_id AND o.o_d_id = ol.ol_d_id AND o.o_id = ol.ol_o_id WHERE ol.ol_w_id = 2 AND o.o_entry_d >= timestamp '2025-12-31' - INTERVAL '30 days' GROUP BY ol.ol_i_id ) SELECT s.s_i_id, s.s_quantity, d.daily_units, s.s_quantity / NULLIF(d.daily_units, 0) AS days_of_supply FROM chbenchmark.stock s JOIN demand d ON d.ol_i_id = s.s_i_id WHERE s.s_w_id = 2 AND s.s_quantity / NULLIF(d.daily_units, 0) < 21 ORDER BY days_of_supply LIMIT 300",591,2,4,1,True,True,False,3,3,6,1,2,0,0,0,0,17521.34,17522.09,300.0,72,180808.0,76.056,16,13,3,Limit,1,0,0,2,2,0,0,2,2,125790,2061,0,0,840000.0,600000.0,109740032,27500544,3,0.0005
control_ch_stockout_risk,"WITH demand AS ( SELECT ol.ol_i_id, SUM(ol.ol_quantity)::numeric / 30 AS daily_units FROM chbenchmark.order_line ol JOIN chbenchmark.oorder o ON o.o_w_id = ol.ol_w_id AND o.o_d_id = ol.ol_d_id AND o.o_id = ol.ol_o_id WHERE ol.ol_w_id = 2 AND o.o_entry_d >= timestamp '2025-12-31' - INTERVAL '30 days' GROUP BY ol.ol_i_id ) SELECT s.s_i_id, s.s_quantity, d.daily_units, s.s_quantity / NULLIF(d.daily_units, 0) AS days_of_supply FROM chbenchmark.stock s JOIN demand d ON d.ol_i_id = s.s_i_id WHERE s.s_w_id = 2 AND s.s_quantity / NULLIF(d.daily_units, 0) < 21 ORDER BY days_of_supply LIMIT 300",591,2,4,1,True,True,False,3,3,6,1,2,0,0,0,0,17521.34,17522.09,300.0,72,180808.0,82.365,16,13,3,Limit,1,0,0,2,2,0,0,2,2,127851,0,0,0,840000.0,600000.0,109740032,27500544,3,0.0005
control_ch_district_anomaly,"WITH daily AS ( SELECT o.o_w_id, o.o_d_id, o.o_entry_d::date AS day, SUM(ol.ol_amount) AS revenue FROM chbenchmark.oorder o JOIN chbenchmark.order_line ol ON ol.ol_w_id = o.o_w_id AND ol.ol_d_id = o.o_d_id AND ol.ol_o_id = o.o_id WHERE o.o_entry_d >= DATE '2024-04-30' - INTERVAL '365 days' GROUP BY o.o_w_id, o.o_d_id, o.o_entry_d::date ), stats AS ( SELECT *, AVG(revenue) OVER (PARTITION BY o_w_id, o_d_id) AS mean_revenue, STDDEV_SAMP(revenue) OVER (PARTITION BY o_w_id, o_d_id) AS sd_revenue FROM daily ) SELECT *, (revenue - mean_revenue) / NULLIF(sd_revenue, 0) AS z_score FROM stats WHERE ABS((revenue - mean_revenue) / NULLIF(sd_revenue, 0)) > 2.5 ORDER BY ABS((revenue - mean_revenue) / NULLIF(sd_revenue, 0)) DESC",724,1,2,2,True,True,False,2,2,9,3,1,0,0,0,0,86637.69,86726.6,35561.0,172,1512415.0,688.941,11,10,2,Sort,2,0,0,0,1,0,0,2,2,100429,0,13293,13335,720000.0,600000.0,96862208,24797184,2,0.05926833333333333
control_ch_district_anomaly,"WITH daily AS ( SELECT o.o_w_id, o.o_d_id, o.o_entry_d::date AS day, SUM(ol.ol_amount) AS revenue FROM chbenchmark.oorder o JOIN chbenchmark.order_line ol ON ol.ol_w_id = o.o_w_id AND ol.ol_d_id = o.o_d_id AND ol.ol_o_id = o.o_id WHERE o.o_entry_d >= DATE '2024-04-30' - INTERVAL '365 days' GROUP BY o.o_w_id, o.o_d_id, o.o_entry_d::date ), stats AS ( SELECT *, AVG(revenue) OVER (PARTITION BY o_w_id, o_d_id) AS mean_revenue, STDDEV_SAMP(revenue) OVER (PARTITION BY o_w_id, o_d_id) AS sd_revenue FROM daily ) SELECT *, (revenue - mean_revenue) / NULLIF(sd_revenue, 0) AS z_score FROM stats WHERE ABS((revenue - mean_revenue) / NULLIF(sd_revenue, 0)) > 2.5 ORDER BY ABS((revenue - mean_revenue) / NULLIF(sd_revenue, 0)) DESC",724,1,2,2,True,True,False,2,2,9,3,1,0,0,0,0,86637.69,86726.6,35561.0,172,1512415.0,930.363,11,10,2,Sort,2,0,0,0,1,0,0,2,2,100429,0,13286,13328,720000.0,600000.0,96862208,24797184,2,0.05926833333333333
control_ch_basket_affinity,"SELECT LEAST(a.ol_i_id, b.ol_i_id) AS item_a, GREATEST(a.ol_i_id, b.ol_i_id) AS item_b, COUNT(*) AS baskets FROM chbenchmark.order_line a JOIN chbenchmark.order_line b ON b.ol_w_id = a.ol_w_id AND b.ol_d_id = a.ol_d_id AND b.ol_o_id = a.ol_o_id AND b.ol_i_id > a.ol_i_id WHERE a.ol_w_id = 3 AND a.ol_d_id = 2 GROUP BY LEAST(a.ol_i_id, b.ol_i_id), GREATEST(a.ol_i_id, b.ol_i_id) HAVING COUNT(*) >= 2 ORDER BY baskets DESC LIMIT 200",430,1,2,0,True,True,False,2,1,3,2,1,0,0,0,0,21644.0,21644.5,200.0,16,134458.0,64.088,10,7,1,Limit,0,0,0,2,0,1,0,3,1,37368,0,0,0,600000.0,600000.0,84729856,20602880,1,0.0003333333333333333
control_ch_basket_affinity,"SELECT LEAST(a.ol_i_id, b.ol_i_id) AS item_a, GREATEST(a.ol_i_id, b.ol_i_id) AS item_b, COUNT(*) AS baskets FROM chbenchmark.order_line a JOIN chbenchmark.order_line b ON b.ol_w_id = a.ol_w_id AND b.ol_d_id = a.ol_d_id AND b.ol_o_id = a.ol_o_id AND b.ol_i_id > a.ol_i_id WHERE a.ol_w_id = 3 AND a.ol_d_id = 2 GROUP BY LEAST(a.ol_i_id, b.ol_i_id), GREATEST(a.ol_i_id, b.ol_i_id) HAVING COUNT(*) >= 2 ORDER BY baskets DESC LIMIT 200",430,1,2,0,True,True,False,2,1,3,2,1,0,0,0,0,21644.0,21644.5,200.0,16,134458.0,85.226,10,7,1,Limit,0,0,0,2,0,1,0,3,1,37368,0,0,0,600000.0,600000.0,84729856,20602880,1,0.0003333333333333333
control_ch_warehouse_reconciliation,"WITH ordered AS ( SELECT ol.ol_i_id, SUM(ol.ol_quantity) AS sold_units FROM chbenchmark.order_line ol WHERE ol.ol_w_id = 2 GROUP BY ol.ol_i_id ), stock_activity AS ( SELECT s.s_i_id, s.s_quantity, s.s_ytd, s.s_order_cnt FROM chbenchmark.stock s WHERE s.s_w_id = 2 ) SELECT sa.s_i_id, sa.s_quantity, sa.s_ytd, sa.s_order_cnt, o.sold_units, o.sold_units - sa.s_ytd AS quantity_difference FROM stock_activity sa JOIN ordered o ON o.ol_i_id = sa.s_i_id WHERE ABS(o.sold_units - sa.s_ytd) > 100 ORDER BY ABS(o.sold_units - sa.s_ytd) DESC LIMIT 300",542,1,3,2,True,True,False,2,2,12,1,1,0,0,0,0,18086.61,18087.36,300.0,114,475533.0,257.451,10,8,2,Limit,0,0,0,2,1,0,0,1,1,61072,0,312,732,720000.0,600000.0,97607680,23306240,2,0.0005
control_ch_warehouse_reconciliation,"WITH ordered AS ( SELECT ol.ol_i_id, SUM(ol.ol_quantity) AS sold_units FROM chbenchmark.order_line ol WHERE ol.ol_w_id = 2 GROUP BY ol.ol_i_id ), stock_activity AS ( SELECT s.s_i_id, s.s_quantity, s.s_ytd, s.s_order_cnt FROM chbenchmark.stock s WHERE s.s_w_id = 2 ) SELECT sa.s_i_id, sa.s_quantity, sa.s_ytd, sa.s_order_cnt, o.sold_units, o.sold_units - sa.s_ytd AS quantity_difference FROM stock_activity sa JOIN ordered o ON o.ol_i_id = sa.s_i_id WHERE ABS(o.sold_units - sa.s_ytd) > 100 ORDER BY ABS(o.sold_units - sa.s_ytd) DESC LIMIT 300",542,1,3,2,True,True,False,2,2,12,1,1,0,0,0,0,18086.61,18087.36,300.0,114,475533.0,218.098,10,8,2,Limit,0,0,0,2,1,0,0,1,1,61072,0,312,732,720000.0,600000.0,97607680,23306240,2,0.0005
control_ch_product_pareto,"WITH product_revenue AS ( SELECT ol.ol_i_id, SUM(ol.ol_amount) AS revenue FROM chbenchmark.customer c JOIN chbenchmark.oorder o ON o.o_w_id = c.c_w_id AND o.o_d_id = c.c_d_id AND o.o_c_id = c.c_id JOIN chbenchmark.order_line ol ON ol.ol_w_id = o.o_w_id AND ol.ol_d_id = o.o_d_id AND ol.ol_o_id = o.o_id WHERE c.c_state = 'NV' GROUP BY ol.ol_i_id ), cumulative AS ( SELECT *, SUM(revenue) OVER (ORDER BY revenue DESC) / NULLIF(SUM(revenue) OVER (), 0) AS cumulative_share FROM product_revenue ) SELECT COUNT(*) FILTER (WHERE cumulative_share <= 0.80) AS core_products, COUNT(*) AS all_products, MAX(revenue) AS top_product_revenue FROM cumulative",645,2,2,2,True,True,False,3,3,7,6,2,0,0,0,0,24494.5,24494.51,1.0,48,403951.0,379.835,13,10,3,Aggregate,2,1,0,0,1,0,1,1,2,655211,0,456,870,840000.0,600000.0,124469248,29499392,3,1.6666666666666667e-06
control_ch_product_pareto,"WITH product_revenue AS ( SELECT ol.ol_i_id, SUM(ol.ol_amount) AS revenue FROM chbenchmark.customer c JOIN chbenchmark.oorder o ON o.o_w_id = c.c_w_id AND o.o_d_id = c.c_d_id AND o.o_c_id = c.c_id JOIN chbenchmark.order_line ol ON ol.ol_w_id = o.o_w_id AND ol.ol_d_id = o.o_d_id AND ol.ol_o_id = o.o_id WHERE c.c_state = 'NV' GROUP BY ol.ol_i_id ), cumulative AS ( SELECT *, SUM(revenue) OVER (ORDER BY revenue DESC) / NULLIF(SUM(revenue) OVER (), 0) AS cumulative_share FROM product_revenue ) SELECT COUNT(*) FILTER (WHERE cumulative_share <= 0.80) AS core_products, COUNT(*) AS all_products, MAX(revenue) AS top_product_revenue FROM cumulative",645,2,2,2,True,True,False,3,3,7,6,2,0,0,0,0,24494.5,24494.51,1.0,48,403951.0,489.299,13,10,3,Aggregate,2,1,0,0,1,0,1,1,2,655211,0,456,870,840000.0,600000.0,124469248,29499392,3,1.6666666666666667e-06
control_ch_demand_volatility,"WITH weekly AS ( SELECT ol.ol_i_id, date_trunc('week', o.o_entry_d) AS week, SUM(ol.ol_quantity) AS units FROM chbenchmark.order_line ol JOIN chbenchmark.oorder o ON o.o_w_id = ol.ol_w_id AND o.o_d_id = ol.ol_d_id AND o.o_id = ol.ol_o_id WHERE ol.ol_w_id = 3 GROUP BY ol.ol_i_id, date_trunc('week', o.o_entry_d) ) SELECT ol_i_id, AVG(units) AS avg_units, STDDEV_SAMP(units) AS volatility, STDDEV_SAMP(units) / NULLIF(AVG(units), 0) AS coefficient_of_variation FROM weekly GROUP BY ol_i_id HAVING COUNT(*) >= 3 ORDER BY coefficient_of_variation DESC NULLS LAST LIMIT 250",569,1,1,1,True,True,False,2,2,7,6,1,0,0,0,0,35245.93,35246.09,67.0,100,689989.0,656.251,10,8,2,Limit,0,0,0,2,1,0,0,1,2,59436,0,3552,7899,720000.0,600000.0,96862208,24797184,2,0.00011166666666666667
control_ch_demand_volatility,"WITH weekly AS ( SELECT ol.ol_i_id, date_trunc('week', o.o_entry_d) AS week, SUM(ol.ol_quantity) AS units FROM chbenchmark.order_line ol JOIN chbenchmark.oorder o ON o.o_w_id = ol.ol_w_id AND o.o_d_id = ol.ol_d_id AND o.o_id = ol.ol_o_id WHERE ol.ol_w_id = 3 GROUP BY ol.ol_i_id, date_trunc('week', o.o_entry_d) ) SELECT ol_i_id, AVG(units) AS avg_units, STDDEV_SAMP(units) AS volatility, STDDEV_SAMP(units) / NULLIF(AVG(units), 0) AS coefficient_of_variation FROM weekly GROUP BY ol_i_id HAVING COUNT(*) >= 3 ORDER BY coefficient_of_variation DESC NULLS LAST LIMIT 250",569,1,1,1,True,True,False,2,2,7,6,1,0,0,0,0,35245.93,35246.09,67.0,100,689989.0,628.863,10,8,2,Limit,0,0,0,2,1,0,0,1,2,59436,0,3552,7899,720000.0,600000.0,96862208,24797184,2,0.00011166666666666667
control_ch_cohort_retention,"WITH activity AS ( SELECT o.o_c_id, o.o_d_id, date_trunc('quarter', MIN(o.o_entry_d)) AS cohort, COUNT(DISTINCT date_trunc('quarter', o.o_entry_d)) AS active_quarters FROM chbenchmark.oorder o WHERE o.o_w_id = 2 GROUP BY o.o_c_id, o.o_d_id ) SELECT cohort, COUNT(*) AS customers, COUNT(*) FILTER (WHERE active_quarters >= 2) AS retained_2q, COUNT(*) FILTER (WHERE active_quarters >= 3) AS retained_3q FROM activity GROUP BY cohort ORDER BY cohort",446,0,3,1,True,True,False,1,1,8,5,0,0,0,0,0,5190.07,5190.57,200.0,32,101466.0,49.385,6,6,1,Sort,0,0,0,1,0,0,0,2,2,5599,0,0,0,120000.0,120000.0,12132352,4194304,1,0.0016666666666666668
control_ch_cohort_retention,"WITH activity AS ( SELECT o.o_c_id, o.o_d_id, date_trunc('quarter', MIN(o.o_entry_d)) AS cohort, COUNT(DISTINCT date_trunc('quarter', o.o_entry_d)) AS active_quarters FROM chbenchmark.oorder o WHERE o.o_w_id = 2 GROUP BY o.o_c_id, o.o_d_id ) SELECT cohort, COUNT(*) AS customers, COUNT(*) FILTER (WHERE active_quarters >= 2) AS retained_2q, COUNT(*) FILTER (WHERE active_quarters >= 3) AS retained_3q FROM activity GROUP BY cohort ORDER BY cohort",446,0,3,1,True,True,False,1,1,8,5,0,0,0,0,0,5190.07,5190.57,200.0,32,101466.0,51.919,6,6,1,Sort,0,0,0,1,0,0,0,2,2,5599,0,0,0,120000.0,120000.0,12132352,4194304,1,0.0016666666666666668
control_ch_stockout_risk,"WITH demand AS ( SELECT ol.ol_i_id, SUM(ol.ol_quantity)::numeric / 90 AS daily_units FROM chbenchmark.order_line ol JOIN chbenchmark.oorder o ON o.o_w_id = ol.ol_w_id AND o.o_d_id = ol.ol_d_id AND o.o_id = ol.ol_o_id WHERE ol.ol_w_id = 2 AND o.o_entry_d >= timestamp '2025-12-31' - INTERVAL '90 days' GROUP BY ol.ol_i_id ) SELECT s.s_i_id, s.s_quantity, d.daily_units, s.s_quantity / NULLIF(d.daily_units, 0) AS days_of_supply FROM chbenchmark.stock s JOIN demand d ON d.ol_i_id = s.s_i_id WHERE s.s_w_id = 2 AND s.s_quantity / NULLIF(d.daily_units, 0) < 21 ORDER BY days_of_supply LIMIT 300",591,2,4,1,True,True,False,3,3,6,1,2,0,0,0,0,18640.18,18640.93,300.0,72,226024.0,100.925,15,12,3,Limit,1,0,0,2,2,0,0,1,2,116452,0,0,0,840000.0,600000.0,109740032,27500544,3,0.0005
control_ch_stockout_risk,"WITH demand AS ( SELECT ol.ol_i_id, SUM(ol.ol_quantity)::numeric / 90 AS daily_units FROM chbenchmark.order_line ol JOIN chbenchmark.oorder o ON o.o_w_id = ol.ol_w_id AND o.o_d_id = ol.ol_d_id AND o.o_id = ol.ol_o_id WHERE ol.ol_w_id = 2 AND o.o_entry_d >= timestamp '2025-12-31' - INTERVAL '90 days' GROUP BY ol.ol_i_id ) SELECT s.s_i_id, s.s_quantity, d.daily_units, s.s_quantity / NULLIF(d.daily_units, 0) AS days_of_supply FROM chbenchmark.stock s JOIN demand d ON d.ol_i_id = s.s_i_id WHERE s.s_w_id = 2 AND s.s_quantity / NULLIF(d.daily_units, 0) < 21 ORDER BY days_of_supply LIMIT 300",591,2,4,1,True,True,False,3,3,6,1,2,0,0,0,0,18640.18,18640.93,300.0,72,226024.0,111.311,15,12,3,Limit,1,0,0,2,2,0,0,1,2,116452,0,0,0,840000.0,600000.0,109740032,27500544,3,0.0005
control_ch_product_pareto,"WITH product_revenue AS ( SELECT ol.ol_i_id, SUM(ol.ol_amount) AS revenue FROM chbenchmark.customer c JOIN chbenchmark.oorder o ON o.o_w_id = c.c_w_id AND o.o_d_id = c.c_d_id AND o.o_c_id = c.c_id JOIN chbenchmark.order_line ol ON ol.ol_w_id = o.o_w_id AND ol.ol_d_id = o.o_d_id AND ol.ol_o_id = o.o_id WHERE c.c_state = 'NV' GROUP BY ol.ol_i_id ), cumulative AS ( SELECT *, SUM(revenue) OVER (ORDER BY revenue DESC) / NULLIF(SUM(revenue) OVER (), 0) AS cumulative_share FROM product_revenue ) SELECT COUNT(*) FILTER (WHERE cumulative_share <= 0.80) AS core_products, COUNT(*) AS all_products, MAX(revenue) AS top_product_revenue FROM cumulative",645,2,2,2,True,True,False,3,3,7,6,2,0,0,0,0,24494.5,24494.51,1.0,48,403951.0,389.658,13,10,3,Aggregate,2,1,0,0,1,0,1,1,2,655211,0,456,870,840000.0,600000.0,124469248,29499392,3,1.6666666666666667e-06
control_ch_product_pareto,"WITH product_revenue AS ( SELECT ol.ol_i_id, SUM(ol.ol_amount) AS revenue FROM chbenchmark.customer c JOIN chbenchmark.oorder o ON o.o_w_id = c.c_w_id AND o.o_d_id = c.c_d_id AND o.o_c_id = c.c_id JOIN chbenchmark.order_line ol ON ol.ol_w_id = o.o_w_id AND ol.ol_d_id = o.o_d_id AND ol.ol_o_id = o.o_id WHERE c.c_state = 'NV' GROUP BY ol.ol_i_id ), cumulative AS ( SELECT *, SUM(revenue) OVER (ORDER BY revenue DESC) / NULLIF(SUM(revenue) OVER (), 0) AS cumulative_share FROM product_revenue ) SELECT COUNT(*) FILTER (WHERE cumulative_share <= 0.80) AS core_products, COUNT(*) AS all_products, MAX(revenue) AS top_product_revenue FROM cumulative",645,2,2,2,True,True,False,3,3,7,6,2,0,0,0,0,24494.5,24494.51,1.0,48,403951.0,384.861,13,10,3,Aggregate,2,1,0,0,1,0,1,1,2,655211,0,456,870,840000.0,600000.0,124469248,29499392,3,1.6666666666666667e-06
control_ch_customer_rfm,"WITH customer_value AS ( SELECT o.o_c_id, o.o_d_id, MAX(o.o_entry_d) AS last_order, COUNT(DISTINCT o.o_id) AS frequency, SUM(ol.ol_amount) AS monetary FROM chbenchmark.oorder o JOIN chbenchmark.order_line ol ON ol.ol_w_id = o.o_w_id AND ol.ol_d_id = o.o_d_id AND ol.ol_o_id = o.o_id WHERE o.o_w_id = 4 GROUP BY o.o_c_id, o.o_d_id ), scored AS ( SELECT *, NTILE(5) OVER (ORDER BY last_order) AS recency_score, NTILE(5) OVER (ORDER BY frequency) AS frequency_score, NTILE(5) OVER (ORDER BY monetary) AS monetary_score FROM customer_value ) SELECT recency_score, frequency_score, monetary_score, COUNT(*) AS customers, SUM(monetary) AS revenue FROM scored GROUP BY recency_score, frequency_score, monetary_score ORDER BY revenue DESC",730,1,1,2,True,True,False,2,2,14,8,1,0,0,0,0,38599.21,38602.04,1132.0,52,775872.0,383.817,17,15,2,Sort,0,0,0,2,1,0,0,5,2,126566,0,7469,7491,720000.0,600000.0,96862208,24797184,2,0.0018866666666666667
control_ch_customer_rfm,"WITH customer_value AS ( SELECT o.o_c_id, o.o_d_id, MAX(o.o_entry_d) AS last_order, COUNT(DISTINCT o.o_id) AS frequency, SUM(ol.ol_amount) AS monetary FROM chbenchmark.oorder o JOIN chbenchmark.order_line ol ON ol.ol_w_id = o.o_w_id AND ol.ol_d_id = o.o_d_id AND ol.ol_o_id = o.o_id WHERE o.o_w_id = 4 GROUP BY o.o_c_id, o.o_d_id ), scored AS ( SELECT *, NTILE(5) OVER (ORDER BY last_order) AS recency_score, NTILE(5) OVER (ORDER BY frequency) AS frequency_score, NTILE(5) OVER (ORDER BY monetary) AS monetary_score FROM customer_value ) SELECT recency_score, frequency_score, monetary_score, COUNT(*) AS customers, SUM(monetary) AS revenue FROM scored GROUP BY recency_score, frequency_score, monetary_score ORDER BY revenue DESC",730,1,1,2,True,True,False,2,2,14,8,1,0,0,0,0,38599.21,38602.04,1132.0,52,775872.0,361.219,17,15,2,Sort,0,0,0,2,1,0,0,5,2,126566,0,7469,7491,720000.0,600000.0,96862208,24797184,2,0.0018866666666666667
control_ch_order_gaps,"WITH timeline AS ( SELECT c.c_w_id, c.c_d_id, c.c_id, o.o_id, o.o_entry_d, LAG(o.o_entry_d) OVER ( PARTITION BY c.c_w_id, c.c_d_id, c.c_id ORDER BY o.o_entry_d ) AS previous_order FROM chbenchmark.customer c JOIN chbenchmark.oorder o ON o.o_w_id = c.c_w_id AND o.o_d_id = c.c_d_id AND o.o_c_id = c.c_id WHERE c.c_state = 'NV' ) SELECT * FROM timeline WHERE o_entry_d - previous_order > INTERVAL '90 days' ORDER BY o_entry_d - previous_order DESC LIMIT 300",455,1,2,1,False,True,False,2,2,7,1,1,0,0,0,0,9828.53,9829.28,300.0,48,215840.0,89.334,9,8,2,Limit,2,0,0,0,1,0,0,2,0,29091,0,0,0,240000.0,120000.0,39739392,8896512,2,0.0025
control_ch_order_gaps,"WITH timeline AS ( SELECT c.c_w_id, c.c_d_id, c.c_id, o.o_id, o.o_entry_d, LAG(o.o_entry_d) OVER ( PARTITION BY c.c_w_id, c.c_d_id, c.c_id ORDER BY o.o_entry_d ) AS previous_order FROM chbenchmark.customer c JOIN chbenchmark.oorder o ON o.o_w_id = c.c_w_id AND o.o_d_id = c.c_d_id AND o.o_c_id = c.c_id WHERE c.c_state = 'NV' ) SELECT * FROM timeline WHERE o_entry_d - previous_order > INTERVAL '90 days' ORDER BY o_entry_d - previous_order DESC LIMIT 300",455,1,2,1,False,True,False,2,2,7,1,1,0,0,0,0,9828.53,9829.28,300.0,48,215840.0,90.079,9,8,2,Limit,2,0,0,0,1,0,0,2,0,29091,0,0,0,240000.0,120000.0,39739392,8896512,2,0.0025
control_ch_warehouse_reconciliation,"WITH ordered AS ( SELECT ol.ol_i_id, SUM(ol.ol_quantity) AS sold_units FROM chbenchmark.order_line ol WHERE ol.ol_w_id = 4 GROUP BY ol.ol_i_id ), stock_activity AS ( SELECT s.s_i_id, s.s_quantity, s.s_ytd, s.s_order_cnt FROM chbenchmark.stock s WHERE s.s_w_id = 4 ) SELECT sa.s_i_id, sa.s_quantity, sa.s_ytd, sa.s_order_cnt, o.sold_units, o.sold_units - sa.s_ytd AS quantity_difference FROM stock_activity sa JOIN ordered o ON o.ol_i_id = sa.s_i_id WHERE ABS(o.sold_units - sa.s_ytd) > 100 ORDER BY ABS(o.sold_units - sa.s_ytd) DESC LIMIT 300",542,1,3,2,True,True,False,2,2,12,1,1,0,0,0,0,17873.94,17874.69,300.0,114,465345.0,231.123,10,8,2,Limit,0,0,0,2,1,0,0,1,1,61804,0,312,720,720000.0,600000.0,97607680,23306240,2,0.0005
control_ch_warehouse_reconciliation,"WITH ordered AS ( SELECT ol.ol_i_id, SUM(ol.ol_quantity) AS sold_units FROM chbenchmark.order_line ol WHERE ol.ol_w_id = 4 GROUP BY ol.ol_i_id ), stock_activity AS ( SELECT s.s_i_id, s.s_quantity, s.s_ytd, s.s_order_cnt FROM chbenchmark.stock s WHERE s.s_w_id = 4 ) SELECT sa.s_i_id, sa.s_quantity, sa.s_ytd, sa.s_order_cnt, o.sold_units, o.sold_units - sa.s_ytd AS quantity_difference FROM stock_activity sa JOIN ordered o ON o.ol_i_id = sa.s_i_id WHERE ABS(o.sold_units - sa.s_ytd) > 100 ORDER BY ABS(o.sold_units - sa.s_ytd) DESC LIMIT 300",542,1,3,2,True,True,False,2,2,12,1,1,0,0,0,0,17873.94,17874.69,300.0,114,465345.0,211.383,10,8,2,Limit,0,0,0,2,1,0,0,1,1,61804,0,312,720,720000.0,600000.0,97607680,23306240,2,0.0005
control_ch_cohort_retention,"WITH activity AS ( SELECT o.o_c_id, o.o_d_id, date_trunc('quarter', MIN(o.o_entry_d)) AS cohort, COUNT(DISTINCT date_trunc('quarter', o.o_entry_d)) AS active_quarters FROM chbenchmark.oorder o WHERE o.o_w_id = 4 GROUP BY o.o_c_id, o.o_d_id ) SELECT cohort, COUNT(*) AS customers, COUNT(*) FILTER (WHERE active_quarters >= 2) AS retained_2q, COUNT(*) FILTER (WHERE active_quarters >= 3) AS retained_3q FROM activity GROUP BY cohort ORDER BY cohort",446,0,3,1,True,True,False,1,1,8,5,0,0,0,0,0,5206.02,5206.52,200.0,32,101773.0,50.75,6,6,1,Sort,0,0,0,1,0,0,0,2,2,5599,0,0,0,120000.0,120000.0,12132352,4194304,1,0.0016666666666666668
control_ch_cohort_retention,"WITH activity AS ( SELECT o.o_c_id, o.o_d_id, date_trunc('quarter', MIN(o.o_entry_d)) AS cohort, COUNT(DISTINCT date_trunc('quarter', o.o_entry_d)) AS active_quarters FROM chbenchmark.oorder o WHERE o.o_w_id = 4 GROUP BY o.o_c_id, o.o_d_id ) SELECT cohort, COUNT(*) AS customers, COUNT(*) FILTER (WHERE active_quarters >= 2) AS retained_2q, COUNT(*) FILTER (WHERE active_quarters >= 3) AS retained_3q FROM activity GROUP BY cohort ORDER BY cohort",446,0,3,1,True,True,False,1,1,8,5,0,0,0,0,0,5206.02,5206.52,200.0,32,101773.0,51.356,6,6,1,Sort,0,0,0,1,0,0,0,2,2,5599,0,0,0,120000.0,120000.0,12132352,4194304,1,0.0016666666666666668
control_ch_district_anomaly,"WITH daily AS ( SELECT o.o_w_id, o.o_d_id, o.o_entry_d::date AS day, SUM(ol.ol_amount) AS revenue FROM chbenchmark.oorder o JOIN chbenchmark.order_line ol ON ol.ol_w_id = o.o_w_id AND ol.ol_d_id = o.o_d_id AND ol.ol_o_id = o.o_id WHERE o.o_entry_d >= DATE '2024-05-01' - INTERVAL '365 days' GROUP BY o.o_w_id, o.o_d_id, o.o_entry_d::date ), stats AS ( SELECT *, AVG(revenue) OVER (PARTITION BY o_w_id, o_d_id) AS mean_revenue, STDDEV_SAMP(revenue) OVER (PARTITION BY o_w_id, o_d_id) AS sd_revenue FROM daily ) SELECT *, (revenue - mean_revenue) / NULLIF(sd_revenue, 0) AS z_score FROM stats WHERE ABS((revenue - mean_revenue) / NULLIF(sd_revenue, 0)) > 2.5 ORDER BY ABS((revenue - mean_revenue) / NULLIF(sd_revenue, 0)) DESC",724,1,2,2,True,True,False,2,2,9,3,1,0,0,0,0,86553.93,86642.73,35521.0,172,1510995.0,645.605,11,10,2,Sort,2,0,0,0,1,0,0,2,2,100429,0,13279,13328,720000.0,600000.0,96862208,24797184,2,0.059201666666666666
control_ch_district_anomaly,"WITH daily AS ( SELECT o.o_w_id, o.o_d_id, o.o_entry_d::date AS day, SUM(ol.ol_amount) AS revenue FROM chbenchmark.oorder o JOIN chbenchmark.order_line ol ON ol.ol_w_id = o.o_w_id AND ol.ol_d_id = o.o_d_id AND ol.ol_o_id = o.o_id WHERE o.o_entry_d >= DATE '2024-05-01' - INTERVAL '365 days' GROUP BY o.o_w_id, o.o_d_id, o.o_entry_d::date ), stats AS ( SELECT *, AVG(revenue) OVER (PARTITION BY o_w_id, o_d_id) AS mean_revenue, STDDEV_SAMP(revenue) OVER (PARTITION BY o_w_id, o_d_id) AS sd_revenue FROM daily ) SELECT *, (revenue - mean_revenue) / NULLIF(sd_revenue, 0) AS z_score FROM stats WHERE ABS((revenue - mean_revenue) / NULLIF(sd_revenue, 0)) > 2.5 ORDER BY ABS((revenue - mean_revenue) / NULLIF(sd_revenue, 0)) DESC",724,1,2,2,True,True,False,2,2,9,3,1,0,0,0,0,86553.93,86642.73,35521.0,172,1510995.0,684.581,11,10,2,Sort,2,0,0,0,1,0,0,2,2,100429,0,13286,13328,720000.0,600000.0,96862208,24797184,2,0.059201666666666666
control_ch_demand_volatility,"WITH weekly AS ( SELECT ol.ol_i_id, date_trunc('week', o.o_entry_d) AS week, SUM(ol.ol_quantity) AS units FROM chbenchmark.order_line ol JOIN chbenchmark.oorder o ON o.o_w_id = ol.ol_w_id AND o.o_d_id = ol.ol_d_id AND o.o_id = ol.ol_o_id WHERE ol.ol_w_id = 2 GROUP BY ol.ol_i_id, date_trunc('week', o.o_entry_d) ) SELECT ol_i_id, AVG(units) AS avg_units, STDDEV_SAMP(units) AS volatility, STDDEV_SAMP(units) / NULLIF(AVG(units), 0) AS coefficient_of_variation FROM weekly GROUP BY ol_i_id HAVING COUNT(*) >= 3 ORDER BY coefficient_of_variation DESC NULLS LAST LIMIT 250",569,1,1,1,True,True,False,2,2,7,6,1,0,0,0,0,35667.05,35667.22,67.0,100,700189.0,572.837,10,8,2,Limit,0,0,0,2,1,0,0,1,2,58799,0,3545,7885,720000.0,600000.0,96862208,24797184,2,0.00011166666666666667
control_ch_demand_volatility,"WITH weekly AS ( SELECT ol.ol_i_id, date_trunc('week', o.o_entry_d) AS week, SUM(ol.ol_quantity) AS units FROM chbenchmark.order_line ol JOIN chbenchmark.oorder o ON o.o_w_id = ol.ol_w_id AND o.o_d_id = ol.ol_d_id AND o.o_id = ol.ol_o_id WHERE ol.ol_w_id = 2 GROUP BY ol.ol_i_id, date_trunc('week', o.o_entry_d) ) SELECT ol_i_id, AVG(units) AS avg_units, STDDEV_SAMP(units) AS volatility, STDDEV_SAMP(units) / NULLIF(AVG(units), 0) AS coefficient_of_variation FROM weekly GROUP BY ol_i_id HAVING COUNT(*) >= 3 ORDER BY coefficient_of_variation DESC NULLS LAST LIMIT 250",569,1,1,1,True,True,False,2,2,7,6,1,0,0,0,0,35667.05,35667.22,67.0,100,700189.0,570.956,10,8,2,Limit,0,0,0,2,1,0,0,1,2,58799,0,3545,7885,720000.0,600000.0,96862208,24797184,2,0.00011166666666666667
control_ch_basket_affinity,"SELECT LEAST(a.ol_i_id, b.ol_i_id) AS item_a, GREATEST(a.ol_i_id, b.ol_i_id) AS item_b, COUNT(*) AS baskets FROM chbenchmark.order_line a JOIN chbenchmark.order_line b ON b.ol_w_id = a.ol_w_id AND b.ol_d_id = a.ol_d_id AND b.ol_o_id = a.ol_o_id AND b.ol_i_id > a.ol_i_id WHERE a.ol_w_id = 2 AND a.ol_d_id = 2 GROUP BY LEAST(a.ol_i_id, b.ol_i_id), GREATEST(a.ol_i_id, b.ol_i_id) HAVING COUNT(*) >= 2 ORDER BY baskets DESC LIMIT 200",430,1,2,0,True,True,False,2,1,3,2,1,0,0,0,0,21725.35,21725.85,200.0,16,137448.0,65.123,10,7,1,Limit,0,0,0,2,0,1,0,3,1,37368,0,0,0,600000.0,600000.0,84729856,20602880,1,0.0003333333333333333
control_ch_basket_affinity,"SELECT LEAST(a.ol_i_id, b.ol_i_id) AS item_a, GREATEST(a.ol_i_id, b.ol_i_id) AS item_b, COUNT(*) AS baskets FROM chbenchmark.order_line a JOIN chbenchmark.order_line b ON b.ol_w_id = a.ol_w_id AND b.ol_d_id = a.ol_d_id AND b.ol_o_id = a.ol_o_id AND b.ol_i_id > a.ol_i_id WHERE a.ol_w_id = 2 AND a.ol_d_id = 2 GROUP BY LEAST(a.ol_i_id, b.ol_i_id), GREATEST(a.ol_i_id, b.ol_i_id) HAVING COUNT(*) >= 2 ORDER BY baskets DESC LIMIT 200",430,1,2,0,True,True,False,2,1,3,2,1,0,0,0,0,21725.35,21725.85,200.0,16,137448.0,64.537,10,7,1,Limit,0,0,0,2,0,1,0,3,1,37368,0,0,0,600000.0,600000.0,84729856,20602880,1,0.0003333333333333333
control_ch_supplier_concentration,"WITH supplier_revenue AS ( SELECT su.su_suppkey, SUM(ol.ol_amount) AS revenue FROM chbenchmark.supplier su JOIN chbenchmark.nation n ON n.n_nationkey = su.su_nationkey JOIN chbenchmark.stock s ON MOD(s.s_w_id * s.s_i_id, 10000) = su.su_suppkey JOIN chbenchmark.order_line ol ON ol.ol_supply_w_id = s.s_w_id AND ol.ol_i_id = s.s_i_id WHERE n.n_regionkey = 0 GROUP BY su.su_suppkey ), shares AS ( SELECT revenue / NULLIF(SUM(revenue) OVER (), 0) AS share FROM supplier_revenue ) SELECT COUNT(*) AS suppliers, MAX(share) AS largest_share, SUM(share * share) AS hhi FROM shares",573,3,1,2,True,False,False,4,4,6,5,3,0,0,0,0,19463.77,19463.78,1.0,72,549423.0,169.26,16,12,4,Aggregate,4,0,0,0,3,0,0,0,3,81425,0,0,0,730025.0,600000.0,99098624,23584768,5,1.6666666666666667e-06
control_ch_supplier_concentration,"WITH supplier_revenue AS ( SELECT su.su_suppkey, SUM(ol.ol_amount) AS revenue FROM chbenchmark.supplier su JOIN chbenchmark.nation n ON n.n_nationkey = su.su_nationkey JOIN chbenchmark.stock s ON MOD(s.s_w_id * s.s_i_id, 10000) = su.su_suppkey JOIN chbenchmark.order_line ol ON ol.ol_supply_w_id = s.s_w_id AND ol.ol_i_id = s.s_i_id WHERE n.n_regionkey = 0 GROUP BY su.su_suppkey ), shares AS ( SELECT revenue / NULLIF(SUM(revenue) OVER (), 0) AS share FROM supplier_revenue ) SELECT COUNT(*) AS suppliers, MAX(share) AS largest_share, SUM(share * share) AS hhi FROM shares",573,3,1,2,True,False,False,4,4,6,5,3,0,0,0,0,19463.77,19463.78,1.0,72,549423.0,179.248,16,12,4,Aggregate,4,0,0,0,3,0,0,0,3,81425,0,0,0,730025.0,600000.0,99098624,23584768,5,1.6666666666666667e-06
control_ch_supplier_concentration,"WITH supplier_revenue AS ( SELECT su.su_suppkey, SUM(ol.ol_amount) AS revenue FROM chbenchmark.supplier su JOIN chbenchmark.nation n ON n.n_nationkey = su.su_nationkey JOIN chbenchmark.stock s ON MOD(s.s_w_id * s.s_i_id, 10000) = su.su_suppkey JOIN chbenchmark.order_line ol ON ol.ol_supply_w_id = s.s_w_id AND ol.ol_i_id = s.s_i_id WHERE n.n_regionkey = 0 GROUP BY su.su_suppkey ), shares AS ( SELECT revenue / NULLIF(SUM(revenue) OVER (), 0) AS share FROM supplier_revenue ) SELECT COUNT(*) AS suppliers, MAX(share) AS largest_share, SUM(share * share) AS hhi FROM shares",573,3,1,2,True,False,False,4,4,6,5,3,0,0,0,0,19463.77,19463.78,1.0,72,549423.0,189.207,16,12,4,Aggregate,4,0,0,0,3,0,0,0,3,81425,0,0,0,730025.0,600000.0,99098624,23584768,5,1.6666666666666667e-06
control_ch_supplier_concentration,"WITH supplier_revenue AS ( SELECT su.su_suppkey, SUM(ol.ol_amount) AS revenue FROM chbenchmark.supplier su JOIN chbenchmark.nation n ON n.n_nationkey = su.su_nationkey JOIN chbenchmark.stock s ON MOD(s.s_w_id * s.s_i_id, 10000) = su.su_suppkey JOIN chbenchmark.order_line ol ON ol.ol_supply_w_id = s.s_w_id AND ol.ol_i_id = s.s_i_id WHERE n.n_regionkey = 0 GROUP BY su.su_suppkey ), shares AS ( SELECT revenue / NULLIF(SUM(revenue) OVER (), 0) AS share FROM supplier_revenue ) SELECT COUNT(*) AS suppliers, MAX(share) AS largest_share, SUM(share * share) AS hhi FROM shares",573,3,1,2,True,False,False,4,4,6,5,3,0,0,0,0,19463.77,19463.78,1.0,72,549423.0,303.573,16,12,4,Aggregate,4,0,0,0,3,0,0,0,3,81425,0,0,0,730025.0,600000.0,99098624,23584768,5,1.6666666666666667e-06
control_ch_cohort_retention,"WITH activity AS ( SELECT o.o_c_id, o.o_d_id, date_trunc('quarter', MIN(o.o_entry_d)) AS cohort, COUNT(DISTINCT date_trunc('quarter', o.o_entry_d)) AS active_quarters FROM chbenchmark.oorder o WHERE o.o_w_id = 3 GROUP BY o.o_c_id, o.o_d_id ) SELECT cohort, COUNT(*) AS customers, COUNT(*) FILTER (WHERE active_quarters >= 2) AS retained_2q, COUNT(*) FILTER (WHERE active_quarters >= 3) AS retained_3q FROM activity GROUP BY cohort ORDER BY cohort",446,0,3,1,True,True,False,1,1,8,5,0,0,0,0,0,5185.29,5185.79,200.0,32,101343.0,53.125,6,6,1,Sort,0,0,0,1,0,0,0,2,2,5599,0,0,0,120000.0,120000.0,12132352,4194304,1,0.0016666666666666668
control_ch_cohort_retention,"WITH activity AS ( SELECT o.o_c_id, o.o_d_id, date_trunc('quarter', MIN(o.o_entry_d)) AS cohort, COUNT(DISTINCT date_trunc('quarter', o.o_entry_d)) AS active_quarters FROM chbenchmark.oorder o WHERE o.o_w_id = 3 GROUP BY o.o_c_id, o.o_d_id ) SELECT cohort, COUNT(*) AS customers, COUNT(*) FILTER (WHERE active_quarters >= 2) AS retained_2q, COUNT(*) FILTER (WHERE active_quarters >= 3) AS retained_3q FROM activity GROUP BY cohort ORDER BY cohort",446,0,3,1,True,True,False,1,1,8,5,0,0,0,0,0,5185.29,5185.79,200.0,32,101343.0,60.612,6,6,1,Sort,0,0,0,1,0,0,0,2,2,5599,0,0,0,120000.0,120000.0,12132352,4194304,1,0.0016666666666666668
control_ch_order_gaps,"WITH timeline AS ( SELECT c.c_w_id, c.c_d_id, c.c_id, o.o_id, o.o_entry_d, LAG(o.o_entry_d) OVER ( PARTITION BY c.c_w_id, c.c_d_id, c.c_id ORDER BY o.o_entry_d ) AS previous_order FROM chbenchmark.customer c JOIN chbenchmark.oorder o ON o.o_w_id = c.c_w_id AND o.o_d_id = c.c_d_id AND o.o_c_id = c.c_id WHERE c.c_state = 'NY' ) SELECT * FROM timeline WHERE o_entry_d - previous_order > INTERVAL '60 days' ORDER BY o_entry_d - previous_order DESC LIMIT 300",455,1,2,1,False,True,False,2,2,7,1,1,0,0,0,0,9887.82,9888.57,300.0,48,218062.0,166.363,9,8,2,Limit,2,0,0,0,1,0,0,2,0,29091,0,0,0,240000.0,120000.0,39739392,8896512,2,0.0025
control_ch_order_gaps,"WITH timeline AS ( SELECT c.c_w_id, c.c_d_id, c.c_id, o.o_id, o.o_entry_d, LAG(o.o_entry_d) OVER ( PARTITION BY c.c_w_id, c.c_d_id, c.c_id ORDER BY o.o_entry_d ) AS previous_order FROM chbenchmark.customer c JOIN chbenchmark.oorder o ON o.o_w_id = c.c_w_id AND o.o_d_id = c.c_d_id AND o.o_c_id = c.c_id WHERE c.c_state = 'NY' ) SELECT * FROM timeline WHERE o_entry_d - previous_order > INTERVAL '60 days' ORDER BY o_entry_d - previous_order DESC LIMIT 300",455,1,2,1,False,True,False,2,2,7,1,1,0,0,0,0,9887.82,9888.57,300.0,48,218062.0,116.729,9,8,2,Limit,2,0,0,0,1,0,0,2,0,29091,0,0,0,240000.0,120000.0,39739392,8896512,2,0.0025
control_ch_stockout_risk,"WITH demand AS ( SELECT ol.ol_i_id, SUM(ol.ol_quantity)::numeric / 90 AS daily_units FROM chbenchmark.order_line ol JOIN chbenchmark.oorder o ON o.o_w_id = ol.ol_w_id AND o.o_d_id = ol.ol_d_id AND o.o_id = ol.ol_o_id WHERE ol.ol_w_id = 3 AND o.o_entry_d >= timestamp '2025-12-31' - INTERVAL '90 days' GROUP BY ol.ol_i_id ) SELECT s.s_i_id, s.s_quantity, d.daily_units, s.s_quantity / NULLIF(d.daily_units, 0) AS days_of_supply FROM chbenchmark.stock s JOIN demand d ON d.ol_i_id = s.s_i_id WHERE s.s_w_id = 3 AND s.s_quantity / NULLIF(d.daily_units, 0) < 21 ORDER BY days_of_supply LIMIT 300",591,2,4,1,True,True,False,3,3,6,1,2,0,0,0,0,18582.6,18583.35,300.0,72,222663.0,101.647,15,12,3,Limit,1,0,0,2,2,0,0,1,2,116042,410,0,0,840000.0,600000.0,109740032,27500544,3,0.0005
control_ch_stockout_risk,"WITH demand AS ( SELECT ol.ol_i_id, SUM(ol.ol_quantity)::numeric / 90 AS daily_units FROM chbenchmark.order_line ol JOIN chbenchmark.oorder o ON o.o_w_id = ol.ol_w_id AND o.o_d_id = ol.ol_d_id AND o.o_id = ol.ol_o_id WHERE ol.ol_w_id = 3 AND o.o_entry_d >= timestamp '2025-12-31' - INTERVAL '90 days' GROUP BY ol.ol_i_id ) SELECT s.s_i_id, s.s_quantity, d.daily_units, s.s_quantity / NULLIF(d.daily_units, 0) AS days_of_supply FROM chbenchmark.stock s JOIN demand d ON d.ol_i_id = s.s_i_id WHERE s.s_w_id = 3 AND s.s_quantity / NULLIF(d.daily_units, 0) < 21 ORDER BY days_of_supply LIMIT 300",591,2,4,1,True,True,False,3,3,6,1,2,0,0,0,0,18582.6,18583.35,300.0,72,222663.0,110.558,15,12,3,Limit,1,0,0,2,2,0,0,1,2,116452,0,0,0,840000.0,600000.0,109740032,27500544,3,0.0005
control_ch_warehouse_reconciliation,"WITH ordered AS ( SELECT ol.ol_i_id, SUM(ol.ol_quantity) AS sold_units FROM chbenchmark.order_line ol WHERE ol.ol_w_id = 1 GROUP BY ol.ol_i_id ), stock_activity AS ( SELECT s.s_i_id, s.s_quantity, s.s_ytd, s.s_order_cnt FROM chbenchmark.stock s WHERE s.s_w_id = 1 ) SELECT sa.s_i_id, sa.s_quantity, sa.s_ytd, sa.s_order_cnt, o.sold_units, o.sold_units - sa.s_ytd AS quantity_difference FROM stock_activity sa JOIN ordered o ON o.ol_i_id = sa.s_i_id WHERE ABS(o.sold_units - sa.s_ytd) > 100 ORDER BY ABS(o.sold_units - sa.s_ytd) DESC LIMIT 300",542,1,3,2,True,True,False,2,2,12,1,1,0,0,0,0,17923.86,17924.61,300.0,114,467625.0,237.183,10,8,2,Limit,0,0,0,2,1,0,0,1,1,60662,410,306,726,720000.0,600000.0,97607680,23306240,2,0.0005
control_ch_warehouse_reconciliation,"WITH ordered AS ( SELECT ol.ol_i_id, SUM(ol.ol_quantity) AS sold_units FROM chbenchmark.order_line ol WHERE ol.ol_w_id = 1 GROUP BY ol.ol_i_id ), stock_activity AS ( SELECT s.s_i_id, s.s_quantity, s.s_ytd, s.s_order_cnt FROM chbenchmark.stock s WHERE s.s_w_id = 1 ) SELECT sa.s_i_id, sa.s_quantity, sa.s_ytd, sa.s_order_cnt, o.sold_units, o.sold_units - sa.s_ytd AS quantity_difference FROM stock_activity sa JOIN ordered o ON o.ol_i_id = sa.s_i_id WHERE ABS(o.sold_units - sa.s_ytd) > 100 ORDER BY ABS(o.sold_units - sa.s_ytd) DESC LIMIT 300",542,1,3,2,True,True,False,2,2,12,1,1,0,0,0,0,17923.86,17924.61,300.0,114,467625.0,208.867,10,8,2,Limit,0,0,0,2,1,0,0,1,1,61072,0,306,726,720000.0,600000.0,97607680,23306240,2,0.0005
control_ch_product_pareto,"WITH product_revenue AS ( SELECT ol.ol_i_id, SUM(ol.ol_amount) AS revenue FROM chbenchmark.customer c JOIN chbenchmark.oorder o ON o.o_w_id = c.c_w_id AND o.o_d_id = c.c_d_id AND o.o_c_id = c.c_id JOIN chbenchmark.order_line ol ON ol.ol_w_id = o.o_w_id AND ol.ol_d_id = o.o_d_id AND ol.ol_o_id = o.o_id WHERE c.c_state = 'CA' GROUP BY ol.ol_i_id ), cumulative AS ( SELECT *, SUM(revenue) OVER (ORDER BY revenue DESC) / NULLIF(SUM(revenue) OVER (), 0) AS cumulative_share FROM product_revenue ) SELECT COUNT(*) FILTER (WHERE cumulative_share <= 0.80) AS core_products, COUNT(*) AS all_products, MAX(revenue) AS top_product_revenue FROM cumulative",645,2,2,2,True,True,False,3,3,7,6,2,0,0,0,0,24565.02,24565.03,1.0,48,408751.0,390.742,13,10,3,Aggregate,2,1,0,0,1,0,1,1,2,655265,0,462,876,840000.0,600000.0,124469248,29499392,3,1.6666666666666667e-06
control_ch_product_pareto,"WITH product_revenue AS ( SELECT ol.ol_i_id, SUM(ol.ol_amount) AS revenue FROM chbenchmark.customer c JOIN chbenchmark.oorder o ON o.o_w_id = c.c_w_id AND o.o_d_id = c.c_d_id AND o.o_c_id = c.c_id JOIN chbenchmark.order_line ol ON ol.ol_w_id = o.o_w_id AND ol.ol_d_id = o.o_d_id AND ol.ol_o_id = o.o_id WHERE c.c_state = 'CA' GROUP BY ol.ol_i_id ), cumulative AS ( SELECT *, SUM(revenue) OVER (ORDER BY revenue DESC) / NULLIF(SUM(revenue) OVER (), 0) AS cumulative_share FROM product_revenue ) SELECT COUNT(*) FILTER (WHERE cumulative_share <= 0.80) AS core_products, COUNT(*) AS all_products, MAX(revenue) AS top_product_revenue FROM cumulative",645,2,2,2,True,True,False,3,3,7,6,2,0,0,0,0,24565.02,24565.03,1.0,48,408751.0,448.288,13,10,3,Aggregate,2,1,0,0,1,0,1,1,2,655265,0,462,876,840000.0,600000.0,124469248,29499392,3,1.6666666666666667e-06
control_ch_customer_rfm,"WITH customer_value AS ( SELECT o.o_c_id, o.o_d_id, MAX(o.o_entry_d) AS last_order, COUNT(DISTINCT o.o_id) AS frequency, SUM(ol.ol_amount) AS monetary FROM chbenchmark.oorder o JOIN chbenchmark.order_line ol ON ol.ol_w_id = o.o_w_id AND ol.ol_d_id = o.o_d_id AND ol.ol_o_id = o.o_id WHERE o.o_w_id = 3 GROUP BY o.o_c_id, o.o_d_id ), scored AS ( SELECT *, NTILE(5) OVER (ORDER BY last_order) AS recency_score, NTILE(5) OVER (ORDER BY frequency) AS frequency_score, NTILE(5) OVER (ORDER BY monetary) AS monetary_score FROM customer_value ) SELECT recency_score, frequency_score, monetary_score, COUNT(*) AS customers, SUM(monetary) AS revenue FROM scored GROUP BY recency_score, frequency_score, monetary_score ORDER BY revenue DESC",730,1,1,2,True,True,False,2,2,14,8,1,0,0,0,0,38897.62,38900.45,1132.0,52,782572.0,398.021,17,15,2,Sort,0,0,0,2,1,0,0,5,2,126566,0,7469,7491,720000.0,600000.0,96862208,24797184,2,0.0018866666666666667
control_ch_customer_rfm,"WITH customer_value AS ( SELECT o.o_c_id, o.o_d_id, MAX(o.o_entry_d) AS last_order, COUNT(DISTINCT o.o_id) AS frequency, SUM(ol.ol_amount) AS monetary FROM chbenchmark.oorder o JOIN chbenchmark.order_line ol ON ol.ol_w_id = o.o_w_id AND ol.ol_d_id = o.o_d_id AND ol.ol_o_id = o.o_id WHERE o.o_w_id = 3 GROUP BY o.o_c_id, o.o_d_id ), scored AS ( SELECT *, NTILE(5) OVER (ORDER BY last_order) AS recency_score, NTILE(5) OVER (ORDER BY frequency) AS frequency_score, NTILE(5) OVER (ORDER BY monetary) AS monetary_score FROM customer_value ) SELECT recency_score, frequency_score, monetary_score, COUNT(*) AS customers, SUM(monetary) AS revenue FROM scored GROUP BY recency_score, frequency_score, monetary_score ORDER BY revenue DESC",730,1,1,2,True,True,False,2,2,14,8,1,0,0,0,0,38897.62,38900.45,1132.0,52,782572.0,360.601,17,15,2,Sort,0,0,0,2,1,0,0,5,2,126566,0,7469,7491,720000.0,600000.0,96862208,24797184,2,0.0018866666666666667
control_ch_district_anomaly,"WITH daily AS ( SELECT o.o_w_id, o.o_d_id, o.o_entry_d::date AS day, SUM(ol.ol_amount) AS revenue FROM chbenchmark.oorder o JOIN chbenchmark.order_line ol ON ol.ol_w_id = o.o_w_id AND ol.ol_d_id = o.o_d_id AND ol.ol_o_id = o.o_id WHERE o.o_entry_d >= DATE '2025-03-09' - INTERVAL '365 days' GROUP BY o.o_w_id, o.o_d_id, o.o_entry_d::date ), stats AS ( SELECT *, AVG(revenue) OVER (PARTITION BY o_w_id, o_d_id) AS mean_revenue, STDDEV_SAMP(revenue) OVER (PARTITION BY o_w_id, o_d_id) AS sd_revenue FROM daily ) SELECT *, (revenue - mean_revenue) / NULLIF(sd_revenue, 0) AS z_score FROM stats WHERE ABS((revenue - mean_revenue) / NULLIF(sd_revenue, 0)) > 2.5 ORDER BY ABS((revenue - mean_revenue) / NULLIF(sd_revenue, 0)) DESC",724,1,2,2,True,True,False,2,2,9,3,1,0,0,0,0,62699.17,62758.67,23801.0,172,1094946.0,460.62,11,10,2,Sort,2,0,0,0,1,0,0,2,2,100429,0,8946,8967,720000.0,600000.0,96862208,24797184,2,0.03966833333333333
control_ch_district_anomaly,"WITH daily AS ( SELECT o.o_w_id, o.o_d_id, o.o_entry_d::date AS day, SUM(ol.ol_amount) AS revenue FROM chbenchmark.oorder o JOIN chbenchmark.order_line ol ON ol.ol_w_id = o.o_w_id AND ol.ol_d_id = o.o_d_id AND ol.ol_o_id = o.o_id WHERE o.o_entry_d >= DATE '2025-03-09' - INTERVAL '365 days' GROUP BY o.o_w_id, o.o_d_id, o.o_entry_d::date ), stats AS ( SELECT *, AVG(revenue) OVER (PARTITION BY o_w_id, o_d_id) AS mean_revenue, STDDEV_SAMP(revenue) OVER (PARTITION BY o_w_id, o_d_id) AS sd_revenue FROM daily ) SELECT *, (revenue - mean_revenue) / NULLIF(sd_revenue, 0) AS z_score FROM stats WHERE ABS((revenue - mean_revenue) / NULLIF(sd_revenue, 0)) > 2.5 ORDER BY ABS((revenue - mean_revenue) / NULLIF(sd_revenue, 0)) DESC",724,1,2,2,True,True,False,2,2,9,3,1,0,0,0,0,62699.17,62758.67,23801.0,172,1094946.0,484.539,11,10,2,Sort,2,0,0,0,1,0,0,2,2,100429,0,8939,8960,720000.0,600000.0,96862208,24797184,2,0.03966833333333333
control_ch_demand_volatility,"WITH weekly AS ( SELECT ol.ol_i_id, date_trunc('week', o.o_entry_d) AS week, SUM(ol.ol_quantity) AS units FROM chbenchmark.order_line ol JOIN chbenchmark.oorder o ON o.o_w_id = ol.ol_w_id AND o.o_d_id = ol.ol_d_id AND o.o_id = ol.ol_o_id WHERE ol.ol_w_id = 3 GROUP BY ol.ol_i_id, date_trunc('week', o.o_entry_d) ) SELECT ol_i_id, AVG(units) AS avg_units, STDDEV_SAMP(units) AS volatility, STDDEV_SAMP(units) / NULLIF(AVG(units), 0) AS coefficient_of_variation FROM weekly GROUP BY ol_i_id HAVING COUNT(*) >= 3 ORDER BY coefficient_of_variation DESC NULLS LAST LIMIT 250",569,1,1,1,True,True,False,2,2,7,6,1,0,0,0,0,35245.93,35246.09,67.0,100,689989.0,585.739,10,8,2,Limit,0,0,0,2,1,0,0,1,2,59436,0,3552,7899,720000.0,600000.0,96862208,24797184,2,0.00011166666666666667
control_ch_demand_volatility,"WITH weekly AS ( SELECT ol.ol_i_id, date_trunc('week', o.o_entry_d) AS week, SUM(ol.ol_quantity) AS units FROM chbenchmark.order_line ol JOIN chbenchmark.oorder o ON o.o_w_id = ol.ol_w_id AND o.o_d_id = ol.ol_d_id AND o.o_id = ol.ol_o_id WHERE ol.ol_w_id = 3 GROUP BY ol.ol_i_id, date_trunc('week', o.o_entry_d) ) SELECT ol_i_id, AVG(units) AS avg_units, STDDEV_SAMP(units) AS volatility, STDDEV_SAMP(units) / NULLIF(AVG(units), 0) AS coefficient_of_variation FROM weekly GROUP BY ol_i_id HAVING COUNT(*) >= 3 ORDER BY coefficient_of_variation DESC NULLS LAST LIMIT 250",569,1,1,1,True,True,False,2,2,7,6,1,0,0,0,0,35245.93,35246.09,67.0,100,689989.0,584.174,10,8,2,Limit,0,0,0,2,1,0,0,1,2,59436,0,3552,7899,720000.0,600000.0,96862208,24797184,2,0.00011166666666666667
control_ch_basket_affinity,"SELECT LEAST(a.ol_i_id, b.ol_i_id) AS item_a, GREATEST(a.ol_i_id, b.ol_i_id) AS item_b, COUNT(*) AS baskets FROM chbenchmark.order_line a JOIN chbenchmark.order_line b ON b.ol_w_id = a.ol_w_id AND b.ol_d_id = a.ol_d_id AND b.ol_o_id = a.ol_o_id AND b.ol_i_id > a.ol_i_id WHERE a.ol_w_id = 2 AND a.ol_d_id = 9 GROUP BY LEAST(a.ol_i_id, b.ol_i_id), GREATEST(a.ol_i_id, b.ol_i_id) HAVING COUNT(*) >= 2 ORDER BY baskets DESC LIMIT 200",430,1,2,0,True,True,False,2,1,3,2,1,0,0,0,0,21702.45,21702.95,200.0,16,136494.0,66.37,10,7,1,Limit,0,0,0,2,0,1,0,3,1,37380,0,0,0,600000.0,600000.0,84729856,20602880,1,0.0003333333333333333
control_ch_basket_affinity,"SELECT LEAST(a.ol_i_id, b.ol_i_id) AS item_a, GREATEST(a.ol_i_id, b.ol_i_id) AS item_b, COUNT(*) AS baskets FROM chbenchmark.order_line a JOIN chbenchmark.order_line b ON b.ol_w_id = a.ol_w_id AND b.ol_d_id = a.ol_d_id AND b.ol_o_id = a.ol_o_id AND b.ol_i_id > a.ol_i_id WHERE a.ol_w_id = 2 AND a.ol_d_id = 9 GROUP BY LEAST(a.ol_i_id, b.ol_i_id), GREATEST(a.ol_i_id, b.ol_i_id) HAVING COUNT(*) >= 2 ORDER BY baskets DESC LIMIT 200",430,1,2,0,True,True,False,2,1,3,2,1,0,0,0,0,21702.45,21702.95,200.0,16,136494.0,70.536,10,7,1,Limit,0,0,0,2,0,1,0,3,1,37380,0,0,0,600000.0,600000.0,84729856,20602880,1,0.0003333333333333333
control_ch_supplier_concentration,"WITH supplier_revenue AS ( SELECT su.su_suppkey, SUM(ol.ol_amount) AS revenue FROM chbenchmark.supplier su JOIN chbenchmark.nation n ON n.n_nationkey = su.su_nationkey JOIN chbenchmark.stock s ON MOD(s.s_w_id * s.s_i_id, 10000) = su.su_suppkey JOIN chbenchmark.order_line ol ON ol.ol_supply_w_id = s.s_w_id AND ol.ol_i_id = s.s_i_id WHERE n.n_regionkey = 3 GROUP BY su.su_suppkey ), shares AS ( SELECT revenue / NULLIF(SUM(revenue) OVER (), 0) AS share FROM supplier_revenue ) SELECT COUNT(*) AS suppliers, MAX(share) AS largest_share, SUM(share * share) AS hhi FROM shares",573,3,1,2,True,False,False,4,4,6,5,3,0,0,0,0,19463.77,19463.78,1.0,72,549423.0,152.907,16,12,4,Aggregate,4,0,0,0,3,0,0,0,3,81425,0,0,0,730025.0,600000.0,99098624,23584768,5,1.6666666666666667e-06
control_ch_supplier_concentration,"WITH supplier_revenue AS ( SELECT su.su_suppkey, SUM(ol.ol_amount) AS revenue FROM chbenchmark.supplier su JOIN chbenchmark.nation n ON n.n_nationkey = su.su_nationkey JOIN chbenchmark.stock s ON MOD(s.s_w_id * s.s_i_id, 10000) = su.su_suppkey JOIN chbenchmark.order_line ol ON ol.ol_supply_w_id = s.s_w_id AND ol.ol_i_id = s.s_i_id WHERE n.n_regionkey = 3 GROUP BY su.su_suppkey ), shares AS ( SELECT revenue / NULLIF(SUM(revenue) OVER (), 0) AS share FROM supplier_revenue ) SELECT COUNT(*) AS suppliers, MAX(share) AS largest_share, SUM(share * share) AS hhi FROM shares",573,3,1,2,True,False,False,4,4,6,5,3,0,0,0,0,19463.77,19463.78,1.0,72,549423.0,162.15,16,12,4,Aggregate,4,0,0,0,3,0,0,0,3,81425,0,0,0,730025.0,600000.0,99098624,23584768,5,1.6666666666666667e-06
control_ch_order_gaps,"WITH timeline AS ( SELECT c.c_w_id, c.c_d_id, c.c_id, o.o_id, o.o_entry_d, LAG(o.o_entry_d) OVER ( PARTITION BY c.c_w_id, c.c_d_id, c.c_id ORDER BY o.o_entry_d ) AS previous_order FROM chbenchmark.customer c JOIN chbenchmark.oorder o ON o.o_w_id = c.c_w_id AND o.o_d_id = c.c_d_id AND o.o_c_id = c.c_id WHERE c.c_state = 'OH' ) SELECT * FROM timeline WHERE o_entry_d - previous_order > INTERVAL '30 days' ORDER BY o_entry_d - previous_order DESC LIMIT 300",455,1,2,1,False,True,False,2,2,7,1,1,0,0,0,0,9909.61,9910.36,300.0,48,218878.0,114.173,9,8,2,Limit,2,0,0,0,1,0,0,2,0,29091,0,0,0,240000.0,120000.0,39739392,8896512,2,0.0025
control_ch_order_gaps,"WITH timeline AS ( SELECT c.c_w_id, c.c_d_id, c.c_id, o.o_id, o.o_entry_d, LAG(o.o_entry_d) OVER ( PARTITION BY c.c_w_id, c.c_d_id, c.c_id ORDER BY o.o_entry_d ) AS previous_order FROM chbenchmark.customer c JOIN chbenchmark.oorder o ON o.o_w_id = c.c_w_id AND o.o_d_id = c.c_d_id AND o.o_c_id = c.c_id WHERE c.c_state = 'OH' ) SELECT * FROM timeline WHERE o_entry_d - previous_order > INTERVAL '30 days' ORDER BY o_entry_d - previous_order DESC LIMIT 300",455,1,2,1,False,True,False,2,2,7,1,1,0,0,0,0,9909.61,9910.36,300.0,48,218878.0,122.386,9,8,2,Limit,2,0,0,0,1,0,0,2,0,29091,0,0,0,240000.0,120000.0,39739392,8896512,2,0.0025
control_ch_customer_rfm,"WITH customer_value AS ( SELECT o.o_c_id, o.o_d_id, MAX(o.o_entry_d) AS last_order, COUNT(DISTINCT o.o_id) AS frequency, SUM(ol.ol_amount) AS monetary FROM chbenchmark.oorder o JOIN chbenchmark.order_line ol ON ol.ol_w_id = o.o_w_id AND ol.ol_d_id = o.o_d_id AND ol.ol_o_id = o.o_id WHERE o.o_w_id = 4 GROUP BY o.o_c_id, o.o_d_id ), scored AS ( SELECT *, NTILE(5) OVER (ORDER BY last_order) AS recency_score, NTILE(5) OVER (ORDER BY frequency) AS frequency_score, NTILE(5) OVER (ORDER BY monetary) AS monetary_score FROM customer_value ) SELECT recency_score, frequency_score, monetary_score, COUNT(*) AS customers, SUM(monetary) AS revenue FROM scored GROUP BY recency_score, frequency_score, monetary_score ORDER BY revenue DESC",730,1,1,2,True,True,False,2,2,14,8,1,0,0,0,0,38599.21,38602.04,1132.0,52,775872.0,365.631,17,15,2,Sort,0,0,0,2,1,0,0,5,2,126566,0,7469,7491,720000.0,600000.0,96862208,24797184,2,0.0018866666666666667
control_ch_customer_rfm,"WITH customer_value AS ( SELECT o.o_c_id, o.o_d_id, MAX(o.o_entry_d) AS last_order, COUNT(DISTINCT o.o_id) AS frequency, SUM(ol.ol_amount) AS monetary FROM chbenchmark.oorder o JOIN chbenchmark.order_line ol ON ol.ol_w_id = o.o_w_id AND ol.ol_d_id = o.o_d_id AND ol.ol_o_id = o.o_id WHERE o.o_w_id = 4 GROUP BY o.o_c_id, o.o_d_id ), scored AS ( SELECT *, NTILE(5) OVER (ORDER BY last_order) AS recency_score, NTILE(5) OVER (ORDER BY frequency) AS frequency_score, NTILE(5) OVER (ORDER BY monetary) AS monetary_score FROM customer_value ) SELECT recency_score, frequency_score, monetary_score, COUNT(*) AS customers, SUM(monetary) AS revenue FROM scored GROUP BY recency_score, frequency_score, monetary_score ORDER BY revenue DESC",730,1,1,2,True,True,False,2,2,14,8,1,0,0,0,0,38599.21,38602.04,1132.0,52,775872.0,345.383,17,15,2,Sort,0,0,0,2,1,0,0,5,2,126566,0,7469,7491,720000.0,600000.0,96862208,24797184,2,0.0018866666666666667
control_ch_warehouse_reconciliation,"WITH ordered AS ( SELECT ol.ol_i_id, SUM(ol.ol_quantity) AS sold_units FROM chbenchmark.order_line ol WHERE ol.ol_w_id = 2 GROUP BY ol.ol_i_id ), stock_activity AS ( SELECT s.s_i_id, s.s_quantity, s.s_ytd, s.s_order_cnt FROM chbenchmark.stock s WHERE s.s_w_id = 2 ) SELECT sa.s_i_id, sa.s_quantity, sa.s_ytd, sa.s_order_cnt, o.sold_units, o.sold_units - sa.s_ytd AS quantity_difference FROM stock_activity sa JOIN ordered o ON o.ol_i_id = sa.s_i_id WHERE ABS(o.sold_units - sa.s_ytd) > 100 ORDER BY ABS(o.sold_units - sa.s_ytd) DESC LIMIT 300",542,1,3,2,True,True,False,2,2,12,1,1,0,0,0,0,18086.61,18087.36,300.0,114,475533.0,227.691,10,8,2,Limit,0,0,0,2,1,0,0,1,1,61072,0,312,732,720000.0,600000.0,97607680,23306240,2,0.0005
control_ch_warehouse_reconciliation,"WITH ordered AS ( SELECT ol.ol_i_id, SUM(ol.ol_quantity) AS sold_units FROM chbenchmark.order_line ol WHERE ol.ol_w_id = 2 GROUP BY ol.ol_i_id ), stock_activity AS ( SELECT s.s_i_id, s.s_quantity, s.s_ytd, s.s_order_cnt FROM chbenchmark.stock s WHERE s.s_w_id = 2 ) SELECT sa.s_i_id, sa.s_quantity, sa.s_ytd, sa.s_order_cnt, o.sold_units, o.sold_units - sa.s_ytd AS quantity_difference FROM stock_activity sa JOIN ordered o ON o.ol_i_id = sa.s_i_id WHERE ABS(o.sold_units - sa.s_ytd) > 100 ORDER BY ABS(o.sold_units - sa.s_ytd) DESC LIMIT 300",542,1,3,2,True,True,False,2,2,12,1,1,0,0,0,0,18086.61,18087.36,300.0,114,475533.0,221.568,10,8,2,Limit,0,0,0,2,1,0,0,1,1,61072,0,312,732,720000.0,600000.0,97607680,23306240,2,0.0005
control_ch_stockout_risk,"WITH demand AS ( SELECT ol.ol_i_id, SUM(ol.ol_quantity)::numeric / 30 AS daily_units FROM chbenchmark.order_line ol JOIN chbenchmark.oorder o ON o.o_w_id = ol.ol_w_id AND o.o_d_id = ol.ol_d_id AND o.o_id = ol.ol_o_id WHERE ol.ol_w_id = 2 AND o.o_entry_d >= timestamp '2025-12-31' - INTERVAL '30 days' GROUP BY ol.ol_i_id ) SELECT s.s_i_id, s.s_quantity, d.daily_units, s.s_quantity / NULLIF(d.daily_units, 0) AS days_of_supply FROM chbenchmark.stock s JOIN demand d ON d.ol_i_id = s.s_i_id WHERE s.s_w_id = 2 AND s.s_quantity / NULLIF(d.daily_units, 0) < 21 ORDER BY days_of_supply LIMIT 300",591,2,4,1,True,True,False,3,3,6,1,2,0,0,0,0,17521.34,17522.09,300.0,72,180808.0,68.496,16,13,3,Limit,1,0,0,2,2,0,0,2,2,127851,0,0,0,840000.0,600000.0,109740032,27500544,3,0.0005
control_ch_stockout_risk,"WITH demand AS ( SELECT ol.ol_i_id, SUM(ol.ol_quantity)::numeric / 30 AS daily_units FROM chbenchmark.order_line ol JOIN chbenchmark.oorder o ON o.o_w_id = ol.ol_w_id AND o.o_d_id = ol.ol_d_id AND o.o_id = ol.ol_o_id WHERE ol.ol_w_id = 2 AND o.o_entry_d >= timestamp '2025-12-31' - INTERVAL '30 days' GROUP BY ol.ol_i_id ) SELECT s.s_i_id, s.s_quantity, d.daily_units, s.s_quantity / NULLIF(d.daily_units, 0) AS days_of_supply FROM chbenchmark.stock s JOIN demand d ON d.ol_i_id = s.s_i_id WHERE s.s_w_id = 2 AND s.s_quantity / NULLIF(d.daily_units, 0) < 21 ORDER BY days_of_supply LIMIT 300",591,2,4,1,True,True,False,3,3,6,1,2,0,0,0,0,17521.34,17522.09,300.0,72,180808.0,72.424,16,13,3,Limit,1,0,0,2,2,0,0,2,2,127851,0,0,0,840000.0,600000.0,109740032,27500544,3,0.0005
control_ch_product_pareto,"WITH product_revenue AS ( SELECT ol.ol_i_id, SUM(ol.ol_amount) AS revenue FROM chbenchmark.customer c JOIN chbenchmark.oorder o ON o.o_w_id = c.c_w_id AND o.o_d_id = c.c_d_id AND o.o_c_id = c.c_id JOIN chbenchmark.order_line ol ON ol.ol_w_id = o.o_w_id AND ol.ol_d_id = o.o_d_id AND ol.ol_o_id = o.o_id WHERE c.c_state = 'FL' GROUP BY ol.ol_i_id ), cumulative AS ( SELECT *, SUM(revenue) OVER (ORDER BY revenue DESC) / NULLIF(SUM(revenue) OVER (), 0) AS cumulative_share FROM product_revenue ) SELECT COUNT(*) FILTER (WHERE cumulative_share <= 0.80) AS core_products, COUNT(*) AS all_products, MAX(revenue) AS top_product_revenue FROM cumulative",645,2,2,2,True,True,False,3,3,7,6,2,0,0,0,0,24516.13,24516.14,1.0,48,405423.0,382.196,13,10,3,Aggregate,2,1,0,0,1,0,1,1,2,656678,0,462,858,840000.0,600000.0,124469248,29499392,3,1.6666666666666667e-06
control_ch_product_pareto,"WITH product_revenue AS ( SELECT ol.ol_i_id, SUM(ol.ol_amount) AS revenue FROM chbenchmark.customer c JOIN chbenchmark.oorder o ON o.o_w_id = c.c_w_id AND o.o_d_id = c.c_d_id AND o.o_c_id = c.c_id JOIN chbenchmark.order_line ol ON ol.ol_w_id = o.o_w_id AND ol.ol_d_id = o.o_d_id AND ol.ol_o_id = o.o_id WHERE c.c_state = 'FL' GROUP BY ol.ol_i_id ), cumulative AS ( SELECT *, SUM(revenue) OVER (ORDER BY revenue DESC) / NULLIF(SUM(revenue) OVER (), 0) AS cumulative_share FROM product_revenue ) SELECT COUNT(*) FILTER (WHERE cumulative_share <= 0.80) AS core_products, COUNT(*) AS all_products, MAX(revenue) AS top_product_revenue FROM cumulative",645,2,2,2,True,True,False,3,3,7,6,2,0,0,0,0,24516.13,24516.14,1.0,48,405423.0,398.329,13,10,3,Aggregate,2,1,0,0,1,0,1,1,2,656678,0,462,858,840000.0,600000.0,124469248,29499392,3,1.6666666666666667e-06
control_ch_basket_affinity,"SELECT LEAST(a.ol_i_id, b.ol_i_id) AS item_a, GREATEST(a.ol_i_id, b.ol_i_id) AS item_b, COUNT(*) AS baskets FROM chbenchmark.order_line a JOIN chbenchmark.order_line b ON b.ol_w_id = a.ol_w_id AND b.ol_d_id = a.ol_d_id AND b.ol_o_id = a.ol_o_id AND b.ol_i_id > a.ol_i_id WHERE a.ol_w_id = 4 AND a.ol_d_id = 10 GROUP BY LEAST(a.ol_i_id, b.ol_i_id), GREATEST(a.ol_i_id, b.ol_i_id) HAVING COUNT(*) >= 2 ORDER BY baskets DESC LIMIT 200",431,1,2,0,True,True,False,2,1,3,2,1,0,0,0,0,21525.81,21526.31,200.0,16,129989.0,71.255,10,7,1,Limit,0,0,0,2,0,1,0,3,1,37368,0,0,0,600000.0,600000.0,84729856,20602880,1,0.0003333333333333333
control_ch_basket_affinity,"SELECT LEAST(a.ol_i_id, b.ol_i_id) AS item_a, GREATEST(a.ol_i_id, b.ol_i_id) AS item_b, COUNT(*) AS baskets FROM chbenchmark.order_line a JOIN chbenchmark.order_line b ON b.ol_w_id = a.ol_w_id AND b.ol_d_id = a.ol_d_id AND b.ol_o_id = a.ol_o_id AND b.ol_i_id > a.ol_i_id WHERE a.ol_w_id = 4 AND a.ol_d_id = 10 GROUP BY LEAST(a.ol_i_id, b.ol_i_id), GREATEST(a.ol_i_id, b.ol_i_id) HAVING COUNT(*) >= 2 ORDER BY baskets DESC LIMIT 200",431,1,2,0,True,True,False,2,1,3,2,1,0,0,0,0,21525.81,21526.31,200.0,16,129989.0,64.741,10,7,1,Limit,0,0,0,2,0,1,0,3,1,37368,0,0,0,600000.0,600000.0,84729856,20602880,1,0.0003333333333333333
control_ch_cohort_retention,"WITH activity AS ( SELECT o.o_c_id, o.o_d_id, date_trunc('quarter', MIN(o.o_entry_d)) AS cohort, COUNT(DISTINCT date_trunc('quarter', o.o_entry_d)) AS active_quarters FROM chbenchmark.oorder o WHERE o.o_w_id = 1 GROUP BY o.o_c_id, o.o_d_id ) SELECT cohort, COUNT(*) AS customers, COUNT(*) FILTER (WHERE active_quarters >= 2) AS retained_2q, COUNT(*) FILTER (WHERE active_quarters >= 3) AS retained_3q FROM activity GROUP BY cohort ORDER BY cohort",446,0,3,1,True,True,False,1,1,8,5,0,0,0,0,0,5227.11,5227.61,200.0,32,102315.0,53.785,6,6,1,Sort,0,0,0,1,0,0,0,2,2,5593,0,0,0,120000.0,120000.0,12132352,4194304,1,0.0016666666666666668
control_ch_cohort_retention,"WITH activity AS ( SELECT o.o_c_id, o.o_d_id, date_trunc('quarter', MIN(o.o_entry_d)) AS cohort, COUNT(DISTINCT date_trunc('quarter', o.o_entry_d)) AS active_quarters FROM chbenchmark.oorder o WHERE o.o_w_id = 1 GROUP BY o.o_c_id, o.o_d_id ) SELECT cohort, COUNT(*) AS customers, COUNT(*) FILTER (WHERE active_quarters >= 2) AS retained_2q, COUNT(*) FILTER (WHERE active_quarters >= 3) AS retained_3q FROM activity GROUP BY cohort ORDER BY cohort",446,0,3,1,True,True,False,1,1,8,5,0,0,0,0,0,5227.11,5227.61,200.0,32,102315.0,52.17,6,6,1,Sort,0,0,0,1,0,0,0,2,2,5593,0,0,0,120000.0,120000.0,12132352,4194304,1,0.0016666666666666668
control_ch_demand_volatility,"WITH weekly AS ( SELECT ol.ol_i_id, date_trunc('week', o.o_entry_d) AS week, SUM(ol.ol_quantity) AS units FROM chbenchmark.order_line ol JOIN chbenchmark.oorder o ON o.o_w_id = ol.ol_w_id AND o.o_d_id = ol.ol_d_id AND o.o_id = ol.ol_o_id WHERE ol.ol_w_id = 1 GROUP BY ol.ol_i_id, date_trunc('week', o.o_entry_d) ) SELECT ol_i_id, AVG(units) AS avg_units, STDDEV_SAMP(units) AS volatility, STDDEV_SAMP(units) / NULLIF(AVG(units), 0) AS coefficient_of_variation FROM weekly GROUP BY ol_i_id HAVING COUNT(*) >= 3 ORDER BY coefficient_of_variation DESC NULLS LAST LIMIT 250",569,1,1,1,True,True,False,2,2,7,6,1,0,0,0,0,35117.86,35118.03,67.0,100,687417.0,600.495,10,8,2,Limit,0,0,0,2,1,0,0,1,2,58791,0,3550,7904,720000.0,600000.0,96862208,24797184,2,0.00011166666666666667
control_ch_demand_volatility,"WITH weekly AS ( SELECT ol.ol_i_id, date_trunc('week', o.o_entry_d) AS week, SUM(ol.ol_quantity) AS units FROM chbenchmark.order_line ol JOIN chbenchmark.oorder o ON o.o_w_id = ol.ol_w_id AND o.o_d_id = ol.ol_d_id AND o.o_id = ol.ol_o_id WHERE ol.ol_w_id = 1 GROUP BY ol.ol_i_id, date_trunc('week', o.o_entry_d) ) SELECT ol_i_id, AVG(units) AS avg_units, STDDEV_SAMP(units) AS volatility, STDDEV_SAMP(units) / NULLIF(AVG(units), 0) AS coefficient_of_variation FROM weekly GROUP BY ol_i_id HAVING COUNT(*) >= 3 ORDER BY coefficient_of_variation DESC NULLS LAST LIMIT 250",569,1,1,1,True,True,False,2,2,7,6,1,0,0,0,0,35117.86,35118.03,67.0,100,687417.0,661.983,10,8,2,Limit,0,0,0,2,1,0,0,1,2,58791,0,3550,7904,720000.0,600000.0,96862208,24797184,2,0.00011166666666666667
control_ch_district_anomaly,"WITH daily AS ( SELECT o.o_w_id, o.o_d_id, o.o_entry_d::date AS day, SUM(ol.ol_amount) AS revenue FROM chbenchmark.oorder o JOIN chbenchmark.order_line ol ON ol.ol_w_id = o.o_w_id AND ol.ol_d_id = o.o_d_id AND ol.ol_o_id = o.o_id WHERE o.o_entry_d >= DATE '2024-01-23' - INTERVAL '365 days' GROUP BY o.o_w_id, o.o_d_id, o.o_entry_d::date ), stats AS ( SELECT *, AVG(revenue) OVER (PARTITION BY o_w_id, o_d_id) AS mean_revenue, STDDEV_SAMP(revenue) OVER (PARTITION BY o_w_id, o_d_id) AS sd_revenue FROM daily ) SELECT *, (revenue - mean_revenue) / NULLIF(sd_revenue, 0) AS z_score FROM stats WHERE ABS((revenue - mean_revenue) / NULLIF(sd_revenue, 0)) > 2.5 ORDER BY ABS((revenue - mean_revenue) / NULLIF(sd_revenue, 0)) DESC",724,1,2,2,True,True,False,2,2,9,3,1,0,0,0,0,93955.93,94053.77,39135.0,172,1639282.0,920.773,11,10,2,Sort,2,0,0,0,1,0,0,2,2,100429,0,14644,14700,720000.0,600000.0,96862208,24797184,2,0.065225
control_ch_district_anomaly,"WITH daily AS ( SELECT o.o_w_id, o.o_d_id, o.o_entry_d::date AS day, SUM(ol.ol_amount) AS revenue FROM chbenchmark.oorder o JOIN chbenchmark.order_line ol ON ol.ol_w_id = o.o_w_id AND ol.ol_d_id = o.o_d_id AND ol.ol_o_id = o.o_id WHERE o.o_entry_d >= DATE '2024-01-23' - INTERVAL '365 days' GROUP BY o.o_w_id, o.o_d_id, o.o_entry_d::date ), stats AS ( SELECT *, AVG(revenue) OVER (PARTITION BY o_w_id, o_d_id) AS mean_revenue, STDDEV_SAMP(revenue) OVER (PARTITION BY o_w_id, o_d_id) AS sd_revenue FROM daily ) SELECT *, (revenue - mean_revenue) / NULLIF(sd_revenue, 0) AS z_score FROM stats WHERE ABS((revenue - mean_revenue) / NULLIF(sd_revenue, 0)) > 2.5 ORDER BY ABS((revenue - mean_revenue) / NULLIF(sd_revenue, 0)) DESC",724,1,2,2,True,True,False,2,2,9,3,1,0,0,0,0,93955.93,94053.77,39135.0,172,1639282.0,741.863,11,10,2,Sort,2,0,0,0,1,0,0,2,2,100429,0,14637,14686,720000.0,600000.0,96862208,24797184,2,0.065225
control_ch_demand_volatility,"WITH weekly AS ( SELECT ol.ol_i_id, date_trunc('week', o.o_entry_d) AS week, SUM(ol.ol_quantity) AS units FROM chbenchmark.order_line ol JOIN chbenchmark.oorder o ON o.o_w_id = ol.ol_w_id AND o.o_d_id = ol.ol_d_id AND o.o_id = ol.ol_o_id WHERE ol.ol_w_id = 4 GROUP BY ol.ol_i_id, date_trunc('week', o.o_entry_d) ) SELECT ol_i_id, AVG(units) AS avg_units, STDDEV_SAMP(units) AS volatility, STDDEV_SAMP(units) / NULLIF(AVG(units), 0) AS coefficient_of_variation FROM weekly GROUP BY ol_i_id HAVING COUNT(*) >= 3 ORDER BY coefficient_of_variation DESC NULLS LAST LIMIT 250",569,1,1,1,True,True,False,2,2,7,6,1,0,0,0,0,34958.49,34958.66,67.0,100,683209.0,737.417,10,8,2,Limit,0,0,0,2,1,0,0,1,2,59436,0,3541,7897,720000.0,600000.0,96862208,24797184,2,0.00011166666666666667
control_ch_demand_volatility,"WITH weekly AS ( SELECT ol.ol_i_id, date_trunc('week', o.o_entry_d) AS week, SUM(ol.ol_quantity) AS units FROM chbenchmark.order_line ol JOIN chbenchmark.oorder o ON o.o_w_id = ol.ol_w_id AND o.o_d_id = ol.ol_d_id AND o.o_id = ol.ol_o_id WHERE ol.ol_w_id = 4 GROUP BY ol.ol_i_id, date_trunc('week', o.o_entry_d) ) SELECT ol_i_id, AVG(units) AS avg_units, STDDEV_SAMP(units) AS volatility, STDDEV_SAMP(units) / NULLIF(AVG(units), 0) AS coefficient_of_variation FROM weekly GROUP BY ol_i_id HAVING COUNT(*) >= 3 ORDER BY coefficient_of_variation DESC NULLS LAST LIMIT 250",569,1,1,1,True,True,False,2,2,7,6,1,0,0,0,0,34958.49,34958.66,67.0,100,683209.0,693.494,10,8,2,Limit,0,0,0,2,1,0,0,1,2,59436,0,3541,7897,720000.0,600000.0,96862208,24797184,2,0.00011166666666666667
control_ch_district_anomaly,"WITH daily AS ( SELECT o.o_w_id, o.o_d_id, o.o_entry_d::date AS day, SUM(ol.ol_amount) AS revenue FROM chbenchmark.oorder o JOIN chbenchmark.order_line ol ON ol.ol_w_id = o.o_w_id AND ol.ol_d_id = o.o_d_id AND ol.ol_o_id = o.o_id WHERE o.o_entry_d >= DATE '2025-05-23' - INTERVAL '365 days' GROUP BY o.o_w_id, o.o_d_id, o.o_entry_d::date ), stats AS ( SELECT *, AVG(revenue) OVER (PARTITION BY o_w_id, o_d_id) AS mean_revenue, STDDEV_SAMP(revenue) OVER (PARTITION BY o_w_id, o_d_id) AS sd_revenue FROM daily ) SELECT *, (revenue - mean_revenue) / NULLIF(sd_revenue, 0) AS z_score FROM stats WHERE ABS((revenue - mean_revenue) / NULLIF(sd_revenue, 0)) > 2.5 ORDER BY ABS((revenue - mean_revenue) / NULLIF(sd_revenue, 0)) DESC",724,1,2,2,True,True,False,2,2,9,3,1,0,0,0,0,57303.55,57356.39,21134.0,172,1000258.0,395.915,11,10,2,Sort,2,0,0,0,1,0,0,2,2,100429,0,7931,7952,720000.0,600000.0,96862208,24797184,2,0.035223333333333336
control_ch_district_anomaly,"WITH daily AS ( SELECT o.o_w_id, o.o_d_id, o.o_entry_d::date AS day, SUM(ol.ol_amount) AS revenue FROM chbenchmark.oorder o JOIN chbenchmark.order_line ol ON ol.ol_w_id = o.o_w_id AND ol.ol_d_id = o.o_d_id AND ol.ol_o_id = o.o_id WHERE o.o_entry_d >= DATE '2025-05-23' - INTERVAL '365 days' GROUP BY o.o_w_id, o.o_d_id, o.o_entry_d::date ), stats AS ( SELECT *, AVG(revenue) OVER (PARTITION BY o_w_id, o_d_id) AS mean_revenue, STDDEV_SAMP(revenue) OVER (PARTITION BY o_w_id, o_d_id) AS sd_revenue FROM daily ) SELECT *, (revenue - mean_revenue) / NULLIF(sd_revenue, 0) AS z_score FROM stats WHERE ABS((revenue - mean_revenue) / NULLIF(sd_revenue, 0)) > 2.5 ORDER BY ABS((revenue - mean_revenue) / NULLIF(sd_revenue, 0)) DESC",724,1,2,2,True,True,False,2,2,9,3,1,0,0,0,0,57303.55,57356.39,21134.0,172,1000258.0,422.957,11,10,2,Sort,2,0,0,0,1,0,0,2,2,100429,0,7931,7952,720000.0,600000.0,96862208,24797184,2,0.035223333333333336
control_ch_basket_affinity,"SELECT LEAST(a.ol_i_id, b.ol_i_id) AS item_a, GREATEST(a.ol_i_id, b.ol_i_id) AS item_b, COUNT(*) AS baskets FROM chbenchmark.order_line a JOIN chbenchmark.order_line b ON b.ol_w_id = a.ol_w_id AND b.ol_d_id = a.ol_d_id AND b.ol_o_id = a.ol_o_id AND b.ol_i_id > a.ol_i_id WHERE a.ol_w_id = 2 AND a.ol_d_id = 9 GROUP BY LEAST(a.ol_i_id, b.ol_i_id), GREATEST(a.ol_i_id, b.ol_i_id) HAVING COUNT(*) >= 2 ORDER BY baskets DESC LIMIT 200",430,1,2,0,True,True,False,2,1,3,2,1,0,0,0,0,21702.45,21702.95,200.0,16,136494.0,67.193,10,7,1,Limit,0,0,0,2,0,1,0,3,1,37380,0,0,0,600000.0,600000.0,84729856,20602880,1,0.0003333333333333333
control_ch_basket_affinity,"SELECT LEAST(a.ol_i_id, b.ol_i_id) AS item_a, GREATEST(a.ol_i_id, b.ol_i_id) AS item_b, COUNT(*) AS baskets FROM chbenchmark.order_line a JOIN chbenchmark.order_line b ON b.ol_w_id = a.ol_w_id AND b.ol_d_id = a.ol_d_id AND b.ol_o_id = a.ol_o_id AND b.ol_i_id > a.ol_i_id WHERE a.ol_w_id = 2 AND a.ol_d_id = 9 GROUP BY LEAST(a.ol_i_id, b.ol_i_id), GREATEST(a.ol_i_id, b.ol_i_id) HAVING COUNT(*) >= 2 ORDER BY baskets DESC LIMIT 200",430,1,2,0,True,True,False,2,1,3,2,1,0,0,0,0,21702.45,21702.95,200.0,16,136494.0,67.373,10,7,1,Limit,0,0,0,2,0,1,0,3,1,37380,0,0,0,600000.0,600000.0,84729856,20602880,1,0.0003333333333333333
control_ch_stockout_risk,"WITH demand AS ( SELECT ol.ol_i_id, SUM(ol.ol_quantity)::numeric / 90 AS daily_units FROM chbenchmark.order_line ol JOIN chbenchmark.oorder o ON o.o_w_id = ol.ol_w_id AND o.o_d_id = ol.ol_d_id AND o.o_id = ol.ol_o_id WHERE ol.ol_w_id = 3 AND o.o_entry_d >= timestamp '2025-12-31' - INTERVAL '90 days' GROUP BY ol.ol_i_id ) SELECT s.s_i_id, s.s_quantity, d.daily_units, s.s_quantity / NULLIF(d.daily_units, 0) AS days_of_supply FROM chbenchmark.stock s JOIN demand d ON d.ol_i_id = s.s_i_id WHERE s.s_w_id = 3 AND s.s_quantity / NULLIF(d.daily_units, 0) < 21 ORDER BY days_of_supply LIMIT 300",591,2,4,1,True,True,False,3,3,6,1,2,0,0,0,0,18582.6,18583.35,300.0,72,222663.0,110.828,15,12,3,Limit,1,0,0,2,2,0,0,1,2,116452,0,0,0,840000.0,600000.0,109740032,27500544,3,0.0005
control_ch_stockout_risk,"WITH demand AS ( SELECT ol.ol_i_id, SUM(ol.ol_quantity)::numeric / 90 AS daily_units FROM chbenchmark.order_line ol JOIN chbenchmark.oorder o ON o.o_w_id = ol.ol_w_id AND o.o_d_id = ol.ol_d_id AND o.o_id = ol.ol_o_id WHERE ol.ol_w_id = 3 AND o.o_entry_d >= timestamp '2025-12-31' - INTERVAL '90 days' GROUP BY ol.ol_i_id ) SELECT s.s_i_id, s.s_quantity, d.daily_units, s.s_quantity / NULLIF(d.daily_units, 0) AS days_of_supply FROM chbenchmark.stock s JOIN demand d ON d.ol_i_id = s.s_i_id WHERE s.s_w_id = 3 AND s.s_quantity / NULLIF(d.daily_units, 0) < 21 ORDER BY days_of_supply LIMIT 300",591,2,4,1,True,True,False,3,3,6,1,2,0,0,0,0,18582.6,18583.35,300.0,72,222663.0,104.739,15,12,3,Limit,1,0,0,2,2,0,0,1,2,116452,0,0,0,840000.0,600000.0,109740032,27500544,3,0.0005
control_ch_product_pareto,"WITH product_revenue AS ( SELECT ol.ol_i_id, SUM(ol.ol_amount) AS revenue FROM chbenchmark.customer c JOIN chbenchmark.oorder o ON o.o_w_id = c.c_w_id AND o.o_d_id = c.c_d_id AND o.o_c_id = c.c_id JOIN chbenchmark.order_line ol ON ol.ol_w_id = o.o_w_id AND ol.ol_d_id = o.o_d_id AND ol.ol_o_id = o.o_id WHERE c.c_state = 'NY' GROUP BY ol.ol_i_id ), cumulative AS ( SELECT *, SUM(revenue) OVER (ORDER BY revenue DESC) / NULLIF(SUM(revenue) OVER (), 0) AS cumulative_share FROM product_revenue ) SELECT COUNT(*) FILTER (WHERE cumulative_share <= 0.80) AS core_products, COUNT(*) AS all_products, MAX(revenue) AS top_product_revenue FROM cumulative",645,2,2,2,True,True,False,3,3,7,6,2,0,0,0,0,24540.58,24540.59,1.0,48,407087.0,395.738,13,10,3,Aggregate,2,1,0,0,1,0,1,1,2,656642,0,450,852,840000.0,600000.0,124469248,29499392,3,1.6666666666666667e-06
control_ch_product_pareto,"WITH product_revenue AS ( SELECT ol.ol_i_id, SUM(ol.ol_amount) AS revenue FROM chbenchmark.customer c JOIN chbenchmark.oorder o ON o.o_w_id = c.c_w_id AND o.o_d_id = c.c_d_id AND o.o_c_id = c.c_id JOIN chbenchmark.order_line ol ON ol.ol_w_id = o.o_w_id AND ol.ol_d_id = o.o_d_id AND ol.ol_o_id = o.o_id WHERE c.c_state = 'NY' GROUP BY ol.ol_i_id ), cumulative AS ( SELECT *, SUM(revenue) OVER (ORDER BY revenue DESC) / NULLIF(SUM(revenue) OVER (), 0) AS cumulative_share FROM product_revenue ) SELECT COUNT(*) FILTER (WHERE cumulative_share <= 0.80) AS core_products, COUNT(*) AS all_products, MAX(revenue) AS top_product_revenue FROM cumulative",645,2,2,2,True,True,False,3,3,7,6,2,0,0,0,0,24540.58,24540.59,1.0,48,407087.0,375.012,13,10,3,Aggregate,2,1,0,0,1,0,1,1,2,656642,0,450,852,840000.0,600000.0,124469248,29499392,3,1.6666666666666667e-06
control_ch_supplier_concentration,"WITH supplier_revenue AS ( SELECT su.su_suppkey, SUM(ol.ol_amount) AS revenue FROM chbenchmark.supplier su JOIN chbenchmark.nation n ON n.n_nationkey = su.su_nationkey JOIN chbenchmark.stock s ON MOD(s.s_w_id * s.s_i_id, 10000) = su.su_suppkey JOIN chbenchmark.order_line ol ON ol.ol_supply_w_id = s.s_w_id AND ol.ol_i_id = s.s_i_id WHERE n.n_regionkey = 4 GROUP BY su.su_suppkey ), shares AS ( SELECT revenue / NULLIF(SUM(revenue) OVER (), 0) AS share FROM supplier_revenue ) SELECT COUNT(*) AS suppliers, MAX(share) AS largest_share, SUM(share * share) AS hhi FROM shares",573,3,1,2,True,False,False,4,4,6,5,3,0,0,0,0,19463.77,19463.78,1.0,72,549423.0,150.304,16,12,4,Aggregate,4,0,0,0,3,0,0,0,3,81425,0,0,0,730025.0,600000.0,99098624,23584768,5,1.6666666666666667e-06
control_ch_supplier_concentration,"WITH supplier_revenue AS ( SELECT su.su_suppkey, SUM(ol.ol_amount) AS revenue FROM chbenchmark.supplier su JOIN chbenchmark.nation n ON n.n_nationkey = su.su_nationkey JOIN chbenchmark.stock s ON MOD(s.s_w_id * s.s_i_id, 10000) = su.su_suppkey JOIN chbenchmark.order_line ol ON ol.ol_supply_w_id = s.s_w_id AND ol.ol_i_id = s.s_i_id WHERE n.n_regionkey = 4 GROUP BY su.su_suppkey ), shares AS ( SELECT revenue / NULLIF(SUM(revenue) OVER (), 0) AS share FROM supplier_revenue ) SELECT COUNT(*) AS suppliers, MAX(share) AS largest_share, SUM(share * share) AS hhi FROM shares",573,3,1,2,True,False,False,4,4,6,5,3,0,0,0,0,19463.77,19463.78,1.0,72,549423.0,179.021,16,12,4,Aggregate,4,0,0,0,3,0,0,0,3,81425,0,0,0,730025.0,600000.0,99098624,23584768,5,1.6666666666666667e-06
control_ch_order_gaps,"WITH timeline AS ( SELECT c.c_w_id, c.c_d_id, c.c_id, o.o_id, o.o_entry_d, LAG(o.o_entry_d) OVER ( PARTITION BY c.c_w_id, c.c_d_id, c.c_id ORDER BY o.o_entry_d ) AS previous_order FROM chbenchmark.customer c JOIN chbenchmark.oorder o ON o.o_w_id = c.c_w_id AND o.o_d_id = c.c_d_id AND o.o_c_id = c.c_id WHERE c.c_state = 'FL' ) SELECT * FROM timeline WHERE o_entry_d - previous_order > INTERVAL '90 days' ORDER BY o_entry_d - previous_order DESC LIMIT 300",455,1,2,1,False,True,False,2,2,7,1,1,0,0,0,0,9856.33,9857.08,300.0,48,216882.0,96.356,9,8,2,Limit,2,0,0,0,1,0,0,2,0,29091,0,0,0,240000.0,120000.0,39739392,8896512,2,0.0025
control_ch_order_gaps,"WITH timeline AS ( SELECT c.c_w_id, c.c_d_id, c.c_id, o.o_id, o.o_entry_d, LAG(o.o_entry_d) OVER ( PARTITION BY c.c_w_id, c.c_d_id, c.c_id ORDER BY o.o_entry_d ) AS previous_order FROM chbenchmark.customer c JOIN chbenchmark.oorder o ON o.o_w_id = c.c_w_id AND o.o_d_id = c.c_d_id AND o.o_c_id = c.c_id WHERE c.c_state = 'FL' ) SELECT * FROM timeline WHERE o_entry_d - previous_order > INTERVAL '90 days' ORDER BY o_entry_d - previous_order DESC LIMIT 300",455,1,2,1,False,True,False,2,2,7,1,1,0,0,0,0,9856.33,9857.08,300.0,48,216882.0,90.415,9,8,2,Limit,2,0,0,0,1,0,0,2,0,29091,0,0,0,240000.0,120000.0,39739392,8896512,2,0.0025
control_ch_cohort_retention,"WITH activity AS ( SELECT o.o_c_id, o.o_d_id, date_trunc('quarter', MIN(o.o_entry_d)) AS cohort, COUNT(DISTINCT date_trunc('quarter', o.o_entry_d)) AS active_quarters FROM chbenchmark.oorder o WHERE o.o_w_id = 3 GROUP BY o.o_c_id, o.o_d_id ) SELECT cohort, COUNT(*) AS customers, COUNT(*) FILTER (WHERE active_quarters >= 2) AS retained_2q, COUNT(*) FILTER (WHERE active_quarters >= 3) AS retained_3q FROM activity GROUP BY cohort ORDER BY cohort",446,0,3,1,True,True,False,1,1,8,5,0,0,0,0,0,5185.29,5185.79,200.0,32,101343.0,51.3,6,6,1,Sort,0,0,0,1,0,0,0,2,2,5599,0,0,0,120000.0,120000.0,12132352,4194304,1,0.0016666666666666668
control_ch_cohort_retention,"WITH activity AS ( SELECT o.o_c_id, o.o_d_id, date_trunc('quarter', MIN(o.o_entry_d)) AS cohort, COUNT(DISTINCT date_trunc('quarter', o.o_entry_d)) AS active_quarters FROM chbenchmark.oorder o WHERE o.o_w_id = 3 GROUP BY o.o_c_id, o.o_d_id ) SELECT cohort, COUNT(*) AS customers, COUNT(*) FILTER (WHERE active_quarters >= 2) AS retained_2q, COUNT(*) FILTER (WHERE active_quarters >= 3) AS retained_3q FROM activity GROUP BY cohort ORDER BY cohort",446,0,3,1,True,True,False,1,1,8,5,0,0,0,0,0,5185.29,5185.79,200.0,32,101343.0,65.414,6,6,1,Sort,0,0,0,1,0,0,0,2,2,5599,0,0,0,120000.0,120000.0,12132352,4194304,1,0.0016666666666666668
control_ch_warehouse_reconciliation,"WITH ordered AS ( SELECT ol.ol_i_id, SUM(ol.ol_quantity) AS sold_units FROM chbenchmark.order_line ol WHERE ol.ol_w_id = 1 GROUP BY ol.ol_i_id ), stock_activity AS ( SELECT s.s_i_id, s.s_quantity, s.s_ytd, s.s_order_cnt FROM chbenchmark.stock s WHERE s.s_w_id = 1 ) SELECT sa.s_i_id, sa.s_quantity, sa.s_ytd, sa.s_order_cnt, o.sold_units, o.sold_units - sa.s_ytd AS quantity_difference FROM stock_activity sa JOIN ordered o ON o.ol_i_id = sa.s_i_id WHERE ABS(o.sold_units - sa.s_ytd) > 100 ORDER BY ABS(o.sold_units - sa.s_ytd) DESC LIMIT 300",542,1,3,2,True,True,False,2,2,12,1,1,0,0,0,0,17923.86,17924.61,300.0,114,467625.0,211.14,10,8,2,Limit,0,0,0,2,1,0,0,1,1,61072,0,306,726,720000.0,600000.0,97607680,23306240,2,0.0005
control_ch_warehouse_reconciliation,"WITH ordered AS ( SELECT ol.ol_i_id, SUM(ol.ol_quantity) AS sold_units FROM chbenchmark.order_line ol WHERE ol.ol_w_id = 1 GROUP BY ol.ol_i_id ), stock_activity AS ( SELECT s.s_i_id, s.s_quantity, s.s_ytd, s.s_order_cnt FROM chbenchmark.stock s WHERE s.s_w_id = 1 ) SELECT sa.s_i_id, sa.s_quantity, sa.s_ytd, sa.s_order_cnt, o.sold_units, o.sold_units - sa.s_ytd AS quantity_difference FROM stock_activity sa JOIN ordered o ON o.ol_i_id = sa.s_i_id WHERE ABS(o.sold_units - sa.s_ytd) > 100 ORDER BY ABS(o.sold_units - sa.s_ytd) DESC LIMIT 300",542,1,3,2,True,True,False,2,2,12,1,1,0,0,0,0,17923.86,17924.61,300.0,114,467625.0,214.464,10,8,2,Limit,0,0,0,2,1,0,0,1,1,61072,0,306,726,720000.0,600000.0,97607680,23306240,2,0.0005
control_ch_customer_rfm,"WITH customer_value AS ( SELECT o.o_c_id, o.o_d_id, MAX(o.o_entry_d) AS last_order, COUNT(DISTINCT o.o_id) AS frequency, SUM(ol.ol_amount) AS monetary FROM chbenchmark.oorder o JOIN chbenchmark.order_line ol ON ol.ol_w_id = o.o_w_id AND ol.ol_d_id = o.o_d_id AND ol.ol_o_id = o.o_id WHERE o.o_w_id = 1 GROUP BY o.o_c_id, o.o_d_id ), scored AS ( SELECT *, NTILE(5) OVER (ORDER BY last_order) AS recency_score, NTILE(5) OVER (ORDER BY frequency) AS frequency_score, NTILE(5) OVER (ORDER BY monetary) AS monetary_score FROM customer_value ) SELECT recency_score, frequency_score, monetary_score, COUNT(*) AS customers, SUM(monetary) AS revenue FROM scored GROUP BY recency_score, frequency_score, monetary_score ORDER BY revenue DESC",730,1,1,2,True,True,False,2,2,14,8,1,0,0,0,0,38769.98,38772.82,1134.0,52,780196.0,362.416,17,15,2,Sort,0,0,0,2,1,0,0,5,2,125277,0,7469,7491,720000.0,600000.0,96862208,24797184,2,0.00189
control_ch_customer_rfm,"WITH customer_value AS ( SELECT o.o_c_id, o.o_d_id, MAX(o.o_entry_d) AS last_order, COUNT(DISTINCT o.o_id) AS frequency, SUM(ol.ol_amount) AS monetary FROM chbenchmark.oorder o JOIN chbenchmark.order_line ol ON ol.ol_w_id = o.o_w_id AND ol.ol_d_id = o.o_d_id AND ol.ol_o_id = o.o_id WHERE o.o_w_id = 1 GROUP BY o.o_c_id, o.o_d_id ), scored AS ( SELECT *, NTILE(5) OVER (ORDER BY last_order) AS recency_score, NTILE(5) OVER (ORDER BY frequency) AS frequency_score, NTILE(5) OVER (ORDER BY monetary) AS monetary_score FROM customer_value ) SELECT recency_score, frequency_score, monetary_score, COUNT(*) AS customers, SUM(monetary) AS revenue FROM scored GROUP BY recency_score, frequency_score, monetary_score ORDER BY revenue DESC",730,1,1,2,True,True,False,2,2,14,8,1,0,0,0,0,38769.98,38772.82,1134.0,52,780196.0,372.298,17,15,2,Sort,0,0,0,2,1,0,0,5,2,125277,0,7469,7491,720000.0,600000.0,96862208,24797184,2,0.00189
control_ch_product_pareto,"WITH product_revenue AS ( SELECT ol.ol_i_id, SUM(ol.ol_amount) AS revenue FROM chbenchmark.customer c JOIN chbenchmark.oorder o ON o.o_w_id = c.c_w_id AND o.o_d_id = c.c_d_id AND o.o_c_id = c.c_id JOIN chbenchmark.order_line ol ON ol.ol_w_id = o.o_w_id AND ol.ol_d_id = o.o_d_id AND ol.ol_o_id = o.o_id WHERE c.c_state = 'WA' GROUP BY ol.ol_i_id ), cumulative AS ( SELECT *, SUM(revenue) OVER (ORDER BY revenue DESC) / NULLIF(SUM(revenue) OVER (), 0) AS cumulative_share FROM product_revenue ) SELECT COUNT(*) FILTER (WHERE cumulative_share <= 0.80) AS core_products, COUNT(*) AS all_products, MAX(revenue) AS top_product_revenue FROM cumulative",645,2,2,2,True,True,False,3,3,7,6,2,0,0,0,0,24511.9,24511.91,1.0,48,405135.0,387.826,13,10,3,Aggregate,2,1,0,0,1,0,1,1,2,656687,0,450,864,840000.0,600000.0,124469248,29499392,3,1.6666666666666667e-06
control_ch_product_pareto,"WITH product_revenue AS ( SELECT ol.ol_i_id, SUM(ol.ol_amount) AS revenue FROM chbenchmark.customer c JOIN chbenchmark.oorder o ON o.o_w_id = c.c_w_id AND o.o_d_id = c.c_d_id AND o.o_c_id = c.c_id JOIN chbenchmark.order_line ol ON ol.ol_w_id = o.o_w_id AND ol.ol_d_id = o.o_d_id AND ol.ol_o_id = o.o_id WHERE c.c_state = 'WA' GROUP BY ol.ol_i_id ), cumulative AS ( SELECT *, SUM(revenue) OVER (ORDER BY revenue DESC) / NULLIF(SUM(revenue) OVER (), 0) AS cumulative_share FROM product_revenue ) SELECT COUNT(*) FILTER (WHERE cumulative_share <= 0.80) AS core_products, COUNT(*) AS all_products, MAX(revenue) AS top_product_revenue FROM cumulative",645,2,2,2,True,True,False,3,3,7,6,2,0,0,0,0,24511.9,24511.91,1.0,48,405135.0,430.08,13,10,3,Aggregate,2,1,0,0,1,0,1,1,2,656687,0,450,864,840000.0,600000.0,124469248,29499392,3,1.6666666666666667e-06
control_ch_customer_rfm,"WITH customer_value AS ( SELECT o.o_c_id, o.o_d_id, MAX(o.o_entry_d) AS last_order, COUNT(DISTINCT o.o_id) AS frequency, SUM(ol.ol_amount) AS monetary FROM chbenchmark.oorder o JOIN chbenchmark.order_line ol ON ol.ol_w_id = o.o_w_id AND ol.ol_d_id = o.o_d_id AND ol.ol_o_id = o.o_id WHERE o.o_w_id = 2 GROUP BY o.o_c_id, o.o_d_id ), scored AS ( SELECT *, NTILE(5) OVER (ORDER BY last_order) AS recency_score, NTILE(5) OVER (ORDER BY frequency) AS frequency_score, NTILE(5) OVER (ORDER BY monetary) AS monetary_score FROM customer_value ) SELECT recency_score, frequency_score, monetary_score, COUNT(*) AS customers, SUM(monetary) AS revenue FROM scored GROUP BY recency_score, frequency_score, monetary_score ORDER BY revenue DESC",730,1,1,2,True,True,False,2,2,14,8,1,0,0,0,0,39340.54,39343.37,1132.0,52,792796.0,344.61,17,15,2,Sort,0,0,0,2,1,0,0,5,2,125292,0,7469,7491,720000.0,600000.0,96862208,24797184,2,0.0018866666666666667
control_ch_customer_rfm,"WITH customer_value AS ( SELECT o.o_c_id, o.o_d_id, MAX(o.o_entry_d) AS last_order, COUNT(DISTINCT o.o_id) AS frequency, SUM(ol.ol_amount) AS monetary FROM chbenchmark.oorder o JOIN chbenchmark.order_line ol ON ol.ol_w_id = o.o_w_id AND ol.ol_d_id = o.o_d_id AND ol.ol_o_id = o.o_id WHERE o.o_w_id = 2 GROUP BY o.o_c_id, o.o_d_id ), scored AS ( SELECT *, NTILE(5) OVER (ORDER BY last_order) AS recency_score, NTILE(5) OVER (ORDER BY frequency) AS frequency_score, NTILE(5) OVER (ORDER BY monetary) AS monetary_score FROM customer_value ) SELECT recency_score, frequency_score, monetary_score, COUNT(*) AS customers, SUM(monetary) AS revenue FROM scored GROUP BY recency_score, frequency_score, monetary_score ORDER BY revenue DESC",730,1,1,2,True,True,False,2,2,14,8,1,0,0,0,0,39340.54,39343.37,1132.0,52,792796.0,360.297,17,15,2,Sort,0,0,0,2,1,0,0,5,2,125292,0,7469,7491,720000.0,600000.0,96862208,24797184,2,0.0018866666666666667
control_ch_basket_affinity,"SELECT LEAST(a.ol_i_id, b.ol_i_id) AS item_a, GREATEST(a.ol_i_id, b.ol_i_id) AS item_b, COUNT(*) AS baskets FROM chbenchmark.order_line a JOIN chbenchmark.order_line b ON b.ol_w_id = a.ol_w_id AND b.ol_d_id = a.ol_d_id AND b.ol_o_id = a.ol_o_id AND b.ol_i_id > a.ol_i_id WHERE a.ol_w_id = 3 AND a.ol_d_id = 4 GROUP BY LEAST(a.ol_i_id, b.ol_i_id), GREATEST(a.ol_i_id, b.ol_i_id) HAVING COUNT(*) >= 2 ORDER BY baskets DESC LIMIT 200",430,1,2,0,True,True,False,2,1,3,2,1,0,0,0,0,21655.72,21656.22,200.0,16,134924.0,62.958,10,7,1,Limit,0,0,0,2,0,1,0,3,1,37368,0,0,0,600000.0,600000.0,84729856,20602880,1,0.0003333333333333333
control_ch_basket_affinity,"SELECT LEAST(a.ol_i_id, b.ol_i_id) AS item_a, GREATEST(a.ol_i_id, b.ol_i_id) AS item_b, COUNT(*) AS baskets FROM chbenchmark.order_line a JOIN chbenchmark.order_line b ON b.ol_w_id = a.ol_w_id AND b.ol_d_id = a.ol_d_id AND b.ol_o_id = a.ol_o_id AND b.ol_i_id > a.ol_i_id WHERE a.ol_w_id = 3 AND a.ol_d_id = 4 GROUP BY LEAST(a.ol_i_id, b.ol_i_id), GREATEST(a.ol_i_id, b.ol_i_id) HAVING COUNT(*) >= 2 ORDER BY baskets DESC LIMIT 200",430,1,2,0,True,True,False,2,1,3,2,1,0,0,0,0,21655.72,21656.22,200.0,16,134924.0,70.406,10,7,1,Limit,0,0,0,2,0,1,0,3,1,37368,0,0,0,600000.0,600000.0,84729856,20602880,1,0.0003333333333333333
control_ch_demand_volatility,"WITH weekly AS ( SELECT ol.ol_i_id, date_trunc('week', o.o_entry_d) AS week, SUM(ol.ol_quantity) AS units FROM chbenchmark.order_line ol JOIN chbenchmark.oorder o ON o.o_w_id = ol.ol_w_id AND o.o_d_id = ol.ol_d_id AND o.o_id = ol.ol_o_id WHERE ol.ol_w_id = 4 GROUP BY ol.ol_i_id, date_trunc('week', o.o_entry_d) ) SELECT ol_i_id, AVG(units) AS avg_units, STDDEV_SAMP(units) AS volatility, STDDEV_SAMP(units) / NULLIF(AVG(units), 0) AS coefficient_of_variation FROM weekly GROUP BY ol_i_id HAVING COUNT(*) >= 3 ORDER BY coefficient_of_variation DESC NULLS LAST LIMIT 250",569,1,1,1,True,True,False,2,2,7,6,1,0,0,0,0,34958.49,34958.66,67.0,100,683209.0,599.077,10,8,2,Limit,0,0,0,2,1,0,0,1,2,59436,0,3541,7897,720000.0,600000.0,96862208,24797184,2,0.00011166666666666667
control_ch_demand_volatility,"WITH weekly AS ( SELECT ol.ol_i_id, date_trunc('week', o.o_entry_d) AS week, SUM(ol.ol_quantity) AS units FROM chbenchmark.order_line ol JOIN chbenchmark.oorder o ON o.o_w_id = ol.ol_w_id AND o.o_d_id = ol.ol_d_id AND o.o_id = ol.ol_o_id WHERE ol.ol_w_id = 4 GROUP BY ol.ol_i_id, date_trunc('week', o.o_entry_d) ) SELECT ol_i_id, AVG(units) AS avg_units, STDDEV_SAMP(units) AS volatility, STDDEV_SAMP(units) / NULLIF(AVG(units), 0) AS coefficient_of_variation FROM weekly GROUP BY ol_i_id HAVING COUNT(*) >= 3 ORDER BY coefficient_of_variation DESC NULLS LAST LIMIT 250",569,1,1,1,True,True,False,2,2,7,6,1,0,0,0,0,34958.49,34958.66,67.0,100,683209.0,868.112,10,8,2,Limit,0,0,0,2,1,0,0,1,2,59436,0,3541,7897,720000.0,600000.0,96862208,24797184,2,0.00011166666666666667
control_ch_cohort_retention,"WITH activity AS ( SELECT o.o_c_id, o.o_d_id, date_trunc('quarter', MIN(o.o_entry_d)) AS cohort, COUNT(DISTINCT date_trunc('quarter', o.o_entry_d)) AS active_quarters FROM chbenchmark.oorder o WHERE o.o_w_id = 4 GROUP BY o.o_c_id, o.o_d_id ) SELECT cohort, COUNT(*) AS customers, COUNT(*) FILTER (WHERE active_quarters >= 2) AS retained_2q, COUNT(*) FILTER (WHERE active_quarters >= 3) AS retained_3q FROM activity GROUP BY cohort ORDER BY cohort",446,0,3,1,True,True,False,1,1,8,5,0,0,0,0,0,5206.02,5206.52,200.0,32,101773.0,60.014,6,6,1,Sort,0,0,0,1,0,0,0,2,2,5599,0,0,0,120000.0,120000.0,12132352,4194304,1,0.0016666666666666668
control_ch_cohort_retention,"WITH activity AS ( SELECT o.o_c_id, o.o_d_id, date_trunc('quarter', MIN(o.o_entry_d)) AS cohort, COUNT(DISTINCT date_trunc('quarter', o.o_entry_d)) AS active_quarters FROM chbenchmark.oorder o WHERE o.o_w_id = 4 GROUP BY o.o_c_id, o.o_d_id ) SELECT cohort, COUNT(*) AS customers, COUNT(*) FILTER (WHERE active_quarters >= 2) AS retained_2q, COUNT(*) FILTER (WHERE active_quarters >= 3) AS retained_3q FROM activity GROUP BY cohort ORDER BY cohort",446,0,3,1,True,True,False,1,1,8,5,0,0,0,0,0,5206.02,5206.52,200.0,32,101773.0,51.997,6,6,1,Sort,0,0,0,1,0,0,0,2,2,5599,0,0,0,120000.0,120000.0,12132352,4194304,1,0.0016666666666666668
control_ch_supplier_concentration,"WITH supplier_revenue AS ( SELECT su.su_suppkey, SUM(ol.ol_amount) AS revenue FROM chbenchmark.supplier su JOIN chbenchmark.nation n ON n.n_nationkey = su.su_nationkey JOIN chbenchmark.stock s ON MOD(s.s_w_id * s.s_i_id, 10000) = su.su_suppkey JOIN chbenchmark.order_line ol ON ol.ol_supply_w_id = s.s_w_id AND ol.ol_i_id = s.s_i_id WHERE n.n_regionkey = 1 GROUP BY su.su_suppkey ), shares AS ( SELECT revenue / NULLIF(SUM(revenue) OVER (), 0) AS share FROM supplier_revenue ) SELECT COUNT(*) AS suppliers, MAX(share) AS largest_share, SUM(share * share) AS hhi FROM shares",573,3,1,2,True,False,False,4,4,6,5,3,0,0,0,0,19463.77,19463.78,1.0,72,549423.0,228.915,16,12,4,Aggregate,4,0,0,0,3,0,0,0,3,81425,0,0,0,730025.0,600000.0,99098624,23584768,5,1.6666666666666667e-06
control_ch_supplier_concentration,"WITH supplier_revenue AS ( SELECT su.su_suppkey, SUM(ol.ol_amount) AS revenue FROM chbenchmark.supplier su JOIN chbenchmark.nation n ON n.n_nationkey = su.su_nationkey JOIN chbenchmark.stock s ON MOD(s.s_w_id * s.s_i_id, 10000) = su.su_suppkey JOIN chbenchmark.order_line ol ON ol.ol_supply_w_id = s.s_w_id AND ol.ol_i_id = s.s_i_id WHERE n.n_regionkey = 1 GROUP BY su.su_suppkey ), shares AS ( SELECT revenue / NULLIF(SUM(revenue) OVER (), 0) AS share FROM supplier_revenue ) SELECT COUNT(*) AS suppliers, MAX(share) AS largest_share, SUM(share * share) AS hhi FROM shares",573,3,1,2,True,False,False,4,4,6,5,3,0,0,0,0,19463.77,19463.78,1.0,72,549423.0,179.041,16,12,4,Aggregate,4,0,0,0,3,0,0,0,3,81425,0,0,0,730025.0,600000.0,99098624,23584768,5,1.6666666666666667e-06
control_ch_district_anomaly,"WITH daily AS ( SELECT o.o_w_id, o.o_d_id, o.o_entry_d::date AS day, SUM(ol.ol_amount) AS revenue FROM chbenchmark.oorder o JOIN chbenchmark.order_line ol ON ol.ol_w_id = o.o_w_id AND ol.ol_d_id = o.o_d_id AND ol.ol_o_id = o.o_id WHERE o.o_entry_d >= DATE '2025-05-04' - INTERVAL '365 days' GROUP BY o.o_w_id, o.o_d_id, o.o_entry_d::date ), stats AS ( SELECT *, AVG(revenue) OVER (PARTITION BY o_w_id, o_d_id) AS mean_revenue, STDDEV_SAMP(revenue) OVER (PARTITION BY o_w_id, o_d_id) AS sd_revenue FROM daily ) SELECT *, (revenue - mean_revenue) / NULLIF(sd_revenue, 0) AS z_score FROM stats WHERE ABS((revenue - mean_revenue) / NULLIF(sd_revenue, 0)) > 2.5 ORDER BY ABS((revenue - mean_revenue) / NULLIF(sd_revenue, 0)) DESC",724,1,2,2,True,True,False,2,2,9,3,1,0,0,0,0,58654.08,58708.58,21801.0,172,1023924.0,440.509,11,10,2,Sort,2,0,0,0,1,0,0,2,2,100429,0,8183,8204,720000.0,600000.0,96862208,24797184,2,0.036335
control_ch_district_anomaly,"WITH daily AS ( SELECT o.o_w_id, o.o_d_id, o.o_entry_d::date AS day, SUM(ol.ol_amount) AS revenue FROM chbenchmark.oorder o JOIN chbenchmark.order_line ol ON ol.ol_w_id = o.o_w_id AND ol.ol_d_id = o.o_d_id AND ol.ol_o_id = o.o_id WHERE o.o_entry_d >= DATE '2025-05-04' - INTERVAL '365 days' GROUP BY o.o_w_id, o.o_d_id, o.o_entry_d::date ), stats AS ( SELECT *, AVG(revenue) OVER (PARTITION BY o_w_id, o_d_id) AS mean_revenue, STDDEV_SAMP(revenue) OVER (PARTITION BY o_w_id, o_d_id) AS sd_revenue FROM daily ) SELECT *, (revenue - mean_revenue) / NULLIF(sd_revenue, 0) AS z_score FROM stats WHERE ABS((revenue - mean_revenue) / NULLIF(sd_revenue, 0)) > 2.5 ORDER BY ABS((revenue - mean_revenue) / NULLIF(sd_revenue, 0)) DESC",724,1,2,2,True,True,False,2,2,9,3,1,0,0,0,0,58654.08,58708.58,21801.0,172,1023924.0,489.447,11,10,2,Sort,2,0,0,0,1,0,0,2,2,100429,0,8190,8211,720000.0,600000.0,96862208,24797184,2,0.036335
control_ch_order_gaps,"WITH timeline AS ( SELECT c.c_w_id, c.c_d_id, c.c_id, o.o_id, o.o_entry_d, LAG(o.o_entry_d) OVER ( PARTITION BY c.c_w_id, c.c_d_id, c.c_id ORDER BY o.o_entry_d ) AS previous_order FROM chbenchmark.customer c JOIN chbenchmark.oorder o ON o.o_w_id = c.c_w_id AND o.o_d_id = c.c_d_id AND o.o_c_id = c.c_id WHERE c.c_state = 'OH' ) SELECT * FROM timeline WHERE o_entry_d - previous_order > INTERVAL '90 days' ORDER BY o_entry_d - previous_order DESC LIMIT 300",455,1,2,1,False,True,False,2,2,7,1,1,0,0,0,0,9909.61,9910.36,300.0,48,218878.0,116.385,9,8,2,Limit,2,0,0,0,1,0,0,2,0,29091,0,0,0,240000.0,120000.0,39739392,8896512,2,0.0025
control_ch_order_gaps,"WITH timeline AS ( SELECT c.c_w_id, c.c_d_id, c.c_id, o.o_id, o.o_entry_d, LAG(o.o_entry_d) OVER ( PARTITION BY c.c_w_id, c.c_d_id, c.c_id ORDER BY o.o_entry_d ) AS previous_order FROM chbenchmark.customer c JOIN chbenchmark.oorder o ON o.o_w_id = c.c_w_id AND o.o_d_id = c.c_d_id AND o.o_c_id = c.c_id WHERE c.c_state = 'OH' ) SELECT * FROM timeline WHERE o_entry_d - previous_order > INTERVAL '90 days' ORDER BY o_entry_d - previous_order DESC LIMIT 300",455,1,2,1,False,True,False,2,2,7,1,1,0,0,0,0,9909.61,9910.36,300.0,48,218878.0,107.05,9,8,2,Limit,2,0,0,0,1,0,0,2,0,29091,0,0,0,240000.0,120000.0,39739392,8896512,2,0.0025
control_ch_stockout_risk,"WITH demand AS ( SELECT ol.ol_i_id, SUM(ol.ol_quantity)::numeric / 60 AS daily_units FROM chbenchmark.order_line ol JOIN chbenchmark.oorder o ON o.o_w_id = ol.ol_w_id AND o.o_d_id = ol.ol_d_id AND o.o_id = ol.ol_o_id WHERE ol.ol_w_id = 3 AND o.o_entry_d >= timestamp '2025-12-31' - INTERVAL '60 days' GROUP BY ol.ol_i_id ) SELECT s.s_i_id, s.s_quantity, d.daily_units, s.s_quantity / NULLIF(d.daily_units, 0) AS days_of_supply FROM chbenchmark.stock s JOIN demand d ON d.ol_i_id = s.s_i_id WHERE s.s_w_id = 3 AND s.s_quantity / NULLIF(d.daily_units, 0) < 21 ORDER BY days_of_supply LIMIT 300",591,2,4,1,True,True,False,3,3,6,1,2,0,0,0,0,17971.94,17972.69,300.0,72,200123.0,90.731,15,12,3,Limit,1,0,0,2,2,0,0,1,2,116452,0,0,0,840000.0,600000.0,109740032,27500544,3,0.0005
control_ch_stockout_risk,"WITH demand AS ( SELECT ol.ol_i_id, SUM(ol.ol_quantity)::numeric / 60 AS daily_units FROM chbenchmark.order_line ol JOIN chbenchmark.oorder o ON o.o_w_id = ol.ol_w_id AND o.o_d_id = ol.ol_d_id AND o.o_id = ol.ol_o_id WHERE ol.ol_w_id = 3 AND o.o_entry_d >= timestamp '2025-12-31' - INTERVAL '60 days' GROUP BY ol.ol_i_id ) SELECT s.s_i_id, s.s_quantity, d.daily_units, s.s_quantity / NULLIF(d.daily_units, 0) AS days_of_supply FROM chbenchmark.stock s JOIN demand d ON d.ol_i_id = s.s_i_id WHERE s.s_w_id = 3 AND s.s_quantity / NULLIF(d.daily_units, 0) < 21 ORDER BY days_of_supply LIMIT 300",591,2,4,1,True,True,False,3,3,6,1,2,0,0,0,0,17971.94,17972.69,300.0,72,200123.0,119.322,15,12,3,Limit,1,0,0,2,2,0,0,1,2,116452,0,0,0,840000.0,600000.0,109740032,27500544,3,0.0005
control_ch_warehouse_reconciliation,"WITH ordered AS ( SELECT ol.ol_i_id, SUM(ol.ol_quantity) AS sold_units FROM chbenchmark.order_line ol WHERE ol.ol_w_id = 3 GROUP BY ol.ol_i_id ), stock_activity AS ( SELECT s.s_i_id, s.s_quantity, s.s_ytd, s.s_order_cnt FROM chbenchmark.stock s WHERE s.s_w_id = 3 ) SELECT sa.s_i_id, sa.s_quantity, sa.s_ytd, sa.s_order_cnt, o.sold_units, o.sold_units - sa.s_ytd AS quantity_difference FROM stock_activity sa JOIN ordered o ON o.ol_i_id = sa.s_i_id WHERE ABS(o.sold_units - sa.s_ytd) > 100 ORDER BY ABS(o.sold_units - sa.s_ytd) DESC LIMIT 300",542,1,3,2,True,True,False,2,2,12,1,1,0,0,0,0,17953.93,17954.68,300.0,114,469113.0,214.781,10,8,2,Limit,0,0,0,2,1,0,0,1,1,61800,0,306,720,720000.0,600000.0,97607680,23306240,2,0.0005
control_ch_warehouse_reconciliation,"WITH ordered AS ( SELECT ol.ol_i_id, SUM(ol.ol_quantity) AS sold_units FROM chbenchmark.order_line ol WHERE ol.ol_w_id = 3 GROUP BY ol.ol_i_id ), stock_activity AS ( SELECT s.s_i_id, s.s_quantity, s.s_ytd, s.s_order_cnt FROM chbenchmark.stock s WHERE s.s_w_id = 3 ) SELECT sa.s_i_id, sa.s_quantity, sa.s_ytd, sa.s_order_cnt, o.sold_units, o.sold_units - sa.s_ytd AS quantity_difference FROM stock_activity sa JOIN ordered o ON o.ol_i_id = sa.s_i_id WHERE ABS(o.sold_units - sa.s_ytd) > 100 ORDER BY ABS(o.sold_units - sa.s_ytd) DESC LIMIT 300",542,1,3,2,True,True,False,2,2,12,1,1,0,0,0,0,17953.93,17954.68,300.0,114,469113.0,254.694,10,8,2,Limit,0,0,0,2,1,0,0,1,1,61800,0,306,720,720000.0,600000.0,97607680,23306240,2,0.0005
