template_id,sql_text,query_length,join_count,where_condition_count,subquery_count,has_group_by,has_order_by,has_distinct,table_reference_count,unique_table_count,select_expression_count,aggregate_function_count,inner_join_count,left_join_count,right_join_count,full_join_count,cross_join_count,estimated_startup_cost,estimated_total_cost,estimated_plan_rows,estimated_plan_width,estimated_rows_all_nodes,actual_total_time_ms,node_count,max_plan_depth,relation_count,root_node_type,seq_scan_count,index_scan_count,index_only_scan_count,bitmap_heap_scan_count,hash_join_count,merge_join_count,nested_loop_count,sort_node_count,aggregate_node_count,shared_hit_blocks,shared_read_blocks,temp_read_blocks,temp_written_blocks,relation_row_estimate_sum,largest_relation_rows,relation_size_bytes,index_size_bytes,existing_index_count,estimated_selectivity
control_logistics_latest_tracking_event,"SELECT DISTINCT ON (shipment_id) shipment_id, event_type, event_time, facility_id FROM logistics.tracking_events WHERE facility_id = 17 ORDER BY shipment_id, event_time DESC",173,0,1,0,False,True,True,1,1,4,0,0,0,0,0,0,17878.16,20777.97,22862.0,29,67549.0,102.314,4,4,1,Unique,1,0,0,0,0,0,0,1,0,32082,17372,0,0,750000.0,750000.0,124403712,23609344,1,0.03048266666666667
control_logistics_latest_tracking_event,"SELECT DISTINCT ON (shipment_id) shipment_id, event_type, event_time, facility_id FROM logistics.tracking_events WHERE facility_id = 17 ORDER BY shipment_id, event_time DESC",173,0,1,0,False,True,True,1,1,4,0,0,0,0,0,0,17878.16,20777.97,22862.0,29,67549.0,96.577,4,4,1,Unique,1,0,0,0,0,0,0,1,0,32466,16988,0,0,750000.0,750000.0,124403712,23609344,1,0.03048266666666667
control_logistics_order_reconciliation,"SELECT po.purchase_order_id, po.total_value, SUM(pol.ordered_quantity * pol.unit_cost) AS line_value, po.total_value - SUM(pol.ordered_quantity * pol.unit_cost) AS difference FROM logistics.purchase_orders po JOIN logistics.purchase_order_lines pol USING (purchase_order_id) GROUP BY po.purchase_order_id HAVING ABS(po.total_value - SUM(pol.ordered_quantity * pol.unit_cost)) > 100 ORDER BY ABS(po.total_value - SUM(pol.ordered_quantity * pol.unit_cost)) DESC LIMIT 250",469,1,0,0,True,True,False,2,2,4,4,1,0,0,0,0,53957.6,53958.23,250.0,111,1160250.0,1573.56,6,5,2,Limit,0,2,0,0,0,1,0,1,1,2380041,42445,0,0,600000.0,480000.0,69771264,25427968,2,0.0005208333333333333
control_logistics_order_reconciliation,"SELECT po.purchase_order_id, po.total_value, SUM(pol.ordered_quantity * pol.unit_cost) AS line_value, po.total_value - SUM(pol.ordered_quantity * pol.unit_cost) AS difference FROM logistics.purchase_orders po JOIN logistics.purchase_order_lines pol USING (purchase_order_id) GROUP BY po.purchase_order_id HAVING ABS(po.total_value - SUM(pol.ordered_quantity * pol.unit_cost)) > 100 ORDER BY ABS(po.total_value - SUM(pol.ordered_quantity * pol.unit_cost)) DESC LIMIT 250",469,1,0,0,True,True,False,2,2,4,4,1,0,0,0,0,53957.6,53958.23,250.0,111,1160250.0,1278.244,6,5,2,Limit,0,2,0,0,0,1,0,1,1,2422480,0,0,0,600000.0,480000.0,69771264,25427968,2,0.0005208333333333333
control_logistics_item_velocity_class,"WITH velocity AS ( SELECT item_id, SUM(ABS(quantity_delta)) AS moved_units FROM logistics.stock_movements WHERE facility_id = 7 GROUP BY item_id ), classified AS ( SELECT *, NTILE(3) OVER (ORDER BY moved_units DESC) AS velocity_class FROM velocity ) SELECT velocity_class, COUNT(*) AS items, SUM(moved_units) AS units, AVG(moved_units) AS avg_units FROM classified GROUP BY velocity_class ORDER BY velocity_class",412,0,1,2,True,True,False,1,1,8,5,0,0,0,0,0,8166.41,8166.91,200.0,76,50744.0,48.485,9,9,1,Sort,1,0,0,0,0,0,0,2,3,32538,0,0,0,300000.0,300000.0,36405248,6758400,1,0.0006666666666666666
control_logistics_item_velocity_class,"WITH velocity AS ( SELECT item_id, SUM(ABS(quantity_delta)) AS moved_units FROM logistics.stock_movements WHERE facility_id = 7 GROUP BY item_id ), classified AS ( SELECT *, NTILE(3) OVER (ORDER BY moved_units DESC) AS velocity_class FROM velocity ) SELECT velocity_class, COUNT(*) AS items, SUM(moved_units) AS units, AVG(moved_units) AS avg_units FROM classified GROUP BY velocity_class ORDER BY velocity_class",412,0,1,2,True,True,False,1,1,8,5,0,0,0,0,0,8166.41,8166.91,200.0,76,50744.0,41.731,9,9,1,Sort,1,0,0,0,0,0,0,2,3,32535,0,0,0,300000.0,300000.0,36405248,6758400,1,0.0006666666666666666
control_logistics_supplier_concentration,"WITH supplier_value AS ( SELECT supplier_id, SUM(total_value)::numeric AS supplied_value FROM logistics.purchase_orders WHERE destination_facility_id = 28 GROUP BY supplier_id ), shares AS ( SELECT *, supplied_value / SUM(supplied_value) OVER () AS share FROM supplier_value ) SELECT SUM(share * share) AS hhi, COUNT(*) AS suppliers, MAX(share) AS largest_supplier_share FROM shares",382,0,1,2,True,False,False,1,1,7,5,0,0,0,0,0,3082.01,3082.02,1.0,72,12122.0,21.413,5,5,1,Aggregate,1,0,0,0,0,0,0,0,2,7025,0,0,0,120000.0,120000.0,14245888,2703360,1,8.333333333333334e-06
control_logistics_supplier_concentration,"WITH supplier_value AS ( SELECT supplier_id, SUM(total_value)::numeric AS supplied_value FROM logistics.purchase_orders WHERE destination_facility_id = 28 GROUP BY supplier_id ), shares AS ( SELECT *, supplied_value / SUM(supplied_value) OVER () AS share FROM supplier_value ) SELECT SUM(share * share) AS hhi, COUNT(*) AS suppliers, MAX(share) AS largest_supplier_share FROM shares",382,0,1,2,True,False,False,1,1,7,5,0,0,0,0,0,3082.01,3082.02,1.0,72,12122.0,25.056,5,5,1,Aggregate,1,0,0,0,0,0,0,0,2,7025,0,0,0,120000.0,120000.0,14245888,2703360,1,8.333333333333334e-06
control_logistics_lane_performance,"SELECT origin_facility_id, destination_facility_id, COUNT(*) AS shipments, AVG(shipping_cost) AS avg_cost, AVG(delivered_at - shipped_at) AS avg_transit FROM logistics.shipments WHERE shipment_status = 'picked_up' GROUP BY origin_facility_id, destination_facility_id HAVING COUNT(*) >= 20 ORDER BY shipments DESC",312,0,1,0,True,True,False,1,1,5,4,0,0,0,0,0,4602.89,4603.64,300.0,64,31320.0,65.859,3,3,1,Sort,1,0,0,0,0,0,0,1,1,0,6717,0,0,150000.0,150000.0,27877376,9502720,2,0.002
control_logistics_lane_performance,"SELECT origin_facility_id, destination_facility_id, COUNT(*) AS shipments, AVG(shipping_cost) AS avg_cost, AVG(delivered_at - shipped_at) AS avg_transit FROM logistics.shipments WHERE shipment_status = 'picked_up' GROUP BY origin_facility_id, destination_facility_id HAVING COUNT(*) >= 20 ORDER BY shipments DESC",312,0,1,0,True,True,False,1,1,5,4,0,0,0,0,0,4602.89,4603.64,300.0,64,31320.0,55.213,3,3,1,Sort,1,0,0,0,0,0,0,1,1,6717,0,0,0,150000.0,150000.0,27877376,9502720,2,0.002
control_logistics_tracking_gaps,"WITH timeline AS ( SELECT shipment_id, event_type, event_time, LAG(event_time) OVER (PARTITION BY shipment_id ORDER BY event_time) AS prior_event FROM logistics.tracking_events ) SELECT shipment_id, event_type, event_time, event_time - prior_event AS event_gap FROM timeline WHERE event_type = 'departed' AND event_time - prior_event > INTERVAL '36 hours' ORDER BY event_gap DESC LIMIT 300",389,0,2,1,False,True,False,1,1,8,1,0,0,0,0,0,141089.07,141089.82,300.0,41,2334034.0,2064.507,6,6,1,Limit,1,0,0,0,0,0,0,2,0,5170,68616,16485,16545,750000.0,750000.0,124403712,23609344,1,0.0004
control_logistics_tracking_gaps,"WITH timeline AS ( SELECT shipment_id, event_type, event_time, LAG(event_time) OVER (PARTITION BY shipment_id ORDER BY event_time) AS prior_event FROM logistics.tracking_events ) SELECT shipment_id, event_type, event_time, event_time - prior_event AS event_gap FROM timeline WHERE event_type = 'departed' AND event_time - prior_event > INTERVAL '36 hours' ORDER BY event_gap DESC LIMIT 300",389,0,2,1,False,True,False,1,1,8,1,0,0,0,0,0,141089.07,141089.82,300.0,41,2334034.0,1963.781,6,6,1,Limit,1,0,0,0,0,0,0,2,0,5352,68424,16485,16545,750000.0,750000.0,124403712,23609344,1,0.0004
control_logistics_inventory_balance,"WITH balance AS ( SELECT sm.facility_id, sm.item_id, SUM(sm.quantity_delta) AS on_hand FROM logistics.stock_movements sm JOIN logistics.items i USING (item_id) WHERE i.item_class = 'standard' GROUP BY sm.facility_id, sm.item_id ) SELECT facility_id, COUNT(*) FILTER (WHERE on_hand < 0) AS negative_items, SUM(on_hand) AS net_units, AVG(on_hand) AS avg_units FROM balance GROUP BY facility_id ORDER BY negative_items DESC",420,1,2,1,True,True,False,2,2,7,4,1,0,0,0,0,9448.31,9448.81,200.0,76,415400.0,182.724,7,6,2,Sort,2,0,0,0,1,0,0,1,2,19635,0,0,0,320000.0,300000.0,39690240,7872512,3,0.0006666666666666666
control_logistics_inventory_balance,"WITH balance AS ( SELECT sm.facility_id, sm.item_id, SUM(sm.quantity_delta) AS on_hand FROM logistics.stock_movements sm JOIN logistics.items i USING (item_id) WHERE i.item_class = 'standard' GROUP BY sm.facility_id, sm.item_id ) SELECT facility_id, COUNT(*) FILTER (WHERE on_hand < 0) AS negative_items, SUM(on_hand) AS net_units, AVG(on_hand) AS avg_units FROM balance GROUP BY facility_id ORDER BY negative_items DESC",420,1,2,1,True,True,False,2,2,7,4,1,0,0,0,0,9448.31,9448.81,200.0,76,415400.0,186.696,7,6,2,Sort,2,0,0,0,1,0,0,1,2,19635,0,0,0,320000.0,300000.0,39690240,7872512,3,0.0006666666666666666
control_logistics_stockout_risk,"WITH balances AS ( SELECT facility_id, item_id, SUM(quantity_delta) AS on_hand FROM logistics.stock_movements GROUP BY facility_id, item_id ), demand AS ( SELECT facility_id, item_id, -SUM(quantity_delta) FILTER (WHERE quantity_delta < 0)::numeric / 30 AS daily_demand FROM logistics.stock_movements WHERE occurred_at >= timestamptz '2025-12-31 00:00:00+00' - INTERVAL '30 days' GROUP BY facility_id, item_id ) SELECT b.facility_id, b.item_id, b.on_hand, d.daily_demand, b.on_hand / NULLIF(d.daily_demand, 0) AS days_supply FROM balances b JOIN demand d USING (facility_id, item_id) WHERE b.on_hand / NULLIF(d.daily_demand, 0) < 14 ORDER BY days_supply LIMIT 300",662,1,3,2,True,True,False,2,1,11,2,1,0,0,0,0,17055.84,17056.59,300.0,84,370451.0,419.752,11,9,1,Limit,2,0,0,0,1,0,0,1,3,50610,0,0,0,300000.0,300000.0,36405248,6758400,1,0.001
control_logistics_stockout_risk,"WITH balances AS ( SELECT facility_id, item_id, SUM(quantity_delta) AS on_hand FROM logistics.stock_movements GROUP BY facility_id, item_id ), demand AS ( SELECT facility_id, item_id, -SUM(quantity_delta) FILTER (WHERE quantity_delta < 0)::numeric / 30 AS daily_demand FROM logistics.stock_movements WHERE occurred_at >= timestamptz '2025-12-31 00:00:00+00' - INTERVAL '30 days' GROUP BY facility_id, item_id ) SELECT b.facility_id, b.item_id, b.on_hand, d.daily_demand, b.on_hand / NULLIF(d.daily_demand, 0) AS days_supply FROM balances b JOIN demand d USING (facility_id, item_id) WHERE b.on_hand / NULLIF(d.daily_demand, 0) < 14 ORDER BY days_supply LIMIT 300",662,1,3,2,True,True,False,2,1,11,2,1,0,0,0,0,17055.84,17056.59,300.0,84,370451.0,424.714,11,9,1,Limit,2,0,0,0,1,0,0,1,3,50610,0,0,0,300000.0,300000.0,36405248,6758400,1,0.001
control_logistics_shipment_value_density,"SELECT sh.shipment_id, SUM(si.quantity * i.unit_value) AS cargo_value, SUM(si.quantity * i.unit_weight_kg) AS cargo_weight, SUM(si.quantity * i.unit_value) / NULLIF(SUM(si.quantity * i.unit_weight_kg), 0) AS value_per_kg FROM logistics.shipments sh JOIN logistics.shipment_items si USING (shipment_id) JOIN logistics.items i USING (item_id) WHERE i.item_class = 'hazardous' GROUP BY sh.shipment_id ORDER BY value_per_kg DESC LIMIT 250",434,2,1,0,True,True,False,3,3,4,4,2,0,0,0,0,33576.12,33576.74,250.0,104,1210250.0,1210.814,10,7,3,Limit,3,0,0,0,2,0,0,1,1,15254,19854,2202,4674,620000.0,450000.0,77217792,29532160,5,0.0005555555555555556
control_logistics_shipment_value_density,"SELECT sh.shipment_id, SUM(si.quantity * i.unit_value) AS cargo_value, SUM(si.quantity * i.unit_weight_kg) AS cargo_weight, SUM(si.quantity * i.unit_value) / NULLIF(SUM(si.quantity * i.unit_weight_kg), 0) AS value_per_kg FROM logistics.shipments sh JOIN logistics.shipment_items si USING (shipment_id) JOIN logistics.items i USING (item_id) WHERE i.item_class = 'hazardous' GROUP BY sh.shipment_id ORDER BY value_per_kg DESC LIMIT 250",434,2,1,0,True,True,False,3,3,4,4,2,0,0,0,0,33576.12,33576.74,250.0,104,1210250.0,1153.409,10,7,3,Limit,3,0,0,0,2,0,0,1,1,34658,450,2202,4674,620000.0,450000.0,77217792,29532160,5,0.0005555555555555556
control_logistics_delivery_percentiles,"SELECT c.service_level, percentile_cont(0.5) WITHIN GROUP (ORDER BY sh.delivered_at - sh.shipped_at) AS p50, percentile_cont(0.9) WITHIN GROUP (ORDER BY sh.delivered_at - sh.shipped_at) AS p90, percentile_cont(0.99) WITHIN GROUP (ORDER BY sh.delivered_at - sh.shipped_at) AS p99 FROM logistics.shipments sh JOIN logistics.carriers c USING (carrier_id) WHERE c.service_level = 'economy' AND sh.delivered_at IS NOT NULL GROUP BY c.service_level",442,1,2,0,True,True,False,2,2,4,3,1,0,0,0,0,1.32,3880.69,1.0,56,38987.0,52.831,5,4,2,Aggregate,2,0,0,0,1,0,0,0,1,6725,0,0,0,150020.0,150000.0,27926528,9535488,4,6.666666666666667e-06
control_logistics_delivery_percentiles,"SELECT c.service_level, percentile_cont(0.5) WITHIN GROUP (ORDER BY sh.delivered_at - sh.shipped_at) AS p50, percentile_cont(0.9) WITHIN GROUP (ORDER BY sh.delivered_at - sh.shipped_at) AS p90, percentile_cont(0.99) WITHIN GROUP (ORDER BY sh.delivered_at - sh.shipped_at) AS p99 FROM logistics.shipments sh JOIN logistics.carriers c USING (carrier_id) WHERE c.service_level = 'economy' AND sh.delivered_at IS NOT NULL GROUP BY c.service_level",442,1,2,0,True,True,False,2,2,4,3,1,0,0,0,0,1.32,3880.69,1.0,56,38987.0,46.156,5,4,2,Aggregate,2,0,0,0,1,0,0,0,1,6721,0,0,0,150020.0,150000.0,27926528,9535488,4,6.666666666666667e-06
control_logistics_lead_time_outliers,"WITH bounds AS ( SELECT percentile_cont(0.25) WITHIN GROUP (ORDER BY expected_at - ordered_at) AS q1, percentile_cont(0.75) WITHIN GROUP (ORDER BY expected_at - ordered_at) AS q3 FROM logistics.purchase_orders WHERE priority = 'critical' ) SELECT po.purchase_order_id, po.supplier_id, po.expected_at - po.ordered_at AS planned_lead_time FROM logistics.purchase_orders po CROSS JOIN bounds b WHERE po.priority = 'critical' AND po.expected_at - po.ordered_at > b.q3 + 1.5 * (b.q3 - b.q1) ORDER BY planned_lead_time DESC LIMIT 250",527,1,3,1,False,True,False,2,1,5,2,0,0,0,0,1,7119.38,7120.0,250.0,32,80933.0,83.88,6,5,1,Limit,2,0,0,0,0,0,1,1,1,12645,0,0,0,120000.0,120000.0,14245888,2703360,1,0.0020833333333333333
control_logistics_lead_time_outliers,"WITH bounds AS ( SELECT percentile_cont(0.25) WITHIN GROUP (ORDER BY expected_at - ordered_at) AS q1, percentile_cont(0.75) WITHIN GROUP (ORDER BY expected_at - ordered_at) AS q3 FROM logistics.purchase_orders WHERE priority = 'critical' ) SELECT po.purchase_order_id, po.supplier_id, po.expected_at - po.ordered_at AS planned_lead_time FROM logistics.purchase_orders po CROSS JOIN bounds b WHERE po.priority = 'critical' AND po.expected_at - po.ordered_at > b.q3 + 1.5 * (b.q3 - b.q1) ORDER BY planned_lead_time DESC LIMIT 250",527,1,3,1,False,True,False,2,1,5,2,0,0,0,0,1,7119.38,7120.0,250.0,32,80933.0,95.769,6,5,1,Limit,2,0,0,0,0,0,1,1,1,12645,0,0,0,120000.0,120000.0,14245888,2703360,1,0.0020833333333333333
control_logistics_supplier_otif,"SELECT s.supplier_id, s.supplier_name, COUNT(po.purchase_order_id) AS orders, COUNT(*) FILTER (WHERE po.order_status = 'received' AND sh.delivered_at <= po.expected_at) AS on_time_in_full, AVG(EXTRACT(EPOCH FROM (sh.delivered_at - po.ordered_at)) / 3600) AS lead_hours FROM logistics.suppliers s JOIN logistics.purchase_orders po USING (supplier_id) LEFT JOIN logistics.shipments sh USING (purchase_order_id) WHERE s.country_code = 'BY' GROUP BY s.supplier_id HAVING COUNT(po.purchase_order_id) >= 3 ORDER BY on_time_in_full DESC, lead_hours LIMIT 200",551,2,3,0,True,True,False,3,3,5,4,1,1,0,0,0,7418.13,7418.63,200.0,69,191241.0,130.217,13,11,3,Limit,3,0,0,0,2,0,0,2,2,32485,462,0,0,275000.0,150000.0,42639360,12337152,4,0.0013333333333333333
control_logistics_supplier_otif,"SELECT s.supplier_id, s.supplier_name, COUNT(po.purchase_order_id) AS orders, COUNT(*) FILTER (WHERE po.order_status = 'received' AND sh.delivered_at <= po.expected_at) AS on_time_in_full, AVG(EXTRACT(EPOCH FROM (sh.delivered_at - po.ordered_at)) / 3600) AS lead_hours FROM logistics.suppliers s JOIN logistics.purchase_orders po USING (supplier_id) LEFT JOIN logistics.shipments sh USING (purchase_order_id) WHERE s.country_code = 'BY' GROUP BY s.supplier_id HAVING COUNT(po.purchase_order_id) >= 3 ORDER BY on_time_in_full DESC, lead_hours LIMIT 200",551,2,3,0,True,True,False,3,3,5,4,1,1,0,0,0,7418.13,7418.63,200.0,69,191241.0,181.038,13,11,3,Limit,3,0,0,0,2,0,0,2,2,32947,0,0,0,275000.0,150000.0,42639360,12337152,4,0.0013333333333333333
control_logistics_exception_funnel,"WITH cohort AS ( SELECT shipment_id FROM logistics.shipments WHERE shipped_at >= DATE '2025-06-16' - INTERVAL '90 days' AND shipped_at < DATE '2025-06-16' + INTERVAL '90 days' ) SELECT COUNT(DISTINCT c.shipment_id) AS shipments, COUNT(DISTINCT c.shipment_id) FILTER (WHERE e.event_type = 'departed') AS departed, COUNT(DISTINCT c.shipment_id) FILTER (WHERE e.event_type = 'customs') AS customs, COUNT(DISTINCT c.shipment_id) FILTER (WHERE e.event_type = 'exception') AS exceptions, COUNT(DISTINCT c.shipment_id) FILTER (WHERE e.event_type = 'delivered') AS delivered FROM cohort c LEFT JOIN logistics.tracking_events e USING (shipment_id)",638,1,6,1,False,False,False,2,2,6,5,0,1,0,0,0,37772.1,37772.11,1.0,40,516148.0,301.749,7,6,2,Aggregate,2,0,0,0,1,0,0,1,1,14048,61480,0,0,900000.0,750000.0,152281088,33112064,3,1.3333333333333334e-06
control_logistics_exception_funnel,"WITH cohort AS ( SELECT shipment_id FROM logistics.shipments WHERE shipped_at >= DATE '2025-06-16' - INTERVAL '90 days' AND shipped_at < DATE '2025-06-16' + INTERVAL '90 days' ) SELECT COUNT(DISTINCT c.shipment_id) AS shipments, COUNT(DISTINCT c.shipment_id) FILTER (WHERE e.event_type = 'departed') AS departed, COUNT(DISTINCT c.shipment_id) FILTER (WHERE e.event_type = 'customs') AS customs, COUNT(DISTINCT c.shipment_id) FILTER (WHERE e.event_type = 'exception') AS exceptions, COUNT(DISTINCT c.shipment_id) FILTER (WHERE e.event_type = 'delivered') AS delivered FROM cohort c LEFT JOIN logistics.tracking_events e USING (shipment_id)",638,1,6,1,False,False,False,2,2,6,5,0,1,0,0,0,37772.1,37772.11,1.0,40,516148.0,313.155,7,6,2,Aggregate,2,0,0,0,1,0,0,1,1,14528,61000,0,0,900000.0,750000.0,152281088,33112064,3,1.3333333333333334e-06
control_logistics_facility_throughput,"WITH daily AS ( SELECT occurred_at::date AS day, SUM(ABS(quantity_delta)) AS moved_units, COUNT(*) AS movements FROM logistics.stock_movements WHERE facility_id = 29 GROUP BY occurred_at::date ) SELECT day, moved_units, movements, SUM(moved_units) OVER (ORDER BY day ROWS BETWEEN 6 PRECEDING AND CURRENT ROW) AS rolling_units, AVG(movements) OVER (ORDER BY day ROWS BETWEEN 6 PRECEDING AND CURRENT ROW) AS rolling_events FROM daily ORDER BY day",444,0,1,1,True,True,False,1,1,8,4,0,0,0,0,0,6443.86,7898.06,10180.0,84,41570.0,87.289,6,6,1,WindowAgg,1,0,0,0,0,0,0,1,2,22060,0,0,0,300000.0,300000.0,36405248,6758400,1,0.033933333333333336
control_logistics_facility_throughput,"WITH daily AS ( SELECT occurred_at::date AS day, SUM(ABS(quantity_delta)) AS moved_units, COUNT(*) AS movements FROM logistics.stock_movements WHERE facility_id = 29 GROUP BY occurred_at::date ) SELECT day, moved_units, movements, SUM(moved_units) OVER (ORDER BY day ROWS BETWEEN 6 PRECEDING AND CURRENT ROW) AS rolling_units, AVG(movements) OVER (ORDER BY day ROWS BETWEEN 6 PRECEDING AND CURRENT ROW) AS rolling_events FROM daily ORDER BY day",444,0,1,1,True,True,False,1,1,8,4,0,0,0,0,0,6443.86,7898.06,10180.0,84,41570.0,97.061,6,6,1,WindowAgg,1,0,0,0,0,0,0,1,2,22060,0,0,0,300000.0,300000.0,36405248,6758400,1,0.033933333333333336
control_logistics_carrier_efficiency,"SELECT c.carrier_id, c.carrier_name, COUNT(*) AS shipments, AVG(sh.shipping_cost) AS avg_cost, AVG(EXTRACT(EPOCH FROM (sh.delivered_at - sh.shipped_at)) / 3600) AS avg_hours, COUNT(*) FILTER (WHERE sh.delivered_at > sh.promised_at)::numeric / COUNT(*) AS late_rate FROM logistics.carriers c JOIN logistics.shipments sh USING (carrier_id) WHERE sh.shipped_at >= DATE '2023-06-04' - INTERVAL '180 days' AND sh.delivered_at IS NOT NULL GROUP BY c.carrier_id ORDER BY late_rate, avg_cost",483,1,3,0,True,True,False,2,2,6,5,1,0,0,0,0,4712.29,4712.34,20.0,118,28536.0,101.862,9,8,2,Sort,2,0,0,0,1,0,0,2,2,15735,0,0,0,150020.0,150000.0,27926528,9535488,4,0.00013333333333333334
control_logistics_carrier_efficiency,"SELECT c.carrier_id, c.carrier_name, COUNT(*) AS shipments, AVG(sh.shipping_cost) AS avg_cost, AVG(EXTRACT(EPOCH FROM (sh.delivered_at - sh.shipped_at)) / 3600) AS avg_hours, COUNT(*) FILTER (WHERE sh.delivered_at > sh.promised_at)::numeric / COUNT(*) AS late_rate FROM logistics.carriers c JOIN logistics.shipments sh USING (carrier_id) WHERE sh.shipped_at >= DATE '2023-06-04' - INTERVAL '180 days' AND sh.delivered_at IS NOT NULL GROUP BY c.carrier_id ORDER BY late_rate, avg_cost",483,1,3,0,True,True,False,2,2,6,5,1,0,0,0,0,4712.29,4712.34,20.0,118,28536.0,124.442,9,8,2,Sort,2,0,0,0,1,0,0,2,2,15735,0,0,0,150020.0,150000.0,27926528,9535488,4,0.00013333333333333334
control_logistics_latest_tracking_event,"SELECT DISTINCT ON (shipment_id) shipment_id, event_type, event_time, facility_id FROM logistics.tracking_events WHERE facility_id = 28 ORDER BY shipment_id, event_time DESC",173,0,1,0,False,True,True,1,1,4,0,0,0,0,0,0,17908.16,20923.96,23715.0,29,70189.0,131.939,4,4,1,Unique,1,0,0,0,0,0,0,1,0,1038,48416,0,0,750000.0,750000.0,124403712,23609344,1,0.03162
control_logistics_latest_tracking_event,"SELECT DISTINCT ON (shipment_id) shipment_id, event_type, event_time, facility_id FROM logistics.tracking_events WHERE facility_id = 28 ORDER BY shipment_id, event_time DESC",173,0,1,0,False,True,True,1,1,4,0,0,0,0,0,0,17908.16,20923.96,23715.0,29,70189.0,124.558,4,4,1,Unique,1,0,0,0,0,0,0,1,0,1422,48032,0,0,750000.0,750000.0,124403712,23609344,1,0.03162
control_logistics_carrier_efficiency,"SELECT c.carrier_id, c.carrier_name, COUNT(*) AS shipments, AVG(sh.shipping_cost) AS avg_cost, AVG(EXTRACT(EPOCH FROM (sh.delivered_at - sh.shipped_at)) / 3600) AS avg_hours, COUNT(*) FILTER (WHERE sh.delivered_at > sh.promised_at)::numeric / COUNT(*) AS late_rate FROM logistics.carriers c JOIN logistics.shipments sh USING (carrier_id) WHERE sh.shipped_at >= DATE '2024-03-05' - INTERVAL '180 days' AND sh.delivered_at IS NOT NULL GROUP BY c.carrier_id ORDER BY late_rate, avg_cost",483,1,3,0,True,True,False,2,2,6,5,1,0,0,0,0,4595.01,4595.06,20.0,118,37358.0,85.081,6,5,2,Sort,2,0,0,0,1,0,0,1,1,8961,0,0,0,150020.0,150000.0,27926528,9535488,4,0.00013333333333333334
control_logistics_carrier_efficiency,"SELECT c.carrier_id, c.carrier_name, COUNT(*) AS shipments, AVG(sh.shipping_cost) AS avg_cost, AVG(EXTRACT(EPOCH FROM (sh.delivered_at - sh.shipped_at)) / 3600) AS avg_hours, COUNT(*) FILTER (WHERE sh.delivered_at > sh.promised_at)::numeric / COUNT(*) AS late_rate FROM logistics.carriers c JOIN logistics.shipments sh USING (carrier_id) WHERE sh.shipped_at >= DATE '2024-03-05' - INTERVAL '180 days' AND sh.delivered_at IS NOT NULL GROUP BY c.carrier_id ORDER BY late_rate, avg_cost",483,1,3,0,True,True,False,2,2,6,5,1,0,0,0,0,4595.01,4595.06,20.0,118,37358.0,69.783,6,5,2,Sort,2,0,0,0,1,0,0,1,1,8961,0,0,0,150020.0,150000.0,27926528,9535488,4,0.00013333333333333334
control_logistics_lane_performance,"SELECT origin_facility_id, destination_facility_id, COUNT(*) AS shipments, AVG(shipping_cost) AS avg_cost, AVG(delivered_at - shipped_at) AS avg_transit FROM logistics.shipments WHERE shipment_status = 'delivered' GROUP BY origin_facility_id, destination_facility_id HAVING COUNT(*) >= 20 ORDER BY shipments DESC",312,0,1,0,True,True,False,1,1,5,4,0,0,0,0,0,4591.79,4592.54,300.0,64,30580.0,54.097,3,3,1,Sort,1,0,0,0,0,0,0,1,1,6717,0,0,0,150000.0,150000.0,27877376,9502720,2,0.002
control_logistics_lane_performance,"SELECT origin_facility_id, destination_facility_id, COUNT(*) AS shipments, AVG(shipping_cost) AS avg_cost, AVG(delivered_at - shipped_at) AS avg_transit FROM logistics.shipments WHERE shipment_status = 'delivered' GROUP BY origin_facility_id, destination_facility_id HAVING COUNT(*) >= 20 ORDER BY shipments DESC",312,0,1,0,True,True,False,1,1,5,4,0,0,0,0,0,4591.79,4592.54,300.0,64,30580.0,50.138,3,3,1,Sort,1,0,0,0,0,0,0,1,1,6717,0,0,0,150000.0,150000.0,27877376,9502720,2,0.002
control_logistics_tracking_gaps,"WITH timeline AS ( SELECT shipment_id, event_type, event_time, LAG(event_time) OVER (PARTITION BY shipment_id ORDER BY event_time) AS prior_event FROM logistics.tracking_events ) SELECT shipment_id, event_type, event_time, event_time - prior_event AS event_gap FROM timeline WHERE event_type = 'departed' AND event_time - prior_event > INTERVAL '48 hours' ORDER BY event_gap DESC LIMIT 300",389,0,2,1,False,True,False,1,1,8,1,0,0,0,0,0,141089.07,141089.82,300.0,41,2334034.0,1818.76,6,6,1,Limit,1,0,0,0,0,0,0,2,0,2304,71472,16485,16545,750000.0,750000.0,124403712,23609344,1,0.0004
control_logistics_tracking_gaps,"WITH timeline AS ( SELECT shipment_id, event_type, event_time, LAG(event_time) OVER (PARTITION BY shipment_id ORDER BY event_time) AS prior_event FROM logistics.tracking_events ) SELECT shipment_id, event_type, event_time, event_time - prior_event AS event_gap FROM timeline WHERE event_type = 'departed' AND event_time - prior_event > INTERVAL '48 hours' ORDER BY event_gap DESC LIMIT 300",389,0,2,1,False,True,False,1,1,8,1,0,0,0,0,0,141089.07,141089.82,300.0,41,2334034.0,1945.442,6,6,1,Limit,1,0,0,0,0,0,0,2,0,2496,71280,16485,16545,750000.0,750000.0,124403712,23609344,1,0.0004
control_logistics_supplier_concentration,"WITH supplier_value AS ( SELECT supplier_id, SUM(total_value)::numeric AS supplied_value FROM logistics.purchase_orders WHERE destination_facility_id = 22 GROUP BY supplier_id ), shares AS ( SELECT *, supplied_value / SUM(supplied_value) OVER () AS share FROM supplier_value ) SELECT SUM(share * share) AS hhi, COUNT(*) AS suppliers, MAX(share) AS largest_supplier_share FROM shares",382,0,1,2,True,False,False,1,1,7,5,0,0,0,0,0,3086.18,3086.19,1.0,72,12437.0,21.526,5,5,1,Aggregate,1,0,0,0,0,0,0,0,2,7025,0,0,0,120000.0,120000.0,14245888,2703360,1,8.333333333333334e-06
control_logistics_supplier_concentration,"WITH supplier_value AS ( SELECT supplier_id, SUM(total_value)::numeric AS supplied_value FROM logistics.purchase_orders WHERE destination_facility_id = 22 GROUP BY supplier_id ), shares AS ( SELECT *, supplied_value / SUM(supplied_value) OVER () AS share FROM supplier_value ) SELECT SUM(share * share) AS hhi, COUNT(*) AS suppliers, MAX(share) AS largest_supplier_share FROM shares",382,0,1,2,True,False,False,1,1,7,5,0,0,0,0,0,3086.18,3086.19,1.0,72,12437.0,21.029,5,5,1,Aggregate,1,0,0,0,0,0,0,0,2,7025,0,0,0,120000.0,120000.0,14245888,2703360,1,8.333333333333334e-06
control_logistics_stockout_risk,"WITH balances AS ( SELECT facility_id, item_id, SUM(quantity_delta) AS on_hand FROM logistics.stock_movements GROUP BY facility_id, item_id ), demand AS ( SELECT facility_id, item_id, -SUM(quantity_delta) FILTER (WHERE quantity_delta < 0)::numeric / 30 AS daily_demand FROM logistics.stock_movements WHERE occurred_at >= timestamptz '2025-12-31 00:00:00+00' - INTERVAL '30 days' GROUP BY facility_id, item_id ) SELECT b.facility_id, b.item_id, b.on_hand, d.daily_demand, b.on_hand / NULLIF(d.daily_demand, 0) AS days_supply FROM balances b JOIN demand d USING (facility_id, item_id) WHERE b.on_hand / NULLIF(d.daily_demand, 0) < 14 ORDER BY days_supply LIMIT 300",662,1,3,2,True,True,False,2,1,11,2,1,0,0,0,0,17055.84,17056.59,300.0,84,370451.0,383.184,11,9,1,Limit,2,0,0,0,1,0,0,1,3,50610,0,0,0,300000.0,300000.0,36405248,6758400,1,0.001
control_logistics_stockout_risk,"WITH balances AS ( SELECT facility_id, item_id, SUM(quantity_delta) AS on_hand FROM logistics.stock_movements GROUP BY facility_id, item_id ), demand AS ( SELECT facility_id, item_id, -SUM(quantity_delta) FILTER (WHERE quantity_delta < 0)::numeric / 30 AS daily_demand FROM logistics.stock_movements WHERE occurred_at >= timestamptz '2025-12-31 00:00:00+00' - INTERVAL '30 days' GROUP BY facility_id, item_id ) SELECT b.facility_id, b.item_id, b.on_hand, d.daily_demand, b.on_hand / NULLIF(d.daily_demand, 0) AS days_supply FROM balances b JOIN demand d USING (facility_id, item_id) WHERE b.on_hand / NULLIF(d.daily_demand, 0) < 14 ORDER BY days_supply LIMIT 300",662,1,3,2,True,True,False,2,1,11,2,1,0,0,0,0,17055.84,17056.59,300.0,84,370451.0,398.854,11,9,1,Limit,2,0,0,0,1,0,0,1,3,50610,0,0,0,300000.0,300000.0,36405248,6758400,1,0.001
control_logistics_shipment_value_density,"SELECT sh.shipment_id, SUM(si.quantity * i.unit_value) AS cargo_value, SUM(si.quantity * i.unit_weight_kg) AS cargo_weight, SUM(si.quantity * i.unit_value) / NULLIF(SUM(si.quantity * i.unit_weight_kg), 0) AS value_per_kg FROM logistics.shipments sh JOIN logistics.shipment_items si USING (shipment_id) JOIN logistics.items i USING (item_id) WHERE i.item_class = 'cold' GROUP BY sh.shipment_id ORDER BY value_per_kg DESC LIMIT 250",429,2,1,0,True,True,False,3,3,4,4,2,0,0,0,0,33576.12,33576.74,250.0,104,1210250.0,1144.582,10,7,3,Limit,3,0,0,0,2,0,0,1,1,35108,0,2199,4665,620000.0,450000.0,77217792,29532160,5,0.0005555555555555556
control_logistics_shipment_value_density,"SELECT sh.shipment_id, SUM(si.quantity * i.unit_value) AS cargo_value, SUM(si.quantity * i.unit_weight_kg) AS cargo_weight, SUM(si.quantity * i.unit_value) / NULLIF(SUM(si.quantity * i.unit_weight_kg), 0) AS value_per_kg FROM logistics.shipments sh JOIN logistics.shipment_items si USING (shipment_id) JOIN logistics.items i USING (item_id) WHERE i.item_class = 'cold' GROUP BY sh.shipment_id ORDER BY value_per_kg DESC LIMIT 250",429,2,1,0,True,True,False,3,3,4,4,2,0,0,0,0,33576.12,33576.74,250.0,104,1210250.0,1190.088,10,7,3,Limit,3,0,0,0,2,0,0,1,1,35108,0,2199,4665,620000.0,450000.0,77217792,29532160,5,0.0005555555555555556
control_logistics_supplier_otif,"SELECT s.supplier_id, s.supplier_name, COUNT(po.purchase_order_id) AS orders, COUNT(*) FILTER (WHERE po.order_status = 'received' AND sh.delivered_at <= po.expected_at) AS on_time_in_full, AVG(EXTRACT(EPOCH FROM (sh.delivered_at - po.ordered_at)) / 3600) AS lead_hours FROM logistics.suppliers s JOIN logistics.purchase_orders po USING (supplier_id) LEFT JOIN logistics.shipments sh USING (purchase_order_id) WHERE s.country_code = 'DE' GROUP BY s.supplier_id HAVING COUNT(po.purchase_order_id) >= 3 ORDER BY on_time_in_full DESC, lead_hours LIMIT 200",551,2,3,0,True,True,False,3,3,5,4,1,1,0,0,0,7418.13,7418.63,200.0,69,191241.0,142.985,13,11,3,Limit,3,0,0,0,2,0,0,2,2,32947,0,0,0,275000.0,150000.0,42639360,12337152,4,0.0013333333333333333
control_logistics_supplier_otif,"SELECT s.supplier_id, s.supplier_name, COUNT(po.purchase_order_id) AS orders, COUNT(*) FILTER (WHERE po.order_status = 'received' AND sh.delivered_at <= po.expected_at) AS on_time_in_full, AVG(EXTRACT(EPOCH FROM (sh.delivered_at - po.ordered_at)) / 3600) AS lead_hours FROM logistics.suppliers s JOIN logistics.purchase_orders po USING (supplier_id) LEFT JOIN logistics.shipments sh USING (purchase_order_id) WHERE s.country_code = 'DE' GROUP BY s.supplier_id HAVING COUNT(po.purchase_order_id) >= 3 ORDER BY on_time_in_full DESC, lead_hours LIMIT 200",551,2,3,0,True,True,False,3,3,5,4,1,1,0,0,0,7418.13,7418.63,200.0,69,191241.0,143.563,13,11,3,Limit,3,0,0,0,2,0,0,2,2,32947,0,0,0,275000.0,150000.0,42639360,12337152,4,0.0013333333333333333
control_logistics_facility_throughput,"WITH daily AS ( SELECT occurred_at::date AS day, SUM(ABS(quantity_delta)) AS moved_units, COUNT(*) AS movements FROM logistics.stock_movements WHERE facility_id = 16 GROUP BY occurred_at::date ) SELECT day, moved_units, movements, SUM(moved_units) OVER (ORDER BY day ROWS BETWEEN 6 PRECEDING AND CURRENT ROW) AS rolling_units, AVG(movements) OVER (ORDER BY day ROWS BETWEEN 6 PRECEDING AND CURRENT ROW) AS rolling_events FROM daily ORDER BY day",444,0,1,1,True,True,False,1,1,8,4,0,0,0,0,0,6446.17,7911.71,10260.0,84,41895.0,65.596,6,6,1,WindowAgg,1,0,0,0,0,0,0,1,2,22060,0,0,0,300000.0,300000.0,36405248,6758400,1,0.0342
control_logistics_facility_throughput,"WITH daily AS ( SELECT occurred_at::date AS day, SUM(ABS(quantity_delta)) AS moved_units, COUNT(*) AS movements FROM logistics.stock_movements WHERE facility_id = 16 GROUP BY occurred_at::date ) SELECT day, moved_units, movements, SUM(moved_units) OVER (ORDER BY day ROWS BETWEEN 6 PRECEDING AND CURRENT ROW) AS rolling_units, AVG(movements) OVER (ORDER BY day ROWS BETWEEN 6 PRECEDING AND CURRENT ROW) AS rolling_events FROM daily ORDER BY day",444,0,1,1,True,True,False,1,1,8,4,0,0,0,0,0,6446.17,7911.71,10260.0,84,41895.0,63.575,6,6,1,WindowAgg,1,0,0,0,0,0,0,1,2,22060,0,0,0,300000.0,300000.0,36405248,6758400,1,0.0342
control_logistics_inventory_balance,"WITH balance AS ( SELECT sm.facility_id, sm.item_id, SUM(sm.quantity_delta) AS on_hand FROM logistics.stock_movements sm JOIN logistics.items i USING (item_id) WHERE i.item_class = 'standard' GROUP BY sm.facility_id, sm.item_id ) SELECT facility_id, COUNT(*) FILTER (WHERE on_hand < 0) AS negative_items, SUM(on_hand) AS net_units, AVG(on_hand) AS avg_units FROM balance GROUP BY facility_id ORDER BY negative_items DESC",420,1,2,1,True,True,False,2,2,7,4,1,0,0,0,0,9448.31,9448.81,200.0,76,415400.0,236.241,7,6,2,Sort,2,0,0,0,1,0,0,1,2,19635,0,0,0,320000.0,300000.0,39690240,7872512,3,0.0006666666666666666
control_logistics_inventory_balance,"WITH balance AS ( SELECT sm.facility_id, sm.item_id, SUM(sm.quantity_delta) AS on_hand FROM logistics.stock_movements sm JOIN logistics.items i USING (item_id) WHERE i.item_class = 'standard' GROUP BY sm.facility_id, sm.item_id ) SELECT facility_id, COUNT(*) FILTER (WHERE on_hand < 0) AS negative_items, SUM(on_hand) AS net_units, AVG(on_hand) AS avg_units FROM balance GROUP BY facility_id ORDER BY negative_items DESC",420,1,2,1,True,True,False,2,2,7,4,1,0,0,0,0,9448.31,9448.81,200.0,76,415400.0,222.745,7,6,2,Sort,2,0,0,0,1,0,0,1,2,19635,0,0,0,320000.0,300000.0,39690240,7872512,3,0.0006666666666666666
control_logistics_exception_funnel,"WITH cohort AS ( SELECT shipment_id FROM logistics.shipments WHERE shipped_at >= DATE '2023-07-02' - INTERVAL '90 days' AND shipped_at < DATE '2023-07-02' + INTERVAL '90 days' ) SELECT COUNT(DISTINCT c.shipment_id) AS shipments, COUNT(DISTINCT c.shipment_id) FILTER (WHERE e.event_type = 'departed') AS departed, COUNT(DISTINCT c.shipment_id) FILTER (WHERE e.event_type = 'customs') AS customs, COUNT(DISTINCT c.shipment_id) FILTER (WHERE e.event_type = 'exception') AS exceptions, COUNT(DISTINCT c.shipment_id) FILTER (WHERE e.event_type = 'delivered') AS delivered FROM cohort c LEFT JOIN logistics.tracking_events e USING (shipment_id)",638,1,6,1,False,False,False,2,2,6,5,0,1,0,0,0,38189.5,38189.51,1.0,40,521070.0,292.179,7,6,2,Aggregate,2,0,0,0,1,0,0,1,1,16288,59240,0,0,900000.0,750000.0,152281088,33112064,3,1.3333333333333334e-06
control_logistics_exception_funnel,"WITH cohort AS ( SELECT shipment_id FROM logistics.shipments WHERE shipped_at >= DATE '2023-07-02' - INTERVAL '90 days' AND shipped_at < DATE '2023-07-02' + INTERVAL '90 days' ) SELECT COUNT(DISTINCT c.shipment_id) AS shipments, COUNT(DISTINCT c.shipment_id) FILTER (WHERE e.event_type = 'departed') AS departed, COUNT(DISTINCT c.shipment_id) FILTER (WHERE e.event_type = 'customs') AS customs, COUNT(DISTINCT c.shipment_id) FILTER (WHERE e.event_type = 'exception') AS exceptions, COUNT(DISTINCT c.shipment_id) FILTER (WHERE e.event_type = 'delivered') AS delivered FROM cohort c LEFT JOIN logistics.tracking_events e USING (shipment_id)",638,1,6,1,False,False,False,2,2,6,5,0,1,0,0,0,38189.5,38189.51,1.0,40,521070.0,333.996,7,6,2,Aggregate,2,0,0,0,1,0,0,1,1,16768,58760,0,0,900000.0,750000.0,152281088,33112064,3,1.3333333333333334e-06
control_logistics_item_velocity_class,"WITH velocity AS ( SELECT item_id, SUM(ABS(quantity_delta)) AS moved_units FROM logistics.stock_movements WHERE facility_id = 22 GROUP BY item_id ), classified AS ( SELECT *, NTILE(3) OVER (ORDER BY moved_units DESC) AS velocity_class FROM velocity ) SELECT velocity_class, COUNT(*) AS items, SUM(moved_units) AS units, AVG(moved_units) AS avg_units FROM classified GROUP BY velocity_class ORDER BY velocity_class",413,0,1,2,True,True,False,1,1,8,5,0,0,0,0,0,8123.29,8123.79,200.0,76,49716.0,72.352,9,9,1,Sort,1,0,0,0,0,0,0,2,3,32535,0,0,0,300000.0,300000.0,36405248,6758400,1,0.0006666666666666666
control_logistics_item_velocity_class,"WITH velocity AS ( SELECT item_id, SUM(ABS(quantity_delta)) AS moved_units FROM logistics.stock_movements WHERE facility_id = 22 GROUP BY item_id ), classified AS ( SELECT *, NTILE(3) OVER (ORDER BY moved_units DESC) AS velocity_class FROM velocity ) SELECT velocity_class, COUNT(*) AS items, SUM(moved_units) AS units, AVG(moved_units) AS avg_units FROM classified GROUP BY velocity_class ORDER BY velocity_class",413,0,1,2,True,True,False,1,1,8,5,0,0,0,0,0,8123.29,8123.79,200.0,76,49716.0,58.159,9,9,1,Sort,1,0,0,0,0,0,0,2,3,32535,0,0,0,300000.0,300000.0,36405248,6758400,1,0.0006666666666666666
control_logistics_delivery_percentiles,"SELECT c.service_level, percentile_cont(0.5) WITHIN GROUP (ORDER BY sh.delivered_at - sh.shipped_at) AS p50, percentile_cont(0.9) WITHIN GROUP (ORDER BY sh.delivered_at - sh.shipped_at) AS p90, percentile_cont(0.99) WITHIN GROUP (ORDER BY sh.delivered_at - sh.shipped_at) AS p99 FROM logistics.shipments sh JOIN logistics.carriers c USING (carrier_id) WHERE c.service_level = 'express' AND sh.delivered_at IS NOT NULL GROUP BY c.service_level",442,1,2,0,True,True,False,2,2,4,3,1,0,0,0,0,1.34,3888.19,1.0,56,40488.0,45.415,5,4,2,Aggregate,2,0,0,0,1,0,0,0,1,6721,0,0,0,150020.0,150000.0,27926528,9535488,4,6.666666666666667e-06
control_logistics_delivery_percentiles,"SELECT c.service_level, percentile_cont(0.5) WITHIN GROUP (ORDER BY sh.delivered_at - sh.shipped_at) AS p50, percentile_cont(0.9) WITHIN GROUP (ORDER BY sh.delivered_at - sh.shipped_at) AS p90, percentile_cont(0.99) WITHIN GROUP (ORDER BY sh.delivered_at - sh.shipped_at) AS p99 FROM logistics.shipments sh JOIN logistics.carriers c USING (carrier_id) WHERE c.service_level = 'express' AND sh.delivered_at IS NOT NULL GROUP BY c.service_level",442,1,2,0,True,True,False,2,2,4,3,1,0,0,0,0,1.34,3888.19,1.0,56,40488.0,36.787,5,4,2,Aggregate,2,0,0,0,1,0,0,0,1,6721,0,0,0,150020.0,150000.0,27926528,9535488,4,6.666666666666667e-06
control_logistics_lead_time_outliers,"WITH bounds AS ( SELECT percentile_cont(0.25) WITHIN GROUP (ORDER BY expected_at - ordered_at) AS q1, percentile_cont(0.75) WITHIN GROUP (ORDER BY expected_at - ordered_at) AS q3 FROM logistics.purchase_orders WHERE priority = 'normal' ) SELECT po.purchase_order_id, po.supplier_id, po.expected_at - po.ordered_at AS planned_lead_time FROM logistics.purchase_orders po CROSS JOIN bounds b WHERE po.priority = 'normal' AND po.expected_at - po.ordered_at > b.q3 + 1.5 * (b.q3 - b.q1) ORDER BY planned_lead_time DESC LIMIT 250",523,1,3,1,False,True,False,2,1,5,2,0,0,0,0,1,7092.89,7093.52,250.0,32,79301.0,91.011,6,5,1,Limit,2,0,0,0,0,0,1,1,1,12645,0,0,0,120000.0,120000.0,14245888,2703360,1,0.0020833333333333333
control_logistics_lead_time_outliers,"WITH bounds AS ( SELECT percentile_cont(0.25) WITHIN GROUP (ORDER BY expected_at - ordered_at) AS q1, percentile_cont(0.75) WITHIN GROUP (ORDER BY expected_at - ordered_at) AS q3 FROM logistics.purchase_orders WHERE priority = 'normal' ) SELECT po.purchase_order_id, po.supplier_id, po.expected_at - po.ordered_at AS planned_lead_time FROM logistics.purchase_orders po CROSS JOIN bounds b WHERE po.priority = 'normal' AND po.expected_at - po.ordered_at > b.q3 + 1.5 * (b.q3 - b.q1) ORDER BY planned_lead_time DESC LIMIT 250",523,1,3,1,False,True,False,2,1,5,2,0,0,0,0,1,7092.89,7093.52,250.0,32,79301.0,84.404,6,5,1,Limit,2,0,0,0,0,0,1,1,1,12645,0,0,0,120000.0,120000.0,14245888,2703360,1,0.0020833333333333333
control_logistics_order_reconciliation,"SELECT po.purchase_order_id, po.total_value, SUM(pol.ordered_quantity * pol.unit_cost) AS line_value, po.total_value - SUM(pol.ordered_quantity * pol.unit_cost) AS difference FROM logistics.purchase_orders po JOIN logistics.purchase_order_lines pol USING (purchase_order_id) GROUP BY po.purchase_order_id HAVING ABS(po.total_value - SUM(pol.ordered_quantity * pol.unit_cost)) > 500 ORDER BY ABS(po.total_value - SUM(pol.ordered_quantity * pol.unit_cost)) DESC LIMIT 250",469,1,0,0,True,True,False,2,2,4,4,1,0,0,0,0,53957.6,53958.23,250.0,111,1160250.0,1879.424,6,5,2,Limit,0,2,0,0,0,1,0,1,1,2402055,20425,0,0,600000.0,480000.0,69771264,25427968,2,0.0005208333333333333
control_logistics_order_reconciliation,"SELECT po.purchase_order_id, po.total_value, SUM(pol.ordered_quantity * pol.unit_cost) AS line_value, po.total_value - SUM(pol.ordered_quantity * pol.unit_cost) AS difference FROM logistics.purchase_orders po JOIN logistics.purchase_order_lines pol USING (purchase_order_id) GROUP BY po.purchase_order_id HAVING ABS(po.total_value - SUM(pol.ordered_quantity * pol.unit_cost)) > 500 ORDER BY ABS(po.total_value - SUM(pol.ordered_quantity * pol.unit_cost)) DESC LIMIT 250",469,1,0,0,True,True,False,2,2,4,4,1,0,0,0,0,53957.6,53958.23,250.0,111,1160250.0,1543.199,6,5,2,Limit,0,2,0,0,0,1,0,1,1,2405710,16770,0,0,600000.0,480000.0,69771264,25427968,2,0.0005208333333333333
control_logistics_supplier_otif,"SELECT s.supplier_id, s.supplier_name, COUNT(po.purchase_order_id) AS orders, COUNT(*) FILTER (WHERE po.order_status = 'received' AND sh.delivered_at <= po.expected_at) AS on_time_in_full, AVG(EXTRACT(EPOCH FROM (sh.delivered_at - po.ordered_at)) / 3600) AS lead_hours FROM logistics.suppliers s JOIN logistics.purchase_orders po USING (supplier_id) LEFT JOIN logistics.shipments sh USING (purchase_order_id) WHERE s.country_code = 'LT' GROUP BY s.supplier_id HAVING COUNT(po.purchase_order_id) >= 3 ORDER BY on_time_in_full DESC, lead_hours LIMIT 200",551,2,3,0,True,True,False,3,3,5,4,1,1,0,0,0,7418.13,7418.63,200.0,69,191241.0,281.977,13,11,3,Limit,3,0,0,0,2,0,0,2,2,32947,0,0,0,275000.0,150000.0,42639360,12337152,4,0.0013333333333333333
control_logistics_supplier_otif,"SELECT s.supplier_id, s.supplier_name, COUNT(po.purchase_order_id) AS orders, COUNT(*) FILTER (WHERE po.order_status = 'received' AND sh.delivered_at <= po.expected_at) AS on_time_in_full, AVG(EXTRACT(EPOCH FROM (sh.delivered_at - po.ordered_at)) / 3600) AS lead_hours FROM logistics.suppliers s JOIN logistics.purchase_orders po USING (supplier_id) LEFT JOIN logistics.shipments sh USING (purchase_order_id) WHERE s.country_code = 'LT' GROUP BY s.supplier_id HAVING COUNT(po.purchase_order_id) >= 3 ORDER BY on_time_in_full DESC, lead_hours LIMIT 200",551,2,3,0,True,True,False,3,3,5,4,1,1,0,0,0,7418.13,7418.63,200.0,69,191241.0,261.311,13,11,3,Limit,3,0,0,0,2,0,0,2,2,32947,0,0,0,275000.0,150000.0,42639360,12337152,4,0.0013333333333333333
control_logistics_facility_throughput,"WITH daily AS ( SELECT occurred_at::date AS day, SUM(ABS(quantity_delta)) AS moved_units, COUNT(*) AS movements FROM logistics.stock_movements WHERE facility_id = 1 GROUP BY occurred_at::date ) SELECT day, moved_units, movements, SUM(moved_units) OVER (ORDER BY day ROWS BETWEEN 13 PRECEDING AND CURRENT ROW) AS rolling_units, AVG(movements) OVER (ORDER BY day ROWS BETWEEN 13 PRECEDING AND CURRENT ROW) AS rolling_events FROM daily ORDER BY day",445,0,1,1,True,True,False,1,1,8,4,0,0,0,0,0,6438.62,7867.11,10000.0,84,40835.0,113.507,6,6,1,WindowAgg,1,0,0,0,0,0,0,1,2,22060,0,0,0,300000.0,300000.0,36405248,6758400,1,0.03333333333333333
control_logistics_facility_throughput,"WITH daily AS ( SELECT occurred_at::date AS day, SUM(ABS(quantity_delta)) AS moved_units, COUNT(*) AS movements FROM logistics.stock_movements WHERE facility_id = 1 GROUP BY occurred_at::date ) SELECT day, moved_units, movements, SUM(moved_units) OVER (ORDER BY day ROWS BETWEEN 13 PRECEDING AND CURRENT ROW) AS rolling_units, AVG(movements) OVER (ORDER BY day ROWS BETWEEN 13 PRECEDING AND CURRENT ROW) AS rolling_events FROM daily ORDER BY day",445,0,1,1,True,True,False,1,1,8,4,0,0,0,0,0,6438.62,7867.11,10000.0,84,40835.0,111.034,6,6,1,WindowAgg,1,0,0,0,0,0,0,1,2,22060,0,0,0,300000.0,300000.0,36405248,6758400,1,0.03333333333333333
control_logistics_inventory_balance,"WITH balance AS ( SELECT sm.facility_id, sm.item_id, SUM(sm.quantity_delta) AS on_hand FROM logistics.stock_movements sm JOIN logistics.items i USING (item_id) WHERE i.item_class = 'standard' GROUP BY sm.facility_id, sm.item_id ) SELECT facility_id, COUNT(*) FILTER (WHERE on_hand < 0) AS negative_items, SUM(on_hand) AS net_units, AVG(on_hand) AS avg_units FROM balance GROUP BY facility_id ORDER BY negative_items DESC",420,1,2,1,True,True,False,2,2,7,4,1,0,0,0,0,9448.31,9448.81,200.0,76,415400.0,323.315,7,6,2,Sort,2,0,0,0,1,0,0,1,2,19635,0,0,0,320000.0,300000.0,39690240,7872512,3,0.0006666666666666666
control_logistics_inventory_balance,"WITH balance AS ( SELECT sm.facility_id, sm.item_id, SUM(sm.quantity_delta) AS on_hand FROM logistics.stock_movements sm JOIN logistics.items i USING (item_id) WHERE i.item_class = 'standard' GROUP BY sm.facility_id, sm.item_id ) SELECT facility_id, COUNT(*) FILTER (WHERE on_hand < 0) AS negative_items, SUM(on_hand) AS net_units, AVG(on_hand) AS avg_units FROM balance GROUP BY facility_id ORDER BY negative_items DESC",420,1,2,1,True,True,False,2,2,7,4,1,0,0,0,0,9448.31,9448.81,200.0,76,415400.0,265.658,7,6,2,Sort,2,0,0,0,1,0,0,1,2,19635,0,0,0,320000.0,300000.0,39690240,7872512,3,0.0006666666666666666
control_logistics_supplier_concentration,"WITH supplier_value AS ( SELECT supplier_id, SUM(total_value)::numeric AS supplied_value FROM logistics.purchase_orders WHERE destination_facility_id = 4 GROUP BY supplier_id ), shares AS ( SELECT *, supplied_value / SUM(supplied_value) OVER () AS share FROM supplier_value ) SELECT SUM(share * share) AS hhi, COUNT(*) AS suppliers, MAX(share) AS largest_supplier_share FROM shares",381,0,1,2,True,False,False,1,1,7,5,0,0,0,0,0,3087.21,3087.22,1.0,72,12514.0,23.938,5,5,1,Aggregate,1,0,0,0,0,0,0,0,2,7025,0,0,0,120000.0,120000.0,14245888,2703360,1,8.333333333333334e-06
control_logistics_supplier_concentration,"WITH supplier_value AS ( SELECT supplier_id, SUM(total_value)::numeric AS supplied_value FROM logistics.purchase_orders WHERE destination_facility_id = 4 GROUP BY supplier_id ), shares AS ( SELECT *, supplied_value / SUM(supplied_value) OVER () AS share FROM supplier_value ) SELECT SUM(share * share) AS hhi, COUNT(*) AS suppliers, MAX(share) AS largest_supplier_share FROM shares",381,0,1,2,True,False,False,1,1,7,5,0,0,0,0,0,3087.21,3087.22,1.0,72,12514.0,27.887,5,5,1,Aggregate,1,0,0,0,0,0,0,0,2,7025,0,0,0,120000.0,120000.0,14245888,2703360,1,8.333333333333334e-06
control_logistics_latest_tracking_event,"SELECT DISTINCT ON (shipment_id) shipment_id, event_type, event_time, facility_id FROM logistics.tracking_events WHERE facility_id = 1 ORDER BY shipment_id, event_time DESC",172,0,1,0,False,True,True,1,1,4,0,0,0,0,0,0,17900.47,20886.52,23497.0,29,69513.0,158.108,4,4,1,Unique,1,0,0,0,0,0,0,1,0,270,49184,0,0,750000.0,750000.0,124403712,23609344,1,0.031329333333333334
control_logistics_latest_tracking_event,"SELECT DISTINCT ON (shipment_id) shipment_id, event_type, event_time, facility_id FROM logistics.tracking_events WHERE facility_id = 1 ORDER BY shipment_id, event_time DESC",172,0,1,0,False,True,True,1,1,4,0,0,0,0,0,0,17900.47,20886.52,23497.0,29,69513.0,144.068,4,4,1,Unique,1,0,0,0,0,0,0,1,0,654,48800,0,0,750000.0,750000.0,124403712,23609344,1,0.031329333333333334
control_logistics_tracking_gaps,"WITH timeline AS ( SELECT shipment_id, event_type, event_time, LAG(event_time) OVER (PARTITION BY shipment_id ORDER BY event_time) AS prior_event FROM logistics.tracking_events ) SELECT shipment_id, event_type, event_time, event_time - prior_event AS event_gap FROM timeline WHERE event_type = 'arrived' AND event_time - prior_event > INTERVAL '48 hours' ORDER BY event_gap DESC LIMIT 300",388,0,2,1,False,True,False,1,1,8,1,0,0,0,0,0,141079.73,141080.48,300.0,41,2333650.0,1904.492,6,6,1,Limit,1,0,0,0,0,0,0,2,0,1152,72624,16485,16545,750000.0,750000.0,124403712,23609344,1,0.0004
control_logistics_tracking_gaps,"WITH timeline AS ( SELECT shipment_id, event_type, event_time, LAG(event_time) OVER (PARTITION BY shipment_id ORDER BY event_time) AS prior_event FROM logistics.tracking_events ) SELECT shipment_id, event_type, event_time, event_time - prior_event AS event_gap FROM timeline WHERE event_type = 'arrived' AND event_time - prior_event > INTERVAL '48 hours' ORDER BY event_gap DESC LIMIT 300",388,0,2,1,False,True,False,1,1,8,1,0,0,0,0,0,141079.73,141080.48,300.0,41,2333650.0,1801.371,6,6,1,Limit,1,0,0,0,0,0,0,2,0,1344,72432,16485,16545,750000.0,750000.0,124403712,23609344,1,0.0004
control_logistics_order_reconciliation,"SELECT po.purchase_order_id, po.total_value, SUM(pol.ordered_quantity * pol.unit_cost) AS line_value, po.total_value - SUM(pol.ordered_quantity * pol.unit_cost) AS difference FROM logistics.purchase_orders po JOIN logistics.purchase_order_lines pol USING (purchase_order_id) GROUP BY po.purchase_order_id HAVING ABS(po.total_value - SUM(pol.ordered_quantity * pol.unit_cost)) > 50 ORDER BY ABS(po.total_value - SUM(pol.ordered_quantity * pol.unit_cost)) DESC LIMIT 250",468,1,0,0,True,True,False,2,2,4,4,1,0,0,0,0,53957.6,53958.23,250.0,111,1160250.0,1287.936,6,5,2,Limit,0,2,0,0,0,1,0,1,1,2422480,0,0,0,600000.0,480000.0,69771264,25427968,2,0.0005208333333333333
control_logistics_order_reconciliation,"SELECT po.purchase_order_id, po.total_value, SUM(pol.ordered_quantity * pol.unit_cost) AS line_value, po.total_value - SUM(pol.ordered_quantity * pol.unit_cost) AS difference FROM logistics.purchase_orders po JOIN logistics.purchase_order_lines pol USING (purchase_order_id) GROUP BY po.purchase_order_id HAVING ABS(po.total_value - SUM(pol.ordered_quantity * pol.unit_cost)) > 50 ORDER BY ABS(po.total_value - SUM(pol.ordered_quantity * pol.unit_cost)) DESC LIMIT 250",468,1,0,0,True,True,False,2,2,4,4,1,0,0,0,0,53957.6,53958.23,250.0,111,1160250.0,1212.029,6,5,2,Limit,0,2,0,0,0,1,0,1,1,2422480,0,0,0,600000.0,480000.0,69771264,25427968,2,0.0005208333333333333
control_logistics_shipment_value_density,"SELECT sh.shipment_id, SUM(si.quantity * i.unit_value) AS cargo_value, SUM(si.quantity * i.unit_weight_kg) AS cargo_weight, SUM(si.quantity * i.unit_value) / NULLIF(SUM(si.quantity * i.unit_weight_kg), 0) AS value_per_kg FROM logistics.shipments sh JOIN logistics.shipment_items si USING (shipment_id) JOIN logistics.items i USING (item_id) WHERE i.item_class = 'hazardous' GROUP BY sh.shipment_id ORDER BY value_per_kg DESC LIMIT 250",434,2,1,0,True,True,False,3,3,4,4,2,0,0,0,0,33576.12,33576.74,250.0,104,1210250.0,1251.069,10,7,3,Limit,3,0,0,0,2,0,0,1,1,15254,19854,2202,4674,620000.0,450000.0,77217792,29532160,5,0.0005555555555555556
control_logistics_shipment_value_density,"SELECT sh.shipment_id, SUM(si.quantity * i.unit_value) AS cargo_value, SUM(si.quantity * i.unit_weight_kg) AS cargo_weight, SUM(si.quantity * i.unit_value) / NULLIF(SUM(si.quantity * i.unit_weight_kg), 0) AS value_per_kg FROM logistics.shipments sh JOIN logistics.shipment_items si USING (shipment_id) JOIN logistics.items i USING (item_id) WHERE i.item_class = 'hazardous' GROUP BY sh.shipment_id ORDER BY value_per_kg DESC LIMIT 250",434,2,1,0,True,True,False,3,3,4,4,2,0,0,0,0,33576.12,33576.74,250.0,104,1210250.0,1732.376,10,7,3,Limit,3,0,0,0,2,0,0,1,1,27332,7776,2202,4674,620000.0,450000.0,77217792,29532160,5,0.0005555555555555556
control_logistics_stockout_risk,"WITH balances AS ( SELECT facility_id, item_id, SUM(quantity_delta) AS on_hand FROM logistics.stock_movements GROUP BY facility_id, item_id ), demand AS ( SELECT facility_id, item_id, -SUM(quantity_delta) FILTER (WHERE quantity_delta < 0)::numeric / 60 AS daily_demand FROM logistics.stock_movements WHERE occurred_at >= timestamptz '2025-12-31 00:00:00+00' - INTERVAL '60 days' GROUP BY facility_id, item_id ) SELECT b.facility_id, b.item_id, b.on_hand, d.daily_demand, b.on_hand / NULLIF(d.daily_demand, 0) AS days_supply FROM balances b JOIN demand d USING (facility_id, item_id) WHERE b.on_hand / NULLIF(d.daily_demand, 0) < 14 ORDER BY days_supply LIMIT 300",662,1,3,2,True,True,False,2,1,11,2,1,0,0,0,0,18122.15,18122.9,300.0,84,402285.0,597.804,11,9,1,Limit,2,0,0,0,1,0,0,1,3,50610,0,0,0,300000.0,300000.0,36405248,6758400,1,0.001
control_logistics_stockout_risk,"WITH balances AS ( SELECT facility_id, item_id, SUM(quantity_delta) AS on_hand FROM logistics.stock_movements GROUP BY facility_id, item_id ), demand AS ( SELECT facility_id, item_id, -SUM(quantity_delta) FILTER (WHERE quantity_delta < 0)::numeric / 60 AS daily_demand FROM logistics.stock_movements WHERE occurred_at >= timestamptz '2025-12-31 00:00:00+00' - INTERVAL '60 days' GROUP BY facility_id, item_id ) SELECT b.facility_id, b.item_id, b.on_hand, d.daily_demand, b.on_hand / NULLIF(d.daily_demand, 0) AS days_supply FROM balances b JOIN demand d USING (facility_id, item_id) WHERE b.on_hand / NULLIF(d.daily_demand, 0) < 14 ORDER BY days_supply LIMIT 300",662,1,3,2,True,True,False,2,1,11,2,1,0,0,0,0,18122.15,18122.9,300.0,84,402285.0,678.815,11,9,1,Limit,2,0,0,0,1,0,0,1,3,50610,0,0,0,300000.0,300000.0,36405248,6758400,1,0.001
control_logistics_delivery_percentiles,"SELECT c.service_level, percentile_cont(0.5) WITHIN GROUP (ORDER BY sh.delivered_at - sh.shipped_at) AS p50, percentile_cont(0.9) WITHIN GROUP (ORDER BY sh.delivered_at - sh.shipped_at) AS p90, percentile_cont(0.99) WITHIN GROUP (ORDER BY sh.delivered_at - sh.shipped_at) AS p99 FROM logistics.shipments sh JOIN logistics.carriers c USING (carrier_id) WHERE c.service_level = 'economy' AND sh.delivered_at IS NOT NULL GROUP BY c.service_level",442,1,2,0,True,True,False,2,2,4,3,1,0,0,0,0,1.32,3880.69,1.0,56,38987.0,62.488,5,4,2,Aggregate,2,0,0,0,1,0,0,0,1,6721,0,0,0,150020.0,150000.0,27926528,9535488,4,6.666666666666667e-06
control_logistics_delivery_percentiles,"SELECT c.service_level, percentile_cont(0.5) WITHIN GROUP (ORDER BY sh.delivered_at - sh.shipped_at) AS p50, percentile_cont(0.9) WITHIN GROUP (ORDER BY sh.delivered_at - sh.shipped_at) AS p90, percentile_cont(0.99) WITHIN GROUP (ORDER BY sh.delivered_at - sh.shipped_at) AS p99 FROM logistics.shipments sh JOIN logistics.carriers c USING (carrier_id) WHERE c.service_level = 'economy' AND sh.delivered_at IS NOT NULL GROUP BY c.service_level",442,1,2,0,True,True,False,2,2,4,3,1,0,0,0,0,1.32,3880.69,1.0,56,38987.0,67.519,5,4,2,Aggregate,2,0,0,0,1,0,0,0,1,6721,0,0,0,150020.0,150000.0,27926528,9535488,4,6.666666666666667e-06
control_logistics_lead_time_outliers,"WITH bounds AS ( SELECT percentile_cont(0.25) WITHIN GROUP (ORDER BY expected_at - ordered_at) AS q1, percentile_cont(0.75) WITHIN GROUP (ORDER BY expected_at - ordered_at) AS q3 FROM logistics.purchase_orders WHERE priority = 'critical' ) SELECT po.purchase_order_id, po.supplier_id, po.expected_at - po.ordered_at AS planned_lead_time FROM logistics.purchase_orders po CROSS JOIN bounds b WHERE po.priority = 'critical' AND po.expected_at - po.ordered_at > b.q3 + 1.5 * (b.q3 - b.q1) ORDER BY planned_lead_time DESC LIMIT 250",527,1,3,1,False,True,False,2,1,5,2,0,0,0,0,1,7119.38,7120.0,250.0,32,80933.0,119.445,6,5,1,Limit,2,0,0,0,0,0,1,1,1,12645,0,0,0,120000.0,120000.0,14245888,2703360,1,0.0020833333333333333
control_logistics_lead_time_outliers,"WITH bounds AS ( SELECT percentile_cont(0.25) WITHIN GROUP (ORDER BY expected_at - ordered_at) AS q1, percentile_cont(0.75) WITHIN GROUP (ORDER BY expected_at - ordered_at) AS q3 FROM logistics.purchase_orders WHERE priority = 'critical' ) SELECT po.purchase_order_id, po.supplier_id, po.expected_at - po.ordered_at AS planned_lead_time FROM logistics.purchase_orders po CROSS JOIN bounds b WHERE po.priority = 'critical' AND po.expected_at - po.ordered_at > b.q3 + 1.5 * (b.q3 - b.q1) ORDER BY planned_lead_time DESC LIMIT 250",527,1,3,1,False,True,False,2,1,5,2,0,0,0,0,1,7119.38,7120.0,250.0,32,80933.0,103.511,6,5,1,Limit,2,0,0,0,0,0,1,1,1,12645,0,0,0,120000.0,120000.0,14245888,2703360,1,0.0020833333333333333
control_logistics_lane_performance,"SELECT origin_facility_id, destination_facility_id, COUNT(*) AS shipments, AVG(shipping_cost) AS avg_cost, AVG(delivered_at - shipped_at) AS avg_transit FROM logistics.shipments WHERE shipment_status = 'exception' GROUP BY origin_facility_id, destination_facility_id HAVING COUNT(*) >= 20 ORDER BY shipments DESC",312,0,1,0,True,True,False,1,1,5,4,0,0,0,0,0,4586.77,4587.52,300.0,64,30245.0,74.054,3,3,1,Sort,1,0,0,0,0,0,0,1,1,6717,0,0,0,150000.0,150000.0,27877376,9502720,2,0.002
control_logistics_lane_performance,"SELECT origin_facility_id, destination_facility_id, COUNT(*) AS shipments, AVG(shipping_cost) AS avg_cost, AVG(delivered_at - shipped_at) AS avg_transit FROM logistics.shipments WHERE shipment_status = 'exception' GROUP BY origin_facility_id, destination_facility_id HAVING COUNT(*) >= 20 ORDER BY shipments DESC",312,0,1,0,True,True,False,1,1,5,4,0,0,0,0,0,4586.77,4587.52,300.0,64,30245.0,78.87,3,3,1,Sort,1,0,0,0,0,0,0,1,1,6717,0,0,0,150000.0,150000.0,27877376,9502720,2,0.002
control_logistics_item_velocity_class,"WITH velocity AS ( SELECT item_id, SUM(ABS(quantity_delta)) AS moved_units FROM logistics.stock_movements WHERE facility_id = 30 GROUP BY item_id ), classified AS ( SELECT *, NTILE(3) OVER (ORDER BY moved_units DESC) AS velocity_class FROM velocity ) SELECT velocity_class, COUNT(*) AS items, SUM(moved_units) AS units, AVG(moved_units) AS avg_units FROM classified GROUP BY velocity_class ORDER BY velocity_class",413,0,1,2,True,True,False,1,1,8,5,0,0,0,0,0,7997.8,7998.3,200.0,76,46712.0,119.708,9,9,1,Sort,1,0,0,0,0,0,0,2,3,32535,0,0,0,300000.0,300000.0,36405248,6758400,1,0.0006666666666666666
control_logistics_item_velocity_class,"WITH velocity AS ( SELECT item_id, SUM(ABS(quantity_delta)) AS moved_units FROM logistics.stock_movements WHERE facility_id = 30 GROUP BY item_id ), classified AS ( SELECT *, NTILE(3) OVER (ORDER BY moved_units DESC) AS velocity_class FROM velocity ) SELECT velocity_class, COUNT(*) AS items, SUM(moved_units) AS units, AVG(moved_units) AS avg_units FROM classified GROUP BY velocity_class ORDER BY velocity_class",413,0,1,2,True,True,False,1,1,8,5,0,0,0,0,0,7997.8,7998.3,200.0,76,46712.0,75.605,9,9,1,Sort,1,0,0,0,0,0,0,2,3,32535,0,0,0,300000.0,300000.0,36405248,6758400,1,0.0006666666666666666
control_logistics_exception_funnel,"WITH cohort AS ( SELECT shipment_id FROM logistics.shipments WHERE shipped_at >= DATE '2023-11-09' - INTERVAL '90 days' AND shipped_at < DATE '2023-11-09' + INTERVAL '90 days' ) SELECT COUNT(DISTINCT c.shipment_id) AS shipments, COUNT(DISTINCT c.shipment_id) FILTER (WHERE e.event_type = 'departed') AS departed, COUNT(DISTINCT c.shipment_id) FILTER (WHERE e.event_type = 'customs') AS customs, COUNT(DISTINCT c.shipment_id) FILTER (WHERE e.event_type = 'exception') AS exceptions, COUNT(DISTINCT c.shipment_id) FILTER (WHERE e.event_type = 'delivered') AS delivered FROM cohort c LEFT JOIN logistics.tracking_events e USING (shipment_id)",638,1,6,1,False,False,False,2,2,6,5,0,1,0,0,0,37649.31,37649.32,1.0,40,514698.0,280.304,7,6,2,Aggregate,2,0,0,0,1,0,0,1,1,14040,61488,0,0,900000.0,750000.0,152281088,33112064,3,1.3333333333333334e-06
control_logistics_exception_funnel,"WITH cohort AS ( SELECT shipment_id FROM logistics.shipments WHERE shipped_at >= DATE '2023-11-09' - INTERVAL '90 days' AND shipped_at < DATE '2023-11-09' + INTERVAL '90 days' ) SELECT COUNT(DISTINCT c.shipment_id) AS shipments, COUNT(DISTINCT c.shipment_id) FILTER (WHERE e.event_type = 'departed') AS departed, COUNT(DISTINCT c.shipment_id) FILTER (WHERE e.event_type = 'customs') AS customs, COUNT(DISTINCT c.shipment_id) FILTER (WHERE e.event_type = 'exception') AS exceptions, COUNT(DISTINCT c.shipment_id) FILTER (WHERE e.event_type = 'delivered') AS delivered FROM cohort c LEFT JOIN logistics.tracking_events e USING (shipment_id)",638,1,6,1,False,False,False,2,2,6,5,0,1,0,0,0,37649.31,37649.32,1.0,40,514698.0,407.23,7,6,2,Aggregate,2,0,0,0,1,0,0,1,1,14528,61000,0,0,900000.0,750000.0,152281088,33112064,3,1.3333333333333334e-06
control_logistics_carrier_efficiency,"SELECT c.carrier_id, c.carrier_name, COUNT(*) AS shipments, AVG(sh.shipping_cost) AS avg_cost, AVG(EXTRACT(EPOCH FROM (sh.delivered_at - sh.shipped_at)) / 3600) AS avg_hours, COUNT(*) FILTER (WHERE sh.delivered_at > sh.promised_at)::numeric / COUNT(*) AS late_rate FROM logistics.carriers c JOIN logistics.shipments sh USING (carrier_id) WHERE sh.shipped_at >= DATE '2024-05-07' - INTERVAL '180 days' AND sh.delivered_at IS NOT NULL GROUP BY c.carrier_id ORDER BY late_rate, avg_cost",483,1,3,0,True,True,False,2,2,6,5,1,0,0,0,0,4560.13,4560.18,20.0,118,34642.0,85.844,6,5,2,Sort,2,0,0,0,1,0,0,1,1,8961,0,0,0,150020.0,150000.0,27926528,9535488,4,0.00013333333333333334
control_logistics_carrier_efficiency,"SELECT c.carrier_id, c.carrier_name, COUNT(*) AS shipments, AVG(sh.shipping_cost) AS avg_cost, AVG(EXTRACT(EPOCH FROM (sh.delivered_at - sh.shipped_at)) / 3600) AS avg_hours, COUNT(*) FILTER (WHERE sh.delivered_at > sh.promised_at)::numeric / COUNT(*) AS late_rate FROM logistics.carriers c JOIN logistics.shipments sh USING (carrier_id) WHERE sh.shipped_at >= DATE '2024-05-07' - INTERVAL '180 days' AND sh.delivered_at IS NOT NULL GROUP BY c.carrier_id ORDER BY late_rate, avg_cost",483,1,3,0,True,True,False,2,2,6,5,1,0,0,0,0,4560.13,4560.18,20.0,118,34642.0,63.025,6,5,2,Sort,2,0,0,0,1,0,0,1,1,8961,0,0,0,150020.0,150000.0,27926528,9535488,4,0.00013333333333333334
control_logistics_inventory_balance,"WITH balance AS ( SELECT sm.facility_id, sm.item_id, SUM(sm.quantity_delta) AS on_hand FROM logistics.stock_movements sm JOIN logistics.items i USING (item_id) WHERE i.item_class = 'hazardous' GROUP BY sm.facility_id, sm.item_id ) SELECT facility_id, COUNT(*) FILTER (WHERE on_hand < 0) AS negative_items, SUM(on_hand) AS net_units, AVG(on_hand) AS avg_units FROM balance GROUP BY facility_id ORDER BY negative_items DESC",421,1,2,1,True,True,False,2,2,7,4,1,0,0,0,0,9448.31,9448.81,200.0,76,415400.0,199.85,7,6,2,Sort,2,0,0,0,1,0,0,1,2,19635,0,0,0,320000.0,300000.0,39690240,7872512,3,0.0006666666666666666
control_logistics_inventory_balance,"WITH balance AS ( SELECT sm.facility_id, sm.item_id, SUM(sm.quantity_delta) AS on_hand FROM logistics.stock_movements sm JOIN logistics.items i USING (item_id) WHERE i.item_class = 'hazardous' GROUP BY sm.facility_id, sm.item_id ) SELECT facility_id, COUNT(*) FILTER (WHERE on_hand < 0) AS negative_items, SUM(on_hand) AS net_units, AVG(on_hand) AS avg_units FROM balance GROUP BY facility_id ORDER BY negative_items DESC",421,1,2,1,True,True,False,2,2,7,4,1,0,0,0,0,9448.31,9448.81,200.0,76,415400.0,295.386,7,6,2,Sort,2,0,0,0,1,0,0,1,2,19635,0,0,0,320000.0,300000.0,39690240,7872512,3,0.0006666666666666666
control_logistics_latest_tracking_event,"SELECT DISTINCT ON (shipment_id) shipment_id, event_type, event_time, facility_id FROM logistics.tracking_events WHERE facility_id = 27 ORDER BY shipment_id, event_time DESC",173,0,1,0,False,True,True,1,1,4,0,0,0,0,0,0,17901.28,20890.31,23519.0,29,69582.0,122.795,4,4,1,Unique,1,0,0,0,0,0,0,1,0,1038,48416,0,0,750000.0,750000.0,124403712,23609344,1,0.03135866666666667
control_logistics_latest_tracking_event,"SELECT DISTINCT ON (shipment_id) shipment_id, event_type, event_time, facility_id FROM logistics.tracking_events WHERE facility_id = 27 ORDER BY shipment_id, event_time DESC",173,0,1,0,False,True,True,1,1,4,0,0,0,0,0,0,17901.28,20890.31,23519.0,29,69582.0,116.277,4,4,1,Unique,1,0,0,0,0,0,0,1,0,1422,48032,0,0,750000.0,750000.0,124403712,23609344,1,0.03135866666666667
control_logistics_item_velocity_class,"WITH velocity AS ( SELECT item_id, SUM(ABS(quantity_delta)) AS moved_units FROM logistics.stock_movements WHERE facility_id = 3 GROUP BY item_id ), classified AS ( SELECT *, NTILE(3) OVER (ORDER BY moved_units DESC) AS velocity_class FROM velocity ) SELECT velocity_class, COUNT(*) AS items, SUM(moved_units) AS units, AVG(moved_units) AS avg_units FROM classified GROUP BY velocity_class ORDER BY velocity_class",412,0,1,2,True,True,False,1,1,8,5,0,0,0,0,0,8095.47,8095.97,200.0,76,49052.0,65.785,9,9,1,Sort,1,0,0,0,0,0,0,2,3,32535,0,0,0,300000.0,300000.0,36405248,6758400,1,0.0006666666666666666
control_logistics_item_velocity_class,"WITH velocity AS ( SELECT item_id, SUM(ABS(quantity_delta)) AS moved_units FROM logistics.stock_movements WHERE facility_id = 3 GROUP BY item_id ), classified AS ( SELECT *, NTILE(3) OVER (ORDER BY moved_units DESC) AS velocity_class FROM velocity ) SELECT velocity_class, COUNT(*) AS items, SUM(moved_units) AS units, AVG(moved_units) AS avg_units FROM classified GROUP BY velocity_class ORDER BY velocity_class",412,0,1,2,True,True,False,1,1,8,5,0,0,0,0,0,8095.47,8095.97,200.0,76,49052.0,67.367,9,9,1,Sort,1,0,0,0,0,0,0,2,3,32535,0,0,0,300000.0,300000.0,36405248,6758400,1,0.0006666666666666666
control_logistics_lead_time_outliers,"WITH bounds AS ( SELECT percentile_cont(0.25) WITHIN GROUP (ORDER BY expected_at - ordered_at) AS q1, percentile_cont(0.75) WITHIN GROUP (ORDER BY expected_at - ordered_at) AS q3 FROM logistics.purchase_orders WHERE priority = 'low' ) SELECT po.purchase_order_id, po.supplier_id, po.expected_at - po.ordered_at AS planned_lead_time FROM logistics.purchase_orders po CROSS JOIN bounds b WHERE po.priority = 'low' AND po.expected_at - po.ordered_at > b.q3 + 1.5 * (b.q3 - b.q1) ORDER BY planned_lead_time DESC LIMIT 250",517,1,3,1,False,True,False,2,1,5,2,0,0,0,0,1,7108.99,7109.62,250.0,32,80293.0,83.027,6,5,1,Limit,2,0,0,0,0,0,1,1,1,12645,0,0,0,120000.0,120000.0,14245888,2703360,1,0.0020833333333333333
control_logistics_lead_time_outliers,"WITH bounds AS ( SELECT percentile_cont(0.25) WITHIN GROUP (ORDER BY expected_at - ordered_at) AS q1, percentile_cont(0.75) WITHIN GROUP (ORDER BY expected_at - ordered_at) AS q3 FROM logistics.purchase_orders WHERE priority = 'low' ) SELECT po.purchase_order_id, po.supplier_id, po.expected_at - po.ordered_at AS planned_lead_time FROM logistics.purchase_orders po CROSS JOIN bounds b WHERE po.priority = 'low' AND po.expected_at - po.ordered_at > b.q3 + 1.5 * (b.q3 - b.q1) ORDER BY planned_lead_time DESC LIMIT 250",517,1,3,1,False,True,False,2,1,5,2,0,0,0,0,1,7108.99,7109.62,250.0,32,80293.0,76.982,6,5,1,Limit,2,0,0,0,0,0,1,1,1,12645,0,0,0,120000.0,120000.0,14245888,2703360,1,0.0020833333333333333
control_logistics_supplier_concentration,"WITH supplier_value AS ( SELECT supplier_id, SUM(total_value)::numeric AS supplied_value FROM logistics.purchase_orders WHERE destination_facility_id = 18 GROUP BY supplier_id ), shares AS ( SELECT *, supplied_value / SUM(supplied_value) OVER () AS share FROM supplier_value ) SELECT SUM(share * share) AS hhi, COUNT(*) AS suppliers, MAX(share) AS largest_supplier_share FROM shares",382,0,1,2,True,False,False,1,1,7,5,0,0,0,0,0,3091.34,3091.35,1.0,72,12830.0,20.673,5,5,1,Aggregate,1,0,0,0,0,0,0,0,2,7025,0,0,0,120000.0,120000.0,14245888,2703360,1,8.333333333333334e-06
control_logistics_supplier_concentration,"WITH supplier_value AS ( SELECT supplier_id, SUM(total_value)::numeric AS supplied_value FROM logistics.purchase_orders WHERE destination_facility_id = 18 GROUP BY supplier_id ), shares AS ( SELECT *, supplied_value / SUM(supplied_value) OVER () AS share FROM supplier_value ) SELECT SUM(share * share) AS hhi, COUNT(*) AS suppliers, MAX(share) AS largest_supplier_share FROM shares",382,0,1,2,True,False,False,1,1,7,5,0,0,0,0,0,3091.34,3091.35,1.0,72,12830.0,21.271,5,5,1,Aggregate,1,0,0,0,0,0,0,0,2,7025,0,0,0,120000.0,120000.0,14245888,2703360,1,8.333333333333334e-06
control_logistics_shipment_value_density,"SELECT sh.shipment_id, SUM(si.quantity * i.unit_value) AS cargo_value, SUM(si.quantity * i.unit_weight_kg) AS cargo_weight, SUM(si.quantity * i.unit_value) / NULLIF(SUM(si.quantity * i.unit_weight_kg), 0) AS value_per_kg FROM logistics.shipments sh JOIN logistics.shipment_items si USING (shipment_id) JOIN logistics.items i USING (item_id) WHERE i.item_class = 'fragile' GROUP BY sh.shipment_id ORDER BY value_per_kg DESC LIMIT 250",432,2,1,0,True,True,False,3,3,4,4,2,0,0,0,0,33576.12,33576.74,250.0,104,1210250.0,1176.293,10,7,3,Limit,3,0,0,0,2,0,0,1,1,35108,0,2226,4704,620000.0,450000.0,77217792,29532160,5,0.0005555555555555556
control_logistics_shipment_value_density,"SELECT sh.shipment_id, SUM(si.quantity * i.unit_value) AS cargo_value, SUM(si.quantity * i.unit_weight_kg) AS cargo_weight, SUM(si.quantity * i.unit_value) / NULLIF(SUM(si.quantity * i.unit_weight_kg), 0) AS value_per_kg FROM logistics.shipments sh JOIN logistics.shipment_items si USING (shipment_id) JOIN logistics.items i USING (item_id) WHERE i.item_class = 'fragile' GROUP BY sh.shipment_id ORDER BY value_per_kg DESC LIMIT 250",432,2,1,0,True,True,False,3,3,4,4,2,0,0,0,0,33576.12,33576.74,250.0,104,1210250.0,1181.895,10,7,3,Limit,3,0,0,0,2,0,0,1,1,35108,0,2226,4704,620000.0,450000.0,77217792,29532160,5,0.0005555555555555556
control_logistics_facility_throughput,"WITH daily AS ( SELECT occurred_at::date AS day, SUM(ABS(quantity_delta)) AS moved_units, COUNT(*) AS movements FROM logistics.stock_movements WHERE facility_id = 9 GROUP BY occurred_at::date ) SELECT day, moved_units, movements, SUM(moved_units) OVER (ORDER BY day ROWS BETWEEN 6 PRECEDING AND CURRENT ROW) AS rolling_units, AVG(movements) OVER (ORDER BY day ROWS BETWEEN 6 PRECEDING AND CURRENT ROW) AS rolling_events FROM daily ORDER BY day",443,0,1,1,True,True,False,1,1,8,4,0,0,0,0,0,6431.65,7825.85,9760.0,84,39855.0,60.72,6,6,1,WindowAgg,1,0,0,0,0,0,0,1,2,22060,0,0,0,300000.0,300000.0,36405248,6758400,1,0.03253333333333333
control_logistics_facility_throughput,"WITH daily AS ( SELECT occurred_at::date AS day, SUM(ABS(quantity_delta)) AS moved_units, COUNT(*) AS movements FROM logistics.stock_movements WHERE facility_id = 9 GROUP BY occurred_at::date ) SELECT day, moved_units, movements, SUM(moved_units) OVER (ORDER BY day ROWS BETWEEN 6 PRECEDING AND CURRENT ROW) AS rolling_units, AVG(movements) OVER (ORDER BY day ROWS BETWEEN 6 PRECEDING AND CURRENT ROW) AS rolling_events FROM daily ORDER BY day",443,0,1,1,True,True,False,1,1,8,4,0,0,0,0,0,6431.65,7825.85,9760.0,84,39855.0,61.332,6,6,1,WindowAgg,1,0,0,0,0,0,0,1,2,22060,0,0,0,300000.0,300000.0,36405248,6758400,1,0.03253333333333333
control_logistics_order_reconciliation,"SELECT po.purchase_order_id, po.total_value, SUM(pol.ordered_quantity * pol.unit_cost) AS line_value, po.total_value - SUM(pol.ordered_quantity * pol.unit_cost) AS difference FROM logistics.purchase_orders po JOIN logistics.purchase_order_lines pol USING (purchase_order_id) GROUP BY po.purchase_order_id HAVING ABS(po.total_value - SUM(pol.ordered_quantity * pol.unit_cost)) > 100 ORDER BY ABS(po.total_value - SUM(pol.ordered_quantity * pol.unit_cost)) DESC LIMIT 250",469,1,0,0,True,True,False,2,2,4,4,1,0,0,0,0,53957.6,53958.23,250.0,111,1160250.0,1243.781,6,5,2,Limit,0,2,0,0,0,1,0,1,1,2399300,23180,0,0,600000.0,480000.0,69771264,25427968,2,0.0005208333333333333
control_logistics_order_reconciliation,"SELECT po.purchase_order_id, po.total_value, SUM(pol.ordered_quantity * pol.unit_cost) AS line_value, po.total_value - SUM(pol.ordered_quantity * pol.unit_cost) AS difference FROM logistics.purchase_orders po JOIN logistics.purchase_order_lines pol USING (purchase_order_id) GROUP BY po.purchase_order_id HAVING ABS(po.total_value - SUM(pol.ordered_quantity * pol.unit_cost)) > 100 ORDER BY ABS(po.total_value - SUM(pol.ordered_quantity * pol.unit_cost)) DESC LIMIT 250",469,1,0,0,True,True,False,2,2,4,4,1,0,0,0,0,53957.6,53958.23,250.0,111,1160250.0,1639.283,6,5,2,Limit,0,2,0,0,0,1,0,1,1,2412815,9665,0,0,600000.0,480000.0,69771264,25427968,2,0.0005208333333333333
control_logistics_carrier_efficiency,"SELECT c.carrier_id, c.carrier_name, COUNT(*) AS shipments, AVG(sh.shipping_cost) AS avg_cost, AVG(EXTRACT(EPOCH FROM (sh.delivered_at - sh.shipped_at)) / 3600) AS avg_hours, COUNT(*) FILTER (WHERE sh.delivered_at > sh.promised_at)::numeric / COUNT(*) AS late_rate FROM logistics.carriers c JOIN logistics.shipments sh USING (carrier_id) WHERE sh.shipped_at >= DATE '2025-05-29' - INTERVAL '180 days' AND sh.delivered_at IS NOT NULL GROUP BY c.carrier_id ORDER BY late_rate, avg_cost",483,1,3,0,True,True,False,2,2,6,5,1,0,0,0,0,4342.48,4342.53,20.0,118,17692.0,50.219,6,5,2,Sort,2,0,0,0,1,0,0,1,1,8961,0,0,0,150020.0,150000.0,27926528,9535488,4,0.00013333333333333334
control_logistics_carrier_efficiency,"SELECT c.carrier_id, c.carrier_name, COUNT(*) AS shipments, AVG(sh.shipping_cost) AS avg_cost, AVG(EXTRACT(EPOCH FROM (sh.delivered_at - sh.shipped_at)) / 3600) AS avg_hours, COUNT(*) FILTER (WHERE sh.delivered_at > sh.promised_at)::numeric / COUNT(*) AS late_rate FROM logistics.carriers c JOIN logistics.shipments sh USING (carrier_id) WHERE sh.shipped_at >= DATE '2025-05-29' - INTERVAL '180 days' AND sh.delivered_at IS NOT NULL GROUP BY c.carrier_id ORDER BY late_rate, avg_cost",483,1,3,0,True,True,False,2,2,6,5,1,0,0,0,0,4342.48,4342.53,20.0,118,17692.0,51.553,6,5,2,Sort,2,0,0,0,1,0,0,1,1,8961,0,0,0,150020.0,150000.0,27926528,9535488,4,0.00013333333333333334
control_logistics_supplier_otif,"SELECT s.supplier_id, s.supplier_name, COUNT(po.purchase_order_id) AS orders, COUNT(*) FILTER (WHERE po.order_status = 'received' AND sh.delivered_at <= po.expected_at) AS on_time_in_full, AVG(EXTRACT(EPOCH FROM (sh.delivered_at - po.ordered_at)) / 3600) AS lead_hours FROM logistics.suppliers s JOIN logistics.purchase_orders po USING (supplier_id) LEFT JOIN logistics.shipments sh USING (purchase_order_id) WHERE s.country_code = 'DE' GROUP BY s.supplier_id HAVING COUNT(po.purchase_order_id) >= 3 ORDER BY on_time_in_full DESC, lead_hours LIMIT 200",551,2,3,0,True,True,False,3,3,5,4,1,1,0,0,0,7418.13,7418.63,200.0,69,191241.0,135.287,13,11,3,Limit,3,0,0,0,2,0,0,2,2,32485,462,0,0,275000.0,150000.0,42639360,12337152,4,0.0013333333333333333
control_logistics_supplier_otif,"SELECT s.supplier_id, s.supplier_name, COUNT(po.purchase_order_id) AS orders, COUNT(*) FILTER (WHERE po.order_status = 'received' AND sh.delivered_at <= po.expected_at) AS on_time_in_full, AVG(EXTRACT(EPOCH FROM (sh.delivered_at - po.ordered_at)) / 3600) AS lead_hours FROM logistics.suppliers s JOIN logistics.purchase_orders po USING (supplier_id) LEFT JOIN logistics.shipments sh USING (purchase_order_id) WHERE s.country_code = 'DE' GROUP BY s.supplier_id HAVING COUNT(po.purchase_order_id) >= 3 ORDER BY on_time_in_full DESC, lead_hours LIMIT 200",551,2,3,0,True,True,False,3,3,5,4,1,1,0,0,0,7418.13,7418.63,200.0,69,191241.0,158.629,13,11,3,Limit,3,0,0,0,2,0,0,2,2,32947,0,0,0,275000.0,150000.0,42639360,12337152,4,0.0013333333333333333
control_logistics_delivery_percentiles,"SELECT c.service_level, percentile_cont(0.5) WITHIN GROUP (ORDER BY sh.delivered_at - sh.shipped_at) AS p50, percentile_cont(0.9) WITHIN GROUP (ORDER BY sh.delivered_at - sh.shipped_at) AS p90, percentile_cont(0.99) WITHIN GROUP (ORDER BY sh.delivered_at - sh.shipped_at) AS p99 FROM logistics.shipments sh JOIN logistics.carriers c USING (carrier_id) WHERE c.service_level = 'economy' AND sh.delivered_at IS NOT NULL GROUP BY c.service_level",442,1,2,0,True,True,False,2,2,4,3,1,0,0,0,0,1.32,3880.69,1.0,56,38987.0,55.897,5,4,2,Aggregate,2,0,0,0,1,0,0,0,1,6721,0,0,0,150020.0,150000.0,27926528,9535488,4,6.666666666666667e-06
control_logistics_delivery_percentiles,"SELECT c.service_level, percentile_cont(0.5) WITHIN GROUP (ORDER BY sh.delivered_at - sh.shipped_at) AS p50, percentile_cont(0.9) WITHIN GROUP (ORDER BY sh.delivered_at - sh.shipped_at) AS p90, percentile_cont(0.99) WITHIN GROUP (ORDER BY sh.delivered_at - sh.shipped_at) AS p99 FROM logistics.shipments sh JOIN logistics.carriers c USING (carrier_id) WHERE c.service_level = 'economy' AND sh.delivered_at IS NOT NULL GROUP BY c.service_level",442,1,2,0,True,True,False,2,2,4,3,1,0,0,0,0,1.32,3880.69,1.0,56,38987.0,56.813,5,4,2,Aggregate,2,0,0,0,1,0,0,0,1,6721,0,0,0,150020.0,150000.0,27926528,9535488,4,6.666666666666667e-06
control_logistics_tracking_gaps,"WITH timeline AS ( SELECT shipment_id, event_type, event_time, LAG(event_time) OVER (PARTITION BY shipment_id ORDER BY event_time) AS prior_event FROM logistics.tracking_events ) SELECT shipment_id, event_type, event_time, event_time - prior_event AS event_gap FROM timeline WHERE event_type = 'customs' AND event_time - prior_event > INTERVAL '48 hours' ORDER BY event_gap DESC LIMIT 300",388,0,2,1,False,True,False,1,1,8,1,0,0,0,0,0,141070.01,141070.76,300.0,41,2333250.0,1968.901,6,6,1,Limit,1,0,0,0,0,0,0,2,0,0,73776,16485,16545,750000.0,750000.0,124403712,23609344,1,0.0004
control_logistics_tracking_gaps,"WITH timeline AS ( SELECT shipment_id, event_type, event_time, LAG(event_time) OVER (PARTITION BY shipment_id ORDER BY event_time) AS prior_event FROM logistics.tracking_events ) SELECT shipment_id, event_type, event_time, event_time - prior_event AS event_gap FROM timeline WHERE event_type = 'customs' AND event_time - prior_event > INTERVAL '48 hours' ORDER BY event_gap DESC LIMIT 300",388,0,2,1,False,True,False,1,1,8,1,0,0,0,0,0,141070.01,141070.76,300.0,41,2333250.0,1830.018,6,6,1,Limit,1,0,0,0,0,0,0,2,0,192,73584,16485,16545,750000.0,750000.0,124403712,23609344,1,0.0004
control_logistics_exception_funnel,"WITH cohort AS ( SELECT shipment_id FROM logistics.shipments WHERE shipped_at >= DATE '2024-08-06' - INTERVAL '90 days' AND shipped_at < DATE '2024-08-06' + INTERVAL '90 days' ) SELECT COUNT(DISTINCT c.shipment_id) AS shipments, COUNT(DISTINCT c.shipment_id) FILTER (WHERE e.event_type = 'departed') AS departed, COUNT(DISTINCT c.shipment_id) FILTER (WHERE e.event_type = 'customs') AS customs, COUNT(DISTINCT c.shipment_id) FILTER (WHERE e.event_type = 'exception') AS exceptions, COUNT(DISTINCT c.shipment_id) FILTER (WHERE e.event_type = 'delivered') AS delivered FROM cohort c LEFT JOIN logistics.tracking_events e USING (shipment_id)",638,1,6,1,False,False,False,2,2,6,5,0,1,0,0,0,37964.12,37964.13,1.0,40,518413.0,306.487,7,6,2,Aggregate,2,0,0,0,1,0,0,1,1,14368,61160,0,0,900000.0,750000.0,152281088,33112064,3,1.3333333333333334e-06
control_logistics_exception_funnel,"WITH cohort AS ( SELECT shipment_id FROM logistics.shipments WHERE shipped_at >= DATE '2024-08-06' - INTERVAL '90 days' AND shipped_at < DATE '2024-08-06' + INTERVAL '90 days' ) SELECT COUNT(DISTINCT c.shipment_id) AS shipments, COUNT(DISTINCT c.shipment_id) FILTER (WHERE e.event_type = 'departed') AS departed, COUNT(DISTINCT c.shipment_id) FILTER (WHERE e.event_type = 'customs') AS customs, COUNT(DISTINCT c.shipment_id) FILTER (WHERE e.event_type = 'exception') AS exceptions, COUNT(DISTINCT c.shipment_id) FILTER (WHERE e.event_type = 'delivered') AS delivered FROM cohort c LEFT JOIN logistics.tracking_events e USING (shipment_id)",638,1,6,1,False,False,False,2,2,6,5,0,1,0,0,0,37964.12,37964.13,1.0,40,518413.0,292.747,7,6,2,Aggregate,2,0,0,0,1,0,0,1,1,14848,60680,0,0,900000.0,750000.0,152281088,33112064,3,1.3333333333333334e-06
control_logistics_stockout_risk,"WITH balances AS ( SELECT facility_id, item_id, SUM(quantity_delta) AS on_hand FROM logistics.stock_movements GROUP BY facility_id, item_id ), demand AS ( SELECT facility_id, item_id, -SUM(quantity_delta) FILTER (WHERE quantity_delta < 0)::numeric / 60 AS daily_demand FROM logistics.stock_movements WHERE occurred_at >= timestamptz '2025-12-31 00:00:00+00' - INTERVAL '60 days' GROUP BY facility_id, item_id ) SELECT b.facility_id, b.item_id, b.on_hand, d.daily_demand, b.on_hand / NULLIF(d.daily_demand, 0) AS days_supply FROM balances b JOIN demand d USING (facility_id, item_id) WHERE b.on_hand / NULLIF(d.daily_demand, 0) < 14 ORDER BY days_supply LIMIT 300",662,1,3,2,True,True,False,2,1,11,2,1,0,0,0,0,18122.15,18122.9,300.0,84,402285.0,451.112,11,9,1,Limit,2,0,0,0,1,0,0,1,3,50610,0,0,0,300000.0,300000.0,36405248,6758400,1,0.001
control_logistics_stockout_risk,"WITH balances AS ( SELECT facility_id, item_id, SUM(quantity_delta) AS on_hand FROM logistics.stock_movements GROUP BY facility_id, item_id ), demand AS ( SELECT facility_id, item_id, -SUM(quantity_delta) FILTER (WHERE quantity_delta < 0)::numeric / 60 AS daily_demand FROM logistics.stock_movements WHERE occurred_at >= timestamptz '2025-12-31 00:00:00+00' - INTERVAL '60 days' GROUP BY facility_id, item_id ) SELECT b.facility_id, b.item_id, b.on_hand, d.daily_demand, b.on_hand / NULLIF(d.daily_demand, 0) AS days_supply FROM balances b JOIN demand d USING (facility_id, item_id) WHERE b.on_hand / NULLIF(d.daily_demand, 0) < 14 ORDER BY days_supply LIMIT 300",662,1,3,2,True,True,False,2,1,11,2,1,0,0,0,0,18122.15,18122.9,300.0,84,402285.0,583.041,11,9,1,Limit,2,0,0,0,1,0,0,1,3,50610,0,0,0,300000.0,300000.0,36405248,6758400,1,0.001
control_logistics_lane_performance,"SELECT origin_facility_id, destination_facility_id, COUNT(*) AS shipments, AVG(shipping_cost) AS avg_cost, AVG(delivered_at - shipped_at) AS avg_transit FROM logistics.shipments WHERE shipment_status = 'picked_up' GROUP BY origin_facility_id, destination_facility_id HAVING COUNT(*) >= 20 ORDER BY shipments DESC",312,0,1,0,True,True,False,1,1,5,4,0,0,0,0,0,4602.89,4603.64,300.0,64,31320.0,64.319,3,3,1,Sort,1,0,0,0,0,0,0,1,1,6717,0,0,0,150000.0,150000.0,27877376,9502720,2,0.002
control_logistics_lane_performance,"SELECT origin_facility_id, destination_facility_id, COUNT(*) AS shipments, AVG(shipping_cost) AS avg_cost, AVG(delivered_at - shipped_at) AS avg_transit FROM logistics.shipments WHERE shipment_status = 'picked_up' GROUP BY origin_facility_id, destination_facility_id HAVING COUNT(*) >= 20 ORDER BY shipments DESC",312,0,1,0,True,True,False,1,1,5,4,0,0,0,0,0,4602.89,4603.64,300.0,64,31320.0,67.7,3,3,1,Sort,1,0,0,0,0,0,0,1,1,6717,0,0,0,150000.0,150000.0,27877376,9502720,2,0.002
control_logistics_inventory_balance,"WITH balance AS ( SELECT sm.facility_id, sm.item_id, SUM(sm.quantity_delta) AS on_hand FROM logistics.stock_movements sm JOIN logistics.items i USING (item_id) WHERE i.item_class = 'fragile' GROUP BY sm.facility_id, sm.item_id ) SELECT facility_id, COUNT(*) FILTER (WHERE on_hand < 0) AS negative_items, SUM(on_hand) AS net_units, AVG(on_hand) AS avg_units FROM balance GROUP BY facility_id ORDER BY negative_items DESC",419,1,2,1,True,True,False,2,2,7,4,1,0,0,0,0,9448.31,9448.81,200.0,76,415400.0,201.81,7,6,2,Sort,2,0,0,0,1,0,0,1,2,19635,0,0,0,320000.0,300000.0,39690240,7872512,3,0.0006666666666666666
control_logistics_inventory_balance,"WITH balance AS ( SELECT sm.facility_id, sm.item_id, SUM(sm.quantity_delta) AS on_hand FROM logistics.stock_movements sm JOIN logistics.items i USING (item_id) WHERE i.item_class = 'fragile' GROUP BY sm.facility_id, sm.item_id ) SELECT facility_id, COUNT(*) FILTER (WHERE on_hand < 0) AS negative_items, SUM(on_hand) AS net_units, AVG(on_hand) AS avg_units FROM balance GROUP BY facility_id ORDER BY negative_items DESC",419,1,2,1,True,True,False,2,2,7,4,1,0,0,0,0,9448.31,9448.81,200.0,76,415400.0,205.566,7,6,2,Sort,2,0,0,0,1,0,0,1,2,19635,0,0,0,320000.0,300000.0,39690240,7872512,3,0.0006666666666666666
control_logistics_supplier_otif,"SELECT s.supplier_id, s.supplier_name, COUNT(po.purchase_order_id) AS orders, COUNT(*) FILTER (WHERE po.order_status = 'received' AND sh.delivered_at <= po.expected_at) AS on_time_in_full, AVG(EXTRACT(EPOCH FROM (sh.delivered_at - po.ordered_at)) / 3600) AS lead_hours FROM logistics.suppliers s JOIN logistics.purchase_orders po USING (supplier_id) LEFT JOIN logistics.shipments sh USING (purchase_order_id) WHERE s.country_code = 'PL' GROUP BY s.supplier_id HAVING COUNT(po.purchase_order_id) >= 3 ORDER BY on_time_in_full DESC, lead_hours LIMIT 200",551,2,3,0,True,True,False,3,3,5,4,1,1,0,0,0,7418.13,7418.63,200.0,69,191241.0,168.173,13,11,3,Limit,3,0,0,0,2,0,0,2,2,32947,0,0,0,275000.0,150000.0,42639360,12337152,4,0.0013333333333333333
control_logistics_supplier_otif,"SELECT s.supplier_id, s.supplier_name, COUNT(po.purchase_order_id) AS orders, COUNT(*) FILTER (WHERE po.order_status = 'received' AND sh.delivered_at <= po.expected_at) AS on_time_in_full, AVG(EXTRACT(EPOCH FROM (sh.delivered_at - po.ordered_at)) / 3600) AS lead_hours FROM logistics.suppliers s JOIN logistics.purchase_orders po USING (supplier_id) LEFT JOIN logistics.shipments sh USING (purchase_order_id) WHERE s.country_code = 'PL' GROUP BY s.supplier_id HAVING COUNT(po.purchase_order_id) >= 3 ORDER BY on_time_in_full DESC, lead_hours LIMIT 200",551,2,3,0,True,True,False,3,3,5,4,1,1,0,0,0,7418.13,7418.63,200.0,69,191241.0,128.2,13,11,3,Limit,3,0,0,0,2,0,0,2,2,32947,0,0,0,275000.0,150000.0,42639360,12337152,4,0.0013333333333333333
control_logistics_shipment_value_density,"SELECT sh.shipment_id, SUM(si.quantity * i.unit_value) AS cargo_value, SUM(si.quantity * i.unit_weight_kg) AS cargo_weight, SUM(si.quantity * i.unit_value) / NULLIF(SUM(si.quantity * i.unit_weight_kg), 0) AS value_per_kg FROM logistics.shipments sh JOIN logistics.shipment_items si USING (shipment_id) JOIN logistics.items i USING (item_id) WHERE i.item_class = 'standard' GROUP BY sh.shipment_id ORDER BY value_per_kg DESC LIMIT 250",433,2,1,0,True,True,False,3,3,4,4,2,0,0,0,0,33576.12,33576.74,250.0,104,1210250.0,1279.685,10,7,3,Limit,3,0,0,0,2,0,0,1,1,15254,19854,2145,4608,620000.0,450000.0,77217792,29532160,5,0.0005555555555555556
control_logistics_shipment_value_density,"SELECT sh.shipment_id, SUM(si.quantity * i.unit_value) AS cargo_value, SUM(si.quantity * i.unit_weight_kg) AS cargo_weight, SUM(si.quantity * i.unit_value) / NULLIF(SUM(si.quantity * i.unit_weight_kg), 0) AS value_per_kg FROM logistics.shipments sh JOIN logistics.shipment_items si USING (shipment_id) JOIN logistics.items i USING (item_id) WHERE i.item_class = 'standard' GROUP BY sh.shipment_id ORDER BY value_per_kg DESC LIMIT 250",433,2,1,0,True,True,False,3,3,4,4,2,0,0,0,0,33576.12,33576.74,250.0,104,1210250.0,1413.41,10,7,3,Limit,3,0,0,0,2,0,0,1,1,35108,0,2145,4608,620000.0,450000.0,77217792,29532160,5,0.0005555555555555556
control_logistics_lead_time_outliers,"WITH bounds AS ( SELECT percentile_cont(0.25) WITHIN GROUP (ORDER BY expected_at - ordered_at) AS q1, percentile_cont(0.75) WITHIN GROUP (ORDER BY expected_at - ordered_at) AS q3 FROM logistics.purchase_orders WHERE priority = 'high' ) SELECT po.purchase_order_id, po.supplier_id, po.expected_at - po.ordered_at AS planned_lead_time FROM logistics.purchase_orders po CROSS JOIN bounds b WHERE po.priority = 'high' AND po.expected_at - po.ordered_at > b.q3 + 1.5 * (b.q3 - b.q1) ORDER BY planned_lead_time DESC LIMIT 250",519,1,3,1,False,True,False,2,1,5,2,0,0,0,0,1,7111.95,7112.57,250.0,32,80475.0,83.674,6,5,1,Limit,2,0,0,0,0,0,1,1,1,12645,0,0,0,120000.0,120000.0,14245888,2703360,1,0.0020833333333333333
control_logistics_lead_time_outliers,"WITH bounds AS ( SELECT percentile_cont(0.25) WITHIN GROUP (ORDER BY expected_at - ordered_at) AS q1, percentile_cont(0.75) WITHIN GROUP (ORDER BY expected_at - ordered_at) AS q3 FROM logistics.purchase_orders WHERE priority = 'high' ) SELECT po.purchase_order_id, po.supplier_id, po.expected_at - po.ordered_at AS planned_lead_time FROM logistics.purchase_orders po CROSS JOIN bounds b WHERE po.priority = 'high' AND po.expected_at - po.ordered_at > b.q3 + 1.5 * (b.q3 - b.q1) ORDER BY planned_lead_time DESC LIMIT 250",519,1,3,1,False,True,False,2,1,5,2,0,0,0,0,1,7111.95,7112.57,250.0,32,80475.0,84.355,6,5,1,Limit,2,0,0,0,0,0,1,1,1,12645,0,0,0,120000.0,120000.0,14245888,2703360,1,0.0020833333333333333
control_logistics_facility_throughput,"WITH daily AS ( SELECT occurred_at::date AS day, SUM(ABS(quantity_delta)) AS moved_units, COUNT(*) AS movements FROM logistics.stock_movements WHERE facility_id = 28 GROUP BY occurred_at::date ) SELECT day, moved_units, movements, SUM(moved_units) OVER (ORDER BY day ROWS BETWEEN 29 PRECEDING AND CURRENT ROW) AS rolling_units, AVG(movements) OVER (ORDER BY day ROWS BETWEEN 29 PRECEDING AND CURRENT ROW) AS rolling_events FROM daily ORDER BY day",446,0,1,1,True,True,False,1,1,8,4,0,0,0,0,0,6451.99,7946.01,10460.0,84,42710.0,59.751,6,6,1,WindowAgg,1,0,0,0,0,0,0,1,2,22060,0,0,0,300000.0,300000.0,36405248,6758400,1,0.034866666666666664
control_logistics_facility_throughput,"WITH daily AS ( SELECT occurred_at::date AS day, SUM(ABS(quantity_delta)) AS moved_units, COUNT(*) AS movements FROM logistics.stock_movements WHERE facility_id = 28 GROUP BY occurred_at::date ) SELECT day, moved_units, movements, SUM(moved_units) OVER (ORDER BY day ROWS BETWEEN 29 PRECEDING AND CURRENT ROW) AS rolling_units, AVG(movements) OVER (ORDER BY day ROWS BETWEEN 29 PRECEDING AND CURRENT ROW) AS rolling_events FROM daily ORDER BY day",446,0,1,1,True,True,False,1,1,8,4,0,0,0,0,0,6451.99,7946.01,10460.0,84,42710.0,63.252,6,6,1,WindowAgg,1,0,0,0,0,0,0,1,2,22060,0,0,0,300000.0,300000.0,36405248,6758400,1,0.034866666666666664
control_logistics_latest_tracking_event,"SELECT DISTINCT ON (shipment_id) shipment_id, event_type, event_time, facility_id FROM logistics.tracking_events WHERE facility_id = 27 ORDER BY shipment_id, event_time DESC",173,0,1,0,False,True,True,1,1,4,0,0,0,0,0,0,17901.28,20890.31,23519.0,29,69582.0,116.729,4,4,1,Unique,1,0,0,0,0,0,0,1,0,1294,48160,0,0,750000.0,750000.0,124403712,23609344,1,0.03135866666666667
control_logistics_latest_tracking_event,"SELECT DISTINCT ON (shipment_id) shipment_id, event_type, event_time, facility_id FROM logistics.tracking_events WHERE facility_id = 27 ORDER BY shipment_id, event_time DESC",173,0,1,0,False,True,True,1,1,4,0,0,0,0,0,0,17901.28,20890.31,23519.0,29,69582.0,109.829,4,4,1,Unique,1,0,0,0,0,0,0,1,0,1678,47776,0,0,750000.0,750000.0,124403712,23609344,1,0.03135866666666667
control_logistics_order_reconciliation,"SELECT po.purchase_order_id, po.total_value, SUM(pol.ordered_quantity * pol.unit_cost) AS line_value, po.total_value - SUM(pol.ordered_quantity * pol.unit_cost) AS difference FROM logistics.purchase_orders po JOIN logistics.purchase_order_lines pol USING (purchase_order_id) GROUP BY po.purchase_order_id HAVING ABS(po.total_value - SUM(pol.ordered_quantity * pol.unit_cost)) > 250 ORDER BY ABS(po.total_value - SUM(pol.ordered_quantity * pol.unit_cost)) DESC LIMIT 250",469,1,0,0,True,True,False,2,2,4,4,1,0,0,0,0,53957.6,53958.23,250.0,111,1160250.0,1381.876,6,5,2,Limit,0,2,0,0,0,1,0,1,1,2402055,20425,0,0,600000.0,480000.0,69771264,25427968,2,0.0005208333333333333
control_logistics_order_reconciliation,"SELECT po.purchase_order_id, po.total_value, SUM(pol.ordered_quantity * pol.unit_cost) AS line_value, po.total_value - SUM(pol.ordered_quantity * pol.unit_cost) AS difference FROM logistics.purchase_orders po JOIN logistics.purchase_order_lines pol USING (purchase_order_id) GROUP BY po.purchase_order_id HAVING ABS(po.total_value - SUM(pol.ordered_quantity * pol.unit_cost)) > 250 ORDER BY ABS(po.total_value - SUM(pol.ordered_quantity * pol.unit_cost)) DESC LIMIT 250",469,1,0,0,True,True,False,2,2,4,4,1,0,0,0,0,53957.6,53958.23,250.0,111,1160250.0,1250.258,6,5,2,Limit,0,2,0,0,0,1,0,1,1,2413015,9465,0,0,600000.0,480000.0,69771264,25427968,2,0.0005208333333333333
control_logistics_lane_performance,"SELECT origin_facility_id, destination_facility_id, COUNT(*) AS shipments, AVG(shipping_cost) AS avg_cost, AVG(delivered_at - shipped_at) AS avg_transit FROM logistics.shipments WHERE shipment_status = 'exception' GROUP BY origin_facility_id, destination_facility_id HAVING COUNT(*) >= 20 ORDER BY shipments DESC",312,0,1,0,True,True,False,1,1,5,4,0,0,0,0,0,4586.77,4587.52,300.0,64,30245.0,49.999,3,3,1,Sort,1,0,0,0,0,0,0,1,1,6717,0,0,0,150000.0,150000.0,27877376,9502720,2,0.002
control_logistics_lane_performance,"SELECT origin_facility_id, destination_facility_id, COUNT(*) AS shipments, AVG(shipping_cost) AS avg_cost, AVG(delivered_at - shipped_at) AS avg_transit FROM logistics.shipments WHERE shipment_status = 'exception' GROUP BY origin_facility_id, destination_facility_id HAVING COUNT(*) >= 20 ORDER BY shipments DESC",312,0,1,0,True,True,False,1,1,5,4,0,0,0,0,0,4586.77,4587.52,300.0,64,30245.0,64.633,3,3,1,Sort,1,0,0,0,0,0,0,1,1,6717,0,0,0,150000.0,150000.0,27877376,9502720,2,0.002
control_logistics_carrier_efficiency,"SELECT c.carrier_id, c.carrier_name, COUNT(*) AS shipments, AVG(sh.shipping_cost) AS avg_cost, AVG(EXTRACT(EPOCH FROM (sh.delivered_at - sh.shipped_at)) / 3600) AS avg_hours, COUNT(*) FILTER (WHERE sh.delivered_at > sh.promised_at)::numeric / COUNT(*) AS late_rate FROM logistics.carriers c JOIN logistics.shipments sh USING (carrier_id) WHERE sh.shipped_at >= DATE '2024-04-18' - INTERVAL '180 days' AND sh.delivered_at IS NOT NULL GROUP BY c.carrier_id ORDER BY late_rate, avg_cost",483,1,3,0,True,True,False,2,2,6,5,1,0,0,0,0,4570.99,4571.04,20.0,118,35488.0,66.414,6,5,2,Sort,2,0,0,0,1,0,0,1,1,8961,0,0,0,150020.0,150000.0,27926528,9535488,4,0.00013333333333333334
control_logistics_carrier_efficiency,"SELECT c.carrier_id, c.carrier_name, COUNT(*) AS shipments, AVG(sh.shipping_cost) AS avg_cost, AVG(EXTRACT(EPOCH FROM (sh.delivered_at - sh.shipped_at)) / 3600) AS avg_hours, COUNT(*) FILTER (WHERE sh.delivered_at > sh.promised_at)::numeric / COUNT(*) AS late_rate FROM logistics.carriers c JOIN logistics.shipments sh USING (carrier_id) WHERE sh.shipped_at >= DATE '2024-04-18' - INTERVAL '180 days' AND sh.delivered_at IS NOT NULL GROUP BY c.carrier_id ORDER BY late_rate, avg_cost",483,1,3,0,True,True,False,2,2,6,5,1,0,0,0,0,4570.99,4571.04,20.0,118,35488.0,79.535,6,5,2,Sort,2,0,0,0,1,0,0,1,1,8961,0,0,0,150020.0,150000.0,27926528,9535488,4,0.00013333333333333334
control_logistics_item_velocity_class,"WITH velocity AS ( SELECT item_id, SUM(ABS(quantity_delta)) AS moved_units FROM logistics.stock_movements WHERE facility_id = 7 GROUP BY item_id ), classified AS ( SELECT *, NTILE(3) OVER (ORDER BY moved_units DESC) AS velocity_class FROM velocity ) SELECT velocity_class, COUNT(*) AS items, SUM(moved_units) AS units, AVG(moved_units) AS avg_units FROM classified GROUP BY velocity_class ORDER BY velocity_class",412,0,1,2,True,True,False,1,1,8,5,0,0,0,0,0,8166.41,8166.91,200.0,76,50744.0,71.102,9,9,1,Sort,1,0,0,0,0,0,0,2,3,32535,0,0,0,300000.0,300000.0,36405248,6758400,1,0.0006666666666666666
control_logistics_item_velocity_class,"WITH velocity AS ( SELECT item_id, SUM(ABS(quantity_delta)) AS moved_units FROM logistics.stock_movements WHERE facility_id = 7 GROUP BY item_id ), classified AS ( SELECT *, NTILE(3) OVER (ORDER BY moved_units DESC) AS velocity_class FROM velocity ) SELECT velocity_class, COUNT(*) AS items, SUM(moved_units) AS units, AVG(moved_units) AS avg_units FROM classified GROUP BY velocity_class ORDER BY velocity_class",412,0,1,2,True,True,False,1,1,8,5,0,0,0,0,0,8166.41,8166.91,200.0,76,50744.0,55.923,9,9,1,Sort,1,0,0,0,0,0,0,2,3,32535,0,0,0,300000.0,300000.0,36405248,6758400,1,0.0006666666666666666
control_logistics_supplier_concentration,"WITH supplier_value AS ( SELECT supplier_id, SUM(total_value)::numeric AS supplied_value FROM logistics.purchase_orders WHERE destination_facility_id = 25 GROUP BY supplier_id ), shares AS ( SELECT *, supplied_value / SUM(supplied_value) OVER () AS share FROM supplier_value ) SELECT SUM(share * share) AS hhi, COUNT(*) AS suppliers, MAX(share) AS largest_supplier_share FROM shares",382,0,1,2,True,False,False,1,1,7,5,0,0,0,0,0,3092.43,3092.44,1.0,72,12914.0,20.751,5,5,1,Aggregate,1,0,0,0,0,0,0,0,2,7025,0,0,0,120000.0,120000.0,14245888,2703360,1,8.333333333333334e-06
control_logistics_supplier_concentration,"WITH supplier_value AS ( SELECT supplier_id, SUM(total_value)::numeric AS supplied_value FROM logistics.purchase_orders WHERE destination_facility_id = 25 GROUP BY supplier_id ), shares AS ( SELECT *, supplied_value / SUM(supplied_value) OVER () AS share FROM supplier_value ) SELECT SUM(share * share) AS hhi, COUNT(*) AS suppliers, MAX(share) AS largest_supplier_share FROM shares",382,0,1,2,True,False,False,1,1,7,5,0,0,0,0,0,3092.43,3092.44,1.0,72,12914.0,21.033,5,5,1,Aggregate,1,0,0,0,0,0,0,0,2,7025,0,0,0,120000.0,120000.0,14245888,2703360,1,8.333333333333334e-06
control_logistics_tracking_gaps,"WITH timeline AS ( SELECT shipment_id, event_type, event_time, LAG(event_time) OVER (PARTITION BY shipment_id ORDER BY event_time) AS prior_event FROM logistics.tracking_events ) SELECT shipment_id, event_type, event_time, event_time - prior_event AS event_gap FROM timeline WHERE event_type = 'departed' AND event_time - prior_event > INTERVAL '48 hours' ORDER BY event_gap DESC LIMIT 300",389,0,2,1,False,True,False,1,1,8,1,0,0,0,0,0,141089.07,141089.82,300.0,41,2334034.0,1754.198,6,6,1,Limit,1,0,0,0,0,0,0,2,0,0,73776,16485,16545,750000.0,750000.0,124403712,23609344,1,0.0004
control_logistics_tracking_gaps,"WITH timeline AS ( SELECT shipment_id, event_type, event_time, LAG(event_time) OVER (PARTITION BY shipment_id ORDER BY event_time) AS prior_event FROM logistics.tracking_events ) SELECT shipment_id, event_type, event_time, event_time - prior_event AS event_gap FROM timeline WHERE event_type = 'departed' AND event_time - prior_event > INTERVAL '48 hours' ORDER BY event_gap DESC LIMIT 300",389,0,2,1,False,True,False,1,1,8,1,0,0,0,0,0,141089.07,141089.82,300.0,41,2334034.0,1718.808,6,6,1,Limit,1,0,0,0,0,0,0,2,0,192,73584,16485,16545,750000.0,750000.0,124403712,23609344,1,0.0004
control_logistics_delivery_percentiles,"SELECT c.service_level, percentile_cont(0.5) WITHIN GROUP (ORDER BY sh.delivered_at - sh.shipped_at) AS p50, percentile_cont(0.9) WITHIN GROUP (ORDER BY sh.delivered_at - sh.shipped_at) AS p90, percentile_cont(0.99) WITHIN GROUP (ORDER BY sh.delivered_at - sh.shipped_at) AS p99 FROM logistics.shipments sh JOIN logistics.carriers c USING (carrier_id) WHERE c.service_level = 'economy' AND sh.delivered_at IS NOT NULL GROUP BY c.service_level",442,1,2,0,True,True,False,2,2,4,3,1,0,0,0,0,1.32,3880.69,1.0,56,38987.0,43.951,5,4,2,Aggregate,2,0,0,0,1,0,0,0,1,6721,0,0,0,150020.0,150000.0,27926528,9535488,4,6.666666666666667e-06
control_logistics_delivery_percentiles,"SELECT c.service_level, percentile_cont(0.5) WITHIN GROUP (ORDER BY sh.delivered_at - sh.shipped_at) AS p50, percentile_cont(0.9) WITHIN GROUP (ORDER BY sh.delivered_at - sh.shipped_at) AS p90, percentile_cont(0.99) WITHIN GROUP (ORDER BY sh.delivered_at - sh.shipped_at) AS p99 FROM logistics.shipments sh JOIN logistics.carriers c USING (carrier_id) WHERE c.service_level = 'economy' AND sh.delivered_at IS NOT NULL GROUP BY c.service_level",442,1,2,0,True,True,False,2,2,4,3,1,0,0,0,0,1.32,3880.69,1.0,56,38987.0,50.092,5,4,2,Aggregate,2,0,0,0,1,0,0,0,1,6721,0,0,0,150020.0,150000.0,27926528,9535488,4,6.666666666666667e-06
control_logistics_stockout_risk,"WITH balances AS ( SELECT facility_id, item_id, SUM(quantity_delta) AS on_hand FROM logistics.stock_movements GROUP BY facility_id, item_id ), demand AS ( SELECT facility_id, item_id, -SUM(quantity_delta) FILTER (WHERE quantity_delta < 0)::numeric / 60 AS daily_demand FROM logistics.stock_movements WHERE occurred_at >= timestamptz '2025-12-31 00:00:00+00' - INTERVAL '60 days' GROUP BY facility_id, item_id ) SELECT b.facility_id, b.item_id, b.on_hand, d.daily_demand, b.on_hand / NULLIF(d.daily_demand, 0) AS days_supply FROM balances b JOIN demand d USING (facility_id, item_id) WHERE b.on_hand / NULLIF(d.daily_demand, 0) < 14 ORDER BY days_supply LIMIT 300",662,1,3,2,True,True,False,2,1,11,2,1,0,0,0,0,18122.15,18122.9,300.0,84,402285.0,525.365,11,9,1,Limit,2,0,0,0,1,0,0,1,3,50610,0,0,0,300000.0,300000.0,36405248,6758400,1,0.001
control_logistics_stockout_risk,"WITH balances AS ( SELECT facility_id, item_id, SUM(quantity_delta) AS on_hand FROM logistics.stock_movements GROUP BY facility_id, item_id ), demand AS ( SELECT facility_id, item_id, -SUM(quantity_delta) FILTER (WHERE quantity_delta < 0)::numeric / 60 AS daily_demand FROM logistics.stock_movements WHERE occurred_at >= timestamptz '2025-12-31 00:00:00+00' - INTERVAL '60 days' GROUP BY facility_id, item_id ) SELECT b.facility_id, b.item_id, b.on_hand, d.daily_demand, b.on_hand / NULLIF(d.daily_demand, 0) AS days_supply FROM balances b JOIN demand d USING (facility_id, item_id) WHERE b.on_hand / NULLIF(d.daily_demand, 0) < 14 ORDER BY days_supply LIMIT 300",662,1,3,2,True,True,False,2,1,11,2,1,0,0,0,0,18122.15,18122.9,300.0,84,402285.0,654.721,11,9,1,Limit,2,0,0,0,1,0,0,1,3,50610,0,0,0,300000.0,300000.0,36405248,6758400,1,0.001
control_logistics_exception_funnel,"WITH cohort AS ( SELECT shipment_id FROM logistics.shipments WHERE shipped_at >= DATE '2025-03-19' - INTERVAL '90 days' AND shipped_at < DATE '2025-03-19' + INTERVAL '90 days' ) SELECT COUNT(DISTINCT c.shipment_id) AS shipments, COUNT(DISTINCT c.shipment_id) FILTER (WHERE e.event_type = 'departed') AS departed, COUNT(DISTINCT c.shipment_id) FILTER (WHERE e.event_type = 'customs') AS customs, COUNT(DISTINCT c.shipment_id) FILTER (WHERE e.event_type = 'exception') AS exceptions, COUNT(DISTINCT c.shipment_id) FILTER (WHERE e.event_type = 'delivered') AS delivered FROM cohort c LEFT JOIN logistics.tracking_events e USING (shipment_id)",638,1,6,1,False,False,False,2,2,6,5,0,1,0,0,0,37824.7,37824.71,1.0,40,516768.0,309.685,7,6,2,Aggregate,2,0,0,0,1,0,0,1,1,14368,61160,0,0,900000.0,750000.0,152281088,33112064,3,1.3333333333333334e-06
control_logistics_exception_funnel,"WITH cohort AS ( SELECT shipment_id FROM logistics.shipments WHERE shipped_at >= DATE '2025-03-19' - INTERVAL '90 days' AND shipped_at < DATE '2025-03-19' + INTERVAL '90 days' ) SELECT COUNT(DISTINCT c.shipment_id) AS shipments, COUNT(DISTINCT c.shipment_id) FILTER (WHERE e.event_type = 'departed') AS departed, COUNT(DISTINCT c.shipment_id) FILTER (WHERE e.event_type = 'customs') AS customs, COUNT(DISTINCT c.shipment_id) FILTER (WHERE e.event_type = 'exception') AS exceptions, COUNT(DISTINCT c.shipment_id) FILTER (WHERE e.event_type = 'delivered') AS delivered FROM cohort c LEFT JOIN logistics.tracking_events e USING (shipment_id)",638,1,6,1,False,False,False,2,2,6,5,0,1,0,0,0,37824.7,37824.71,1.0,40,516768.0,307.317,7,6,2,Aggregate,2,0,0,0,1,0,0,1,1,14848,60680,0,0,900000.0,750000.0,152281088,33112064,3,1.3333333333333334e-06
