template_id,sql_text,query_length,join_count,where_condition_count,subquery_count,has_group_by,has_order_by,has_distinct,table_reference_count,unique_table_count,select_expression_count,aggregate_function_count,inner_join_count,left_join_count,right_join_count,full_join_count,cross_join_count,estimated_startup_cost,estimated_total_cost,estimated_plan_rows,estimated_plan_width,estimated_rows_all_nodes,actual_total_time_ms,node_count,max_plan_depth,relation_count,root_node_type,seq_scan_count,index_scan_count,index_only_scan_count,bitmap_heap_scan_count,hash_join_count,merge_join_count,nested_loop_count,sort_node_count,aggregate_node_count,shared_hit_blocks,shared_read_blocks,temp_read_blocks,temp_written_blocks,relation_row_estimate_sum,largest_relation_rows,relation_size_bytes,index_size_bytes,existing_index_count,estimated_selectivity
pagila_overdue_rentals,"SELECT r.customer_id, COUNT(*) AS overdue_count, AVG(EXTRACT(EPOCH FROM (r.return_date - r.rental_date)) / 86400) AS avg_days FROM pagila.rental r WHERE r.return_date IS NOT NULL AND r.return_date - r.rental_date > INTERVAL '8 days' GROUP BY r.customer_id ORDER BY overdue_count DESC",283,0,2,0,True,True,False,1,1,3,2,0,0,0,0,0,505.09,506.58,599.0,44,6485.0,2.72,3,3,1,Sort,1,0,0,0,0,0,0,1,1,453,0,0,0,16044.0,16044.0,2490368,1228800,3,0.037334829219645975
pagila_overdue_rentals,"SELECT r.customer_id, COUNT(*) AS overdue_count, AVG(EXTRACT(EPOCH FROM (r.return_date - r.rental_date)) / 86400) AS avg_days FROM pagila.rental r WHERE r.return_date IS NOT NULL AND r.return_date - r.rental_date > INTERVAL '8 days' GROUP BY r.customer_id ORDER BY overdue_count DESC",283,0,2,0,True,True,False,1,1,3,2,0,0,0,0,0,505.09,506.58,599.0,44,6485.0,2.587,3,3,1,Sort,1,0,0,0,0,0,0,1,1,450,0,0,0,16044.0,16044.0,2490368,1228800,3,0.037334829219645975
pagila_inventory_availability,"SELECT i.store_id, COUNT(*) AS copies, COUNT(*) FILTER (WHERE r.rental_id IS NULL) AS available FROM pagila.inventory i LEFT JOIN pagila.rental r ON r.inventory_id = i.inventory_id AND r.return_date IS NULL WHERE i.film_id BETWEEN 598 AND 698 GROUP BY i.store_id ORDER BY i.store_id",282,1,2,0,True,True,False,2,2,3,2,0,1,0,0,0,418.89,418.89,2.0,20,1570.0,1.055,6,5,2,Sort,2,0,0,0,1,0,0,1,1,753,0,0,0,20625.0,16044.0,3006464,1466368,5,0.00012465719272001995
pagila_inventory_availability,"SELECT i.store_id, COUNT(*) AS copies, COUNT(*) FILTER (WHERE r.rental_id IS NULL) AS available FROM pagila.inventory i LEFT JOIN pagila.rental r ON r.inventory_id = i.inventory_id AND r.return_date IS NULL WHERE i.film_id BETWEEN 598 AND 698 GROUP BY i.store_id ORDER BY i.store_id",282,1,2,0,True,True,False,2,2,3,2,0,1,0,0,0,418.89,418.89,2.0,20,1570.0,0.975,6,5,2,Sort,2,0,0,0,1,0,0,1,1,750,0,0,0,20625.0,16044.0,3006464,1466368,5,0.00012465719272001995
pagila_replacement_exposure,"SELECT f.rating, COUNT(*) AS copies, SUM(f.replacement_cost) AS exposure FROM pagila.film f JOIN pagila.inventory i USING (film_id) WHERE f.replacement_cost >= 30 GROUP BY f.rating ORDER BY exposure DESC",203,1,1,0,True,True,False,2,2,3,2,1,0,0,0,0,164.53,164.54,1.0,44,4595.0,0.339,7,6,2,Sort,2,0,0,0,1,0,0,2,1,412,0,0,0,5581.0,4581.0,1286144,450560,7,0.00021829294913774285
pagila_replacement_exposure,"SELECT f.rating, COUNT(*) AS copies, SUM(f.replacement_cost) AS exposure FROM pagila.film f JOIN pagila.inventory i USING (film_id) WHERE f.replacement_cost >= 30 GROUP BY f.rating ORDER BY exposure DESC",203,1,1,0,True,True,False,2,2,3,2,1,0,0,0,0,164.53,164.54,1.0,44,4595.0,0.226,7,6,2,Sort,2,0,0,0,1,0,0,2,1,394,0,0,0,5581.0,4581.0,1286144,450560,7,0.00021829294913774285
pagila_unrented_films,"SELECT f.film_id, f.title FROM pagila.film f WHERE f.rating = 'R' AND NOT EXISTS ( SELECT 1 FROM pagila.inventory i JOIN pagila.rental r USING (inventory_id) WHERE i.film_id = f.film_id ) ORDER BY f.title",204,1,3,1,False,True,False,3,3,3,0,1,0,0,0,0,764.11,764.13,8.0,19,57505.0,5.822,8,6,3,Sort,3,0,0,0,2,0,0,1,0,1125,0,0,0,21625.0,16044.0,3776512,1679360,10,0.0004986287708800798
pagila_unrented_films,"SELECT f.film_id, f.title FROM pagila.film f WHERE f.rating = 'R' AND NOT EXISTS ( SELECT 1 FROM pagila.inventory i JOIN pagila.rental r USING (inventory_id) WHERE i.film_id = f.film_id ) ORDER BY f.title",204,1,3,1,False,True,False,3,3,3,0,1,0,0,0,0,764.11,764.13,8.0,19,57505.0,5.932,8,6,3,Sort,3,0,0,0,2,0,0,1,0,1122,0,0,0,21625.0,16044.0,3776512,1679360,10,0.0004986287708800798
pagila_top_films_per_category,"WITH ranked AS ( SELECT c.name AS category, f.title, COUNT(r.rental_id) AS rentals, dense_rank() OVER (PARTITION BY c.category_id ORDER BY COUNT(r.rental_id) DESC) AS rank FROM pagila.category c JOIN pagila.film_category fc USING (category_id) JOIN pagila.film f USING (film_id) JOIN pagila.inventory i USING (film_id) LEFT JOIN pagila.rental r USING (inventory_id) WHERE f.rating = 'G' GROUP BY c.category_id, c.name, f.film_id, f.title ) SELECT category, title, rentals FROM ranked WHERE rank <= 7 ORDER BY category, rentals DESC",531,4,2,1,True,True,False,5,5,7,3,3,1,0,0,0,1074.16,1081.28,2848.0,30,41271.0,3.977,18,13,5,Sort,5,0,0,0,4,0,0,2,1,2236,0,0,0,22641.0,16044.0,3923968,1736704,12,0.1775118424333084
pagila_top_films_per_category,"WITH ranked AS ( SELECT c.name AS category, f.title, COUNT(r.rental_id) AS rentals, dense_rank() OVER (PARTITION BY c.category_id ORDER BY COUNT(r.rental_id) DESC) AS rank FROM pagila.category c JOIN pagila.film_category fc USING (category_id) JOIN pagila.film f USING (film_id) JOIN pagila.inventory i USING (film_id) LEFT JOIN pagila.rental r USING (inventory_id) WHERE f.rating = 'G' GROUP BY c.category_id, c.name, f.film_id, f.title ) SELECT category, title, rentals FROM ranked WHERE rank <= 7 ORDER BY category, rentals DESC",531,4,2,1,True,True,False,5,5,7,3,3,1,0,0,0,1074.16,1081.28,2848.0,30,41271.0,3.936,18,13,5,Sort,5,0,0,0,4,0,0,2,1,2236,0,0,0,22641.0,16044.0,3923968,1736704,12,0.1775118424333084
pagila_country_revenue,"SELECT co.country, COUNT(DISTINCT cu.customer_id) AS customers, SUM(p.amount) AS revenue FROM pagila.country co JOIN pagila.city ci USING (country_id) JOIN pagila.address a USING (city_id) JOIN pagila.customer cu USING (address_id) JOIN pagila.payment p USING (customer_id) WHERE co.country_id >= 69 GROUP BY co.country ORDER BY revenue DESC",341,4,1,0,True,True,False,5,5,3,2,4,0,0,0,0,984.61,984.71,41.0,49,47476.0,7.452,23,12,11,Sort,11,0,0,0,4,0,0,2,1,928,0,0,0,17960.0,16049.0,557056,262144,10,0.0025546763038195525
pagila_country_revenue,"SELECT co.country, COUNT(DISTINCT cu.customer_id) AS customers, SUM(p.amount) AS revenue FROM pagila.country co JOIN pagila.city ci USING (country_id) JOIN pagila.address a USING (city_id) JOIN pagila.customer cu USING (address_id) JOIN pagila.payment p USING (customer_id) WHERE co.country_id >= 69 GROUP BY co.country ORDER BY revenue DESC",341,4,1,0,True,True,False,5,5,3,2,4,0,0,0,0,984.61,984.71,41.0,49,47476.0,7.35,23,12,11,Sort,11,0,0,0,4,0,0,2,1,928,0,0,0,17960.0,16049.0,557056,262144,10,0.0025546763038195525
pagila_customer_lifetime_value,"SELECT c.customer_id, c.first_name, c.last_name, COUNT(p.payment_id) AS payments, SUM(p.amount) AS lifetime_value FROM pagila.customer c JOIN pagila.payment p USING (customer_id) WHERE c.customer_id >= 274 GROUP BY c.customer_id, c.first_name, c.last_name HAVING COUNT(p.payment_id) >= 11 ORDER BY lifetime_value DESC LIMIT 50",326,1,1,0,True,True,False,2,2,5,3,1,0,0,0,0,498.75,498.87,50.0,57,41753.0,5.132,14,6,8,Limit,8,0,0,0,1,0,0,1,1,780,0,0,0,16648.0,16049.0,229376,122880,5,0.0031154589070970153
pagila_customer_lifetime_value,"SELECT c.customer_id, c.first_name, c.last_name, COUNT(p.payment_id) AS payments, SUM(p.amount) AS lifetime_value FROM pagila.customer c JOIN pagila.payment p USING (customer_id) WHERE c.customer_id >= 274 GROUP BY c.customer_id, c.first_name, c.last_name HAVING COUNT(p.payment_id) >= 11 ORDER BY lifetime_value DESC LIMIT 50",326,1,1,0,True,True,False,2,2,5,3,1,0,0,0,0,498.75,498.87,50.0,57,41753.0,5.176,14,6,8,Limit,8,0,0,0,1,0,0,1,1,780,0,0,0,16648.0,16049.0,229376,122880,5,0.0031154589070970153
pagila_store_inventory_turnover,"SELECT i.store_id, COUNT(DISTINCT i.inventory_id) AS inventory, COUNT(r.rental_id) AS rentals, COUNT(r.rental_id)::numeric / NULLIF(COUNT(DISTINCT i.inventory_id), 0) AS turnover FROM pagila.inventory i LEFT JOIN pagila.rental r USING (inventory_id) WHERE r.return_date - r.rental_date >= INTERVAL '8 days' GROUP BY i.store_id ORDER BY turnover DESC",349,1,1,0,True,True,False,2,2,4,4,0,1,0,0,0,922.48,922.49,2.0,52,25210.0,3.456,7,6,2,Sort,2,0,0,0,1,0,0,2,1,930,0,0,0,20625.0,16044.0,3006464,1466368,5,0.00012465719272001995
pagila_store_inventory_turnover,"SELECT i.store_id, COUNT(DISTINCT i.inventory_id) AS inventory, COUNT(r.rental_id) AS rentals, COUNT(r.rental_id)::numeric / NULLIF(COUNT(DISTINCT i.inventory_id), 0) AS turnover FROM pagila.inventory i LEFT JOIN pagila.rental r USING (inventory_id) WHERE r.return_date - r.rental_date >= INTERVAL '8 days' GROUP BY i.store_id ORDER BY turnover DESC",349,1,1,0,True,True,False,2,2,4,4,0,1,0,0,0,922.48,922.49,2.0,52,25210.0,3.393,7,6,2,Sort,2,0,0,0,1,0,0,2,1,930,0,0,0,20625.0,16044.0,3006464,1466368,5,0.00012465719272001995
pagila_film_pair_affinity,"SELECT i1.film_id AS first_film, i2.film_id AS second_film, COUNT(DISTINCT r1.customer_id) AS shared_customers FROM pagila.rental r1 JOIN pagila.inventory i1 USING (inventory_id) JOIN pagila.rental r2 ON r2.customer_id = r1.customer_id AND r2.rental_id > r1.rental_id JOIN pagila.inventory i2 ON i2.inventory_id = r2.inventory_id WHERE i1.film_id < i2.film_id GROUP BY i1.film_id, i2.film_id HAVING COUNT(DISTINCT r1.customer_id) >= 5 ORDER BY shared_customers DESC LIMIT 40",474,3,1,0,True,True,False,4,2,3,2,3,0,0,0,0,13344.35,13344.45,40.0,16,358245.0,129.156,14,9,2,Limit,4,0,0,0,3,0,0,2,1,2880,0,1160,1164,20625.0,16044.0,3006464,1466368,5,0.0024931438544003987
pagila_film_pair_affinity,"SELECT i1.film_id AS first_film, i2.film_id AS second_film, COUNT(DISTINCT r1.customer_id) AS shared_customers FROM pagila.rental r1 JOIN pagila.inventory i1 USING (inventory_id) JOIN pagila.rental r2 ON r2.customer_id = r1.customer_id AND r2.rental_id > r1.rental_id JOIN pagila.inventory i2 ON i2.inventory_id = r2.inventory_id WHERE i1.film_id < i2.film_id GROUP BY i1.film_id, i2.film_id HAVING COUNT(DISTINCT r1.customer_id) >= 5 ORDER BY shared_customers DESC LIMIT 40",474,3,1,0,True,True,False,4,2,3,2,3,0,0,0,0,13344.35,13344.45,40.0,16,358245.0,150.553,14,9,2,Limit,4,0,0,0,3,0,0,2,1,2880,0,1160,1164,20625.0,16044.0,3006464,1466368,5,0.0024931438544003987
pagila_category_percentiles,"SELECT c.name, percentile_cont(0.5) WITHIN GROUP (ORDER BY p.amount) AS median_payment, percentile_cont(0.9) WITHIN GROUP (ORDER BY p.amount) AS p90_payment FROM pagila.category c JOIN pagila.film_category fc USING (category_id) JOIN pagila.inventory i USING (film_id) JOIN pagila.rental r USING (inventory_id) JOIN pagila.payment p USING (rental_id) WHERE p.amount >= 3.99 GROUP BY c.name ORDER BY p90_payment DESC",415,4,1,0,True,True,False,5,5,3,2,4,0,0,0,0,1881.59,1881.63,16.0,23,97474.0,17.654,23,8,11,Sort,11,0,0,0,4,0,0,2,1,2441,0,0,0,37690.0,16049.0,3153920,1523712,8,0.0009969468502710448
pagila_category_percentiles,"SELECT c.name, percentile_cont(0.5) WITHIN GROUP (ORDER BY p.amount) AS median_payment, percentile_cont(0.9) WITHIN GROUP (ORDER BY p.amount) AS p90_payment FROM pagila.category c JOIN pagila.film_category fc USING (category_id) JOIN pagila.inventory i USING (film_id) JOIN pagila.rental r USING (inventory_id) JOIN pagila.payment p USING (rental_id) WHERE p.amount >= 3.99 GROUP BY c.name ORDER BY p90_payment DESC",415,4,1,0,True,True,False,5,5,3,2,4,0,0,0,0,1881.59,1881.63,16.0,23,97474.0,16.769,23,8,11,Sort,11,0,0,0,4,0,0,2,1,2428,0,0,0,37690.0,16049.0,3153920,1523712,8,0.0009969468502710448
pagila_payment_moving_average,"SELECT p.customer_id, p.payment_date, p.amount, AVG(p.amount) OVER (PARTITION BY p.customer_id ORDER BY p.payment_date ROWS BETWEEN 4 PRECEDING AND CURRENT ROW) AS moving_avg FROM pagila.payment p WHERE p.customer_id BETWEEN 290 AND 340 ORDER BY p.customer_id, p.payment_date",275,0,1,0,False,True,False,1,1,4,1,0,0,0,0,0,289.65,316.99,1368.0,50,6654.0,3.123,16,5,7,WindowAgg,1,0,0,6,0,0,0,1,0,302,0,0,0,16049.0,16049.0,0,0,1,0.08523895569817434
pagila_payment_moving_average,"SELECT p.customer_id, p.payment_date, p.amount, AVG(p.amount) OVER (PARTITION BY p.customer_id ORDER BY p.payment_date ROWS BETWEEN 4 PRECEDING AND CURRENT ROW) AS moving_avg FROM pagila.payment p WHERE p.customer_id BETWEEN 290 AND 340 ORDER BY p.customer_id, p.payment_date",275,0,1,0,False,True,False,1,1,4,1,0,0,0,0,0,289.65,316.99,1368.0,50,6654.0,1.743,16,5,7,WindowAgg,1,0,0,6,0,0,0,1,0,296,0,0,0,16049.0,16049.0,0,0,1,0.08523895569817434
pagila_duration_outliers,"WITH stats AS ( SELECT rating, AVG(length) AS avg_length, STDDEV_POP(length) AS sd FROM pagila.film GROUP BY rating ) SELECT f.film_id, f.title, f.length FROM pagila.film f JOIN stats s USING (rating) WHERE f.rating = 'G' AND f.length > s.avg_length + s.sd ORDER BY f.length DESC",279,1,2,1,True,True,False,2,1,6,2,1,0,0,0,0,158.76,158.9,59.0,21,475.0,0.32,5,4,1,Sort,2,0,0,0,0,0,1,1,1,451,0,0,0,1000.0,1000.0,770048,212992,5,0.059
pagila_duration_outliers,"WITH stats AS ( SELECT rating, AVG(length) AS avg_length, STDDEV_POP(length) AS sd FROM pagila.film GROUP BY rating ) SELECT f.film_id, f.title, f.length FROM pagila.film f JOIN stats s USING (rating) WHERE f.rating = 'G' AND f.length > s.avg_length + s.sd ORDER BY f.length DESC",279,1,2,1,True,True,False,2,1,6,2,1,0,0,0,0,158.76,158.9,59.0,21,475.0,0.3,5,4,1,Sort,2,0,0,0,0,0,1,1,1,448,0,0,0,1000.0,1000.0,770048,212992,5,0.059
pagila_inventory_imbalance,"SELECT i.film_id, COUNT(*) FILTER (WHERE i.store_id = 1) AS store_one, COUNT(*) FILTER (WHERE i.store_id = 2) AS store_two FROM pagila.inventory i WHERE i.film_id >= 3 GROUP BY i.film_id HAVING ABS(COUNT(*) FILTER (WHERE i.store_id = 1) - COUNT(*) FILTER (WHERE i.store_id = 2)) >= 3 ORDER BY i.film_id",302,0,5,0,True,True,False,1,1,3,4,0,0,0,0,0,174.42,175.22,319.0,20,5208.0,1.067,3,3,1,Sort,1,0,0,0,0,0,0,1,1,90,0,0,0,4581.0,4581.0,516096,237568,2,0.06963545077493997
pagila_inventory_imbalance,"SELECT i.film_id, COUNT(*) FILTER (WHERE i.store_id = 1) AS store_one, COUNT(*) FILTER (WHERE i.store_id = 2) AS store_two FROM pagila.inventory i WHERE i.film_id >= 3 GROUP BY i.film_id HAVING ABS(COUNT(*) FILTER (WHERE i.store_id = 1) - COUNT(*) FILTER (WHERE i.store_id = 2)) >= 3 ORDER BY i.film_id",302,0,5,0,True,True,False,1,1,3,4,0,0,0,0,0,174.42,175.22,319.0,20,5208.0,1.009,3,3,1,Sort,1,0,0,0,0,0,0,1,1,90,0,0,0,4581.0,4581.0,516096,237568,2,0.06963545077493997
pagila_customer_recency_rank,"WITH activity AS ( SELECT c.customer_id, c.store_id, MAX(r.rental_date) AS last_rental FROM pagila.customer c LEFT JOIN pagila.rental r USING (customer_id) WHERE c.store_id = 1 GROUP BY c.customer_id, c.store_id ) SELECT customer_id, last_rental, dense_rank() OVER (ORDER BY last_rental DESC NULLS LAST) AS recency_rank FROM activity ORDER BY recency_rank, customer_id",368,1,1,1,True,True,False,2,2,6,2,0,1,0,0,0,456.52,457.34,326.0,20,27058.0,3.688,9,8,2,Sort,2,0,0,0,1,0,0,2,1,1122,0,0,0,16643.0,16044.0,2719744,1351680,7,0.020319122413363252
pagila_customer_recency_rank,"WITH activity AS ( SELECT c.customer_id, c.store_id, MAX(r.rental_date) AS last_rental FROM pagila.customer c LEFT JOIN pagila.rental r USING (customer_id) WHERE c.store_id = 1 GROUP BY c.customer_id, c.store_id ) SELECT customer_id, last_rental, dense_rank() OVER (ORDER BY last_rental DESC NULLS LAST) AS recency_rank FROM activity ORDER BY recency_rank, customer_id",368,1,1,1,True,True,False,2,2,6,2,0,1,0,0,0,456.52,457.34,326.0,20,27058.0,3.678,9,8,2,Sort,2,0,0,0,1,0,0,2,1,1122,0,0,0,16643.0,16044.0,2719744,1351680,7,0.020319122413363252
pagila_return_sla,"SELECT i.store_id, COUNT(*) AS rentals, COUNT(*) FILTER (WHERE r.return_date <= r.rental_date + INTERVAL '4 days') AS within_sla FROM pagila.rental r JOIN pagila.inventory i USING (inventory_id) WHERE r.return_date IS NOT NULL GROUP BY i.store_id ORDER BY i.store_id",266,1,2,0,True,True,False,2,2,3,2,1,0,0,0,0,683.47,683.48,2.0,20,40888.0,7.002,6,5,2,Sort,2,0,0,0,1,0,0,1,1,750,0,0,0,20625.0,16044.0,3006464,1466368,5,0.00012465719272001995
pagila_return_sla,"SELECT i.store_id, COUNT(*) AS rentals, COUNT(*) FILTER (WHERE r.return_date <= r.rental_date + INTERVAL '4 days') AS within_sla FROM pagila.rental r JOIN pagila.inventory i USING (inventory_id) WHERE r.return_date IS NOT NULL GROUP BY i.store_id ORDER BY i.store_id",266,1,2,0,True,True,False,2,2,3,2,1,0,0,0,0,683.47,683.48,2.0,20,40888.0,7.125,6,5,2,Sort,2,0,0,0,1,0,0,1,1,750,0,0,0,20625.0,16044.0,3006464,1466368,5,0.00012465719272001995
pagila_daily_revenue_rollup,"SELECT date_trunc('day', p.payment_date) AS day, s.store_id, SUM(p.amount) AS revenue FROM pagila.payment p JOIN pagila.staff s USING (staff_id) WHERE p.payment_date >= TIMESTAMPTZ '2022-01-01' AND p.payment_date < TIMESTAMPTZ '2022-02-01' GROUP BY GROUPING SETS ((day, s.store_id), (day), ()) ORDER BY day NULLS LAST, s.store_id NULLS LAST",340,1,2,0,True,True,False,2,2,3,1,1,0,0,0,0,59.96,88.89,1447.0,44,3620.0,0.511,6,5,2,Aggregate,2,0,0,0,1,0,0,1,1,29,0,0,0,16051.0,16049.0,32768,16384,2,0.09016138077138762
pagila_daily_revenue_rollup,"SELECT date_trunc('day', p.payment_date) AS day, s.store_id, SUM(p.amount) AS revenue FROM pagila.payment p JOIN pagila.staff s USING (staff_id) WHERE p.payment_date >= TIMESTAMPTZ '2022-01-01' AND p.payment_date < TIMESTAMPTZ '2022-02-01' GROUP BY GROUPING SETS ((day, s.store_id), (day), ()) ORDER BY day NULLS LAST, s.store_id NULLS LAST",340,1,2,0,True,True,False,2,2,3,1,1,0,0,0,0,59.96,88.89,1447.0,44,3620.0,0.516,6,5,2,Aggregate,2,0,0,0,1,0,0,1,1,29,0,0,0,16051.0,16049.0,32768,16384,2,0.09016138077138762
pagila_customer_payment_transitions,"SELECT p.customer_id, p.payment_date, p.amount, lag(p.amount) OVER (PARTITION BY p.customer_id ORDER BY p.payment_date) AS previous_amount, p.amount - lag(p.amount) OVER (PARTITION BY p.customer_id ORDER BY p.payment_date) AS delta FROM pagila.payment p WHERE p.customer_id >= 368 ORDER BY p.customer_id, p.payment_date",319,0,1,0,False,True,False,1,1,5,2,0,0,0,0,0,735.01,872.56,6114.0,82,26370.0,6.15,12,5,7,WindowAgg,5,0,0,2,0,0,0,1,0,456,0,0,0,16049.0,16049.0,0,0,1,0.38095831515982304
pagila_customer_payment_transitions,"SELECT p.customer_id, p.payment_date, p.amount, lag(p.amount) OVER (PARTITION BY p.customer_id ORDER BY p.payment_date) AS previous_amount, p.amount - lag(p.amount) OVER (PARTITION BY p.customer_id ORDER BY p.payment_date) AS delta FROM pagila.payment p WHERE p.customer_id >= 368 ORDER BY p.customer_id, p.payment_date",319,0,1,0,False,True,False,1,1,5,2,0,0,0,0,0,735.01,872.56,6114.0,82,26370.0,5.198,12,5,7,WindowAgg,5,0,0,2,0,0,0,1,0,456,0,0,0,16049.0,16049.0,0,0,1,0.38095831515982304
pagila_repeat_renters,"SELECT c.customer_id, c.first_name, c.last_name, COUNT(r.rental_id) AS rentals FROM pagila.customer c JOIN pagila.rental r USING (customer_id) WHERE c.customer_id >= 150 GROUP BY c.customer_id, c.first_name, c.last_name HAVING COUNT(r.rental_id) >= 33 ORDER BY rentals DESC",273,1,1,0,True,True,False,2,2,4,2,1,0,0,0,0,446.28,446.65,150.0,25,29297.0,4.256,6,5,2,Sort,2,0,0,0,1,0,0,1,1,645,0,0,0,16643.0,16044.0,2719744,1351680,7,0.009349289454001496
pagila_repeat_renters,"SELECT c.customer_id, c.first_name, c.last_name, COUNT(r.rental_id) AS rentals FROM pagila.customer c JOIN pagila.rental r USING (customer_id) WHERE c.customer_id >= 150 GROUP BY c.customer_id, c.first_name, c.last_name HAVING COUNT(r.rental_id) >= 33 ORDER BY rentals DESC",273,1,1,0,True,True,False,2,2,4,2,1,0,0,0,0,446.28,446.65,150.0,25,29297.0,4.215,6,5,2,Sort,2,0,0,0,1,0,0,1,1,645,0,0,0,16643.0,16044.0,2719744,1351680,7,0.009349289454001496
pagila_language_catalog,"SELECT l.name, f.rating, COUNT(*) AS films, AVG(f.length) AS avg_length FROM pagila.language l JOIN pagila.film f USING (language_id) WHERE f.length >= 150 GROUP BY l.name, f.rating ORDER BY films DESC",201,1,1,0,True,True,False,2,2,4,2,1,0,0,0,0,82.42,82.5,30.0,65,580.0,0.279,6,5,2,Sort,2,0,0,0,1,0,0,1,1,261,0,0,0,1006.0,1000.0,794624,229376,6,0.03
pagila_language_catalog,"SELECT l.name, f.rating, COUNT(*) AS films, AVG(f.length) AS avg_length FROM pagila.language l JOIN pagila.film f USING (language_id) WHERE f.length >= 150 GROUP BY l.name, f.rating ORDER BY films DESC",201,1,1,0,True,True,False,2,2,4,2,1,0,0,0,0,82.42,82.5,30.0,65,580.0,0.342,6,5,2,Sort,2,0,0,0,1,0,0,1,1,261,0,0,0,1006.0,1000.0,794624,229376,6,0.03
pagila_actor_rental_impact,"SELECT a.actor_id, a.first_name, a.last_name, COUNT(r.rental_id) AS rentals, COALESCE(SUM(p.amount), 0) AS revenue FROM pagila.actor a JOIN pagila.film_actor fa USING (actor_id) JOIN pagila.inventory i USING (film_id) LEFT JOIN pagila.rental r USING (inventory_id) LEFT JOIN pagila.payment p USING (rental_id) WHERE a.actor_id >= 187 GROUP BY a.actor_id, a.first_name, a.last_name ORDER BY revenue DESC LIMIT 30",411,4,1,0,True,True,False,5,5,5,2,2,2,0,0,0,1232.34,1232.38,14.0,57,75320.0,9.1,22,11,11,Limit,10,0,1,0,3,0,1,1,1,2387,0,0,0,42336.0,16049.0,3596288,1728512,10,0.0008723284939871643
pagila_actor_rental_impact,"SELECT a.actor_id, a.first_name, a.last_name, COUNT(r.rental_id) AS rentals, COALESCE(SUM(p.amount), 0) AS revenue FROM pagila.actor a JOIN pagila.film_actor fa USING (actor_id) JOIN pagila.inventory i USING (film_id) LEFT JOIN pagila.rental r USING (inventory_id) LEFT JOIN pagila.payment p USING (rental_id) WHERE a.actor_id >= 187 GROUP BY a.actor_id, a.first_name, a.last_name ORDER BY revenue DESC LIMIT 30",411,4,1,0,True,True,False,5,5,5,2,2,2,0,0,0,1232.34,1232.38,14.0,57,75320.0,9.1,22,11,11,Limit,10,0,1,0,3,0,1,1,1,2387,0,0,0,42336.0,16049.0,3596288,1728512,10,0.0008723284939871643
pagila_city_customer_density,"SELECT co.country, ci.city, COUNT(cu.customer_id) AS customers FROM pagila.country co JOIN pagila.city ci USING (country_id) JOIN pagila.address a USING (city_id) LEFT JOIN pagila.customer cu USING (address_id) WHERE co.country_id <= 83 GROUP BY co.country, ci.city ORDER BY customers DESC LIMIT 60",298,3,1,0,True,True,False,4,4,3,1,2,1,0,0,0,87.17,87.32,60.0,26,5814.0,0.845,13,8,4,Limit,4,0,0,0,3,0,0,1,1,168,0,0,0,1911.0,603.0,557056,262144,9,0.09950248756218906
pagila_city_customer_density,"SELECT co.country, ci.city, COUNT(cu.customer_id) AS customers FROM pagila.country co JOIN pagila.city ci USING (country_id) JOIN pagila.address a USING (city_id) LEFT JOIN pagila.customer cu USING (address_id) WHERE co.country_id <= 83 GROUP BY co.country, ci.city ORDER BY customers DESC LIMIT 60",298,3,1,0,True,True,False,4,4,3,1,2,1,0,0,0,87.17,87.32,60.0,26,5814.0,0.835,13,8,4,Limit,4,0,0,0,3,0,0,1,1,168,0,0,0,1911.0,603.0,557056,262144,9,0.09950248756218906
pagila_film_popularity,"SELECT f.film_id, f.title, COUNT(r.rental_id) AS rentals FROM pagila.film f JOIN pagila.inventory i USING (film_id) LEFT JOIN pagila.rental r USING (inventory_id) WHERE f.rating = 'R' GROUP BY f.film_id, f.title ORDER BY rentals DESC, f.title LIMIT 40",251,2,1,0,True,True,False,3,3,3,1,1,1,0,0,0,603.63,603.73,40.0,27,26359.0,3.414,10,8,3,Limit,3,0,0,0,2,0,0,1,1,1472,0,0,0,21625.0,16044.0,3776512,1679360,10,0.0024931438544003987
pagila_film_popularity,"SELECT f.film_id, f.title, COUNT(r.rental_id) AS rentals FROM pagila.film f JOIN pagila.inventory i USING (film_id) LEFT JOIN pagila.rental r USING (inventory_id) WHERE f.rating = 'R' GROUP BY f.film_id, f.title ORDER BY rentals DESC, f.title LIMIT 40",251,2,1,0,True,True,False,3,3,3,1,1,1,0,0,0,603.63,603.73,40.0,27,26359.0,3.377,10,8,3,Limit,3,0,0,0,2,0,0,1,1,1472,0,0,0,21625.0,16044.0,3776512,1679360,10,0.0024931438544003987
pagila_rating_revenue_pivot,"SELECT i.store_id, SUM(p.amount) FILTER (WHERE f.rating = 'G') AS g_revenue, SUM(p.amount) FILTER (WHERE f.rating = 'PG') AS pg_revenue, SUM(p.amount) FILTER (WHERE f.rating = 'R') AS r_revenue FROM pagila.payment p JOIN pagila.rental r USING (rental_id) JOIN pagila.inventory i USING (inventory_id) JOIN pagila.film f USING (film_id) WHERE p.payment_date >= TIMESTAMPTZ '2022-02-01' AND p.payment_date < TIMESTAMPTZ '2022-03-01' GROUP BY i.store_id ORDER BY i.store_id",469,3,5,0,True,True,False,4,4,4,3,3,0,0,0,0,752.92,752.92,2.0,100,39215.0,4.941,12,7,4,Sort,4,0,0,0,3,0,0,1,1,1526,0,0,0,37674.0,16049.0,3776512,1679360,11,0.0001246183562838806
pagila_rating_revenue_pivot,"SELECT i.store_id, SUM(p.amount) FILTER (WHERE f.rating = 'G') AS g_revenue, SUM(p.amount) FILTER (WHERE f.rating = 'PG') AS pg_revenue, SUM(p.amount) FILTER (WHERE f.rating = 'R') AS r_revenue FROM pagila.payment p JOIN pagila.rental r USING (rental_id) JOIN pagila.inventory i USING (inventory_id) JOIN pagila.film f USING (film_id) WHERE p.payment_date >= TIMESTAMPTZ '2022-02-01' AND p.payment_date < TIMESTAMPTZ '2022-03-01' GROUP BY i.store_id ORDER BY i.store_id",469,3,5,0,True,True,False,4,4,4,3,3,0,0,0,0,752.92,752.92,2.0,100,39215.0,4.933,12,7,4,Sort,4,0,0,0,3,0,0,1,1,1526,0,0,0,37674.0,16049.0,3776512,1679360,11,0.0001246183562838806
pagila_store_monthly_revenue,"SELECT date_trunc('month', p.payment_date) AS month, SUM(p.amount) AS revenue, COUNT(DISTINCT p.customer_id) AS customers FROM pagila.payment p JOIN pagila.staff s USING (staff_id) WHERE s.store_id = 2 GROUP BY month ORDER BY month",231,1,1,0,True,True,False,2,2,3,2,1,0,0,0,0,983.42,1184.02,8024.0,48,40121.0,6.813,12,5,8,Aggregate,8,0,0,0,0,0,1,1,1,609,0,0,0,16051.0,16049.0,32768,16384,2,0.499968845410929
pagila_store_monthly_revenue,"SELECT date_trunc('month', p.payment_date) AS month, SUM(p.amount) AS revenue, COUNT(DISTINCT p.customer_id) AS customers FROM pagila.payment p JOIN pagila.staff s USING (staff_id) WHERE s.store_id = 2 GROUP BY month ORDER BY month",231,1,1,0,True,True,False,2,2,3,2,1,0,0,0,0,983.42,1184.02,8024.0,48,40121.0,6.783,12,5,8,Aggregate,8,0,0,0,0,0,1,1,1,609,0,0,0,16051.0,16049.0,32768,16384,2,0.499968845410929
pagila_customer_cohorts,"SELECT date_trunc('month', c.create_date) AS cohort, COUNT(DISTINCT c.customer_id) AS customers, COUNT(r.rental_id) AS rentals FROM pagila.customer c LEFT JOIN pagila.rental r USING (customer_id) WHERE EXTRACT(YEAR FROM c.create_date) >= 2005 GROUP BY cohort ORDER BY cohort",274,1,1,0,True,True,False,2,2,3,2,0,1,0,0,0,731.92,785.5,1.0,24,27159.0,10.298,6,5,2,Aggregate,2,0,0,0,1,0,0,1,1,645,0,0,0,16643.0,16044.0,2719744,1351680,7,6.232859636000998e-05
pagila_customer_cohorts,"SELECT date_trunc('month', c.create_date) AS cohort, COUNT(DISTINCT c.customer_id) AS customers, COUNT(r.rental_id) AS rentals FROM pagila.customer c LEFT JOIN pagila.rental r USING (customer_id) WHERE EXTRACT(YEAR FROM c.create_date) >= 2005 GROUP BY cohort ORDER BY cohort",274,1,1,0,True,True,False,2,2,3,2,0,1,0,0,0,731.92,785.5,1.0,24,27159.0,10.376,6,5,2,Aggregate,2,0,0,0,1,0,0,1,1,645,0,0,0,16643.0,16044.0,2719744,1351680,7,6.232859636000998e-05
pagila_inactive_customers,"SELECT c.customer_id, c.first_name, c.last_name FROM pagila.customer c WHERE c.activebool = true AND NOT EXISTS ( SELECT 1 FROM pagila.rental r WHERE r.customer_id = c.customer_id AND r.rental_date >= TIMESTAMPTZ '2022-06-01' ) ORDER BY c.customer_id",250,0,4,1,False,True,False,2,2,4,0,0,0,0,0,0,554.46,554.46,1.0,17,30107.0,2.804,5,4,2,Sort,2,0,0,0,1,0,0,1,0,627,0,0,0,16643.0,16044.0,2719744,1351680,7,6.232859636000998e-05
pagila_inactive_customers,"SELECT c.customer_id, c.first_name, c.last_name FROM pagila.customer c WHERE c.activebool = true AND NOT EXISTS ( SELECT 1 FROM pagila.rental r WHERE r.customer_id = c.customer_id AND r.rental_date >= TIMESTAMPTZ '2022-06-01' ) ORDER BY c.customer_id",250,0,4,1,False,True,False,2,2,4,0,0,0,0,0,0,554.46,554.46,1.0,17,30107.0,2.74,5,4,2,Sort,2,0,0,0,1,0,0,1,0,627,0,0,0,16643.0,16044.0,2719744,1351680,7,6.232859636000998e-05
pagila_category_revenue,"SELECT c.name, COUNT(DISTINCT r.rental_id) AS rentals, SUM(p.amount) AS revenue FROM pagila.category c JOIN pagila.film_category fc USING (category_id) JOIN pagila.inventory i USING (film_id) JOIN pagila.rental r USING (inventory_id) JOIN pagila.payment p USING (rental_id) WHERE p.payment_date >= TIMESTAMPTZ '2022-01-01' AND p.payment_date < TIMESTAMPTZ '2022-02-01' GROUP BY c.name ORDER BY revenue DESC",406,4,2,0,True,True,False,5,5,3,2,4,0,0,0,0,597.26,597.3,16.0,47,28473.0,3.542,16,10,5,Sort,5,0,0,0,4,0,0,2,1,1668,0,0,0,37690.0,16049.0,3153920,1523712,8,0.0009969468502710448
pagila_category_revenue,"SELECT c.name, COUNT(DISTINCT r.rental_id) AS rentals, SUM(p.amount) AS revenue FROM pagila.category c JOIN pagila.film_category fc USING (category_id) JOIN pagila.inventory i USING (film_id) JOIN pagila.rental r USING (inventory_id) JOIN pagila.payment p USING (rental_id) WHERE p.payment_date >= TIMESTAMPTZ '2022-01-01' AND p.payment_date < TIMESTAMPTZ '2022-02-01' GROUP BY c.name ORDER BY revenue DESC",406,4,2,0,True,True,False,5,5,3,2,4,0,0,0,0,597.26,597.3,16.0,47,28473.0,3.554,16,10,5,Sort,5,0,0,0,4,0,0,2,1,1668,0,0,0,37690.0,16049.0,3153920,1523712,8,0.0009969468502710448
pagila_rental_gaps,"WITH ordered AS ( SELECT r.customer_id, r.rental_date, lag(r.rental_date) OVER (PARTITION BY r.customer_id ORDER BY r.rental_date) AS previous FROM pagila.rental r WHERE r.customer_id >= 423 ) SELECT customer_id, AVG(rental_date - previous) AS avg_gap FROM ordered WHERE previous IS NOT NULL GROUP BY customer_id ORDER BY avg_gap DESC",334,0,2,1,True,True,False,1,1,5,2,0,0,0,0,0,842.49,843.99,599.0,20,19751.0,5.828,6,6,1,Sort,1,0,0,0,0,0,0,2,1,905,0,0,0,16044.0,16044.0,2490368,1228800,3,0.037334829219645975
pagila_rental_gaps,"WITH ordered AS ( SELECT r.customer_id, r.rental_date, lag(r.rental_date) OVER (PARTITION BY r.customer_id ORDER BY r.rental_date) AS previous FROM pagila.rental r WHERE r.customer_id >= 423 ) SELECT customer_id, AVG(rental_date - previous) AS avg_gap FROM ordered WHERE previous IS NOT NULL GROUP BY customer_id ORDER BY avg_gap DESC",334,0,2,1,True,True,False,1,1,5,2,0,0,0,0,0,842.49,843.99,599.0,20,19751.0,4.437,6,6,1,Sort,1,0,0,0,0,0,0,2,1,900,0,0,0,16044.0,16044.0,2490368,1228800,3,0.037334829219645975
pagila_staff_performance,"SELECT s.staff_id, s.first_name, s.last_name, COUNT(p.payment_id) AS payments, SUM(p.amount) AS revenue FROM pagila.staff s JOIN pagila.payment p USING (staff_id) WHERE p.payment_date >= TIMESTAMPTZ '2022-01-01' AND p.payment_date < TIMESTAMPTZ '2022-02-01' GROUP BY s.staff_id, s.first_name, s.last_name ORDER BY revenue DESC",326,1,2,0,True,True,False,2,2,5,2,1,0,0,0,0,29.27,29.28,2.0,56,1454.0,0.325,6,5,2,Sort,2,0,0,0,1,0,0,1,1,29,0,0,0,16051.0,16049.0,32768,16384,2,0.0001246183562838806
pagila_staff_performance,"SELECT s.staff_id, s.first_name, s.last_name, COUNT(p.payment_id) AS payments, SUM(p.amount) AS revenue FROM pagila.staff s JOIN pagila.payment p USING (staff_id) WHERE p.payment_date >= TIMESTAMPTZ '2022-01-01' AND p.payment_date < TIMESTAMPTZ '2022-02-01' GROUP BY s.staff_id, s.first_name, s.last_name ORDER BY revenue DESC",326,1,2,0,True,True,False,2,2,5,2,1,0,0,0,0,29.27,29.28,2.0,56,1454.0,0.309,6,5,2,Sort,2,0,0,0,1,0,0,1,1,29,0,0,0,16051.0,16049.0,32768,16384,2,0.0001246183562838806
pagila_actor_category_diversity,"SELECT a.actor_id, a.first_name, a.last_name, COUNT(DISTINCT fc.category_id) AS category_count FROM pagila.actor a JOIN pagila.film_actor fa USING (actor_id) JOIN pagila.film_category fc USING (film_id) WHERE a.actor_id >= 22 GROUP BY a.actor_id, a.first_name, a.last_name ORDER BY category_count DESC",301,2,1,0,True,True,False,3,3,4,1,2,0,0,0,0,546.37,546.81,179.0,25,22842.0,3.958,10,7,3,Sort,3,0,0,0,2,0,0,2,1,230,0,0,0,6662.0,5462.0,704512,303104,5,0.032771878432808495
pagila_actor_category_diversity,"SELECT a.actor_id, a.first_name, a.last_name, COUNT(DISTINCT fc.category_id) AS category_count FROM pagila.actor a JOIN pagila.film_actor fa USING (actor_id) JOIN pagila.film_category fc USING (film_id) WHERE a.actor_id >= 22 GROUP BY a.actor_id, a.first_name, a.last_name ORDER BY category_count DESC",301,2,1,0,True,True,False,3,3,4,1,2,0,0,0,0,546.37,546.81,179.0,25,22842.0,3.902,10,7,3,Sort,3,0,0,0,2,0,0,2,1,230,0,0,0,6662.0,5462.0,704512,303104,5,0.032771878432808495
pagila_top_films_per_category,"WITH ranked AS ( SELECT c.name AS category, f.title, COUNT(r.rental_id) AS rentals, dense_rank() OVER (PARTITION BY c.category_id ORDER BY COUNT(r.rental_id) DESC) AS rank FROM pagila.category c JOIN pagila.film_category fc USING (category_id) JOIN pagila.film f USING (film_id) JOIN pagila.inventory i USING (film_id) LEFT JOIN pagila.rental r USING (inventory_id) WHERE f.rating = 'R' GROUP BY c.category_id, c.name, f.film_id, f.title ) SELECT category, title, rentals FROM ranked WHERE rank <= 4 ORDER BY category, rentals DESC",531,4,2,1,True,True,False,5,5,7,3,3,1,0,0,0,1127.39,1135.19,3120.0,30,43146.0,3.898,18,13,5,Sort,5,0,0,0,4,0,0,2,1,2236,0,0,0,22641.0,16044.0,3923968,1736704,12,0.1944652206432311
pagila_top_films_per_category,"WITH ranked AS ( SELECT c.name AS category, f.title, COUNT(r.rental_id) AS rentals, dense_rank() OVER (PARTITION BY c.category_id ORDER BY COUNT(r.rental_id) DESC) AS rank FROM pagila.category c JOIN pagila.film_category fc USING (category_id) JOIN pagila.film f USING (film_id) JOIN pagila.inventory i USING (film_id) LEFT JOIN pagila.rental r USING (inventory_id) WHERE f.rating = 'R' GROUP BY c.category_id, c.name, f.film_id, f.title ) SELECT category, title, rentals FROM ranked WHERE rank <= 4 ORDER BY category, rentals DESC",531,4,2,1,True,True,False,5,5,7,3,3,1,0,0,0,1127.39,1135.19,3120.0,30,43146.0,3.894,18,13,5,Sort,5,0,0,0,4,0,0,2,1,2236,0,0,0,22641.0,16044.0,3923968,1736704,12,0.1944652206432311
pagila_city_customer_density,"SELECT co.country, ci.city, COUNT(cu.customer_id) AS customers FROM pagila.country co JOIN pagila.city ci USING (country_id) JOIN pagila.address a USING (city_id) LEFT JOIN pagila.customer cu USING (address_id) WHERE co.country_id <= 44 GROUP BY co.country, ci.city ORDER BY customers DESC LIMIT 60",298,3,1,0,True,True,False,4,4,3,1,2,1,0,0,0,72.63,72.78,60.0,26,3649.0,0.612,13,10,4,Limit,4,0,0,0,3,0,0,1,1,156,0,0,0,1911.0,603.0,557056,262144,9,0.09950248756218906
pagila_city_customer_density,"SELECT co.country, ci.city, COUNT(cu.customer_id) AS customers FROM pagila.country co JOIN pagila.city ci USING (country_id) JOIN pagila.address a USING (city_id) LEFT JOIN pagila.customer cu USING (address_id) WHERE co.country_id <= 44 GROUP BY co.country, ci.city ORDER BY customers DESC LIMIT 60",298,3,1,0,True,True,False,4,4,3,1,2,1,0,0,0,72.63,72.78,60.0,26,3649.0,0.568,13,10,4,Limit,4,0,0,0,3,0,0,1,1,156,0,0,0,1911.0,603.0,557056,262144,9,0.09950248756218906
pagila_repeat_renters,"SELECT c.customer_id, c.first_name, c.last_name, COUNT(r.rental_id) AS rentals FROM pagila.customer c JOIN pagila.rental r USING (customer_id) WHERE c.customer_id >= 196 GROUP BY c.customer_id, c.first_name, c.last_name HAVING COUNT(r.rental_id) >= 16 ORDER BY rentals DESC",273,1,1,0,True,True,False,2,2,4,2,1,0,0,0,0,438.33,438.66,135.0,25,27943.0,4.121,6,5,2,Sort,2,0,0,0,1,0,0,1,1,645,0,0,0,16643.0,16044.0,2719744,1351680,7,0.008414360508601346
pagila_repeat_renters,"SELECT c.customer_id, c.first_name, c.last_name, COUNT(r.rental_id) AS rentals FROM pagila.customer c JOIN pagila.rental r USING (customer_id) WHERE c.customer_id >= 196 GROUP BY c.customer_id, c.first_name, c.last_name HAVING COUNT(r.rental_id) >= 16 ORDER BY rentals DESC",273,1,1,0,True,True,False,2,2,4,2,1,0,0,0,0,438.33,438.66,135.0,25,27943.0,4.062,6,5,2,Sort,2,0,0,0,1,0,0,1,1,645,0,0,0,16643.0,16044.0,2719744,1351680,7,0.008414360508601346
pagila_customer_lifetime_value,"SELECT c.customer_id, c.first_name, c.last_name, COUNT(p.payment_id) AS payments, SUM(p.amount) AS lifetime_value FROM pagila.customer c JOIN pagila.payment p USING (customer_id) WHERE c.customer_id >= 178 GROUP BY c.customer_id, c.first_name, c.last_name HAVING COUNT(p.payment_id) >= 2 ORDER BY lifetime_value DESC LIMIT 50",325,1,1,0,True,True,False,2,2,5,3,1,0,0,0,0,521.74,521.87,50.0,57,44581.0,5.92,14,6,8,Limit,8,0,0,0,1,0,0,1,1,780,0,0,0,16648.0,16049.0,229376,122880,5,0.0031154589070970153
pagila_customer_lifetime_value,"SELECT c.customer_id, c.first_name, c.last_name, COUNT(p.payment_id) AS payments, SUM(p.amount) AS lifetime_value FROM pagila.customer c JOIN pagila.payment p USING (customer_id) WHERE c.customer_id >= 178 GROUP BY c.customer_id, c.first_name, c.last_name HAVING COUNT(p.payment_id) >= 2 ORDER BY lifetime_value DESC LIMIT 50",325,1,1,0,True,True,False,2,2,5,3,1,0,0,0,0,521.74,521.87,50.0,57,44581.0,5.86,14,6,8,Limit,8,0,0,0,1,0,0,1,1,780,0,0,0,16648.0,16049.0,229376,122880,5,0.0031154589070970153
pagila_language_catalog,"SELECT l.name, f.rating, COUNT(*) AS films, AVG(f.length) AS avg_length FROM pagila.language l JOIN pagila.film f USING (language_id) WHERE f.length >= 150 GROUP BY l.name, f.rating ORDER BY films DESC",201,1,1,0,True,True,False,2,2,4,2,1,0,0,0,0,82.42,82.5,30.0,65,580.0,0.308,6,5,2,Sort,2,0,0,0,1,0,0,1,1,261,0,0,0,1006.0,1000.0,794624,229376,6,0.03
pagila_language_catalog,"SELECT l.name, f.rating, COUNT(*) AS films, AVG(f.length) AS avg_length FROM pagila.language l JOIN pagila.film f USING (language_id) WHERE f.length >= 150 GROUP BY l.name, f.rating ORDER BY films DESC",201,1,1,0,True,True,False,2,2,4,2,1,0,0,0,0,82.42,82.5,30.0,65,580.0,0.288,6,5,2,Sort,2,0,0,0,1,0,0,1,1,261,0,0,0,1006.0,1000.0,794624,229376,6,0.03
pagila_category_revenue,"SELECT c.name, COUNT(DISTINCT r.rental_id) AS rentals, SUM(p.amount) AS revenue FROM pagila.category c JOIN pagila.film_category fc USING (category_id) JOIN pagila.inventory i USING (film_id) JOIN pagila.rental r USING (inventory_id) JOIN pagila.payment p USING (rental_id) WHERE p.payment_date >= TIMESTAMPTZ '2022-06-01' AND p.payment_date < TIMESTAMPTZ '2022-07-01' GROUP BY c.name ORDER BY revenue DESC",406,4,2,0,True,True,False,5,5,3,2,4,0,0,0,0,883.34,883.38,16.0,47,45848.0,6.789,16,9,5,Sort,5,0,0,0,4,0,0,2,1,1668,0,0,0,37690.0,16049.0,3153920,1523712,8,0.0009969468502710448
pagila_category_revenue,"SELECT c.name, COUNT(DISTINCT r.rental_id) AS rentals, SUM(p.amount) AS revenue FROM pagila.category c JOIN pagila.film_category fc USING (category_id) JOIN pagila.inventory i USING (film_id) JOIN pagila.rental r USING (inventory_id) JOIN pagila.payment p USING (rental_id) WHERE p.payment_date >= TIMESTAMPTZ '2022-06-01' AND p.payment_date < TIMESTAMPTZ '2022-07-01' GROUP BY c.name ORDER BY revenue DESC",406,4,2,0,True,True,False,5,5,3,2,4,0,0,0,0,883.34,883.38,16.0,47,45848.0,6.754,16,9,5,Sort,5,0,0,0,4,0,0,2,1,1668,0,0,0,37690.0,16049.0,3153920,1523712,8,0.0009969468502710448
pagila_payment_moving_average,"SELECT p.customer_id, p.payment_date, p.amount, AVG(p.amount) OVER (PARTITION BY p.customer_id ORDER BY p.payment_date ROWS BETWEEN 4 PRECEDING AND CURRENT ROW) AS moving_avg FROM pagila.payment p WHERE p.customer_id BETWEEN 99 AND 149 ORDER BY p.customer_id, p.payment_date",274,0,1,0,False,True,False,1,1,4,1,0,0,0,0,0,294.27,322.77,1426.0,50,6921.0,1.796,16,5,7,WindowAgg,1,0,0,6,0,0,0,1,0,305,0,0,0,16049.0,16049.0,0,0,1,0.08885288803040688
pagila_payment_moving_average,"SELECT p.customer_id, p.payment_date, p.amount, AVG(p.amount) OVER (PARTITION BY p.customer_id ORDER BY p.payment_date ROWS BETWEEN 4 PRECEDING AND CURRENT ROW) AS moving_avg FROM pagila.payment p WHERE p.customer_id BETWEEN 99 AND 149 ORDER BY p.customer_id, p.payment_date",274,0,1,0,False,True,False,1,1,4,1,0,0,0,0,0,294.27,322.77,1426.0,50,6921.0,1.793,16,5,7,WindowAgg,1,0,0,6,0,0,0,1,0,305,0,0,0,16049.0,16049.0,0,0,1,0.08885288803040688
pagila_inactive_customers,"SELECT c.customer_id, c.first_name, c.last_name FROM pagila.customer c WHERE c.activebool = true AND NOT EXISTS ( SELECT 1 FROM pagila.rental r WHERE r.customer_id = c.customer_id AND r.rental_date >= TIMESTAMPTZ '2022-04-01' ) ORDER BY c.customer_id",250,0,4,1,False,True,False,2,2,4,0,0,0,0,0,0,566.68,566.69,1.0,17,32183.0,2.947,5,4,2,Sort,2,0,0,0,1,0,0,1,0,627,0,0,0,16643.0,16044.0,2719744,1351680,7,6.232859636000998e-05
pagila_inactive_customers,"SELECT c.customer_id, c.first_name, c.last_name FROM pagila.customer c WHERE c.activebool = true AND NOT EXISTS ( SELECT 1 FROM pagila.rental r WHERE r.customer_id = c.customer_id AND r.rental_date >= TIMESTAMPTZ '2022-04-01' ) ORDER BY c.customer_id",250,0,4,1,False,True,False,2,2,4,0,0,0,0,0,0,566.68,566.69,1.0,17,32183.0,2.956,5,4,2,Sort,2,0,0,0,1,0,0,1,0,627,0,0,0,16643.0,16044.0,2719744,1351680,7,6.232859636000998e-05
pagila_customer_recency_rank,"WITH activity AS ( SELECT c.customer_id, c.store_id, MAX(r.rental_date) AS last_rental FROM pagila.customer c LEFT JOIN pagila.rental r USING (customer_id) WHERE c.store_id = 2 GROUP BY c.customer_id, c.store_id ) SELECT customer_id, last_rental, dense_rank() OVER (ORDER BY last_rental DESC NULLS LAST) AS recency_rank FROM activity ORDER BY recency_rank, customer_id",368,1,1,1,True,True,False,2,2,6,2,0,1,0,0,0,441.65,442.33,273.0,20,25267.0,3.344,9,8,2,Sort,2,0,0,0,1,0,0,2,1,1122,0,0,0,16643.0,16044.0,2719744,1351680,7,0.017015706806282723
pagila_customer_recency_rank,"WITH activity AS ( SELECT c.customer_id, c.store_id, MAX(r.rental_date) AS last_rental FROM pagila.customer c LEFT JOIN pagila.rental r USING (customer_id) WHERE c.store_id = 2 GROUP BY c.customer_id, c.store_id ) SELECT customer_id, last_rental, dense_rank() OVER (ORDER BY last_rental DESC NULLS LAST) AS recency_rank FROM activity ORDER BY recency_rank, customer_id",368,1,1,1,True,True,False,2,2,6,2,0,1,0,0,0,441.65,442.33,273.0,20,25267.0,3.792,9,8,2,Sort,2,0,0,0,1,0,0,2,1,1122,0,0,0,16643.0,16044.0,2719744,1351680,7,0.017015706806282723
pagila_replacement_exposure,"SELECT f.rating, COUNT(*) AS copies, SUM(f.replacement_cost) AS exposure FROM pagila.film f JOIN pagila.inventory i USING (film_id) WHERE f.replacement_cost >= 20 GROUP BY f.rating ORDER BY exposure DESC",203,1,1,0,True,True,False,2,2,3,2,1,0,0,0,0,187.28,187.29,5.0,44,7789.0,1.272,6,5,2,Sort,2,0,0,0,1,0,0,1,1,440,0,0,0,5581.0,4581.0,1286144,450560,7,0.0010914647456887142
pagila_replacement_exposure,"SELECT f.rating, COUNT(*) AS copies, SUM(f.replacement_cost) AS exposure FROM pagila.film f JOIN pagila.inventory i USING (film_id) WHERE f.replacement_cost >= 20 GROUP BY f.rating ORDER BY exposure DESC",203,1,1,0,True,True,False,2,2,3,2,1,0,0,0,0,187.28,187.29,5.0,44,7789.0,1.279,6,5,2,Sort,2,0,0,0,1,0,0,1,1,440,0,0,0,5581.0,4581.0,1286144,450560,7,0.0010914647456887142
pagila_return_sla,"SELECT i.store_id, COUNT(*) AS rentals, COUNT(*) FILTER (WHERE r.return_date <= r.rental_date + INTERVAL '4 days') AS within_sla FROM pagila.rental r JOIN pagila.inventory i USING (inventory_id) WHERE r.return_date IS NOT NULL GROUP BY i.store_id ORDER BY i.store_id",266,1,2,0,True,True,False,2,2,3,2,1,0,0,0,0,683.47,683.48,2.0,20,40888.0,6.502,6,5,2,Sort,2,0,0,0,1,0,0,1,1,750,0,0,0,20625.0,16044.0,3006464,1466368,5,0.00012465719272001995
pagila_return_sla,"SELECT i.store_id, COUNT(*) AS rentals, COUNT(*) FILTER (WHERE r.return_date <= r.rental_date + INTERVAL '4 days') AS within_sla FROM pagila.rental r JOIN pagila.inventory i USING (inventory_id) WHERE r.return_date IS NOT NULL GROUP BY i.store_id ORDER BY i.store_id",266,1,2,0,True,True,False,2,2,3,2,1,0,0,0,0,683.47,683.48,2.0,20,40888.0,6.542,6,5,2,Sort,2,0,0,0,1,0,0,1,1,750,0,0,0,20625.0,16044.0,3006464,1466368,5,0.00012465719272001995
pagila_store_inventory_turnover,"SELECT i.store_id, COUNT(DISTINCT i.inventory_id) AS inventory, COUNT(r.rental_id) AS rentals, COUNT(r.rental_id)::numeric / NULLIF(COUNT(DISTINCT i.inventory_id), 0) AS turnover FROM pagila.inventory i LEFT JOIN pagila.rental r USING (inventory_id) WHERE r.return_date - r.rental_date >= INTERVAL '7 days' GROUP BY i.store_id ORDER BY turnover DESC",349,1,1,0,True,True,False,2,2,4,4,0,1,0,0,0,922.48,922.49,2.0,52,25210.0,5.112,7,6,2,Sort,2,0,0,0,1,0,0,2,1,930,0,0,0,20625.0,16044.0,3006464,1466368,5,0.00012465719272001995
pagila_store_inventory_turnover,"SELECT i.store_id, COUNT(DISTINCT i.inventory_id) AS inventory, COUNT(r.rental_id) AS rentals, COUNT(r.rental_id)::numeric / NULLIF(COUNT(DISTINCT i.inventory_id), 0) AS turnover FROM pagila.inventory i LEFT JOIN pagila.rental r USING (inventory_id) WHERE r.return_date - r.rental_date >= INTERVAL '7 days' GROUP BY i.store_id ORDER BY turnover DESC",349,1,1,0,True,True,False,2,2,4,4,0,1,0,0,0,922.48,922.49,2.0,52,25210.0,4.704,7,6,2,Sort,2,0,0,0,1,0,0,2,1,930,0,0,0,20625.0,16044.0,3006464,1466368,5,0.00012465719272001995
pagila_inventory_availability,"SELECT i.store_id, COUNT(*) AS copies, COUNT(*) FILTER (WHERE r.rental_id IS NULL) AS available FROM pagila.inventory i LEFT JOIN pagila.rental r ON r.inventory_id = i.inventory_id AND r.return_date IS NULL WHERE i.film_id BETWEEN 362 AND 462 GROUP BY i.store_id ORDER BY i.store_id",282,1,2,0,True,True,False,2,2,3,2,0,1,0,0,0,419.35,419.35,2.0,20,1639.0,1.097,6,5,2,Sort,2,0,0,0,1,0,0,1,1,750,0,0,0,20625.0,16044.0,3006464,1466368,5,0.00012465719272001995
pagila_inventory_availability,"SELECT i.store_id, COUNT(*) AS copies, COUNT(*) FILTER (WHERE r.rental_id IS NULL) AS available FROM pagila.inventory i LEFT JOIN pagila.rental r ON r.inventory_id = i.inventory_id AND r.return_date IS NULL WHERE i.film_id BETWEEN 362 AND 462 GROUP BY i.store_id ORDER BY i.store_id",282,1,2,0,True,True,False,2,2,3,2,0,1,0,0,0,419.35,419.35,2.0,20,1639.0,1.014,6,5,2,Sort,2,0,0,0,1,0,0,1,1,750,0,0,0,20625.0,16044.0,3006464,1466368,5,0.00012465719272001995
pagila_unrented_films,"SELECT f.film_id, f.title FROM pagila.film f WHERE f.rating = 'NC-17' AND NOT EXISTS ( SELECT 1 FROM pagila.inventory i JOIN pagila.rental r USING (inventory_id) WHERE i.film_id = f.film_id ) ORDER BY f.title",208,1,3,1,False,True,False,3,3,3,0,1,0,0,0,0,764.24,764.26,9.0,19,57522.0,5.566,8,6,3,Sort,3,0,0,0,2,0,0,1,0,1122,0,0,0,21625.0,16044.0,3776512,1679360,10,0.0005609573672400897
pagila_unrented_films,"SELECT f.film_id, f.title FROM pagila.film f WHERE f.rating = 'NC-17' AND NOT EXISTS ( SELECT 1 FROM pagila.inventory i JOIN pagila.rental r USING (inventory_id) WHERE i.film_id = f.film_id ) ORDER BY f.title",208,1,3,1,False,True,False,3,3,3,0,1,0,0,0,0,764.24,764.26,9.0,19,57522.0,5.547,8,6,3,Sort,3,0,0,0,2,0,0,1,0,1122,0,0,0,21625.0,16044.0,3776512,1679360,10,0.0005609573672400897
pagila_actor_rental_impact,"SELECT a.actor_id, a.first_name, a.last_name, COUNT(r.rental_id) AS rentals, COALESCE(SUM(p.amount), 0) AS revenue FROM pagila.actor a JOIN pagila.film_actor fa USING (actor_id) JOIN pagila.inventory i USING (film_id) LEFT JOIN pagila.rental r USING (inventory_id) LEFT JOIN pagila.payment p USING (rental_id) WHERE a.actor_id >= 174 GROUP BY a.actor_id, a.first_name, a.last_name ORDER BY revenue DESC LIMIT 30",411,4,1,0,True,True,False,5,5,5,2,2,2,0,0,0,1461.23,1461.3,27.0,57,104884.0,12.797,22,9,11,Limit,10,0,1,0,3,0,1,1,1,2620,0,0,0,42336.0,16049.0,3596288,1728512,10,0.0016823478098323883
pagila_actor_rental_impact,"SELECT a.actor_id, a.first_name, a.last_name, COUNT(r.rental_id) AS rentals, COALESCE(SUM(p.amount), 0) AS revenue FROM pagila.actor a JOIN pagila.film_actor fa USING (actor_id) JOIN pagila.inventory i USING (film_id) LEFT JOIN pagila.rental r USING (inventory_id) LEFT JOIN pagila.payment p USING (rental_id) WHERE a.actor_id >= 174 GROUP BY a.actor_id, a.first_name, a.last_name ORDER BY revenue DESC LIMIT 30",411,4,1,0,True,True,False,5,5,5,2,2,2,0,0,0,1461.23,1461.3,27.0,57,104884.0,13.095,22,9,11,Limit,10,0,1,0,3,0,1,1,1,2620,0,0,0,42336.0,16049.0,3596288,1728512,10,0.0016823478098323883
pagila_rental_gaps,"WITH ordered AS ( SELECT r.customer_id, r.rental_date, lag(r.rental_date) OVER (PARTITION BY r.customer_id ORDER BY r.rental_date) AS previous FROM pagila.rental r WHERE r.customer_id >= 399 ) SELECT customer_id, AVG(rental_date - previous) AS avg_gap FROM ordered WHERE previous IS NOT NULL GROUP BY customer_id ORDER BY avg_gap DESC",334,0,2,1,True,True,False,1,1,5,2,0,0,0,0,0,910.48,911.98,599.0,20,22312.0,5.846,6,6,1,Sort,1,0,0,0,0,0,0,2,1,900,0,0,0,16044.0,16044.0,2490368,1228800,3,0.037334829219645975
pagila_rental_gaps,"WITH ordered AS ( SELECT r.customer_id, r.rental_date, lag(r.rental_date) OVER (PARTITION BY r.customer_id ORDER BY r.rental_date) AS previous FROM pagila.rental r WHERE r.customer_id >= 399 ) SELECT customer_id, AVG(rental_date - previous) AS avg_gap FROM ordered WHERE previous IS NOT NULL GROUP BY customer_id ORDER BY avg_gap DESC",334,0,2,1,True,True,False,1,1,5,2,0,0,0,0,0,910.48,911.98,599.0,20,22312.0,4.856,6,6,1,Sort,1,0,0,0,0,0,0,2,1,900,0,0,0,16044.0,16044.0,2490368,1228800,3,0.037334829219645975
pagila_customer_payment_transitions,"SELECT p.customer_id, p.payment_date, p.amount, lag(p.amount) OVER (PARTITION BY p.customer_id ORDER BY p.payment_date) AS previous_amount, p.amount - lag(p.amount) OVER (PARTITION BY p.customer_id ORDER BY p.payment_date) AS delta FROM pagila.payment p WHERE p.customer_id >= 232 ORDER BY p.customer_id, p.payment_date",319,0,1,0,False,True,False,1,1,5,2,0,0,0,0,0,1021.56,1242.4,9816.0,82,39264.0,7.749,10,4,7,WindowAgg,7,0,0,0,0,0,0,1,0,484,0,0,0,16049.0,16049.0,0,0,1,0.6116268926412861
pagila_customer_payment_transitions,"SELECT p.customer_id, p.payment_date, p.amount, lag(p.amount) OVER (PARTITION BY p.customer_id ORDER BY p.payment_date) AS previous_amount, p.amount - lag(p.amount) OVER (PARTITION BY p.customer_id ORDER BY p.payment_date) AS delta FROM pagila.payment p WHERE p.customer_id >= 232 ORDER BY p.customer_id, p.payment_date",319,0,1,0,False,True,False,1,1,5,2,0,0,0,0,0,1021.56,1242.4,9816.0,82,39264.0,7.746,10,4,7,WindowAgg,7,0,0,0,0,0,0,1,0,484,0,0,0,16049.0,16049.0,0,0,1,0.6116268926412861
pagila_duration_outliers,"WITH stats AS ( SELECT rating, AVG(length) AS avg_length, STDDEV_POP(length) AS sd FROM pagila.film GROUP BY rating ) SELECT f.film_id, f.title, f.length FROM pagila.film f JOIN stats s USING (rating) WHERE f.rating = 'PG-13' AND f.length > s.avg_length + s.sd ORDER BY f.length DESC",283,1,2,1,True,True,False,2,1,6,2,1,0,0,0,0,160.33,160.51,74.0,21,595.0,0.334,5,4,1,Sort,2,0,0,0,0,0,1,1,1,448,0,0,0,1000.0,1000.0,770048,212992,5,0.074
pagila_duration_outliers,"WITH stats AS ( SELECT rating, AVG(length) AS avg_length, STDDEV_POP(length) AS sd FROM pagila.film GROUP BY rating ) SELECT f.film_id, f.title, f.length FROM pagila.film f JOIN stats s USING (rating) WHERE f.rating = 'PG-13' AND f.length > s.avg_length + s.sd ORDER BY f.length DESC",283,1,2,1,True,True,False,2,1,6,2,1,0,0,0,0,160.33,160.51,74.0,21,595.0,0.341,5,4,1,Sort,2,0,0,0,0,0,1,1,1,448,0,0,0,1000.0,1000.0,770048,212992,5,0.074
pagila_actor_category_diversity,"SELECT a.actor_id, a.first_name, a.last_name, COUNT(DISTINCT fc.category_id) AS category_count FROM pagila.actor a JOIN pagila.film_actor fa USING (actor_id) JOIN pagila.film_category fc USING (film_id) WHERE a.actor_id >= 6 GROUP BY a.actor_id, a.first_name, a.last_name ORDER BY category_count DESC",300,2,1,0,True,True,False,3,3,4,1,2,0,0,0,0,586.8,587.29,195.0,25,24217.0,4.086,10,7,3,Sort,3,0,0,0,2,0,0,2,1,230,0,0,0,6662.0,5462.0,704512,303104,5,0.03570120834859026
pagila_actor_category_diversity,"SELECT a.actor_id, a.first_name, a.last_name, COUNT(DISTINCT fc.category_id) AS category_count FROM pagila.actor a JOIN pagila.film_actor fa USING (actor_id) JOIN pagila.film_category fc USING (film_id) WHERE a.actor_id >= 6 GROUP BY a.actor_id, a.first_name, a.last_name ORDER BY category_count DESC",300,2,1,0,True,True,False,3,3,4,1,2,0,0,0,0,586.8,587.29,195.0,25,24217.0,4.103,10,7,3,Sort,3,0,0,0,2,0,0,2,1,230,0,0,0,6662.0,5462.0,704512,303104,5,0.03570120834859026
pagila_overdue_rentals,"SELECT r.customer_id, COUNT(*) AS overdue_count, AVG(EXTRACT(EPOCH FROM (r.return_date - r.rental_date)) / 86400) AS avg_days FROM pagila.rental r WHERE r.return_date IS NOT NULL AND r.return_date - r.rental_date > INTERVAL '8 days' GROUP BY r.customer_id ORDER BY overdue_count DESC",283,0,2,0,True,True,False,1,1,3,2,0,0,0,0,0,505.09,506.58,599.0,44,6485.0,2.585,3,3,1,Sort,1,0,0,0,0,0,0,1,1,450,0,0,0,16044.0,16044.0,2490368,1228800,3,0.037334829219645975
pagila_overdue_rentals,"SELECT r.customer_id, COUNT(*) AS overdue_count, AVG(EXTRACT(EPOCH FROM (r.return_date - r.rental_date)) / 86400) AS avg_days FROM pagila.rental r WHERE r.return_date IS NOT NULL AND r.return_date - r.rental_date > INTERVAL '8 days' GROUP BY r.customer_id ORDER BY overdue_count DESC",283,0,2,0,True,True,False,1,1,3,2,0,0,0,0,0,505.09,506.58,599.0,44,6485.0,2.673,3,3,1,Sort,1,0,0,0,0,0,0,1,1,450,0,0,0,16044.0,16044.0,2490368,1228800,3,0.037334829219645975
pagila_film_popularity,"SELECT f.film_id, f.title, COUNT(r.rental_id) AS rentals FROM pagila.film f JOIN pagila.inventory i USING (film_id) LEFT JOIN pagila.rental r USING (inventory_id) WHERE f.rating = 'PG-13' GROUP BY f.film_id, f.title ORDER BY rentals DESC, f.title LIMIT 40",255,2,1,0,True,True,False,3,3,3,1,1,1,0,0,0,613.52,613.62,40.0,27,27180.0,3.592,10,8,3,Limit,3,0,0,0,2,0,0,1,1,1472,0,0,0,21625.0,16044.0,3776512,1679360,10,0.0024931438544003987
pagila_film_popularity,"SELECT f.film_id, f.title, COUNT(r.rental_id) AS rentals FROM pagila.film f JOIN pagila.inventory i USING (film_id) LEFT JOIN pagila.rental r USING (inventory_id) WHERE f.rating = 'PG-13' GROUP BY f.film_id, f.title ORDER BY rentals DESC, f.title LIMIT 40",255,2,1,0,True,True,False,3,3,3,1,1,1,0,0,0,613.52,613.62,40.0,27,27180.0,3.638,10,8,3,Limit,3,0,0,0,2,0,0,1,1,1472,0,0,0,21625.0,16044.0,3776512,1679360,10,0.0024931438544003987
pagila_category_percentiles,"SELECT c.name, percentile_cont(0.5) WITHIN GROUP (ORDER BY p.amount) AS median_payment, percentile_cont(0.9) WITHIN GROUP (ORDER BY p.amount) AS p90_payment FROM pagila.category c JOIN pagila.film_category fc USING (category_id) JOIN pagila.inventory i USING (film_id) JOIN pagila.rental r USING (inventory_id) JOIN pagila.payment p USING (rental_id) WHERE p.amount >= 4.99 GROUP BY c.name ORDER BY p90_payment DESC",415,4,1,0,True,True,False,5,5,3,2,4,0,0,0,0,1763.37,1763.41,16.0,23,90802.0,15.079,23,8,11,Sort,11,0,0,0,4,0,0,2,1,2428,0,0,0,37690.0,16049.0,3153920,1523712,8,0.0009969468502710448
pagila_category_percentiles,"SELECT c.name, percentile_cont(0.5) WITHIN GROUP (ORDER BY p.amount) AS median_payment, percentile_cont(0.9) WITHIN GROUP (ORDER BY p.amount) AS p90_payment FROM pagila.category c JOIN pagila.film_category fc USING (category_id) JOIN pagila.inventory i USING (film_id) JOIN pagila.rental r USING (inventory_id) JOIN pagila.payment p USING (rental_id) WHERE p.amount >= 4.99 GROUP BY c.name ORDER BY p90_payment DESC",415,4,1,0,True,True,False,5,5,3,2,4,0,0,0,0,1763.37,1763.41,16.0,23,90802.0,15.149,23,8,11,Sort,11,0,0,0,4,0,0,2,1,2428,0,0,0,37690.0,16049.0,3153920,1523712,8,0.0009969468502710448
pagila_film_pair_affinity,"SELECT i1.film_id AS first_film, i2.film_id AS second_film, COUNT(DISTINCT r1.customer_id) AS shared_customers FROM pagila.rental r1 JOIN pagila.inventory i1 USING (inventory_id) JOIN pagila.rental r2 ON r2.customer_id = r1.customer_id AND r2.rental_id > r1.rental_id JOIN pagila.inventory i2 ON i2.inventory_id = r2.inventory_id WHERE i1.film_id < i2.film_id GROUP BY i1.film_id, i2.film_id HAVING COUNT(DISTINCT r1.customer_id) >= 2 ORDER BY shared_customers DESC LIMIT 40",474,3,1,0,True,True,False,4,2,3,2,3,0,0,0,0,13344.35,13344.45,40.0,16,358245.0,122.446,14,9,2,Limit,4,0,0,0,3,0,0,2,1,2880,0,1160,1164,20625.0,16044.0,3006464,1466368,5,0.0024931438544003987
pagila_film_pair_affinity,"SELECT i1.film_id AS first_film, i2.film_id AS second_film, COUNT(DISTINCT r1.customer_id) AS shared_customers FROM pagila.rental r1 JOIN pagila.inventory i1 USING (inventory_id) JOIN pagila.rental r2 ON r2.customer_id = r1.customer_id AND r2.rental_id > r1.rental_id JOIN pagila.inventory i2 ON i2.inventory_id = r2.inventory_id WHERE i1.film_id < i2.film_id GROUP BY i1.film_id, i2.film_id HAVING COUNT(DISTINCT r1.customer_id) >= 2 ORDER BY shared_customers DESC LIMIT 40",474,3,1,0,True,True,False,4,2,3,2,3,0,0,0,0,13344.35,13344.45,40.0,16,358245.0,128.597,14,9,2,Limit,4,0,0,0,3,0,0,2,1,2880,0,1160,1164,20625.0,16044.0,3006464,1466368,5,0.0024931438544003987
pagila_country_revenue,"SELECT co.country, COUNT(DISTINCT cu.customer_id) AS customers, SUM(p.amount) AS revenue FROM pagila.country co JOIN pagila.city ci USING (country_id) JOIN pagila.address a USING (city_id) JOIN pagila.customer cu USING (address_id) JOIN pagila.payment p USING (customer_id) WHERE co.country_id >= 32 GROUP BY co.country ORDER BY revenue DESC",341,4,1,0,True,True,False,5,5,3,2,4,0,0,0,0,1489.94,1490.13,78.0,49,107095.0,16.884,23,9,11,Sort,11,0,0,0,4,0,0,2,1,1275,0,0,0,17960.0,16049.0,557056,262144,10,0.004860115895071344
pagila_country_revenue,"SELECT co.country, COUNT(DISTINCT cu.customer_id) AS customers, SUM(p.amount) AS revenue FROM pagila.country co JOIN pagila.city ci USING (country_id) JOIN pagila.address a USING (city_id) JOIN pagila.customer cu USING (address_id) JOIN pagila.payment p USING (customer_id) WHERE co.country_id >= 32 GROUP BY co.country ORDER BY revenue DESC",341,4,1,0,True,True,False,5,5,3,2,4,0,0,0,0,1489.94,1490.13,78.0,49,107095.0,17.005,23,9,11,Sort,11,0,0,0,4,0,0,2,1,1275,0,0,0,17960.0,16049.0,557056,262144,10,0.004860115895071344
pagila_staff_performance,"SELECT s.staff_id, s.first_name, s.last_name, COUNT(p.payment_id) AS payments, SUM(p.amount) AS revenue FROM pagila.staff s JOIN pagila.payment p USING (staff_id) WHERE p.payment_date >= TIMESTAMPTZ '2022-02-01' AND p.payment_date < TIMESTAMPTZ '2022-03-01' GROUP BY s.staff_id, s.first_name, s.last_name ORDER BY revenue DESC",326,1,2,0,True,True,False,2,2,5,2,1,0,0,0,0,92.76,92.76,2.0,56,4810.0,0.894,6,5,2,Sort,2,0,0,0,1,0,0,1,1,77,0,0,0,16051.0,16049.0,32768,16384,2,0.0001246183562838806
pagila_staff_performance,"SELECT s.staff_id, s.first_name, s.last_name, COUNT(p.payment_id) AS payments, SUM(p.amount) AS revenue FROM pagila.staff s JOIN pagila.payment p USING (staff_id) WHERE p.payment_date >= TIMESTAMPTZ '2022-02-01' AND p.payment_date < TIMESTAMPTZ '2022-03-01' GROUP BY s.staff_id, s.first_name, s.last_name ORDER BY revenue DESC",326,1,2,0,True,True,False,2,2,5,2,1,0,0,0,0,92.76,92.76,2.0,56,4810.0,0.881,6,5,2,Sort,2,0,0,0,1,0,0,1,1,77,0,0,0,16051.0,16049.0,32768,16384,2,0.0001246183562838806
pagila_daily_revenue_rollup,"SELECT date_trunc('day', p.payment_date) AS day, s.store_id, SUM(p.amount) AS revenue FROM pagila.payment p JOIN pagila.staff s USING (staff_id) WHERE p.payment_date >= TIMESTAMPTZ '2022-06-01' AND p.payment_date < TIMESTAMPTZ '2022-07-01' GROUP BY GROUPING SETS ((day, s.store_id), (day), ()) ORDER BY day NULLS LAST, s.store_id NULLS LAST",340,1,2,0,True,True,False,2,2,3,1,1,0,0,0,0,240.15,346.33,5309.0,44,13275.0,1.794,6,5,2,Aggregate,2,0,0,0,1,0,0,1,1,85,0,0,0,16051.0,16049.0,32768,16384,2,0.3307994267555611
pagila_daily_revenue_rollup,"SELECT date_trunc('day', p.payment_date) AS day, s.store_id, SUM(p.amount) AS revenue FROM pagila.payment p JOIN pagila.staff s USING (staff_id) WHERE p.payment_date >= TIMESTAMPTZ '2022-06-01' AND p.payment_date < TIMESTAMPTZ '2022-07-01' GROUP BY GROUPING SETS ((day, s.store_id), (day), ()) ORDER BY day NULLS LAST, s.store_id NULLS LAST",340,1,2,0,True,True,False,2,2,3,1,1,0,0,0,0,240.15,346.33,5309.0,44,13275.0,1.826,6,5,2,Aggregate,2,0,0,0,1,0,0,1,1,85,0,0,0,16051.0,16049.0,32768,16384,2,0.3307994267555611
pagila_customer_cohorts,"SELECT date_trunc('month', c.create_date) AS cohort, COUNT(DISTINCT c.customer_id) AS customers, COUNT(r.rental_id) AS rentals FROM pagila.customer c LEFT JOIN pagila.rental r USING (customer_id) WHERE EXTRACT(YEAR FROM c.create_date) >= 2005 GROUP BY cohort ORDER BY cohort",274,1,1,0,True,True,False,2,2,3,2,0,1,0,0,0,731.92,785.5,1.0,24,27159.0,10.33,6,5,2,Aggregate,2,0,0,0,1,0,0,1,1,645,0,0,0,16643.0,16044.0,2719744,1351680,7,6.232859636000998e-05
pagila_customer_cohorts,"SELECT date_trunc('month', c.create_date) AS cohort, COUNT(DISTINCT c.customer_id) AS customers, COUNT(r.rental_id) AS rentals FROM pagila.customer c LEFT JOIN pagila.rental r USING (customer_id) WHERE EXTRACT(YEAR FROM c.create_date) >= 2005 GROUP BY cohort ORDER BY cohort",274,1,1,0,True,True,False,2,2,3,2,0,1,0,0,0,731.92,785.5,1.0,24,27159.0,10.267,6,5,2,Aggregate,2,0,0,0,1,0,0,1,1,645,0,0,0,16643.0,16044.0,2719744,1351680,7,6.232859636000998e-05
pagila_store_monthly_revenue,"SELECT date_trunc('month', p.payment_date) AS month, SUM(p.amount) AS revenue, COUNT(DISTINCT p.customer_id) AS customers FROM pagila.payment p JOIN pagila.staff s USING (staff_id) WHERE s.store_id = 2 GROUP BY month ORDER BY month",231,1,1,0,True,True,False,2,2,3,2,1,0,0,0,0,983.42,1184.02,8024.0,48,40121.0,7.95,12,5,8,Aggregate,8,0,0,0,0,0,1,1,1,609,0,0,0,16051.0,16049.0,32768,16384,2,0.499968845410929
pagila_store_monthly_revenue,"SELECT date_trunc('month', p.payment_date) AS month, SUM(p.amount) AS revenue, COUNT(DISTINCT p.customer_id) AS customers FROM pagila.payment p JOIN pagila.staff s USING (staff_id) WHERE s.store_id = 2 GROUP BY month ORDER BY month",231,1,1,0,True,True,False,2,2,3,2,1,0,0,0,0,983.42,1184.02,8024.0,48,40121.0,7.139,12,5,8,Aggregate,8,0,0,0,0,0,1,1,1,609,0,0,0,16051.0,16049.0,32768,16384,2,0.499968845410929
pagila_rating_revenue_pivot,"SELECT i.store_id, SUM(p.amount) FILTER (WHERE f.rating = 'G') AS g_revenue, SUM(p.amount) FILTER (WHERE f.rating = 'PG') AS pg_revenue, SUM(p.amount) FILTER (WHERE f.rating = 'R') AS r_revenue FROM pagila.payment p JOIN pagila.rental r USING (rental_id) JOIN pagila.inventory i USING (inventory_id) JOIN pagila.film f USING (film_id) WHERE p.payment_date >= TIMESTAMPTZ '2022-05-01' AND p.payment_date < TIMESTAMPTZ '2022-06-01' GROUP BY i.store_id ORDER BY i.store_id",469,3,5,0,True,True,False,4,4,4,3,3,0,0,0,0,771.56,771.56,2.0,100,40595.0,5.56,12,7,4,Sort,4,0,0,0,3,0,0,1,1,1540,0,0,0,37674.0,16049.0,3776512,1679360,11,0.0001246183562838806
pagila_rating_revenue_pivot,"SELECT i.store_id, SUM(p.amount) FILTER (WHERE f.rating = 'G') AS g_revenue, SUM(p.amount) FILTER (WHERE f.rating = 'PG') AS pg_revenue, SUM(p.amount) FILTER (WHERE f.rating = 'R') AS r_revenue FROM pagila.payment p JOIN pagila.rental r USING (rental_id) JOIN pagila.inventory i USING (inventory_id) JOIN pagila.film f USING (film_id) WHERE p.payment_date >= TIMESTAMPTZ '2022-05-01' AND p.payment_date < TIMESTAMPTZ '2022-06-01' GROUP BY i.store_id ORDER BY i.store_id",469,3,5,0,True,True,False,4,4,4,3,3,0,0,0,0,771.56,771.56,2.0,100,40595.0,5.154,12,7,4,Sort,4,0,0,0,3,0,0,1,1,1540,0,0,0,37674.0,16049.0,3776512,1679360,11,0.0001246183562838806
pagila_inventory_imbalance,"SELECT i.film_id, COUNT(*) FILTER (WHERE i.store_id = 1) AS store_one, COUNT(*) FILTER (WHERE i.store_id = 2) AS store_two FROM pagila.inventory i WHERE i.film_id >= 4 GROUP BY i.film_id HAVING ABS(COUNT(*) FILTER (WHERE i.store_id = 1) - COUNT(*) FILTER (WHERE i.store_id = 2)) >= 4 ORDER BY i.film_id",302,0,5,0,True,True,False,1,1,3,4,0,0,0,0,0,174.39,175.19,319.0,20,5206.0,1.076,3,3,1,Sort,1,0,0,0,0,0,0,1,1,90,0,0,0,4581.0,4581.0,516096,237568,2,0.06963545077493997
pagila_inventory_imbalance,"SELECT i.film_id, COUNT(*) FILTER (WHERE i.store_id = 1) AS store_one, COUNT(*) FILTER (WHERE i.store_id = 2) AS store_two FROM pagila.inventory i WHERE i.film_id >= 4 GROUP BY i.film_id HAVING ABS(COUNT(*) FILTER (WHERE i.store_id = 1) - COUNT(*) FILTER (WHERE i.store_id = 2)) >= 4 ORDER BY i.film_id",302,0,5,0,True,True,False,1,1,3,4,0,0,0,0,0,174.39,175.19,319.0,20,5206.0,1.27,3,3,1,Sort,1,0,0,0,0,0,0,1,1,90,0,0,0,4581.0,4581.0,516096,237568,2,0.06963545077493997
pagila_return_sla,"SELECT i.store_id, COUNT(*) AS rentals, COUNT(*) FILTER (WHERE r.return_date <= r.rental_date + INTERVAL '9 days') AS within_sla FROM pagila.rental r JOIN pagila.inventory i USING (inventory_id) WHERE r.return_date IS NOT NULL GROUP BY i.store_id ORDER BY i.store_id",266,1,2,0,True,True,False,2,2,3,2,1,0,0,0,0,683.47,683.48,2.0,20,40888.0,8.825,6,5,2,Sort,2,0,0,0,1,0,0,1,1,750,0,0,0,20625.0,16044.0,3006464,1466368,5,0.00012465719272001995
pagila_return_sla,"SELECT i.store_id, COUNT(*) AS rentals, COUNT(*) FILTER (WHERE r.return_date <= r.rental_date + INTERVAL '9 days') AS within_sla FROM pagila.rental r JOIN pagila.inventory i USING (inventory_id) WHERE r.return_date IS NOT NULL GROUP BY i.store_id ORDER BY i.store_id",266,1,2,0,True,True,False,2,2,3,2,1,0,0,0,0,683.47,683.48,2.0,20,40888.0,7.995,6,5,2,Sort,2,0,0,0,1,0,0,1,1,750,0,0,0,20625.0,16044.0,3006464,1466368,5,0.00012465719272001995
pagila_staff_performance,"SELECT s.staff_id, s.first_name, s.last_name, COUNT(p.payment_id) AS payments, SUM(p.amount) AS revenue FROM pagila.staff s JOIN pagila.payment p USING (staff_id) WHERE p.payment_date >= TIMESTAMPTZ '2022-04-01' AND p.payment_date < TIMESTAMPTZ '2022-05-01' GROUP BY s.staff_id, s.first_name, s.last_name ORDER BY revenue DESC",326,1,2,0,True,True,False,2,2,5,2,1,0,0,0,0,98.25,98.25,2.0,56,5102.0,0.938,6,5,2,Sort,2,0,0,0,1,0,0,1,1,81,0,0,0,16051.0,16049.0,32768,16384,2,0.0001246183562838806
pagila_staff_performance,"SELECT s.staff_id, s.first_name, s.last_name, COUNT(p.payment_id) AS payments, SUM(p.amount) AS revenue FROM pagila.staff s JOIN pagila.payment p USING (staff_id) WHERE p.payment_date >= TIMESTAMPTZ '2022-04-01' AND p.payment_date < TIMESTAMPTZ '2022-05-01' GROUP BY s.staff_id, s.first_name, s.last_name ORDER BY revenue DESC",326,1,2,0,True,True,False,2,2,5,2,1,0,0,0,0,98.25,98.25,2.0,56,5102.0,1.021,6,5,2,Sort,2,0,0,0,1,0,0,1,1,81,0,0,0,16051.0,16049.0,32768,16384,2,0.0001246183562838806
pagila_customer_recency_rank,"WITH activity AS ( SELECT c.customer_id, c.store_id, MAX(r.rental_date) AS last_rental FROM pagila.customer c LEFT JOIN pagila.rental r USING (customer_id) WHERE c.store_id = 1 GROUP BY c.customer_id, c.store_id ) SELECT customer_id, last_rental, dense_rank() OVER (ORDER BY last_rental DESC NULLS LAST) AS recency_rank FROM activity ORDER BY recency_rank, customer_id",368,1,1,1,True,True,False,2,2,6,2,0,1,0,0,0,456.52,457.34,326.0,20,27058.0,4.186,9,8,2,Sort,2,0,0,0,1,0,0,2,1,1122,0,0,0,16643.0,16044.0,2719744,1351680,7,0.020319122413363252
pagila_customer_recency_rank,"WITH activity AS ( SELECT c.customer_id, c.store_id, MAX(r.rental_date) AS last_rental FROM pagila.customer c LEFT JOIN pagila.rental r USING (customer_id) WHERE c.store_id = 1 GROUP BY c.customer_id, c.store_id ) SELECT customer_id, last_rental, dense_rank() OVER (ORDER BY last_rental DESC NULLS LAST) AS recency_rank FROM activity ORDER BY recency_rank, customer_id",368,1,1,1,True,True,False,2,2,6,2,0,1,0,0,0,456.52,457.34,326.0,20,27058.0,5.196,9,8,2,Sort,2,0,0,0,1,0,0,2,1,1122,0,0,0,16643.0,16044.0,2719744,1351680,7,0.020319122413363252
pagila_rental_gaps,"WITH ordered AS ( SELECT r.customer_id, r.rental_date, lag(r.rental_date) OVER (PARTITION BY r.customer_id ORDER BY r.rental_date) AS previous FROM pagila.rental r WHERE r.customer_id >= 102 ) SELECT customer_id, AVG(rental_date - previous) AS avg_gap FROM ordered WHERE previous IS NOT NULL GROUP BY customer_id ORDER BY avg_gap DESC",334,0,2,1,True,True,False,1,1,5,2,0,0,0,0,0,1797.18,1798.67,599.0,20,54411.0,15.192,6,6,1,Sort,1,0,0,0,0,0,0,2,1,900,0,0,0,16044.0,16044.0,2490368,1228800,3,0.037334829219645975
pagila_rental_gaps,"WITH ordered AS ( SELECT r.customer_id, r.rental_date, lag(r.rental_date) OVER (PARTITION BY r.customer_id ORDER BY r.rental_date) AS previous FROM pagila.rental r WHERE r.customer_id >= 102 ) SELECT customer_id, AVG(rental_date - previous) AS avg_gap FROM ordered WHERE previous IS NOT NULL GROUP BY customer_id ORDER BY avg_gap DESC",334,0,2,1,True,True,False,1,1,5,2,0,0,0,0,0,1797.18,1798.67,599.0,20,54411.0,14.62,6,6,1,Sort,1,0,0,0,0,0,0,2,1,900,0,0,0,16044.0,16044.0,2490368,1228800,3,0.037334829219645975
pagila_city_customer_density,"SELECT co.country, ci.city, COUNT(cu.customer_id) AS customers FROM pagila.country co JOIN pagila.city ci USING (country_id) JOIN pagila.address a USING (city_id) LEFT JOIN pagila.customer cu USING (address_id) WHERE co.country_id <= 53 GROUP BY co.country, ci.city ORDER BY customers DESC LIMIT 60",298,3,1,0,True,True,False,4,4,3,1,2,1,0,0,0,77.9,78.05,60.0,26,4637.0,0.994,13,8,4,Limit,4,0,0,0,3,0,0,1,1,153,0,0,0,1911.0,603.0,557056,262144,9,0.09950248756218906
pagila_city_customer_density,"SELECT co.country, ci.city, COUNT(cu.customer_id) AS customers FROM pagila.country co JOIN pagila.city ci USING (country_id) JOIN pagila.address a USING (city_id) LEFT JOIN pagila.customer cu USING (address_id) WHERE co.country_id <= 53 GROUP BY co.country, ci.city ORDER BY customers DESC LIMIT 60",298,3,1,0,True,True,False,4,4,3,1,2,1,0,0,0,77.9,78.05,60.0,26,4637.0,0.784,13,8,4,Limit,4,0,0,0,3,0,0,1,1,153,0,0,0,1911.0,603.0,557056,262144,9,0.09950248756218906
pagila_inventory_availability,"SELECT i.store_id, COUNT(*) AS copies, COUNT(*) FILTER (WHERE r.rental_id IS NULL) AS available FROM pagila.inventory i LEFT JOIN pagila.rental r ON r.inventory_id = i.inventory_id AND r.return_date IS NULL WHERE i.film_id BETWEEN 2 AND 102 GROUP BY i.store_id ORDER BY i.store_id",280,1,2,0,True,True,False,2,2,3,2,0,1,0,0,0,418.63,418.63,2.0,20,1531.0,1.159,6,5,2,Sort,2,0,0,0,1,0,0,1,1,750,0,0,0,20625.0,16044.0,3006464,1466368,5,0.00012465719272001995
pagila_inventory_availability,"SELECT i.store_id, COUNT(*) AS copies, COUNT(*) FILTER (WHERE r.rental_id IS NULL) AS available FROM pagila.inventory i LEFT JOIN pagila.rental r ON r.inventory_id = i.inventory_id AND r.return_date IS NULL WHERE i.film_id BETWEEN 2 AND 102 GROUP BY i.store_id ORDER BY i.store_id",280,1,2,0,True,True,False,2,2,3,2,0,1,0,0,0,418.63,418.63,2.0,20,1531.0,1.526,6,5,2,Sort,2,0,0,0,1,0,0,1,1,750,0,0,0,20625.0,16044.0,3006464,1466368,5,0.00012465719272001995
pagila_language_catalog,"SELECT l.name, f.rating, COUNT(*) AS films, AVG(f.length) AS avg_length FROM pagila.language l JOIN pagila.film f USING (language_id) WHERE f.length >= 120 GROUP BY l.name, f.rating ORDER BY films DESC",201,1,1,0,True,True,False,2,2,4,2,1,0,0,0,0,85.53,85.61,30.0,65,1010.0,0.431,6,5,2,Sort,2,0,0,0,1,0,0,1,1,261,0,0,0,1006.0,1000.0,794624,229376,6,0.03
pagila_language_catalog,"SELECT l.name, f.rating, COUNT(*) AS films, AVG(f.length) AS avg_length FROM pagila.language l JOIN pagila.film f USING (language_id) WHERE f.length >= 120 GROUP BY l.name, f.rating ORDER BY films DESC",201,1,1,0,True,True,False,2,2,4,2,1,0,0,0,0,85.53,85.61,30.0,65,1010.0,0.371,6,5,2,Sort,2,0,0,0,1,0,0,1,1,261,0,0,0,1006.0,1000.0,794624,229376,6,0.03
pagila_category_percentiles,"SELECT c.name, percentile_cont(0.5) WITHIN GROUP (ORDER BY p.amount) AS median_payment, percentile_cont(0.9) WITHIN GROUP (ORDER BY p.amount) AS p90_payment FROM pagila.category c JOIN pagila.film_category fc USING (category_id) JOIN pagila.inventory i USING (film_id) JOIN pagila.rental r USING (inventory_id) JOIN pagila.payment p USING (rental_id) WHERE p.amount >= 4.99 GROUP BY c.name ORDER BY p90_payment DESC",415,4,1,0,True,True,False,5,5,3,2,4,0,0,0,0,1763.37,1763.41,16.0,23,90802.0,19.35,23,8,11,Sort,11,0,0,0,4,0,0,2,1,2428,0,0,0,37690.0,16049.0,3153920,1523712,8,0.0009969468502710448
pagila_category_percentiles,"SELECT c.name, percentile_cont(0.5) WITHIN GROUP (ORDER BY p.amount) AS median_payment, percentile_cont(0.9) WITHIN GROUP (ORDER BY p.amount) AS p90_payment FROM pagila.category c JOIN pagila.film_category fc USING (category_id) JOIN pagila.inventory i USING (film_id) JOIN pagila.rental r USING (inventory_id) JOIN pagila.payment p USING (rental_id) WHERE p.amount >= 4.99 GROUP BY c.name ORDER BY p90_payment DESC",415,4,1,0,True,True,False,5,5,3,2,4,0,0,0,0,1763.37,1763.41,16.0,23,90802.0,15.159,23,8,11,Sort,11,0,0,0,4,0,0,2,1,2428,0,0,0,37690.0,16049.0,3153920,1523712,8,0.0009969468502710448
pagila_rating_revenue_pivot,"SELECT i.store_id, SUM(p.amount) FILTER (WHERE f.rating = 'G') AS g_revenue, SUM(p.amount) FILTER (WHERE f.rating = 'PG') AS pg_revenue, SUM(p.amount) FILTER (WHERE f.rating = 'R') AS r_revenue FROM pagila.payment p JOIN pagila.rental r USING (rental_id) JOIN pagila.inventory i USING (inventory_id) JOIN pagila.film f USING (film_id) WHERE p.payment_date >= TIMESTAMPTZ '2022-02-01' AND p.payment_date < TIMESTAMPTZ '2022-03-01' GROUP BY i.store_id ORDER BY i.store_id",469,3,5,0,True,True,False,4,4,4,3,3,0,0,0,0,752.92,752.92,2.0,100,39215.0,4.756,12,7,4,Sort,4,0,0,0,3,0,0,1,1,1526,0,0,0,37674.0,16049.0,3776512,1679360,11,0.0001246183562838806
pagila_rating_revenue_pivot,"SELECT i.store_id, SUM(p.amount) FILTER (WHERE f.rating = 'G') AS g_revenue, SUM(p.amount) FILTER (WHERE f.rating = 'PG') AS pg_revenue, SUM(p.amount) FILTER (WHERE f.rating = 'R') AS r_revenue FROM pagila.payment p JOIN pagila.rental r USING (rental_id) JOIN pagila.inventory i USING (inventory_id) JOIN pagila.film f USING (film_id) WHERE p.payment_date >= TIMESTAMPTZ '2022-02-01' AND p.payment_date < TIMESTAMPTZ '2022-03-01' GROUP BY i.store_id ORDER BY i.store_id",469,3,5,0,True,True,False,4,4,4,3,3,0,0,0,0,752.92,752.92,2.0,100,39215.0,4.788,12,7,4,Sort,4,0,0,0,3,0,0,1,1,1526,0,0,0,37674.0,16049.0,3776512,1679360,11,0.0001246183562838806
pagila_customer_cohorts,"SELECT date_trunc('month', c.create_date) AS cohort, COUNT(DISTINCT c.customer_id) AS customers, COUNT(r.rental_id) AS rentals FROM pagila.customer c LEFT JOIN pagila.rental r USING (customer_id) WHERE EXTRACT(YEAR FROM c.create_date) >= 2006 GROUP BY cohort ORDER BY cohort",274,1,1,0,True,True,False,2,2,3,2,0,1,0,0,0,731.92,785.5,1.0,24,27159.0,10.353,6,5,2,Aggregate,2,0,0,0,1,0,0,1,1,645,0,0,0,16643.0,16044.0,2719744,1351680,7,6.232859636000998e-05
pagila_customer_cohorts,"SELECT date_trunc('month', c.create_date) AS cohort, COUNT(DISTINCT c.customer_id) AS customers, COUNT(r.rental_id) AS rentals FROM pagila.customer c LEFT JOIN pagila.rental r USING (customer_id) WHERE EXTRACT(YEAR FROM c.create_date) >= 2006 GROUP BY cohort ORDER BY cohort",274,1,1,0,True,True,False,2,2,3,2,0,1,0,0,0,731.92,785.5,1.0,24,27159.0,10.446,6,5,2,Aggregate,2,0,0,0,1,0,0,1,1,645,0,0,0,16643.0,16044.0,2719744,1351680,7,6.232859636000998e-05
pagila_store_inventory_turnover,"SELECT i.store_id, COUNT(DISTINCT i.inventory_id) AS inventory, COUNT(r.rental_id) AS rentals, COUNT(r.rental_id)::numeric / NULLIF(COUNT(DISTINCT i.inventory_id), 0) AS turnover FROM pagila.inventory i LEFT JOIN pagila.rental r USING (inventory_id) WHERE r.return_date - r.rental_date >= INTERVAL '5 days' GROUP BY i.store_id ORDER BY turnover DESC",349,1,1,0,True,True,False,2,2,4,4,0,1,0,0,0,922.48,922.49,2.0,52,25210.0,6.553,7,6,2,Sort,2,0,0,0,1,0,0,2,1,930,0,0,0,20625.0,16044.0,3006464,1466368,5,0.00012465719272001995
pagila_store_inventory_turnover,"SELECT i.store_id, COUNT(DISTINCT i.inventory_id) AS inventory, COUNT(r.rental_id) AS rentals, COUNT(r.rental_id)::numeric / NULLIF(COUNT(DISTINCT i.inventory_id), 0) AS turnover FROM pagila.inventory i LEFT JOIN pagila.rental r USING (inventory_id) WHERE r.return_date - r.rental_date >= INTERVAL '5 days' GROUP BY i.store_id ORDER BY turnover DESC",349,1,1,0,True,True,False,2,2,4,4,0,1,0,0,0,922.48,922.49,2.0,52,25210.0,6.482,7,6,2,Sort,2,0,0,0,1,0,0,2,1,930,0,0,0,20625.0,16044.0,3006464,1466368,5,0.00012465719272001995
pagila_store_monthly_revenue,"SELECT date_trunc('month', p.payment_date) AS month, SUM(p.amount) AS revenue, COUNT(DISTINCT p.customer_id) AS customers FROM pagila.payment p JOIN pagila.staff s USING (staff_id) WHERE s.store_id = 1 GROUP BY month ORDER BY month",231,1,1,0,True,True,False,2,2,3,2,1,0,0,0,0,983.42,1184.02,8024.0,48,40121.0,6.866,12,5,8,Aggregate,8,0,0,0,0,0,1,1,1,609,0,0,0,16051.0,16049.0,32768,16384,2,0.499968845410929
pagila_store_monthly_revenue,"SELECT date_trunc('month', p.payment_date) AS month, SUM(p.amount) AS revenue, COUNT(DISTINCT p.customer_id) AS customers FROM pagila.payment p JOIN pagila.staff s USING (staff_id) WHERE s.store_id = 1 GROUP BY month ORDER BY month",231,1,1,0,True,True,False,2,2,3,2,1,0,0,0,0,983.42,1184.02,8024.0,48,40121.0,6.809,12,5,8,Aggregate,8,0,0,0,0,0,1,1,1,609,0,0,0,16051.0,16049.0,32768,16384,2,0.499968845410929
pagila_payment_moving_average,"SELECT p.customer_id, p.payment_date, p.amount, AVG(p.amount) OVER (PARTITION BY p.customer_id ORDER BY p.payment_date ROWS BETWEEN 4 PRECEDING AND CURRENT ROW) AS moving_avg FROM pagila.payment p WHERE p.customer_id BETWEEN 390 AND 440 ORDER BY p.customer_id, p.payment_date",275,0,1,0,False,True,False,1,1,4,1,0,0,0,0,0,285.53,312.09,1329.0,50,6434.0,1.682,16,5,7,WindowAgg,1,0,0,6,0,0,0,1,0,300,0,0,0,16049.0,16049.0,0,0,1,0.08280889775063867
pagila_payment_moving_average,"SELECT p.customer_id, p.payment_date, p.amount, AVG(p.amount) OVER (PARTITION BY p.customer_id ORDER BY p.payment_date ROWS BETWEEN 4 PRECEDING AND CURRENT ROW) AS moving_avg FROM pagila.payment p WHERE p.customer_id BETWEEN 390 AND 440 ORDER BY p.customer_id, p.payment_date",275,0,1,0,False,True,False,1,1,4,1,0,0,0,0,0,285.53,312.09,1329.0,50,6434.0,1.621,16,5,7,WindowAgg,1,0,0,6,0,0,0,1,0,300,0,0,0,16049.0,16049.0,0,0,1,0.08280889775063867
pagila_category_revenue,"SELECT c.name, COUNT(DISTINCT r.rental_id) AS rentals, SUM(p.amount) AS revenue FROM pagila.category c JOIN pagila.film_category fc USING (category_id) JOIN pagila.inventory i USING (film_id) JOIN pagila.rental r USING (inventory_id) JOIN pagila.payment p USING (rental_id) WHERE p.payment_date >= TIMESTAMPTZ '2022-06-01' AND p.payment_date < TIMESTAMPTZ '2022-07-01' GROUP BY c.name ORDER BY revenue DESC",406,4,2,0,True,True,False,5,5,3,2,4,0,0,0,0,883.34,883.38,16.0,47,45848.0,7.075,16,9,5,Sort,5,0,0,0,4,0,0,2,1,1668,0,0,0,37690.0,16049.0,3153920,1523712,8,0.0009969468502710448
pagila_category_revenue,"SELECT c.name, COUNT(DISTINCT r.rental_id) AS rentals, SUM(p.amount) AS revenue FROM pagila.category c JOIN pagila.film_category fc USING (category_id) JOIN pagila.inventory i USING (film_id) JOIN pagila.rental r USING (inventory_id) JOIN pagila.payment p USING (rental_id) WHERE p.payment_date >= TIMESTAMPTZ '2022-06-01' AND p.payment_date < TIMESTAMPTZ '2022-07-01' GROUP BY c.name ORDER BY revenue DESC",406,4,2,0,True,True,False,5,5,3,2,4,0,0,0,0,883.34,883.38,16.0,47,45848.0,6.865,16,9,5,Sort,5,0,0,0,4,0,0,2,1,1668,0,0,0,37690.0,16049.0,3153920,1523712,8,0.0009969468502710448
pagila_duration_outliers,"WITH stats AS ( SELECT rating, AVG(length) AS avg_length, STDDEV_POP(length) AS sd FROM pagila.film GROUP BY rating ) SELECT f.film_id, f.title, f.length FROM pagila.film f JOIN stats s USING (rating) WHERE f.rating = 'G' AND f.length > s.avg_length + s.sd ORDER BY f.length DESC",279,1,2,1,True,True,False,2,1,6,2,1,0,0,0,0,158.76,158.9,59.0,21,475.0,0.354,5,4,1,Sort,2,0,0,0,0,0,1,1,1,448,0,0,0,1000.0,1000.0,770048,212992,5,0.059
pagila_duration_outliers,"WITH stats AS ( SELECT rating, AVG(length) AS avg_length, STDDEV_POP(length) AS sd FROM pagila.film GROUP BY rating ) SELECT f.film_id, f.title, f.length FROM pagila.film f JOIN stats s USING (rating) WHERE f.rating = 'G' AND f.length > s.avg_length + s.sd ORDER BY f.length DESC",279,1,2,1,True,True,False,2,1,6,2,1,0,0,0,0,158.76,158.9,59.0,21,475.0,0.329,5,4,1,Sort,2,0,0,0,0,0,1,1,1,448,0,0,0,1000.0,1000.0,770048,212992,5,0.059
pagila_actor_rental_impact,"SELECT a.actor_id, a.first_name, a.last_name, COUNT(r.rental_id) AS rentals, COALESCE(SUM(p.amount), 0) AS revenue FROM pagila.actor a JOIN pagila.film_actor fa USING (actor_id) JOIN pagila.inventory i USING (film_id) LEFT JOIN pagila.rental r USING (inventory_id) LEFT JOIN pagila.payment p USING (rental_id) WHERE a.actor_id >= 183 GROUP BY a.actor_id, a.first_name, a.last_name ORDER BY revenue DESC LIMIT 30",411,4,1,0,True,True,False,5,5,5,2,2,2,0,0,0,1333.39,1333.43,18.0,57,98221.0,12.811,22,9,11,Limit,10,0,1,0,3,0,1,1,1,2458,0,0,0,42336.0,16049.0,3596288,1728512,10,0.0011215652065549254
pagila_actor_rental_impact,"SELECT a.actor_id, a.first_name, a.last_name, COUNT(r.rental_id) AS rentals, COALESCE(SUM(p.amount), 0) AS revenue FROM pagila.actor a JOIN pagila.film_actor fa USING (actor_id) JOIN pagila.inventory i USING (film_id) LEFT JOIN pagila.rental r USING (inventory_id) LEFT JOIN pagila.payment p USING (rental_id) WHERE a.actor_id >= 183 GROUP BY a.actor_id, a.first_name, a.last_name ORDER BY revenue DESC LIMIT 30",411,4,1,0,True,True,False,5,5,5,2,2,2,0,0,0,1333.39,1333.43,18.0,57,98221.0,12.421,22,9,11,Limit,10,0,1,0,3,0,1,1,1,2458,0,0,0,42336.0,16049.0,3596288,1728512,10,0.0011215652065549254
pagila_inactive_customers,"SELECT c.customer_id, c.first_name, c.last_name FROM pagila.customer c WHERE c.activebool = true AND NOT EXISTS ( SELECT 1 FROM pagila.rental r WHERE r.customer_id = c.customer_id AND r.rental_date >= TIMESTAMPTZ '2022-06-01' ) ORDER BY c.customer_id",250,0,4,1,False,True,False,2,2,4,0,0,0,0,0,0,554.46,554.46,1.0,17,30107.0,2.925,5,4,2,Sort,2,0,0,0,1,0,0,1,0,627,0,0,0,16643.0,16044.0,2719744,1351680,7,6.232859636000998e-05
pagila_inactive_customers,"SELECT c.customer_id, c.first_name, c.last_name FROM pagila.customer c WHERE c.activebool = true AND NOT EXISTS ( SELECT 1 FROM pagila.rental r WHERE r.customer_id = c.customer_id AND r.rental_date >= TIMESTAMPTZ '2022-06-01' ) ORDER BY c.customer_id",250,0,4,1,False,True,False,2,2,4,0,0,0,0,0,0,554.46,554.46,1.0,17,30107.0,3.069,5,4,2,Sort,2,0,0,0,1,0,0,1,0,627,0,0,0,16643.0,16044.0,2719744,1351680,7,6.232859636000998e-05
pagila_customer_lifetime_value,"SELECT c.customer_id, c.first_name, c.last_name, COUNT(p.payment_id) AS payments, SUM(p.amount) AS lifetime_value FROM pagila.customer c JOIN pagila.payment p USING (customer_id) WHERE c.customer_id >= 33 GROUP BY c.customer_id, c.first_name, c.last_name HAVING COUNT(p.payment_id) >= 4 ORDER BY lifetime_value DESC LIMIT 50",324,1,1,0,True,True,False,2,2,5,3,1,0,0,0,0,556.46,556.59,50.0,57,48852.0,6.872,14,6,8,Limit,8,0,0,0,1,0,0,1,1,780,0,0,0,16648.0,16049.0,229376,122880,5,0.0031154589070970153
pagila_customer_lifetime_value,"SELECT c.customer_id, c.first_name, c.last_name, COUNT(p.payment_id) AS payments, SUM(p.amount) AS lifetime_value FROM pagila.customer c JOIN pagila.payment p USING (customer_id) WHERE c.customer_id >= 33 GROUP BY c.customer_id, c.first_name, c.last_name HAVING COUNT(p.payment_id) >= 4 ORDER BY lifetime_value DESC LIMIT 50",324,1,1,0,True,True,False,2,2,5,3,1,0,0,0,0,556.46,556.59,50.0,57,48852.0,6.877,14,6,8,Limit,8,0,0,0,1,0,0,1,1,780,0,0,0,16648.0,16049.0,229376,122880,5,0.0031154589070970153
pagila_daily_revenue_rollup,"SELECT date_trunc('day', p.payment_date) AS day, s.store_id, SUM(p.amount) AS revenue FROM pagila.payment p JOIN pagila.staff s USING (staff_id) WHERE p.payment_date >= TIMESTAMPTZ '2022-02-01' AND p.payment_date < TIMESTAMPTZ '2022-03-01' GROUP BY GROUPING SETS ((day, s.store_id), (day), ()) ORDER BY day NULLS LAST, s.store_id NULLS LAST",340,1,2,0,True,True,False,2,2,3,1,1,0,0,0,0,215.52,311.58,4803.0,44,12010.0,2.119,6,5,2,Aggregate,2,0,0,0,1,0,0,1,1,77,0,0,0,16051.0,16049.0,32768,16384,2,0.2992709826157393
pagila_daily_revenue_rollup,"SELECT date_trunc('day', p.payment_date) AS day, s.store_id, SUM(p.amount) AS revenue FROM pagila.payment p JOIN pagila.staff s USING (staff_id) WHERE p.payment_date >= TIMESTAMPTZ '2022-02-01' AND p.payment_date < TIMESTAMPTZ '2022-03-01' GROUP BY GROUPING SETS ((day, s.store_id), (day), ()) ORDER BY day NULLS LAST, s.store_id NULLS LAST",340,1,2,0,True,True,False,2,2,3,1,1,0,0,0,0,215.52,311.58,4803.0,44,12010.0,1.927,6,5,2,Aggregate,2,0,0,0,1,0,0,1,1,77,0,0,0,16051.0,16049.0,32768,16384,2,0.2992709826157393
pagila_customer_payment_transitions,"SELECT p.customer_id, p.payment_date, p.amount, lag(p.amount) OVER (PARTITION BY p.customer_id ORDER BY p.payment_date) AS previous_amount, p.amount - lag(p.amount) OVER (PARTITION BY p.customer_id ORDER BY p.payment_date) AS delta FROM pagila.payment p WHERE p.customer_id >= 138 ORDER BY p.customer_id, p.payment_date",319,0,1,0,False,True,False,1,1,5,2,0,0,0,0,0,1221.58,1499.12,12336.0,82,49344.0,9.391,10,4,7,WindowAgg,7,0,0,0,0,0,0,1,0,484,0,0,0,16049.0,16049.0,0,0,1,0.7686460215589757
pagila_customer_payment_transitions,"SELECT p.customer_id, p.payment_date, p.amount, lag(p.amount) OVER (PARTITION BY p.customer_id ORDER BY p.payment_date) AS previous_amount, p.amount - lag(p.amount) OVER (PARTITION BY p.customer_id ORDER BY p.payment_date) AS delta FROM pagila.payment p WHERE p.customer_id >= 138 ORDER BY p.customer_id, p.payment_date",319,0,1,0,False,True,False,1,1,5,2,0,0,0,0,0,1221.58,1499.12,12336.0,82,49344.0,9.551,10,4,7,WindowAgg,7,0,0,0,0,0,0,1,0,484,0,0,0,16049.0,16049.0,0,0,1,0.7686460215589757
pagila_film_popularity,"SELECT f.film_id, f.title, COUNT(r.rental_id) AS rentals FROM pagila.film f JOIN pagila.inventory i USING (film_id) LEFT JOIN pagila.rental r USING (inventory_id) WHERE f.rating = 'G' GROUP BY f.film_id, f.title ORDER BY rentals DESC, f.title LIMIT 40",251,2,1,0,True,True,False,3,3,3,1,1,1,0,0,0,597.62,597.72,40.0,27,25861.0,3.332,10,8,3,Limit,3,0,0,0,2,0,0,1,1,1472,0,0,0,21625.0,16044.0,3776512,1679360,10,0.0024931438544003987
pagila_film_popularity,"SELECT f.film_id, f.title, COUNT(r.rental_id) AS rentals FROM pagila.film f JOIN pagila.inventory i USING (film_id) LEFT JOIN pagila.rental r USING (inventory_id) WHERE f.rating = 'G' GROUP BY f.film_id, f.title ORDER BY rentals DESC, f.title LIMIT 40",251,2,1,0,True,True,False,3,3,3,1,1,1,0,0,0,597.62,597.72,40.0,27,25861.0,3.291,10,8,3,Limit,3,0,0,0,2,0,0,1,1,1472,0,0,0,21625.0,16044.0,3776512,1679360,10,0.0024931438544003987
pagila_repeat_renters,"SELECT c.customer_id, c.first_name, c.last_name, COUNT(r.rental_id) AS rentals FROM pagila.customer c JOIN pagila.rental r USING (customer_id) WHERE c.customer_id >= 222 GROUP BY c.customer_id, c.first_name, c.last_name HAVING COUNT(r.rental_id) >= 22 ORDER BY rentals DESC",273,1,1,0,True,True,False,2,2,4,2,1,0,0,0,0,433.81,434.13,126.0,25,27177.0,3.919,6,5,2,Sort,2,0,0,0,1,0,0,1,1,645,0,0,0,16643.0,16044.0,2719744,1351680,7,0.007853403141361256
pagila_repeat_renters,"SELECT c.customer_id, c.first_name, c.last_name, COUNT(r.rental_id) AS rentals FROM pagila.customer c JOIN pagila.rental r USING (customer_id) WHERE c.customer_id >= 222 GROUP BY c.customer_id, c.first_name, c.last_name HAVING COUNT(r.rental_id) >= 22 ORDER BY rentals DESC",273,1,1,0,True,True,False,2,2,4,2,1,0,0,0,0,433.81,434.13,126.0,25,27177.0,3.927,6,5,2,Sort,2,0,0,0,1,0,0,1,1,645,0,0,0,16643.0,16044.0,2719744,1351680,7,0.007853403141361256
pagila_overdue_rentals,"SELECT r.customer_id, COUNT(*) AS overdue_count, AVG(EXTRACT(EPOCH FROM (r.return_date - r.rental_date)) / 86400) AS avg_days FROM pagila.rental r WHERE r.return_date IS NOT NULL AND r.return_date - r.rental_date > INTERVAL '3 days' GROUP BY r.customer_id ORDER BY overdue_count DESC",283,0,2,0,True,True,False,1,1,3,2,0,0,0,0,0,505.09,506.58,599.0,44,6485.0,5.54,3,3,1,Sort,1,0,0,0,0,0,0,1,1,450,0,0,0,16044.0,16044.0,2490368,1228800,3,0.037334829219645975
pagila_overdue_rentals,"SELECT r.customer_id, COUNT(*) AS overdue_count, AVG(EXTRACT(EPOCH FROM (r.return_date - r.rental_date)) / 86400) AS avg_days FROM pagila.rental r WHERE r.return_date IS NOT NULL AND r.return_date - r.rental_date > INTERVAL '3 days' GROUP BY r.customer_id ORDER BY overdue_count DESC",283,0,2,0,True,True,False,1,1,3,2,0,0,0,0,0,505.09,506.58,599.0,44,6485.0,5.49,3,3,1,Sort,1,0,0,0,0,0,0,1,1,450,0,0,0,16044.0,16044.0,2490368,1228800,3,0.037334829219645975
pagila_replacement_exposure,"SELECT f.rating, COUNT(*) AS copies, SUM(f.replacement_cost) AS exposure FROM pagila.film f JOIN pagila.inventory i USING (film_id) WHERE f.replacement_cost >= 15 GROUP BY f.rating ORDER BY exposure DESC",203,1,1,0,True,True,False,2,2,3,2,1,0,0,0,0,197.31,197.33,5.0,44,9198.0,1.479,6,5,2,Sort,2,0,0,0,1,0,0,1,1,440,0,0,0,5581.0,4581.0,1286144,450560,7,0.0010914647456887142
pagila_replacement_exposure,"SELECT f.rating, COUNT(*) AS copies, SUM(f.replacement_cost) AS exposure FROM pagila.film f JOIN pagila.inventory i USING (film_id) WHERE f.replacement_cost >= 15 GROUP BY f.rating ORDER BY exposure DESC",203,1,1,0,True,True,False,2,2,3,2,1,0,0,0,0,197.31,197.33,5.0,44,9198.0,1.463,6,5,2,Sort,2,0,0,0,1,0,0,1,1,440,0,0,0,5581.0,4581.0,1286144,450560,7,0.0010914647456887142
pagila_actor_category_diversity,"SELECT a.actor_id, a.first_name, a.last_name, COUNT(DISTINCT fc.category_id) AS category_count FROM pagila.actor a JOIN pagila.film_actor fa USING (actor_id) JOIN pagila.film_category fc USING (film_id) WHERE a.actor_id >= 8 GROUP BY a.actor_id, a.first_name, a.last_name ORDER BY category_count DESC",300,2,1,0,True,True,False,3,3,4,1,2,0,0,0,0,581.79,582.27,193.0,25,24047.0,4.011,10,7,3,Sort,3,0,0,0,2,0,0,2,1,230,0,0,0,6662.0,5462.0,704512,303104,5,0.03533504210911754
pagila_actor_category_diversity,"SELECT a.actor_id, a.first_name, a.last_name, COUNT(DISTINCT fc.category_id) AS category_count FROM pagila.actor a JOIN pagila.film_actor fa USING (actor_id) JOIN pagila.film_category fc USING (film_id) WHERE a.actor_id >= 8 GROUP BY a.actor_id, a.first_name, a.last_name ORDER BY category_count DESC",300,2,1,0,True,True,False,3,3,4,1,2,0,0,0,0,581.79,582.27,193.0,25,24047.0,4.048,10,7,3,Sort,3,0,0,0,2,0,0,2,1,230,0,0,0,6662.0,5462.0,704512,303104,5,0.03533504210911754
pagila_film_pair_affinity,"SELECT i1.film_id AS first_film, i2.film_id AS second_film, COUNT(DISTINCT r1.customer_id) AS shared_customers FROM pagila.rental r1 JOIN pagila.inventory i1 USING (inventory_id) JOIN pagila.rental r2 ON r2.customer_id = r1.customer_id AND r2.rental_id > r1.rental_id JOIN pagila.inventory i2 ON i2.inventory_id = r2.inventory_id WHERE i1.film_id < i2.film_id GROUP BY i1.film_id, i2.film_id HAVING COUNT(DISTINCT r1.customer_id) >= 4 ORDER BY shared_customers DESC LIMIT 40",474,3,1,0,True,True,False,4,2,3,2,3,0,0,0,0,13344.35,13344.45,40.0,16,358245.0,127.648,14,9,2,Limit,4,0,0,0,3,0,0,2,1,2880,0,1160,1164,20625.0,16044.0,3006464,1466368,5,0.0024931438544003987
pagila_film_pair_affinity,"SELECT i1.film_id AS first_film, i2.film_id AS second_film, COUNT(DISTINCT r1.customer_id) AS shared_customers FROM pagila.rental r1 JOIN pagila.inventory i1 USING (inventory_id) JOIN pagila.rental r2 ON r2.customer_id = r1.customer_id AND r2.rental_id > r1.rental_id JOIN pagila.inventory i2 ON i2.inventory_id = r2.inventory_id WHERE i1.film_id < i2.film_id GROUP BY i1.film_id, i2.film_id HAVING COUNT(DISTINCT r1.customer_id) >= 4 ORDER BY shared_customers DESC LIMIT 40",474,3,1,0,True,True,False,4,2,3,2,3,0,0,0,0,13344.35,13344.45,40.0,16,358245.0,127.074,14,9,2,Limit,4,0,0,0,3,0,0,2,1,2880,0,1160,1164,20625.0,16044.0,3006464,1466368,5,0.0024931438544003987
pagila_inventory_imbalance,"SELECT i.film_id, COUNT(*) FILTER (WHERE i.store_id = 1) AS store_one, COUNT(*) FILTER (WHERE i.store_id = 2) AS store_two FROM pagila.inventory i WHERE i.film_id >= 1 GROUP BY i.film_id HAVING ABS(COUNT(*) FILTER (WHERE i.store_id = 1) - COUNT(*) FILTER (WHERE i.store_id = 2)) >= 1 ORDER BY i.film_id",302,0,5,0,True,True,False,1,1,3,4,0,0,0,0,0,174.56,175.35,319.0,20,5219.0,1.172,3,3,1,Sort,1,0,0,0,0,0,0,1,1,90,0,0,0,4581.0,4581.0,516096,237568,2,0.06963545077493997
pagila_inventory_imbalance,"SELECT i.film_id, COUNT(*) FILTER (WHERE i.store_id = 1) AS store_one, COUNT(*) FILTER (WHERE i.store_id = 2) AS store_two FROM pagila.inventory i WHERE i.film_id >= 1 GROUP BY i.film_id HAVING ABS(COUNT(*) FILTER (WHERE i.store_id = 1) - COUNT(*) FILTER (WHERE i.store_id = 2)) >= 1 ORDER BY i.film_id",302,0,5,0,True,True,False,1,1,3,4,0,0,0,0,0,174.56,175.35,319.0,20,5219.0,1.117,3,3,1,Sort,1,0,0,0,0,0,0,1,1,90,0,0,0,4581.0,4581.0,516096,237568,2,0.06963545077493997
pagila_unrented_films,"SELECT f.film_id, f.title FROM pagila.film f WHERE f.rating = 'PG' AND NOT EXISTS ( SELECT 1 FROM pagila.inventory i JOIN pagila.rental r USING (inventory_id) WHERE i.film_id = f.film_id ) ORDER BY f.title",205,1,3,1,False,True,False,3,3,3,0,1,0,0,0,0,764.11,764.13,8.0,19,57504.0,5.549,8,6,3,Sort,3,0,0,0,2,0,0,1,0,1122,0,0,0,21625.0,16044.0,3776512,1679360,10,0.0004986287708800798
pagila_unrented_films,"SELECT f.film_id, f.title FROM pagila.film f WHERE f.rating = 'PG' AND NOT EXISTS ( SELECT 1 FROM pagila.inventory i JOIN pagila.rental r USING (inventory_id) WHERE i.film_id = f.film_id ) ORDER BY f.title",205,1,3,1,False,True,False,3,3,3,0,1,0,0,0,0,764.11,764.13,8.0,19,57504.0,5.792,8,6,3,Sort,3,0,0,0,2,0,0,1,0,1122,0,0,0,21625.0,16044.0,3776512,1679360,10,0.0004986287708800798
pagila_top_films_per_category,"WITH ranked AS ( SELECT c.name AS category, f.title, COUNT(r.rental_id) AS rentals, dense_rank() OVER (PARTITION BY c.category_id ORDER BY COUNT(r.rental_id) DESC) AS rank FROM pagila.category c JOIN pagila.film_category fc USING (category_id) JOIN pagila.film f USING (film_id) JOIN pagila.inventory i USING (film_id) LEFT JOIN pagila.rental r USING (inventory_id) WHERE f.rating = 'PG' GROUP BY c.category_id, c.name, f.film_id, f.title ) SELECT category, title, rentals FROM ranked WHERE rank <= 4 ORDER BY category, rentals DESC",532,4,2,1,True,True,False,5,5,7,3,3,1,0,0,0,1124.3,1132.06,3104.0,30,43039.0,3.956,18,13,5,Sort,5,0,0,0,4,0,0,2,1,2236,0,0,0,22641.0,16044.0,3923968,1736704,12,0.19346796310147096
pagila_top_films_per_category,"WITH ranked AS ( SELECT c.name AS category, f.title, COUNT(r.rental_id) AS rentals, dense_rank() OVER (PARTITION BY c.category_id ORDER BY COUNT(r.rental_id) DESC) AS rank FROM pagila.category c JOIN pagila.film_category fc USING (category_id) JOIN pagila.film f USING (film_id) JOIN pagila.inventory i USING (film_id) LEFT JOIN pagila.rental r USING (inventory_id) WHERE f.rating = 'PG' GROUP BY c.category_id, c.name, f.film_id, f.title ) SELECT category, title, rentals FROM ranked WHERE rank <= 4 ORDER BY category, rentals DESC",532,4,2,1,True,True,False,5,5,7,3,3,1,0,0,0,1124.3,1132.06,3104.0,30,43039.0,4.048,18,13,5,Sort,5,0,0,0,4,0,0,2,1,2236,0,0,0,22641.0,16044.0,3923968,1736704,12,0.19346796310147096
pagila_country_revenue,"SELECT co.country, COUNT(DISTINCT cu.customer_id) AS customers, SUM(p.amount) AS revenue FROM pagila.country co JOIN pagila.city ci USING (country_id) JOIN pagila.address a USING (city_id) JOIN pagila.customer cu USING (address_id) JOIN pagila.payment p USING (customer_id) WHERE co.country_id >= 23 GROUP BY co.country ORDER BY revenue DESC",341,4,1,0,True,True,False,5,5,3,2,4,0,0,0,0,1604.48,1604.69,87.0,49,109811.0,20.404,23,9,11,Sort,11,0,0,0,4,0,0,2,1,1275,0,0,0,17960.0,16049.0,557056,262144,10,0.005420898498348807
pagila_country_revenue,"SELECT co.country, COUNT(DISTINCT cu.customer_id) AS customers, SUM(p.amount) AS revenue FROM pagila.country co JOIN pagila.city ci USING (country_id) JOIN pagila.address a USING (city_id) JOIN pagila.customer cu USING (address_id) JOIN pagila.payment p USING (customer_id) WHERE co.country_id >= 23 GROUP BY co.country ORDER BY revenue DESC",341,4,1,0,True,True,False,5,5,3,2,4,0,0,0,0,1604.48,1604.69,87.0,49,109811.0,18.71,23,9,11,Sort,11,0,0,0,4,0,0,2,1,1275,0,0,0,17960.0,16049.0,557056,262144,10,0.005420898498348807
pagila_duration_outliers,"WITH stats AS ( SELECT rating, AVG(length) AS avg_length, STDDEV_POP(length) AS sd FROM pagila.film GROUP BY rating ) SELECT f.film_id, f.title, f.length FROM pagila.film f JOIN stats s USING (rating) WHERE f.rating = 'PG-13' AND f.length > s.avg_length + s.sd ORDER BY f.length DESC",283,1,2,1,True,True,False,2,1,6,2,1,0,0,0,0,160.33,160.51,74.0,21,595.0,0.507,5,4,1,Sort,2,0,0,0,0,0,1,1,1,448,0,0,0,1000.0,1000.0,770048,212992,5,0.074
pagila_duration_outliers,"WITH stats AS ( SELECT rating, AVG(length) AS avg_length, STDDEV_POP(length) AS sd FROM pagila.film GROUP BY rating ) SELECT f.film_id, f.title, f.length FROM pagila.film f JOIN stats s USING (rating) WHERE f.rating = 'PG-13' AND f.length > s.avg_length + s.sd ORDER BY f.length DESC",283,1,2,1,True,True,False,2,1,6,2,1,0,0,0,0,160.33,160.51,74.0,21,595.0,0.463,5,4,1,Sort,2,0,0,0,0,0,1,1,1,448,0,0,0,1000.0,1000.0,770048,212992,5,0.074
pagila_film_pair_affinity,"SELECT i1.film_id AS first_film, i2.film_id AS second_film, COUNT(DISTINCT r1.customer_id) AS shared_customers FROM pagila.rental r1 JOIN pagila.inventory i1 USING (inventory_id) JOIN pagila.rental r2 ON r2.customer_id = r1.customer_id AND r2.rental_id > r1.rental_id JOIN pagila.inventory i2 ON i2.inventory_id = r2.inventory_id WHERE i1.film_id < i2.film_id GROUP BY i1.film_id, i2.film_id HAVING COUNT(DISTINCT r1.customer_id) >= 4 ORDER BY shared_customers DESC LIMIT 40",474,3,1,0,True,True,False,4,2,3,2,3,0,0,0,0,13344.35,13344.45,40.0,16,358245.0,129.914,14,9,2,Limit,4,0,0,0,3,0,0,2,1,2880,0,1160,1164,20625.0,16044.0,3006464,1466368,5,0.0024931438544003987
pagila_film_pair_affinity,"SELECT i1.film_id AS first_film, i2.film_id AS second_film, COUNT(DISTINCT r1.customer_id) AS shared_customers FROM pagila.rental r1 JOIN pagila.inventory i1 USING (inventory_id) JOIN pagila.rental r2 ON r2.customer_id = r1.customer_id AND r2.rental_id > r1.rental_id JOIN pagila.inventory i2 ON i2.inventory_id = r2.inventory_id WHERE i1.film_id < i2.film_id GROUP BY i1.film_id, i2.film_id HAVING COUNT(DISTINCT r1.customer_id) >= 4 ORDER BY shared_customers DESC LIMIT 40",474,3,1,0,True,True,False,4,2,3,2,3,0,0,0,0,13344.35,13344.45,40.0,16,358245.0,122.65,14,9,2,Limit,4,0,0,0,3,0,0,2,1,2880,0,1160,1164,20625.0,16044.0,3006464,1466368,5,0.0024931438544003987
pagila_actor_rental_impact,"SELECT a.actor_id, a.first_name, a.last_name, COUNT(r.rental_id) AS rentals, COALESCE(SUM(p.amount), 0) AS revenue FROM pagila.actor a JOIN pagila.film_actor fa USING (actor_id) JOIN pagila.inventory i USING (film_id) LEFT JOIN pagila.rental r USING (inventory_id) LEFT JOIN pagila.payment p USING (rental_id) WHERE a.actor_id >= 70 GROUP BY a.actor_id, a.first_name, a.last_name ORDER BY revenue DESC LIMIT 30",410,4,1,0,True,True,False,5,5,5,2,2,2,0,0,0,2484.84,2484.92,30.0,57,175667.0,26.788,23,8,11,Limit,11,0,0,0,4,0,0,1,1,2604,0,0,0,42336.0,16049.0,3596288,1728512,10,0.0018692753442582093
pagila_actor_rental_impact,"SELECT a.actor_id, a.first_name, a.last_name, COUNT(r.rental_id) AS rentals, COALESCE(SUM(p.amount), 0) AS revenue FROM pagila.actor a JOIN pagila.film_actor fa USING (actor_id) JOIN pagila.inventory i USING (film_id) LEFT JOIN pagila.rental r USING (inventory_id) LEFT JOIN pagila.payment p USING (rental_id) WHERE a.actor_id >= 70 GROUP BY a.actor_id, a.first_name, a.last_name ORDER BY revenue DESC LIMIT 30",410,4,1,0,True,True,False,5,5,5,2,2,2,0,0,0,2484.84,2484.92,30.0,57,175667.0,25.916,23,8,11,Limit,11,0,0,0,4,0,0,1,1,2604,0,0,0,42336.0,16049.0,3596288,1728512,10,0.0018692753442582093
pagila_replacement_exposure,"SELECT f.rating, COUNT(*) AS copies, SUM(f.replacement_cost) AS exposure FROM pagila.film f JOIN pagila.inventory i USING (film_id) WHERE f.replacement_cost >= 25 GROUP BY f.rating ORDER BY exposure DESC",203,1,1,0,True,True,False,2,2,3,2,1,0,0,0,0,175.57,175.58,5.0,44,6144.0,0.949,6,5,2,Sort,2,0,0,0,1,0,0,1,1,440,0,0,0,5581.0,4581.0,1286144,450560,7,0.0010914647456887142
pagila_replacement_exposure,"SELECT f.rating, COUNT(*) AS copies, SUM(f.replacement_cost) AS exposure FROM pagila.film f JOIN pagila.inventory i USING (film_id) WHERE f.replacement_cost >= 25 GROUP BY f.rating ORDER BY exposure DESC",203,1,1,0,True,True,False,2,2,3,2,1,0,0,0,0,175.57,175.58,5.0,44,6144.0,0.95,6,5,2,Sort,2,0,0,0,1,0,0,1,1,440,0,0,0,5581.0,4581.0,1286144,450560,7,0.0010914647456887142
pagila_language_catalog,"SELECT l.name, f.rating, COUNT(*) AS films, AVG(f.length) AS avg_length FROM pagila.language l JOIN pagila.film f USING (language_id) WHERE f.length >= 60 GROUP BY l.name, f.rating ORDER BY films DESC",200,1,1,0,True,True,False,2,2,4,2,1,0,0,0,0,91.93,92.0,30.0,65,1892.0,0.504,6,5,2,Sort,2,0,0,0,1,0,0,1,1,261,0,0,0,1006.0,1000.0,794624,229376,6,0.03
pagila_language_catalog,"SELECT l.name, f.rating, COUNT(*) AS films, AVG(f.length) AS avg_length FROM pagila.language l JOIN pagila.film f USING (language_id) WHERE f.length >= 60 GROUP BY l.name, f.rating ORDER BY films DESC",200,1,1,0,True,True,False,2,2,4,2,1,0,0,0,0,91.93,92.0,30.0,65,1892.0,0.509,6,5,2,Sort,2,0,0,0,1,0,0,1,1,261,0,0,0,1006.0,1000.0,794624,229376,6,0.03
pagila_customer_cohorts,"SELECT date_trunc('month', c.create_date) AS cohort, COUNT(DISTINCT c.customer_id) AS customers, COUNT(r.rental_id) AS rentals FROM pagila.customer c LEFT JOIN pagila.rental r USING (customer_id) WHERE EXTRACT(YEAR FROM c.create_date) >= 2006 GROUP BY cohort ORDER BY cohort",274,1,1,0,True,True,False,2,2,3,2,0,1,0,0,0,731.92,785.5,1.0,24,27159.0,10.494,6,5,2,Aggregate,2,0,0,0,1,0,0,1,1,645,0,0,0,16643.0,16044.0,2719744,1351680,7,6.232859636000998e-05
pagila_customer_cohorts,"SELECT date_trunc('month', c.create_date) AS cohort, COUNT(DISTINCT c.customer_id) AS customers, COUNT(r.rental_id) AS rentals FROM pagila.customer c LEFT JOIN pagila.rental r USING (customer_id) WHERE EXTRACT(YEAR FROM c.create_date) >= 2006 GROUP BY cohort ORDER BY cohort",274,1,1,0,True,True,False,2,2,3,2,0,1,0,0,0,731.92,785.5,1.0,24,27159.0,10.561,6,5,2,Aggregate,2,0,0,0,1,0,0,1,1,645,0,0,0,16643.0,16044.0,2719744,1351680,7,6.232859636000998e-05
pagila_store_monthly_revenue,"SELECT date_trunc('month', p.payment_date) AS month, SUM(p.amount) AS revenue, COUNT(DISTINCT p.customer_id) AS customers FROM pagila.payment p JOIN pagila.staff s USING (staff_id) WHERE s.store_id = 1 GROUP BY month ORDER BY month",231,1,1,0,True,True,False,2,2,3,2,1,0,0,0,0,983.42,1184.02,8024.0,48,40121.0,7.034,12,5,8,Aggregate,8,0,0,0,0,0,1,1,1,609,0,0,0,16051.0,16049.0,32768,16384,2,0.499968845410929
pagila_store_monthly_revenue,"SELECT date_trunc('month', p.payment_date) AS month, SUM(p.amount) AS revenue, COUNT(DISTINCT p.customer_id) AS customers FROM pagila.payment p JOIN pagila.staff s USING (staff_id) WHERE s.store_id = 1 GROUP BY month ORDER BY month",231,1,1,0,True,True,False,2,2,3,2,1,0,0,0,0,983.42,1184.02,8024.0,48,40121.0,6.874,12,5,8,Aggregate,8,0,0,0,0,0,1,1,1,609,0,0,0,16051.0,16049.0,32768,16384,2,0.499968845410929
pagila_country_revenue,"SELECT co.country, COUNT(DISTINCT cu.customer_id) AS customers, SUM(p.amount) AS revenue FROM pagila.country co JOIN pagila.city ci USING (country_id) JOIN pagila.address a USING (city_id) JOIN pagila.customer cu USING (address_id) JOIN pagila.payment p USING (customer_id) WHERE co.country_id >= 27 GROUP BY co.country ORDER BY revenue DESC",341,4,1,0,True,True,False,5,5,3,2,4,0,0,0,0,1554.0,1554.2,83.0,49,108617.0,17.283,23,9,11,Sort,11,0,0,0,4,0,0,2,1,1275,0,0,0,17960.0,16049.0,557056,262144,10,0.005171661785781045
pagila_country_revenue,"SELECT co.country, COUNT(DISTINCT cu.customer_id) AS customers, SUM(p.amount) AS revenue FROM pagila.country co JOIN pagila.city ci USING (country_id) JOIN pagila.address a USING (city_id) JOIN pagila.customer cu USING (address_id) JOIN pagila.payment p USING (customer_id) WHERE co.country_id >= 27 GROUP BY co.country ORDER BY revenue DESC",341,4,1,0,True,True,False,5,5,3,2,4,0,0,0,0,1554.0,1554.2,83.0,49,108617.0,17.286,23,9,11,Sort,11,0,0,0,4,0,0,2,1,1275,0,0,0,17960.0,16049.0,557056,262144,10,0.005171661785781045
pagila_repeat_renters,"SELECT c.customer_id, c.first_name, c.last_name, COUNT(r.rental_id) AS rentals FROM pagila.customer c JOIN pagila.rental r USING (customer_id) WHERE c.customer_id >= 11 GROUP BY c.customer_id, c.first_name, c.last_name HAVING COUNT(r.rental_id) >= 23 ORDER BY rentals DESC",272,1,1,0,True,True,False,2,2,4,2,1,0,0,0,0,470.41,470.9,196.0,25,33390.0,5.606,6,5,2,Sort,2,0,0,0,1,0,0,1,1,645,0,0,0,16643.0,16044.0,2719744,1351680,7,0.012216404886561954
pagila_repeat_renters,"SELECT c.customer_id, c.first_name, c.last_name, COUNT(r.rental_id) AS rentals FROM pagila.customer c JOIN pagila.rental r USING (customer_id) WHERE c.customer_id >= 11 GROUP BY c.customer_id, c.first_name, c.last_name HAVING COUNT(r.rental_id) >= 23 ORDER BY rentals DESC",272,1,1,0,True,True,False,2,2,4,2,1,0,0,0,0,470.41,470.9,196.0,25,33390.0,4.934,6,5,2,Sort,2,0,0,0,1,0,0,1,1,645,0,0,0,16643.0,16044.0,2719744,1351680,7,0.012216404886561954
pagila_inactive_customers,"SELECT c.customer_id, c.first_name, c.last_name FROM pagila.customer c WHERE c.activebool = true AND NOT EXISTS ( SELECT 1 FROM pagila.rental r WHERE r.customer_id = c.customer_id AND r.rental_date >= TIMESTAMPTZ '2022-05-01' ) ORDER BY c.customer_id",250,0,4,1,False,True,False,2,2,4,0,0,0,0,0,0,566.09,566.1,1.0,17,32089.0,2.972,5,4,2,Sort,2,0,0,0,1,0,0,1,0,627,0,0,0,16643.0,16044.0,2719744,1351680,7,6.232859636000998e-05
pagila_inactive_customers,"SELECT c.customer_id, c.first_name, c.last_name FROM pagila.customer c WHERE c.activebool = true AND NOT EXISTS ( SELECT 1 FROM pagila.rental r WHERE r.customer_id = c.customer_id AND r.rental_date >= TIMESTAMPTZ '2022-05-01' ) ORDER BY c.customer_id",250,0,4,1,False,True,False,2,2,4,0,0,0,0,0,0,566.09,566.1,1.0,17,32089.0,3.204,5,4,2,Sort,2,0,0,0,1,0,0,1,0,627,0,0,0,16643.0,16044.0,2719744,1351680,7,6.232859636000998e-05
pagila_inventory_availability,"SELECT i.store_id, COUNT(*) AS copies, COUNT(*) FILTER (WHERE r.rental_id IS NULL) AS available FROM pagila.inventory i LEFT JOIN pagila.rental r ON r.inventory_id = i.inventory_id AND r.return_date IS NULL WHERE i.film_id BETWEEN 274 AND 374 GROUP BY i.store_id ORDER BY i.store_id",282,1,2,0,True,True,False,2,2,3,2,0,1,0,0,0,419.31,419.31,2.0,20,1633.0,1.073,6,5,2,Sort,2,0,0,0,1,0,0,1,1,750,0,0,0,20625.0,16044.0,3006464,1466368,5,0.00012465719272001995
pagila_inventory_availability,"SELECT i.store_id, COUNT(*) AS copies, COUNT(*) FILTER (WHERE r.rental_id IS NULL) AS available FROM pagila.inventory i LEFT JOIN pagila.rental r ON r.inventory_id = i.inventory_id AND r.return_date IS NULL WHERE i.film_id BETWEEN 274 AND 374 GROUP BY i.store_id ORDER BY i.store_id",282,1,2,0,True,True,False,2,2,3,2,0,1,0,0,0,419.31,419.31,2.0,20,1633.0,1.136,6,5,2,Sort,2,0,0,0,1,0,0,1,1,750,0,0,0,20625.0,16044.0,3006464,1466368,5,0.00012465719272001995
pagila_staff_performance,"SELECT s.staff_id, s.first_name, s.last_name, COUNT(p.payment_id) AS payments, SUM(p.amount) AS revenue FROM pagila.staff s JOIN pagila.payment p USING (staff_id) WHERE p.payment_date >= TIMESTAMPTZ '2022-03-01' AND p.payment_date < TIMESTAMPTZ '2022-04-01' GROUP BY s.staff_id, s.first_name, s.last_name ORDER BY revenue DESC",326,1,2,0,True,True,False,2,2,5,2,1,0,0,0,0,104.33,104.33,2.0,56,5434.0,0.988,6,5,2,Sort,2,0,0,0,1,0,0,1,1,85,0,0,0,16051.0,16049.0,32768,16384,2,0.0001246183562838806
pagila_staff_performance,"SELECT s.staff_id, s.first_name, s.last_name, COUNT(p.payment_id) AS payments, SUM(p.amount) AS revenue FROM pagila.staff s JOIN pagila.payment p USING (staff_id) WHERE p.payment_date >= TIMESTAMPTZ '2022-03-01' AND p.payment_date < TIMESTAMPTZ '2022-04-01' GROUP BY s.staff_id, s.first_name, s.last_name ORDER BY revenue DESC",326,1,2,0,True,True,False,2,2,5,2,1,0,0,0,0,104.33,104.33,2.0,56,5434.0,1.039,6,5,2,Sort,2,0,0,0,1,0,0,1,1,85,0,0,0,16051.0,16049.0,32768,16384,2,0.0001246183562838806
pagila_customer_recency_rank,"WITH activity AS ( SELECT c.customer_id, c.store_id, MAX(r.rental_date) AS last_rental FROM pagila.customer c LEFT JOIN pagila.rental r USING (customer_id) WHERE c.store_id = 2 GROUP BY c.customer_id, c.store_id ) SELECT customer_id, last_rental, dense_rank() OVER (ORDER BY last_rental DESC NULLS LAST) AS recency_rank FROM activity ORDER BY recency_rank, customer_id",368,1,1,1,True,True,False,2,2,6,2,0,1,0,0,0,441.65,442.33,273.0,20,25267.0,3.427,9,8,2,Sort,2,0,0,0,1,0,0,2,1,1122,0,0,0,16643.0,16044.0,2719744,1351680,7,0.017015706806282723
pagila_customer_recency_rank,"WITH activity AS ( SELECT c.customer_id, c.store_id, MAX(r.rental_date) AS last_rental FROM pagila.customer c LEFT JOIN pagila.rental r USING (customer_id) WHERE c.store_id = 2 GROUP BY c.customer_id, c.store_id ) SELECT customer_id, last_rental, dense_rank() OVER (ORDER BY last_rental DESC NULLS LAST) AS recency_rank FROM activity ORDER BY recency_rank, customer_id",368,1,1,1,True,True,False,2,2,6,2,0,1,0,0,0,441.65,442.33,273.0,20,25267.0,3.721,9,8,2,Sort,2,0,0,0,1,0,0,2,1,1122,0,0,0,16643.0,16044.0,2719744,1351680,7,0.017015706806282723
pagila_store_inventory_turnover,"SELECT i.store_id, COUNT(DISTINCT i.inventory_id) AS inventory, COUNT(r.rental_id) AS rentals, COUNT(r.rental_id)::numeric / NULLIF(COUNT(DISTINCT i.inventory_id), 0) AS turnover FROM pagila.inventory i LEFT JOIN pagila.rental r USING (inventory_id) WHERE r.return_date - r.rental_date >= INTERVAL '6 days' GROUP BY i.store_id ORDER BY turnover DESC",349,1,1,0,True,True,False,2,2,4,4,0,1,0,0,0,922.48,922.49,2.0,52,25210.0,5.609,7,6,2,Sort,2,0,0,0,1,0,0,2,1,930,0,0,0,20625.0,16044.0,3006464,1466368,5,0.00012465719272001995
pagila_store_inventory_turnover,"SELECT i.store_id, COUNT(DISTINCT i.inventory_id) AS inventory, COUNT(r.rental_id) AS rentals, COUNT(r.rental_id)::numeric / NULLIF(COUNT(DISTINCT i.inventory_id), 0) AS turnover FROM pagila.inventory i LEFT JOIN pagila.rental r USING (inventory_id) WHERE r.return_date - r.rental_date >= INTERVAL '6 days' GROUP BY i.store_id ORDER BY turnover DESC",349,1,1,0,True,True,False,2,2,4,4,0,1,0,0,0,922.48,922.49,2.0,52,25210.0,5.444,7,6,2,Sort,2,0,0,0,1,0,0,2,1,930,0,0,0,20625.0,16044.0,3006464,1466368,5,0.00012465719272001995
pagila_unrented_films,"SELECT f.film_id, f.title FROM pagila.film f WHERE f.rating = 'PG-13' AND NOT EXISTS ( SELECT 1 FROM pagila.inventory i JOIN pagila.rental r USING (inventory_id) WHERE i.film_id = f.film_id ) ORDER BY f.title",208,1,3,1,False,True,False,3,3,3,0,1,0,0,0,0,764.32,764.34,9.0,19,57535.0,5.67,8,6,3,Sort,3,0,0,0,2,0,0,1,0,1122,0,0,0,21625.0,16044.0,3776512,1679360,10,0.0005609573672400897
pagila_unrented_films,"SELECT f.film_id, f.title FROM pagila.film f WHERE f.rating = 'PG-13' AND NOT EXISTS ( SELECT 1 FROM pagila.inventory i JOIN pagila.rental r USING (inventory_id) WHERE i.film_id = f.film_id ) ORDER BY f.title",208,1,3,1,False,True,False,3,3,3,0,1,0,0,0,0,764.32,764.34,9.0,19,57535.0,5.63,8,6,3,Sort,3,0,0,0,2,0,0,1,0,1122,0,0,0,21625.0,16044.0,3776512,1679360,10,0.0005609573672400897
pagila_overdue_rentals,"SELECT r.customer_id, COUNT(*) AS overdue_count, AVG(EXTRACT(EPOCH FROM (r.return_date - r.rental_date)) / 86400) AS avg_days FROM pagila.rental r WHERE r.return_date IS NOT NULL AND r.return_date - r.rental_date > INTERVAL '9 days' GROUP BY r.customer_id ORDER BY overdue_count DESC",283,0,2,0,True,True,False,1,1,3,2,0,0,0,0,0,505.09,506.58,599.0,44,6485.0,1.896,3,3,1,Sort,1,0,0,0,0,0,0,1,1,450,0,0,0,16044.0,16044.0,2490368,1228800,3,0.037334829219645975
pagila_overdue_rentals,"SELECT r.customer_id, COUNT(*) AS overdue_count, AVG(EXTRACT(EPOCH FROM (r.return_date - r.rental_date)) / 86400) AS avg_days FROM pagila.rental r WHERE r.return_date IS NOT NULL AND r.return_date - r.rental_date > INTERVAL '9 days' GROUP BY r.customer_id ORDER BY overdue_count DESC",283,0,2,0,True,True,False,1,1,3,2,0,0,0,0,0,505.09,506.58,599.0,44,6485.0,1.883,3,3,1,Sort,1,0,0,0,0,0,0,1,1,450,0,0,0,16044.0,16044.0,2490368,1228800,3,0.037334829219645975
pagila_actor_category_diversity,"SELECT a.actor_id, a.first_name, a.last_name, COUNT(DISTINCT fc.category_id) AS category_count FROM pagila.actor a JOIN pagila.film_actor fa USING (actor_id) JOIN pagila.film_category fc USING (film_id) WHERE a.actor_id >= 77 GROUP BY a.actor_id, a.first_name, a.last_name ORDER BY category_count DESC",301,2,1,0,True,True,False,3,3,4,1,2,0,0,0,0,409.82,410.13,124.0,25,18116.0,2.876,10,7,3,Sort,3,0,0,0,2,0,0,2,1,230,0,0,0,6662.0,5462.0,704512,303104,5,0.022702306847308677
pagila_actor_category_diversity,"SELECT a.actor_id, a.first_name, a.last_name, COUNT(DISTINCT fc.category_id) AS category_count FROM pagila.actor a JOIN pagila.film_actor fa USING (actor_id) JOIN pagila.film_category fc USING (film_id) WHERE a.actor_id >= 77 GROUP BY a.actor_id, a.first_name, a.last_name ORDER BY category_count DESC",301,2,1,0,True,True,False,3,3,4,1,2,0,0,0,0,409.82,410.13,124.0,25,18116.0,3.334,10,7,3,Sort,3,0,0,0,2,0,0,2,1,230,0,0,0,6662.0,5462.0,704512,303104,5,0.022702306847308677
pagila_category_revenue,"SELECT c.name, COUNT(DISTINCT r.rental_id) AS rentals, SUM(p.amount) AS revenue FROM pagila.category c JOIN pagila.film_category fc USING (category_id) JOIN pagila.inventory i USING (film_id) JOIN pagila.rental r USING (inventory_id) JOIN pagila.payment p USING (rental_id) WHERE p.payment_date >= TIMESTAMPTZ '2022-02-01' AND p.payment_date < TIMESTAMPTZ '2022-03-01' GROUP BY c.name ORDER BY revenue DESC",406,4,2,0,True,True,False,5,5,3,2,4,0,0,0,0,848.21,848.25,16.0,47,44077.0,6.516,16,9,5,Sort,5,0,0,0,4,0,0,2,1,1650,0,0,0,37690.0,16049.0,3153920,1523712,8,0.0009969468502710448
pagila_category_revenue,"SELECT c.name, COUNT(DISTINCT r.rental_id) AS rentals, SUM(p.amount) AS revenue FROM pagila.category c JOIN pagila.film_category fc USING (category_id) JOIN pagila.inventory i USING (film_id) JOIN pagila.rental r USING (inventory_id) JOIN pagila.payment p USING (rental_id) WHERE p.payment_date >= TIMESTAMPTZ '2022-02-01' AND p.payment_date < TIMESTAMPTZ '2022-03-01' GROUP BY c.name ORDER BY revenue DESC",406,4,2,0,True,True,False,5,5,3,2,4,0,0,0,0,848.21,848.25,16.0,47,44077.0,7.416,16,9,5,Sort,5,0,0,0,4,0,0,2,1,1650,0,0,0,37690.0,16049.0,3153920,1523712,8,0.0009969468502710448
pagila_top_films_per_category,"WITH ranked AS ( SELECT c.name AS category, f.title, COUNT(r.rental_id) AS rentals, dense_rank() OVER (PARTITION BY c.category_id ORDER BY COUNT(r.rental_id) DESC) AS rank FROM pagila.category c JOIN pagila.film_category fc USING (category_id) JOIN pagila.film f USING (film_id) JOIN pagila.inventory i USING (film_id) LEFT JOIN pagila.rental r USING (inventory_id) WHERE f.rating = 'R' GROUP BY c.category_id, c.name, f.film_id, f.title ) SELECT category, title, rentals FROM ranked WHERE rank <= 7 ORDER BY category, rentals DESC",531,4,2,1,True,True,False,5,5,7,3,3,1,0,0,0,1127.39,1135.19,3120.0,30,43146.0,3.969,18,13,5,Sort,5,0,0,0,4,0,0,2,1,2236,0,0,0,22641.0,16044.0,3923968,1736704,12,0.1944652206432311
pagila_top_films_per_category,"WITH ranked AS ( SELECT c.name AS category, f.title, COUNT(r.rental_id) AS rentals, dense_rank() OVER (PARTITION BY c.category_id ORDER BY COUNT(r.rental_id) DESC) AS rank FROM pagila.category c JOIN pagila.film_category fc USING (category_id) JOIN pagila.film f USING (film_id) JOIN pagila.inventory i USING (film_id) LEFT JOIN pagila.rental r USING (inventory_id) WHERE f.rating = 'R' GROUP BY c.category_id, c.name, f.film_id, f.title ) SELECT category, title, rentals FROM ranked WHERE rank <= 7 ORDER BY category, rentals DESC",531,4,2,1,True,True,False,5,5,7,3,3,1,0,0,0,1127.39,1135.19,3120.0,30,43146.0,4.219,18,13,5,Sort,5,0,0,0,4,0,0,2,1,2236,0,0,0,22641.0,16044.0,3923968,1736704,12,0.1944652206432311
pagila_daily_revenue_rollup,"SELECT date_trunc('day', p.payment_date) AS day, s.store_id, SUM(p.amount) AS revenue FROM pagila.payment p JOIN pagila.staff s USING (staff_id) WHERE p.payment_date >= TIMESTAMPTZ '2022-02-01' AND p.payment_date < TIMESTAMPTZ '2022-03-01' GROUP BY GROUPING SETS ((day, s.store_id), (day), ()) ORDER BY day NULLS LAST, s.store_id NULLS LAST",340,1,2,0,True,True,False,2,2,3,1,1,0,0,0,0,215.52,311.58,4803.0,44,12010.0,3.068,6,5,2,Aggregate,2,0,0,0,1,0,0,1,1,77,0,0,0,16051.0,16049.0,32768,16384,2,0.2992709826157393
pagila_daily_revenue_rollup,"SELECT date_trunc('day', p.payment_date) AS day, s.store_id, SUM(p.amount) AS revenue FROM pagila.payment p JOIN pagila.staff s USING (staff_id) WHERE p.payment_date >= TIMESTAMPTZ '2022-02-01' AND p.payment_date < TIMESTAMPTZ '2022-03-01' GROUP BY GROUPING SETS ((day, s.store_id), (day), ()) ORDER BY day NULLS LAST, s.store_id NULLS LAST",340,1,2,0,True,True,False,2,2,3,1,1,0,0,0,0,215.52,311.58,4803.0,44,12010.0,2.581,6,5,2,Aggregate,2,0,0,0,1,0,0,1,1,77,0,0,0,16051.0,16049.0,32768,16384,2,0.2992709826157393
pagila_rating_revenue_pivot,"SELECT i.store_id, SUM(p.amount) FILTER (WHERE f.rating = 'G') AS g_revenue, SUM(p.amount) FILTER (WHERE f.rating = 'PG') AS pg_revenue, SUM(p.amount) FILTER (WHERE f.rating = 'R') AS r_revenue FROM pagila.payment p JOIN pagila.rental r USING (rental_id) JOIN pagila.inventory i USING (inventory_id) JOIN pagila.film f USING (film_id) WHERE p.payment_date >= TIMESTAMPTZ '2022-04-01' AND p.payment_date < TIMESTAMPTZ '2022-05-01' GROUP BY i.store_id ORDER BY i.store_id",469,3,5,0,True,True,False,4,4,4,3,3,0,0,0,0,762.72,762.73,2.0,100,39945.0,6.711,12,7,4,Sort,4,0,0,0,3,0,0,1,1,1533,0,0,0,37674.0,16049.0,3776512,1679360,11,0.0001246183562838806
pagila_rating_revenue_pivot,"SELECT i.store_id, SUM(p.amount) FILTER (WHERE f.rating = 'G') AS g_revenue, SUM(p.amount) FILTER (WHERE f.rating = 'PG') AS pg_revenue, SUM(p.amount) FILTER (WHERE f.rating = 'R') AS r_revenue FROM pagila.payment p JOIN pagila.rental r USING (rental_id) JOIN pagila.inventory i USING (inventory_id) JOIN pagila.film f USING (film_id) WHERE p.payment_date >= TIMESTAMPTZ '2022-04-01' AND p.payment_date < TIMESTAMPTZ '2022-05-01' GROUP BY i.store_id ORDER BY i.store_id",469,3,5,0,True,True,False,4,4,4,3,3,0,0,0,0,762.72,762.73,2.0,100,39945.0,6.818,12,7,4,Sort,4,0,0,0,3,0,0,1,1,1533,0,0,0,37674.0,16049.0,3776512,1679360,11,0.0001246183562838806
pagila_city_customer_density,"SELECT co.country, ci.city, COUNT(cu.customer_id) AS customers FROM pagila.country co JOIN pagila.city ci USING (country_id) JOIN pagila.address a USING (city_id) LEFT JOIN pagila.customer cu USING (address_id) WHERE co.country_id <= 54 GROUP BY co.country, ci.city ORDER BY customers DESC LIMIT 60",298,3,1,0,True,True,False,4,4,3,1,2,1,0,0,0,78.28,78.43,60.0,26,4664.0,1.053,13,8,4,Limit,4,0,0,0,3,0,0,1,1,153,0,0,0,1911.0,603.0,557056,262144,9,0.09950248756218906
pagila_city_customer_density,"SELECT co.country, ci.city, COUNT(cu.customer_id) AS customers FROM pagila.country co JOIN pagila.city ci USING (country_id) JOIN pagila.address a USING (city_id) LEFT JOIN pagila.customer cu USING (address_id) WHERE co.country_id <= 54 GROUP BY co.country, ci.city ORDER BY customers DESC LIMIT 60",298,3,1,0,True,True,False,4,4,3,1,2,1,0,0,0,78.28,78.43,60.0,26,4664.0,1.187,13,8,4,Limit,4,0,0,0,3,0,0,1,1,153,0,0,0,1911.0,603.0,557056,262144,9,0.09950248756218906
pagila_payment_moving_average,"SELECT p.customer_id, p.payment_date, p.amount, AVG(p.amount) OVER (PARTITION BY p.customer_id ORDER BY p.payment_date ROWS BETWEEN 4 PRECEDING AND CURRENT ROW) AS moving_avg FROM pagila.payment p WHERE p.customer_id BETWEEN 17 AND 67 ORDER BY p.customer_id, p.payment_date",273,0,1,0,False,True,False,1,1,4,1,0,0,0,0,0,292.6,320.62,1402.0,50,6820.0,2.977,16,5,7,WindowAgg,1,0,0,6,0,0,0,1,0,272,0,0,0,16049.0,16049.0,0,0,1,0.0873574677550003
pagila_payment_moving_average,"SELECT p.customer_id, p.payment_date, p.amount, AVG(p.amount) OVER (PARTITION BY p.customer_id ORDER BY p.payment_date ROWS BETWEEN 4 PRECEDING AND CURRENT ROW) AS moving_avg FROM pagila.payment p WHERE p.customer_id BETWEEN 17 AND 67 ORDER BY p.customer_id, p.payment_date",273,0,1,0,False,True,False,1,1,4,1,0,0,0,0,0,292.6,320.62,1402.0,50,6820.0,2.768,16,5,7,WindowAgg,1,0,0,6,0,0,0,1,0,272,0,0,0,16049.0,16049.0,0,0,1,0.0873574677550003
pagila_return_sla,"SELECT i.store_id, COUNT(*) AS rentals, COUNT(*) FILTER (WHERE r.return_date <= r.rental_date + INTERVAL '8 days') AS within_sla FROM pagila.rental r JOIN pagila.inventory i USING (inventory_id) WHERE r.return_date IS NOT NULL GROUP BY i.store_id ORDER BY i.store_id",266,1,2,0,True,True,False,2,2,3,2,1,0,0,0,0,683.47,683.48,2.0,20,40888.0,11.657,6,5,2,Sort,2,0,0,0,1,0,0,1,1,750,0,0,0,20625.0,16044.0,3006464,1466368,5,0.00012465719272001995
pagila_return_sla,"SELECT i.store_id, COUNT(*) AS rentals, COUNT(*) FILTER (WHERE r.return_date <= r.rental_date + INTERVAL '8 days') AS within_sla FROM pagila.rental r JOIN pagila.inventory i USING (inventory_id) WHERE r.return_date IS NOT NULL GROUP BY i.store_id ORDER BY i.store_id",266,1,2,0,True,True,False,2,2,3,2,1,0,0,0,0,683.47,683.48,2.0,20,40888.0,8.412,6,5,2,Sort,2,0,0,0,1,0,0,1,1,750,0,0,0,20625.0,16044.0,3006464,1466368,5,0.00012465719272001995
pagila_customer_payment_transitions,"SELECT p.customer_id, p.payment_date, p.amount, lag(p.amount) OVER (PARTITION BY p.customer_id ORDER BY p.payment_date) AS previous_amount, p.amount - lag(p.amount) OVER (PARTITION BY p.customer_id ORDER BY p.payment_date) AS delta FROM pagila.payment p WHERE p.customer_id >= 187 ORDER BY p.customer_id, p.payment_date",319,0,1,0,False,True,False,1,1,5,2,0,0,0,0,0,1113.75,1360.87,10984.0,82,43936.0,9.679,10,4,7,WindowAgg,7,0,0,0,0,0,0,1,0,484,0,0,0,16049.0,16049.0,0,0,1,0.6844040127110723
pagila_customer_payment_transitions,"SELECT p.customer_id, p.payment_date, p.amount, lag(p.amount) OVER (PARTITION BY p.customer_id ORDER BY p.payment_date) AS previous_amount, p.amount - lag(p.amount) OVER (PARTITION BY p.customer_id ORDER BY p.payment_date) AS delta FROM pagila.payment p WHERE p.customer_id >= 187 ORDER BY p.customer_id, p.payment_date",319,0,1,0,False,True,False,1,1,5,2,0,0,0,0,0,1113.75,1360.87,10984.0,82,43936.0,11.835,10,4,7,WindowAgg,7,0,0,0,0,0,0,1,0,484,0,0,0,16049.0,16049.0,0,0,1,0.6844040127110723
pagila_film_popularity,"SELECT f.film_id, f.title, COUNT(r.rental_id) AS rentals FROM pagila.film f JOIN pagila.inventory i USING (film_id) LEFT JOIN pagila.rental r USING (inventory_id) WHERE f.rating = 'R' GROUP BY f.film_id, f.title ORDER BY rentals DESC, f.title LIMIT 40",251,2,1,0,True,True,False,3,3,3,1,1,1,0,0,0,603.63,603.73,40.0,27,26359.0,4.088,10,8,3,Limit,3,0,0,0,2,0,0,1,1,1472,0,0,0,21625.0,16044.0,3776512,1679360,10,0.0024931438544003987
pagila_film_popularity,"SELECT f.film_id, f.title, COUNT(r.rental_id) AS rentals FROM pagila.film f JOIN pagila.inventory i USING (film_id) LEFT JOIN pagila.rental r USING (inventory_id) WHERE f.rating = 'R' GROUP BY f.film_id, f.title ORDER BY rentals DESC, f.title LIMIT 40",251,2,1,0,True,True,False,3,3,3,1,1,1,0,0,0,603.63,603.73,40.0,27,26359.0,4.091,10,8,3,Limit,3,0,0,0,2,0,0,1,1,1472,0,0,0,21625.0,16044.0,3776512,1679360,10,0.0024931438544003987
pagila_inventory_imbalance,"SELECT i.film_id, COUNT(*) FILTER (WHERE i.store_id = 1) AS store_one, COUNT(*) FILTER (WHERE i.store_id = 2) AS store_two FROM pagila.inventory i WHERE i.film_id >= 1 GROUP BY i.film_id HAVING ABS(COUNT(*) FILTER (WHERE i.store_id = 1) - COUNT(*) FILTER (WHERE i.store_id = 2)) >= 1 ORDER BY i.film_id",302,0,5,0,True,True,False,1,1,3,4,0,0,0,0,0,174.56,175.35,319.0,20,5219.0,1.186,3,3,1,Sort,1,0,0,0,0,0,0,1,1,90,0,0,0,4581.0,4581.0,516096,237568,2,0.06963545077493997
pagila_inventory_imbalance,"SELECT i.film_id, COUNT(*) FILTER (WHERE i.store_id = 1) AS store_one, COUNT(*) FILTER (WHERE i.store_id = 2) AS store_two FROM pagila.inventory i WHERE i.film_id >= 1 GROUP BY i.film_id HAVING ABS(COUNT(*) FILTER (WHERE i.store_id = 1) - COUNT(*) FILTER (WHERE i.store_id = 2)) >= 1 ORDER BY i.film_id",302,0,5,0,True,True,False,1,1,3,4,0,0,0,0,0,174.56,175.35,319.0,20,5219.0,1.287,3,3,1,Sort,1,0,0,0,0,0,0,1,1,90,0,0,0,4581.0,4581.0,516096,237568,2,0.06963545077493997
pagila_customer_lifetime_value,"SELECT c.customer_id, c.first_name, c.last_name, COUNT(p.payment_id) AS payments, SUM(p.amount) AS lifetime_value FROM pagila.customer c JOIN pagila.payment p USING (customer_id) WHERE c.customer_id >= 170 GROUP BY c.customer_id, c.first_name, c.last_name HAVING COUNT(p.payment_id) >= 10 ORDER BY lifetime_value DESC LIMIT 50",326,1,1,0,True,True,False,2,2,5,3,1,0,0,0,0,523.63,523.76,50.0,57,44815.0,6.032,14,6,8,Limit,8,0,0,0,1,0,0,1,1,780,0,0,0,16648.0,16049.0,229376,122880,5,0.0031154589070970153
pagila_customer_lifetime_value,"SELECT c.customer_id, c.first_name, c.last_name, COUNT(p.payment_id) AS payments, SUM(p.amount) AS lifetime_value FROM pagila.customer c JOIN pagila.payment p USING (customer_id) WHERE c.customer_id >= 170 GROUP BY c.customer_id, c.first_name, c.last_name HAVING COUNT(p.payment_id) >= 10 ORDER BY lifetime_value DESC LIMIT 50",326,1,1,0,True,True,False,2,2,5,3,1,0,0,0,0,523.63,523.76,50.0,57,44815.0,6.034,14,6,8,Limit,8,0,0,0,1,0,0,1,1,780,0,0,0,16648.0,16049.0,229376,122880,5,0.0031154589070970153
pagila_category_percentiles,"SELECT c.name, percentile_cont(0.5) WITHIN GROUP (ORDER BY p.amount) AS median_payment, percentile_cont(0.9) WITHIN GROUP (ORDER BY p.amount) AS p90_payment FROM pagila.category c JOIN pagila.film_category fc USING (category_id) JOIN pagila.inventory i USING (film_id) JOIN pagila.rental r USING (inventory_id) JOIN pagila.payment p USING (rental_id) WHERE p.amount >= 1.99 GROUP BY c.name ORDER BY p90_payment DESC",415,4,1,0,True,True,False,5,5,3,2,4,0,0,0,0,2334.8,2334.84,16.0,23,122590.0,21.632,23,8,11,Sort,11,0,0,0,4,0,0,2,1,2428,0,0,0,37690.0,16049.0,3153920,1523712,8,0.0009969468502710448
pagila_category_percentiles,"SELECT c.name, percentile_cont(0.5) WITHIN GROUP (ORDER BY p.amount) AS median_payment, percentile_cont(0.9) WITHIN GROUP (ORDER BY p.amount) AS p90_payment FROM pagila.category c JOIN pagila.film_category fc USING (category_id) JOIN pagila.inventory i USING (film_id) JOIN pagila.rental r USING (inventory_id) JOIN pagila.payment p USING (rental_id) WHERE p.amount >= 1.99 GROUP BY c.name ORDER BY p90_payment DESC",415,4,1,0,True,True,False,5,5,3,2,4,0,0,0,0,2334.8,2334.84,16.0,23,122590.0,22.148,23,8,11,Sort,11,0,0,0,4,0,0,2,1,2428,0,0,0,37690.0,16049.0,3153920,1523712,8,0.0009969468502710448
pagila_rental_gaps,"WITH ordered AS ( SELECT r.customer_id, r.rental_date, lag(r.rental_date) OVER (PARTITION BY r.customer_id ORDER BY r.rental_date) AS previous FROM pagila.rental r WHERE r.customer_id >= 203 ) SELECT customer_id, AVG(rental_date - previous) AS avg_gap FROM ordered WHERE previous IS NOT NULL GROUP BY customer_id ORDER BY avg_gap DESC",334,0,2,1,True,True,False,1,1,5,2,0,0,0,0,0,1488.8,1490.3,599.0,20,43449.0,10.436,6,6,1,Sort,1,0,0,0,0,0,0,2,1,900,0,0,0,16044.0,16044.0,2490368,1228800,3,0.037334829219645975
pagila_rental_gaps,"WITH ordered AS ( SELECT r.customer_id, r.rental_date, lag(r.rental_date) OVER (PARTITION BY r.customer_id ORDER BY r.rental_date) AS previous FROM pagila.rental r WHERE r.customer_id >= 203 ) SELECT customer_id, AVG(rental_date - previous) AS avg_gap FROM ordered WHERE previous IS NOT NULL GROUP BY customer_id ORDER BY avg_gap DESC",334,0,2,1,True,True,False,1,1,5,2,0,0,0,0,0,1488.8,1490.3,599.0,20,43449.0,8.657,6,6,1,Sort,1,0,0,0,0,0,0,2,1,900,0,0,0,16044.0,16044.0,2490368,1228800,3,0.037334829219645975
pagila_category_percentiles,"SELECT c.name, percentile_cont(0.5) WITHIN GROUP (ORDER BY p.amount) AS median_payment, percentile_cont(0.9) WITHIN GROUP (ORDER BY p.amount) AS p90_payment FROM pagila.category c JOIN pagila.film_category fc USING (category_id) JOIN pagila.inventory i USING (film_id) JOIN pagila.rental r USING (inventory_id) JOIN pagila.payment p USING (rental_id) WHERE p.amount >= 3.99 GROUP BY c.name ORDER BY p90_payment DESC",415,4,1,0,True,True,False,5,5,3,2,4,0,0,0,0,1881.59,1881.63,16.0,23,97474.0,17.564,23,8,11,Sort,11,0,0,0,4,0,0,2,1,2428,0,0,0,37690.0,16049.0,3153920,1523712,8,0.0009969468502710448
pagila_category_percentiles,"SELECT c.name, percentile_cont(0.5) WITHIN GROUP (ORDER BY p.amount) AS median_payment, percentile_cont(0.9) WITHIN GROUP (ORDER BY p.amount) AS p90_payment FROM pagila.category c JOIN pagila.film_category fc USING (category_id) JOIN pagila.inventory i USING (film_id) JOIN pagila.rental r USING (inventory_id) JOIN pagila.payment p USING (rental_id) WHERE p.amount >= 3.99 GROUP BY c.name ORDER BY p90_payment DESC",415,4,1,0,True,True,False,5,5,3,2,4,0,0,0,0,1881.59,1881.63,16.0,23,97474.0,17.69,23,8,11,Sort,11,0,0,0,4,0,0,2,1,2428,0,0,0,37690.0,16049.0,3153920,1523712,8,0.0009969468502710448
pagila_inventory_availability,"SELECT i.store_id, COUNT(*) AS copies, COUNT(*) FILTER (WHERE r.rental_id IS NULL) AS available FROM pagila.inventory i LEFT JOIN pagila.rental r ON r.inventory_id = i.inventory_id AND r.return_date IS NULL WHERE i.film_id BETWEEN 991 AND 1000 GROUP BY i.store_id ORDER BY i.store_id",283,1,2,0,True,True,False,2,2,3,2,0,1,0,0,0,411.34,411.79,2.0,20,357.0,0.986,6,5,2,Aggregate,2,0,0,0,1,0,0,1,1,750,0,0,0,20625.0,16044.0,3006464,1466368,5,0.00012465719272001995
pagila_inventory_availability,"SELECT i.store_id, COUNT(*) AS copies, COUNT(*) FILTER (WHERE r.rental_id IS NULL) AS available FROM pagila.inventory i LEFT JOIN pagila.rental r ON r.inventory_id = i.inventory_id AND r.return_date IS NULL WHERE i.film_id BETWEEN 991 AND 1000 GROUP BY i.store_id ORDER BY i.store_id",283,1,2,0,True,True,False,2,2,3,2,0,1,0,0,0,411.34,411.79,2.0,20,357.0,1.043,6,5,2,Aggregate,2,0,0,0,1,0,0,1,1,750,0,0,0,20625.0,16044.0,3006464,1466368,5,0.00012465719272001995
pagila_customer_payment_transitions,"SELECT p.customer_id, p.payment_date, p.amount, lag(p.amount) OVER (PARTITION BY p.customer_id ORDER BY p.payment_date) AS previous_amount, p.amount - lag(p.amount) OVER (PARTITION BY p.customer_id ORDER BY p.payment_date) AS delta FROM pagila.payment p WHERE p.customer_id >= 356 ORDER BY p.customer_id, p.payment_date",319,0,1,0,False,True,False,1,1,5,2,0,0,0,0,0,762.08,907.21,6451.0,82,25804.0,5.481,10,4,7,WindowAgg,7,0,0,0,0,0,0,1,0,484,0,0,0,16049.0,16049.0,0,0,1,0.4019565081936569
pagila_customer_payment_transitions,"SELECT p.customer_id, p.payment_date, p.amount, lag(p.amount) OVER (PARTITION BY p.customer_id ORDER BY p.payment_date) AS previous_amount, p.amount - lag(p.amount) OVER (PARTITION BY p.customer_id ORDER BY p.payment_date) AS delta FROM pagila.payment p WHERE p.customer_id >= 356 ORDER BY p.customer_id, p.payment_date",319,0,1,0,False,True,False,1,1,5,2,0,0,0,0,0,762.08,907.21,6451.0,82,25804.0,5.34,10,4,7,WindowAgg,7,0,0,0,0,0,0,1,0,484,0,0,0,16049.0,16049.0,0,0,1,0.4019565081936569
pagila_duration_outliers,"WITH stats AS ( SELECT rating, AVG(length) AS avg_length, STDDEV_POP(length) AS sd FROM pagila.film GROUP BY rating ) SELECT f.film_id, f.title, f.length FROM pagila.film f JOIN stats s USING (rating) WHERE f.rating = 'PG' AND f.length > s.avg_length + s.sd ORDER BY f.length DESC",280,1,2,1,True,True,False,2,1,6,2,1,0,0,0,0,159.34,159.5,65.0,21,519.0,0.454,5,4,1,Sort,2,0,0,0,0,0,1,1,1,448,0,0,0,1000.0,1000.0,770048,212992,5,0.065
pagila_duration_outliers,"WITH stats AS ( SELECT rating, AVG(length) AS avg_length, STDDEV_POP(length) AS sd FROM pagila.film GROUP BY rating ) SELECT f.film_id, f.title, f.length FROM pagila.film f JOIN stats s USING (rating) WHERE f.rating = 'PG' AND f.length > s.avg_length + s.sd ORDER BY f.length DESC",280,1,2,1,True,True,False,2,1,6,2,1,0,0,0,0,159.34,159.5,65.0,21,519.0,0.399,5,4,1,Sort,2,0,0,0,0,0,1,1,1,448,0,0,0,1000.0,1000.0,770048,212992,5,0.065
pagila_unrented_films,"SELECT f.film_id, f.title FROM pagila.film f WHERE f.rating = 'PG' AND NOT EXISTS ( SELECT 1 FROM pagila.inventory i JOIN pagila.rental r USING (inventory_id) WHERE i.film_id = f.film_id ) ORDER BY f.title",205,1,3,1,False,True,False,3,3,3,0,1,0,0,0,0,764.11,764.13,8.0,19,57504.0,6.606,8,6,3,Sort,3,0,0,0,2,0,0,1,0,1122,0,0,0,21625.0,16044.0,3776512,1679360,10,0.0004986287708800798
pagila_unrented_films,"SELECT f.film_id, f.title FROM pagila.film f WHERE f.rating = 'PG' AND NOT EXISTS ( SELECT 1 FROM pagila.inventory i JOIN pagila.rental r USING (inventory_id) WHERE i.film_id = f.film_id ) ORDER BY f.title",205,1,3,1,False,True,False,3,3,3,0,1,0,0,0,0,764.11,764.13,8.0,19,57504.0,5.851,8,6,3,Sort,3,0,0,0,2,0,0,1,0,1122,0,0,0,21625.0,16044.0,3776512,1679360,10,0.0004986287708800798
pagila_inactive_customers,"SELECT c.customer_id, c.first_name, c.last_name FROM pagila.customer c WHERE c.activebool = true AND NOT EXISTS ( SELECT 1 FROM pagila.rental r WHERE r.customer_id = c.customer_id AND r.rental_date >= TIMESTAMPTZ '2022-04-01' ) ORDER BY c.customer_id",250,0,4,1,False,True,False,2,2,4,0,0,0,0,0,0,566.68,566.69,1.0,17,32183.0,3.362,5,4,2,Sort,2,0,0,0,1,0,0,1,0,627,0,0,0,16643.0,16044.0,2719744,1351680,7,6.232859636000998e-05
pagila_inactive_customers,"SELECT c.customer_id, c.first_name, c.last_name FROM pagila.customer c WHERE c.activebool = true AND NOT EXISTS ( SELECT 1 FROM pagila.rental r WHERE r.customer_id = c.customer_id AND r.rental_date >= TIMESTAMPTZ '2022-04-01' ) ORDER BY c.customer_id",250,0,4,1,False,True,False,2,2,4,0,0,0,0,0,0,566.68,566.69,1.0,17,32183.0,3.578,5,4,2,Sort,2,0,0,0,1,0,0,1,0,627,0,0,0,16643.0,16044.0,2719744,1351680,7,6.232859636000998e-05
pagila_customer_recency_rank,"WITH activity AS ( SELECT c.customer_id, c.store_id, MAX(r.rental_date) AS last_rental FROM pagila.customer c LEFT JOIN pagila.rental r USING (customer_id) WHERE c.store_id = 2 GROUP BY c.customer_id, c.store_id ) SELECT customer_id, last_rental, dense_rank() OVER (ORDER BY last_rental DESC NULLS LAST) AS recency_rank FROM activity ORDER BY recency_rank, customer_id",368,1,1,1,True,True,False,2,2,6,2,0,1,0,0,0,441.65,442.33,273.0,20,25267.0,4.367,9,8,2,Sort,2,0,0,0,1,0,0,2,1,1122,0,0,0,16643.0,16044.0,2719744,1351680,7,0.017015706806282723
pagila_customer_recency_rank,"WITH activity AS ( SELECT c.customer_id, c.store_id, MAX(r.rental_date) AS last_rental FROM pagila.customer c LEFT JOIN pagila.rental r USING (customer_id) WHERE c.store_id = 2 GROUP BY c.customer_id, c.store_id ) SELECT customer_id, last_rental, dense_rank() OVER (ORDER BY last_rental DESC NULLS LAST) AS recency_rank FROM activity ORDER BY recency_rank, customer_id",368,1,1,1,True,True,False,2,2,6,2,0,1,0,0,0,441.65,442.33,273.0,20,25267.0,5.562,9,8,2,Sort,2,0,0,0,1,0,0,2,1,1122,0,0,0,16643.0,16044.0,2719744,1351680,7,0.017015706806282723
pagila_top_films_per_category,"WITH ranked AS ( SELECT c.name AS category, f.title, COUNT(r.rental_id) AS rentals, dense_rank() OVER (PARTITION BY c.category_id ORDER BY COUNT(r.rental_id) DESC) AS rank FROM pagila.category c JOIN pagila.film_category fc USING (category_id) JOIN pagila.film f USING (film_id) JOIN pagila.inventory i USING (film_id) LEFT JOIN pagila.rental r USING (inventory_id) WHERE f.rating = 'G' GROUP BY c.category_id, c.name, f.film_id, f.title ) SELECT category, title, rentals FROM ranked WHERE rank <= 8 ORDER BY category, rentals DESC",531,4,2,1,True,True,False,5,5,7,3,3,1,0,0,0,1074.16,1081.28,2848.0,30,41271.0,5.134,18,13,5,Sort,5,0,0,0,4,0,0,2,1,2236,0,0,0,22641.0,16044.0,3923968,1736704,12,0.1775118424333084
pagila_top_films_per_category,"WITH ranked AS ( SELECT c.name AS category, f.title, COUNT(r.rental_id) AS rentals, dense_rank() OVER (PARTITION BY c.category_id ORDER BY COUNT(r.rental_id) DESC) AS rank FROM pagila.category c JOIN pagila.film_category fc USING (category_id) JOIN pagila.film f USING (film_id) JOIN pagila.inventory i USING (film_id) LEFT JOIN pagila.rental r USING (inventory_id) WHERE f.rating = 'G' GROUP BY c.category_id, c.name, f.film_id, f.title ) SELECT category, title, rentals FROM ranked WHERE rank <= 8 ORDER BY category, rentals DESC",531,4,2,1,True,True,False,5,5,7,3,3,1,0,0,0,1074.16,1081.28,2848.0,30,41271.0,5.362,18,13,5,Sort,5,0,0,0,4,0,0,2,1,2236,0,0,0,22641.0,16044.0,3923968,1736704,12,0.1775118424333084
pagila_staff_performance,"SELECT s.staff_id, s.first_name, s.last_name, COUNT(p.payment_id) AS payments, SUM(p.amount) AS revenue FROM pagila.staff s JOIN pagila.payment p USING (staff_id) WHERE p.payment_date >= TIMESTAMPTZ '2022-05-01' AND p.payment_date < TIMESTAMPTZ '2022-06-01' GROUP BY s.staff_id, s.first_name, s.last_name ORDER BY revenue DESC",326,1,2,0,True,True,False,2,2,5,2,1,0,0,0,0,103.22,103.23,2.0,56,5362.0,1.308,6,5,2,Sort,2,0,0,0,1,0,0,1,1,85,0,0,0,16051.0,16049.0,32768,16384,2,0.0001246183562838806
pagila_staff_performance,"SELECT s.staff_id, s.first_name, s.last_name, COUNT(p.payment_id) AS payments, SUM(p.amount) AS revenue FROM pagila.staff s JOIN pagila.payment p USING (staff_id) WHERE p.payment_date >= TIMESTAMPTZ '2022-05-01' AND p.payment_date < TIMESTAMPTZ '2022-06-01' GROUP BY s.staff_id, s.first_name, s.last_name ORDER BY revenue DESC",326,1,2,0,True,True,False,2,2,5,2,1,0,0,0,0,103.22,103.23,2.0,56,5362.0,1.056,6,5,2,Sort,2,0,0,0,1,0,0,1,1,85,0,0,0,16051.0,16049.0,32768,16384,2,0.0001246183562838806
pagila_store_inventory_turnover,"SELECT i.store_id, COUNT(DISTINCT i.inventory_id) AS inventory, COUNT(r.rental_id) AS rentals, COUNT(r.rental_id)::numeric / NULLIF(COUNT(DISTINCT i.inventory_id), 0) AS turnover FROM pagila.inventory i LEFT JOIN pagila.rental r USING (inventory_id) WHERE r.return_date - r.rental_date >= INTERVAL '5 days' GROUP BY i.store_id ORDER BY turnover DESC",349,1,1,0,True,True,False,2,2,4,4,0,1,0,0,0,922.48,922.49,2.0,52,25210.0,7.823,7,6,2,Sort,2,0,0,0,1,0,0,2,1,930,0,0,0,20625.0,16044.0,3006464,1466368,5,0.00012465719272001995
pagila_store_inventory_turnover,"SELECT i.store_id, COUNT(DISTINCT i.inventory_id) AS inventory, COUNT(r.rental_id) AS rentals, COUNT(r.rental_id)::numeric / NULLIF(COUNT(DISTINCT i.inventory_id), 0) AS turnover FROM pagila.inventory i LEFT JOIN pagila.rental r USING (inventory_id) WHERE r.return_date - r.rental_date >= INTERVAL '5 days' GROUP BY i.store_id ORDER BY turnover DESC",349,1,1,0,True,True,False,2,2,4,4,0,1,0,0,0,922.48,922.49,2.0,52,25210.0,6.972,7,6,2,Sort,2,0,0,0,1,0,0,2,1,930,0,0,0,20625.0,16044.0,3006464,1466368,5,0.00012465719272001995
pagila_return_sla,"SELECT i.store_id, COUNT(*) AS rentals, COUNT(*) FILTER (WHERE r.return_date <= r.rental_date + INTERVAL '10 days') AS within_sla FROM pagila.rental r JOIN pagila.inventory i USING (inventory_id) WHERE r.return_date IS NOT NULL GROUP BY i.store_id ORDER BY i.store_id",267,1,2,0,True,True,False,2,2,3,2,1,0,0,0,0,683.47,683.48,2.0,20,40888.0,6.677,6,5,2,Sort,2,0,0,0,1,0,0,1,1,750,0,0,0,20625.0,16044.0,3006464,1466368,5,0.00012465719272001995
pagila_return_sla,"SELECT i.store_id, COUNT(*) AS rentals, COUNT(*) FILTER (WHERE r.return_date <= r.rental_date + INTERVAL '10 days') AS within_sla FROM pagila.rental r JOIN pagila.inventory i USING (inventory_id) WHERE r.return_date IS NOT NULL GROUP BY i.store_id ORDER BY i.store_id",267,1,2,0,True,True,False,2,2,3,2,1,0,0,0,0,683.47,683.48,2.0,20,40888.0,6.619,6,5,2,Sort,2,0,0,0,1,0,0,1,1,750,0,0,0,20625.0,16044.0,3006464,1466368,5,0.00012465719272001995
pagila_actor_rental_impact,"SELECT a.actor_id, a.first_name, a.last_name, COUNT(r.rental_id) AS rentals, COALESCE(SUM(p.amount), 0) AS revenue FROM pagila.actor a JOIN pagila.film_actor fa USING (actor_id) JOIN pagila.inventory i USING (film_id) LEFT JOIN pagila.rental r USING (inventory_id) LEFT JOIN pagila.payment p USING (rental_id) WHERE a.actor_id >= 43 GROUP BY a.actor_id, a.first_name, a.last_name ORDER BY revenue DESC LIMIT 30",410,4,1,0,True,True,False,5,5,5,2,2,2,0,0,0,2741.28,2741.36,30.0,57,188999.0,30.673,23,8,11,Limit,11,0,0,0,4,0,0,1,1,2604,0,0,0,42336.0,16049.0,3596288,1728512,10,0.0018692753442582093
pagila_actor_rental_impact,"SELECT a.actor_id, a.first_name, a.last_name, COUNT(r.rental_id) AS rentals, COALESCE(SUM(p.amount), 0) AS revenue FROM pagila.actor a JOIN pagila.film_actor fa USING (actor_id) JOIN pagila.inventory i USING (film_id) LEFT JOIN pagila.rental r USING (inventory_id) LEFT JOIN pagila.payment p USING (rental_id) WHERE a.actor_id >= 43 GROUP BY a.actor_id, a.first_name, a.last_name ORDER BY revenue DESC LIMIT 30",410,4,1,0,True,True,False,5,5,5,2,2,2,0,0,0,2741.28,2741.36,30.0,57,188999.0,31.113,23,8,11,Limit,11,0,0,0,4,0,0,1,1,2604,0,0,0,42336.0,16049.0,3596288,1728512,10,0.0018692753442582093
pagila_category_revenue,"SELECT c.name, COUNT(DISTINCT r.rental_id) AS rentals, SUM(p.amount) AS revenue FROM pagila.category c JOIN pagila.film_category fc USING (category_id) JOIN pagila.inventory i USING (film_id) JOIN pagila.rental r USING (inventory_id) JOIN pagila.payment p USING (rental_id) WHERE p.payment_date >= TIMESTAMPTZ '2022-05-01' AND p.payment_date < TIMESTAMPTZ '2022-06-01' GROUP BY c.name ORDER BY revenue DESC",406,4,2,0,True,True,False,5,5,3,2,4,0,0,0,0,886.35,886.39,16.0,47,46009.0,6.899,16,9,5,Sort,5,0,0,0,4,0,0,2,1,1668,0,0,0,37690.0,16049.0,3153920,1523712,8,0.0009969468502710448
pagila_category_revenue,"SELECT c.name, COUNT(DISTINCT r.rental_id) AS rentals, SUM(p.amount) AS revenue FROM pagila.category c JOIN pagila.film_category fc USING (category_id) JOIN pagila.inventory i USING (film_id) JOIN pagila.rental r USING (inventory_id) JOIN pagila.payment p USING (rental_id) WHERE p.payment_date >= TIMESTAMPTZ '2022-05-01' AND p.payment_date < TIMESTAMPTZ '2022-06-01' GROUP BY c.name ORDER BY revenue DESC",406,4,2,0,True,True,False,5,5,3,2,4,0,0,0,0,886.35,886.39,16.0,47,46009.0,6.851,16,9,5,Sort,5,0,0,0,4,0,0,2,1,1668,0,0,0,37690.0,16049.0,3153920,1523712,8,0.0009969468502710448
pagila_store_monthly_revenue,"SELECT date_trunc('month', p.payment_date) AS month, SUM(p.amount) AS revenue, COUNT(DISTINCT p.customer_id) AS customers FROM pagila.payment p JOIN pagila.staff s USING (staff_id) WHERE s.store_id = 2 GROUP BY month ORDER BY month",231,1,1,0,True,True,False,2,2,3,2,1,0,0,0,0,983.42,1184.02,8024.0,48,40121.0,12.374,12,5,8,Aggregate,8,0,0,0,0,0,1,1,1,609,0,0,0,16051.0,16049.0,32768,16384,2,0.499968845410929
pagila_store_monthly_revenue,"SELECT date_trunc('month', p.payment_date) AS month, SUM(p.amount) AS revenue, COUNT(DISTINCT p.customer_id) AS customers FROM pagila.payment p JOIN pagila.staff s USING (staff_id) WHERE s.store_id = 2 GROUP BY month ORDER BY month",231,1,1,0,True,True,False,2,2,3,2,1,0,0,0,0,983.42,1184.02,8024.0,48,40121.0,10.213,12,5,8,Aggregate,8,0,0,0,0,0,1,1,1,609,0,0,0,16051.0,16049.0,32768,16384,2,0.499968845410929
pagila_city_customer_density,"SELECT co.country, ci.city, COUNT(cu.customer_id) AS customers FROM pagila.country co JOIN pagila.city ci USING (country_id) JOIN pagila.address a USING (city_id) LEFT JOIN pagila.customer cu USING (address_id) WHERE co.country_id <= 36 GROUP BY co.country, ci.city ORDER BY customers DESC LIMIT 60",298,3,1,0,True,True,False,4,4,3,1,2,1,0,0,0,68.27,68.42,60.0,26,3325.0,0.502,13,10,4,Limit,4,0,0,0,3,0,0,1,1,156,0,0,0,1911.0,603.0,557056,262144,9,0.09950248756218906
pagila_city_customer_density,"SELECT co.country, ci.city, COUNT(cu.customer_id) AS customers FROM pagila.country co JOIN pagila.city ci USING (country_id) JOIN pagila.address a USING (city_id) LEFT JOIN pagila.customer cu USING (address_id) WHERE co.country_id <= 36 GROUP BY co.country, ci.city ORDER BY customers DESC LIMIT 60",298,3,1,0,True,True,False,4,4,3,1,2,1,0,0,0,68.27,68.42,60.0,26,3325.0,0.474,13,10,4,Limit,4,0,0,0,3,0,0,1,1,156,0,0,0,1911.0,603.0,557056,262144,9,0.09950248756218906
pagila_payment_moving_average,"SELECT p.customer_id, p.payment_date, p.amount, AVG(p.amount) OVER (PARTITION BY p.customer_id ORDER BY p.payment_date ROWS BETWEEN 4 PRECEDING AND CURRENT ROW) AS moving_avg FROM pagila.payment p WHERE p.customer_id BETWEEN 244 AND 294 ORDER BY p.customer_id, p.payment_date",275,0,1,0,False,True,False,1,1,4,1,0,0,0,0,0,291.57,319.43,1394.0,50,6768.0,1.684,16,5,7,WindowAgg,1,0,0,6,0,0,0,1,0,303,0,0,0,16049.0,16049.0,0,0,1,0.08685899432986478
pagila_payment_moving_average,"SELECT p.customer_id, p.payment_date, p.amount, AVG(p.amount) OVER (PARTITION BY p.customer_id ORDER BY p.payment_date ROWS BETWEEN 4 PRECEDING AND CURRENT ROW) AS moving_avg FROM pagila.payment p WHERE p.customer_id BETWEEN 244 AND 294 ORDER BY p.customer_id, p.payment_date",275,0,1,0,False,True,False,1,1,4,1,0,0,0,0,0,291.57,319.43,1394.0,50,6768.0,1.624,16,5,7,WindowAgg,1,0,0,6,0,0,0,1,0,303,0,0,0,16049.0,16049.0,0,0,1,0.08685899432986478
pagila_language_catalog,"SELECT l.name, f.rating, COUNT(*) AS films, AVG(f.length) AS avg_length FROM pagila.language l JOIN pagila.film f USING (language_id) WHERE f.length >= 60 GROUP BY l.name, f.rating ORDER BY films DESC",200,1,1,0,True,True,False,2,2,4,2,1,0,0,0,0,91.93,92.0,30.0,65,1892.0,0.505,6,5,2,Sort,2,0,0,0,1,0,0,1,1,261,0,0,0,1006.0,1000.0,794624,229376,6,0.03
pagila_language_catalog,"SELECT l.name, f.rating, COUNT(*) AS films, AVG(f.length) AS avg_length FROM pagila.language l JOIN pagila.film f USING (language_id) WHERE f.length >= 60 GROUP BY l.name, f.rating ORDER BY films DESC",200,1,1,0,True,True,False,2,2,4,2,1,0,0,0,0,91.93,92.0,30.0,65,1892.0,0.501,6,5,2,Sort,2,0,0,0,1,0,0,1,1,261,0,0,0,1006.0,1000.0,794624,229376,6,0.03
pagila_actor_category_diversity,"SELECT a.actor_id, a.first_name, a.last_name, COUNT(DISTINCT fc.category_id) AS category_count FROM pagila.actor a JOIN pagila.film_actor fa USING (actor_id) JOIN pagila.film_category fc USING (film_id) WHERE a.actor_id >= 50 GROUP BY a.actor_id, a.first_name, a.last_name ORDER BY category_count DESC",301,2,1,0,True,True,False,3,3,4,1,2,0,0,0,0,476.4,476.78,151.0,25,20438.0,3.348,10,7,3,Sort,3,0,0,0,2,0,0,2,1,230,0,0,0,6662.0,5462.0,704512,303104,5,0.027645551080190407
pagila_actor_category_diversity,"SELECT a.actor_id, a.first_name, a.last_name, COUNT(DISTINCT fc.category_id) AS category_count FROM pagila.actor a JOIN pagila.film_actor fa USING (actor_id) JOIN pagila.film_category fc USING (film_id) WHERE a.actor_id >= 50 GROUP BY a.actor_id, a.first_name, a.last_name ORDER BY category_count DESC",301,2,1,0,True,True,False,3,3,4,1,2,0,0,0,0,476.4,476.78,151.0,25,20438.0,3.436,10,7,3,Sort,3,0,0,0,2,0,0,2,1,230,0,0,0,6662.0,5462.0,704512,303104,5,0.027645551080190407
pagila_repeat_renters,"SELECT c.customer_id, c.first_name, c.last_name, COUNT(r.rental_id) AS rentals FROM pagila.customer c JOIN pagila.rental r USING (customer_id) WHERE c.customer_id >= 235 GROUP BY c.customer_id, c.first_name, c.last_name HAVING COUNT(r.rental_id) >= 29 ORDER BY rentals DESC",273,1,1,0,True,True,False,2,2,4,2,1,0,0,0,0,431.58,431.88,122.0,25,26794.0,3.842,6,5,2,Sort,2,0,0,0,1,0,0,1,1,645,0,0,0,16643.0,16044.0,2719744,1351680,7,0.007604088755921216
pagila_repeat_renters,"SELECT c.customer_id, c.first_name, c.last_name, COUNT(r.rental_id) AS rentals FROM pagila.customer c JOIN pagila.rental r USING (customer_id) WHERE c.customer_id >= 235 GROUP BY c.customer_id, c.first_name, c.last_name HAVING COUNT(r.rental_id) >= 29 ORDER BY rentals DESC",273,1,1,0,True,True,False,2,2,4,2,1,0,0,0,0,431.58,431.88,122.0,25,26794.0,4.25,6,5,2,Sort,2,0,0,0,1,0,0,1,1,645,0,0,0,16643.0,16044.0,2719744,1351680,7,0.007604088755921216
pagila_rating_revenue_pivot,"SELECT i.store_id, SUM(p.amount) FILTER (WHERE f.rating = 'G') AS g_revenue, SUM(p.amount) FILTER (WHERE f.rating = 'PG') AS pg_revenue, SUM(p.amount) FILTER (WHERE f.rating = 'R') AS r_revenue FROM pagila.payment p JOIN pagila.rental r USING (rental_id) JOIN pagila.inventory i USING (inventory_id) JOIN pagila.film f USING (film_id) WHERE p.payment_date >= TIMESTAMPTZ '2022-05-01' AND p.payment_date < TIMESTAMPTZ '2022-06-01' GROUP BY i.store_id ORDER BY i.store_id",469,3,5,0,True,True,False,4,4,4,3,3,0,0,0,0,771.56,771.56,2.0,100,40595.0,5.266,12,7,4,Sort,4,0,0,0,3,0,0,1,1,1540,0,0,0,37674.0,16049.0,3776512,1679360,11,0.0001246183562838806
pagila_rating_revenue_pivot,"SELECT i.store_id, SUM(p.amount) FILTER (WHERE f.rating = 'G') AS g_revenue, SUM(p.amount) FILTER (WHERE f.rating = 'PG') AS pg_revenue, SUM(p.amount) FILTER (WHERE f.rating = 'R') AS r_revenue FROM pagila.payment p JOIN pagila.rental r USING (rental_id) JOIN pagila.inventory i USING (inventory_id) JOIN pagila.film f USING (film_id) WHERE p.payment_date >= TIMESTAMPTZ '2022-05-01' AND p.payment_date < TIMESTAMPTZ '2022-06-01' GROUP BY i.store_id ORDER BY i.store_id",469,3,5,0,True,True,False,4,4,4,3,3,0,0,0,0,771.56,771.56,2.0,100,40595.0,6.008,12,7,4,Sort,4,0,0,0,3,0,0,1,1,1540,0,0,0,37674.0,16049.0,3776512,1679360,11,0.0001246183562838806
pagila_customer_lifetime_value,"SELECT c.customer_id, c.first_name, c.last_name, COUNT(p.payment_id) AS payments, SUM(p.amount) AS lifetime_value FROM pagila.customer c JOIN pagila.payment p USING (customer_id) WHERE c.customer_id >= 207 GROUP BY c.customer_id, c.first_name, c.last_name HAVING COUNT(p.payment_id) >= 4 ORDER BY lifetime_value DESC LIMIT 50",325,1,1,0,True,True,False,2,2,5,3,1,0,0,0,0,514.79,514.91,50.0,57,43726.0,5.78,14,6,8,Limit,8,0,0,0,1,0,0,1,1,780,0,0,0,16648.0,16049.0,229376,122880,5,0.0031154589070970153
pagila_customer_lifetime_value,"SELECT c.customer_id, c.first_name, c.last_name, COUNT(p.payment_id) AS payments, SUM(p.amount) AS lifetime_value FROM pagila.customer c JOIN pagila.payment p USING (customer_id) WHERE c.customer_id >= 207 GROUP BY c.customer_id, c.first_name, c.last_name HAVING COUNT(p.payment_id) >= 4 ORDER BY lifetime_value DESC LIMIT 50",325,1,1,0,True,True,False,2,2,5,3,1,0,0,0,0,514.79,514.91,50.0,57,43726.0,7.734,14,6,8,Limit,8,0,0,0,1,0,0,1,1,780,0,0,0,16648.0,16049.0,229376,122880,5,0.0031154589070970153
pagila_daily_revenue_rollup,"SELECT date_trunc('day', p.payment_date) AS day, s.store_id, SUM(p.amount) AS revenue FROM pagila.payment p JOIN pagila.staff s USING (staff_id) WHERE p.payment_date >= TIMESTAMPTZ '2022-01-01' AND p.payment_date < TIMESTAMPTZ '2022-02-01' GROUP BY GROUPING SETS ((day, s.store_id), (day), ()) ORDER BY day NULLS LAST, s.store_id NULLS LAST",340,1,2,0,True,True,False,2,2,3,1,1,0,0,0,0,59.96,88.89,1447.0,44,3620.0,0.905,6,5,2,Aggregate,2,0,0,0,1,0,0,1,1,29,0,0,0,16051.0,16049.0,32768,16384,2,0.09016138077138762
pagila_daily_revenue_rollup,"SELECT date_trunc('day', p.payment_date) AS day, s.store_id, SUM(p.amount) AS revenue FROM pagila.payment p JOIN pagila.staff s USING (staff_id) WHERE p.payment_date >= TIMESTAMPTZ '2022-01-01' AND p.payment_date < TIMESTAMPTZ '2022-02-01' GROUP BY GROUPING SETS ((day, s.store_id), (day), ()) ORDER BY day NULLS LAST, s.store_id NULLS LAST",340,1,2,0,True,True,False,2,2,3,1,1,0,0,0,0,59.96,88.89,1447.0,44,3620.0,0.563,6,5,2,Aggregate,2,0,0,0,1,0,0,1,1,29,0,0,0,16051.0,16049.0,32768,16384,2,0.09016138077138762
pagila_overdue_rentals,"SELECT r.customer_id, COUNT(*) AS overdue_count, AVG(EXTRACT(EPOCH FROM (r.return_date - r.rental_date)) / 86400) AS avg_days FROM pagila.rental r WHERE r.return_date IS NOT NULL AND r.return_date - r.rental_date > INTERVAL '9 days' GROUP BY r.customer_id ORDER BY overdue_count DESC",283,0,2,0,True,True,False,1,1,3,2,0,0,0,0,0,505.09,506.58,599.0,44,6485.0,2.336,3,3,1,Sort,1,0,0,0,0,0,0,1,1,450,0,0,0,16044.0,16044.0,2490368,1228800,3,0.037334829219645975
pagila_overdue_rentals,"SELECT r.customer_id, COUNT(*) AS overdue_count, AVG(EXTRACT(EPOCH FROM (r.return_date - r.rental_date)) / 86400) AS avg_days FROM pagila.rental r WHERE r.return_date IS NOT NULL AND r.return_date - r.rental_date > INTERVAL '9 days' GROUP BY r.customer_id ORDER BY overdue_count DESC",283,0,2,0,True,True,False,1,1,3,2,0,0,0,0,0,505.09,506.58,599.0,44,6485.0,1.856,3,3,1,Sort,1,0,0,0,0,0,0,1,1,450,0,0,0,16044.0,16044.0,2490368,1228800,3,0.037334829219645975
pagila_inventory_imbalance,"SELECT i.film_id, COUNT(*) FILTER (WHERE i.store_id = 1) AS store_one, COUNT(*) FILTER (WHERE i.store_id = 2) AS store_two FROM pagila.inventory i WHERE i.film_id >= 2 GROUP BY i.film_id HAVING ABS(COUNT(*) FILTER (WHERE i.store_id = 1) - COUNT(*) FILTER (WHERE i.store_id = 2)) >= 2 ORDER BY i.film_id",302,0,5,0,True,True,False,1,1,3,4,0,0,0,0,0,174.46,175.25,319.0,20,5211.0,1.19,3,3,1,Sort,1,0,0,0,0,0,0,1,1,90,0,0,0,4581.0,4581.0,516096,237568,2,0.06963545077493997
pagila_inventory_imbalance,"SELECT i.film_id, COUNT(*) FILTER (WHERE i.store_id = 1) AS store_one, COUNT(*) FILTER (WHERE i.store_id = 2) AS store_two FROM pagila.inventory i WHERE i.film_id >= 2 GROUP BY i.film_id HAVING ABS(COUNT(*) FILTER (WHERE i.store_id = 1) - COUNT(*) FILTER (WHERE i.store_id = 2)) >= 2 ORDER BY i.film_id",302,0,5,0,True,True,False,1,1,3,4,0,0,0,0,0,174.46,175.25,319.0,20,5211.0,1.272,3,3,1,Sort,1,0,0,0,0,0,0,1,1,90,0,0,0,4581.0,4581.0,516096,237568,2,0.06963545077493997
pagila_replacement_exposure,"SELECT f.rating, COUNT(*) AS copies, SUM(f.replacement_cost) AS exposure FROM pagila.film f JOIN pagila.inventory i USING (film_id) WHERE f.replacement_cost >= 20 GROUP BY f.rating ORDER BY exposure DESC",203,1,1,0,True,True,False,2,2,3,2,1,0,0,0,0,187.28,187.29,5.0,44,7789.0,1.304,6,5,2,Sort,2,0,0,0,1,0,0,1,1,440,0,0,0,5581.0,4581.0,1286144,450560,7,0.0010914647456887142
pagila_replacement_exposure,"SELECT f.rating, COUNT(*) AS copies, SUM(f.replacement_cost) AS exposure FROM pagila.film f JOIN pagila.inventory i USING (film_id) WHERE f.replacement_cost >= 20 GROUP BY f.rating ORDER BY exposure DESC",203,1,1,0,True,True,False,2,2,3,2,1,0,0,0,0,187.28,187.29,5.0,44,7789.0,1.228,6,5,2,Sort,2,0,0,0,1,0,0,1,1,440,0,0,0,5581.0,4581.0,1286144,450560,7,0.0010914647456887142
pagila_film_pair_affinity,"SELECT i1.film_id AS first_film, i2.film_id AS second_film, COUNT(DISTINCT r1.customer_id) AS shared_customers FROM pagila.rental r1 JOIN pagila.inventory i1 USING (inventory_id) JOIN pagila.rental r2 ON r2.customer_id = r1.customer_id AND r2.rental_id > r1.rental_id JOIN pagila.inventory i2 ON i2.inventory_id = r2.inventory_id WHERE i1.film_id < i2.film_id GROUP BY i1.film_id, i2.film_id HAVING COUNT(DISTINCT r1.customer_id) >= 3 ORDER BY shared_customers DESC LIMIT 40",474,3,1,0,True,True,False,4,2,3,2,3,0,0,0,0,13344.35,13344.45,40.0,16,358245.0,143.834,14,9,2,Limit,4,0,0,0,3,0,0,2,1,2880,0,1160,1164,20625.0,16044.0,3006464,1466368,5,0.0024931438544003987
pagila_film_pair_affinity,"SELECT i1.film_id AS first_film, i2.film_id AS second_film, COUNT(DISTINCT r1.customer_id) AS shared_customers FROM pagila.rental r1 JOIN pagila.inventory i1 USING (inventory_id) JOIN pagila.rental r2 ON r2.customer_id = r1.customer_id AND r2.rental_id > r1.rental_id JOIN pagila.inventory i2 ON i2.inventory_id = r2.inventory_id WHERE i1.film_id < i2.film_id GROUP BY i1.film_id, i2.film_id HAVING COUNT(DISTINCT r1.customer_id) >= 3 ORDER BY shared_customers DESC LIMIT 40",474,3,1,0,True,True,False,4,2,3,2,3,0,0,0,0,13344.35,13344.45,40.0,16,358245.0,133.664,14,9,2,Limit,4,0,0,0,3,0,0,2,1,2880,0,1160,1164,20625.0,16044.0,3006464,1466368,5,0.0024931438544003987
pagila_country_revenue,"SELECT co.country, COUNT(DISTINCT cu.customer_id) AS customers, SUM(p.amount) AS revenue FROM pagila.country co JOIN pagila.city ci USING (country_id) JOIN pagila.address a USING (city_id) JOIN pagila.customer cu USING (address_id) JOIN pagila.payment p USING (customer_id) WHERE co.country_id >= 72 GROUP BY co.country ORDER BY revenue DESC",341,4,1,0,True,True,False,5,5,3,2,4,0,0,0,0,945.07,945.17,38.0,49,46508.0,7.088,23,12,11,Sort,11,0,0,0,4,0,0,2,1,928,0,0,0,17960.0,16049.0,557056,262144,10,0.0023677487693937317
pagila_country_revenue,"SELECT co.country, COUNT(DISTINCT cu.customer_id) AS customers, SUM(p.amount) AS revenue FROM pagila.country co JOIN pagila.city ci USING (country_id) JOIN pagila.address a USING (city_id) JOIN pagila.customer cu USING (address_id) JOIN pagila.payment p USING (customer_id) WHERE co.country_id >= 72 GROUP BY co.country ORDER BY revenue DESC",341,4,1,0,True,True,False,5,5,3,2,4,0,0,0,0,945.07,945.17,38.0,49,46508.0,7.0,23,12,11,Sort,11,0,0,0,4,0,0,2,1,928,0,0,0,17960.0,16049.0,557056,262144,10,0.0023677487693937317
pagila_film_popularity,"SELECT f.film_id, f.title, COUNT(r.rental_id) AS rentals FROM pagila.film f JOIN pagila.inventory i USING (film_id) LEFT JOIN pagila.rental r USING (inventory_id) WHERE f.rating = 'R' GROUP BY f.film_id, f.title ORDER BY rentals DESC, f.title LIMIT 40",251,2,1,0,True,True,False,3,3,3,1,1,1,0,0,0,603.63,603.73,40.0,27,26359.0,3.449,10,8,3,Limit,3,0,0,0,2,0,0,1,1,1472,0,0,0,21625.0,16044.0,3776512,1679360,10,0.0024931438544003987
pagila_film_popularity,"SELECT f.film_id, f.title, COUNT(r.rental_id) AS rentals FROM pagila.film f JOIN pagila.inventory i USING (film_id) LEFT JOIN pagila.rental r USING (inventory_id) WHERE f.rating = 'R' GROUP BY f.film_id, f.title ORDER BY rentals DESC, f.title LIMIT 40",251,2,1,0,True,True,False,3,3,3,1,1,1,0,0,0,603.63,603.73,40.0,27,26359.0,3.746,10,8,3,Limit,3,0,0,0,2,0,0,1,1,1472,0,0,0,21625.0,16044.0,3776512,1679360,10,0.0024931438544003987
pagila_rental_gaps,"WITH ordered AS ( SELECT r.customer_id, r.rental_date, lag(r.rental_date) OVER (PARTITION BY r.customer_id ORDER BY r.rental_date) AS previous FROM pagila.rental r WHERE r.customer_id >= 19 ) SELECT customer_id, AVG(rental_date - previous) AS avg_gap FROM ordered WHERE previous IS NOT NULL GROUP BY customer_id ORDER BY avg_gap DESC",333,0,2,1,True,True,False,1,1,5,2,0,0,0,0,0,2053.71,2055.21,599.0,20,63420.0,14.299,6,6,1,Sort,1,0,0,0,0,0,0,2,1,900,0,0,0,16044.0,16044.0,2490368,1228800,3,0.037334829219645975
pagila_rental_gaps,"WITH ordered AS ( SELECT r.customer_id, r.rental_date, lag(r.rental_date) OVER (PARTITION BY r.customer_id ORDER BY r.rental_date) AS previous FROM pagila.rental r WHERE r.customer_id >= 19 ) SELECT customer_id, AVG(rental_date - previous) AS avg_gap FROM ordered WHERE previous IS NOT NULL GROUP BY customer_id ORDER BY avg_gap DESC",333,0,2,1,True,True,False,1,1,5,2,0,0,0,0,0,2053.71,2055.21,599.0,20,63420.0,13.874,6,6,1,Sort,1,0,0,0,0,0,0,2,1,900,0,0,0,16044.0,16044.0,2490368,1228800,3,0.037334829219645975
pagila_customer_cohorts,"SELECT date_trunc('month', c.create_date) AS cohort, COUNT(DISTINCT c.customer_id) AS customers, COUNT(r.rental_id) AS rentals FROM pagila.customer c LEFT JOIN pagila.rental r USING (customer_id) WHERE EXTRACT(YEAR FROM c.create_date) >= 2006 GROUP BY cohort ORDER BY cohort",274,1,1,0,True,True,False,2,2,3,2,0,1,0,0,0,731.92,785.5,1.0,24,27159.0,10.657,6,5,2,Aggregate,2,0,0,0,1,0,0,1,1,645,0,0,0,16643.0,16044.0,2719744,1351680,7,6.232859636000998e-05
pagila_customer_cohorts,"SELECT date_trunc('month', c.create_date) AS cohort, COUNT(DISTINCT c.customer_id) AS customers, COUNT(r.rental_id) AS rentals FROM pagila.customer c LEFT JOIN pagila.rental r USING (customer_id) WHERE EXTRACT(YEAR FROM c.create_date) >= 2006 GROUP BY cohort ORDER BY cohort",274,1,1,0,True,True,False,2,2,3,2,0,1,0,0,0,731.92,785.5,1.0,24,27159.0,10.728,6,5,2,Aggregate,2,0,0,0,1,0,0,1,1,645,0,0,0,16643.0,16044.0,2719744,1351680,7,6.232859636000998e-05
pagila_actor_category_diversity,"SELECT a.actor_id, a.first_name, a.last_name, COUNT(DISTINCT fc.category_id) AS category_count FROM pagila.actor a JOIN pagila.film_actor fa USING (actor_id) JOIN pagila.film_category fc USING (film_id) WHERE a.actor_id >= 148 GROUP BY a.actor_id, a.first_name, a.last_name ORDER BY category_count DESC",302,2,1,0,True,True,False,3,3,4,1,2,0,0,0,0,241.68,241.81,53.0,25,12015.0,1.576,10,7,3,Sort,3,0,0,0,2,0,0,2,1,230,0,0,0,6662.0,5462.0,704512,303104,5,0.009703405346027096
pagila_actor_category_diversity,"SELECT a.actor_id, a.first_name, a.last_name, COUNT(DISTINCT fc.category_id) AS category_count FROM pagila.actor a JOIN pagila.film_actor fa USING (actor_id) JOIN pagila.film_category fc USING (film_id) WHERE a.actor_id >= 148 GROUP BY a.actor_id, a.first_name, a.last_name ORDER BY category_count DESC",302,2,1,0,True,True,False,3,3,4,1,2,0,0,0,0,241.68,241.81,53.0,25,12015.0,1.953,10,7,3,Sort,3,0,0,0,2,0,0,2,1,230,0,0,0,6662.0,5462.0,704512,303104,5,0.009703405346027096
pagila_film_pair_affinity,"SELECT i1.film_id AS first_film, i2.film_id AS second_film, COUNT(DISTINCT r1.customer_id) AS shared_customers FROM pagila.rental r1 JOIN pagila.inventory i1 USING (inventory_id) JOIN pagila.rental r2 ON r2.customer_id = r1.customer_id AND r2.rental_id > r1.rental_id JOIN pagila.inventory i2 ON i2.inventory_id = r2.inventory_id WHERE i1.film_id < i2.film_id GROUP BY i1.film_id, i2.film_id HAVING COUNT(DISTINCT r1.customer_id) >= 4 ORDER BY shared_customers DESC LIMIT 40",474,3,1,0,True,True,False,4,2,3,2,3,0,0,0,0,13344.35,13344.45,40.0,16,358245.0,141.19,14,9,2,Limit,4,0,0,0,3,0,0,2,1,2880,0,1160,1164,20625.0,16044.0,3006464,1466368,5,0.0024931438544003987
pagila_film_pair_affinity,"SELECT i1.film_id AS first_film, i2.film_id AS second_film, COUNT(DISTINCT r1.customer_id) AS shared_customers FROM pagila.rental r1 JOIN pagila.inventory i1 USING (inventory_id) JOIN pagila.rental r2 ON r2.customer_id = r1.customer_id AND r2.rental_id > r1.rental_id JOIN pagila.inventory i2 ON i2.inventory_id = r2.inventory_id WHERE i1.film_id < i2.film_id GROUP BY i1.film_id, i2.film_id HAVING COUNT(DISTINCT r1.customer_id) >= 4 ORDER BY shared_customers DESC LIMIT 40",474,3,1,0,True,True,False,4,2,3,2,3,0,0,0,0,13344.35,13344.45,40.0,16,358245.0,133.475,14,9,2,Limit,4,0,0,0,3,0,0,2,1,2880,0,1160,1164,20625.0,16044.0,3006464,1466368,5,0.0024931438544003987
pagila_store_monthly_revenue,"SELECT date_trunc('month', p.payment_date) AS month, SUM(p.amount) AS revenue, COUNT(DISTINCT p.customer_id) AS customers FROM pagila.payment p JOIN pagila.staff s USING (staff_id) WHERE s.store_id = 2 GROUP BY month ORDER BY month",231,1,1,0,True,True,False,2,2,3,2,1,0,0,0,0,983.42,1184.02,8024.0,48,40121.0,6.919,12,5,8,Aggregate,8,0,0,0,0,0,1,1,1,609,0,0,0,16051.0,16049.0,32768,16384,2,0.499968845410929
pagila_store_monthly_revenue,"SELECT date_trunc('month', p.payment_date) AS month, SUM(p.amount) AS revenue, COUNT(DISTINCT p.customer_id) AS customers FROM pagila.payment p JOIN pagila.staff s USING (staff_id) WHERE s.store_id = 2 GROUP BY month ORDER BY month",231,1,1,0,True,True,False,2,2,3,2,1,0,0,0,0,983.42,1184.02,8024.0,48,40121.0,6.966,12,5,8,Aggregate,8,0,0,0,0,0,1,1,1,609,0,0,0,16051.0,16049.0,32768,16384,2,0.499968845410929
pagila_overdue_rentals,"SELECT r.customer_id, COUNT(*) AS overdue_count, AVG(EXTRACT(EPOCH FROM (r.return_date - r.rental_date)) / 86400) AS avg_days FROM pagila.rental r WHERE r.return_date IS NOT NULL AND r.return_date - r.rental_date > INTERVAL '11 days' GROUP BY r.customer_id ORDER BY overdue_count DESC",284,0,2,0,True,True,False,1,1,3,2,0,0,0,0,0,505.09,506.58,599.0,44,6485.0,1.198,3,3,1,Sort,1,0,0,0,0,0,0,1,1,450,0,0,0,16044.0,16044.0,2490368,1228800,3,0.037334829219645975
pagila_overdue_rentals,"SELECT r.customer_id, COUNT(*) AS overdue_count, AVG(EXTRACT(EPOCH FROM (r.return_date - r.rental_date)) / 86400) AS avg_days FROM pagila.rental r WHERE r.return_date IS NOT NULL AND r.return_date - r.rental_date > INTERVAL '11 days' GROUP BY r.customer_id ORDER BY overdue_count DESC",284,0,2,0,True,True,False,1,1,3,2,0,0,0,0,0,505.09,506.58,599.0,44,6485.0,1.146,3,3,1,Sort,1,0,0,0,0,0,0,1,1,450,0,0,0,16044.0,16044.0,2490368,1228800,3,0.037334829219645975
pagila_customer_lifetime_value,"SELECT c.customer_id, c.first_name, c.last_name, COUNT(p.payment_id) AS payments, SUM(p.amount) AS lifetime_value FROM pagila.customer c JOIN pagila.payment p USING (customer_id) WHERE c.customer_id >= 259 GROUP BY c.customer_id, c.first_name, c.last_name HAVING COUNT(p.payment_id) >= 8 ORDER BY lifetime_value DESC LIMIT 50",325,1,1,0,True,True,False,2,2,5,3,1,0,0,0,0,502.34,502.46,50.0,57,42194.0,5.591,14,6,8,Limit,8,0,0,0,1,0,0,1,1,780,0,0,0,16648.0,16049.0,229376,122880,5,0.0031154589070970153
pagila_customer_lifetime_value,"SELECT c.customer_id, c.first_name, c.last_name, COUNT(p.payment_id) AS payments, SUM(p.amount) AS lifetime_value FROM pagila.customer c JOIN pagila.payment p USING (customer_id) WHERE c.customer_id >= 259 GROUP BY c.customer_id, c.first_name, c.last_name HAVING COUNT(p.payment_id) >= 8 ORDER BY lifetime_value DESC LIMIT 50",325,1,1,0,True,True,False,2,2,5,3,1,0,0,0,0,502.34,502.46,50.0,57,42194.0,5.251,14,6,8,Limit,8,0,0,0,1,0,0,1,1,780,0,0,0,16648.0,16049.0,229376,122880,5,0.0031154589070970153
pagila_customer_recency_rank,"WITH activity AS ( SELECT c.customer_id, c.store_id, MAX(r.rental_date) AS last_rental FROM pagila.customer c LEFT JOIN pagila.rental r USING (customer_id) WHERE c.store_id = 1 GROUP BY c.customer_id, c.store_id ) SELECT customer_id, last_rental, dense_rank() OVER (ORDER BY last_rental DESC NULLS LAST) AS recency_rank FROM activity ORDER BY recency_rank, customer_id",368,1,1,1,True,True,False,2,2,6,2,0,1,0,0,0,456.52,457.34,326.0,20,27058.0,3.691,9,8,2,Sort,2,0,0,0,1,0,0,2,1,1122,0,0,0,16643.0,16044.0,2719744,1351680,7,0.020319122413363252
pagila_customer_recency_rank,"WITH activity AS ( SELECT c.customer_id, c.store_id, MAX(r.rental_date) AS last_rental FROM pagila.customer c LEFT JOIN pagila.rental r USING (customer_id) WHERE c.store_id = 1 GROUP BY c.customer_id, c.store_id ) SELECT customer_id, last_rental, dense_rank() OVER (ORDER BY last_rental DESC NULLS LAST) AS recency_rank FROM activity ORDER BY recency_rank, customer_id",368,1,1,1,True,True,False,2,2,6,2,0,1,0,0,0,456.52,457.34,326.0,20,27058.0,3.66,9,8,2,Sort,2,0,0,0,1,0,0,2,1,1122,0,0,0,16643.0,16044.0,2719744,1351680,7,0.020319122413363252
pagila_inventory_imbalance,"SELECT i.film_id, COUNT(*) FILTER (WHERE i.store_id = 1) AS store_one, COUNT(*) FILTER (WHERE i.store_id = 2) AS store_two FROM pagila.inventory i WHERE i.film_id >= 3 GROUP BY i.film_id HAVING ABS(COUNT(*) FILTER (WHERE i.store_id = 1) - COUNT(*) FILTER (WHERE i.store_id = 2)) >= 3 ORDER BY i.film_id",302,0,5,0,True,True,False,1,1,3,4,0,0,0,0,0,174.42,175.22,319.0,20,5208.0,0.998,3,3,1,Sort,1,0,0,0,0,0,0,1,1,90,0,0,0,4581.0,4581.0,516096,237568,2,0.06963545077493997
pagila_inventory_imbalance,"SELECT i.film_id, COUNT(*) FILTER (WHERE i.store_id = 1) AS store_one, COUNT(*) FILTER (WHERE i.store_id = 2) AS store_two FROM pagila.inventory i WHERE i.film_id >= 3 GROUP BY i.film_id HAVING ABS(COUNT(*) FILTER (WHERE i.store_id = 1) - COUNT(*) FILTER (WHERE i.store_id = 2)) >= 3 ORDER BY i.film_id",302,0,5,0,True,True,False,1,1,3,4,0,0,0,0,0,174.42,175.22,319.0,20,5208.0,1.032,3,3,1,Sort,1,0,0,0,0,0,0,1,1,90,0,0,0,4581.0,4581.0,516096,237568,2,0.06963545077493997
pagila_daily_revenue_rollup,"SELECT date_trunc('day', p.payment_date) AS day, s.store_id, SUM(p.amount) AS revenue FROM pagila.payment p JOIN pagila.staff s USING (staff_id) WHERE p.payment_date >= TIMESTAMPTZ '2022-03-01' AND p.payment_date < TIMESTAMPTZ '2022-04-01' GROUP BY GROUPING SETS ((day, s.store_id), (day), ()) ORDER BY day NULLS LAST, s.store_id NULLS LAST",340,1,2,0,True,True,False,2,2,3,1,1,0,0,0,0,245.45,353.98,5427.0,44,13570.0,1.8,6,5,2,Aggregate,2,0,0,0,1,0,0,1,1,85,0,0,0,16051.0,16049.0,32768,16384,2,0.33815190977631004
pagila_daily_revenue_rollup,"SELECT date_trunc('day', p.payment_date) AS day, s.store_id, SUM(p.amount) AS revenue FROM pagila.payment p JOIN pagila.staff s USING (staff_id) WHERE p.payment_date >= TIMESTAMPTZ '2022-03-01' AND p.payment_date < TIMESTAMPTZ '2022-04-01' GROUP BY GROUPING SETS ((day, s.store_id), (day), ()) ORDER BY day NULLS LAST, s.store_id NULLS LAST",340,1,2,0,True,True,False,2,2,3,1,1,0,0,0,0,245.45,353.98,5427.0,44,13570.0,1.784,6,5,2,Aggregate,2,0,0,0,1,0,0,1,1,85,0,0,0,16051.0,16049.0,32768,16384,2,0.33815190977631004
pagila_top_films_per_category,"WITH ranked AS ( SELECT c.name AS category, f.title, COUNT(r.rental_id) AS rentals, dense_rank() OVER (PARTITION BY c.category_id ORDER BY COUNT(r.rental_id) DESC) AS rank FROM pagila.category c JOIN pagila.film_category fc USING (category_id) JOIN pagila.film f USING (film_id) JOIN pagila.inventory i USING (film_id) LEFT JOIN pagila.rental r USING (inventory_id) WHERE f.rating = 'G' GROUP BY c.category_id, c.name, f.film_id, f.title ) SELECT category, title, rentals FROM ranked WHERE rank <= 7 ORDER BY category, rentals DESC",531,4,2,1,True,True,False,5,5,7,3,3,1,0,0,0,1074.16,1081.28,2848.0,30,41271.0,3.961,18,13,5,Sort,5,0,0,0,4,0,0,2,1,2236,0,0,0,22641.0,16044.0,3923968,1736704,12,0.1775118424333084
pagila_top_films_per_category,"WITH ranked AS ( SELECT c.name AS category, f.title, COUNT(r.rental_id) AS rentals, dense_rank() OVER (PARTITION BY c.category_id ORDER BY COUNT(r.rental_id) DESC) AS rank FROM pagila.category c JOIN pagila.film_category fc USING (category_id) JOIN pagila.film f USING (film_id) JOIN pagila.inventory i USING (film_id) LEFT JOIN pagila.rental r USING (inventory_id) WHERE f.rating = 'G' GROUP BY c.category_id, c.name, f.film_id, f.title ) SELECT category, title, rentals FROM ranked WHERE rank <= 7 ORDER BY category, rentals DESC",531,4,2,1,True,True,False,5,5,7,3,3,1,0,0,0,1074.16,1081.28,2848.0,30,41271.0,3.997,18,13,5,Sort,5,0,0,0,4,0,0,2,1,2236,0,0,0,22641.0,16044.0,3923968,1736704,12,0.1775118424333084
pagila_replacement_exposure,"SELECT f.rating, COUNT(*) AS copies, SUM(f.replacement_cost) AS exposure FROM pagila.film f JOIN pagila.inventory i USING (film_id) WHERE f.replacement_cost >= 30 GROUP BY f.rating ORDER BY exposure DESC",203,1,1,0,True,True,False,2,2,3,2,1,0,0,0,0,164.53,164.54,1.0,44,4595.0,0.218,7,6,2,Sort,2,0,0,0,1,0,0,2,1,394,0,0,0,5581.0,4581.0,1286144,450560,7,0.00021829294913774285
pagila_replacement_exposure,"SELECT f.rating, COUNT(*) AS copies, SUM(f.replacement_cost) AS exposure FROM pagila.film f JOIN pagila.inventory i USING (film_id) WHERE f.replacement_cost >= 30 GROUP BY f.rating ORDER BY exposure DESC",203,1,1,0,True,True,False,2,2,3,2,1,0,0,0,0,164.53,164.54,1.0,44,4595.0,0.206,7,6,2,Sort,2,0,0,0,1,0,0,2,1,394,0,0,0,5581.0,4581.0,1286144,450560,7,0.00021829294913774285
pagila_staff_performance,"SELECT s.staff_id, s.first_name, s.last_name, COUNT(p.payment_id) AS payments, SUM(p.amount) AS revenue FROM pagila.staff s JOIN pagila.payment p USING (staff_id) WHERE p.payment_date >= TIMESTAMPTZ '2022-03-01' AND p.payment_date < TIMESTAMPTZ '2022-04-01' GROUP BY s.staff_id, s.first_name, s.last_name ORDER BY revenue DESC",326,1,2,0,True,True,False,2,2,5,2,1,0,0,0,0,104.33,104.33,2.0,56,5434.0,1.067,6,5,2,Sort,2,0,0,0,1,0,0,1,1,85,0,0,0,16051.0,16049.0,32768,16384,2,0.0001246183562838806
pagila_staff_performance,"SELECT s.staff_id, s.first_name, s.last_name, COUNT(p.payment_id) AS payments, SUM(p.amount) AS revenue FROM pagila.staff s JOIN pagila.payment p USING (staff_id) WHERE p.payment_date >= TIMESTAMPTZ '2022-03-01' AND p.payment_date < TIMESTAMPTZ '2022-04-01' GROUP BY s.staff_id, s.first_name, s.last_name ORDER BY revenue DESC",326,1,2,0,True,True,False,2,2,5,2,1,0,0,0,0,104.33,104.33,2.0,56,5434.0,1.002,6,5,2,Sort,2,0,0,0,1,0,0,1,1,85,0,0,0,16051.0,16049.0,32768,16384,2,0.0001246183562838806
pagila_actor_rental_impact,"SELECT a.actor_id, a.first_name, a.last_name, COUNT(r.rental_id) AS rentals, COALESCE(SUM(p.amount), 0) AS revenue FROM pagila.actor a JOIN pagila.film_actor fa USING (actor_id) JOIN pagila.inventory i USING (film_id) LEFT JOIN pagila.rental r USING (inventory_id) LEFT JOIN pagila.payment p USING (rental_id) WHERE a.actor_id >= 120 GROUP BY a.actor_id, a.first_name, a.last_name ORDER BY revenue DESC LIMIT 30",411,4,1,0,True,True,False,5,5,5,2,2,2,0,0,0,2003.63,2003.71,30.0,57,150955.0,21.349,23,8,11,Limit,11,0,0,0,4,0,0,1,1,2604,0,0,0,42336.0,16049.0,3596288,1728512,10,0.0018692753442582093
pagila_actor_rental_impact,"SELECT a.actor_id, a.first_name, a.last_name, COUNT(r.rental_id) AS rentals, COALESCE(SUM(p.amount), 0) AS revenue FROM pagila.actor a JOIN pagila.film_actor fa USING (actor_id) JOIN pagila.inventory i USING (film_id) LEFT JOIN pagila.rental r USING (inventory_id) LEFT JOIN pagila.payment p USING (rental_id) WHERE a.actor_id >= 120 GROUP BY a.actor_id, a.first_name, a.last_name ORDER BY revenue DESC LIMIT 30",411,4,1,0,True,True,False,5,5,5,2,2,2,0,0,0,2003.63,2003.71,30.0,57,150955.0,22.225,23,8,11,Limit,11,0,0,0,4,0,0,1,1,2604,0,0,0,42336.0,16049.0,3596288,1728512,10,0.0018692753442582093
pagila_rating_revenue_pivot,"SELECT i.store_id, SUM(p.amount) FILTER (WHERE f.rating = 'G') AS g_revenue, SUM(p.amount) FILTER (WHERE f.rating = 'PG') AS pg_revenue, SUM(p.amount) FILTER (WHERE f.rating = 'R') AS r_revenue FROM pagila.payment p JOIN pagila.rental r USING (rental_id) JOIN pagila.inventory i USING (inventory_id) JOIN pagila.film f USING (film_id) WHERE p.payment_date >= TIMESTAMPTZ '2022-04-01' AND p.payment_date < TIMESTAMPTZ '2022-05-01' GROUP BY i.store_id ORDER BY i.store_id",469,3,5,0,True,True,False,4,4,4,3,3,0,0,0,0,762.72,762.73,2.0,100,39945.0,5.36,12,7,4,Sort,4,0,0,0,3,0,0,1,1,1533,0,0,0,37674.0,16049.0,3776512,1679360,11,0.0001246183562838806
pagila_rating_revenue_pivot,"SELECT i.store_id, SUM(p.amount) FILTER (WHERE f.rating = 'G') AS g_revenue, SUM(p.amount) FILTER (WHERE f.rating = 'PG') AS pg_revenue, SUM(p.amount) FILTER (WHERE f.rating = 'R') AS r_revenue FROM pagila.payment p JOIN pagila.rental r USING (rental_id) JOIN pagila.inventory i USING (inventory_id) JOIN pagila.film f USING (film_id) WHERE p.payment_date >= TIMESTAMPTZ '2022-04-01' AND p.payment_date < TIMESTAMPTZ '2022-05-01' GROUP BY i.store_id ORDER BY i.store_id",469,3,5,0,True,True,False,4,4,4,3,3,0,0,0,0,762.72,762.73,2.0,100,39945.0,5.165,12,7,4,Sort,4,0,0,0,3,0,0,1,1,1533,0,0,0,37674.0,16049.0,3776512,1679360,11,0.0001246183562838806
pagila_return_sla,"SELECT i.store_id, COUNT(*) AS rentals, COUNT(*) FILTER (WHERE r.return_date <= r.rental_date + INTERVAL '9 days') AS within_sla FROM pagila.rental r JOIN pagila.inventory i USING (inventory_id) WHERE r.return_date IS NOT NULL GROUP BY i.store_id ORDER BY i.store_id",266,1,2,0,True,True,False,2,2,3,2,1,0,0,0,0,683.47,683.48,2.0,20,40888.0,6.579,6,5,2,Sort,2,0,0,0,1,0,0,1,1,750,0,0,0,20625.0,16044.0,3006464,1466368,5,0.00012465719272001995
pagila_return_sla,"SELECT i.store_id, COUNT(*) AS rentals, COUNT(*) FILTER (WHERE r.return_date <= r.rental_date + INTERVAL '9 days') AS within_sla FROM pagila.rental r JOIN pagila.inventory i USING (inventory_id) WHERE r.return_date IS NOT NULL GROUP BY i.store_id ORDER BY i.store_id",266,1,2,0,True,True,False,2,2,3,2,1,0,0,0,0,683.47,683.48,2.0,20,40888.0,6.63,6,5,2,Sort,2,0,0,0,1,0,0,1,1,750,0,0,0,20625.0,16044.0,3006464,1466368,5,0.00012465719272001995
pagila_payment_moving_average,"SELECT p.customer_id, p.payment_date, p.amount, AVG(p.amount) OVER (PARTITION BY p.customer_id ORDER BY p.payment_date ROWS BETWEEN 4 PRECEDING AND CURRENT ROW) AS moving_avg FROM pagila.payment p WHERE p.customer_id BETWEEN 37 AND 87 ORDER BY p.customer_id, p.payment_date",273,0,1,0,False,True,False,1,1,4,1,0,0,0,0,0,291.45,319.13,1385.0,50,6750.0,1.676,16,5,7,WindowAgg,1,0,0,6,0,0,0,1,0,280,0,0,0,16049.0,16049.0,0,0,1,0.08629821172658733
pagila_payment_moving_average,"SELECT p.customer_id, p.payment_date, p.amount, AVG(p.amount) OVER (PARTITION BY p.customer_id ORDER BY p.payment_date ROWS BETWEEN 4 PRECEDING AND CURRENT ROW) AS moving_avg FROM pagila.payment p WHERE p.customer_id BETWEEN 37 AND 87 ORDER BY p.customer_id, p.payment_date",273,0,1,0,False,True,False,1,1,4,1,0,0,0,0,0,291.45,319.13,1385.0,50,6750.0,1.733,16,5,7,WindowAgg,1,0,0,6,0,0,0,1,0,280,0,0,0,16049.0,16049.0,0,0,1,0.08629821172658733
pagila_category_revenue,"SELECT c.name, COUNT(DISTINCT r.rental_id) AS rentals, SUM(p.amount) AS revenue FROM pagila.category c JOIN pagila.film_category fc USING (category_id) JOIN pagila.inventory i USING (film_id) JOIN pagila.rental r USING (inventory_id) JOIN pagila.payment p USING (rental_id) WHERE p.payment_date >= TIMESTAMPTZ '2022-03-01' AND p.payment_date < TIMESTAMPTZ '2022-04-01' GROUP BY c.name ORDER BY revenue DESC",406,4,2,0,True,True,False,5,5,3,2,4,0,0,0,0,891.09,891.13,16.0,47,46261.0,6.841,16,9,5,Sort,5,0,0,0,4,0,0,2,1,1668,0,0,0,37690.0,16049.0,3153920,1523712,8,0.0009969468502710448
pagila_category_revenue,"SELECT c.name, COUNT(DISTINCT r.rental_id) AS rentals, SUM(p.amount) AS revenue FROM pagila.category c JOIN pagila.film_category fc USING (category_id) JOIN pagila.inventory i USING (film_id) JOIN pagila.rental r USING (inventory_id) JOIN pagila.payment p USING (rental_id) WHERE p.payment_date >= TIMESTAMPTZ '2022-03-01' AND p.payment_date < TIMESTAMPTZ '2022-04-01' GROUP BY c.name ORDER BY revenue DESC",406,4,2,0,True,True,False,5,5,3,2,4,0,0,0,0,891.09,891.13,16.0,47,46261.0,6.981,16,9,5,Sort,5,0,0,0,4,0,0,2,1,1668,0,0,0,37690.0,16049.0,3153920,1523712,8,0.0009969468502710448
pagila_customer_payment_transitions,"SELECT p.customer_id, p.payment_date, p.amount, lag(p.amount) OVER (PARTITION BY p.customer_id ORDER BY p.payment_date) AS previous_amount, p.amount - lag(p.amount) OVER (PARTITION BY p.customer_id ORDER BY p.payment_date) AS delta FROM pagila.payment p WHERE p.customer_id >= 308 ORDER BY p.customer_id, p.payment_date",319,0,1,0,False,True,False,1,1,5,2,0,0,0,0,0,857.27,1030.52,7701.0,82,30804.0,6.223,10,4,7,WindowAgg,7,0,0,0,0,0,0,1,0,484,0,0,0,16049.0,16049.0,0,0,1,0.4798429808710823
pagila_customer_payment_transitions,"SELECT p.customer_id, p.payment_date, p.amount, lag(p.amount) OVER (PARTITION BY p.customer_id ORDER BY p.payment_date) AS previous_amount, p.amount - lag(p.amount) OVER (PARTITION BY p.customer_id ORDER BY p.payment_date) AS delta FROM pagila.payment p WHERE p.customer_id >= 308 ORDER BY p.customer_id, p.payment_date",319,0,1,0,False,True,False,1,1,5,2,0,0,0,0,0,857.27,1030.52,7701.0,82,30804.0,6.451,10,4,7,WindowAgg,7,0,0,0,0,0,0,1,0,484,0,0,0,16049.0,16049.0,0,0,1,0.4798429808710823
pagila_unrented_films,"SELECT f.film_id, f.title FROM pagila.film f WHERE f.rating = 'R' AND NOT EXISTS ( SELECT 1 FROM pagila.inventory i JOIN pagila.rental r USING (inventory_id) WHERE i.film_id = f.film_id ) ORDER BY f.title",204,1,3,1,False,True,False,3,3,3,0,1,0,0,0,0,764.11,764.13,8.0,19,57505.0,5.794,8,6,3,Sort,3,0,0,0,2,0,0,1,0,1122,0,0,0,21625.0,16044.0,3776512,1679360,10,0.0004986287708800798
pagila_unrented_films,"SELECT f.film_id, f.title FROM pagila.film f WHERE f.rating = 'R' AND NOT EXISTS ( SELECT 1 FROM pagila.inventory i JOIN pagila.rental r USING (inventory_id) WHERE i.film_id = f.film_id ) ORDER BY f.title",204,1,3,1,False,True,False,3,3,3,0,1,0,0,0,0,764.11,764.13,8.0,19,57505.0,5.642,8,6,3,Sort,3,0,0,0,2,0,0,1,0,1122,0,0,0,21625.0,16044.0,3776512,1679360,10,0.0004986287708800798
pagila_store_inventory_turnover,"SELECT i.store_id, COUNT(DISTINCT i.inventory_id) AS inventory, COUNT(r.rental_id) AS rentals, COUNT(r.rental_id)::numeric / NULLIF(COUNT(DISTINCT i.inventory_id), 0) AS turnover FROM pagila.inventory i LEFT JOIN pagila.rental r USING (inventory_id) WHERE r.return_date - r.rental_date >= INTERVAL '8 days' GROUP BY i.store_id ORDER BY turnover DESC",349,1,1,0,True,True,False,2,2,4,4,0,1,0,0,0,922.48,922.49,2.0,52,25210.0,3.483,7,6,2,Sort,2,0,0,0,1,0,0,2,1,930,0,0,0,20625.0,16044.0,3006464,1466368,5,0.00012465719272001995
pagila_store_inventory_turnover,"SELECT i.store_id, COUNT(DISTINCT i.inventory_id) AS inventory, COUNT(r.rental_id) AS rentals, COUNT(r.rental_id)::numeric / NULLIF(COUNT(DISTINCT i.inventory_id), 0) AS turnover FROM pagila.inventory i LEFT JOIN pagila.rental r USING (inventory_id) WHERE r.return_date - r.rental_date >= INTERVAL '8 days' GROUP BY i.store_id ORDER BY turnover DESC",349,1,1,0,True,True,False,2,2,4,4,0,1,0,0,0,922.48,922.49,2.0,52,25210.0,3.522,7,6,2,Sort,2,0,0,0,1,0,0,2,1,930,0,0,0,20625.0,16044.0,3006464,1466368,5,0.00012465719272001995
pagila_duration_outliers,"WITH stats AS ( SELECT rating, AVG(length) AS avg_length, STDDEV_POP(length) AS sd FROM pagila.film GROUP BY rating ) SELECT f.film_id, f.title, f.length FROM pagila.film f JOIN stats s USING (rating) WHERE f.rating = 'PG' AND f.length > s.avg_length + s.sd ORDER BY f.length DESC",280,1,2,1,True,True,False,2,1,6,2,1,0,0,0,0,159.34,159.5,65.0,21,519.0,0.322,5,4,1,Sort,2,0,0,0,0,0,1,1,1,448,0,0,0,1000.0,1000.0,770048,212992,5,0.065
pagila_duration_outliers,"WITH stats AS ( SELECT rating, AVG(length) AS avg_length, STDDEV_POP(length) AS sd FROM pagila.film GROUP BY rating ) SELECT f.film_id, f.title, f.length FROM pagila.film f JOIN stats s USING (rating) WHERE f.rating = 'PG' AND f.length > s.avg_length + s.sd ORDER BY f.length DESC",280,1,2,1,True,True,False,2,1,6,2,1,0,0,0,0,159.34,159.5,65.0,21,519.0,0.373,5,4,1,Sort,2,0,0,0,0,0,1,1,1,448,0,0,0,1000.0,1000.0,770048,212992,5,0.065
pagila_repeat_renters,"SELECT c.customer_id, c.first_name, c.last_name, COUNT(r.rental_id) AS rentals FROM pagila.customer c JOIN pagila.rental r USING (customer_id) WHERE c.customer_id >= 91 GROUP BY c.customer_id, c.first_name, c.last_name HAVING COUNT(r.rental_id) >= 17 ORDER BY rentals DESC",272,1,1,0,True,True,False,2,2,4,2,1,0,0,0,0,456.53,456.96,170.0,25,31035.0,5.35,6,5,2,Sort,2,0,0,0,1,0,0,1,1,645,0,0,0,16643.0,16044.0,2719744,1351680,7,0.010595861381201695
pagila_repeat_renters,"SELECT c.customer_id, c.first_name, c.last_name, COUNT(r.rental_id) AS rentals FROM pagila.customer c JOIN pagila.rental r USING (customer_id) WHERE c.customer_id >= 91 GROUP BY c.customer_id, c.first_name, c.last_name HAVING COUNT(r.rental_id) >= 17 ORDER BY rentals DESC",272,1,1,0,True,True,False,2,2,4,2,1,0,0,0,0,456.53,456.96,170.0,25,31035.0,5.113,6,5,2,Sort,2,0,0,0,1,0,0,1,1,645,0,0,0,16643.0,16044.0,2719744,1351680,7,0.010595861381201695
pagila_city_customer_density,"SELECT co.country, ci.city, COUNT(cu.customer_id) AS customers FROM pagila.country co JOIN pagila.city ci USING (country_id) JOIN pagila.address a USING (city_id) LEFT JOIN pagila.customer cu USING (address_id) WHERE co.country_id <= 36 GROUP BY co.country, ci.city ORDER BY customers DESC LIMIT 60",298,3,1,0,True,True,False,4,4,3,1,2,1,0,0,0,68.27,68.42,60.0,26,3325.0,0.475,13,10,4,Limit,4,0,0,0,3,0,0,1,1,156,0,0,0,1911.0,603.0,557056,262144,9,0.09950248756218906
pagila_city_customer_density,"SELECT co.country, ci.city, COUNT(cu.customer_id) AS customers FROM pagila.country co JOIN pagila.city ci USING (country_id) JOIN pagila.address a USING (city_id) LEFT JOIN pagila.customer cu USING (address_id) WHERE co.country_id <= 36 GROUP BY co.country, ci.city ORDER BY customers DESC LIMIT 60",298,3,1,0,True,True,False,4,4,3,1,2,1,0,0,0,68.27,68.42,60.0,26,3325.0,0.483,13,10,4,Limit,4,0,0,0,3,0,0,1,1,156,0,0,0,1911.0,603.0,557056,262144,9,0.09950248756218906
pagila_customer_cohorts,"SELECT date_trunc('month', c.create_date) AS cohort, COUNT(DISTINCT c.customer_id) AS customers, COUNT(r.rental_id) AS rentals FROM pagila.customer c LEFT JOIN pagila.rental r USING (customer_id) WHERE EXTRACT(YEAR FROM c.create_date) >= 2006 GROUP BY cohort ORDER BY cohort",274,1,1,0,True,True,False,2,2,3,2,0,1,0,0,0,731.92,785.5,1.0,24,27159.0,10.471,6,5,2,Aggregate,2,0,0,0,1,0,0,1,1,645,0,0,0,16643.0,16044.0,2719744,1351680,7,6.232859636000998e-05
pagila_customer_cohorts,"SELECT date_trunc('month', c.create_date) AS cohort, COUNT(DISTINCT c.customer_id) AS customers, COUNT(r.rental_id) AS rentals FROM pagila.customer c LEFT JOIN pagila.rental r USING (customer_id) WHERE EXTRACT(YEAR FROM c.create_date) >= 2006 GROUP BY cohort ORDER BY cohort",274,1,1,0,True,True,False,2,2,3,2,0,1,0,0,0,731.92,785.5,1.0,24,27159.0,10.414,6,5,2,Aggregate,2,0,0,0,1,0,0,1,1,645,0,0,0,16643.0,16044.0,2719744,1351680,7,6.232859636000998e-05
pagila_rental_gaps,"WITH ordered AS ( SELECT r.customer_id, r.rental_date, lag(r.rental_date) OVER (PARTITION BY r.customer_id ORDER BY r.rental_date) AS previous FROM pagila.rental r WHERE r.customer_id >= 364 ) SELECT customer_id, AVG(rental_date - previous) AS avg_gap FROM ordered WHERE previous IS NOT NULL GROUP BY customer_id ORDER BY avg_gap DESC",334,0,2,1,True,True,False,1,1,5,2,0,0,0,0,0,1011.71,1013.21,599.0,20,26087.0,5.389,6,6,1,Sort,1,0,0,0,0,0,0,2,1,900,0,0,0,16044.0,16044.0,2490368,1228800,3,0.037334829219645975
pagila_rental_gaps,"WITH ordered AS ( SELECT r.customer_id, r.rental_date, lag(r.rental_date) OVER (PARTITION BY r.customer_id ORDER BY r.rental_date) AS previous FROM pagila.rental r WHERE r.customer_id >= 364 ) SELECT customer_id, AVG(rental_date - previous) AS avg_gap FROM ordered WHERE previous IS NOT NULL GROUP BY customer_id ORDER BY avg_gap DESC",334,0,2,1,True,True,False,1,1,5,2,0,0,0,0,0,1011.71,1013.21,599.0,20,26087.0,5.41,6,6,1,Sort,1,0,0,0,0,0,0,2,1,900,0,0,0,16044.0,16044.0,2490368,1228800,3,0.037334829219645975
pagila_country_revenue,"SELECT co.country, COUNT(DISTINCT cu.customer_id) AS customers, SUM(p.amount) AS revenue FROM pagila.country co JOIN pagila.city ci USING (country_id) JOIN pagila.address a USING (city_id) JOIN pagila.customer cu USING (address_id) JOIN pagila.payment p USING (customer_id) WHERE co.country_id >= 33 GROUP BY co.country ORDER BY revenue DESC",341,4,1,0,True,True,False,5,5,3,2,4,0,0,0,0,1478.54,1478.73,77.0,49,106823.0,17.6,23,9,11,Sort,11,0,0,0,4,0,0,2,1,1275,0,0,0,17960.0,16049.0,557056,262144,10,0.004797806716929404
pagila_country_revenue,"SELECT co.country, COUNT(DISTINCT cu.customer_id) AS customers, SUM(p.amount) AS revenue FROM pagila.country co JOIN pagila.city ci USING (country_id) JOIN pagila.address a USING (city_id) JOIN pagila.customer cu USING (address_id) JOIN pagila.payment p USING (customer_id) WHERE co.country_id >= 33 GROUP BY co.country ORDER BY revenue DESC",341,4,1,0,True,True,False,5,5,3,2,4,0,0,0,0,1478.54,1478.73,77.0,49,106823.0,17.175,23,9,11,Sort,11,0,0,0,4,0,0,2,1,1275,0,0,0,17960.0,16049.0,557056,262144,10,0.004797806716929404
pagila_language_catalog,"SELECT l.name, f.rating, COUNT(*) AS films, AVG(f.length) AS avg_length FROM pagila.language l JOIN pagila.film f USING (language_id) WHERE f.length >= 60 GROUP BY l.name, f.rating ORDER BY films DESC",200,1,1,0,True,True,False,2,2,4,2,1,0,0,0,0,91.93,92.0,30.0,65,1892.0,0.536,6,5,2,Sort,2,0,0,0,1,0,0,1,1,261,0,0,0,1006.0,1000.0,794624,229376,6,0.03
pagila_language_catalog,"SELECT l.name, f.rating, COUNT(*) AS films, AVG(f.length) AS avg_length FROM pagila.language l JOIN pagila.film f USING (language_id) WHERE f.length >= 60 GROUP BY l.name, f.rating ORDER BY films DESC",200,1,1,0,True,True,False,2,2,4,2,1,0,0,0,0,91.93,92.0,30.0,65,1892.0,0.516,6,5,2,Sort,2,0,0,0,1,0,0,1,1,261,0,0,0,1006.0,1000.0,794624,229376,6,0.03
pagila_inventory_availability,"SELECT i.store_id, COUNT(*) AS copies, COUNT(*) FILTER (WHERE r.rental_id IS NULL) AS available FROM pagila.inventory i LEFT JOIN pagila.rental r ON r.inventory_id = i.inventory_id AND r.return_date IS NULL WHERE i.film_id BETWEEN 854 AND 954 GROUP BY i.store_id ORDER BY i.store_id",282,1,2,0,True,True,False,2,2,3,2,0,1,0,0,0,419.11,419.11,2.0,20,1603.0,0.989,6,5,2,Sort,2,0,0,0,1,0,0,1,1,750,0,0,0,20625.0,16044.0,3006464,1466368,5,0.00012465719272001995
pagila_inventory_availability,"SELECT i.store_id, COUNT(*) AS copies, COUNT(*) FILTER (WHERE r.rental_id IS NULL) AS available FROM pagila.inventory i LEFT JOIN pagila.rental r ON r.inventory_id = i.inventory_id AND r.return_date IS NULL WHERE i.film_id BETWEEN 854 AND 954 GROUP BY i.store_id ORDER BY i.store_id",282,1,2,0,True,True,False,2,2,3,2,0,1,0,0,0,419.11,419.11,2.0,20,1603.0,0.989,6,5,2,Sort,2,0,0,0,1,0,0,1,1,750,0,0,0,20625.0,16044.0,3006464,1466368,5,0.00012465719272001995
pagila_film_popularity,"SELECT f.film_id, f.title, COUNT(r.rental_id) AS rentals FROM pagila.film f JOIN pagila.inventory i USING (film_id) LEFT JOIN pagila.rental r USING (inventory_id) WHERE f.rating = 'G' GROUP BY f.film_id, f.title ORDER BY rentals DESC, f.title LIMIT 40",251,2,1,0,True,True,False,3,3,3,1,1,1,0,0,0,597.62,597.72,40.0,27,25861.0,3.277,10,8,3,Limit,3,0,0,0,2,0,0,1,1,1472,0,0,0,21625.0,16044.0,3776512,1679360,10,0.0024931438544003987
pagila_film_popularity,"SELECT f.film_id, f.title, COUNT(r.rental_id) AS rentals FROM pagila.film f JOIN pagila.inventory i USING (film_id) LEFT JOIN pagila.rental r USING (inventory_id) WHERE f.rating = 'G' GROUP BY f.film_id, f.title ORDER BY rentals DESC, f.title LIMIT 40",251,2,1,0,True,True,False,3,3,3,1,1,1,0,0,0,597.62,597.72,40.0,27,25861.0,3.355,10,8,3,Limit,3,0,0,0,2,0,0,1,1,1472,0,0,0,21625.0,16044.0,3776512,1679360,10,0.0024931438544003987
pagila_inactive_customers,"SELECT c.customer_id, c.first_name, c.last_name FROM pagila.customer c WHERE c.activebool = true AND NOT EXISTS ( SELECT 1 FROM pagila.rental r WHERE r.customer_id = c.customer_id AND r.rental_date >= TIMESTAMPTZ '2022-04-01' ) ORDER BY c.customer_id",250,0,4,1,False,True,False,2,2,4,0,0,0,0,0,0,566.68,566.69,1.0,17,32183.0,2.924,5,4,2,Sort,2,0,0,0,1,0,0,1,0,627,0,0,0,16643.0,16044.0,2719744,1351680,7,6.232859636000998e-05
pagila_inactive_customers,"SELECT c.customer_id, c.first_name, c.last_name FROM pagila.customer c WHERE c.activebool = true AND NOT EXISTS ( SELECT 1 FROM pagila.rental r WHERE r.customer_id = c.customer_id AND r.rental_date >= TIMESTAMPTZ '2022-04-01' ) ORDER BY c.customer_id",250,0,4,1,False,True,False,2,2,4,0,0,0,0,0,0,566.68,566.69,1.0,17,32183.0,3.537,5,4,2,Sort,2,0,0,0,1,0,0,1,0,627,0,0,0,16643.0,16044.0,2719744,1351680,7,6.232859636000998e-05
pagila_category_percentiles,"SELECT c.name, percentile_cont(0.5) WITHIN GROUP (ORDER BY p.amount) AS median_payment, percentile_cont(0.9) WITHIN GROUP (ORDER BY p.amount) AS p90_payment FROM pagila.category c JOIN pagila.film_category fc USING (category_id) JOIN pagila.inventory i USING (film_id) JOIN pagila.rental r USING (inventory_id) JOIN pagila.payment p USING (rental_id) WHERE p.amount >= 2.99 GROUP BY c.name ORDER BY p90_payment DESC",415,4,1,0,True,True,False,5,5,3,2,4,0,0,0,0,2264.79,2264.83,16.0,23,118750.0,21.173,23,8,11,Sort,11,0,0,0,4,0,0,2,1,2428,0,0,0,37690.0,16049.0,3153920,1523712,8,0.0009969468502710448
pagila_category_percentiles,"SELECT c.name, percentile_cont(0.5) WITHIN GROUP (ORDER BY p.amount) AS median_payment, percentile_cont(0.9) WITHIN GROUP (ORDER BY p.amount) AS p90_payment FROM pagila.category c JOIN pagila.film_category fc USING (category_id) JOIN pagila.inventory i USING (film_id) JOIN pagila.rental r USING (inventory_id) JOIN pagila.payment p USING (rental_id) WHERE p.amount >= 2.99 GROUP BY c.name ORDER BY p90_payment DESC",415,4,1,0,True,True,False,5,5,3,2,4,0,0,0,0,2264.79,2264.83,16.0,23,118750.0,20.457,23,8,11,Sort,11,0,0,0,4,0,0,2,1,2428,0,0,0,37690.0,16049.0,3153920,1523712,8,0.0009969468502710448
pagila_customer_recency_rank,"WITH activity AS ( SELECT c.customer_id, c.store_id, MAX(r.rental_date) AS last_rental FROM pagila.customer c LEFT JOIN pagila.rental r USING (customer_id) WHERE c.store_id = 1 GROUP BY c.customer_id, c.store_id ) SELECT customer_id, last_rental, dense_rank() OVER (ORDER BY last_rental DESC NULLS LAST) AS recency_rank FROM activity ORDER BY recency_rank, customer_id",368,1,1,1,True,True,False,2,2,6,2,0,1,0,0,0,456.52,457.34,326.0,20,27058.0,3.637,9,8,2,Sort,2,0,0,0,1,0,0,2,1,1122,0,0,0,16643.0,16044.0,2719744,1351680,7,0.020319122413363252
pagila_customer_recency_rank,"WITH activity AS ( SELECT c.customer_id, c.store_id, MAX(r.rental_date) AS last_rental FROM pagila.customer c LEFT JOIN pagila.rental r USING (customer_id) WHERE c.store_id = 1 GROUP BY c.customer_id, c.store_id ) SELECT customer_id, last_rental, dense_rank() OVER (ORDER BY last_rental DESC NULLS LAST) AS recency_rank FROM activity ORDER BY recency_rank, customer_id",368,1,1,1,True,True,False,2,2,6,2,0,1,0,0,0,456.52,457.34,326.0,20,27058.0,3.704,9,8,2,Sort,2,0,0,0,1,0,0,2,1,1122,0,0,0,16643.0,16044.0,2719744,1351680,7,0.020319122413363252
pagila_repeat_renters,"SELECT c.customer_id, c.first_name, c.last_name, COUNT(r.rental_id) AS rentals FROM pagila.customer c JOIN pagila.rental r USING (customer_id) WHERE c.customer_id >= 101 GROUP BY c.customer_id, c.first_name, c.last_name HAVING COUNT(r.rental_id) >= 17 ORDER BY rentals DESC",273,1,1,0,True,True,False,2,2,4,2,1,0,0,0,0,454.77,455.18,166.0,25,30740.0,4.53,6,5,2,Sort,2,0,0,0,1,0,0,1,1,645,0,0,0,16643.0,16044.0,2719744,1351680,7,0.010346546995761655
pagila_repeat_renters,"SELECT c.customer_id, c.first_name, c.last_name, COUNT(r.rental_id) AS rentals FROM pagila.customer c JOIN pagila.rental r USING (customer_id) WHERE c.customer_id >= 101 GROUP BY c.customer_id, c.first_name, c.last_name HAVING COUNT(r.rental_id) >= 17 ORDER BY rentals DESC",273,1,1,0,True,True,False,2,2,4,2,1,0,0,0,0,454.77,455.18,166.0,25,30740.0,4.602,6,5,2,Sort,2,0,0,0,1,0,0,1,1,645,0,0,0,16643.0,16044.0,2719744,1351680,7,0.010346546995761655
pagila_rental_gaps,"WITH ordered AS ( SELECT r.customer_id, r.rental_date, lag(r.rental_date) OVER (PARTITION BY r.customer_id ORDER BY r.rental_date) AS previous FROM pagila.rental r WHERE r.customer_id >= 316 ) SELECT customer_id, AVG(rental_date - previous) AS avg_gap FROM ordered WHERE previous IS NOT NULL GROUP BY customer_id ORDER BY avg_gap DESC",334,0,2,1,True,True,False,1,1,5,2,0,0,0,0,0,1148.6,1150.1,599.0,20,31133.0,6.484,6,6,1,Sort,1,0,0,0,0,0,0,2,1,900,0,0,0,16044.0,16044.0,2490368,1228800,3,0.037334829219645975
pagila_rental_gaps,"WITH ordered AS ( SELECT r.customer_id, r.rental_date, lag(r.rental_date) OVER (PARTITION BY r.customer_id ORDER BY r.rental_date) AS previous FROM pagila.rental r WHERE r.customer_id >= 316 ) SELECT customer_id, AVG(rental_date - previous) AS avg_gap FROM ordered WHERE previous IS NOT NULL GROUP BY customer_id ORDER BY avg_gap DESC",334,0,2,1,True,True,False,1,1,5,2,0,0,0,0,0,1148.6,1150.1,599.0,20,31133.0,6.471,6,6,1,Sort,1,0,0,0,0,0,0,2,1,900,0,0,0,16044.0,16044.0,2490368,1228800,3,0.037334829219645975
pagila_category_revenue,"SELECT c.name, COUNT(DISTINCT r.rental_id) AS rentals, SUM(p.amount) AS revenue FROM pagila.category c JOIN pagila.film_category fc USING (category_id) JOIN pagila.inventory i USING (film_id) JOIN pagila.rental r USING (inventory_id) JOIN pagila.payment p USING (rental_id) WHERE p.payment_date >= TIMESTAMPTZ '2022-03-01' AND p.payment_date < TIMESTAMPTZ '2022-04-01' GROUP BY c.name ORDER BY revenue DESC",406,4,2,0,True,True,False,5,5,3,2,4,0,0,0,0,891.09,891.13,16.0,47,46261.0,6.935,16,9,5,Sort,5,0,0,0,4,0,0,2,1,1668,0,0,0,37690.0,16049.0,3153920,1523712,8,0.0009969468502710448
pagila_category_revenue,"SELECT c.name, COUNT(DISTINCT r.rental_id) AS rentals, SUM(p.amount) AS revenue FROM pagila.category c JOIN pagila.film_category fc USING (category_id) JOIN pagila.inventory i USING (film_id) JOIN pagila.rental r USING (inventory_id) JOIN pagila.payment p USING (rental_id) WHERE p.payment_date >= TIMESTAMPTZ '2022-03-01' AND p.payment_date < TIMESTAMPTZ '2022-04-01' GROUP BY c.name ORDER BY revenue DESC",406,4,2,0,True,True,False,5,5,3,2,4,0,0,0,0,891.09,891.13,16.0,47,46261.0,6.898,16,9,5,Sort,5,0,0,0,4,0,0,2,1,1668,0,0,0,37690.0,16049.0,3153920,1523712,8,0.0009969468502710448
pagila_customer_cohorts,"SELECT date_trunc('month', c.create_date) AS cohort, COUNT(DISTINCT c.customer_id) AS customers, COUNT(r.rental_id) AS rentals FROM pagila.customer c LEFT JOIN pagila.rental r USING (customer_id) WHERE EXTRACT(YEAR FROM c.create_date) >= 2006 GROUP BY cohort ORDER BY cohort",274,1,1,0,True,True,False,2,2,3,2,0,1,0,0,0,731.92,785.5,1.0,24,27159.0,10.572,6,5,2,Aggregate,2,0,0,0,1,0,0,1,1,645,0,0,0,16643.0,16044.0,2719744,1351680,7,6.232859636000998e-05
pagila_customer_cohorts,"SELECT date_trunc('month', c.create_date) AS cohort, COUNT(DISTINCT c.customer_id) AS customers, COUNT(r.rental_id) AS rentals FROM pagila.customer c LEFT JOIN pagila.rental r USING (customer_id) WHERE EXTRACT(YEAR FROM c.create_date) >= 2006 GROUP BY cohort ORDER BY cohort",274,1,1,0,True,True,False,2,2,3,2,0,1,0,0,0,731.92,785.5,1.0,24,27159.0,10.413,6,5,2,Aggregate,2,0,0,0,1,0,0,1,1,645,0,0,0,16643.0,16044.0,2719744,1351680,7,6.232859636000998e-05
pagila_unrented_films,"SELECT f.film_id, f.title FROM pagila.film f WHERE f.rating = 'G' AND NOT EXISTS ( SELECT 1 FROM pagila.inventory i JOIN pagila.rental r USING (inventory_id) WHERE i.film_id = f.film_id ) ORDER BY f.title",204,1,3,1,False,True,False,3,3,3,0,1,0,0,0,0,763.98,764.0,7.0,19,57486.0,5.532,8,6,3,Sort,3,0,0,0,2,0,0,1,0,1122,0,0,0,21625.0,16044.0,3776512,1679360,10,0.0004363001745200698
pagila_unrented_films,"SELECT f.film_id, f.title FROM pagila.film f WHERE f.rating = 'G' AND NOT EXISTS ( SELECT 1 FROM pagila.inventory i JOIN pagila.rental r USING (inventory_id) WHERE i.film_id = f.film_id ) ORDER BY f.title",204,1,3,1,False,True,False,3,3,3,0,1,0,0,0,0,763.98,764.0,7.0,19,57486.0,5.623,8,6,3,Sort,3,0,0,0,2,0,0,1,0,1122,0,0,0,21625.0,16044.0,3776512,1679360,10,0.0004363001745200698
pagila_top_films_per_category,"WITH ranked AS ( SELECT c.name AS category, f.title, COUNT(r.rental_id) AS rentals, dense_rank() OVER (PARTITION BY c.category_id ORDER BY COUNT(r.rental_id) DESC) AS rank FROM pagila.category c JOIN pagila.film_category fc USING (category_id) JOIN pagila.film f USING (film_id) JOIN pagila.inventory i USING (film_id) LEFT JOIN pagila.rental r USING (inventory_id) WHERE f.rating = 'PG-13' GROUP BY c.category_id, c.name, f.film_id, f.title ) SELECT category, title, rentals FROM ranked WHERE rank <= 7 ORDER BY category, rentals DESC",535,4,2,1,True,True,False,5,5,7,3,3,1,0,0,0,1215.81,1224.73,3568.0,30,46235.0,4.559,18,13,5,Sort,5,0,0,0,4,0,0,2,1,2236,0,0,0,22641.0,16044.0,3923968,1736704,12,0.22238843181251558
pagila_top_films_per_category,"WITH ranked AS ( SELECT c.name AS category, f.title, COUNT(r.rental_id) AS rentals, dense_rank() OVER (PARTITION BY c.category_id ORDER BY COUNT(r.rental_id) DESC) AS rank FROM pagila.category c JOIN pagila.film_category fc USING (category_id) JOIN pagila.film f USING (film_id) JOIN pagila.inventory i USING (film_id) LEFT JOIN pagila.rental r USING (inventory_id) WHERE f.rating = 'PG-13' GROUP BY c.category_id, c.name, f.film_id, f.title ) SELECT category, title, rentals FROM ranked WHERE rank <= 7 ORDER BY category, rentals DESC",535,4,2,1,True,True,False,5,5,7,3,3,1,0,0,0,1215.81,1224.73,3568.0,30,46235.0,4.453,18,13,5,Sort,5,0,0,0,4,0,0,2,1,2236,0,0,0,22641.0,16044.0,3923968,1736704,12,0.22238843181251558
pagila_staff_performance,"SELECT s.staff_id, s.first_name, s.last_name, COUNT(p.payment_id) AS payments, SUM(p.amount) AS revenue FROM pagila.staff s JOIN pagila.payment p USING (staff_id) WHERE p.payment_date >= TIMESTAMPTZ '2022-05-01' AND p.payment_date < TIMESTAMPTZ '2022-06-01' GROUP BY s.staff_id, s.first_name, s.last_name ORDER BY revenue DESC",326,1,2,0,True,True,False,2,2,5,2,1,0,0,0,0,103.22,103.23,2.0,56,5362.0,1.146,6,5,2,Sort,2,0,0,0,1,0,0,1,1,85,0,0,0,16051.0,16049.0,32768,16384,2,0.0001246183562838806
pagila_staff_performance,"SELECT s.staff_id, s.first_name, s.last_name, COUNT(p.payment_id) AS payments, SUM(p.amount) AS revenue FROM pagila.staff s JOIN pagila.payment p USING (staff_id) WHERE p.payment_date >= TIMESTAMPTZ '2022-05-01' AND p.payment_date < TIMESTAMPTZ '2022-06-01' GROUP BY s.staff_id, s.first_name, s.last_name ORDER BY revenue DESC",326,1,2,0,True,True,False,2,2,5,2,1,0,0,0,0,103.22,103.23,2.0,56,5362.0,0.978,6,5,2,Sort,2,0,0,0,1,0,0,1,1,85,0,0,0,16051.0,16049.0,32768,16384,2,0.0001246183562838806
pagila_language_catalog,"SELECT l.name, f.rating, COUNT(*) AS films, AVG(f.length) AS avg_length FROM pagila.language l JOIN pagila.film f USING (language_id) WHERE f.length >= 150 GROUP BY l.name, f.rating ORDER BY films DESC",201,1,1,0,True,True,False,2,2,4,2,1,0,0,0,0,82.42,82.5,30.0,65,580.0,0.305,6,5,2,Sort,2,0,0,0,1,0,0,1,1,261,0,0,0,1006.0,1000.0,794624,229376,6,0.03
pagila_language_catalog,"SELECT l.name, f.rating, COUNT(*) AS films, AVG(f.length) AS avg_length FROM pagila.language l JOIN pagila.film f USING (language_id) WHERE f.length >= 150 GROUP BY l.name, f.rating ORDER BY films DESC",201,1,1,0,True,True,False,2,2,4,2,1,0,0,0,0,82.42,82.5,30.0,65,580.0,0.295,6,5,2,Sort,2,0,0,0,1,0,0,1,1,261,0,0,0,1006.0,1000.0,794624,229376,6,0.03
pagila_store_monthly_revenue,"SELECT date_trunc('month', p.payment_date) AS month, SUM(p.amount) AS revenue, COUNT(DISTINCT p.customer_id) AS customers FROM pagila.payment p JOIN pagila.staff s USING (staff_id) WHERE s.store_id = 2 GROUP BY month ORDER BY month",231,1,1,0,True,True,False,2,2,3,2,1,0,0,0,0,983.42,1184.02,8024.0,48,40121.0,6.928,12,5,8,Aggregate,8,0,0,0,0,0,1,1,1,609,0,0,0,16051.0,16049.0,32768,16384,2,0.499968845410929
pagila_store_monthly_revenue,"SELECT date_trunc('month', p.payment_date) AS month, SUM(p.amount) AS revenue, COUNT(DISTINCT p.customer_id) AS customers FROM pagila.payment p JOIN pagila.staff s USING (staff_id) WHERE s.store_id = 2 GROUP BY month ORDER BY month",231,1,1,0,True,True,False,2,2,3,2,1,0,0,0,0,983.42,1184.02,8024.0,48,40121.0,6.951,12,5,8,Aggregate,8,0,0,0,0,0,1,1,1,609,0,0,0,16051.0,16049.0,32768,16384,2,0.499968845410929
pagila_return_sla,"SELECT i.store_id, COUNT(*) AS rentals, COUNT(*) FILTER (WHERE r.return_date <= r.rental_date + INTERVAL '10 days') AS within_sla FROM pagila.rental r JOIN pagila.inventory i USING (inventory_id) WHERE r.return_date IS NOT NULL GROUP BY i.store_id ORDER BY i.store_id",267,1,2,0,True,True,False,2,2,3,2,1,0,0,0,0,683.47,683.48,2.0,20,40888.0,6.732,6,5,2,Sort,2,0,0,0,1,0,0,1,1,750,0,0,0,20625.0,16044.0,3006464,1466368,5,0.00012465719272001995
pagila_return_sla,"SELECT i.store_id, COUNT(*) AS rentals, COUNT(*) FILTER (WHERE r.return_date <= r.rental_date + INTERVAL '10 days') AS within_sla FROM pagila.rental r JOIN pagila.inventory i USING (inventory_id) WHERE r.return_date IS NOT NULL GROUP BY i.store_id ORDER BY i.store_id",267,1,2,0,True,True,False,2,2,3,2,1,0,0,0,0,683.47,683.48,2.0,20,40888.0,6.579,6,5,2,Sort,2,0,0,0,1,0,0,1,1,750,0,0,0,20625.0,16044.0,3006464,1466368,5,0.00012465719272001995
pagila_film_popularity,"SELECT f.film_id, f.title, COUNT(r.rental_id) AS rentals FROM pagila.film f JOIN pagila.inventory i USING (film_id) LEFT JOIN pagila.rental r USING (inventory_id) WHERE f.rating = 'G' GROUP BY f.film_id, f.title ORDER BY rentals DESC, f.title LIMIT 40",251,2,1,0,True,True,False,3,3,3,1,1,1,0,0,0,597.62,597.72,40.0,27,25861.0,3.291,10,8,3,Limit,3,0,0,0,2,0,0,1,1,1472,0,0,0,21625.0,16044.0,3776512,1679360,10,0.0024931438544003987
pagila_film_popularity,"SELECT f.film_id, f.title, COUNT(r.rental_id) AS rentals FROM pagila.film f JOIN pagila.inventory i USING (film_id) LEFT JOIN pagila.rental r USING (inventory_id) WHERE f.rating = 'G' GROUP BY f.film_id, f.title ORDER BY rentals DESC, f.title LIMIT 40",251,2,1,0,True,True,False,3,3,3,1,1,1,0,0,0,597.62,597.72,40.0,27,25861.0,3.354,10,8,3,Limit,3,0,0,0,2,0,0,1,1,1472,0,0,0,21625.0,16044.0,3776512,1679360,10,0.0024931438544003987
pagila_category_percentiles,"SELECT c.name, percentile_cont(0.5) WITHIN GROUP (ORDER BY p.amount) AS median_payment, percentile_cont(0.9) WITHIN GROUP (ORDER BY p.amount) AS p90_payment FROM pagila.category c JOIN pagila.film_category fc USING (category_id) JOIN pagila.inventory i USING (film_id) JOIN pagila.rental r USING (inventory_id) JOIN pagila.payment p USING (rental_id) WHERE p.amount >= 2.99 GROUP BY c.name ORDER BY p90_payment DESC",415,4,1,0,True,True,False,5,5,3,2,4,0,0,0,0,2264.79,2264.83,16.0,23,118750.0,20.929,23,8,11,Sort,11,0,0,0,4,0,0,2,1,2428,0,0,0,37690.0,16049.0,3153920,1523712,8,0.0009969468502710448
pagila_category_percentiles,"SELECT c.name, percentile_cont(0.5) WITHIN GROUP (ORDER BY p.amount) AS median_payment, percentile_cont(0.9) WITHIN GROUP (ORDER BY p.amount) AS p90_payment FROM pagila.category c JOIN pagila.film_category fc USING (category_id) JOIN pagila.inventory i USING (film_id) JOIN pagila.rental r USING (inventory_id) JOIN pagila.payment p USING (rental_id) WHERE p.amount >= 2.99 GROUP BY c.name ORDER BY p90_payment DESC",415,4,1,0,True,True,False,5,5,3,2,4,0,0,0,0,2264.79,2264.83,16.0,23,118750.0,20.899,23,8,11,Sort,11,0,0,0,4,0,0,2,1,2428,0,0,0,37690.0,16049.0,3153920,1523712,8,0.0009969468502710448
pagila_store_inventory_turnover,"SELECT i.store_id, COUNT(DISTINCT i.inventory_id) AS inventory, COUNT(r.rental_id) AS rentals, COUNT(r.rental_id)::numeric / NULLIF(COUNT(DISTINCT i.inventory_id), 0) AS turnover FROM pagila.inventory i LEFT JOIN pagila.rental r USING (inventory_id) WHERE r.return_date - r.rental_date >= INTERVAL '4 days' GROUP BY i.store_id ORDER BY turnover DESC",349,1,1,0,True,True,False,2,2,4,4,0,1,0,0,0,922.48,922.49,2.0,52,25210.0,7.365,7,6,2,Sort,2,0,0,0,1,0,0,2,1,930,0,0,0,20625.0,16044.0,3006464,1466368,5,0.00012465719272001995
pagila_store_inventory_turnover,"SELECT i.store_id, COUNT(DISTINCT i.inventory_id) AS inventory, COUNT(r.rental_id) AS rentals, COUNT(r.rental_id)::numeric / NULLIF(COUNT(DISTINCT i.inventory_id), 0) AS turnover FROM pagila.inventory i LEFT JOIN pagila.rental r USING (inventory_id) WHERE r.return_date - r.rental_date >= INTERVAL '4 days' GROUP BY i.store_id ORDER BY turnover DESC",349,1,1,0,True,True,False,2,2,4,4,0,1,0,0,0,922.48,922.49,2.0,52,25210.0,7.47,7,6,2,Sort,2,0,0,0,1,0,0,2,1,930,0,0,0,20625.0,16044.0,3006464,1466368,5,0.00012465719272001995
pagila_replacement_exposure,"SELECT f.rating, COUNT(*) AS copies, SUM(f.replacement_cost) AS exposure FROM pagila.film f JOIN pagila.inventory i USING (film_id) WHERE f.replacement_cost >= 30 GROUP BY f.rating ORDER BY exposure DESC",203,1,1,0,True,True,False,2,2,3,2,1,0,0,0,0,164.53,164.54,1.0,44,4595.0,0.21,7,6,2,Sort,2,0,0,0,1,0,0,2,1,394,0,0,0,5581.0,4581.0,1286144,450560,7,0.00021829294913774285
pagila_replacement_exposure,"SELECT f.rating, COUNT(*) AS copies, SUM(f.replacement_cost) AS exposure FROM pagila.film f JOIN pagila.inventory i USING (film_id) WHERE f.replacement_cost >= 30 GROUP BY f.rating ORDER BY exposure DESC",203,1,1,0,True,True,False,2,2,3,2,1,0,0,0,0,164.53,164.54,1.0,44,4595.0,0.205,7,6,2,Sort,2,0,0,0,1,0,0,2,1,394,0,0,0,5581.0,4581.0,1286144,450560,7,0.00021829294913774285
pagila_customer_lifetime_value,"SELECT c.customer_id, c.first_name, c.last_name, COUNT(p.payment_id) AS payments, SUM(p.amount) AS lifetime_value FROM pagila.customer c JOIN pagila.payment p USING (customer_id) WHERE c.customer_id >= 237 GROUP BY c.customer_id, c.first_name, c.last_name HAVING COUNT(p.payment_id) >= 4 ORDER BY lifetime_value DESC LIMIT 50",325,1,1,0,True,True,False,2,2,5,3,1,0,0,0,0,507.6,507.72,50.0,57,42842.0,5.427,14,6,8,Limit,8,0,0,0,1,0,0,1,1,780,0,0,0,16648.0,16049.0,229376,122880,5,0.0031154589070970153
pagila_customer_lifetime_value,"SELECT c.customer_id, c.first_name, c.last_name, COUNT(p.payment_id) AS payments, SUM(p.amount) AS lifetime_value FROM pagila.customer c JOIN pagila.payment p USING (customer_id) WHERE c.customer_id >= 237 GROUP BY c.customer_id, c.first_name, c.last_name HAVING COUNT(p.payment_id) >= 4 ORDER BY lifetime_value DESC LIMIT 50",325,1,1,0,True,True,False,2,2,5,3,1,0,0,0,0,507.6,507.72,50.0,57,42842.0,5.406,14,6,8,Limit,8,0,0,0,1,0,0,1,1,780,0,0,0,16648.0,16049.0,229376,122880,5,0.0031154589070970153
pagila_city_customer_density,"SELECT co.country, ci.city, COUNT(cu.customer_id) AS customers FROM pagila.country co JOIN pagila.city ci USING (country_id) JOIN pagila.address a USING (city_id) LEFT JOIN pagila.customer cu USING (address_id) WHERE co.country_id <= 9 GROUP BY co.country, ci.city ORDER BY customers DESC LIMIT 60",297,3,1,0,True,True,False,4,4,3,1,2,1,0,0,0,53.18,53.31,50.0,26,2220.0,0.325,13,10,4,Limit,4,0,0,0,3,0,0,1,1,156,0,0,0,1911.0,603.0,557056,262144,9,0.08291873963515754
pagila_city_customer_density,"SELECT co.country, ci.city, COUNT(cu.customer_id) AS customers FROM pagila.country co JOIN pagila.city ci USING (country_id) JOIN pagila.address a USING (city_id) LEFT JOIN pagila.customer cu USING (address_id) WHERE co.country_id <= 9 GROUP BY co.country, ci.city ORDER BY customers DESC LIMIT 60",297,3,1,0,True,True,False,4,4,3,1,2,1,0,0,0,53.18,53.31,50.0,26,2220.0,0.32,13,10,4,Limit,4,0,0,0,3,0,0,1,1,156,0,0,0,1911.0,603.0,557056,262144,9,0.08291873963515754
pagila_country_revenue,"SELECT co.country, COUNT(DISTINCT cu.customer_id) AS customers, SUM(p.amount) AS revenue FROM pagila.country co JOIN pagila.city ci USING (country_id) JOIN pagila.address a USING (city_id) JOIN pagila.customer cu USING (address_id) JOIN pagila.payment p USING (customer_id) WHERE co.country_id >= 63 GROUP BY co.country ORDER BY revenue DESC",341,4,1,0,True,True,False,5,5,3,2,4,0,0,0,0,1066.96,1067.08,47.0,49,49468.0,7.665,23,12,11,Sort,11,0,0,0,4,0,0,2,1,928,0,0,0,17960.0,16049.0,557056,262144,10,0.0029285313726711945
pagila_country_revenue,"SELECT co.country, COUNT(DISTINCT cu.customer_id) AS customers, SUM(p.amount) AS revenue FROM pagila.country co JOIN pagila.city ci USING (country_id) JOIN pagila.address a USING (city_id) JOIN pagila.customer cu USING (address_id) JOIN pagila.payment p USING (customer_id) WHERE co.country_id >= 63 GROUP BY co.country ORDER BY revenue DESC",341,4,1,0,True,True,False,5,5,3,2,4,0,0,0,0,1066.96,1067.08,47.0,49,49468.0,7.611,23,12,11,Sort,11,0,0,0,4,0,0,2,1,928,0,0,0,17960.0,16049.0,557056,262144,10,0.0029285313726711945
pagila_daily_revenue_rollup,"SELECT date_trunc('day', p.payment_date) AS day, s.store_id, SUM(p.amount) AS revenue FROM pagila.payment p JOIN pagila.staff s USING (staff_id) WHERE p.payment_date >= TIMESTAMPTZ '2022-06-01' AND p.payment_date < TIMESTAMPTZ '2022-07-01' GROUP BY GROUPING SETS ((day, s.store_id), (day), ()) ORDER BY day NULLS LAST, s.store_id NULLS LAST",340,1,2,0,True,True,False,2,2,3,1,1,0,0,0,0,240.15,346.33,5309.0,44,13275.0,1.746,6,5,2,Aggregate,2,0,0,0,1,0,0,1,1,85,0,0,0,16051.0,16049.0,32768,16384,2,0.3307994267555611
pagila_daily_revenue_rollup,"SELECT date_trunc('day', p.payment_date) AS day, s.store_id, SUM(p.amount) AS revenue FROM pagila.payment p JOIN pagila.staff s USING (staff_id) WHERE p.payment_date >= TIMESTAMPTZ '2022-06-01' AND p.payment_date < TIMESTAMPTZ '2022-07-01' GROUP BY GROUPING SETS ((day, s.store_id), (day), ()) ORDER BY day NULLS LAST, s.store_id NULLS LAST",340,1,2,0,True,True,False,2,2,3,1,1,0,0,0,0,240.15,346.33,5309.0,44,13275.0,1.783,6,5,2,Aggregate,2,0,0,0,1,0,0,1,1,85,0,0,0,16051.0,16049.0,32768,16384,2,0.3307994267555611
pagila_inactive_customers,"SELECT c.customer_id, c.first_name, c.last_name FROM pagila.customer c WHERE c.activebool = true AND NOT EXISTS ( SELECT 1 FROM pagila.rental r WHERE r.customer_id = c.customer_id AND r.rental_date >= TIMESTAMPTZ '2022-06-01' ) ORDER BY c.customer_id",250,0,4,1,False,True,False,2,2,4,0,0,0,0,0,0,554.46,554.46,1.0,17,30107.0,2.806,5,4,2,Sort,2,0,0,0,1,0,0,1,0,627,0,0,0,16643.0,16044.0,2719744,1351680,7,6.232859636000998e-05
pagila_inactive_customers,"SELECT c.customer_id, c.first_name, c.last_name FROM pagila.customer c WHERE c.activebool = true AND NOT EXISTS ( SELECT 1 FROM pagila.rental r WHERE r.customer_id = c.customer_id AND r.rental_date >= TIMESTAMPTZ '2022-06-01' ) ORDER BY c.customer_id",250,0,4,1,False,True,False,2,2,4,0,0,0,0,0,0,554.46,554.46,1.0,17,30107.0,2.762,5,4,2,Sort,2,0,0,0,1,0,0,1,0,627,0,0,0,16643.0,16044.0,2719744,1351680,7,6.232859636000998e-05
pagila_inventory_availability,"SELECT i.store_id, COUNT(*) AS copies, COUNT(*) FILTER (WHERE r.rental_id IS NULL) AS available FROM pagila.inventory i LEFT JOIN pagila.rental r ON r.inventory_id = i.inventory_id AND r.return_date IS NULL WHERE i.film_id BETWEEN 361 AND 461 GROUP BY i.store_id ORDER BY i.store_id",282,1,2,0,True,True,False,2,2,3,2,0,1,0,0,0,419.47,419.47,2.0,20,1657.0,0.987,6,5,2,Sort,2,0,0,0,1,0,0,1,1,750,0,0,0,20625.0,16044.0,3006464,1466368,5,0.00012465719272001995
pagila_inventory_availability,"SELECT i.store_id, COUNT(*) AS copies, COUNT(*) FILTER (WHERE r.rental_id IS NULL) AS available FROM pagila.inventory i LEFT JOIN pagila.rental r ON r.inventory_id = i.inventory_id AND r.return_date IS NULL WHERE i.film_id BETWEEN 361 AND 461 GROUP BY i.store_id ORDER BY i.store_id",282,1,2,0,True,True,False,2,2,3,2,0,1,0,0,0,419.47,419.47,2.0,20,1657.0,0.998,6,5,2,Sort,2,0,0,0,1,0,0,1,1,750,0,0,0,20625.0,16044.0,3006464,1466368,5,0.00012465719272001995
pagila_overdue_rentals,"SELECT r.customer_id, COUNT(*) AS overdue_count, AVG(EXTRACT(EPOCH FROM (r.return_date - r.rental_date)) / 86400) AS avg_days FROM pagila.rental r WHERE r.return_date IS NOT NULL AND r.return_date - r.rental_date > INTERVAL '10 days' GROUP BY r.customer_id ORDER BY overdue_count DESC",284,0,2,0,True,True,False,1,1,3,2,0,0,0,0,0,505.09,506.58,599.0,44,6485.0,1.171,3,3,1,Sort,1,0,0,0,0,0,0,1,1,450,0,0,0,16044.0,16044.0,2490368,1228800,3,0.037334829219645975
pagila_overdue_rentals,"SELECT r.customer_id, COUNT(*) AS overdue_count, AVG(EXTRACT(EPOCH FROM (r.return_date - r.rental_date)) / 86400) AS avg_days FROM pagila.rental r WHERE r.return_date IS NOT NULL AND r.return_date - r.rental_date > INTERVAL '10 days' GROUP BY r.customer_id ORDER BY overdue_count DESC",284,0,2,0,True,True,False,1,1,3,2,0,0,0,0,0,505.09,506.58,599.0,44,6485.0,1.32,3,3,1,Sort,1,0,0,0,0,0,0,1,1,450,0,0,0,16044.0,16044.0,2490368,1228800,3,0.037334829219645975
pagila_actor_rental_impact,"SELECT a.actor_id, a.first_name, a.last_name, COUNT(r.rental_id) AS rentals, COALESCE(SUM(p.amount), 0) AS revenue FROM pagila.actor a JOIN pagila.film_actor fa USING (actor_id) JOIN pagila.inventory i USING (film_id) LEFT JOIN pagila.rental r USING (inventory_id) LEFT JOIN pagila.payment p USING (rental_id) WHERE a.actor_id >= 57 GROUP BY a.actor_id, a.first_name, a.last_name ORDER BY revenue DESC LIMIT 30",410,4,1,0,True,True,False,5,5,5,2,2,2,0,0,0,2609.11,2609.19,30.0,57,182091.0,28.912,23,8,11,Limit,11,0,0,0,4,0,0,1,1,2604,0,0,0,42336.0,16049.0,3596288,1728512,10,0.0018692753442582093
pagila_actor_rental_impact,"SELECT a.actor_id, a.first_name, a.last_name, COUNT(r.rental_id) AS rentals, COALESCE(SUM(p.amount), 0) AS revenue FROM pagila.actor a JOIN pagila.film_actor fa USING (actor_id) JOIN pagila.inventory i USING (film_id) LEFT JOIN pagila.rental r USING (inventory_id) LEFT JOIN pagila.payment p USING (rental_id) WHERE a.actor_id >= 57 GROUP BY a.actor_id, a.first_name, a.last_name ORDER BY revenue DESC LIMIT 30",410,4,1,0,True,True,False,5,5,5,2,2,2,0,0,0,2609.11,2609.19,30.0,57,182091.0,28.578,23,8,11,Limit,11,0,0,0,4,0,0,1,1,2604,0,0,0,42336.0,16049.0,3596288,1728512,10,0.0018692753442582093
pagila_actor_category_diversity,"SELECT a.actor_id, a.first_name, a.last_name, COUNT(DISTINCT fc.category_id) AS category_count FROM pagila.actor a JOIN pagila.film_actor fa USING (actor_id) JOIN pagila.film_category fc USING (film_id) WHERE a.actor_id >= 76 GROUP BY a.actor_id, a.first_name, a.last_name ORDER BY category_count DESC",301,2,1,0,True,True,False,3,3,4,1,2,0,0,0,0,412.33,412.64,125.0,25,18204.0,2.851,10,7,3,Sort,3,0,0,0,2,0,0,2,1,230,0,0,0,6662.0,5462.0,704512,303104,5,0.022885389967045037
pagila_actor_category_diversity,"SELECT a.actor_id, a.first_name, a.last_name, COUNT(DISTINCT fc.category_id) AS category_count FROM pagila.actor a JOIN pagila.film_actor fa USING (actor_id) JOIN pagila.film_category fc USING (film_id) WHERE a.actor_id >= 76 GROUP BY a.actor_id, a.first_name, a.last_name ORDER BY category_count DESC",301,2,1,0,True,True,False,3,3,4,1,2,0,0,0,0,412.33,412.64,125.0,25,18204.0,3.042,10,7,3,Sort,3,0,0,0,2,0,0,2,1,230,0,0,0,6662.0,5462.0,704512,303104,5,0.022885389967045037
pagila_inventory_imbalance,"SELECT i.film_id, COUNT(*) FILTER (WHERE i.store_id = 1) AS store_one, COUNT(*) FILTER (WHERE i.store_id = 2) AS store_two FROM pagila.inventory i WHERE i.film_id >= 2 GROUP BY i.film_id HAVING ABS(COUNT(*) FILTER (WHERE i.store_id = 1) - COUNT(*) FILTER (WHERE i.store_id = 2)) >= 2 ORDER BY i.film_id",302,0,5,0,True,True,False,1,1,3,4,0,0,0,0,0,174.46,175.25,319.0,20,5211.0,1.127,3,3,1,Sort,1,0,0,0,0,0,0,1,1,90,0,0,0,4581.0,4581.0,516096,237568,2,0.06963545077493997
pagila_inventory_imbalance,"SELECT i.film_id, COUNT(*) FILTER (WHERE i.store_id = 1) AS store_one, COUNT(*) FILTER (WHERE i.store_id = 2) AS store_two FROM pagila.inventory i WHERE i.film_id >= 2 GROUP BY i.film_id HAVING ABS(COUNT(*) FILTER (WHERE i.store_id = 1) - COUNT(*) FILTER (WHERE i.store_id = 2)) >= 2 ORDER BY i.film_id",302,0,5,0,True,True,False,1,1,3,4,0,0,0,0,0,174.46,175.25,319.0,20,5211.0,1.075,3,3,1,Sort,1,0,0,0,0,0,0,1,1,90,0,0,0,4581.0,4581.0,516096,237568,2,0.06963545077493997
pagila_customer_payment_transitions,"SELECT p.customer_id, p.payment_date, p.amount, lag(p.amount) OVER (PARTITION BY p.customer_id ORDER BY p.payment_date) AS previous_amount, p.amount - lag(p.amount) OVER (PARTITION BY p.customer_id ORDER BY p.payment_date) AS delta FROM pagila.payment p WHERE p.customer_id >= 454 ORDER BY p.customer_id, p.payment_date",319,0,1,0,False,True,False,1,1,5,2,0,0,0,0,0,513.0,598.57,3804.0,82,18334.0,3.34,15,5,7,WindowAgg,2,0,0,5,0,0,0,1,0,347,0,0,0,16049.0,16049.0,0,0,1,0.23702411365194093
pagila_customer_payment_transitions,"SELECT p.customer_id, p.payment_date, p.amount, lag(p.amount) OVER (PARTITION BY p.customer_id ORDER BY p.payment_date) AS previous_amount, p.amount - lag(p.amount) OVER (PARTITION BY p.customer_id ORDER BY p.payment_date) AS delta FROM pagila.payment p WHERE p.customer_id >= 454 ORDER BY p.customer_id, p.payment_date",319,0,1,0,False,True,False,1,1,5,2,0,0,0,0,0,513.0,598.57,3804.0,82,18334.0,3.596,15,5,7,WindowAgg,2,0,0,5,0,0,0,1,0,347,0,0,0,16049.0,16049.0,0,0,1,0.23702411365194093
pagila_duration_outliers,"WITH stats AS ( SELECT rating, AVG(length) AS avg_length, STDDEV_POP(length) AS sd FROM pagila.film GROUP BY rating ) SELECT f.film_id, f.title, f.length FROM pagila.film f JOIN stats s USING (rating) WHERE f.rating = 'G' AND f.length > s.avg_length + s.sd ORDER BY f.length DESC",279,1,2,1,True,True,False,2,1,6,2,1,0,0,0,0,158.76,158.9,59.0,21,475.0,0.348,5,4,1,Sort,2,0,0,0,0,0,1,1,1,448,0,0,0,1000.0,1000.0,770048,212992,5,0.059
pagila_duration_outliers,"WITH stats AS ( SELECT rating, AVG(length) AS avg_length, STDDEV_POP(length) AS sd FROM pagila.film GROUP BY rating ) SELECT f.film_id, f.title, f.length FROM pagila.film f JOIN stats s USING (rating) WHERE f.rating = 'G' AND f.length > s.avg_length + s.sd ORDER BY f.length DESC",279,1,2,1,True,True,False,2,1,6,2,1,0,0,0,0,158.76,158.9,59.0,21,475.0,0.324,5,4,1,Sort,2,0,0,0,0,0,1,1,1,448,0,0,0,1000.0,1000.0,770048,212992,5,0.059
pagila_film_pair_affinity,"SELECT i1.film_id AS first_film, i2.film_id AS second_film, COUNT(DISTINCT r1.customer_id) AS shared_customers FROM pagila.rental r1 JOIN pagila.inventory i1 USING (inventory_id) JOIN pagila.rental r2 ON r2.customer_id = r1.customer_id AND r2.rental_id > r1.rental_id JOIN pagila.inventory i2 ON i2.inventory_id = r2.inventory_id WHERE i1.film_id < i2.film_id GROUP BY i1.film_id, i2.film_id HAVING COUNT(DISTINCT r1.customer_id) >= 4 ORDER BY shared_customers DESC LIMIT 40",474,3,1,0,True,True,False,4,2,3,2,3,0,0,0,0,13344.35,13344.45,40.0,16,358245.0,132.14,14,9,2,Limit,4,0,0,0,3,0,0,2,1,2880,0,1160,1164,20625.0,16044.0,3006464,1466368,5,0.0024931438544003987
pagila_film_pair_affinity,"SELECT i1.film_id AS first_film, i2.film_id AS second_film, COUNT(DISTINCT r1.customer_id) AS shared_customers FROM pagila.rental r1 JOIN pagila.inventory i1 USING (inventory_id) JOIN pagila.rental r2 ON r2.customer_id = r1.customer_id AND r2.rental_id > r1.rental_id JOIN pagila.inventory i2 ON i2.inventory_id = r2.inventory_id WHERE i1.film_id < i2.film_id GROUP BY i1.film_id, i2.film_id HAVING COUNT(DISTINCT r1.customer_id) >= 4 ORDER BY shared_customers DESC LIMIT 40",474,3,1,0,True,True,False,4,2,3,2,3,0,0,0,0,13344.35,13344.45,40.0,16,358245.0,126.603,14,9,2,Limit,4,0,0,0,3,0,0,2,1,2880,0,1160,1164,20625.0,16044.0,3006464,1466368,5,0.0024931438544003987
pagila_rating_revenue_pivot,"SELECT i.store_id, SUM(p.amount) FILTER (WHERE f.rating = 'G') AS g_revenue, SUM(p.amount) FILTER (WHERE f.rating = 'PG') AS pg_revenue, SUM(p.amount) FILTER (WHERE f.rating = 'R') AS r_revenue FROM pagila.payment p JOIN pagila.rental r USING (rental_id) JOIN pagila.inventory i USING (inventory_id) JOIN pagila.film f USING (film_id) WHERE p.payment_date >= TIMESTAMPTZ '2022-04-01' AND p.payment_date < TIMESTAMPTZ '2022-05-01' GROUP BY i.store_id ORDER BY i.store_id",469,3,5,0,True,True,False,4,4,4,3,3,0,0,0,0,762.72,762.73,2.0,100,39945.0,4.899,12,7,4,Sort,4,0,0,0,3,0,0,1,1,1533,0,0,0,37674.0,16049.0,3776512,1679360,11,0.0001246183562838806
pagila_rating_revenue_pivot,"SELECT i.store_id, SUM(p.amount) FILTER (WHERE f.rating = 'G') AS g_revenue, SUM(p.amount) FILTER (WHERE f.rating = 'PG') AS pg_revenue, SUM(p.amount) FILTER (WHERE f.rating = 'R') AS r_revenue FROM pagila.payment p JOIN pagila.rental r USING (rental_id) JOIN pagila.inventory i USING (inventory_id) JOIN pagila.film f USING (film_id) WHERE p.payment_date >= TIMESTAMPTZ '2022-04-01' AND p.payment_date < TIMESTAMPTZ '2022-05-01' GROUP BY i.store_id ORDER BY i.store_id",469,3,5,0,True,True,False,4,4,4,3,3,0,0,0,0,762.72,762.73,2.0,100,39945.0,4.886,12,7,4,Sort,4,0,0,0,3,0,0,1,1,1533,0,0,0,37674.0,16049.0,3776512,1679360,11,0.0001246183562838806
pagila_payment_moving_average,"SELECT p.customer_id, p.payment_date, p.amount, AVG(p.amount) OVER (PARTITION BY p.customer_id ORDER BY p.payment_date ROWS BETWEEN 4 PRECEDING AND CURRENT ROW) AS moving_avg FROM pagila.payment p WHERE p.customer_id BETWEEN 103 AND 153 ORDER BY p.customer_id, p.payment_date",275,0,1,0,False,True,False,1,1,4,1,0,0,0,0,0,293.29,321.55,1414.0,50,6865.0,2.389,16,5,7,WindowAgg,1,0,0,6,0,0,0,1,0,297,0,0,0,16049.0,16049.0,0,0,1,0.0881051778927036
pagila_payment_moving_average,"SELECT p.customer_id, p.payment_date, p.amount, AVG(p.amount) OVER (PARTITION BY p.customer_id ORDER BY p.payment_date ROWS BETWEEN 4 PRECEDING AND CURRENT ROW) AS moving_avg FROM pagila.payment p WHERE p.customer_id BETWEEN 103 AND 153 ORDER BY p.customer_id, p.payment_date",275,0,1,0,False,True,False,1,1,4,1,0,0,0,0,0,293.29,321.55,1414.0,50,6865.0,2.333,16,5,7,WindowAgg,1,0,0,6,0,0,0,1,0,297,0,0,0,16049.0,16049.0,0,0,1,0.0881051778927036
pagila_staff_performance,"SELECT s.staff_id, s.first_name, s.last_name, COUNT(p.payment_id) AS payments, SUM(p.amount) AS revenue FROM pagila.staff s JOIN pagila.payment p USING (staff_id) WHERE p.payment_date >= TIMESTAMPTZ '2022-06-01' AND p.payment_date < TIMESTAMPTZ '2022-07-01' GROUP BY s.staff_id, s.first_name, s.last_name ORDER BY revenue DESC",326,1,2,0,True,True,False,2,2,5,2,1,0,0,0,0,102.52,102.53,2.0,56,5316.0,0.979,6,5,2,Sort,2,0,0,0,1,0,0,1,1,85,0,0,0,16051.0,16049.0,32768,16384,2,0.0001246183562838806
pagila_staff_performance,"SELECT s.staff_id, s.first_name, s.last_name, COUNT(p.payment_id) AS payments, SUM(p.amount) AS revenue FROM pagila.staff s JOIN pagila.payment p USING (staff_id) WHERE p.payment_date >= TIMESTAMPTZ '2022-06-01' AND p.payment_date < TIMESTAMPTZ '2022-07-01' GROUP BY s.staff_id, s.first_name, s.last_name ORDER BY revenue DESC",326,1,2,0,True,True,False,2,2,5,2,1,0,0,0,0,102.52,102.53,2.0,56,5316.0,0.98,6,5,2,Sort,2,0,0,0,1,0,0,1,1,85,0,0,0,16051.0,16049.0,32768,16384,2,0.0001246183562838806
pagila_rental_gaps,"WITH ordered AS ( SELECT r.customer_id, r.rental_date, lag(r.rental_date) OVER (PARTITION BY r.customer_id ORDER BY r.rental_date) AS previous FROM pagila.rental r WHERE r.customer_id >= 301 ) SELECT customer_id, AVG(rental_date - previous) AS avg_gap FROM ordered WHERE previous IS NOT NULL GROUP BY customer_id ORDER BY avg_gap DESC",334,0,2,1,True,True,False,1,1,5,2,0,0,0,0,0,1193.27,1194.77,599.0,20,32766.0,6.592,6,6,1,Sort,1,0,0,0,0,0,0,2,1,900,0,0,0,16044.0,16044.0,2490368,1228800,3,0.037334829219645975
pagila_rental_gaps,"WITH ordered AS ( SELECT r.customer_id, r.rental_date, lag(r.rental_date) OVER (PARTITION BY r.customer_id ORDER BY r.rental_date) AS previous FROM pagila.rental r WHERE r.customer_id >= 301 ) SELECT customer_id, AVG(rental_date - previous) AS avg_gap FROM ordered WHERE previous IS NOT NULL GROUP BY customer_id ORDER BY avg_gap DESC",334,0,2,1,True,True,False,1,1,5,2,0,0,0,0,0,1193.27,1194.77,599.0,20,32766.0,6.713,6,6,1,Sort,1,0,0,0,0,0,0,2,1,900,0,0,0,16044.0,16044.0,2490368,1228800,3,0.037334829219645975
pagila_overdue_rentals,"SELECT r.customer_id, COUNT(*) AS overdue_count, AVG(EXTRACT(EPOCH FROM (r.return_date - r.rental_date)) / 86400) AS avg_days FROM pagila.rental r WHERE r.return_date IS NOT NULL AND r.return_date - r.rental_date > INTERVAL '8 days' GROUP BY r.customer_id ORDER BY overdue_count DESC",283,0,2,0,True,True,False,1,1,3,2,0,0,0,0,0,505.09,506.58,599.0,44,6485.0,2.651,3,3,1,Sort,1,0,0,0,0,0,0,1,1,450,0,0,0,16044.0,16044.0,2490368,1228800,3,0.037334829219645975
pagila_overdue_rentals,"SELECT r.customer_id, COUNT(*) AS overdue_count, AVG(EXTRACT(EPOCH FROM (r.return_date - r.rental_date)) / 86400) AS avg_days FROM pagila.rental r WHERE r.return_date IS NOT NULL AND r.return_date - r.rental_date > INTERVAL '8 days' GROUP BY r.customer_id ORDER BY overdue_count DESC",283,0,2,0,True,True,False,1,1,3,2,0,0,0,0,0,505.09,506.58,599.0,44,6485.0,2.569,3,3,1,Sort,1,0,0,0,0,0,0,1,1,450,0,0,0,16044.0,16044.0,2490368,1228800,3,0.037334829219645975
pagila_return_sla,"SELECT i.store_id, COUNT(*) AS rentals, COUNT(*) FILTER (WHERE r.return_date <= r.rental_date + INTERVAL '9 days') AS within_sla FROM pagila.rental r JOIN pagila.inventory i USING (inventory_id) WHERE r.return_date IS NOT NULL GROUP BY i.store_id ORDER BY i.store_id",266,1,2,0,True,True,False,2,2,3,2,1,0,0,0,0,683.47,683.48,2.0,20,40888.0,6.546,6,5,2,Sort,2,0,0,0,1,0,0,1,1,750,0,0,0,20625.0,16044.0,3006464,1466368,5,0.00012465719272001995
pagila_return_sla,"SELECT i.store_id, COUNT(*) AS rentals, COUNT(*) FILTER (WHERE r.return_date <= r.rental_date + INTERVAL '9 days') AS within_sla FROM pagila.rental r JOIN pagila.inventory i USING (inventory_id) WHERE r.return_date IS NOT NULL GROUP BY i.store_id ORDER BY i.store_id",266,1,2,0,True,True,False,2,2,3,2,1,0,0,0,0,683.47,683.48,2.0,20,40888.0,6.608,6,5,2,Sort,2,0,0,0,1,0,0,1,1,750,0,0,0,20625.0,16044.0,3006464,1466368,5,0.00012465719272001995
pagila_country_revenue,"SELECT co.country, COUNT(DISTINCT cu.customer_id) AS customers, SUM(p.amount) AS revenue FROM pagila.country co JOIN pagila.city ci USING (country_id) JOIN pagila.address a USING (city_id) JOIN pagila.customer cu USING (address_id) JOIN pagila.payment p USING (customer_id) WHERE co.country_id >= 70 GROUP BY co.country ORDER BY revenue DESC",341,4,1,0,True,True,False,5,5,3,2,4,0,0,0,0,972.18,972.28,40.0,49,47170.0,7.325,23,12,11,Sort,11,0,0,0,4,0,0,2,1,928,0,0,0,17960.0,16049.0,557056,262144,10,0.0024923671256776125
pagila_country_revenue,"SELECT co.country, COUNT(DISTINCT cu.customer_id) AS customers, SUM(p.amount) AS revenue FROM pagila.country co JOIN pagila.city ci USING (country_id) JOIN pagila.address a USING (city_id) JOIN pagila.customer cu USING (address_id) JOIN pagila.payment p USING (customer_id) WHERE co.country_id >= 70 GROUP BY co.country ORDER BY revenue DESC",341,4,1,0,True,True,False,5,5,3,2,4,0,0,0,0,972.18,972.28,40.0,49,47170.0,7.146,23,12,11,Sort,11,0,0,0,4,0,0,2,1,928,0,0,0,17960.0,16049.0,557056,262144,10,0.0024923671256776125
pagila_rating_revenue_pivot,"SELECT i.store_id, SUM(p.amount) FILTER (WHERE f.rating = 'G') AS g_revenue, SUM(p.amount) FILTER (WHERE f.rating = 'PG') AS pg_revenue, SUM(p.amount) FILTER (WHERE f.rating = 'R') AS r_revenue FROM pagila.payment p JOIN pagila.rental r USING (rental_id) JOIN pagila.inventory i USING (inventory_id) JOIN pagila.film f USING (film_id) WHERE p.payment_date >= TIMESTAMPTZ '2022-05-01' AND p.payment_date < TIMESTAMPTZ '2022-06-01' GROUP BY i.store_id ORDER BY i.store_id",469,3,5,0,True,True,False,4,4,4,3,3,0,0,0,0,771.56,771.56,2.0,100,40595.0,5.059,12,7,4,Sort,4,0,0,0,3,0,0,1,1,1540,0,0,0,37674.0,16049.0,3776512,1679360,11,0.0001246183562838806
pagila_rating_revenue_pivot,"SELECT i.store_id, SUM(p.amount) FILTER (WHERE f.rating = 'G') AS g_revenue, SUM(p.amount) FILTER (WHERE f.rating = 'PG') AS pg_revenue, SUM(p.amount) FILTER (WHERE f.rating = 'R') AS r_revenue FROM pagila.payment p JOIN pagila.rental r USING (rental_id) JOIN pagila.inventory i USING (inventory_id) JOIN pagila.film f USING (film_id) WHERE p.payment_date >= TIMESTAMPTZ '2022-05-01' AND p.payment_date < TIMESTAMPTZ '2022-06-01' GROUP BY i.store_id ORDER BY i.store_id",469,3,5,0,True,True,False,4,4,4,3,3,0,0,0,0,771.56,771.56,2.0,100,40595.0,5.042,12,7,4,Sort,4,0,0,0,3,0,0,1,1,1540,0,0,0,37674.0,16049.0,3776512,1679360,11,0.0001246183562838806
pagila_customer_payment_transitions,"SELECT p.customer_id, p.payment_date, p.amount, lag(p.amount) OVER (PARTITION BY p.customer_id ORDER BY p.payment_date) AS previous_amount, p.amount - lag(p.amount) OVER (PARTITION BY p.customer_id ORDER BY p.payment_date) AS delta FROM pagila.payment p WHERE p.customer_id >= 422 ORDER BY p.customer_id, p.payment_date",319,0,1,0,False,True,False,1,1,5,2,0,0,0,0,0,599.95,704.66,4655.0,82,22395.0,3.981,15,5,7,WindowAgg,2,0,0,5,0,0,0,1,0,373,0,0,0,16049.0,16049.0,0,0,1,0.29004922425073215
pagila_customer_payment_transitions,"SELECT p.customer_id, p.payment_date, p.amount, lag(p.amount) OVER (PARTITION BY p.customer_id ORDER BY p.payment_date) AS previous_amount, p.amount - lag(p.amount) OVER (PARTITION BY p.customer_id ORDER BY p.payment_date) AS delta FROM pagila.payment p WHERE p.customer_id >= 422 ORDER BY p.customer_id, p.payment_date",319,0,1,0,False,True,False,1,1,5,2,0,0,0,0,0,599.95,704.66,4655.0,82,22395.0,3.987,15,5,7,WindowAgg,2,0,0,5,0,0,0,1,0,373,0,0,0,16049.0,16049.0,0,0,1,0.29004922425073215
pagila_customer_cohorts,"SELECT date_trunc('month', c.create_date) AS cohort, COUNT(DISTINCT c.customer_id) AS customers, COUNT(r.rental_id) AS rentals FROM pagila.customer c LEFT JOIN pagila.rental r USING (customer_id) WHERE EXTRACT(YEAR FROM c.create_date) >= 2006 GROUP BY cohort ORDER BY cohort",274,1,1,0,True,True,False,2,2,3,2,0,1,0,0,0,731.92,785.5,1.0,24,27159.0,10.745,6,5,2,Aggregate,2,0,0,0,1,0,0,1,1,645,0,0,0,16643.0,16044.0,2719744,1351680,7,6.232859636000998e-05
pagila_customer_cohorts,"SELECT date_trunc('month', c.create_date) AS cohort, COUNT(DISTINCT c.customer_id) AS customers, COUNT(r.rental_id) AS rentals FROM pagila.customer c LEFT JOIN pagila.rental r USING (customer_id) WHERE EXTRACT(YEAR FROM c.create_date) >= 2006 GROUP BY cohort ORDER BY cohort",274,1,1,0,True,True,False,2,2,3,2,0,1,0,0,0,731.92,785.5,1.0,24,27159.0,10.489,6,5,2,Aggregate,2,0,0,0,1,0,0,1,1,645,0,0,0,16643.0,16044.0,2719744,1351680,7,6.232859636000998e-05
pagila_category_percentiles,"SELECT c.name, percentile_cont(0.5) WITHIN GROUP (ORDER BY p.amount) AS median_payment, percentile_cont(0.9) WITHIN GROUP (ORDER BY p.amount) AS p90_payment FROM pagila.category c JOIN pagila.film_category fc USING (category_id) JOIN pagila.inventory i USING (film_id) JOIN pagila.rental r USING (inventory_id) JOIN pagila.payment p USING (rental_id) WHERE p.amount >= 2.99 GROUP BY c.name ORDER BY p90_payment DESC",415,4,1,0,True,True,False,5,5,3,2,4,0,0,0,0,2264.79,2264.83,16.0,23,118750.0,21.414,23,8,11,Sort,11,0,0,0,4,0,0,2,1,2428,0,0,0,37690.0,16049.0,3153920,1523712,8,0.0009969468502710448
pagila_category_percentiles,"SELECT c.name, percentile_cont(0.5) WITHIN GROUP (ORDER BY p.amount) AS median_payment, percentile_cont(0.9) WITHIN GROUP (ORDER BY p.amount) AS p90_payment FROM pagila.category c JOIN pagila.film_category fc USING (category_id) JOIN pagila.inventory i USING (film_id) JOIN pagila.rental r USING (inventory_id) JOIN pagila.payment p USING (rental_id) WHERE p.amount >= 2.99 GROUP BY c.name ORDER BY p90_payment DESC",415,4,1,0,True,True,False,5,5,3,2,4,0,0,0,0,2264.79,2264.83,16.0,23,118750.0,21.872,23,8,11,Sort,11,0,0,0,4,0,0,2,1,2428,0,0,0,37690.0,16049.0,3153920,1523712,8,0.0009969468502710448
pagila_category_revenue,"SELECT c.name, COUNT(DISTINCT r.rental_id) AS rentals, SUM(p.amount) AS revenue FROM pagila.category c JOIN pagila.film_category fc USING (category_id) JOIN pagila.inventory i USING (film_id) JOIN pagila.rental r USING (inventory_id) JOIN pagila.payment p USING (rental_id) WHERE p.payment_date >= TIMESTAMPTZ '2022-05-01' AND p.payment_date < TIMESTAMPTZ '2022-06-01' GROUP BY c.name ORDER BY revenue DESC",406,4,2,0,True,True,False,5,5,3,2,4,0,0,0,0,886.35,886.39,16.0,47,46009.0,6.936,16,9,5,Sort,5,0,0,0,4,0,0,2,1,1668,0,0,0,37690.0,16049.0,3153920,1523712,8,0.0009969468502710448
pagila_category_revenue,"SELECT c.name, COUNT(DISTINCT r.rental_id) AS rentals, SUM(p.amount) AS revenue FROM pagila.category c JOIN pagila.film_category fc USING (category_id) JOIN pagila.inventory i USING (film_id) JOIN pagila.rental r USING (inventory_id) JOIN pagila.payment p USING (rental_id) WHERE p.payment_date >= TIMESTAMPTZ '2022-05-01' AND p.payment_date < TIMESTAMPTZ '2022-06-01' GROUP BY c.name ORDER BY revenue DESC",406,4,2,0,True,True,False,5,5,3,2,4,0,0,0,0,886.35,886.39,16.0,47,46009.0,6.973,16,9,5,Sort,5,0,0,0,4,0,0,2,1,1668,0,0,0,37690.0,16049.0,3153920,1523712,8,0.0009969468502710448
pagila_store_inventory_turnover,"SELECT i.store_id, COUNT(DISTINCT i.inventory_id) AS inventory, COUNT(r.rental_id) AS rentals, COUNT(r.rental_id)::numeric / NULLIF(COUNT(DISTINCT i.inventory_id), 0) AS turnover FROM pagila.inventory i LEFT JOIN pagila.rental r USING (inventory_id) WHERE r.return_date - r.rental_date >= INTERVAL '9 days' GROUP BY i.store_id ORDER BY turnover DESC",349,1,1,0,True,True,False,2,2,4,4,0,1,0,0,0,922.48,922.49,2.0,52,25210.0,2.874,7,6,2,Sort,2,0,0,0,1,0,0,2,1,930,0,0,0,20625.0,16044.0,3006464,1466368,5,0.00012465719272001995
pagila_store_inventory_turnover,"SELECT i.store_id, COUNT(DISTINCT i.inventory_id) AS inventory, COUNT(r.rental_id) AS rentals, COUNT(r.rental_id)::numeric / NULLIF(COUNT(DISTINCT i.inventory_id), 0) AS turnover FROM pagila.inventory i LEFT JOIN pagila.rental r USING (inventory_id) WHERE r.return_date - r.rental_date >= INTERVAL '9 days' GROUP BY i.store_id ORDER BY turnover DESC",349,1,1,0,True,True,False,2,2,4,4,0,1,0,0,0,922.48,922.49,2.0,52,25210.0,2.416,7,6,2,Sort,2,0,0,0,1,0,0,2,1,930,0,0,0,20625.0,16044.0,3006464,1466368,5,0.00012465719272001995
pagila_replacement_exposure,"SELECT f.rating, COUNT(*) AS copies, SUM(f.replacement_cost) AS exposure FROM pagila.film f JOIN pagila.inventory i USING (film_id) WHERE f.replacement_cost >= 20 GROUP BY f.rating ORDER BY exposure DESC",203,1,1,0,True,True,False,2,2,3,2,1,0,0,0,0,187.28,187.29,5.0,44,7789.0,1.256,6,5,2,Sort,2,0,0,0,1,0,0,1,1,440,0,0,0,5581.0,4581.0,1286144,450560,7,0.0010914647456887142
pagila_replacement_exposure,"SELECT f.rating, COUNT(*) AS copies, SUM(f.replacement_cost) AS exposure FROM pagila.film f JOIN pagila.inventory i USING (film_id) WHERE f.replacement_cost >= 20 GROUP BY f.rating ORDER BY exposure DESC",203,1,1,0,True,True,False,2,2,3,2,1,0,0,0,0,187.28,187.29,5.0,44,7789.0,1.464,6,5,2,Sort,2,0,0,0,1,0,0,1,1,440,0,0,0,5581.0,4581.0,1286144,450560,7,0.0010914647456887142
pagila_customer_lifetime_value,"SELECT c.customer_id, c.first_name, c.last_name, COUNT(p.payment_id) AS payments, SUM(p.amount) AS lifetime_value FROM pagila.customer c JOIN pagila.payment p USING (customer_id) WHERE c.customer_id >= 211 GROUP BY c.customer_id, c.first_name, c.last_name HAVING COUNT(p.payment_id) >= 6 ORDER BY lifetime_value DESC LIMIT 50",325,1,1,0,True,True,False,2,2,5,3,1,0,0,0,0,513.83,513.96,50.0,57,43608.0,5.686,14,6,8,Limit,8,0,0,0,1,0,0,1,1,780,0,0,0,16648.0,16049.0,229376,122880,5,0.0031154589070970153
pagila_customer_lifetime_value,"SELECT c.customer_id, c.first_name, c.last_name, COUNT(p.payment_id) AS payments, SUM(p.amount) AS lifetime_value FROM pagila.customer c JOIN pagila.payment p USING (customer_id) WHERE c.customer_id >= 211 GROUP BY c.customer_id, c.first_name, c.last_name HAVING COUNT(p.payment_id) >= 6 ORDER BY lifetime_value DESC LIMIT 50",325,1,1,0,True,True,False,2,2,5,3,1,0,0,0,0,513.83,513.96,50.0,57,43608.0,5.812,14,6,8,Limit,8,0,0,0,1,0,0,1,1,780,0,0,0,16648.0,16049.0,229376,122880,5,0.0031154589070970153
pagila_unrented_films,"SELECT f.film_id, f.title FROM pagila.film f WHERE f.rating = 'NC-17' AND NOT EXISTS ( SELECT 1 FROM pagila.inventory i JOIN pagila.rental r USING (inventory_id) WHERE i.film_id = f.film_id ) ORDER BY f.title",208,1,3,1,False,True,False,3,3,3,0,1,0,0,0,0,764.24,764.26,9.0,19,57522.0,6.252,8,6,3,Sort,3,0,0,0,2,0,0,1,0,1122,0,0,0,21625.0,16044.0,3776512,1679360,10,0.0005609573672400897
pagila_unrented_films,"SELECT f.film_id, f.title FROM pagila.film f WHERE f.rating = 'NC-17' AND NOT EXISTS ( SELECT 1 FROM pagila.inventory i JOIN pagila.rental r USING (inventory_id) WHERE i.film_id = f.film_id ) ORDER BY f.title",208,1,3,1,False,True,False,3,3,3,0,1,0,0,0,0,764.24,764.26,9.0,19,57522.0,6.687,8,6,3,Sort,3,0,0,0,2,0,0,1,0,1122,0,0,0,21625.0,16044.0,3776512,1679360,10,0.0005609573672400897
pagila_language_catalog,"SELECT l.name, f.rating, COUNT(*) AS films, AVG(f.length) AS avg_length FROM pagila.language l JOIN pagila.film f USING (language_id) WHERE f.length >= 60 GROUP BY l.name, f.rating ORDER BY films DESC",200,1,1,0,True,True,False,2,2,4,2,1,0,0,0,0,91.93,92.0,30.0,65,1892.0,0.558,6,5,2,Sort,2,0,0,0,1,0,0,1,1,261,0,0,0,1006.0,1000.0,794624,229376,6,0.03
pagila_language_catalog,"SELECT l.name, f.rating, COUNT(*) AS films, AVG(f.length) AS avg_length FROM pagila.language l JOIN pagila.film f USING (language_id) WHERE f.length >= 60 GROUP BY l.name, f.rating ORDER BY films DESC",200,1,1,0,True,True,False,2,2,4,2,1,0,0,0,0,91.93,92.0,30.0,65,1892.0,0.595,6,5,2,Sort,2,0,0,0,1,0,0,1,1,261,0,0,0,1006.0,1000.0,794624,229376,6,0.03
pagila_city_customer_density,"SELECT co.country, ci.city, COUNT(cu.customer_id) AS customers FROM pagila.country co JOIN pagila.city ci USING (country_id) JOIN pagila.address a USING (city_id) LEFT JOIN pagila.customer cu USING (address_id) WHERE co.country_id <= 56 GROUP BY co.country, ci.city ORDER BY customers DESC LIMIT 60",298,3,1,0,True,True,False,4,4,3,1,2,1,0,0,0,79.19,79.34,60.0,26,4726.0,0.663,13,8,4,Limit,4,0,0,0,3,0,0,1,1,153,0,0,0,1911.0,603.0,557056,262144,9,0.09950248756218906
pagila_city_customer_density,"SELECT co.country, ci.city, COUNT(cu.customer_id) AS customers FROM pagila.country co JOIN pagila.city ci USING (country_id) JOIN pagila.address a USING (city_id) LEFT JOIN pagila.customer cu USING (address_id) WHERE co.country_id <= 56 GROUP BY co.country, ci.city ORDER BY customers DESC LIMIT 60",298,3,1,0,True,True,False,4,4,3,1,2,1,0,0,0,79.19,79.34,60.0,26,4726.0,0.676,13,8,4,Limit,4,0,0,0,3,0,0,1,1,153,0,0,0,1911.0,603.0,557056,262144,9,0.09950248756218906
pagila_actor_rental_impact,"SELECT a.actor_id, a.first_name, a.last_name, COUNT(r.rental_id) AS rentals, COALESCE(SUM(p.amount), 0) AS revenue FROM pagila.actor a JOIN pagila.film_actor fa USING (actor_id) JOIN pagila.inventory i USING (film_id) LEFT JOIN pagila.rental r USING (inventory_id) LEFT JOIN pagila.payment p USING (rental_id) WHERE a.actor_id >= 170 GROUP BY a.actor_id, a.first_name, a.last_name ORDER BY revenue DESC LIMIT 30",411,4,1,0,True,True,False,5,5,5,2,2,2,0,0,0,1522.71,1522.79,30.0,57,120795.0,16.331,22,8,11,Limit,10,0,1,0,3,0,1,1,1,2833,0,0,0,42336.0,16049.0,3596288,1728512,10,0.0018692753442582093
pagila_actor_rental_impact,"SELECT a.actor_id, a.first_name, a.last_name, COUNT(r.rental_id) AS rentals, COALESCE(SUM(p.amount), 0) AS revenue FROM pagila.actor a JOIN pagila.film_actor fa USING (actor_id) JOIN pagila.inventory i USING (film_id) LEFT JOIN pagila.rental r USING (inventory_id) LEFT JOIN pagila.payment p USING (rental_id) WHERE a.actor_id >= 170 GROUP BY a.actor_id, a.first_name, a.last_name ORDER BY revenue DESC LIMIT 30",411,4,1,0,True,True,False,5,5,5,2,2,2,0,0,0,1522.71,1522.79,30.0,57,120795.0,17.541,22,8,11,Limit,10,0,1,0,3,0,1,1,1,2833,0,0,0,42336.0,16049.0,3596288,1728512,10,0.0018692753442582093
pagila_inactive_customers,"SELECT c.customer_id, c.first_name, c.last_name FROM pagila.customer c WHERE c.activebool = true AND NOT EXISTS ( SELECT 1 FROM pagila.rental r WHERE r.customer_id = c.customer_id AND r.rental_date >= TIMESTAMPTZ '2022-06-01' ) ORDER BY c.customer_id",250,0,4,1,False,True,False,2,2,4,0,0,0,0,0,0,554.46,554.46,1.0,17,30107.0,2.942,5,4,2,Sort,2,0,0,0,1,0,0,1,0,627,0,0,0,16643.0,16044.0,2719744,1351680,7,6.232859636000998e-05
pagila_inactive_customers,"SELECT c.customer_id, c.first_name, c.last_name FROM pagila.customer c WHERE c.activebool = true AND NOT EXISTS ( SELECT 1 FROM pagila.rental r WHERE r.customer_id = c.customer_id AND r.rental_date >= TIMESTAMPTZ '2022-06-01' ) ORDER BY c.customer_id",250,0,4,1,False,True,False,2,2,4,0,0,0,0,0,0,554.46,554.46,1.0,17,30107.0,2.934,5,4,2,Sort,2,0,0,0,1,0,0,1,0,627,0,0,0,16643.0,16044.0,2719744,1351680,7,6.232859636000998e-05
pagila_customer_recency_rank,"WITH activity AS ( SELECT c.customer_id, c.store_id, MAX(r.rental_date) AS last_rental FROM pagila.customer c LEFT JOIN pagila.rental r USING (customer_id) WHERE c.store_id = 1 GROUP BY c.customer_id, c.store_id ) SELECT customer_id, last_rental, dense_rank() OVER (ORDER BY last_rental DESC NULLS LAST) AS recency_rank FROM activity ORDER BY recency_rank, customer_id",368,1,1,1,True,True,False,2,2,6,2,0,1,0,0,0,456.52,457.34,326.0,20,27058.0,3.806,9,8,2,Sort,2,0,0,0,1,0,0,2,1,1122,0,0,0,16643.0,16044.0,2719744,1351680,7,0.020319122413363252
pagila_customer_recency_rank,"WITH activity AS ( SELECT c.customer_id, c.store_id, MAX(r.rental_date) AS last_rental FROM pagila.customer c LEFT JOIN pagila.rental r USING (customer_id) WHERE c.store_id = 1 GROUP BY c.customer_id, c.store_id ) SELECT customer_id, last_rental, dense_rank() OVER (ORDER BY last_rental DESC NULLS LAST) AS recency_rank FROM activity ORDER BY recency_rank, customer_id",368,1,1,1,True,True,False,2,2,6,2,0,1,0,0,0,456.52,457.34,326.0,20,27058.0,3.749,9,8,2,Sort,2,0,0,0,1,0,0,2,1,1122,0,0,0,16643.0,16044.0,2719744,1351680,7,0.020319122413363252
pagila_repeat_renters,"SELECT c.customer_id, c.first_name, c.last_name, COUNT(r.rental_id) AS rentals FROM pagila.customer c JOIN pagila.rental r USING (customer_id) WHERE c.customer_id >= 126 GROUP BY c.customer_id, c.first_name, c.last_name HAVING COUNT(r.rental_id) >= 35 ORDER BY rentals DESC",273,1,1,0,True,True,False,2,2,4,2,1,0,0,0,0,450.44,450.84,158.0,25,30004.0,4.236,6,5,2,Sort,2,0,0,0,1,0,0,1,1,645,0,0,0,16643.0,16044.0,2719744,1351680,7,0.009847918224881576
pagila_repeat_renters,"SELECT c.customer_id, c.first_name, c.last_name, COUNT(r.rental_id) AS rentals FROM pagila.customer c JOIN pagila.rental r USING (customer_id) WHERE c.customer_id >= 126 GROUP BY c.customer_id, c.first_name, c.last_name HAVING COUNT(r.rental_id) >= 35 ORDER BY rentals DESC",273,1,1,0,True,True,False,2,2,4,2,1,0,0,0,0,450.44,450.84,158.0,25,30004.0,4.29,6,5,2,Sort,2,0,0,0,1,0,0,1,1,645,0,0,0,16643.0,16044.0,2719744,1351680,7,0.009847918224881576
pagila_top_films_per_category,"WITH ranked AS ( SELECT c.name AS category, f.title, COUNT(r.rental_id) AS rentals, dense_rank() OVER (PARTITION BY c.category_id ORDER BY COUNT(r.rental_id) DESC) AS rank FROM pagila.category c JOIN pagila.film_category fc USING (category_id) JOIN pagila.film f USING (film_id) JOIN pagila.inventory i USING (film_id) LEFT JOIN pagila.rental r USING (inventory_id) WHERE f.rating = 'PG' GROUP BY c.category_id, c.name, f.film_id, f.title ) SELECT category, title, rentals FROM ranked WHERE rank <= 4 ORDER BY category, rentals DESC",532,4,2,1,True,True,False,5,5,7,3,3,1,0,0,0,1124.3,1132.06,3104.0,30,43039.0,4.106,18,13,5,Sort,5,0,0,0,4,0,0,2,1,2236,0,0,0,22641.0,16044.0,3923968,1736704,12,0.19346796310147096
pagila_top_films_per_category,"WITH ranked AS ( SELECT c.name AS category, f.title, COUNT(r.rental_id) AS rentals, dense_rank() OVER (PARTITION BY c.category_id ORDER BY COUNT(r.rental_id) DESC) AS rank FROM pagila.category c JOIN pagila.film_category fc USING (category_id) JOIN pagila.film f USING (film_id) JOIN pagila.inventory i USING (film_id) LEFT JOIN pagila.rental r USING (inventory_id) WHERE f.rating = 'PG' GROUP BY c.category_id, c.name, f.film_id, f.title ) SELECT category, title, rentals FROM ranked WHERE rank <= 4 ORDER BY category, rentals DESC",532,4,2,1,True,True,False,5,5,7,3,3,1,0,0,0,1124.3,1132.06,3104.0,30,43039.0,6.283,18,13,5,Sort,5,0,0,0,4,0,0,2,1,2236,0,0,0,22641.0,16044.0,3923968,1736704,12,0.19346796310147096
pagila_daily_revenue_rollup,"SELECT date_trunc('day', p.payment_date) AS day, s.store_id, SUM(p.amount) AS revenue FROM pagila.payment p JOIN pagila.staff s USING (staff_id) WHERE p.payment_date >= TIMESTAMPTZ '2022-03-01' AND p.payment_date < TIMESTAMPTZ '2022-04-01' GROUP BY GROUPING SETS ((day, s.store_id), (day), ()) ORDER BY day NULLS LAST, s.store_id NULLS LAST",340,1,2,0,True,True,False,2,2,3,1,1,0,0,0,0,245.45,353.98,5427.0,44,13570.0,1.88,6,5,2,Aggregate,2,0,0,0,1,0,0,1,1,85,0,0,0,16051.0,16049.0,32768,16384,2,0.33815190977631004
pagila_daily_revenue_rollup,"SELECT date_trunc('day', p.payment_date) AS day, s.store_id, SUM(p.amount) AS revenue FROM pagila.payment p JOIN pagila.staff s USING (staff_id) WHERE p.payment_date >= TIMESTAMPTZ '2022-03-01' AND p.payment_date < TIMESTAMPTZ '2022-04-01' GROUP BY GROUPING SETS ((day, s.store_id), (day), ()) ORDER BY day NULLS LAST, s.store_id NULLS LAST",340,1,2,0,True,True,False,2,2,3,1,1,0,0,0,0,245.45,353.98,5427.0,44,13570.0,1.842,6,5,2,Aggregate,2,0,0,0,1,0,0,1,1,85,0,0,0,16051.0,16049.0,32768,16384,2,0.33815190977631004
pagila_film_popularity,"SELECT f.film_id, f.title, COUNT(r.rental_id) AS rentals FROM pagila.film f JOIN pagila.inventory i USING (film_id) LEFT JOIN pagila.rental r USING (inventory_id) WHERE f.rating = 'PG-13' GROUP BY f.film_id, f.title ORDER BY rentals DESC, f.title LIMIT 40",255,2,1,0,True,True,False,3,3,3,1,1,1,0,0,0,613.52,613.62,40.0,27,27180.0,3.646,10,8,3,Limit,3,0,0,0,2,0,0,1,1,1472,0,0,0,21625.0,16044.0,3776512,1679360,10,0.0024931438544003987
pagila_film_popularity,"SELECT f.film_id, f.title, COUNT(r.rental_id) AS rentals FROM pagila.film f JOIN pagila.inventory i USING (film_id) LEFT JOIN pagila.rental r USING (inventory_id) WHERE f.rating = 'PG-13' GROUP BY f.film_id, f.title ORDER BY rentals DESC, f.title LIMIT 40",255,2,1,0,True,True,False,3,3,3,1,1,1,0,0,0,613.52,613.62,40.0,27,27180.0,3.508,10,8,3,Limit,3,0,0,0,2,0,0,1,1,1472,0,0,0,21625.0,16044.0,3776512,1679360,10,0.0024931438544003987
pagila_inventory_availability,"SELECT i.store_id, COUNT(*) AS copies, COUNT(*) FILTER (WHERE r.rental_id IS NULL) AS available FROM pagila.inventory i LEFT JOIN pagila.rental r ON r.inventory_id = i.inventory_id AND r.return_date IS NULL WHERE i.film_id BETWEEN 951 AND 1000 GROUP BY i.store_id ORDER BY i.store_id",283,1,2,0,True,True,False,2,2,3,2,0,1,0,0,0,414.05,414.05,2.0,20,844.0,1.261,6,5,2,Sort,2,0,0,0,1,0,0,1,1,750,0,0,0,20625.0,16044.0,3006464,1466368,5,0.00012465719272001995
pagila_inventory_availability,"SELECT i.store_id, COUNT(*) AS copies, COUNT(*) FILTER (WHERE r.rental_id IS NULL) AS available FROM pagila.inventory i LEFT JOIN pagila.rental r ON r.inventory_id = i.inventory_id AND r.return_date IS NULL WHERE i.film_id BETWEEN 951 AND 1000 GROUP BY i.store_id ORDER BY i.store_id",283,1,2,0,True,True,False,2,2,3,2,0,1,0,0,0,414.05,414.05,2.0,20,844.0,0.998,6,5,2,Sort,2,0,0,0,1,0,0,1,1,750,0,0,0,20625.0,16044.0,3006464,1466368,5,0.00012465719272001995
pagila_film_pair_affinity,"SELECT i1.film_id AS first_film, i2.film_id AS second_film, COUNT(DISTINCT r1.customer_id) AS shared_customers FROM pagila.rental r1 JOIN pagila.inventory i1 USING (inventory_id) JOIN pagila.rental r2 ON r2.customer_id = r1.customer_id AND r2.rental_id > r1.rental_id JOIN pagila.inventory i2 ON i2.inventory_id = r2.inventory_id WHERE i1.film_id < i2.film_id GROUP BY i1.film_id, i2.film_id HAVING COUNT(DISTINCT r1.customer_id) >= 4 ORDER BY shared_customers DESC LIMIT 40",474,3,1,0,True,True,False,4,2,3,2,3,0,0,0,0,13344.35,13344.45,40.0,16,358245.0,188.632,14,9,2,Limit,4,0,0,0,3,0,0,2,1,2880,0,1160,1164,20625.0,16044.0,3006464,1466368,5,0.0024931438544003987
pagila_film_pair_affinity,"SELECT i1.film_id AS first_film, i2.film_id AS second_film, COUNT(DISTINCT r1.customer_id) AS shared_customers FROM pagila.rental r1 JOIN pagila.inventory i1 USING (inventory_id) JOIN pagila.rental r2 ON r2.customer_id = r1.customer_id AND r2.rental_id > r1.rental_id JOIN pagila.inventory i2 ON i2.inventory_id = r2.inventory_id WHERE i1.film_id < i2.film_id GROUP BY i1.film_id, i2.film_id HAVING COUNT(DISTINCT r1.customer_id) >= 4 ORDER BY shared_customers DESC LIMIT 40",474,3,1,0,True,True,False,4,2,3,2,3,0,0,0,0,13344.35,13344.45,40.0,16,358245.0,142.108,14,9,2,Limit,4,0,0,0,3,0,0,2,1,2880,0,1160,1164,20625.0,16044.0,3006464,1466368,5,0.0024931438544003987
pagila_actor_category_diversity,"SELECT a.actor_id, a.first_name, a.last_name, COUNT(DISTINCT fc.category_id) AS category_count FROM pagila.actor a JOIN pagila.film_actor fa USING (actor_id) JOIN pagila.film_category fc USING (film_id) WHERE a.actor_id >= 97 GROUP BY a.actor_id, a.first_name, a.last_name ORDER BY category_count DESC",301,2,1,0,True,True,False,3,3,4,1,2,0,0,0,0,361.33,361.59,104.0,25,16398.0,2.586,10,7,3,Sort,3,0,0,0,2,0,0,2,1,230,0,0,0,6662.0,5462.0,704512,303104,5,0.01904064445258147
pagila_actor_category_diversity,"SELECT a.actor_id, a.first_name, a.last_name, COUNT(DISTINCT fc.category_id) AS category_count FROM pagila.actor a JOIN pagila.film_actor fa USING (actor_id) JOIN pagila.film_category fc USING (film_id) WHERE a.actor_id >= 97 GROUP BY a.actor_id, a.first_name, a.last_name ORDER BY category_count DESC",301,2,1,0,True,True,False,3,3,4,1,2,0,0,0,0,361.33,361.59,104.0,25,16398.0,3.487,10,7,3,Sort,3,0,0,0,2,0,0,2,1,230,0,0,0,6662.0,5462.0,704512,303104,5,0.01904064445258147
pagila_payment_moving_average,"SELECT p.customer_id, p.payment_date, p.amount, AVG(p.amount) OVER (PARTITION BY p.customer_id ORDER BY p.payment_date ROWS BETWEEN 4 PRECEDING AND CURRENT ROW) AS moving_avg FROM pagila.payment p WHERE p.customer_id BETWEEN 412 AND 462 ORDER BY p.customer_id, p.payment_date",275,0,1,0,False,True,False,1,1,4,1,0,0,0,0,0,287.98,315.14,1359.0,50,6575.0,2.258,16,5,7,WindowAgg,1,0,0,6,0,0,0,1,0,295,0,0,0,16049.0,16049.0,0,0,1,0.08467817309489688
pagila_payment_moving_average,"SELECT p.customer_id, p.payment_date, p.amount, AVG(p.amount) OVER (PARTITION BY p.customer_id ORDER BY p.payment_date ROWS BETWEEN 4 PRECEDING AND CURRENT ROW) AS moving_avg FROM pagila.payment p WHERE p.customer_id BETWEEN 412 AND 462 ORDER BY p.customer_id, p.payment_date",275,0,1,0,False,True,False,1,1,4,1,0,0,0,0,0,287.98,315.14,1359.0,50,6575.0,1.756,16,5,7,WindowAgg,1,0,0,6,0,0,0,1,0,295,0,0,0,16049.0,16049.0,0,0,1,0.08467817309489688
pagila_inventory_imbalance,"SELECT i.film_id, COUNT(*) FILTER (WHERE i.store_id = 1) AS store_one, COUNT(*) FILTER (WHERE i.store_id = 2) AS store_two FROM pagila.inventory i WHERE i.film_id >= 4 GROUP BY i.film_id HAVING ABS(COUNT(*) FILTER (WHERE i.store_id = 1) - COUNT(*) FILTER (WHERE i.store_id = 2)) >= 4 ORDER BY i.film_id",302,0,5,0,True,True,False,1,1,3,4,0,0,0,0,0,174.39,175.19,319.0,20,5206.0,1.199,3,3,1,Sort,1,0,0,0,0,0,0,1,1,90,0,0,0,4581.0,4581.0,516096,237568,2,0.06963545077493997
pagila_inventory_imbalance,"SELECT i.film_id, COUNT(*) FILTER (WHERE i.store_id = 1) AS store_one, COUNT(*) FILTER (WHERE i.store_id = 2) AS store_two FROM pagila.inventory i WHERE i.film_id >= 4 GROUP BY i.film_id HAVING ABS(COUNT(*) FILTER (WHERE i.store_id = 1) - COUNT(*) FILTER (WHERE i.store_id = 2)) >= 4 ORDER BY i.film_id",302,0,5,0,True,True,False,1,1,3,4,0,0,0,0,0,174.39,175.19,319.0,20,5206.0,1.193,3,3,1,Sort,1,0,0,0,0,0,0,1,1,90,0,0,0,4581.0,4581.0,516096,237568,2,0.06963545077493997
pagila_store_monthly_revenue,"SELECT date_trunc('month', p.payment_date) AS month, SUM(p.amount) AS revenue, COUNT(DISTINCT p.customer_id) AS customers FROM pagila.payment p JOIN pagila.staff s USING (staff_id) WHERE s.store_id = 2 GROUP BY month ORDER BY month",231,1,1,0,True,True,False,2,2,3,2,1,0,0,0,0,983.42,1184.02,8024.0,48,40121.0,7.232,12,5,8,Aggregate,8,0,0,0,0,0,1,1,1,609,0,0,0,16051.0,16049.0,32768,16384,2,0.499968845410929
pagila_store_monthly_revenue,"SELECT date_trunc('month', p.payment_date) AS month, SUM(p.amount) AS revenue, COUNT(DISTINCT p.customer_id) AS customers FROM pagila.payment p JOIN pagila.staff s USING (staff_id) WHERE s.store_id = 2 GROUP BY month ORDER BY month",231,1,1,0,True,True,False,2,2,3,2,1,0,0,0,0,983.42,1184.02,8024.0,48,40121.0,7.238,12,5,8,Aggregate,8,0,0,0,0,0,1,1,1,609,0,0,0,16051.0,16049.0,32768,16384,2,0.499968845410929
pagila_duration_outliers,"WITH stats AS ( SELECT rating, AVG(length) AS avg_length, STDDEV_POP(length) AS sd FROM pagila.film GROUP BY rating ) SELECT f.film_id, f.title, f.length FROM pagila.film f JOIN stats s USING (rating) WHERE f.rating = 'PG' AND f.length > s.avg_length + s.sd ORDER BY f.length DESC",280,1,2,1,True,True,False,2,1,6,2,1,0,0,0,0,159.34,159.5,65.0,21,519.0,0.359,5,4,1,Sort,2,0,0,0,0,0,1,1,1,448,0,0,0,1000.0,1000.0,770048,212992,5,0.065
pagila_duration_outliers,"WITH stats AS ( SELECT rating, AVG(length) AS avg_length, STDDEV_POP(length) AS sd FROM pagila.film GROUP BY rating ) SELECT f.film_id, f.title, f.length FROM pagila.film f JOIN stats s USING (rating) WHERE f.rating = 'PG' AND f.length > s.avg_length + s.sd ORDER BY f.length DESC",280,1,2,1,True,True,False,2,1,6,2,1,0,0,0,0,159.34,159.5,65.0,21,519.0,0.357,5,4,1,Sort,2,0,0,0,0,0,1,1,1,448,0,0,0,1000.0,1000.0,770048,212992,5,0.065
pagila_overdue_rentals,"SELECT r.customer_id, COUNT(*) AS overdue_count, AVG(EXTRACT(EPOCH FROM (r.return_date - r.rental_date)) / 86400) AS avg_days FROM pagila.rental r WHERE r.return_date IS NOT NULL AND r.return_date - r.rental_date > INTERVAL '10 days' GROUP BY r.customer_id ORDER BY overdue_count DESC",284,0,2,0,True,True,False,1,1,3,2,0,0,0,0,0,505.09,506.58,599.0,44,6485.0,1.189,3,3,1,Sort,1,0,0,0,0,0,0,1,1,450,0,0,0,16044.0,16044.0,2490368,1228800,3,0.037334829219645975
pagila_overdue_rentals,"SELECT r.customer_id, COUNT(*) AS overdue_count, AVG(EXTRACT(EPOCH FROM (r.return_date - r.rental_date)) / 86400) AS avg_days FROM pagila.rental r WHERE r.return_date IS NOT NULL AND r.return_date - r.rental_date > INTERVAL '10 days' GROUP BY r.customer_id ORDER BY overdue_count DESC",284,0,2,0,True,True,False,1,1,3,2,0,0,0,0,0,505.09,506.58,599.0,44,6485.0,1.208,3,3,1,Sort,1,0,0,0,0,0,0,1,1,450,0,0,0,16044.0,16044.0,2490368,1228800,3,0.037334829219645975
pagila_staff_performance,"SELECT s.staff_id, s.first_name, s.last_name, COUNT(p.payment_id) AS payments, SUM(p.amount) AS revenue FROM pagila.staff s JOIN pagila.payment p USING (staff_id) WHERE p.payment_date >= TIMESTAMPTZ '2022-05-01' AND p.payment_date < TIMESTAMPTZ '2022-06-01' GROUP BY s.staff_id, s.first_name, s.last_name ORDER BY revenue DESC",326,1,2,0,True,True,False,2,2,5,2,1,0,0,0,0,103.22,103.23,2.0,56,5362.0,0.992,6,5,2,Sort,2,0,0,0,1,0,0,1,1,85,0,0,0,16051.0,16049.0,32768,16384,2,0.0001246183562838806
pagila_staff_performance,"SELECT s.staff_id, s.first_name, s.last_name, COUNT(p.payment_id) AS payments, SUM(p.amount) AS revenue FROM pagila.staff s JOIN pagila.payment p USING (staff_id) WHERE p.payment_date >= TIMESTAMPTZ '2022-05-01' AND p.payment_date < TIMESTAMPTZ '2022-06-01' GROUP BY s.staff_id, s.first_name, s.last_name ORDER BY revenue DESC",326,1,2,0,True,True,False,2,2,5,2,1,0,0,0,0,103.22,103.23,2.0,56,5362.0,1.039,6,5,2,Sort,2,0,0,0,1,0,0,1,1,85,0,0,0,16051.0,16049.0,32768,16384,2,0.0001246183562838806
pagila_top_films_per_category,"WITH ranked AS ( SELECT c.name AS category, f.title, COUNT(r.rental_id) AS rentals, dense_rank() OVER (PARTITION BY c.category_id ORDER BY COUNT(r.rental_id) DESC) AS rank FROM pagila.category c JOIN pagila.film_category fc USING (category_id) JOIN pagila.film f USING (film_id) JOIN pagila.inventory i USING (film_id) LEFT JOIN pagila.rental r USING (inventory_id) WHERE f.rating = 'R' GROUP BY c.category_id, c.name, f.film_id, f.title ) SELECT category, title, rentals FROM ranked WHERE rank <= 4 ORDER BY category, rentals DESC",531,4,2,1,True,True,False,5,5,7,3,3,1,0,0,0,1127.39,1135.19,3120.0,30,43146.0,5.18,18,13,5,Sort,5,0,0,0,4,0,0,2,1,2236,0,0,0,22641.0,16044.0,3923968,1736704,12,0.1944652206432311
pagila_top_films_per_category,"WITH ranked AS ( SELECT c.name AS category, f.title, COUNT(r.rental_id) AS rentals, dense_rank() OVER (PARTITION BY c.category_id ORDER BY COUNT(r.rental_id) DESC) AS rank FROM pagila.category c JOIN pagila.film_category fc USING (category_id) JOIN pagila.film f USING (film_id) JOIN pagila.inventory i USING (film_id) LEFT JOIN pagila.rental r USING (inventory_id) WHERE f.rating = 'R' GROUP BY c.category_id, c.name, f.film_id, f.title ) SELECT category, title, rentals FROM ranked WHERE rank <= 4 ORDER BY category, rentals DESC",531,4,2,1,True,True,False,5,5,7,3,3,1,0,0,0,1127.39,1135.19,3120.0,30,43146.0,4.798,18,13,5,Sort,5,0,0,0,4,0,0,2,1,2236,0,0,0,22641.0,16044.0,3923968,1736704,12,0.1944652206432311
pagila_rating_revenue_pivot,"SELECT i.store_id, SUM(p.amount) FILTER (WHERE f.rating = 'G') AS g_revenue, SUM(p.amount) FILTER (WHERE f.rating = 'PG') AS pg_revenue, SUM(p.amount) FILTER (WHERE f.rating = 'R') AS r_revenue FROM pagila.payment p JOIN pagila.rental r USING (rental_id) JOIN pagila.inventory i USING (inventory_id) JOIN pagila.film f USING (film_id) WHERE p.payment_date >= TIMESTAMPTZ '2022-02-01' AND p.payment_date < TIMESTAMPTZ '2022-03-01' GROUP BY i.store_id ORDER BY i.store_id",469,3,5,0,True,True,False,4,4,4,3,3,0,0,0,0,752.92,752.92,2.0,100,39215.0,5.152,12,7,4,Sort,4,0,0,0,3,0,0,1,1,1526,0,0,0,37674.0,16049.0,3776512,1679360,11,0.0001246183562838806
pagila_rating_revenue_pivot,"SELECT i.store_id, SUM(p.amount) FILTER (WHERE f.rating = 'G') AS g_revenue, SUM(p.amount) FILTER (WHERE f.rating = 'PG') AS pg_revenue, SUM(p.amount) FILTER (WHERE f.rating = 'R') AS r_revenue FROM pagila.payment p JOIN pagila.rental r USING (rental_id) JOIN pagila.inventory i USING (inventory_id) JOIN pagila.film f USING (film_id) WHERE p.payment_date >= TIMESTAMPTZ '2022-02-01' AND p.payment_date < TIMESTAMPTZ '2022-03-01' GROUP BY i.store_id ORDER BY i.store_id",469,3,5,0,True,True,False,4,4,4,3,3,0,0,0,0,752.92,752.92,2.0,100,39215.0,5.879,12,7,4,Sort,4,0,0,0,3,0,0,1,1,1526,0,0,0,37674.0,16049.0,3776512,1679360,11,0.0001246183562838806
pagila_customer_cohorts,"SELECT date_trunc('month', c.create_date) AS cohort, COUNT(DISTINCT c.customer_id) AS customers, COUNT(r.rental_id) AS rentals FROM pagila.customer c LEFT JOIN pagila.rental r USING (customer_id) WHERE EXTRACT(YEAR FROM c.create_date) >= 2006 GROUP BY cohort ORDER BY cohort",274,1,1,0,True,True,False,2,2,3,2,0,1,0,0,0,731.92,785.5,1.0,24,27159.0,14.063,6,5,2,Aggregate,2,0,0,0,1,0,0,1,1,645,0,0,0,16643.0,16044.0,2719744,1351680,7,6.232859636000998e-05
pagila_customer_cohorts,"SELECT date_trunc('month', c.create_date) AS cohort, COUNT(DISTINCT c.customer_id) AS customers, COUNT(r.rental_id) AS rentals FROM pagila.customer c LEFT JOIN pagila.rental r USING (customer_id) WHERE EXTRACT(YEAR FROM c.create_date) >= 2006 GROUP BY cohort ORDER BY cohort",274,1,1,0,True,True,False,2,2,3,2,0,1,0,0,0,731.92,785.5,1.0,24,27159.0,14.587,6,5,2,Aggregate,2,0,0,0,1,0,0,1,1,645,0,0,0,16643.0,16044.0,2719744,1351680,7,6.232859636000998e-05
pagila_payment_moving_average,"SELECT p.customer_id, p.payment_date, p.amount, AVG(p.amount) OVER (PARTITION BY p.customer_id ORDER BY p.payment_date ROWS BETWEEN 4 PRECEDING AND CURRENT ROW) AS moving_avg FROM pagila.payment p WHERE p.customer_id BETWEEN 307 AND 357 ORDER BY p.customer_id, p.payment_date",275,0,1,0,False,True,False,1,1,4,1,0,0,0,0,0,286.16,312.72,1329.0,50,6459.0,1.743,16,5,7,WindowAgg,1,0,0,6,0,0,0,1,0,278,0,0,0,16049.0,16049.0,0,0,1,0.08280889775063867
pagila_payment_moving_average,"SELECT p.customer_id, p.payment_date, p.amount, AVG(p.amount) OVER (PARTITION BY p.customer_id ORDER BY p.payment_date ROWS BETWEEN 4 PRECEDING AND CURRENT ROW) AS moving_avg FROM pagila.payment p WHERE p.customer_id BETWEEN 307 AND 357 ORDER BY p.customer_id, p.payment_date",275,0,1,0,False,True,False,1,1,4,1,0,0,0,0,0,286.16,312.72,1329.0,50,6459.0,2.212,16,5,7,WindowAgg,1,0,0,6,0,0,0,1,0,278,0,0,0,16049.0,16049.0,0,0,1,0.08280889775063867
pagila_customer_recency_rank,"WITH activity AS ( SELECT c.customer_id, c.store_id, MAX(r.rental_date) AS last_rental FROM pagila.customer c LEFT JOIN pagila.rental r USING (customer_id) WHERE c.store_id = 1 GROUP BY c.customer_id, c.store_id ) SELECT customer_id, last_rental, dense_rank() OVER (ORDER BY last_rental DESC NULLS LAST) AS recency_rank FROM activity ORDER BY recency_rank, customer_id",368,1,1,1,True,True,False,2,2,6,2,0,1,0,0,0,456.52,457.34,326.0,20,27058.0,3.922,9,8,2,Sort,2,0,0,0,1,0,0,2,1,1122,0,0,0,16643.0,16044.0,2719744,1351680,7,0.020319122413363252
pagila_customer_recency_rank,"WITH activity AS ( SELECT c.customer_id, c.store_id, MAX(r.rental_date) AS last_rental FROM pagila.customer c LEFT JOIN pagila.rental r USING (customer_id) WHERE c.store_id = 1 GROUP BY c.customer_id, c.store_id ) SELECT customer_id, last_rental, dense_rank() OVER (ORDER BY last_rental DESC NULLS LAST) AS recency_rank FROM activity ORDER BY recency_rank, customer_id",368,1,1,1,True,True,False,2,2,6,2,0,1,0,0,0,456.52,457.34,326.0,20,27058.0,4.07,9,8,2,Sort,2,0,0,0,1,0,0,2,1,1122,0,0,0,16643.0,16044.0,2719744,1351680,7,0.020319122413363252
pagila_city_customer_density,"SELECT co.country, ci.city, COUNT(cu.customer_id) AS customers FROM pagila.country co JOIN pagila.city ci USING (country_id) JOIN pagila.address a USING (city_id) LEFT JOIN pagila.customer cu USING (address_id) WHERE co.country_id <= 26 GROUP BY co.country, ci.city ORDER BY customers DESC LIMIT 60",298,3,1,0,True,True,False,4,4,3,1,2,1,0,0,0,62.81,62.96,60.0,26,2920.0,0.603,13,10,4,Limit,4,0,0,0,3,0,0,1,1,156,0,0,0,1911.0,603.0,557056,262144,9,0.09950248756218906
pagila_city_customer_density,"SELECT co.country, ci.city, COUNT(cu.customer_id) AS customers FROM pagila.country co JOIN pagila.city ci USING (country_id) JOIN pagila.address a USING (city_id) LEFT JOIN pagila.customer cu USING (address_id) WHERE co.country_id <= 26 GROUP BY co.country, ci.city ORDER BY customers DESC LIMIT 60",298,3,1,0,True,True,False,4,4,3,1,2,1,0,0,0,62.81,62.96,60.0,26,2920.0,0.503,13,10,4,Limit,4,0,0,0,3,0,0,1,1,156,0,0,0,1911.0,603.0,557056,262144,9,0.09950248756218906
pagila_store_monthly_revenue,"SELECT date_trunc('month', p.payment_date) AS month, SUM(p.amount) AS revenue, COUNT(DISTINCT p.customer_id) AS customers FROM pagila.payment p JOIN pagila.staff s USING (staff_id) WHERE s.store_id = 1 GROUP BY month ORDER BY month",231,1,1,0,True,True,False,2,2,3,2,1,0,0,0,0,983.42,1184.02,8024.0,48,40121.0,8.413,12,5,8,Aggregate,8,0,0,0,0,0,1,1,1,609,0,0,0,16051.0,16049.0,32768,16384,2,0.499968845410929
pagila_store_monthly_revenue,"SELECT date_trunc('month', p.payment_date) AS month, SUM(p.amount) AS revenue, COUNT(DISTINCT p.customer_id) AS customers FROM pagila.payment p JOIN pagila.staff s USING (staff_id) WHERE s.store_id = 1 GROUP BY month ORDER BY month",231,1,1,0,True,True,False,2,2,3,2,1,0,0,0,0,983.42,1184.02,8024.0,48,40121.0,9.401,12,5,8,Aggregate,8,0,0,0,0,0,1,1,1,609,0,0,0,16051.0,16049.0,32768,16384,2,0.499968845410929
pagila_repeat_renters,"SELECT c.customer_id, c.first_name, c.last_name, COUNT(r.rental_id) AS rentals FROM pagila.customer c JOIN pagila.rental r USING (customer_id) WHERE c.customer_id >= 84 GROUP BY c.customer_id, c.first_name, c.last_name HAVING COUNT(r.rental_id) >= 28 ORDER BY rentals DESC",272,1,1,0,True,True,False,2,2,4,2,1,0,0,0,0,457.73,458.16,172.0,25,31241.0,5.362,6,5,2,Sort,2,0,0,0,1,0,0,1,1,645,0,0,0,16643.0,16044.0,2719744,1351680,7,0.010720518573921716
pagila_repeat_renters,"SELECT c.customer_id, c.first_name, c.last_name, COUNT(r.rental_id) AS rentals FROM pagila.customer c JOIN pagila.rental r USING (customer_id) WHERE c.customer_id >= 84 GROUP BY c.customer_id, c.first_name, c.last_name HAVING COUNT(r.rental_id) >= 28 ORDER BY rentals DESC",272,1,1,0,True,True,False,2,2,4,2,1,0,0,0,0,457.73,458.16,172.0,25,31241.0,5.183,6,5,2,Sort,2,0,0,0,1,0,0,1,1,645,0,0,0,16643.0,16044.0,2719744,1351680,7,0.010720518573921716
pagila_customer_payment_transitions,"SELECT p.customer_id, p.payment_date, p.amount, lag(p.amount) OVER (PARTITION BY p.customer_id ORDER BY p.payment_date) AS previous_amount, p.amount - lag(p.amount) OVER (PARTITION BY p.customer_id ORDER BY p.payment_date) AS delta FROM pagila.payment p WHERE p.customer_id >= 229 ORDER BY p.customer_id, p.payment_date",319,0,1,0,False,True,False,1,1,5,2,0,0,0,0,0,1027.76,1250.38,9895.0,82,39580.0,8.983,10,4,7,WindowAgg,7,0,0,0,0,0,0,1,0,484,0,0,0,16049.0,16049.0,0,0,1,0.6165493177144994
pagila_customer_payment_transitions,"SELECT p.customer_id, p.payment_date, p.amount, lag(p.amount) OVER (PARTITION BY p.customer_id ORDER BY p.payment_date) AS previous_amount, p.amount - lag(p.amount) OVER (PARTITION BY p.customer_id ORDER BY p.payment_date) AS delta FROM pagila.payment p WHERE p.customer_id >= 229 ORDER BY p.customer_id, p.payment_date",319,0,1,0,False,True,False,1,1,5,2,0,0,0,0,0,1027.76,1250.38,9895.0,82,39580.0,8.166,10,4,7,WindowAgg,7,0,0,0,0,0,0,1,0,484,0,0,0,16049.0,16049.0,0,0,1,0.6165493177144994
pagila_daily_revenue_rollup,"SELECT date_trunc('day', p.payment_date) AS day, s.store_id, SUM(p.amount) AS revenue FROM pagila.payment p JOIN pagila.staff s USING (staff_id) WHERE p.payment_date >= TIMESTAMPTZ '2022-01-01' AND p.payment_date < TIMESTAMPTZ '2022-02-01' GROUP BY GROUPING SETS ((day, s.store_id), (day), ()) ORDER BY day NULLS LAST, s.store_id NULLS LAST",340,1,2,0,True,True,False,2,2,3,1,1,0,0,0,0,59.96,88.89,1447.0,44,3620.0,0.516,6,5,2,Aggregate,2,0,0,0,1,0,0,1,1,29,0,0,0,16051.0,16049.0,32768,16384,2,0.09016138077138762
pagila_daily_revenue_rollup,"SELECT date_trunc('day', p.payment_date) AS day, s.store_id, SUM(p.amount) AS revenue FROM pagila.payment p JOIN pagila.staff s USING (staff_id) WHERE p.payment_date >= TIMESTAMPTZ '2022-01-01' AND p.payment_date < TIMESTAMPTZ '2022-02-01' GROUP BY GROUPING SETS ((day, s.store_id), (day), ()) ORDER BY day NULLS LAST, s.store_id NULLS LAST",340,1,2,0,True,True,False,2,2,3,1,1,0,0,0,0,59.96,88.89,1447.0,44,3620.0,0.52,6,5,2,Aggregate,2,0,0,0,1,0,0,1,1,29,0,0,0,16051.0,16049.0,32768,16384,2,0.09016138077138762
pagila_rental_gaps,"WITH ordered AS ( SELECT r.customer_id, r.rental_date, lag(r.rental_date) OVER (PARTITION BY r.customer_id ORDER BY r.rental_date) AS previous FROM pagila.rental r WHERE r.customer_id >= 208 ) SELECT customer_id, AVG(rental_date - previous) AS avg_gap FROM ordered WHERE previous IS NOT NULL GROUP BY customer_id ORDER BY avg_gap DESC",334,0,2,1,True,True,False,1,1,5,2,0,0,0,0,0,1471.08,1472.58,599.0,20,42814.0,9.172,6,6,1,Sort,1,0,0,0,0,0,0,2,1,900,0,0,0,16044.0,16044.0,2490368,1228800,3,0.037334829219645975
pagila_rental_gaps,"WITH ordered AS ( SELECT r.customer_id, r.rental_date, lag(r.rental_date) OVER (PARTITION BY r.customer_id ORDER BY r.rental_date) AS previous FROM pagila.rental r WHERE r.customer_id >= 208 ) SELECT customer_id, AVG(rental_date - previous) AS avg_gap FROM ordered WHERE previous IS NOT NULL GROUP BY customer_id ORDER BY avg_gap DESC",334,0,2,1,True,True,False,1,1,5,2,0,0,0,0,0,1471.08,1472.58,599.0,20,42814.0,17.115,6,6,1,Sort,1,0,0,0,0,0,0,2,1,900,0,0,0,16044.0,16044.0,2490368,1228800,3,0.037334829219645975
pagila_duration_outliers,"WITH stats AS ( SELECT rating, AVG(length) AS avg_length, STDDEV_POP(length) AS sd FROM pagila.film GROUP BY rating ) SELECT f.film_id, f.title, f.length FROM pagila.film f JOIN stats s USING (rating) WHERE f.rating = 'PG' AND f.length > s.avg_length + s.sd ORDER BY f.length DESC",280,1,2,1,True,True,False,2,1,6,2,1,0,0,0,0,159.34,159.5,65.0,21,519.0,0.557,5,4,1,Sort,2,0,0,0,0,0,1,1,1,448,0,0,0,1000.0,1000.0,770048,212992,5,0.065
pagila_duration_outliers,"WITH stats AS ( SELECT rating, AVG(length) AS avg_length, STDDEV_POP(length) AS sd FROM pagila.film GROUP BY rating ) SELECT f.film_id, f.title, f.length FROM pagila.film f JOIN stats s USING (rating) WHERE f.rating = 'PG' AND f.length > s.avg_length + s.sd ORDER BY f.length DESC",280,1,2,1,True,True,False,2,1,6,2,1,0,0,0,0,159.34,159.5,65.0,21,519.0,0.738,5,4,1,Sort,2,0,0,0,0,0,1,1,1,448,0,0,0,1000.0,1000.0,770048,212992,5,0.065
pagila_film_popularity,"SELECT f.film_id, f.title, COUNT(r.rental_id) AS rentals FROM pagila.film f JOIN pagila.inventory i USING (film_id) LEFT JOIN pagila.rental r USING (inventory_id) WHERE f.rating = 'G' GROUP BY f.film_id, f.title ORDER BY rentals DESC, f.title LIMIT 40",251,2,1,0,True,True,False,3,3,3,1,1,1,0,0,0,597.62,597.72,40.0,27,25861.0,6.585,10,8,3,Limit,3,0,0,0,2,0,0,1,1,1472,0,0,0,21625.0,16044.0,3776512,1679360,10,0.0024931438544003987
pagila_film_popularity,"SELECT f.film_id, f.title, COUNT(r.rental_id) AS rentals FROM pagila.film f JOIN pagila.inventory i USING (film_id) LEFT JOIN pagila.rental r USING (inventory_id) WHERE f.rating = 'G' GROUP BY f.film_id, f.title ORDER BY rentals DESC, f.title LIMIT 40",251,2,1,0,True,True,False,3,3,3,1,1,1,0,0,0,597.62,597.72,40.0,27,25861.0,5.377,10,8,3,Limit,3,0,0,0,2,0,0,1,1,1472,0,0,0,21625.0,16044.0,3776512,1679360,10,0.0024931438544003987
pagila_country_revenue,"SELECT co.country, COUNT(DISTINCT cu.customer_id) AS customers, SUM(p.amount) AS revenue FROM pagila.country co JOIN pagila.city ci USING (country_id) JOIN pagila.address a USING (city_id) JOIN pagila.customer cu USING (address_id) JOIN pagila.payment p USING (customer_id) WHERE co.country_id >= 61 GROUP BY co.country ORDER BY revenue DESC",341,4,1,0,True,True,False,5,5,3,2,4,0,0,0,0,1094.51,1094.63,49.0,49,50130.0,20.057,23,12,11,Sort,11,0,0,0,4,0,0,2,1,928,0,0,0,17960.0,16049.0,557056,262144,10,0.003053149728955075
pagila_country_revenue,"SELECT co.country, COUNT(DISTINCT cu.customer_id) AS customers, SUM(p.amount) AS revenue FROM pagila.country co JOIN pagila.city ci USING (country_id) JOIN pagila.address a USING (city_id) JOIN pagila.customer cu USING (address_id) JOIN pagila.payment p USING (customer_id) WHERE co.country_id >= 61 GROUP BY co.country ORDER BY revenue DESC",341,4,1,0,True,True,False,5,5,3,2,4,0,0,0,0,1094.51,1094.63,49.0,49,50130.0,14.983,23,12,11,Sort,11,0,0,0,4,0,0,2,1,928,0,0,0,17960.0,16049.0,557056,262144,10,0.003053149728955075
pagila_language_catalog,"SELECT l.name, f.rating, COUNT(*) AS films, AVG(f.length) AS avg_length FROM pagila.language l JOIN pagila.film f USING (language_id) WHERE f.length >= 150 GROUP BY l.name, f.rating ORDER BY films DESC",201,1,1,0,True,True,False,2,2,4,2,1,0,0,0,0,82.42,82.5,30.0,65,580.0,0.341,6,5,2,Sort,2,0,0,0,1,0,0,1,1,261,0,0,0,1006.0,1000.0,794624,229376,6,0.03
pagila_language_catalog,"SELECT l.name, f.rating, COUNT(*) AS films, AVG(f.length) AS avg_length FROM pagila.language l JOIN pagila.film f USING (language_id) WHERE f.length >= 150 GROUP BY l.name, f.rating ORDER BY films DESC",201,1,1,0,True,True,False,2,2,4,2,1,0,0,0,0,82.42,82.5,30.0,65,580.0,0.296,6,5,2,Sort,2,0,0,0,1,0,0,1,1,261,0,0,0,1006.0,1000.0,794624,229376,6,0.03
pagila_inactive_customers,"SELECT c.customer_id, c.first_name, c.last_name FROM pagila.customer c WHERE c.activebool = true AND NOT EXISTS ( SELECT 1 FROM pagila.rental r WHERE r.customer_id = c.customer_id AND r.rental_date >= TIMESTAMPTZ '2022-05-01' ) ORDER BY c.customer_id",250,0,4,1,False,True,False,2,2,4,0,0,0,0,0,0,566.09,566.1,1.0,17,32089.0,3.681,5,4,2,Sort,2,0,0,0,1,0,0,1,0,627,0,0,0,16643.0,16044.0,2719744,1351680,7,6.232859636000998e-05
pagila_inactive_customers,"SELECT c.customer_id, c.first_name, c.last_name FROM pagila.customer c WHERE c.activebool = true AND NOT EXISTS ( SELECT 1 FROM pagila.rental r WHERE r.customer_id = c.customer_id AND r.rental_date >= TIMESTAMPTZ '2022-05-01' ) ORDER BY c.customer_id",250,0,4,1,False,True,False,2,2,4,0,0,0,0,0,0,566.09,566.1,1.0,17,32089.0,3.568,5,4,2,Sort,2,0,0,0,1,0,0,1,0,627,0,0,0,16643.0,16044.0,2719744,1351680,7,6.232859636000998e-05
pagila_return_sla,"SELECT i.store_id, COUNT(*) AS rentals, COUNT(*) FILTER (WHERE r.return_date <= r.rental_date + INTERVAL '4 days') AS within_sla FROM pagila.rental r JOIN pagila.inventory i USING (inventory_id) WHERE r.return_date IS NOT NULL GROUP BY i.store_id ORDER BY i.store_id",266,1,2,0,True,True,False,2,2,3,2,1,0,0,0,0,683.47,683.48,2.0,20,40888.0,7.189,6,5,2,Sort,2,0,0,0,1,0,0,1,1,750,0,0,0,20625.0,16044.0,3006464,1466368,5,0.00012465719272001995
pagila_return_sla,"SELECT i.store_id, COUNT(*) AS rentals, COUNT(*) FILTER (WHERE r.return_date <= r.rental_date + INTERVAL '4 days') AS within_sla FROM pagila.rental r JOIN pagila.inventory i USING (inventory_id) WHERE r.return_date IS NOT NULL GROUP BY i.store_id ORDER BY i.store_id",266,1,2,0,True,True,False,2,2,3,2,1,0,0,0,0,683.47,683.48,2.0,20,40888.0,6.869,6,5,2,Sort,2,0,0,0,1,0,0,1,1,750,0,0,0,20625.0,16044.0,3006464,1466368,5,0.00012465719272001995
pagila_film_pair_affinity,"SELECT i1.film_id AS first_film, i2.film_id AS second_film, COUNT(DISTINCT r1.customer_id) AS shared_customers FROM pagila.rental r1 JOIN pagila.inventory i1 USING (inventory_id) JOIN pagila.rental r2 ON r2.customer_id = r1.customer_id AND r2.rental_id > r1.rental_id JOIN pagila.inventory i2 ON i2.inventory_id = r2.inventory_id WHERE i1.film_id < i2.film_id GROUP BY i1.film_id, i2.film_id HAVING COUNT(DISTINCT r1.customer_id) >= 4 ORDER BY shared_customers DESC LIMIT 40",474,3,1,0,True,True,False,4,2,3,2,3,0,0,0,0,13344.35,13344.45,40.0,16,358245.0,132.552,14,9,2,Limit,4,0,0,0,3,0,0,2,1,2880,0,1160,1164,20625.0,16044.0,3006464,1466368,5,0.0024931438544003987
pagila_film_pair_affinity,"SELECT i1.film_id AS first_film, i2.film_id AS second_film, COUNT(DISTINCT r1.customer_id) AS shared_customers FROM pagila.rental r1 JOIN pagila.inventory i1 USING (inventory_id) JOIN pagila.rental r2 ON r2.customer_id = r1.customer_id AND r2.rental_id > r1.rental_id JOIN pagila.inventory i2 ON i2.inventory_id = r2.inventory_id WHERE i1.film_id < i2.film_id GROUP BY i1.film_id, i2.film_id HAVING COUNT(DISTINCT r1.customer_id) >= 4 ORDER BY shared_customers DESC LIMIT 40",474,3,1,0,True,True,False,4,2,3,2,3,0,0,0,0,13344.35,13344.45,40.0,16,358245.0,133.197,14,9,2,Limit,4,0,0,0,3,0,0,2,1,2880,0,1160,1164,20625.0,16044.0,3006464,1466368,5,0.0024931438544003987
pagila_actor_category_diversity,"SELECT a.actor_id, a.first_name, a.last_name, COUNT(DISTINCT fc.category_id) AS category_count FROM pagila.actor a JOIN pagila.film_actor fa USING (actor_id) JOIN pagila.film_category fc USING (film_id) WHERE a.actor_id >= 50 GROUP BY a.actor_id, a.first_name, a.last_name ORDER BY category_count DESC",301,2,1,0,True,True,False,3,3,4,1,2,0,0,0,0,476.4,476.78,151.0,25,20438.0,3.366,10,7,3,Sort,3,0,0,0,2,0,0,2,1,230,0,0,0,6662.0,5462.0,704512,303104,5,0.027645551080190407
pagila_actor_category_diversity,"SELECT a.actor_id, a.first_name, a.last_name, COUNT(DISTINCT fc.category_id) AS category_count FROM pagila.actor a JOIN pagila.film_actor fa USING (actor_id) JOIN pagila.film_category fc USING (film_id) WHERE a.actor_id >= 50 GROUP BY a.actor_id, a.first_name, a.last_name ORDER BY category_count DESC",301,2,1,0,True,True,False,3,3,4,1,2,0,0,0,0,476.4,476.78,151.0,25,20438.0,3.998,10,7,3,Sort,3,0,0,0,2,0,0,2,1,230,0,0,0,6662.0,5462.0,704512,303104,5,0.027645551080190407
pagila_category_revenue,"SELECT c.name, COUNT(DISTINCT r.rental_id) AS rentals, SUM(p.amount) AS revenue FROM pagila.category c JOIN pagila.film_category fc USING (category_id) JOIN pagila.inventory i USING (film_id) JOIN pagila.rental r USING (inventory_id) JOIN pagila.payment p USING (rental_id) WHERE p.payment_date >= TIMESTAMPTZ '2022-03-01' AND p.payment_date < TIMESTAMPTZ '2022-04-01' GROUP BY c.name ORDER BY revenue DESC",406,4,2,0,True,True,False,5,5,3,2,4,0,0,0,0,891.09,891.13,16.0,47,46261.0,7.499,16,9,5,Sort,5,0,0,0,4,0,0,2,1,1668,0,0,0,37690.0,16049.0,3153920,1523712,8,0.0009969468502710448
pagila_category_revenue,"SELECT c.name, COUNT(DISTINCT r.rental_id) AS rentals, SUM(p.amount) AS revenue FROM pagila.category c JOIN pagila.film_category fc USING (category_id) JOIN pagila.inventory i USING (film_id) JOIN pagila.rental r USING (inventory_id) JOIN pagila.payment p USING (rental_id) WHERE p.payment_date >= TIMESTAMPTZ '2022-03-01' AND p.payment_date < TIMESTAMPTZ '2022-04-01' GROUP BY c.name ORDER BY revenue DESC",406,4,2,0,True,True,False,5,5,3,2,4,0,0,0,0,891.09,891.13,16.0,47,46261.0,7.019,16,9,5,Sort,5,0,0,0,4,0,0,2,1,1668,0,0,0,37690.0,16049.0,3153920,1523712,8,0.0009969468502710448
pagila_inventory_availability,"SELECT i.store_id, COUNT(*) AS copies, COUNT(*) FILTER (WHERE r.rental_id IS NULL) AS available FROM pagila.inventory i LEFT JOIN pagila.rental r ON r.inventory_id = i.inventory_id AND r.return_date IS NULL WHERE i.film_id BETWEEN 379 AND 479 GROUP BY i.store_id ORDER BY i.store_id",282,1,2,0,True,True,False,2,2,3,2,0,1,0,0,0,419.11,419.11,2.0,20,1603.0,1.131,6,5,2,Sort,2,0,0,0,1,0,0,1,1,750,0,0,0,20625.0,16044.0,3006464,1466368,5,0.00012465719272001995
pagila_inventory_availability,"SELECT i.store_id, COUNT(*) AS copies, COUNT(*) FILTER (WHERE r.rental_id IS NULL) AS available FROM pagila.inventory i LEFT JOIN pagila.rental r ON r.inventory_id = i.inventory_id AND r.return_date IS NULL WHERE i.film_id BETWEEN 379 AND 479 GROUP BY i.store_id ORDER BY i.store_id",282,1,2,0,True,True,False,2,2,3,2,0,1,0,0,0,419.11,419.11,2.0,20,1603.0,1.14,6,5,2,Sort,2,0,0,0,1,0,0,1,1,750,0,0,0,20625.0,16044.0,3006464,1466368,5,0.00012465719272001995
pagila_actor_rental_impact,"SELECT a.actor_id, a.first_name, a.last_name, COUNT(r.rental_id) AS rentals, COALESCE(SUM(p.amount), 0) AS revenue FROM pagila.actor a JOIN pagila.film_actor fa USING (actor_id) JOIN pagila.inventory i USING (film_id) LEFT JOIN pagila.rental r USING (inventory_id) LEFT JOIN pagila.payment p USING (rental_id) WHERE a.actor_id >= 133 GROUP BY a.actor_id, a.first_name, a.last_name ORDER BY revenue DESC LIMIT 30",411,4,1,0,True,True,False,5,5,5,2,2,2,0,0,0,1879.38,1879.46,30.0,57,144534.0,22.163,23,8,11,Limit,11,0,0,0,4,0,0,1,1,2604,0,0,0,42336.0,16049.0,3596288,1728512,10,0.0018692753442582093
pagila_actor_rental_impact,"SELECT a.actor_id, a.first_name, a.last_name, COUNT(r.rental_id) AS rentals, COALESCE(SUM(p.amount), 0) AS revenue FROM pagila.actor a JOIN pagila.film_actor fa USING (actor_id) JOIN pagila.inventory i USING (film_id) LEFT JOIN pagila.rental r USING (inventory_id) LEFT JOIN pagila.payment p USING (rental_id) WHERE a.actor_id >= 133 GROUP BY a.actor_id, a.first_name, a.last_name ORDER BY revenue DESC LIMIT 30",411,4,1,0,True,True,False,5,5,5,2,2,2,0,0,0,1879.38,1879.46,30.0,57,144534.0,22.03,23,8,11,Limit,11,0,0,0,4,0,0,1,1,2604,0,0,0,42336.0,16049.0,3596288,1728512,10,0.0018692753442582093
pagila_inventory_imbalance,"SELECT i.film_id, COUNT(*) FILTER (WHERE i.store_id = 1) AS store_one, COUNT(*) FILTER (WHERE i.store_id = 2) AS store_two FROM pagila.inventory i WHERE i.film_id >= 2 GROUP BY i.film_id HAVING ABS(COUNT(*) FILTER (WHERE i.store_id = 1) - COUNT(*) FILTER (WHERE i.store_id = 2)) >= 2 ORDER BY i.film_id",302,0,5,0,True,True,False,1,1,3,4,0,0,0,0,0,174.46,175.25,319.0,20,5211.0,1.152,3,3,1,Sort,1,0,0,0,0,0,0,1,1,90,0,0,0,4581.0,4581.0,516096,237568,2,0.06963545077493997
pagila_inventory_imbalance,"SELECT i.film_id, COUNT(*) FILTER (WHERE i.store_id = 1) AS store_one, COUNT(*) FILTER (WHERE i.store_id = 2) AS store_two FROM pagila.inventory i WHERE i.film_id >= 2 GROUP BY i.film_id HAVING ABS(COUNT(*) FILTER (WHERE i.store_id = 1) - COUNT(*) FILTER (WHERE i.store_id = 2)) >= 2 ORDER BY i.film_id",302,0,5,0,True,True,False,1,1,3,4,0,0,0,0,0,174.46,175.25,319.0,20,5211.0,1.176,3,3,1,Sort,1,0,0,0,0,0,0,1,1,90,0,0,0,4581.0,4581.0,516096,237568,2,0.06963545077493997
pagila_customer_lifetime_value,"SELECT c.customer_id, c.first_name, c.last_name, COUNT(p.payment_id) AS payments, SUM(p.amount) AS lifetime_value FROM pagila.customer c JOIN pagila.payment p USING (customer_id) WHERE c.customer_id >= 273 GROUP BY c.customer_id, c.first_name, c.last_name HAVING COUNT(p.payment_id) >= 9 ORDER BY lifetime_value DESC LIMIT 50",325,1,1,0,True,True,False,2,2,5,3,1,0,0,0,0,498.97,499.1,50.0,57,41781.0,5.323,14,6,8,Limit,8,0,0,0,1,0,0,1,1,780,0,0,0,16648.0,16049.0,229376,122880,5,0.0031154589070970153
pagila_customer_lifetime_value,"SELECT c.customer_id, c.first_name, c.last_name, COUNT(p.payment_id) AS payments, SUM(p.amount) AS lifetime_value FROM pagila.customer c JOIN pagila.payment p USING (customer_id) WHERE c.customer_id >= 273 GROUP BY c.customer_id, c.first_name, c.last_name HAVING COUNT(p.payment_id) >= 9 ORDER BY lifetime_value DESC LIMIT 50",325,1,1,0,True,True,False,2,2,5,3,1,0,0,0,0,498.97,499.1,50.0,57,41781.0,5.383,14,6,8,Limit,8,0,0,0,1,0,0,1,1,780,0,0,0,16648.0,16049.0,229376,122880,5,0.0031154589070970153
pagila_store_inventory_turnover,"SELECT i.store_id, COUNT(DISTINCT i.inventory_id) AS inventory, COUNT(r.rental_id) AS rentals, COUNT(r.rental_id)::numeric / NULLIF(COUNT(DISTINCT i.inventory_id), 0) AS turnover FROM pagila.inventory i LEFT JOIN pagila.rental r USING (inventory_id) WHERE r.return_date - r.rental_date >= INTERVAL '8 days' GROUP BY i.store_id ORDER BY turnover DESC",349,1,1,0,True,True,False,2,2,4,4,0,1,0,0,0,922.48,922.49,2.0,52,25210.0,3.453,7,6,2,Sort,2,0,0,0,1,0,0,2,1,930,0,0,0,20625.0,16044.0,3006464,1466368,5,0.00012465719272001995
pagila_store_inventory_turnover,"SELECT i.store_id, COUNT(DISTINCT i.inventory_id) AS inventory, COUNT(r.rental_id) AS rentals, COUNT(r.rental_id)::numeric / NULLIF(COUNT(DISTINCT i.inventory_id), 0) AS turnover FROM pagila.inventory i LEFT JOIN pagila.rental r USING (inventory_id) WHERE r.return_date - r.rental_date >= INTERVAL '8 days' GROUP BY i.store_id ORDER BY turnover DESC",349,1,1,0,True,True,False,2,2,4,4,0,1,0,0,0,922.48,922.49,2.0,52,25210.0,3.774,7,6,2,Sort,2,0,0,0,1,0,0,2,1,930,0,0,0,20625.0,16044.0,3006464,1466368,5,0.00012465719272001995
pagila_replacement_exposure,"SELECT f.rating, COUNT(*) AS copies, SUM(f.replacement_cost) AS exposure FROM pagila.film f JOIN pagila.inventory i USING (film_id) WHERE f.replacement_cost >= 30 GROUP BY f.rating ORDER BY exposure DESC",203,1,1,0,True,True,False,2,2,3,2,1,0,0,0,0,164.53,164.54,1.0,44,4595.0,0.307,7,6,2,Sort,2,0,0,0,1,0,0,2,1,394,0,0,0,5581.0,4581.0,1286144,450560,7,0.00021829294913774285
pagila_replacement_exposure,"SELECT f.rating, COUNT(*) AS copies, SUM(f.replacement_cost) AS exposure FROM pagila.film f JOIN pagila.inventory i USING (film_id) WHERE f.replacement_cost >= 30 GROUP BY f.rating ORDER BY exposure DESC",203,1,1,0,True,True,False,2,2,3,2,1,0,0,0,0,164.53,164.54,1.0,44,4595.0,0.211,7,6,2,Sort,2,0,0,0,1,0,0,2,1,394,0,0,0,5581.0,4581.0,1286144,450560,7,0.00021829294913774285
pagila_category_percentiles,"SELECT c.name, percentile_cont(0.5) WITHIN GROUP (ORDER BY p.amount) AS median_payment, percentile_cont(0.9) WITHIN GROUP (ORDER BY p.amount) AS p90_payment FROM pagila.category c JOIN pagila.film_category fc USING (category_id) JOIN pagila.inventory i USING (film_id) JOIN pagila.rental r USING (inventory_id) JOIN pagila.payment p USING (rental_id) WHERE p.amount >= 4.99 GROUP BY c.name ORDER BY p90_payment DESC",415,4,1,0,True,True,False,5,5,3,2,4,0,0,0,0,1763.37,1763.41,16.0,23,90802.0,16.325,23,8,11,Sort,11,0,0,0,4,0,0,2,1,2428,0,0,0,37690.0,16049.0,3153920,1523712,8,0.0009969468502710448
pagila_category_percentiles,"SELECT c.name, percentile_cont(0.5) WITHIN GROUP (ORDER BY p.amount) AS median_payment, percentile_cont(0.9) WITHIN GROUP (ORDER BY p.amount) AS p90_payment FROM pagila.category c JOIN pagila.film_category fc USING (category_id) JOIN pagila.inventory i USING (film_id) JOIN pagila.rental r USING (inventory_id) JOIN pagila.payment p USING (rental_id) WHERE p.amount >= 4.99 GROUP BY c.name ORDER BY p90_payment DESC",415,4,1,0,True,True,False,5,5,3,2,4,0,0,0,0,1763.37,1763.41,16.0,23,90802.0,16.564,23,8,11,Sort,11,0,0,0,4,0,0,2,1,2428,0,0,0,37690.0,16049.0,3153920,1523712,8,0.0009969468502710448
pagila_unrented_films,"SELECT f.film_id, f.title FROM pagila.film f WHERE f.rating = 'PG-13' AND NOT EXISTS ( SELECT 1 FROM pagila.inventory i JOIN pagila.rental r USING (inventory_id) WHERE i.film_id = f.film_id ) ORDER BY f.title",208,1,3,1,False,True,False,3,3,3,0,1,0,0,0,0,764.32,764.34,9.0,19,57535.0,5.839,8,6,3,Sort,3,0,0,0,2,0,0,1,0,1122,0,0,0,21625.0,16044.0,3776512,1679360,10,0.0005609573672400897
pagila_unrented_films,"SELECT f.film_id, f.title FROM pagila.film f WHERE f.rating = 'PG-13' AND NOT EXISTS ( SELECT 1 FROM pagila.inventory i JOIN pagila.rental r USING (inventory_id) WHERE i.film_id = f.film_id ) ORDER BY f.title",208,1,3,1,False,True,False,3,3,3,0,1,0,0,0,0,764.32,764.34,9.0,19,57535.0,5.909,8,6,3,Sort,3,0,0,0,2,0,0,1,0,1122,0,0,0,21625.0,16044.0,3776512,1679360,10,0.0005609573672400897
pagila_customer_lifetime_value,"SELECT c.customer_id, c.first_name, c.last_name, COUNT(p.payment_id) AS payments, SUM(p.amount) AS lifetime_value FROM pagila.customer c JOIN pagila.payment p USING (customer_id) WHERE c.customer_id >= 39 GROUP BY c.customer_id, c.first_name, c.last_name HAVING COUNT(p.payment_id) >= 5 ORDER BY lifetime_value DESC LIMIT 50",324,1,1,0,True,True,False,2,2,5,3,1,0,0,0,0,555.02,555.15,50.0,57,48675.0,6.978,14,6,8,Limit,8,0,0,0,1,0,0,1,1,780,0,0,0,16648.0,16049.0,229376,122880,5,0.0031154589070970153
pagila_customer_lifetime_value,"SELECT c.customer_id, c.first_name, c.last_name, COUNT(p.payment_id) AS payments, SUM(p.amount) AS lifetime_value FROM pagila.customer c JOIN pagila.payment p USING (customer_id) WHERE c.customer_id >= 39 GROUP BY c.customer_id, c.first_name, c.last_name HAVING COUNT(p.payment_id) >= 5 ORDER BY lifetime_value DESC LIMIT 50",324,1,1,0,True,True,False,2,2,5,3,1,0,0,0,0,555.02,555.15,50.0,57,48675.0,7.061,14,6,8,Limit,8,0,0,0,1,0,0,1,1,780,0,0,0,16648.0,16049.0,229376,122880,5,0.0031154589070970153
pagila_film_pair_affinity,"SELECT i1.film_id AS first_film, i2.film_id AS second_film, COUNT(DISTINCT r1.customer_id) AS shared_customers FROM pagila.rental r1 JOIN pagila.inventory i1 USING (inventory_id) JOIN pagila.rental r2 ON r2.customer_id = r1.customer_id AND r2.rental_id > r1.rental_id JOIN pagila.inventory i2 ON i2.inventory_id = r2.inventory_id WHERE i1.film_id < i2.film_id GROUP BY i1.film_id, i2.film_id HAVING COUNT(DISTINCT r1.customer_id) >= 2 ORDER BY shared_customers DESC LIMIT 40",474,3,1,0,True,True,False,4,2,3,2,3,0,0,0,0,13344.35,13344.45,40.0,16,358245.0,139.223,14,9,2,Limit,4,0,0,0,3,0,0,2,1,2880,0,1160,1164,20625.0,16044.0,3006464,1466368,5,0.0024931438544003987
pagila_film_pair_affinity,"SELECT i1.film_id AS first_film, i2.film_id AS second_film, COUNT(DISTINCT r1.customer_id) AS shared_customers FROM pagila.rental r1 JOIN pagila.inventory i1 USING (inventory_id) JOIN pagila.rental r2 ON r2.customer_id = r1.customer_id AND r2.rental_id > r1.rental_id JOIN pagila.inventory i2 ON i2.inventory_id = r2.inventory_id WHERE i1.film_id < i2.film_id GROUP BY i1.film_id, i2.film_id HAVING COUNT(DISTINCT r1.customer_id) >= 2 ORDER BY shared_customers DESC LIMIT 40",474,3,1,0,True,True,False,4,2,3,2,3,0,0,0,0,13344.35,13344.45,40.0,16,358245.0,142.523,14,9,2,Limit,4,0,0,0,3,0,0,2,1,2880,0,1160,1164,20625.0,16044.0,3006464,1466368,5,0.0024931438544003987
pagila_country_revenue,"SELECT co.country, COUNT(DISTINCT cu.customer_id) AS customers, SUM(p.amount) AS revenue FROM pagila.country co JOIN pagila.city ci USING (country_id) JOIN pagila.address a USING (city_id) JOIN pagila.customer cu USING (address_id) JOIN pagila.payment p USING (customer_id) WHERE co.country_id >= 57 GROUP BY co.country ORDER BY revenue DESC",341,4,1,0,True,True,False,5,5,3,2,4,0,0,0,0,1150.33,1150.46,53.0,49,52074.0,8.691,23,10,11,Sort,11,0,0,0,4,0,0,2,1,925,0,0,0,17960.0,16049.0,557056,262144,10,0.003302386441522836
pagila_country_revenue,"SELECT co.country, COUNT(DISTINCT cu.customer_id) AS customers, SUM(p.amount) AS revenue FROM pagila.country co JOIN pagila.city ci USING (country_id) JOIN pagila.address a USING (city_id) JOIN pagila.customer cu USING (address_id) JOIN pagila.payment p USING (customer_id) WHERE co.country_id >= 57 GROUP BY co.country ORDER BY revenue DESC",341,4,1,0,True,True,False,5,5,3,2,4,0,0,0,0,1150.33,1150.46,53.0,49,52074.0,8.633,23,10,11,Sort,11,0,0,0,4,0,0,2,1,925,0,0,0,17960.0,16049.0,557056,262144,10,0.003302386441522836
pagila_unrented_films,"SELECT f.film_id, f.title FROM pagila.film f WHERE f.rating = 'G' AND NOT EXISTS ( SELECT 1 FROM pagila.inventory i JOIN pagila.rental r USING (inventory_id) WHERE i.film_id = f.film_id ) ORDER BY f.title",204,1,3,1,False,True,False,3,3,3,0,1,0,0,0,0,763.98,764.0,7.0,19,57486.0,5.813,8,6,3,Sort,3,0,0,0,2,0,0,1,0,1122,0,0,0,21625.0,16044.0,3776512,1679360,10,0.0004363001745200698
pagila_unrented_films,"SELECT f.film_id, f.title FROM pagila.film f WHERE f.rating = 'G' AND NOT EXISTS ( SELECT 1 FROM pagila.inventory i JOIN pagila.rental r USING (inventory_id) WHERE i.film_id = f.film_id ) ORDER BY f.title",204,1,3,1,False,True,False,3,3,3,0,1,0,0,0,0,763.98,764.0,7.0,19,57486.0,5.864,8,6,3,Sort,3,0,0,0,2,0,0,1,0,1122,0,0,0,21625.0,16044.0,3776512,1679360,10,0.0004363001745200698
pagila_actor_rental_impact,"SELECT a.actor_id, a.first_name, a.last_name, COUNT(r.rental_id) AS rentals, COALESCE(SUM(p.amount), 0) AS revenue FROM pagila.actor a JOIN pagila.film_actor fa USING (actor_id) JOIN pagila.inventory i USING (film_id) LEFT JOIN pagila.rental r USING (inventory_id) LEFT JOIN pagila.payment p USING (rental_id) WHERE a.actor_id >= 177 GROUP BY a.actor_id, a.first_name, a.last_name ORDER BY revenue DESC LIMIT 30",411,4,1,0,True,True,False,5,5,5,2,2,2,0,0,0,1421.74,1421.8,24.0,57,102654.0,13.049,22,9,11,Limit,10,0,1,0,3,0,1,1,1,2566,0,0,0,42336.0,16049.0,3596288,1728512,10,0.0014954202754065675
pagila_actor_rental_impact,"SELECT a.actor_id, a.first_name, a.last_name, COUNT(r.rental_id) AS rentals, COALESCE(SUM(p.amount), 0) AS revenue FROM pagila.actor a JOIN pagila.film_actor fa USING (actor_id) JOIN pagila.inventory i USING (film_id) LEFT JOIN pagila.rental r USING (inventory_id) LEFT JOIN pagila.payment p USING (rental_id) WHERE a.actor_id >= 177 GROUP BY a.actor_id, a.first_name, a.last_name ORDER BY revenue DESC LIMIT 30",411,4,1,0,True,True,False,5,5,5,2,2,2,0,0,0,1421.74,1421.8,24.0,57,102654.0,12.799,22,9,11,Limit,10,0,1,0,3,0,1,1,1,2566,0,0,0,42336.0,16049.0,3596288,1728512,10,0.0014954202754065675
pagila_return_sla,"SELECT i.store_id, COUNT(*) AS rentals, COUNT(*) FILTER (WHERE r.return_date <= r.rental_date + INTERVAL '7 days') AS within_sla FROM pagila.rental r JOIN pagila.inventory i USING (inventory_id) WHERE r.return_date IS NOT NULL GROUP BY i.store_id ORDER BY i.store_id",266,1,2,0,True,True,False,2,2,3,2,1,0,0,0,0,683.47,683.48,2.0,20,40888.0,6.592,6,5,2,Sort,2,0,0,0,1,0,0,1,1,750,0,0,0,20625.0,16044.0,3006464,1466368,5,0.00012465719272001995
pagila_return_sla,"SELECT i.store_id, COUNT(*) AS rentals, COUNT(*) FILTER (WHERE r.return_date <= r.rental_date + INTERVAL '7 days') AS within_sla FROM pagila.rental r JOIN pagila.inventory i USING (inventory_id) WHERE r.return_date IS NOT NULL GROUP BY i.store_id ORDER BY i.store_id",266,1,2,0,True,True,False,2,2,3,2,1,0,0,0,0,683.47,683.48,2.0,20,40888.0,6.592,6,5,2,Sort,2,0,0,0,1,0,0,1,1,750,0,0,0,20625.0,16044.0,3006464,1466368,5,0.00012465719272001995
pagila_daily_revenue_rollup,"SELECT date_trunc('day', p.payment_date) AS day, s.store_id, SUM(p.amount) AS revenue FROM pagila.payment p JOIN pagila.staff s USING (staff_id) WHERE p.payment_date >= TIMESTAMPTZ '2022-06-01' AND p.payment_date < TIMESTAMPTZ '2022-07-01' GROUP BY GROUPING SETS ((day, s.store_id), (day), ()) ORDER BY day NULLS LAST, s.store_id NULLS LAST",340,1,2,0,True,True,False,2,2,3,1,1,0,0,0,0,240.15,346.33,5309.0,44,13275.0,1.943,6,5,2,Aggregate,2,0,0,0,1,0,0,1,1,85,0,0,0,16051.0,16049.0,32768,16384,2,0.3307994267555611
pagila_daily_revenue_rollup,"SELECT date_trunc('day', p.payment_date) AS day, s.store_id, SUM(p.amount) AS revenue FROM pagila.payment p JOIN pagila.staff s USING (staff_id) WHERE p.payment_date >= TIMESTAMPTZ '2022-06-01' AND p.payment_date < TIMESTAMPTZ '2022-07-01' GROUP BY GROUPING SETS ((day, s.store_id), (day), ()) ORDER BY day NULLS LAST, s.store_id NULLS LAST",340,1,2,0,True,True,False,2,2,3,1,1,0,0,0,0,240.15,346.33,5309.0,44,13275.0,1.877,6,5,2,Aggregate,2,0,0,0,1,0,0,1,1,85,0,0,0,16051.0,16049.0,32768,16384,2,0.3307994267555611
pagila_top_films_per_category,"WITH ranked AS ( SELECT c.name AS category, f.title, COUNT(r.rental_id) AS rentals, dense_rank() OVER (PARTITION BY c.category_id ORDER BY COUNT(r.rental_id) DESC) AS rank FROM pagila.category c JOIN pagila.film_category fc USING (category_id) JOIN pagila.film f USING (film_id) JOIN pagila.inventory i USING (film_id) LEFT JOIN pagila.rental r USING (inventory_id) WHERE f.rating = 'G' GROUP BY c.category_id, c.name, f.film_id, f.title ) SELECT category, title, rentals FROM ranked WHERE rank <= 3 ORDER BY category, rentals DESC",531,4,2,1,True,True,False,5,5,7,3,3,1,0,0,0,1074.16,1081.28,2848.0,30,41271.0,3.735,18,13,5,Sort,5,0,0,0,4,0,0,2,1,2236,0,0,0,22641.0,16044.0,3923968,1736704,12,0.1775118424333084
pagila_top_films_per_category,"WITH ranked AS ( SELECT c.name AS category, f.title, COUNT(r.rental_id) AS rentals, dense_rank() OVER (PARTITION BY c.category_id ORDER BY COUNT(r.rental_id) DESC) AS rank FROM pagila.category c JOIN pagila.film_category fc USING (category_id) JOIN pagila.film f USING (film_id) JOIN pagila.inventory i USING (film_id) LEFT JOIN pagila.rental r USING (inventory_id) WHERE f.rating = 'G' GROUP BY c.category_id, c.name, f.film_id, f.title ) SELECT category, title, rentals FROM ranked WHERE rank <= 3 ORDER BY category, rentals DESC",531,4,2,1,True,True,False,5,5,7,3,3,1,0,0,0,1074.16,1081.28,2848.0,30,41271.0,3.71,18,13,5,Sort,5,0,0,0,4,0,0,2,1,2236,0,0,0,22641.0,16044.0,3923968,1736704,12,0.1775118424333084
pagila_payment_moving_average,"SELECT p.customer_id, p.payment_date, p.amount, AVG(p.amount) OVER (PARTITION BY p.customer_id ORDER BY p.payment_date ROWS BETWEEN 4 PRECEDING AND CURRENT ROW) AS moving_avg FROM pagila.payment p WHERE p.customer_id BETWEEN 97 AND 147 ORDER BY p.customer_id, p.payment_date",274,0,1,0,False,True,False,1,1,4,1,0,0,0,0,0,291.27,319.09,1392.0,50,6753.0,2.551,16,5,7,WindowAgg,1,0,0,6,0,0,0,1,0,301,0,0,0,16049.0,16049.0,0,0,1,0.08673437597358091
pagila_payment_moving_average,"SELECT p.customer_id, p.payment_date, p.amount, AVG(p.amount) OVER (PARTITION BY p.customer_id ORDER BY p.payment_date ROWS BETWEEN 4 PRECEDING AND CURRENT ROW) AS moving_avg FROM pagila.payment p WHERE p.customer_id BETWEEN 97 AND 147 ORDER BY p.customer_id, p.payment_date",274,0,1,0,False,True,False,1,1,4,1,0,0,0,0,0,291.27,319.09,1392.0,50,6753.0,2.485,16,5,7,WindowAgg,1,0,0,6,0,0,0,1,0,301,0,0,0,16049.0,16049.0,0,0,1,0.08673437597358091
pagila_customer_recency_rank,"WITH activity AS ( SELECT c.customer_id, c.store_id, MAX(r.rental_date) AS last_rental FROM pagila.customer c LEFT JOIN pagila.rental r USING (customer_id) WHERE c.store_id = 1 GROUP BY c.customer_id, c.store_id ) SELECT customer_id, last_rental, dense_rank() OVER (ORDER BY last_rental DESC NULLS LAST) AS recency_rank FROM activity ORDER BY recency_rank, customer_id",368,1,1,1,True,True,False,2,2,6,2,0,1,0,0,0,456.52,457.34,326.0,20,27058.0,3.723,9,8,2,Sort,2,0,0,0,1,0,0,2,1,1122,0,0,0,16643.0,16044.0,2719744,1351680,7,0.020319122413363252
pagila_customer_recency_rank,"WITH activity AS ( SELECT c.customer_id, c.store_id, MAX(r.rental_date) AS last_rental FROM pagila.customer c LEFT JOIN pagila.rental r USING (customer_id) WHERE c.store_id = 1 GROUP BY c.customer_id, c.store_id ) SELECT customer_id, last_rental, dense_rank() OVER (ORDER BY last_rental DESC NULLS LAST) AS recency_rank FROM activity ORDER BY recency_rank, customer_id",368,1,1,1,True,True,False,2,2,6,2,0,1,0,0,0,456.52,457.34,326.0,20,27058.0,4.895,9,8,2,Sort,2,0,0,0,1,0,0,2,1,1122,0,0,0,16643.0,16044.0,2719744,1351680,7,0.020319122413363252
pagila_actor_category_diversity,"SELECT a.actor_id, a.first_name, a.last_name, COUNT(DISTINCT fc.category_id) AS category_count FROM pagila.actor a JOIN pagila.film_actor fa USING (actor_id) JOIN pagila.film_category fc USING (film_id) WHERE a.actor_id >= 27 GROUP BY a.actor_id, a.first_name, a.last_name ORDER BY category_count DESC",301,2,1,0,True,True,False,3,3,4,1,2,0,0,0,0,533.84,534.28,174.0,25,22414.0,4.13,10,7,3,Sort,3,0,0,0,2,0,0,2,1,230,0,0,0,6662.0,5462.0,704512,303104,5,0.03185646283412669
pagila_actor_category_diversity,"SELECT a.actor_id, a.first_name, a.last_name, COUNT(DISTINCT fc.category_id) AS category_count FROM pagila.actor a JOIN pagila.film_actor fa USING (actor_id) JOIN pagila.film_category fc USING (film_id) WHERE a.actor_id >= 27 GROUP BY a.actor_id, a.first_name, a.last_name ORDER BY category_count DESC",301,2,1,0,True,True,False,3,3,4,1,2,0,0,0,0,533.84,534.28,174.0,25,22414.0,4.459,10,7,3,Sort,3,0,0,0,2,0,0,2,1,230,0,0,0,6662.0,5462.0,704512,303104,5,0.03185646283412669
pagila_replacement_exposure,"SELECT f.rating, COUNT(*) AS copies, SUM(f.replacement_cost) AS exposure FROM pagila.film f JOIN pagila.inventory i USING (film_id) WHERE f.replacement_cost >= 15 GROUP BY f.rating ORDER BY exposure DESC",203,1,1,0,True,True,False,2,2,3,2,1,0,0,0,0,197.31,197.33,5.0,44,9198.0,1.489,6,5,2,Sort,2,0,0,0,1,0,0,1,1,440,0,0,0,5581.0,4581.0,1286144,450560,7,0.0010914647456887142
pagila_replacement_exposure,"SELECT f.rating, COUNT(*) AS copies, SUM(f.replacement_cost) AS exposure FROM pagila.film f JOIN pagila.inventory i USING (film_id) WHERE f.replacement_cost >= 15 GROUP BY f.rating ORDER BY exposure DESC",203,1,1,0,True,True,False,2,2,3,2,1,0,0,0,0,197.31,197.33,5.0,44,9198.0,1.706,6,5,2,Sort,2,0,0,0,1,0,0,1,1,440,0,0,0,5581.0,4581.0,1286144,450560,7,0.0010914647456887142
pagila_inactive_customers,"SELECT c.customer_id, c.first_name, c.last_name FROM pagila.customer c WHERE c.activebool = true AND NOT EXISTS ( SELECT 1 FROM pagila.rental r WHERE r.customer_id = c.customer_id AND r.rental_date >= TIMESTAMPTZ '2022-06-01' ) ORDER BY c.customer_id",250,0,4,1,False,True,False,2,2,4,0,0,0,0,0,0,554.46,554.46,1.0,17,30107.0,3.397,5,4,2,Sort,2,0,0,0,1,0,0,1,0,627,0,0,0,16643.0,16044.0,2719744,1351680,7,6.232859636000998e-05
pagila_inactive_customers,"SELECT c.customer_id, c.first_name, c.last_name FROM pagila.customer c WHERE c.activebool = true AND NOT EXISTS ( SELECT 1 FROM pagila.rental r WHERE r.customer_id = c.customer_id AND r.rental_date >= TIMESTAMPTZ '2022-06-01' ) ORDER BY c.customer_id",250,0,4,1,False,True,False,2,2,4,0,0,0,0,0,0,554.46,554.46,1.0,17,30107.0,3.169,5,4,2,Sort,2,0,0,0,1,0,0,1,0,627,0,0,0,16643.0,16044.0,2719744,1351680,7,6.232859636000998e-05
pagila_store_monthly_revenue,"SELECT date_trunc('month', p.payment_date) AS month, SUM(p.amount) AS revenue, COUNT(DISTINCT p.customer_id) AS customers FROM pagila.payment p JOIN pagila.staff s USING (staff_id) WHERE s.store_id = 1 GROUP BY month ORDER BY month",231,1,1,0,True,True,False,2,2,3,2,1,0,0,0,0,983.42,1184.02,8024.0,48,40121.0,8.115,12,5,8,Aggregate,8,0,0,0,0,0,1,1,1,609,0,0,0,16051.0,16049.0,32768,16384,2,0.499968845410929
pagila_store_monthly_revenue,"SELECT date_trunc('month', p.payment_date) AS month, SUM(p.amount) AS revenue, COUNT(DISTINCT p.customer_id) AS customers FROM pagila.payment p JOIN pagila.staff s USING (staff_id) WHERE s.store_id = 1 GROUP BY month ORDER BY month",231,1,1,0,True,True,False,2,2,3,2,1,0,0,0,0,983.42,1184.02,8024.0,48,40121.0,11.904,12,5,8,Aggregate,8,0,0,0,0,0,1,1,1,609,0,0,0,16051.0,16049.0,32768,16384,2,0.499968845410929
pagila_rental_gaps,"WITH ordered AS ( SELECT r.customer_id, r.rental_date, lag(r.rental_date) OVER (PARTITION BY r.customer_id ORDER BY r.rental_date) AS previous FROM pagila.rental r WHERE r.customer_id >= 369 ) SELECT customer_id, AVG(rental_date - previous) AS avg_gap FROM ordered WHERE previous IS NOT NULL GROUP BY customer_id ORDER BY avg_gap DESC",334,0,2,1,True,True,False,1,1,5,2,0,0,0,0,0,997.18,998.68,599.0,20,25548.0,6.934,6,6,1,Sort,1,0,0,0,0,0,0,2,1,900,0,0,0,16044.0,16044.0,2490368,1228800,3,0.037334829219645975
pagila_rental_gaps,"WITH ordered AS ( SELECT r.customer_id, r.rental_date, lag(r.rental_date) OVER (PARTITION BY r.customer_id ORDER BY r.rental_date) AS previous FROM pagila.rental r WHERE r.customer_id >= 369 ) SELECT customer_id, AVG(rental_date - previous) AS avg_gap FROM ordered WHERE previous IS NOT NULL GROUP BY customer_id ORDER BY avg_gap DESC",334,0,2,1,True,True,False,1,1,5,2,0,0,0,0,0,997.18,998.68,599.0,20,25548.0,5.951,6,6,1,Sort,1,0,0,0,0,0,0,2,1,900,0,0,0,16044.0,16044.0,2490368,1228800,3,0.037334829219645975
pagila_overdue_rentals,"SELECT r.customer_id, COUNT(*) AS overdue_count, AVG(EXTRACT(EPOCH FROM (r.return_date - r.rental_date)) / 86400) AS avg_days FROM pagila.rental r WHERE r.return_date IS NOT NULL AND r.return_date - r.rental_date > INTERVAL '3 days' GROUP BY r.customer_id ORDER BY overdue_count DESC",283,0,2,0,True,True,False,1,1,3,2,0,0,0,0,0,505.09,506.58,599.0,44,6485.0,5.861,3,3,1,Sort,1,0,0,0,0,0,0,1,1,450,0,0,0,16044.0,16044.0,2490368,1228800,3,0.037334829219645975
pagila_overdue_rentals,"SELECT r.customer_id, COUNT(*) AS overdue_count, AVG(EXTRACT(EPOCH FROM (r.return_date - r.rental_date)) / 86400) AS avg_days FROM pagila.rental r WHERE r.return_date IS NOT NULL AND r.return_date - r.rental_date > INTERVAL '3 days' GROUP BY r.customer_id ORDER BY overdue_count DESC",283,0,2,0,True,True,False,1,1,3,2,0,0,0,0,0,505.09,506.58,599.0,44,6485.0,5.78,3,3,1,Sort,1,0,0,0,0,0,0,1,1,450,0,0,0,16044.0,16044.0,2490368,1228800,3,0.037334829219645975
pagila_film_popularity,"SELECT f.film_id, f.title, COUNT(r.rental_id) AS rentals FROM pagila.film f JOIN pagila.inventory i USING (film_id) LEFT JOIN pagila.rental r USING (inventory_id) WHERE f.rating = 'G' GROUP BY f.film_id, f.title ORDER BY rentals DESC, f.title LIMIT 40",251,2,1,0,True,True,False,3,3,3,1,1,1,0,0,0,597.62,597.72,40.0,27,25861.0,3.745,10,8,3,Limit,3,0,0,0,2,0,0,1,1,1472,0,0,0,21625.0,16044.0,3776512,1679360,10,0.0024931438544003987
pagila_film_popularity,"SELECT f.film_id, f.title, COUNT(r.rental_id) AS rentals FROM pagila.film f JOIN pagila.inventory i USING (film_id) LEFT JOIN pagila.rental r USING (inventory_id) WHERE f.rating = 'G' GROUP BY f.film_id, f.title ORDER BY rentals DESC, f.title LIMIT 40",251,2,1,0,True,True,False,3,3,3,1,1,1,0,0,0,597.62,597.72,40.0,27,25861.0,3.391,10,8,3,Limit,3,0,0,0,2,0,0,1,1,1472,0,0,0,21625.0,16044.0,3776512,1679360,10,0.0024931438544003987
pagila_store_inventory_turnover,"SELECT i.store_id, COUNT(DISTINCT i.inventory_id) AS inventory, COUNT(r.rental_id) AS rentals, COUNT(r.rental_id)::numeric / NULLIF(COUNT(DISTINCT i.inventory_id), 0) AS turnover FROM pagila.inventory i LEFT JOIN pagila.rental r USING (inventory_id) WHERE r.return_date - r.rental_date >= INTERVAL '4 days' GROUP BY i.store_id ORDER BY turnover DESC",349,1,1,0,True,True,False,2,2,4,4,0,1,0,0,0,922.48,922.49,2.0,52,25210.0,7.702,7,6,2,Sort,2,0,0,0,1,0,0,2,1,930,0,0,0,20625.0,16044.0,3006464,1466368,5,0.00012465719272001995
pagila_store_inventory_turnover,"SELECT i.store_id, COUNT(DISTINCT i.inventory_id) AS inventory, COUNT(r.rental_id) AS rentals, COUNT(r.rental_id)::numeric / NULLIF(COUNT(DISTINCT i.inventory_id), 0) AS turnover FROM pagila.inventory i LEFT JOIN pagila.rental r USING (inventory_id) WHERE r.return_date - r.rental_date >= INTERVAL '4 days' GROUP BY i.store_id ORDER BY turnover DESC",349,1,1,0,True,True,False,2,2,4,4,0,1,0,0,0,922.48,922.49,2.0,52,25210.0,7.854,7,6,2,Sort,2,0,0,0,1,0,0,2,1,930,0,0,0,20625.0,16044.0,3006464,1466368,5,0.00012465719272001995
pagila_category_revenue,"SELECT c.name, COUNT(DISTINCT r.rental_id) AS rentals, SUM(p.amount) AS revenue FROM pagila.category c JOIN pagila.film_category fc USING (category_id) JOIN pagila.inventory i USING (film_id) JOIN pagila.rental r USING (inventory_id) JOIN pagila.payment p USING (rental_id) WHERE p.payment_date >= TIMESTAMPTZ '2022-02-01' AND p.payment_date < TIMESTAMPTZ '2022-03-01' GROUP BY c.name ORDER BY revenue DESC",406,4,2,0,True,True,False,5,5,3,2,4,0,0,0,0,848.21,848.25,16.0,47,44077.0,6.572,16,9,5,Sort,5,0,0,0,4,0,0,2,1,1650,0,0,0,37690.0,16049.0,3153920,1523712,8,0.0009969468502710448
pagila_category_revenue,"SELECT c.name, COUNT(DISTINCT r.rental_id) AS rentals, SUM(p.amount) AS revenue FROM pagila.category c JOIN pagila.film_category fc USING (category_id) JOIN pagila.inventory i USING (film_id) JOIN pagila.rental r USING (inventory_id) JOIN pagila.payment p USING (rental_id) WHERE p.payment_date >= TIMESTAMPTZ '2022-02-01' AND p.payment_date < TIMESTAMPTZ '2022-03-01' GROUP BY c.name ORDER BY revenue DESC",406,4,2,0,True,True,False,5,5,3,2,4,0,0,0,0,848.21,848.25,16.0,47,44077.0,6.756,16,9,5,Sort,5,0,0,0,4,0,0,2,1,1650,0,0,0,37690.0,16049.0,3153920,1523712,8,0.0009969468502710448
pagila_repeat_renters,"SELECT c.customer_id, c.first_name, c.last_name, COUNT(r.rental_id) AS rentals FROM pagila.customer c JOIN pagila.rental r USING (customer_id) WHERE c.customer_id >= 37 GROUP BY c.customer_id, c.first_name, c.last_name HAVING COUNT(r.rental_id) >= 19 ORDER BY rentals DESC",272,1,1,0,True,True,False,2,2,4,2,1,0,0,0,0,465.92,466.39,188.0,25,32626.0,4.949,6,5,2,Sort,2,0,0,0,1,0,0,1,1,645,0,0,0,16643.0,16044.0,2719744,1351680,7,0.011717776115681875
pagila_repeat_renters,"SELECT c.customer_id, c.first_name, c.last_name, COUNT(r.rental_id) AS rentals FROM pagila.customer c JOIN pagila.rental r USING (customer_id) WHERE c.customer_id >= 37 GROUP BY c.customer_id, c.first_name, c.last_name HAVING COUNT(r.rental_id) >= 19 ORDER BY rentals DESC",272,1,1,0,True,True,False,2,2,4,2,1,0,0,0,0,465.92,466.39,188.0,25,32626.0,6.974,6,5,2,Sort,2,0,0,0,1,0,0,1,1,645,0,0,0,16643.0,16044.0,2719744,1351680,7,0.011717776115681875
pagila_staff_performance,"SELECT s.staff_id, s.first_name, s.last_name, COUNT(p.payment_id) AS payments, SUM(p.amount) AS revenue FROM pagila.staff s JOIN pagila.payment p USING (staff_id) WHERE p.payment_date >= TIMESTAMPTZ '2022-01-01' AND p.payment_date < TIMESTAMPTZ '2022-02-01' GROUP BY s.staff_id, s.first_name, s.last_name ORDER BY revenue DESC",326,1,2,0,True,True,False,2,2,5,2,1,0,0,0,0,29.27,29.28,2.0,56,1454.0,0.362,6,5,2,Sort,2,0,0,0,1,0,0,1,1,29,0,0,0,16051.0,16049.0,32768,16384,2,0.0001246183562838806
pagila_staff_performance,"SELECT s.staff_id, s.first_name, s.last_name, COUNT(p.payment_id) AS payments, SUM(p.amount) AS revenue FROM pagila.staff s JOIN pagila.payment p USING (staff_id) WHERE p.payment_date >= TIMESTAMPTZ '2022-01-01' AND p.payment_date < TIMESTAMPTZ '2022-02-01' GROUP BY s.staff_id, s.first_name, s.last_name ORDER BY revenue DESC",326,1,2,0,True,True,False,2,2,5,2,1,0,0,0,0,29.27,29.28,2.0,56,1454.0,0.346,6,5,2,Sort,2,0,0,0,1,0,0,1,1,29,0,0,0,16051.0,16049.0,32768,16384,2,0.0001246183562838806
pagila_inventory_availability,"SELECT i.store_id, COUNT(*) AS copies, COUNT(*) FILTER (WHERE r.rental_id IS NULL) AS available FROM pagila.inventory i LEFT JOIN pagila.rental r ON r.inventory_id = i.inventory_id AND r.return_date IS NULL WHERE i.film_id BETWEEN 244 AND 344 GROUP BY i.store_id ORDER BY i.store_id",282,1,2,0,True,True,False,2,2,3,2,0,1,0,0,0,419.33,419.33,2.0,20,1636.0,1.119,6,5,2,Sort,2,0,0,0,1,0,0,1,1,750,0,0,0,20625.0,16044.0,3006464,1466368,5,0.00012465719272001995
pagila_inventory_availability,"SELECT i.store_id, COUNT(*) AS copies, COUNT(*) FILTER (WHERE r.rental_id IS NULL) AS available FROM pagila.inventory i LEFT JOIN pagila.rental r ON r.inventory_id = i.inventory_id AND r.return_date IS NULL WHERE i.film_id BETWEEN 244 AND 344 GROUP BY i.store_id ORDER BY i.store_id",282,1,2,0,True,True,False,2,2,3,2,0,1,0,0,0,419.33,419.33,2.0,20,1636.0,1.568,6,5,2,Sort,2,0,0,0,1,0,0,1,1,750,0,0,0,20625.0,16044.0,3006464,1466368,5,0.00012465719272001995
pagila_inventory_imbalance,"SELECT i.film_id, COUNT(*) FILTER (WHERE i.store_id = 1) AS store_one, COUNT(*) FILTER (WHERE i.store_id = 2) AS store_two FROM pagila.inventory i WHERE i.film_id >= 2 GROUP BY i.film_id HAVING ABS(COUNT(*) FILTER (WHERE i.store_id = 1) - COUNT(*) FILTER (WHERE i.store_id = 2)) >= 2 ORDER BY i.film_id",302,0,5,0,True,True,False,1,1,3,4,0,0,0,0,0,174.46,175.25,319.0,20,5211.0,1.179,3,3,1,Sort,1,0,0,0,0,0,0,1,1,90,0,0,0,4581.0,4581.0,516096,237568,2,0.06963545077493997
pagila_inventory_imbalance,"SELECT i.film_id, COUNT(*) FILTER (WHERE i.store_id = 1) AS store_one, COUNT(*) FILTER (WHERE i.store_id = 2) AS store_two FROM pagila.inventory i WHERE i.film_id >= 2 GROUP BY i.film_id HAVING ABS(COUNT(*) FILTER (WHERE i.store_id = 1) - COUNT(*) FILTER (WHERE i.store_id = 2)) >= 2 ORDER BY i.film_id",302,0,5,0,True,True,False,1,1,3,4,0,0,0,0,0,174.46,175.25,319.0,20,5211.0,1.169,3,3,1,Sort,1,0,0,0,0,0,0,1,1,90,0,0,0,4581.0,4581.0,516096,237568,2,0.06963545077493997
pagila_customer_payment_transitions,"SELECT p.customer_id, p.payment_date, p.amount, lag(p.amount) OVER (PARTITION BY p.customer_id ORDER BY p.payment_date) AS previous_amount, p.amount - lag(p.amount) OVER (PARTITION BY p.customer_id ORDER BY p.payment_date) AS delta FROM pagila.payment p WHERE p.customer_id >= 350 ORDER BY p.customer_id, p.payment_date",319,0,1,0,False,True,False,1,1,5,2,0,0,0,0,0,773.57,922.12,6603.0,82,26412.0,6.896,10,4,7,WindowAgg,7,0,0,0,0,0,0,1,0,484,0,0,0,16049.0,16049.0,0,0,1,0.41142750327123184
pagila_customer_payment_transitions,"SELECT p.customer_id, p.payment_date, p.amount, lag(p.amount) OVER (PARTITION BY p.customer_id ORDER BY p.payment_date) AS previous_amount, p.amount - lag(p.amount) OVER (PARTITION BY p.customer_id ORDER BY p.payment_date) AS delta FROM pagila.payment p WHERE p.customer_id >= 350 ORDER BY p.customer_id, p.payment_date",319,0,1,0,False,True,False,1,1,5,2,0,0,0,0,0,773.57,922.12,6603.0,82,26412.0,5.826,10,4,7,WindowAgg,7,0,0,0,0,0,0,1,0,484,0,0,0,16049.0,16049.0,0,0,1,0.41142750327123184
pagila_language_catalog,"SELECT l.name, f.rating, COUNT(*) AS films, AVG(f.length) AS avg_length FROM pagila.language l JOIN pagila.film f USING (language_id) WHERE f.length >= 150 GROUP BY l.name, f.rating ORDER BY films DESC",201,1,1,0,True,True,False,2,2,4,2,1,0,0,0,0,82.42,82.5,30.0,65,580.0,0.369,6,5,2,Sort,2,0,0,0,1,0,0,1,1,261,0,0,0,1006.0,1000.0,794624,229376,6,0.03
pagila_language_catalog,"SELECT l.name, f.rating, COUNT(*) AS films, AVG(f.length) AS avg_length FROM pagila.language l JOIN pagila.film f USING (language_id) WHERE f.length >= 150 GROUP BY l.name, f.rating ORDER BY films DESC",201,1,1,0,True,True,False,2,2,4,2,1,0,0,0,0,82.42,82.5,30.0,65,580.0,0.292,6,5,2,Sort,2,0,0,0,1,0,0,1,1,261,0,0,0,1006.0,1000.0,794624,229376,6,0.03
pagila_category_percentiles,"SELECT c.name, percentile_cont(0.5) WITHIN GROUP (ORDER BY p.amount) AS median_payment, percentile_cont(0.9) WITHIN GROUP (ORDER BY p.amount) AS p90_payment FROM pagila.category c JOIN pagila.film_category fc USING (category_id) JOIN pagila.inventory i USING (film_id) JOIN pagila.rental r USING (inventory_id) JOIN pagila.payment p USING (rental_id) WHERE p.amount >= 4.99 GROUP BY c.name ORDER BY p90_payment DESC",415,4,1,0,True,True,False,5,5,3,2,4,0,0,0,0,1763.37,1763.41,16.0,23,90802.0,18.721,23,8,11,Sort,11,0,0,0,4,0,0,2,1,2428,0,0,0,37690.0,16049.0,3153920,1523712,8,0.0009969468502710448
pagila_category_percentiles,"SELECT c.name, percentile_cont(0.5) WITHIN GROUP (ORDER BY p.amount) AS median_payment, percentile_cont(0.9) WITHIN GROUP (ORDER BY p.amount) AS p90_payment FROM pagila.category c JOIN pagila.film_category fc USING (category_id) JOIN pagila.inventory i USING (film_id) JOIN pagila.rental r USING (inventory_id) JOIN pagila.payment p USING (rental_id) WHERE p.amount >= 4.99 GROUP BY c.name ORDER BY p90_payment DESC",415,4,1,0,True,True,False,5,5,3,2,4,0,0,0,0,1763.37,1763.41,16.0,23,90802.0,17.059,23,8,11,Sort,11,0,0,0,4,0,0,2,1,2428,0,0,0,37690.0,16049.0,3153920,1523712,8,0.0009969468502710448
pagila_customer_cohorts,"SELECT date_trunc('month', c.create_date) AS cohort, COUNT(DISTINCT c.customer_id) AS customers, COUNT(r.rental_id) AS rentals FROM pagila.customer c LEFT JOIN pagila.rental r USING (customer_id) WHERE EXTRACT(YEAR FROM c.create_date) >= 2005 GROUP BY cohort ORDER BY cohort",274,1,1,0,True,True,False,2,2,3,2,0,1,0,0,0,731.92,785.5,1.0,24,27159.0,12.603,6,5,2,Aggregate,2,0,0,0,1,0,0,1,1,645,0,0,0,16643.0,16044.0,2719744,1351680,7,6.232859636000998e-05
pagila_customer_cohorts,"SELECT date_trunc('month', c.create_date) AS cohort, COUNT(DISTINCT c.customer_id) AS customers, COUNT(r.rental_id) AS rentals FROM pagila.customer c LEFT JOIN pagila.rental r USING (customer_id) WHERE EXTRACT(YEAR FROM c.create_date) >= 2005 GROUP BY cohort ORDER BY cohort",274,1,1,0,True,True,False,2,2,3,2,0,1,0,0,0,731.92,785.5,1.0,24,27159.0,11.724,6,5,2,Aggregate,2,0,0,0,1,0,0,1,1,645,0,0,0,16643.0,16044.0,2719744,1351680,7,6.232859636000998e-05
pagila_duration_outliers,"WITH stats AS ( SELECT rating, AVG(length) AS avg_length, STDDEV_POP(length) AS sd FROM pagila.film GROUP BY rating ) SELECT f.film_id, f.title, f.length FROM pagila.film f JOIN stats s USING (rating) WHERE f.rating = 'NC-17' AND f.length > s.avg_length + s.sd ORDER BY f.length DESC",283,1,2,1,True,True,False,2,1,6,2,1,0,0,0,0,159.89,160.06,70.0,21,561.0,0.341,5,4,1,Sort,2,0,0,0,0,0,1,1,1,448,0,0,0,1000.0,1000.0,770048,212992,5,0.07
pagila_duration_outliers,"WITH stats AS ( SELECT rating, AVG(length) AS avg_length, STDDEV_POP(length) AS sd FROM pagila.film GROUP BY rating ) SELECT f.film_id, f.title, f.length FROM pagila.film f JOIN stats s USING (rating) WHERE f.rating = 'NC-17' AND f.length > s.avg_length + s.sd ORDER BY f.length DESC",283,1,2,1,True,True,False,2,1,6,2,1,0,0,0,0,159.89,160.06,70.0,21,561.0,0.548,5,4,1,Sort,2,0,0,0,0,0,1,1,1,448,0,0,0,1000.0,1000.0,770048,212992,5,0.07
pagila_city_customer_density,"SELECT co.country, ci.city, COUNT(cu.customer_id) AS customers FROM pagila.country co JOIN pagila.city ci USING (country_id) JOIN pagila.address a USING (city_id) LEFT JOIN pagila.customer cu USING (address_id) WHERE co.country_id <= 35 GROUP BY co.country, ci.city ORDER BY customers DESC LIMIT 60",298,3,1,0,True,True,False,4,4,3,1,2,1,0,0,0,67.77,67.92,60.0,26,3288.0,0.847,13,10,4,Limit,4,0,0,0,3,0,0,1,1,156,0,0,0,1911.0,603.0,557056,262144,9,0.09950248756218906
pagila_city_customer_density,"SELECT co.country, ci.city, COUNT(cu.customer_id) AS customers FROM pagila.country co JOIN pagila.city ci USING (country_id) JOIN pagila.address a USING (city_id) LEFT JOIN pagila.customer cu USING (address_id) WHERE co.country_id <= 35 GROUP BY co.country, ci.city ORDER BY customers DESC LIMIT 60",298,3,1,0,True,True,False,4,4,3,1,2,1,0,0,0,67.77,67.92,60.0,26,3288.0,0.614,13,10,4,Limit,4,0,0,0,3,0,0,1,1,156,0,0,0,1911.0,603.0,557056,262144,9,0.09950248756218906
pagila_rating_revenue_pivot,"SELECT i.store_id, SUM(p.amount) FILTER (WHERE f.rating = 'G') AS g_revenue, SUM(p.amount) FILTER (WHERE f.rating = 'PG') AS pg_revenue, SUM(p.amount) FILTER (WHERE f.rating = 'R') AS r_revenue FROM pagila.payment p JOIN pagila.rental r USING (rental_id) JOIN pagila.inventory i USING (inventory_id) JOIN pagila.film f USING (film_id) WHERE p.payment_date >= TIMESTAMPTZ '2022-02-01' AND p.payment_date < TIMESTAMPTZ '2022-03-01' GROUP BY i.store_id ORDER BY i.store_id",469,3,5,0,True,True,False,4,4,4,3,3,0,0,0,0,752.92,752.92,2.0,100,39215.0,7.556,12,7,4,Sort,4,0,0,0,3,0,0,1,1,1526,0,0,0,37674.0,16049.0,3776512,1679360,11,0.0001246183562838806
pagila_rating_revenue_pivot,"SELECT i.store_id, SUM(p.amount) FILTER (WHERE f.rating = 'G') AS g_revenue, SUM(p.amount) FILTER (WHERE f.rating = 'PG') AS pg_revenue, SUM(p.amount) FILTER (WHERE f.rating = 'R') AS r_revenue FROM pagila.payment p JOIN pagila.rental r USING (rental_id) JOIN pagila.inventory i USING (inventory_id) JOIN pagila.film f USING (film_id) WHERE p.payment_date >= TIMESTAMPTZ '2022-02-01' AND p.payment_date < TIMESTAMPTZ '2022-03-01' GROUP BY i.store_id ORDER BY i.store_id",469,3,5,0,True,True,False,4,4,4,3,3,0,0,0,0,752.92,752.92,2.0,100,39215.0,6.821,12,7,4,Sort,4,0,0,0,3,0,0,1,1,1526,0,0,0,37674.0,16049.0,3776512,1679360,11,0.0001246183562838806
pagila_payment_moving_average,"SELECT p.customer_id, p.payment_date, p.amount, AVG(p.amount) OVER (PARTITION BY p.customer_id ORDER BY p.payment_date ROWS BETWEEN 4 PRECEDING AND CURRENT ROW) AS moving_avg FROM pagila.payment p WHERE p.customer_id BETWEEN 217 AND 267 ORDER BY p.customer_id, p.payment_date",275,0,1,0,False,True,False,1,1,4,1,0,0,0,0,0,289.54,317.02,1375.0,50,6660.0,2.918,16,5,7,WindowAgg,1,0,0,6,0,0,0,1,0,273,0,0,0,16049.0,16049.0,0,0,1,0.08567511994516792
pagila_payment_moving_average,"SELECT p.customer_id, p.payment_date, p.amount, AVG(p.amount) OVER (PARTITION BY p.customer_id ORDER BY p.payment_date ROWS BETWEEN 4 PRECEDING AND CURRENT ROW) AS moving_avg FROM pagila.payment p WHERE p.customer_id BETWEEN 217 AND 267 ORDER BY p.customer_id, p.payment_date",275,0,1,0,False,True,False,1,1,4,1,0,0,0,0,0,289.54,317.02,1375.0,50,6660.0,3.386,16,5,7,WindowAgg,1,0,0,6,0,0,0,1,0,273,0,0,0,16049.0,16049.0,0,0,1,0.08567511994516792
pagila_film_pair_affinity,"SELECT i1.film_id AS first_film, i2.film_id AS second_film, COUNT(DISTINCT r1.customer_id) AS shared_customers FROM pagila.rental r1 JOIN pagila.inventory i1 USING (inventory_id) JOIN pagila.rental r2 ON r2.customer_id = r1.customer_id AND r2.rental_id > r1.rental_id JOIN pagila.inventory i2 ON i2.inventory_id = r2.inventory_id WHERE i1.film_id < i2.film_id GROUP BY i1.film_id, i2.film_id HAVING COUNT(DISTINCT r1.customer_id) >= 5 ORDER BY shared_customers DESC LIMIT 40",474,3,1,0,True,True,False,4,2,3,2,3,0,0,0,0,13344.35,13344.45,40.0,16,358245.0,151.763,14,9,2,Limit,4,0,0,0,3,0,0,2,1,2880,0,1160,1164,20625.0,16044.0,3006464,1466368,5,0.0024931438544003987
pagila_film_pair_affinity,"SELECT i1.film_id AS first_film, i2.film_id AS second_film, COUNT(DISTINCT r1.customer_id) AS shared_customers FROM pagila.rental r1 JOIN pagila.inventory i1 USING (inventory_id) JOIN pagila.rental r2 ON r2.customer_id = r1.customer_id AND r2.rental_id > r1.rental_id JOIN pagila.inventory i2 ON i2.inventory_id = r2.inventory_id WHERE i1.film_id < i2.film_id GROUP BY i1.film_id, i2.film_id HAVING COUNT(DISTINCT r1.customer_id) >= 5 ORDER BY shared_customers DESC LIMIT 40",474,3,1,0,True,True,False,4,2,3,2,3,0,0,0,0,13344.35,13344.45,40.0,16,358245.0,134.76,14,9,2,Limit,4,0,0,0,3,0,0,2,1,2880,0,1160,1164,20625.0,16044.0,3006464,1466368,5,0.0024931438544003987
pagila_duration_outliers,"WITH stats AS ( SELECT rating, AVG(length) AS avg_length, STDDEV_POP(length) AS sd FROM pagila.film GROUP BY rating ) SELECT f.film_id, f.title, f.length FROM pagila.film f JOIN stats s USING (rating) WHERE f.rating = 'R' AND f.length > s.avg_length + s.sd ORDER BY f.length DESC",279,1,2,1,True,True,False,2,1,6,2,1,0,0,0,0,159.36,159.52,65.0,21,521.0,0.37,5,4,1,Sort,2,0,0,0,0,0,1,1,1,448,0,0,0,1000.0,1000.0,770048,212992,5,0.065
pagila_duration_outliers,"WITH stats AS ( SELECT rating, AVG(length) AS avg_length, STDDEV_POP(length) AS sd FROM pagila.film GROUP BY rating ) SELECT f.film_id, f.title, f.length FROM pagila.film f JOIN stats s USING (rating) WHERE f.rating = 'R' AND f.length > s.avg_length + s.sd ORDER BY f.length DESC",279,1,2,1,True,True,False,2,1,6,2,1,0,0,0,0,159.36,159.52,65.0,21,521.0,0.403,5,4,1,Sort,2,0,0,0,0,0,1,1,1,448,0,0,0,1000.0,1000.0,770048,212992,5,0.065
pagila_customer_cohorts,"SELECT date_trunc('month', c.create_date) AS cohort, COUNT(DISTINCT c.customer_id) AS customers, COUNT(r.rental_id) AS rentals FROM pagila.customer c LEFT JOIN pagila.rental r USING (customer_id) WHERE EXTRACT(YEAR FROM c.create_date) >= 2005 GROUP BY cohort ORDER BY cohort",274,1,1,0,True,True,False,2,2,3,2,0,1,0,0,0,731.92,785.5,1.0,24,27159.0,11.055,6,5,2,Aggregate,2,0,0,0,1,0,0,1,1,645,0,0,0,16643.0,16044.0,2719744,1351680,7,6.232859636000998e-05
pagila_customer_cohorts,"SELECT date_trunc('month', c.create_date) AS cohort, COUNT(DISTINCT c.customer_id) AS customers, COUNT(r.rental_id) AS rentals FROM pagila.customer c LEFT JOIN pagila.rental r USING (customer_id) WHERE EXTRACT(YEAR FROM c.create_date) >= 2005 GROUP BY cohort ORDER BY cohort",274,1,1,0,True,True,False,2,2,3,2,0,1,0,0,0,731.92,785.5,1.0,24,27159.0,11.024,6,5,2,Aggregate,2,0,0,0,1,0,0,1,1,645,0,0,0,16643.0,16044.0,2719744,1351680,7,6.232859636000998e-05
pagila_rental_gaps,"WITH ordered AS ( SELECT r.customer_id, r.rental_date, lag(r.rental_date) OVER (PARTITION BY r.customer_id ORDER BY r.rental_date) AS previous FROM pagila.rental r WHERE r.customer_id >= 298 ) SELECT customer_id, AVG(rental_date - previous) AS avg_gap FROM ordered WHERE previous IS NOT NULL GROUP BY customer_id ORDER BY avg_gap DESC",334,0,2,1,True,True,False,1,1,5,2,0,0,0,0,0,1200.17,1201.67,599.0,20,33018.0,6.944,6,6,1,Sort,1,0,0,0,0,0,0,2,1,900,0,0,0,16044.0,16044.0,2490368,1228800,3,0.037334829219645975
pagila_rental_gaps,"WITH ordered AS ( SELECT r.customer_id, r.rental_date, lag(r.rental_date) OVER (PARTITION BY r.customer_id ORDER BY r.rental_date) AS previous FROM pagila.rental r WHERE r.customer_id >= 298 ) SELECT customer_id, AVG(rental_date - previous) AS avg_gap FROM ordered WHERE previous IS NOT NULL GROUP BY customer_id ORDER BY avg_gap DESC",334,0,2,1,True,True,False,1,1,5,2,0,0,0,0,0,1200.17,1201.67,599.0,20,33018.0,8.137,6,6,1,Sort,1,0,0,0,0,0,0,2,1,900,0,0,0,16044.0,16044.0,2490368,1228800,3,0.037334829219645975
pagila_actor_category_diversity,"SELECT a.actor_id, a.first_name, a.last_name, COUNT(DISTINCT fc.category_id) AS category_count FROM pagila.actor a JOIN pagila.film_actor fa USING (actor_id) JOIN pagila.film_category fc USING (film_id) WHERE a.actor_id >= 75 GROUP BY a.actor_id, a.first_name, a.last_name ORDER BY category_count DESC",301,2,1,0,True,True,False,3,3,4,1,2,0,0,0,0,414.74,415.06,126.0,25,18289.0,3.214,10,7,3,Sort,3,0,0,0,2,0,0,2,1,230,0,0,0,6662.0,5462.0,704512,303104,5,0.023068473086781397
pagila_actor_category_diversity,"SELECT a.actor_id, a.first_name, a.last_name, COUNT(DISTINCT fc.category_id) AS category_count FROM pagila.actor a JOIN pagila.film_actor fa USING (actor_id) JOIN pagila.film_category fc USING (film_id) WHERE a.actor_id >= 75 GROUP BY a.actor_id, a.first_name, a.last_name ORDER BY category_count DESC",301,2,1,0,True,True,False,3,3,4,1,2,0,0,0,0,414.74,415.06,126.0,25,18289.0,3.181,10,7,3,Sort,3,0,0,0,2,0,0,2,1,230,0,0,0,6662.0,5462.0,704512,303104,5,0.023068473086781397
pagila_customer_lifetime_value,"SELECT c.customer_id, c.first_name, c.last_name, COUNT(p.payment_id) AS payments, SUM(p.amount) AS lifetime_value FROM pagila.customer c JOIN pagila.payment p USING (customer_id) WHERE c.customer_id >= 294 GROUP BY c.customer_id, c.first_name, c.last_name HAVING COUNT(p.payment_id) >= 4 ORDER BY lifetime_value DESC LIMIT 50",325,1,1,0,True,True,False,2,2,5,3,1,0,0,0,0,493.95,494.07,50.0,57,41163.0,5.73,14,6,8,Limit,8,0,0,0,1,0,0,1,1,780,0,0,0,16648.0,16049.0,229376,122880,5,0.0031154589070970153
pagila_customer_lifetime_value,"SELECT c.customer_id, c.first_name, c.last_name, COUNT(p.payment_id) AS payments, SUM(p.amount) AS lifetime_value FROM pagila.customer c JOIN pagila.payment p USING (customer_id) WHERE c.customer_id >= 294 GROUP BY c.customer_id, c.first_name, c.last_name HAVING COUNT(p.payment_id) >= 4 ORDER BY lifetime_value DESC LIMIT 50",325,1,1,0,True,True,False,2,2,5,3,1,0,0,0,0,493.95,494.07,50.0,57,41163.0,5.741,14,6,8,Limit,8,0,0,0,1,0,0,1,1,780,0,0,0,16648.0,16049.0,229376,122880,5,0.0031154589070970153
pagila_store_inventory_turnover,"SELECT i.store_id, COUNT(DISTINCT i.inventory_id) AS inventory, COUNT(r.rental_id) AS rentals, COUNT(r.rental_id)::numeric / NULLIF(COUNT(DISTINCT i.inventory_id), 0) AS turnover FROM pagila.inventory i LEFT JOIN pagila.rental r USING (inventory_id) WHERE r.return_date - r.rental_date >= INTERVAL '9 days' GROUP BY i.store_id ORDER BY turnover DESC",349,1,1,0,True,True,False,2,2,4,4,0,1,0,0,0,922.48,922.49,2.0,52,25210.0,2.967,7,6,2,Sort,2,0,0,0,1,0,0,2,1,930,0,0,0,20625.0,16044.0,3006464,1466368,5,0.00012465719272001995
pagila_store_inventory_turnover,"SELECT i.store_id, COUNT(DISTINCT i.inventory_id) AS inventory, COUNT(r.rental_id) AS rentals, COUNT(r.rental_id)::numeric / NULLIF(COUNT(DISTINCT i.inventory_id), 0) AS turnover FROM pagila.inventory i LEFT JOIN pagila.rental r USING (inventory_id) WHERE r.return_date - r.rental_date >= INTERVAL '9 days' GROUP BY i.store_id ORDER BY turnover DESC",349,1,1,0,True,True,False,2,2,4,4,0,1,0,0,0,922.48,922.49,2.0,52,25210.0,2.484,7,6,2,Sort,2,0,0,0,1,0,0,2,1,930,0,0,0,20625.0,16044.0,3006464,1466368,5,0.00012465719272001995
pagila_return_sla,"SELECT i.store_id, COUNT(*) AS rentals, COUNT(*) FILTER (WHERE r.return_date <= r.rental_date + INTERVAL '8 days') AS within_sla FROM pagila.rental r JOIN pagila.inventory i USING (inventory_id) WHERE r.return_date IS NOT NULL GROUP BY i.store_id ORDER BY i.store_id",266,1,2,0,True,True,False,2,2,3,2,1,0,0,0,0,683.47,683.48,2.0,20,40888.0,6.788,6,5,2,Sort,2,0,0,0,1,0,0,1,1,750,0,0,0,20625.0,16044.0,3006464,1466368,5,0.00012465719272001995
pagila_return_sla,"SELECT i.store_id, COUNT(*) AS rentals, COUNT(*) FILTER (WHERE r.return_date <= r.rental_date + INTERVAL '8 days') AS within_sla FROM pagila.rental r JOIN pagila.inventory i USING (inventory_id) WHERE r.return_date IS NOT NULL GROUP BY i.store_id ORDER BY i.store_id",266,1,2,0,True,True,False,2,2,3,2,1,0,0,0,0,683.47,683.48,2.0,20,40888.0,6.933,6,5,2,Sort,2,0,0,0,1,0,0,1,1,750,0,0,0,20625.0,16044.0,3006464,1466368,5,0.00012465719272001995
pagila_customer_recency_rank,"WITH activity AS ( SELECT c.customer_id, c.store_id, MAX(r.rental_date) AS last_rental FROM pagila.customer c LEFT JOIN pagila.rental r USING (customer_id) WHERE c.store_id = 1 GROUP BY c.customer_id, c.store_id ) SELECT customer_id, last_rental, dense_rank() OVER (ORDER BY last_rental DESC NULLS LAST) AS recency_rank FROM activity ORDER BY recency_rank, customer_id",368,1,1,1,True,True,False,2,2,6,2,0,1,0,0,0,456.52,457.34,326.0,20,27058.0,3.681,9,8,2,Sort,2,0,0,0,1,0,0,2,1,1122,0,0,0,16643.0,16044.0,2719744,1351680,7,0.020319122413363252
pagila_customer_recency_rank,"WITH activity AS ( SELECT c.customer_id, c.store_id, MAX(r.rental_date) AS last_rental FROM pagila.customer c LEFT JOIN pagila.rental r USING (customer_id) WHERE c.store_id = 1 GROUP BY c.customer_id, c.store_id ) SELECT customer_id, last_rental, dense_rank() OVER (ORDER BY last_rental DESC NULLS LAST) AS recency_rank FROM activity ORDER BY recency_rank, customer_id",368,1,1,1,True,True,False,2,2,6,2,0,1,0,0,0,456.52,457.34,326.0,20,27058.0,4.202,9,8,2,Sort,2,0,0,0,1,0,0,2,1,1122,0,0,0,16643.0,16044.0,2719744,1351680,7,0.020319122413363252
pagila_category_revenue,"SELECT c.name, COUNT(DISTINCT r.rental_id) AS rentals, SUM(p.amount) AS revenue FROM pagila.category c JOIN pagila.film_category fc USING (category_id) JOIN pagila.inventory i USING (film_id) JOIN pagila.rental r USING (inventory_id) JOIN pagila.payment p USING (rental_id) WHERE p.payment_date >= TIMESTAMPTZ '2022-06-01' AND p.payment_date < TIMESTAMPTZ '2022-07-01' GROUP BY c.name ORDER BY revenue DESC",406,4,2,0,True,True,False,5,5,3,2,4,0,0,0,0,883.34,883.38,16.0,47,45848.0,7.883,16,9,5,Sort,5,0,0,0,4,0,0,2,1,1668,0,0,0,37690.0,16049.0,3153920,1523712,8,0.0009969468502710448
pagila_category_revenue,"SELECT c.name, COUNT(DISTINCT r.rental_id) AS rentals, SUM(p.amount) AS revenue FROM pagila.category c JOIN pagila.film_category fc USING (category_id) JOIN pagila.inventory i USING (film_id) JOIN pagila.rental r USING (inventory_id) JOIN pagila.payment p USING (rental_id) WHERE p.payment_date >= TIMESTAMPTZ '2022-06-01' AND p.payment_date < TIMESTAMPTZ '2022-07-01' GROUP BY c.name ORDER BY revenue DESC",406,4,2,0,True,True,False,5,5,3,2,4,0,0,0,0,883.34,883.38,16.0,47,45848.0,7.064,16,9,5,Sort,5,0,0,0,4,0,0,2,1,1668,0,0,0,37690.0,16049.0,3153920,1523712,8,0.0009969468502710448
pagila_store_monthly_revenue,"SELECT date_trunc('month', p.payment_date) AS month, SUM(p.amount) AS revenue, COUNT(DISTINCT p.customer_id) AS customers FROM pagila.payment p JOIN pagila.staff s USING (staff_id) WHERE s.store_id = 1 GROUP BY month ORDER BY month",231,1,1,0,True,True,False,2,2,3,2,1,0,0,0,0,983.42,1184.02,8024.0,48,40121.0,7.21,12,5,8,Aggregate,8,0,0,0,0,0,1,1,1,609,0,0,0,16051.0,16049.0,32768,16384,2,0.499968845410929
pagila_store_monthly_revenue,"SELECT date_trunc('month', p.payment_date) AS month, SUM(p.amount) AS revenue, COUNT(DISTINCT p.customer_id) AS customers FROM pagila.payment p JOIN pagila.staff s USING (staff_id) WHERE s.store_id = 1 GROUP BY month ORDER BY month",231,1,1,0,True,True,False,2,2,3,2,1,0,0,0,0,983.42,1184.02,8024.0,48,40121.0,7.382,12,5,8,Aggregate,8,0,0,0,0,0,1,1,1,609,0,0,0,16051.0,16049.0,32768,16384,2,0.499968845410929
pagila_category_percentiles,"SELECT c.name, percentile_cont(0.5) WITHIN GROUP (ORDER BY p.amount) AS median_payment, percentile_cont(0.9) WITHIN GROUP (ORDER BY p.amount) AS p90_payment FROM pagila.category c JOIN pagila.film_category fc USING (category_id) JOIN pagila.inventory i USING (film_id) JOIN pagila.rental r USING (inventory_id) JOIN pagila.payment p USING (rental_id) WHERE p.amount >= 2.99 GROUP BY c.name ORDER BY p90_payment DESC",415,4,1,0,True,True,False,5,5,3,2,4,0,0,0,0,2264.79,2264.83,16.0,23,118750.0,21.83,23,8,11,Sort,11,0,0,0,4,0,0,2,1,2428,0,0,0,37690.0,16049.0,3153920,1523712,8,0.0009969468502710448
pagila_category_percentiles,"SELECT c.name, percentile_cont(0.5) WITHIN GROUP (ORDER BY p.amount) AS median_payment, percentile_cont(0.9) WITHIN GROUP (ORDER BY p.amount) AS p90_payment FROM pagila.category c JOIN pagila.film_category fc USING (category_id) JOIN pagila.inventory i USING (film_id) JOIN pagila.rental r USING (inventory_id) JOIN pagila.payment p USING (rental_id) WHERE p.amount >= 2.99 GROUP BY c.name ORDER BY p90_payment DESC",415,4,1,0,True,True,False,5,5,3,2,4,0,0,0,0,2264.79,2264.83,16.0,23,118750.0,20.902,23,8,11,Sort,11,0,0,0,4,0,0,2,1,2428,0,0,0,37690.0,16049.0,3153920,1523712,8,0.0009969468502710448
pagila_inventory_imbalance,"SELECT i.film_id, COUNT(*) FILTER (WHERE i.store_id = 1) AS store_one, COUNT(*) FILTER (WHERE i.store_id = 2) AS store_two FROM pagila.inventory i WHERE i.film_id >= 2 GROUP BY i.film_id HAVING ABS(COUNT(*) FILTER (WHERE i.store_id = 1) - COUNT(*) FILTER (WHERE i.store_id = 2)) >= 2 ORDER BY i.film_id",302,0,5,0,True,True,False,1,1,3,4,0,0,0,0,0,174.46,175.25,319.0,20,5211.0,1.057,3,3,1,Sort,1,0,0,0,0,0,0,1,1,90,0,0,0,4581.0,4581.0,516096,237568,2,0.06963545077493997
pagila_inventory_imbalance,"SELECT i.film_id, COUNT(*) FILTER (WHERE i.store_id = 1) AS store_one, COUNT(*) FILTER (WHERE i.store_id = 2) AS store_two FROM pagila.inventory i WHERE i.film_id >= 2 GROUP BY i.film_id HAVING ABS(COUNT(*) FILTER (WHERE i.store_id = 1) - COUNT(*) FILTER (WHERE i.store_id = 2)) >= 2 ORDER BY i.film_id",302,0,5,0,True,True,False,1,1,3,4,0,0,0,0,0,174.46,175.25,319.0,20,5211.0,1.175,3,3,1,Sort,1,0,0,0,0,0,0,1,1,90,0,0,0,4581.0,4581.0,516096,237568,2,0.06963545077493997
pagila_customer_payment_transitions,"SELECT p.customer_id, p.payment_date, p.amount, lag(p.amount) OVER (PARTITION BY p.customer_id ORDER BY p.payment_date) AS previous_amount, p.amount - lag(p.amount) OVER (PARTITION BY p.customer_id ORDER BY p.payment_date) AS delta FROM pagila.payment p WHERE p.customer_id >= 50 ORDER BY p.customer_id, p.payment_date",318,0,1,0,False,True,False,1,1,5,2,0,0,0,0,0,1413.93,1745.02,14716.0,82,58864.0,12.472,10,4,7,WindowAgg,7,0,0,0,0,0,0,1,0,484,0,0,0,16049.0,16049.0,0,0,1,0.9169418655367936
pagila_customer_payment_transitions,"SELECT p.customer_id, p.payment_date, p.amount, lag(p.amount) OVER (PARTITION BY p.customer_id ORDER BY p.payment_date) AS previous_amount, p.amount - lag(p.amount) OVER (PARTITION BY p.customer_id ORDER BY p.payment_date) AS delta FROM pagila.payment p WHERE p.customer_id >= 50 ORDER BY p.customer_id, p.payment_date",318,0,1,0,False,True,False,1,1,5,2,0,0,0,0,0,1413.93,1745.02,14716.0,82,58864.0,11.275,10,4,7,WindowAgg,7,0,0,0,0,0,0,1,0,484,0,0,0,16049.0,16049.0,0,0,1,0.9169418655367936
pagila_city_customer_density,"SELECT co.country, ci.city, COUNT(cu.customer_id) AS customers FROM pagila.country co JOIN pagila.city ci USING (country_id) JOIN pagila.address a USING (city_id) LEFT JOIN pagila.customer cu USING (address_id) WHERE co.country_id <= 6 GROUP BY co.country, ci.city ORDER BY customers DESC LIMIT 60",297,3,1,0,True,True,False,4,4,3,1,2,1,0,0,0,38.01,38.08,28.0,26,780.0,0.233,11,8,4,Limit,2,2,0,0,1,0,2,1,1,736,0,0,0,1911.0,603.0,557056,262144,9,0.04643449419568822
pagila_city_customer_density,"SELECT co.country, ci.city, COUNT(cu.customer_id) AS customers FROM pagila.country co JOIN pagila.city ci USING (country_id) JOIN pagila.address a USING (city_id) LEFT JOIN pagila.customer cu USING (address_id) WHERE co.country_id <= 6 GROUP BY co.country, ci.city ORDER BY customers DESC LIMIT 60",297,3,1,0,True,True,False,4,4,3,1,2,1,0,0,0,38.01,38.08,28.0,26,780.0,0.21,11,8,4,Limit,2,2,0,0,1,0,2,1,1,736,0,0,0,1911.0,603.0,557056,262144,9,0.04643449419568822
pagila_top_films_per_category,"WITH ranked AS ( SELECT c.name AS category, f.title, COUNT(r.rental_id) AS rentals, dense_rank() OVER (PARTITION BY c.category_id ORDER BY COUNT(r.rental_id) DESC) AS rank FROM pagila.category c JOIN pagila.film_category fc USING (category_id) JOIN pagila.film f USING (film_id) JOIN pagila.inventory i USING (film_id) LEFT JOIN pagila.rental r USING (inventory_id) WHERE f.rating = 'PG-13' GROUP BY c.category_id, c.name, f.film_id, f.title ) SELECT category, title, rentals FROM ranked WHERE rank <= 8 ORDER BY category, rentals DESC",535,4,2,1,True,True,False,5,5,7,3,3,1,0,0,0,1215.81,1224.73,3568.0,30,46235.0,4.111,18,13,5,Sort,5,0,0,0,4,0,0,2,1,2236,0,0,0,22641.0,16044.0,3923968,1736704,12,0.22238843181251558
pagila_top_films_per_category,"WITH ranked AS ( SELECT c.name AS category, f.title, COUNT(r.rental_id) AS rentals, dense_rank() OVER (PARTITION BY c.category_id ORDER BY COUNT(r.rental_id) DESC) AS rank FROM pagila.category c JOIN pagila.film_category fc USING (category_id) JOIN pagila.film f USING (film_id) JOIN pagila.inventory i USING (film_id) LEFT JOIN pagila.rental r USING (inventory_id) WHERE f.rating = 'PG-13' GROUP BY c.category_id, c.name, f.film_id, f.title ) SELECT category, title, rentals FROM ranked WHERE rank <= 8 ORDER BY category, rentals DESC",535,4,2,1,True,True,False,5,5,7,3,3,1,0,0,0,1215.81,1224.73,3568.0,30,46235.0,4.068,18,13,5,Sort,5,0,0,0,4,0,0,2,1,2236,0,0,0,22641.0,16044.0,3923968,1736704,12,0.22238843181251558
pagila_overdue_rentals,"SELECT r.customer_id, COUNT(*) AS overdue_count, AVG(EXTRACT(EPOCH FROM (r.return_date - r.rental_date)) / 86400) AS avg_days FROM pagila.rental r WHERE r.return_date IS NOT NULL AND r.return_date - r.rental_date > INTERVAL '12 days' GROUP BY r.customer_id ORDER BY overdue_count DESC",284,0,2,0,True,True,False,1,1,3,2,0,0,0,0,0,505.09,506.58,599.0,44,6485.0,1.158,3,3,1,Sort,1,0,0,0,0,0,0,1,1,450,0,0,0,16044.0,16044.0,2490368,1228800,3,0.037334829219645975
pagila_overdue_rentals,"SELECT r.customer_id, COUNT(*) AS overdue_count, AVG(EXTRACT(EPOCH FROM (r.return_date - r.rental_date)) / 86400) AS avg_days FROM pagila.rental r WHERE r.return_date IS NOT NULL AND r.return_date - r.rental_date > INTERVAL '12 days' GROUP BY r.customer_id ORDER BY overdue_count DESC",284,0,2,0,True,True,False,1,1,3,2,0,0,0,0,0,505.09,506.58,599.0,44,6485.0,1.157,3,3,1,Sort,1,0,0,0,0,0,0,1,1,450,0,0,0,16044.0,16044.0,2490368,1228800,3,0.037334829219645975
pagila_language_catalog,"SELECT l.name, f.rating, COUNT(*) AS films, AVG(f.length) AS avg_length FROM pagila.language l JOIN pagila.film f USING (language_id) WHERE f.length >= 120 GROUP BY l.name, f.rating ORDER BY films DESC",201,1,1,0,True,True,False,2,2,4,2,1,0,0,0,0,85.53,85.61,30.0,65,1010.0,0.431,6,5,2,Sort,2,0,0,0,1,0,0,1,1,261,0,0,0,1006.0,1000.0,794624,229376,6,0.03
pagila_language_catalog,"SELECT l.name, f.rating, COUNT(*) AS films, AVG(f.length) AS avg_length FROM pagila.language l JOIN pagila.film f USING (language_id) WHERE f.length >= 120 GROUP BY l.name, f.rating ORDER BY films DESC",201,1,1,0,True,True,False,2,2,4,2,1,0,0,0,0,85.53,85.61,30.0,65,1010.0,0.377,6,5,2,Sort,2,0,0,0,1,0,0,1,1,261,0,0,0,1006.0,1000.0,794624,229376,6,0.03
pagila_repeat_renters,"SELECT c.customer_id, c.first_name, c.last_name, COUNT(r.rental_id) AS rentals FROM pagila.customer c JOIN pagila.rental r USING (customer_id) WHERE c.customer_id >= 190 GROUP BY c.customer_id, c.first_name, c.last_name HAVING COUNT(r.rental_id) >= 20 ORDER BY rentals DESC",273,1,1,0,True,True,False,2,2,4,2,1,0,0,0,0,439.37,439.71,137.0,25,28120.0,4.106,6,5,2,Sort,2,0,0,0,1,0,0,1,1,645,0,0,0,16643.0,16044.0,2719744,1351680,7,0.008539017701321367
pagila_repeat_renters,"SELECT c.customer_id, c.first_name, c.last_name, COUNT(r.rental_id) AS rentals FROM pagila.customer c JOIN pagila.rental r USING (customer_id) WHERE c.customer_id >= 190 GROUP BY c.customer_id, c.first_name, c.last_name HAVING COUNT(r.rental_id) >= 20 ORDER BY rentals DESC",273,1,1,0,True,True,False,2,2,4,2,1,0,0,0,0,439.37,439.71,137.0,25,28120.0,4.165,6,5,2,Sort,2,0,0,0,1,0,0,1,1,645,0,0,0,16643.0,16044.0,2719744,1351680,7,0.008539017701321367
pagila_inactive_customers,"SELECT c.customer_id, c.first_name, c.last_name FROM pagila.customer c WHERE c.activebool = true AND NOT EXISTS ( SELECT 1 FROM pagila.rental r WHERE r.customer_id = c.customer_id AND r.rental_date >= TIMESTAMPTZ '2022-05-01' ) ORDER BY c.customer_id",250,0,4,1,False,True,False,2,2,4,0,0,0,0,0,0,566.09,566.1,1.0,17,32089.0,3.382,5,4,2,Sort,2,0,0,0,1,0,0,1,0,627,0,0,0,16643.0,16044.0,2719744,1351680,7,6.232859636000998e-05
pagila_inactive_customers,"SELECT c.customer_id, c.first_name, c.last_name FROM pagila.customer c WHERE c.activebool = true AND NOT EXISTS ( SELECT 1 FROM pagila.rental r WHERE r.customer_id = c.customer_id AND r.rental_date >= TIMESTAMPTZ '2022-05-01' ) ORDER BY c.customer_id",250,0,4,1,False,True,False,2,2,4,0,0,0,0,0,0,566.09,566.1,1.0,17,32089.0,2.996,5,4,2,Sort,2,0,0,0,1,0,0,1,0,627,0,0,0,16643.0,16044.0,2719744,1351680,7,6.232859636000998e-05
pagila_daily_revenue_rollup,"SELECT date_trunc('day', p.payment_date) AS day, s.store_id, SUM(p.amount) AS revenue FROM pagila.payment p JOIN pagila.staff s USING (staff_id) WHERE p.payment_date >= TIMESTAMPTZ '2022-05-01' AND p.payment_date < TIMESTAMPTZ '2022-06-01' GROUP BY GROUPING SETS ((day, s.store_id), (day), ()) ORDER BY day NULLS LAST, s.store_id NULLS LAST",340,1,2,0,True,True,False,2,2,3,1,1,0,0,0,0,242.21,349.31,5355.0,44,13390.0,2.08,6,5,2,Aggregate,2,0,0,0,1,0,0,1,1,85,0,0,0,16051.0,16049.0,32768,16384,2,0.3336656489500903
pagila_daily_revenue_rollup,"SELECT date_trunc('day', p.payment_date) AS day, s.store_id, SUM(p.amount) AS revenue FROM pagila.payment p JOIN pagila.staff s USING (staff_id) WHERE p.payment_date >= TIMESTAMPTZ '2022-05-01' AND p.payment_date < TIMESTAMPTZ '2022-06-01' GROUP BY GROUPING SETS ((day, s.store_id), (day), ()) ORDER BY day NULLS LAST, s.store_id NULLS LAST",340,1,2,0,True,True,False,2,2,3,1,1,0,0,0,0,242.21,349.31,5355.0,44,13390.0,1.802,6,5,2,Aggregate,2,0,0,0,1,0,0,1,1,85,0,0,0,16051.0,16049.0,32768,16384,2,0.3336656489500903
pagila_replacement_exposure,"SELECT f.rating, COUNT(*) AS copies, SUM(f.replacement_cost) AS exposure FROM pagila.film f JOIN pagila.inventory i USING (film_id) WHERE f.replacement_cost >= 20 GROUP BY f.rating ORDER BY exposure DESC",203,1,1,0,True,True,False,2,2,3,2,1,0,0,0,0,187.28,187.29,5.0,44,7789.0,1.276,6,5,2,Sort,2,0,0,0,1,0,0,1,1,440,0,0,0,5581.0,4581.0,1286144,450560,7,0.0010914647456887142
pagila_replacement_exposure,"SELECT f.rating, COUNT(*) AS copies, SUM(f.replacement_cost) AS exposure FROM pagila.film f JOIN pagila.inventory i USING (film_id) WHERE f.replacement_cost >= 20 GROUP BY f.rating ORDER BY exposure DESC",203,1,1,0,True,True,False,2,2,3,2,1,0,0,0,0,187.28,187.29,5.0,44,7789.0,1.249,6,5,2,Sort,2,0,0,0,1,0,0,1,1,440,0,0,0,5581.0,4581.0,1286144,450560,7,0.0010914647456887142
pagila_inventory_availability,"SELECT i.store_id, COUNT(*) AS copies, COUNT(*) FILTER (WHERE r.rental_id IS NULL) AS available FROM pagila.inventory i LEFT JOIN pagila.rental r ON r.inventory_id = i.inventory_id AND r.return_date IS NULL WHERE i.film_id BETWEEN 661 AND 761 GROUP BY i.store_id ORDER BY i.store_id",282,1,2,0,True,True,False,2,2,3,2,0,1,0,0,0,418.93,418.93,2.0,20,1576.0,1.345,6,5,2,Sort,2,0,0,0,1,0,0,1,1,750,0,0,0,20625.0,16044.0,3006464,1466368,5,0.00012465719272001995
pagila_inventory_availability,"SELECT i.store_id, COUNT(*) AS copies, COUNT(*) FILTER (WHERE r.rental_id IS NULL) AS available FROM pagila.inventory i LEFT JOIN pagila.rental r ON r.inventory_id = i.inventory_id AND r.return_date IS NULL WHERE i.film_id BETWEEN 661 AND 761 GROUP BY i.store_id ORDER BY i.store_id",282,1,2,0,True,True,False,2,2,3,2,0,1,0,0,0,418.93,418.93,2.0,20,1576.0,1.061,6,5,2,Sort,2,0,0,0,1,0,0,1,1,750,0,0,0,20625.0,16044.0,3006464,1466368,5,0.00012465719272001995
pagila_unrented_films,"SELECT f.film_id, f.title FROM pagila.film f WHERE f.rating = 'G' AND NOT EXISTS ( SELECT 1 FROM pagila.inventory i JOIN pagila.rental r USING (inventory_id) WHERE i.film_id = f.film_id ) ORDER BY f.title",204,1,3,1,False,True,False,3,3,3,0,1,0,0,0,0,763.98,764.0,7.0,19,57486.0,6.255,8,6,3,Sort,3,0,0,0,2,0,0,1,0,1122,0,0,0,21625.0,16044.0,3776512,1679360,10,0.0004363001745200698
pagila_unrented_films,"SELECT f.film_id, f.title FROM pagila.film f WHERE f.rating = 'G' AND NOT EXISTS ( SELECT 1 FROM pagila.inventory i JOIN pagila.rental r USING (inventory_id) WHERE i.film_id = f.film_id ) ORDER BY f.title",204,1,3,1,False,True,False,3,3,3,0,1,0,0,0,0,763.98,764.0,7.0,19,57486.0,6.794,8,6,3,Sort,3,0,0,0,2,0,0,1,0,1122,0,0,0,21625.0,16044.0,3776512,1679360,10,0.0004363001745200698
pagila_rating_revenue_pivot,"SELECT i.store_id, SUM(p.amount) FILTER (WHERE f.rating = 'G') AS g_revenue, SUM(p.amount) FILTER (WHERE f.rating = 'PG') AS pg_revenue, SUM(p.amount) FILTER (WHERE f.rating = 'R') AS r_revenue FROM pagila.payment p JOIN pagila.rental r USING (rental_id) JOIN pagila.inventory i USING (inventory_id) JOIN pagila.film f USING (film_id) WHERE p.payment_date >= TIMESTAMPTZ '2022-05-01' AND p.payment_date < TIMESTAMPTZ '2022-06-01' GROUP BY i.store_id ORDER BY i.store_id",469,3,5,0,True,True,False,4,4,4,3,3,0,0,0,0,771.56,771.56,2.0,100,40595.0,5.627,12,7,4,Sort,4,0,0,0,3,0,0,1,1,1540,0,0,0,37674.0,16049.0,3776512,1679360,11,0.0001246183562838806
pagila_rating_revenue_pivot,"SELECT i.store_id, SUM(p.amount) FILTER (WHERE f.rating = 'G') AS g_revenue, SUM(p.amount) FILTER (WHERE f.rating = 'PG') AS pg_revenue, SUM(p.amount) FILTER (WHERE f.rating = 'R') AS r_revenue FROM pagila.payment p JOIN pagila.rental r USING (rental_id) JOIN pagila.inventory i USING (inventory_id) JOIN pagila.film f USING (film_id) WHERE p.payment_date >= TIMESTAMPTZ '2022-05-01' AND p.payment_date < TIMESTAMPTZ '2022-06-01' GROUP BY i.store_id ORDER BY i.store_id",469,3,5,0,True,True,False,4,4,4,3,3,0,0,0,0,771.56,771.56,2.0,100,40595.0,5.077,12,7,4,Sort,4,0,0,0,3,0,0,1,1,1540,0,0,0,37674.0,16049.0,3776512,1679360,11,0.0001246183562838806
pagila_film_popularity,"SELECT f.film_id, f.title, COUNT(r.rental_id) AS rentals FROM pagila.film f JOIN pagila.inventory i USING (film_id) LEFT JOIN pagila.rental r USING (inventory_id) WHERE f.rating = 'R' GROUP BY f.film_id, f.title ORDER BY rentals DESC, f.title LIMIT 40",251,2,1,0,True,True,False,3,3,3,1,1,1,0,0,0,603.63,603.73,40.0,27,26359.0,3.427,10,8,3,Limit,3,0,0,0,2,0,0,1,1,1472,0,0,0,21625.0,16044.0,3776512,1679360,10,0.0024931438544003987
pagila_film_popularity,"SELECT f.film_id, f.title, COUNT(r.rental_id) AS rentals FROM pagila.film f JOIN pagila.inventory i USING (film_id) LEFT JOIN pagila.rental r USING (inventory_id) WHERE f.rating = 'R' GROUP BY f.film_id, f.title ORDER BY rentals DESC, f.title LIMIT 40",251,2,1,0,True,True,False,3,3,3,1,1,1,0,0,0,603.63,603.73,40.0,27,26359.0,3.619,10,8,3,Limit,3,0,0,0,2,0,0,1,1,1472,0,0,0,21625.0,16044.0,3776512,1679360,10,0.0024931438544003987
pagila_actor_rental_impact,"SELECT a.actor_id, a.first_name, a.last_name, COUNT(r.rental_id) AS rentals, COALESCE(SUM(p.amount), 0) AS revenue FROM pagila.actor a JOIN pagila.film_actor fa USING (actor_id) JOIN pagila.inventory i USING (film_id) LEFT JOIN pagila.rental r USING (inventory_id) LEFT JOIN pagila.payment p USING (rental_id) WHERE a.actor_id >= 46 GROUP BY a.actor_id, a.first_name, a.last_name ORDER BY revenue DESC LIMIT 30",410,4,1,0,True,True,False,5,5,5,2,2,2,0,0,0,2717.23,2717.3,30.0,57,187517.0,37.019,23,8,11,Limit,11,0,0,0,4,0,0,1,1,2604,0,0,0,42336.0,16049.0,3596288,1728512,10,0.0018692753442582093
pagila_actor_rental_impact,"SELECT a.actor_id, a.first_name, a.last_name, COUNT(r.rental_id) AS rentals, COALESCE(SUM(p.amount), 0) AS revenue FROM pagila.actor a JOIN pagila.film_actor fa USING (actor_id) JOIN pagila.inventory i USING (film_id) LEFT JOIN pagila.rental r USING (inventory_id) LEFT JOIN pagila.payment p USING (rental_id) WHERE a.actor_id >= 46 GROUP BY a.actor_id, a.first_name, a.last_name ORDER BY revenue DESC LIMIT 30",410,4,1,0,True,True,False,5,5,5,2,2,2,0,0,0,2717.23,2717.3,30.0,57,187517.0,32.4,23,8,11,Limit,11,0,0,0,4,0,0,1,1,2604,0,0,0,42336.0,16049.0,3596288,1728512,10,0.0018692753442582093
pagila_staff_performance,"SELECT s.staff_id, s.first_name, s.last_name, COUNT(p.payment_id) AS payments, SUM(p.amount) AS revenue FROM pagila.staff s JOIN pagila.payment p USING (staff_id) WHERE p.payment_date >= TIMESTAMPTZ '2022-06-01' AND p.payment_date < TIMESTAMPTZ '2022-07-01' GROUP BY s.staff_id, s.first_name, s.last_name ORDER BY revenue DESC",326,1,2,0,True,True,False,2,2,5,2,1,0,0,0,0,102.52,102.53,2.0,56,5316.0,0.993,6,5,2,Sort,2,0,0,0,1,0,0,1,1,85,0,0,0,16051.0,16049.0,32768,16384,2,0.0001246183562838806
pagila_staff_performance,"SELECT s.staff_id, s.first_name, s.last_name, COUNT(p.payment_id) AS payments, SUM(p.amount) AS revenue FROM pagila.staff s JOIN pagila.payment p USING (staff_id) WHERE p.payment_date >= TIMESTAMPTZ '2022-06-01' AND p.payment_date < TIMESTAMPTZ '2022-07-01' GROUP BY s.staff_id, s.first_name, s.last_name ORDER BY revenue DESC",326,1,2,0,True,True,False,2,2,5,2,1,0,0,0,0,102.52,102.53,2.0,56,5316.0,1.099,6,5,2,Sort,2,0,0,0,1,0,0,1,1,85,0,0,0,16051.0,16049.0,32768,16384,2,0.0001246183562838806
pagila_country_revenue,"SELECT co.country, COUNT(DISTINCT cu.customer_id) AS customers, SUM(p.amount) AS revenue FROM pagila.country co JOIN pagila.city ci USING (country_id) JOIN pagila.address a USING (city_id) JOIN pagila.customer cu USING (address_id) JOIN pagila.payment p USING (customer_id) WHERE co.country_id >= 65 GROUP BY co.country ORDER BY revenue DESC",341,4,1,0,True,True,False,5,5,3,2,4,0,0,0,0,1039.42,1039.53,45.0,49,48804.0,7.621,23,12,11,Sort,11,0,0,0,4,0,0,2,1,928,0,0,0,17960.0,16049.0,557056,262144,10,0.0028039130163873137
pagila_country_revenue,"SELECT co.country, COUNT(DISTINCT cu.customer_id) AS customers, SUM(p.amount) AS revenue FROM pagila.country co JOIN pagila.city ci USING (country_id) JOIN pagila.address a USING (city_id) JOIN pagila.customer cu USING (address_id) JOIN pagila.payment p USING (customer_id) WHERE co.country_id >= 65 GROUP BY co.country ORDER BY revenue DESC",341,4,1,0,True,True,False,5,5,3,2,4,0,0,0,0,1039.42,1039.53,45.0,49,48804.0,10.866,23,12,11,Sort,11,0,0,0,4,0,0,2,1,928,0,0,0,17960.0,16049.0,557056,262144,10,0.0028039130163873137
pagila_duration_outliers,"WITH stats AS ( SELECT rating, AVG(length) AS avg_length, STDDEV_POP(length) AS sd FROM pagila.film GROUP BY rating ) SELECT f.film_id, f.title, f.length FROM pagila.film f JOIN stats s USING (rating) WHERE f.rating = 'PG-13' AND f.length > s.avg_length + s.sd ORDER BY f.length DESC",283,1,2,1,True,True,False,2,1,6,2,1,0,0,0,0,160.33,160.51,74.0,21,595.0,0.69,5,4,1,Sort,2,0,0,0,0,0,1,1,1,448,0,0,0,1000.0,1000.0,770048,212992,5,0.074
pagila_duration_outliers,"WITH stats AS ( SELECT rating, AVG(length) AS avg_length, STDDEV_POP(length) AS sd FROM pagila.film GROUP BY rating ) SELECT f.film_id, f.title, f.length FROM pagila.film f JOIN stats s USING (rating) WHERE f.rating = 'PG-13' AND f.length > s.avg_length + s.sd ORDER BY f.length DESC",283,1,2,1,True,True,False,2,1,6,2,1,0,0,0,0,160.33,160.51,74.0,21,595.0,0.388,5,4,1,Sort,2,0,0,0,0,0,1,1,1,448,0,0,0,1000.0,1000.0,770048,212992,5,0.074
pagila_customer_cohorts,"SELECT date_trunc('month', c.create_date) AS cohort, COUNT(DISTINCT c.customer_id) AS customers, COUNT(r.rental_id) AS rentals FROM pagila.customer c LEFT JOIN pagila.rental r USING (customer_id) WHERE EXTRACT(YEAR FROM c.create_date) >= 2006 GROUP BY cohort ORDER BY cohort",274,1,1,0,True,True,False,2,2,3,2,0,1,0,0,0,731.92,785.5,1.0,24,27159.0,10.863,6,5,2,Aggregate,2,0,0,0,1,0,0,1,1,645,0,0,0,16643.0,16044.0,2719744,1351680,7,6.232859636000998e-05
pagila_customer_cohorts,"SELECT date_trunc('month', c.create_date) AS cohort, COUNT(DISTINCT c.customer_id) AS customers, COUNT(r.rental_id) AS rentals FROM pagila.customer c LEFT JOIN pagila.rental r USING (customer_id) WHERE EXTRACT(YEAR FROM c.create_date) >= 2006 GROUP BY cohort ORDER BY cohort",274,1,1,0,True,True,False,2,2,3,2,0,1,0,0,0,731.92,785.5,1.0,24,27159.0,10.699,6,5,2,Aggregate,2,0,0,0,1,0,0,1,1,645,0,0,0,16643.0,16044.0,2719744,1351680,7,6.232859636000998e-05
pagila_replacement_exposure,"SELECT f.rating, COUNT(*) AS copies, SUM(f.replacement_cost) AS exposure FROM pagila.film f JOIN pagila.inventory i USING (film_id) WHERE f.replacement_cost >= 15 GROUP BY f.rating ORDER BY exposure DESC",203,1,1,0,True,True,False,2,2,3,2,1,0,0,0,0,197.31,197.33,5.0,44,9198.0,1.644,6,5,2,Sort,2,0,0,0,1,0,0,1,1,440,0,0,0,5581.0,4581.0,1286144,450560,7,0.0010914647456887142
pagila_replacement_exposure,"SELECT f.rating, COUNT(*) AS copies, SUM(f.replacement_cost) AS exposure FROM pagila.film f JOIN pagila.inventory i USING (film_id) WHERE f.replacement_cost >= 15 GROUP BY f.rating ORDER BY exposure DESC",203,1,1,0,True,True,False,2,2,3,2,1,0,0,0,0,197.31,197.33,5.0,44,9198.0,1.771,6,5,2,Sort,2,0,0,0,1,0,0,1,1,440,0,0,0,5581.0,4581.0,1286144,450560,7,0.0010914647456887142
pagila_category_percentiles,"SELECT c.name, percentile_cont(0.5) WITHIN GROUP (ORDER BY p.amount) AS median_payment, percentile_cont(0.9) WITHIN GROUP (ORDER BY p.amount) AS p90_payment FROM pagila.category c JOIN pagila.film_category fc USING (category_id) JOIN pagila.inventory i USING (film_id) JOIN pagila.rental r USING (inventory_id) JOIN pagila.payment p USING (rental_id) WHERE p.amount >= 4.99 GROUP BY c.name ORDER BY p90_payment DESC",415,4,1,0,True,True,False,5,5,3,2,4,0,0,0,0,1763.37,1763.41,16.0,23,90802.0,15.091,23,8,11,Sort,11,0,0,0,4,0,0,2,1,2428,0,0,0,37690.0,16049.0,3153920,1523712,8,0.0009969468502710448
pagila_category_percentiles,"SELECT c.name, percentile_cont(0.5) WITHIN GROUP (ORDER BY p.amount) AS median_payment, percentile_cont(0.9) WITHIN GROUP (ORDER BY p.amount) AS p90_payment FROM pagila.category c JOIN pagila.film_category fc USING (category_id) JOIN pagila.inventory i USING (film_id) JOIN pagila.rental r USING (inventory_id) JOIN pagila.payment p USING (rental_id) WHERE p.amount >= 4.99 GROUP BY c.name ORDER BY p90_payment DESC",415,4,1,0,True,True,False,5,5,3,2,4,0,0,0,0,1763.37,1763.41,16.0,23,90802.0,15.223,23,8,11,Sort,11,0,0,0,4,0,0,2,1,2428,0,0,0,37690.0,16049.0,3153920,1523712,8,0.0009969468502710448
pagila_top_films_per_category,"WITH ranked AS ( SELECT c.name AS category, f.title, COUNT(r.rental_id) AS rentals, dense_rank() OVER (PARTITION BY c.category_id ORDER BY COUNT(r.rental_id) DESC) AS rank FROM pagila.category c JOIN pagila.film_category fc USING (category_id) JOIN pagila.film f USING (film_id) JOIN pagila.inventory i USING (film_id) LEFT JOIN pagila.rental r USING (inventory_id) WHERE f.rating = 'PG-13' GROUP BY c.category_id, c.name, f.film_id, f.title ) SELECT category, title, rentals FROM ranked WHERE rank <= 4 ORDER BY category, rentals DESC",535,4,2,1,True,True,False,5,5,7,3,3,1,0,0,0,1215.81,1224.73,3568.0,30,46235.0,4.078,18,13,5,Sort,5,0,0,0,4,0,0,2,1,2236,0,0,0,22641.0,16044.0,3923968,1736704,12,0.22238843181251558
pagila_top_films_per_category,"WITH ranked AS ( SELECT c.name AS category, f.title, COUNT(r.rental_id) AS rentals, dense_rank() OVER (PARTITION BY c.category_id ORDER BY COUNT(r.rental_id) DESC) AS rank FROM pagila.category c JOIN pagila.film_category fc USING (category_id) JOIN pagila.film f USING (film_id) JOIN pagila.inventory i USING (film_id) LEFT JOIN pagila.rental r USING (inventory_id) WHERE f.rating = 'PG-13' GROUP BY c.category_id, c.name, f.film_id, f.title ) SELECT category, title, rentals FROM ranked WHERE rank <= 4 ORDER BY category, rentals DESC",535,4,2,1,True,True,False,5,5,7,3,3,1,0,0,0,1215.81,1224.73,3568.0,30,46235.0,4.055,18,13,5,Sort,5,0,0,0,4,0,0,2,1,2236,0,0,0,22641.0,16044.0,3923968,1736704,12,0.22238843181251558
pagila_actor_rental_impact,"SELECT a.actor_id, a.first_name, a.last_name, COUNT(r.rental_id) AS rentals, COALESCE(SUM(p.amount), 0) AS revenue FROM pagila.actor a JOIN pagila.film_actor fa USING (actor_id) JOIN pagila.inventory i USING (film_id) LEFT JOIN pagila.rental r USING (inventory_id) LEFT JOIN pagila.payment p USING (rental_id) WHERE a.actor_id >= 155 GROUP BY a.actor_id, a.first_name, a.last_name ORDER BY revenue DESC LIMIT 30",411,4,1,0,True,True,False,5,5,5,2,2,2,0,0,0,1662.74,1662.82,30.0,57,133659.0,17.383,23,8,11,Limit,11,0,0,0,4,0,0,1,1,2604,0,0,0,42336.0,16049.0,3596288,1728512,10,0.0018692753442582093
pagila_actor_rental_impact,"SELECT a.actor_id, a.first_name, a.last_name, COUNT(r.rental_id) AS rentals, COALESCE(SUM(p.amount), 0) AS revenue FROM pagila.actor a JOIN pagila.film_actor fa USING (actor_id) JOIN pagila.inventory i USING (film_id) LEFT JOIN pagila.rental r USING (inventory_id) LEFT JOIN pagila.payment p USING (rental_id) WHERE a.actor_id >= 155 GROUP BY a.actor_id, a.first_name, a.last_name ORDER BY revenue DESC LIMIT 30",411,4,1,0,True,True,False,5,5,5,2,2,2,0,0,0,1662.74,1662.82,30.0,57,133659.0,17.51,23,8,11,Limit,11,0,0,0,4,0,0,1,1,2604,0,0,0,42336.0,16049.0,3596288,1728512,10,0.0018692753442582093
pagila_actor_category_diversity,"SELECT a.actor_id, a.first_name, a.last_name, COUNT(DISTINCT fc.category_id) AS category_count FROM pagila.actor a JOIN pagila.film_actor fa USING (actor_id) JOIN pagila.film_category fc USING (film_id) WHERE a.actor_id >= 96 GROUP BY a.actor_id, a.first_name, a.last_name ORDER BY category_count DESC",301,2,1,0,True,True,False,3,3,4,1,2,0,0,0,0,363.8,364.06,105.0,25,16486.0,2.548,10,7,3,Sort,3,0,0,0,2,0,0,2,1,230,0,0,0,6662.0,5462.0,704512,303104,5,0.01922372757231783
pagila_actor_category_diversity,"SELECT a.actor_id, a.first_name, a.last_name, COUNT(DISTINCT fc.category_id) AS category_count FROM pagila.actor a JOIN pagila.film_actor fa USING (actor_id) JOIN pagila.film_category fc USING (film_id) WHERE a.actor_id >= 96 GROUP BY a.actor_id, a.first_name, a.last_name ORDER BY category_count DESC",301,2,1,0,True,True,False,3,3,4,1,2,0,0,0,0,363.8,364.06,105.0,25,16486.0,2.52,10,7,3,Sort,3,0,0,0,2,0,0,2,1,230,0,0,0,6662.0,5462.0,704512,303104,5,0.01922372757231783
pagila_customer_recency_rank,"WITH activity AS ( SELECT c.customer_id, c.store_id, MAX(r.rental_date) AS last_rental FROM pagila.customer c LEFT JOIN pagila.rental r USING (customer_id) WHERE c.store_id = 1 GROUP BY c.customer_id, c.store_id ) SELECT customer_id, last_rental, dense_rank() OVER (ORDER BY last_rental DESC NULLS LAST) AS recency_rank FROM activity ORDER BY recency_rank, customer_id",368,1,1,1,True,True,False,2,2,6,2,0,1,0,0,0,456.52,457.34,326.0,20,27058.0,3.807,9,8,2,Sort,2,0,0,0,1,0,0,2,1,1122,0,0,0,16643.0,16044.0,2719744,1351680,7,0.020319122413363252
pagila_customer_recency_rank,"WITH activity AS ( SELECT c.customer_id, c.store_id, MAX(r.rental_date) AS last_rental FROM pagila.customer c LEFT JOIN pagila.rental r USING (customer_id) WHERE c.store_id = 1 GROUP BY c.customer_id, c.store_id ) SELECT customer_id, last_rental, dense_rank() OVER (ORDER BY last_rental DESC NULLS LAST) AS recency_rank FROM activity ORDER BY recency_rank, customer_id",368,1,1,1,True,True,False,2,2,6,2,0,1,0,0,0,456.52,457.34,326.0,20,27058.0,3.641,9,8,2,Sort,2,0,0,0,1,0,0,2,1,1122,0,0,0,16643.0,16044.0,2719744,1351680,7,0.020319122413363252
pagila_rating_revenue_pivot,"SELECT i.store_id, SUM(p.amount) FILTER (WHERE f.rating = 'G') AS g_revenue, SUM(p.amount) FILTER (WHERE f.rating = 'PG') AS pg_revenue, SUM(p.amount) FILTER (WHERE f.rating = 'R') AS r_revenue FROM pagila.payment p JOIN pagila.rental r USING (rental_id) JOIN pagila.inventory i USING (inventory_id) JOIN pagila.film f USING (film_id) WHERE p.payment_date >= TIMESTAMPTZ '2022-02-01' AND p.payment_date < TIMESTAMPTZ '2022-03-01' GROUP BY i.store_id ORDER BY i.store_id",469,3,5,0,True,True,False,4,4,4,3,3,0,0,0,0,752.92,752.92,2.0,100,39215.0,5.128,12,7,4,Sort,4,0,0,0,3,0,0,1,1,1526,0,0,0,37674.0,16049.0,3776512,1679360,11,0.0001246183562838806
pagila_rating_revenue_pivot,"SELECT i.store_id, SUM(p.amount) FILTER (WHERE f.rating = 'G') AS g_revenue, SUM(p.amount) FILTER (WHERE f.rating = 'PG') AS pg_revenue, SUM(p.amount) FILTER (WHERE f.rating = 'R') AS r_revenue FROM pagila.payment p JOIN pagila.rental r USING (rental_id) JOIN pagila.inventory i USING (inventory_id) JOIN pagila.film f USING (film_id) WHERE p.payment_date >= TIMESTAMPTZ '2022-02-01' AND p.payment_date < TIMESTAMPTZ '2022-03-01' GROUP BY i.store_id ORDER BY i.store_id",469,3,5,0,True,True,False,4,4,4,3,3,0,0,0,0,752.92,752.92,2.0,100,39215.0,5.178,12,7,4,Sort,4,0,0,0,3,0,0,1,1,1526,0,0,0,37674.0,16049.0,3776512,1679360,11,0.0001246183562838806
pagila_staff_performance,"SELECT s.staff_id, s.first_name, s.last_name, COUNT(p.payment_id) AS payments, SUM(p.amount) AS revenue FROM pagila.staff s JOIN pagila.payment p USING (staff_id) WHERE p.payment_date >= TIMESTAMPTZ '2022-04-01' AND p.payment_date < TIMESTAMPTZ '2022-05-01' GROUP BY s.staff_id, s.first_name, s.last_name ORDER BY revenue DESC",326,1,2,0,True,True,False,2,2,5,2,1,0,0,0,0,98.25,98.25,2.0,56,5102.0,0.928,6,5,2,Sort,2,0,0,0,1,0,0,1,1,81,0,0,0,16051.0,16049.0,32768,16384,2,0.0001246183562838806
pagila_staff_performance,"SELECT s.staff_id, s.first_name, s.last_name, COUNT(p.payment_id) AS payments, SUM(p.amount) AS revenue FROM pagila.staff s JOIN pagila.payment p USING (staff_id) WHERE p.payment_date >= TIMESTAMPTZ '2022-04-01' AND p.payment_date < TIMESTAMPTZ '2022-05-01' GROUP BY s.staff_id, s.first_name, s.last_name ORDER BY revenue DESC",326,1,2,0,True,True,False,2,2,5,2,1,0,0,0,0,98.25,98.25,2.0,56,5102.0,0.933,6,5,2,Sort,2,0,0,0,1,0,0,1,1,81,0,0,0,16051.0,16049.0,32768,16384,2,0.0001246183562838806
pagila_overdue_rentals,"SELECT r.customer_id, COUNT(*) AS overdue_count, AVG(EXTRACT(EPOCH FROM (r.return_date - r.rental_date)) / 86400) AS avg_days FROM pagila.rental r WHERE r.return_date IS NOT NULL AND r.return_date - r.rental_date > INTERVAL '6 days' GROUP BY r.customer_id ORDER BY overdue_count DESC",283,0,2,0,True,True,False,1,1,3,2,0,0,0,0,0,505.09,506.58,599.0,44,6485.0,3.928,3,3,1,Sort,1,0,0,0,0,0,0,1,1,450,0,0,0,16044.0,16044.0,2490368,1228800,3,0.037334829219645975
pagila_overdue_rentals,"SELECT r.customer_id, COUNT(*) AS overdue_count, AVG(EXTRACT(EPOCH FROM (r.return_date - r.rental_date)) / 86400) AS avg_days FROM pagila.rental r WHERE r.return_date IS NOT NULL AND r.return_date - r.rental_date > INTERVAL '6 days' GROUP BY r.customer_id ORDER BY overdue_count DESC",283,0,2,0,True,True,False,1,1,3,2,0,0,0,0,0,505.09,506.58,599.0,44,6485.0,3.888,3,3,1,Sort,1,0,0,0,0,0,0,1,1,450,0,0,0,16044.0,16044.0,2490368,1228800,3,0.037334829219645975
pagila_store_monthly_revenue,"SELECT date_trunc('month', p.payment_date) AS month, SUM(p.amount) AS revenue, COUNT(DISTINCT p.customer_id) AS customers FROM pagila.payment p JOIN pagila.staff s USING (staff_id) WHERE s.store_id = 1 GROUP BY month ORDER BY month",231,1,1,0,True,True,False,2,2,3,2,1,0,0,0,0,983.42,1184.02,8024.0,48,40121.0,8.011,12,5,8,Aggregate,8,0,0,0,0,0,1,1,1,609,0,0,0,16051.0,16049.0,32768,16384,2,0.499968845410929
pagila_store_monthly_revenue,"SELECT date_trunc('month', p.payment_date) AS month, SUM(p.amount) AS revenue, COUNT(DISTINCT p.customer_id) AS customers FROM pagila.payment p JOIN pagila.staff s USING (staff_id) WHERE s.store_id = 1 GROUP BY month ORDER BY month",231,1,1,0,True,True,False,2,2,3,2,1,0,0,0,0,983.42,1184.02,8024.0,48,40121.0,6.89,12,5,8,Aggregate,8,0,0,0,0,0,1,1,1,609,0,0,0,16051.0,16049.0,32768,16384,2,0.499968845410929
pagila_unrented_films,"SELECT f.film_id, f.title FROM pagila.film f WHERE f.rating = 'PG' AND NOT EXISTS ( SELECT 1 FROM pagila.inventory i JOIN pagila.rental r USING (inventory_id) WHERE i.film_id = f.film_id ) ORDER BY f.title",205,1,3,1,False,True,False,3,3,3,0,1,0,0,0,0,764.11,764.13,8.0,19,57504.0,5.666,8,6,3,Sort,3,0,0,0,2,0,0,1,0,1122,0,0,0,21625.0,16044.0,3776512,1679360,10,0.0004986287708800798
pagila_unrented_films,"SELECT f.film_id, f.title FROM pagila.film f WHERE f.rating = 'PG' AND NOT EXISTS ( SELECT 1 FROM pagila.inventory i JOIN pagila.rental r USING (inventory_id) WHERE i.film_id = f.film_id ) ORDER BY f.title",205,1,3,1,False,True,False,3,3,3,0,1,0,0,0,0,764.11,764.13,8.0,19,57504.0,5.623,8,6,3,Sort,3,0,0,0,2,0,0,1,0,1122,0,0,0,21625.0,16044.0,3776512,1679360,10,0.0004986287708800798
pagila_country_revenue,"SELECT co.country, COUNT(DISTINCT cu.customer_id) AS customers, SUM(p.amount) AS revenue FROM pagila.country co JOIN pagila.city ci USING (country_id) JOIN pagila.address a USING (city_id) JOIN pagila.customer cu USING (address_id) JOIN pagila.payment p USING (customer_id) WHERE co.country_id >= 36 GROUP BY co.country ORDER BY revenue DESC",341,4,1,0,True,True,False,5,5,3,2,4,0,0,0,0,1439.94,1440.13,74.0,49,105901.0,17.072,23,9,11,Sort,11,0,0,0,4,0,0,2,1,1275,0,0,0,17960.0,16049.0,557056,262144,10,0.004610879182503583
pagila_country_revenue,"SELECT co.country, COUNT(DISTINCT cu.customer_id) AS customers, SUM(p.amount) AS revenue FROM pagila.country co JOIN pagila.city ci USING (country_id) JOIN pagila.address a USING (city_id) JOIN pagila.customer cu USING (address_id) JOIN pagila.payment p USING (customer_id) WHERE co.country_id >= 36 GROUP BY co.country ORDER BY revenue DESC",341,4,1,0,True,True,False,5,5,3,2,4,0,0,0,0,1439.94,1440.13,74.0,49,105901.0,16.881,23,9,11,Sort,11,0,0,0,4,0,0,2,1,1275,0,0,0,17960.0,16049.0,557056,262144,10,0.004610879182503583
pagila_inactive_customers,"SELECT c.customer_id, c.first_name, c.last_name FROM pagila.customer c WHERE c.activebool = true AND NOT EXISTS ( SELECT 1 FROM pagila.rental r WHERE r.customer_id = c.customer_id AND r.rental_date >= TIMESTAMPTZ '2022-05-01' ) ORDER BY c.customer_id",250,0,4,1,False,True,False,2,2,4,0,0,0,0,0,0,566.09,566.1,1.0,17,32089.0,3.059,5,4,2,Sort,2,0,0,0,1,0,0,1,0,627,0,0,0,16643.0,16044.0,2719744,1351680,7,6.232859636000998e-05
pagila_inactive_customers,"SELECT c.customer_id, c.first_name, c.last_name FROM pagila.customer c WHERE c.activebool = true AND NOT EXISTS ( SELECT 1 FROM pagila.rental r WHERE r.customer_id = c.customer_id AND r.rental_date >= TIMESTAMPTZ '2022-05-01' ) ORDER BY c.customer_id",250,0,4,1,False,True,False,2,2,4,0,0,0,0,0,0,566.09,566.1,1.0,17,32089.0,2.997,5,4,2,Sort,2,0,0,0,1,0,0,1,0,627,0,0,0,16643.0,16044.0,2719744,1351680,7,6.232859636000998e-05
pagila_rental_gaps,"WITH ordered AS ( SELECT r.customer_id, r.rental_date, lag(r.rental_date) OVER (PARTITION BY r.customer_id ORDER BY r.rental_date) AS previous FROM pagila.rental r WHERE r.customer_id >= 325 ) SELECT customer_id, AVG(rental_date - previous) AS avg_gap FROM ordered WHERE previous IS NOT NULL GROUP BY customer_id ORDER BY avg_gap DESC",334,0,2,1,True,True,False,1,1,5,2,0,0,0,0,0,1126.71,1128.21,599.0,20,30330.0,6.112,6,6,1,Sort,1,0,0,0,0,0,0,2,1,900,0,0,0,16044.0,16044.0,2490368,1228800,3,0.037334829219645975
pagila_rental_gaps,"WITH ordered AS ( SELECT r.customer_id, r.rental_date, lag(r.rental_date) OVER (PARTITION BY r.customer_id ORDER BY r.rental_date) AS previous FROM pagila.rental r WHERE r.customer_id >= 325 ) SELECT customer_id, AVG(rental_date - previous) AS avg_gap FROM ordered WHERE previous IS NOT NULL GROUP BY customer_id ORDER BY avg_gap DESC",334,0,2,1,True,True,False,1,1,5,2,0,0,0,0,0,1126.71,1128.21,599.0,20,30330.0,6.169,6,6,1,Sort,1,0,0,0,0,0,0,2,1,900,0,0,0,16044.0,16044.0,2490368,1228800,3,0.037334829219645975
pagila_film_pair_affinity,"SELECT i1.film_id AS first_film, i2.film_id AS second_film, COUNT(DISTINCT r1.customer_id) AS shared_customers FROM pagila.rental r1 JOIN pagila.inventory i1 USING (inventory_id) JOIN pagila.rental r2 ON r2.customer_id = r1.customer_id AND r2.rental_id > r1.rental_id JOIN pagila.inventory i2 ON i2.inventory_id = r2.inventory_id WHERE i1.film_id < i2.film_id GROUP BY i1.film_id, i2.film_id HAVING COUNT(DISTINCT r1.customer_id) >= 2 ORDER BY shared_customers DESC LIMIT 40",474,3,1,0,True,True,False,4,2,3,2,3,0,0,0,0,13344.35,13344.45,40.0,16,358245.0,133.859,14,9,2,Limit,4,0,0,0,3,0,0,2,1,2880,0,1160,1164,20625.0,16044.0,3006464,1466368,5,0.0024931438544003987
pagila_film_pair_affinity,"SELECT i1.film_id AS first_film, i2.film_id AS second_film, COUNT(DISTINCT r1.customer_id) AS shared_customers FROM pagila.rental r1 JOIN pagila.inventory i1 USING (inventory_id) JOIN pagila.rental r2 ON r2.customer_id = r1.customer_id AND r2.rental_id > r1.rental_id JOIN pagila.inventory i2 ON i2.inventory_id = r2.inventory_id WHERE i1.film_id < i2.film_id GROUP BY i1.film_id, i2.film_id HAVING COUNT(DISTINCT r1.customer_id) >= 2 ORDER BY shared_customers DESC LIMIT 40",474,3,1,0,True,True,False,4,2,3,2,3,0,0,0,0,13344.35,13344.45,40.0,16,358245.0,151.941,14,9,2,Limit,4,0,0,0,3,0,0,2,1,2880,0,1160,1164,20625.0,16044.0,3006464,1466368,5,0.0024931438544003987
pagila_inventory_imbalance,"SELECT i.film_id, COUNT(*) FILTER (WHERE i.store_id = 1) AS store_one, COUNT(*) FILTER (WHERE i.store_id = 2) AS store_two FROM pagila.inventory i WHERE i.film_id >= 3 GROUP BY i.film_id HAVING ABS(COUNT(*) FILTER (WHERE i.store_id = 1) - COUNT(*) FILTER (WHERE i.store_id = 2)) >= 3 ORDER BY i.film_id",302,0,5,0,True,True,False,1,1,3,4,0,0,0,0,0,174.42,175.22,319.0,20,5208.0,1.109,3,3,1,Sort,1,0,0,0,0,0,0,1,1,90,0,0,0,4581.0,4581.0,516096,237568,2,0.06963545077493997
pagila_inventory_imbalance,"SELECT i.film_id, COUNT(*) FILTER (WHERE i.store_id = 1) AS store_one, COUNT(*) FILTER (WHERE i.store_id = 2) AS store_two FROM pagila.inventory i WHERE i.film_id >= 3 GROUP BY i.film_id HAVING ABS(COUNT(*) FILTER (WHERE i.store_id = 1) - COUNT(*) FILTER (WHERE i.store_id = 2)) >= 3 ORDER BY i.film_id",302,0,5,0,True,True,False,1,1,3,4,0,0,0,0,0,174.42,175.22,319.0,20,5208.0,1.131,3,3,1,Sort,1,0,0,0,0,0,0,1,1,90,0,0,0,4581.0,4581.0,516096,237568,2,0.06963545077493997
pagila_repeat_renters,"SELECT c.customer_id, c.first_name, c.last_name, COUNT(r.rental_id) AS rentals FROM pagila.customer c JOIN pagila.rental r USING (customer_id) WHERE c.customer_id >= 74 GROUP BY c.customer_id, c.first_name, c.last_name HAVING COUNT(r.rental_id) >= 17 ORDER BY rentals DESC",272,1,1,0,True,True,False,2,2,4,2,1,0,0,0,0,459.46,459.9,175.0,25,31535.0,4.661,6,5,2,Sort,2,0,0,0,1,0,0,1,1,645,0,0,0,16643.0,16044.0,2719744,1351680,7,0.010907504363001745
pagila_repeat_renters,"SELECT c.customer_id, c.first_name, c.last_name, COUNT(r.rental_id) AS rentals FROM pagila.customer c JOIN pagila.rental r USING (customer_id) WHERE c.customer_id >= 74 GROUP BY c.customer_id, c.first_name, c.last_name HAVING COUNT(r.rental_id) >= 17 ORDER BY rentals DESC",272,1,1,0,True,True,False,2,2,4,2,1,0,0,0,0,459.46,459.9,175.0,25,31535.0,4.791,6,5,2,Sort,2,0,0,0,1,0,0,1,1,645,0,0,0,16643.0,16044.0,2719744,1351680,7,0.010907504363001745
pagila_film_popularity,"SELECT f.film_id, f.title, COUNT(r.rental_id) AS rentals FROM pagila.film f JOIN pagila.inventory i USING (film_id) LEFT JOIN pagila.rental r USING (inventory_id) WHERE f.rating = 'PG-13' GROUP BY f.film_id, f.title ORDER BY rentals DESC, f.title LIMIT 40",255,2,1,0,True,True,False,3,3,3,1,1,1,0,0,0,613.52,613.62,40.0,27,27180.0,3.628,10,8,3,Limit,3,0,0,0,2,0,0,1,1,1472,0,0,0,21625.0,16044.0,3776512,1679360,10,0.0024931438544003987
pagila_film_popularity,"SELECT f.film_id, f.title, COUNT(r.rental_id) AS rentals FROM pagila.film f JOIN pagila.inventory i USING (film_id) LEFT JOIN pagila.rental r USING (inventory_id) WHERE f.rating = 'PG-13' GROUP BY f.film_id, f.title ORDER BY rentals DESC, f.title LIMIT 40",255,2,1,0,True,True,False,3,3,3,1,1,1,0,0,0,613.52,613.62,40.0,27,27180.0,3.731,10,8,3,Limit,3,0,0,0,2,0,0,1,1,1472,0,0,0,21625.0,16044.0,3776512,1679360,10,0.0024931438544003987
pagila_category_revenue,"SELECT c.name, COUNT(DISTINCT r.rental_id) AS rentals, SUM(p.amount) AS revenue FROM pagila.category c JOIN pagila.film_category fc USING (category_id) JOIN pagila.inventory i USING (film_id) JOIN pagila.rental r USING (inventory_id) JOIN pagila.payment p USING (rental_id) WHERE p.payment_date >= TIMESTAMPTZ '2022-04-01' AND p.payment_date < TIMESTAMPTZ '2022-05-01' GROUP BY c.name ORDER BY revenue DESC",406,4,2,0,True,True,False,5,5,3,2,4,0,0,0,0,868.3,868.34,16.0,47,45099.0,6.677,16,9,5,Sort,5,0,0,0,4,0,0,2,1,1659,0,0,0,37690.0,16049.0,3153920,1523712,8,0.0009969468502710448
pagila_category_revenue,"SELECT c.name, COUNT(DISTINCT r.rental_id) AS rentals, SUM(p.amount) AS revenue FROM pagila.category c JOIN pagila.film_category fc USING (category_id) JOIN pagila.inventory i USING (film_id) JOIN pagila.rental r USING (inventory_id) JOIN pagila.payment p USING (rental_id) WHERE p.payment_date >= TIMESTAMPTZ '2022-04-01' AND p.payment_date < TIMESTAMPTZ '2022-05-01' GROUP BY c.name ORDER BY revenue DESC",406,4,2,0,True,True,False,5,5,3,2,4,0,0,0,0,868.3,868.34,16.0,47,45099.0,6.953,16,9,5,Sort,5,0,0,0,4,0,0,2,1,1659,0,0,0,37690.0,16049.0,3153920,1523712,8,0.0009969468502710448
pagila_return_sla,"SELECT i.store_id, COUNT(*) AS rentals, COUNT(*) FILTER (WHERE r.return_date <= r.rental_date + INTERVAL '8 days') AS within_sla FROM pagila.rental r JOIN pagila.inventory i USING (inventory_id) WHERE r.return_date IS NOT NULL GROUP BY i.store_id ORDER BY i.store_id",266,1,2,0,True,True,False,2,2,3,2,1,0,0,0,0,683.47,683.48,2.0,20,40888.0,6.699,6,5,2,Sort,2,0,0,0,1,0,0,1,1,750,0,0,0,20625.0,16044.0,3006464,1466368,5,0.00012465719272001995
pagila_return_sla,"SELECT i.store_id, COUNT(*) AS rentals, COUNT(*) FILTER (WHERE r.return_date <= r.rental_date + INTERVAL '8 days') AS within_sla FROM pagila.rental r JOIN pagila.inventory i USING (inventory_id) WHERE r.return_date IS NOT NULL GROUP BY i.store_id ORDER BY i.store_id",266,1,2,0,True,True,False,2,2,3,2,1,0,0,0,0,683.47,683.48,2.0,20,40888.0,6.621,6,5,2,Sort,2,0,0,0,1,0,0,1,1,750,0,0,0,20625.0,16044.0,3006464,1466368,5,0.00012465719272001995
pagila_customer_payment_transitions,"SELECT p.customer_id, p.payment_date, p.amount, lag(p.amount) OVER (PARTITION BY p.customer_id ORDER BY p.payment_date) AS previous_amount, p.amount - lag(p.amount) OVER (PARTITION BY p.customer_id ORDER BY p.payment_date) AS delta FROM pagila.payment p WHERE p.customer_id >= 489 ORDER BY p.customer_id, p.payment_date",319,0,1,0,False,True,False,1,1,5,2,0,0,0,0,0,424.48,488.88,2863.0,82,13917.0,2.466,16,5,7,WindowAgg,1,0,0,6,0,0,0,1,0,342,0,0,0,16049.0,16049.0,0,0,1,0.1783911770203751
pagila_customer_payment_transitions,"SELECT p.customer_id, p.payment_date, p.amount, lag(p.amount) OVER (PARTITION BY p.customer_id ORDER BY p.payment_date) AS previous_amount, p.amount - lag(p.amount) OVER (PARTITION BY p.customer_id ORDER BY p.payment_date) AS delta FROM pagila.payment p WHERE p.customer_id >= 489 ORDER BY p.customer_id, p.payment_date",319,0,1,0,False,True,False,1,1,5,2,0,0,0,0,0,424.48,488.88,2863.0,82,13917.0,2.71,16,5,7,WindowAgg,1,0,0,6,0,0,0,1,0,342,0,0,0,16049.0,16049.0,0,0,1,0.1783911770203751
pagila_payment_moving_average,"SELECT p.customer_id, p.payment_date, p.amount, AVG(p.amount) OVER (PARTITION BY p.customer_id ORDER BY p.payment_date ROWS BETWEEN 4 PRECEDING AND CURRENT ROW) AS moving_avg FROM pagila.payment p WHERE p.customer_id BETWEEN 304 AND 354 ORDER BY p.customer_id, p.payment_date",275,0,1,0,False,True,False,1,1,4,1,0,0,0,0,0,286.75,313.51,1339.0,50,6497.0,1.596,16,5,7,WindowAgg,1,0,0,6,0,0,0,1,0,282,0,0,0,16049.0,16049.0,0,0,1,0.08343198953205808
pagila_payment_moving_average,"SELECT p.customer_id, p.payment_date, p.amount, AVG(p.amount) OVER (PARTITION BY p.customer_id ORDER BY p.payment_date ROWS BETWEEN 4 PRECEDING AND CURRENT ROW) AS moving_avg FROM pagila.payment p WHERE p.customer_id BETWEEN 304 AND 354 ORDER BY p.customer_id, p.payment_date",275,0,1,0,False,True,False,1,1,4,1,0,0,0,0,0,286.75,313.51,1339.0,50,6497.0,1.723,16,5,7,WindowAgg,1,0,0,6,0,0,0,1,0,282,0,0,0,16049.0,16049.0,0,0,1,0.08343198953205808
pagila_customer_lifetime_value,"SELECT c.customer_id, c.first_name, c.last_name, COUNT(p.payment_id) AS payments, SUM(p.amount) AS lifetime_value FROM pagila.customer c JOIN pagila.payment p USING (customer_id) WHERE c.customer_id >= 200 GROUP BY c.customer_id, c.first_name, c.last_name HAVING COUNT(p.payment_id) >= 6 ORDER BY lifetime_value DESC LIMIT 50",325,1,1,0,True,True,False,2,2,5,3,1,0,0,0,0,516.45,516.57,50.0,57,43931.0,5.976,14,6,8,Limit,8,0,0,0,1,0,0,1,1,780,0,0,0,16648.0,16049.0,229376,122880,5,0.0031154589070970153
pagila_customer_lifetime_value,"SELECT c.customer_id, c.first_name, c.last_name, COUNT(p.payment_id) AS payments, SUM(p.amount) AS lifetime_value FROM pagila.customer c JOIN pagila.payment p USING (customer_id) WHERE c.customer_id >= 200 GROUP BY c.customer_id, c.first_name, c.last_name HAVING COUNT(p.payment_id) >= 6 ORDER BY lifetime_value DESC LIMIT 50",325,1,1,0,True,True,False,2,2,5,3,1,0,0,0,0,516.45,516.57,50.0,57,43931.0,6.203,14,6,8,Limit,8,0,0,0,1,0,0,1,1,780,0,0,0,16648.0,16049.0,229376,122880,5,0.0031154589070970153
pagila_daily_revenue_rollup,"SELECT date_trunc('day', p.payment_date) AS day, s.store_id, SUM(p.amount) AS revenue FROM pagila.payment p JOIN pagila.staff s USING (staff_id) WHERE p.payment_date >= TIMESTAMPTZ '2022-04-01' AND p.payment_date < TIMESTAMPTZ '2022-05-01' GROUP BY GROUPING SETS ((day, s.store_id), (day), ()) ORDER BY day NULLS LAST, s.store_id NULLS LAST",340,1,2,0,True,True,False,2,2,3,1,1,0,0,0,0,229.57,331.46,5095.0,44,12740.0,1.761,6,5,2,Aggregate,2,0,0,0,1,0,0,1,1,81,0,0,0,16051.0,16049.0,32768,16384,2,0.31746526263318586
pagila_daily_revenue_rollup,"SELECT date_trunc('day', p.payment_date) AS day, s.store_id, SUM(p.amount) AS revenue FROM pagila.payment p JOIN pagila.staff s USING (staff_id) WHERE p.payment_date >= TIMESTAMPTZ '2022-04-01' AND p.payment_date < TIMESTAMPTZ '2022-05-01' GROUP BY GROUPING SETS ((day, s.store_id), (day), ()) ORDER BY day NULLS LAST, s.store_id NULLS LAST",340,1,2,0,True,True,False,2,2,3,1,1,0,0,0,0,229.57,331.46,5095.0,44,12740.0,1.754,6,5,2,Aggregate,2,0,0,0,1,0,0,1,1,81,0,0,0,16051.0,16049.0,32768,16384,2,0.31746526263318586
pagila_inventory_availability,"SELECT i.store_id, COUNT(*) AS copies, COUNT(*) FILTER (WHERE r.rental_id IS NULL) AS available FROM pagila.inventory i LEFT JOIN pagila.rental r ON r.inventory_id = i.inventory_id AND r.return_date IS NULL WHERE i.film_id BETWEEN 162 AND 262 GROUP BY i.store_id ORDER BY i.store_id",282,1,2,0,True,True,False,2,2,3,2,0,1,0,0,0,418.63,418.63,2.0,20,1531.0,1.023,6,5,2,Sort,2,0,0,0,1,0,0,1,1,750,0,0,0,20625.0,16044.0,3006464,1466368,5,0.00012465719272001995
pagila_inventory_availability,"SELECT i.store_id, COUNT(*) AS copies, COUNT(*) FILTER (WHERE r.rental_id IS NULL) AS available FROM pagila.inventory i LEFT JOIN pagila.rental r ON r.inventory_id = i.inventory_id AND r.return_date IS NULL WHERE i.film_id BETWEEN 162 AND 262 GROUP BY i.store_id ORDER BY i.store_id",282,1,2,0,True,True,False,2,2,3,2,0,1,0,0,0,418.63,418.63,2.0,20,1531.0,0.989,6,5,2,Sort,2,0,0,0,1,0,0,1,1,750,0,0,0,20625.0,16044.0,3006464,1466368,5,0.00012465719272001995
pagila_store_inventory_turnover,"SELECT i.store_id, COUNT(DISTINCT i.inventory_id) AS inventory, COUNT(r.rental_id) AS rentals, COUNT(r.rental_id)::numeric / NULLIF(COUNT(DISTINCT i.inventory_id), 0) AS turnover FROM pagila.inventory i LEFT JOIN pagila.rental r USING (inventory_id) WHERE r.return_date - r.rental_date >= INTERVAL '3 days' GROUP BY i.store_id ORDER BY turnover DESC",349,1,1,0,True,True,False,2,2,4,4,0,1,0,0,0,922.48,922.49,2.0,52,25210.0,8.629,7,6,2,Sort,2,0,0,0,1,0,0,2,1,930,0,0,0,20625.0,16044.0,3006464,1466368,5,0.00012465719272001995
pagila_store_inventory_turnover,"SELECT i.store_id, COUNT(DISTINCT i.inventory_id) AS inventory, COUNT(r.rental_id) AS rentals, COUNT(r.rental_id)::numeric / NULLIF(COUNT(DISTINCT i.inventory_id), 0) AS turnover FROM pagila.inventory i LEFT JOIN pagila.rental r USING (inventory_id) WHERE r.return_date - r.rental_date >= INTERVAL '3 days' GROUP BY i.store_id ORDER BY turnover DESC",349,1,1,0,True,True,False,2,2,4,4,0,1,0,0,0,922.48,922.49,2.0,52,25210.0,8.457,7,6,2,Sort,2,0,0,0,1,0,0,2,1,930,0,0,0,20625.0,16044.0,3006464,1466368,5,0.00012465719272001995
pagila_city_customer_density,"SELECT co.country, ci.city, COUNT(cu.customer_id) AS customers FROM pagila.country co JOIN pagila.city ci USING (country_id) JOIN pagila.address a USING (city_id) LEFT JOIN pagila.customer cu USING (address_id) WHERE co.country_id <= 14 GROUP BY co.country, ci.city ORDER BY customers DESC LIMIT 60",298,3,1,0,True,True,False,4,4,3,1,2,1,0,0,0,55.92,56.07,60.0,26,2429.0,0.569,13,10,4,Limit,4,0,0,0,3,0,0,1,1,156,0,0,0,1911.0,603.0,557056,262144,9,0.09950248756218906
pagila_city_customer_density,"SELECT co.country, ci.city, COUNT(cu.customer_id) AS customers FROM pagila.country co JOIN pagila.city ci USING (country_id) JOIN pagila.address a USING (city_id) LEFT JOIN pagila.customer cu USING (address_id) WHERE co.country_id <= 14 GROUP BY co.country, ci.city ORDER BY customers DESC LIMIT 60",298,3,1,0,True,True,False,4,4,3,1,2,1,0,0,0,55.92,56.07,60.0,26,2429.0,0.433,13,10,4,Limit,4,0,0,0,3,0,0,1,1,156,0,0,0,1911.0,603.0,557056,262144,9,0.09950248756218906
pagila_language_catalog,"SELECT l.name, f.rating, COUNT(*) AS films, AVG(f.length) AS avg_length FROM pagila.language l JOIN pagila.film f USING (language_id) WHERE f.length >= 90 GROUP BY l.name, f.rating ORDER BY films DESC",200,1,1,0,True,True,False,2,2,4,2,1,0,0,0,0,88.62,88.7,30.0,65,1436.0,0.554,6,5,2,Sort,2,0,0,0,1,0,0,1,1,261,0,0,0,1006.0,1000.0,794624,229376,6,0.03
pagila_language_catalog,"SELECT l.name, f.rating, COUNT(*) AS films, AVG(f.length) AS avg_length FROM pagila.language l JOIN pagila.film f USING (language_id) WHERE f.length >= 90 GROUP BY l.name, f.rating ORDER BY films DESC",200,1,1,0,True,True,False,2,2,4,2,1,0,0,0,0,88.62,88.7,30.0,65,1436.0,0.629,6,5,2,Sort,2,0,0,0,1,0,0,1,1,261,0,0,0,1006.0,1000.0,794624,229376,6,0.03
pagila_country_revenue,"SELECT co.country, COUNT(DISTINCT cu.customer_id) AS customers, SUM(p.amount) AS revenue FROM pagila.country co JOIN pagila.city ci USING (country_id) JOIN pagila.address a USING (city_id) JOIN pagila.customer cu USING (address_id) JOIN pagila.payment p USING (customer_id) WHERE co.country_id >= 55 GROUP BY co.country ORDER BY revenue DESC",341,4,1,0,True,True,False,5,5,3,2,4,0,0,0,0,1180.37,1180.51,55.0,49,52770.0,8.5,23,10,11,Sort,11,0,0,0,4,0,0,2,1,925,0,0,0,17960.0,16049.0,557056,262144,10,0.003427004797806717
pagila_country_revenue,"SELECT co.country, COUNT(DISTINCT cu.customer_id) AS customers, SUM(p.amount) AS revenue FROM pagila.country co JOIN pagila.city ci USING (country_id) JOIN pagila.address a USING (city_id) JOIN pagila.customer cu USING (address_id) JOIN pagila.payment p USING (customer_id) WHERE co.country_id >= 55 GROUP BY co.country ORDER BY revenue DESC",341,4,1,0,True,True,False,5,5,3,2,4,0,0,0,0,1180.37,1180.51,55.0,49,52770.0,8.606,23,10,11,Sort,11,0,0,0,4,0,0,2,1,925,0,0,0,17960.0,16049.0,557056,262144,10,0.003427004797806717
pagila_payment_moving_average,"SELECT p.customer_id, p.payment_date, p.amount, AVG(p.amount) OVER (PARTITION BY p.customer_id ORDER BY p.payment_date ROWS BETWEEN 4 PRECEDING AND CURRENT ROW) AS moving_avg FROM pagila.payment p WHERE p.customer_id BETWEEN 60 AND 110 ORDER BY p.customer_id, p.payment_date",274,0,1,0,False,True,False,1,1,4,1,0,0,0,0,0,286.37,312.91,1328.0,50,6466.0,1.599,16,5,7,WindowAgg,1,0,0,6,0,0,0,1,0,293,0,0,0,16049.0,16049.0,0,0,1,0.08274658857249673
pagila_payment_moving_average,"SELECT p.customer_id, p.payment_date, p.amount, AVG(p.amount) OVER (PARTITION BY p.customer_id ORDER BY p.payment_date ROWS BETWEEN 4 PRECEDING AND CURRENT ROW) AS moving_avg FROM pagila.payment p WHERE p.customer_id BETWEEN 60 AND 110 ORDER BY p.customer_id, p.payment_date",274,0,1,0,False,True,False,1,1,4,1,0,0,0,0,0,286.37,312.91,1328.0,50,6466.0,1.571,16,5,7,WindowAgg,1,0,0,6,0,0,0,1,0,293,0,0,0,16049.0,16049.0,0,0,1,0.08274658857249673
pagila_rental_gaps,"WITH ordered AS ( SELECT r.customer_id, r.rental_date, lag(r.rental_date) OVER (PARTITION BY r.customer_id ORDER BY r.rental_date) AS previous FROM pagila.rental r WHERE r.customer_id >= 226 ) SELECT customer_id, AVG(rental_date - previous) AS avg_gap FROM ordered WHERE previous IS NOT NULL GROUP BY customer_id ORDER BY avg_gap DESC",334,0,2,1,True,True,False,1,1,5,2,0,0,0,0,0,1421.68,1423.18,599.0,20,41040.0,8.413,6,6,1,Sort,1,0,0,0,0,0,0,2,1,900,0,0,0,16044.0,16044.0,2490368,1228800,3,0.037334829219645975
pagila_rental_gaps,"WITH ordered AS ( SELECT r.customer_id, r.rental_date, lag(r.rental_date) OVER (PARTITION BY r.customer_id ORDER BY r.rental_date) AS previous FROM pagila.rental r WHERE r.customer_id >= 226 ) SELECT customer_id, AVG(rental_date - previous) AS avg_gap FROM ordered WHERE previous IS NOT NULL GROUP BY customer_id ORDER BY avg_gap DESC",334,0,2,1,True,True,False,1,1,5,2,0,0,0,0,0,1421.68,1423.18,599.0,20,41040.0,8.134,6,6,1,Sort,1,0,0,0,0,0,0,2,1,900,0,0,0,16044.0,16044.0,2490368,1228800,3,0.037334829219645975
pagila_store_inventory_turnover,"SELECT i.store_id, COUNT(DISTINCT i.inventory_id) AS inventory, COUNT(r.rental_id) AS rentals, COUNT(r.rental_id)::numeric / NULLIF(COUNT(DISTINCT i.inventory_id), 0) AS turnover FROM pagila.inventory i LEFT JOIN pagila.rental r USING (inventory_id) WHERE r.return_date - r.rental_date >= INTERVAL '6 days' GROUP BY i.store_id ORDER BY turnover DESC",349,1,1,0,True,True,False,2,2,4,4,0,1,0,0,0,922.48,922.49,2.0,52,25210.0,5.536,7,6,2,Sort,2,0,0,0,1,0,0,2,1,930,0,0,0,20625.0,16044.0,3006464,1466368,5,0.00012465719272001995
pagila_store_inventory_turnover,"SELECT i.store_id, COUNT(DISTINCT i.inventory_id) AS inventory, COUNT(r.rental_id) AS rentals, COUNT(r.rental_id)::numeric / NULLIF(COUNT(DISTINCT i.inventory_id), 0) AS turnover FROM pagila.inventory i LEFT JOIN pagila.rental r USING (inventory_id) WHERE r.return_date - r.rental_date >= INTERVAL '6 days' GROUP BY i.store_id ORDER BY turnover DESC",349,1,1,0,True,True,False,2,2,4,4,0,1,0,0,0,922.48,922.49,2.0,52,25210.0,5.563,7,6,2,Sort,2,0,0,0,1,0,0,2,1,930,0,0,0,20625.0,16044.0,3006464,1466368,5,0.00012465719272001995
pagila_film_popularity,"SELECT f.film_id, f.title, COUNT(r.rental_id) AS rentals FROM pagila.film f JOIN pagila.inventory i USING (film_id) LEFT JOIN pagila.rental r USING (inventory_id) WHERE f.rating = 'R' GROUP BY f.film_id, f.title ORDER BY rentals DESC, f.title LIMIT 40",251,2,1,0,True,True,False,3,3,3,1,1,1,0,0,0,603.63,603.73,40.0,27,26359.0,3.655,10,8,3,Limit,3,0,0,0,2,0,0,1,1,1472,0,0,0,21625.0,16044.0,3776512,1679360,10,0.0024931438544003987
pagila_film_popularity,"SELECT f.film_id, f.title, COUNT(r.rental_id) AS rentals FROM pagila.film f JOIN pagila.inventory i USING (film_id) LEFT JOIN pagila.rental r USING (inventory_id) WHERE f.rating = 'R' GROUP BY f.film_id, f.title ORDER BY rentals DESC, f.title LIMIT 40",251,2,1,0,True,True,False,3,3,3,1,1,1,0,0,0,603.63,603.73,40.0,27,26359.0,3.527,10,8,3,Limit,3,0,0,0,2,0,0,1,1,1472,0,0,0,21625.0,16044.0,3776512,1679360,10,0.0024931438544003987
pagila_store_monthly_revenue,"SELECT date_trunc('month', p.payment_date) AS month, SUM(p.amount) AS revenue, COUNT(DISTINCT p.customer_id) AS customers FROM pagila.payment p JOIN pagila.staff s USING (staff_id) WHERE s.store_id = 1 GROUP BY month ORDER BY month",231,1,1,0,True,True,False,2,2,3,2,1,0,0,0,0,983.42,1184.02,8024.0,48,40121.0,6.974,12,5,8,Aggregate,8,0,0,0,0,0,1,1,1,609,0,0,0,16051.0,16049.0,32768,16384,2,0.499968845410929
pagila_store_monthly_revenue,"SELECT date_trunc('month', p.payment_date) AS month, SUM(p.amount) AS revenue, COUNT(DISTINCT p.customer_id) AS customers FROM pagila.payment p JOIN pagila.staff s USING (staff_id) WHERE s.store_id = 1 GROUP BY month ORDER BY month",231,1,1,0,True,True,False,2,2,3,2,1,0,0,0,0,983.42,1184.02,8024.0,48,40121.0,6.888,12,5,8,Aggregate,8,0,0,0,0,0,1,1,1,609,0,0,0,16051.0,16049.0,32768,16384,2,0.499968845410929
pagila_customer_payment_transitions,"SELECT p.customer_id, p.payment_date, p.amount, lag(p.amount) OVER (PARTITION BY p.customer_id ORDER BY p.payment_date) AS previous_amount, p.amount - lag(p.amount) OVER (PARTITION BY p.customer_id ORDER BY p.payment_date) AS delta FROM pagila.payment p WHERE p.customer_id >= 402 ORDER BY p.customer_id, p.payment_date",319,0,1,0,False,True,False,1,1,5,2,0,0,0,0,0,654.52,771.88,5217.0,82,25099.0,4.29,15,5,7,WindowAgg,2,0,0,5,0,0,0,1,0,403,0,0,0,16049.0,16049.0,0,0,1,0.3250669823665026
pagila_customer_payment_transitions,"SELECT p.customer_id, p.payment_date, p.amount, lag(p.amount) OVER (PARTITION BY p.customer_id ORDER BY p.payment_date) AS previous_amount, p.amount - lag(p.amount) OVER (PARTITION BY p.customer_id ORDER BY p.payment_date) AS delta FROM pagila.payment p WHERE p.customer_id >= 402 ORDER BY p.customer_id, p.payment_date",319,0,1,0,False,True,False,1,1,5,2,0,0,0,0,0,654.52,771.88,5217.0,82,25099.0,4.369,15,5,7,WindowAgg,2,0,0,5,0,0,0,1,0,403,0,0,0,16049.0,16049.0,0,0,1,0.3250669823665026
pagila_city_customer_density,"SELECT co.country, ci.city, COUNT(cu.customer_id) AS customers FROM pagila.country co JOIN pagila.city ci USING (country_id) JOIN pagila.address a USING (city_id) LEFT JOIN pagila.customer cu USING (address_id) WHERE co.country_id <= 57 GROUP BY co.country, ci.city ORDER BY customers DESC LIMIT 60",298,3,1,0,True,True,False,4,4,3,1,2,1,0,0,0,79.65,79.8,60.0,26,4758.0,0.712,13,8,4,Limit,4,0,0,0,3,0,0,1,1,153,0,0,0,1911.0,603.0,557056,262144,9,0.09950248756218906
pagila_city_customer_density,"SELECT co.country, ci.city, COUNT(cu.customer_id) AS customers FROM pagila.country co JOIN pagila.city ci USING (country_id) JOIN pagila.address a USING (city_id) LEFT JOIN pagila.customer cu USING (address_id) WHERE co.country_id <= 57 GROUP BY co.country, ci.city ORDER BY customers DESC LIMIT 60",298,3,1,0,True,True,False,4,4,3,1,2,1,0,0,0,79.65,79.8,60.0,26,4758.0,0.908,13,8,4,Limit,4,0,0,0,3,0,0,1,1,153,0,0,0,1911.0,603.0,557056,262144,9,0.09950248756218906
pagila_replacement_exposure,"SELECT f.rating, COUNT(*) AS copies, SUM(f.replacement_cost) AS exposure FROM pagila.film f JOIN pagila.inventory i USING (film_id) WHERE f.replacement_cost >= 25 GROUP BY f.rating ORDER BY exposure DESC",203,1,1,0,True,True,False,2,2,3,2,1,0,0,0,0,175.57,175.58,5.0,44,6144.0,0.977,6,5,2,Sort,2,0,0,0,1,0,0,1,1,440,0,0,0,5581.0,4581.0,1286144,450560,7,0.0010914647456887142
pagila_replacement_exposure,"SELECT f.rating, COUNT(*) AS copies, SUM(f.replacement_cost) AS exposure FROM pagila.film f JOIN pagila.inventory i USING (film_id) WHERE f.replacement_cost >= 25 GROUP BY f.rating ORDER BY exposure DESC",203,1,1,0,True,True,False,2,2,3,2,1,0,0,0,0,175.57,175.58,5.0,44,6144.0,0.944,6,5,2,Sort,2,0,0,0,1,0,0,1,1,440,0,0,0,5581.0,4581.0,1286144,450560,7,0.0010914647456887142
pagila_staff_performance,"SELECT s.staff_id, s.first_name, s.last_name, COUNT(p.payment_id) AS payments, SUM(p.amount) AS revenue FROM pagila.staff s JOIN pagila.payment p USING (staff_id) WHERE p.payment_date >= TIMESTAMPTZ '2022-06-01' AND p.payment_date < TIMESTAMPTZ '2022-07-01' GROUP BY s.staff_id, s.first_name, s.last_name ORDER BY revenue DESC",326,1,2,0,True,True,False,2,2,5,2,1,0,0,0,0,102.52,102.53,2.0,56,5316.0,0.965,6,5,2,Sort,2,0,0,0,1,0,0,1,1,85,0,0,0,16051.0,16049.0,32768,16384,2,0.0001246183562838806
pagila_staff_performance,"SELECT s.staff_id, s.first_name, s.last_name, COUNT(p.payment_id) AS payments, SUM(p.amount) AS revenue FROM pagila.staff s JOIN pagila.payment p USING (staff_id) WHERE p.payment_date >= TIMESTAMPTZ '2022-06-01' AND p.payment_date < TIMESTAMPTZ '2022-07-01' GROUP BY s.staff_id, s.first_name, s.last_name ORDER BY revenue DESC",326,1,2,0,True,True,False,2,2,5,2,1,0,0,0,0,102.52,102.53,2.0,56,5316.0,1.196,6,5,2,Sort,2,0,0,0,1,0,0,1,1,85,0,0,0,16051.0,16049.0,32768,16384,2,0.0001246183562838806
pagila_repeat_renters,"SELECT c.customer_id, c.first_name, c.last_name, COUNT(r.rental_id) AS rentals FROM pagila.customer c JOIN pagila.rental r USING (customer_id) WHERE c.customer_id >= 208 GROUP BY c.customer_id, c.first_name, c.last_name HAVING COUNT(r.rental_id) >= 19 ORDER BY rentals DESC",273,1,1,0,True,True,False,2,2,4,2,1,0,0,0,0,436.25,436.58,131.0,25,27590.0,4.163,6,5,2,Sort,2,0,0,0,1,0,0,1,1,645,0,0,0,16643.0,16044.0,2719744,1351680,7,0.008165046123161306
pagila_repeat_renters,"SELECT c.customer_id, c.first_name, c.last_name, COUNT(r.rental_id) AS rentals FROM pagila.customer c JOIN pagila.rental r USING (customer_id) WHERE c.customer_id >= 208 GROUP BY c.customer_id, c.first_name, c.last_name HAVING COUNT(r.rental_id) >= 19 ORDER BY rentals DESC",273,1,1,0,True,True,False,2,2,4,2,1,0,0,0,0,436.25,436.58,131.0,25,27590.0,4.058,6,5,2,Sort,2,0,0,0,1,0,0,1,1,645,0,0,0,16643.0,16044.0,2719744,1351680,7,0.008165046123161306
pagila_customer_cohorts,"SELECT date_trunc('month', c.create_date) AS cohort, COUNT(DISTINCT c.customer_id) AS customers, COUNT(r.rental_id) AS rentals FROM pagila.customer c LEFT JOIN pagila.rental r USING (customer_id) WHERE EXTRACT(YEAR FROM c.create_date) >= 2006 GROUP BY cohort ORDER BY cohort",274,1,1,0,True,True,False,2,2,3,2,0,1,0,0,0,731.92,785.5,1.0,24,27159.0,10.894,6,5,2,Aggregate,2,0,0,0,1,0,0,1,1,645,0,0,0,16643.0,16044.0,2719744,1351680,7,6.232859636000998e-05
pagila_customer_cohorts,"SELECT date_trunc('month', c.create_date) AS cohort, COUNT(DISTINCT c.customer_id) AS customers, COUNT(r.rental_id) AS rentals FROM pagila.customer c LEFT JOIN pagila.rental r USING (customer_id) WHERE EXTRACT(YEAR FROM c.create_date) >= 2006 GROUP BY cohort ORDER BY cohort",274,1,1,0,True,True,False,2,2,3,2,0,1,0,0,0,731.92,785.5,1.0,24,27159.0,10.716,6,5,2,Aggregate,2,0,0,0,1,0,0,1,1,645,0,0,0,16643.0,16044.0,2719744,1351680,7,6.232859636000998e-05
pagila_top_films_per_category,"WITH ranked AS ( SELECT c.name AS category, f.title, COUNT(r.rental_id) AS rentals, dense_rank() OVER (PARTITION BY c.category_id ORDER BY COUNT(r.rental_id) DESC) AS rank FROM pagila.category c JOIN pagila.film_category fc USING (category_id) JOIN pagila.film f USING (film_id) JOIN pagila.inventory i USING (film_id) LEFT JOIN pagila.rental r USING (inventory_id) WHERE f.rating = 'R' GROUP BY c.category_id, c.name, f.film_id, f.title ) SELECT category, title, rentals FROM ranked WHERE rank <= 6 ORDER BY category, rentals DESC",531,4,2,1,True,True,False,5,5,7,3,3,1,0,0,0,1127.39,1135.19,3120.0,30,43146.0,4.246,18,13,5,Sort,5,0,0,0,4,0,0,2,1,2236,0,0,0,22641.0,16044.0,3923968,1736704,12,0.1944652206432311
pagila_top_films_per_category,"WITH ranked AS ( SELECT c.name AS category, f.title, COUNT(r.rental_id) AS rentals, dense_rank() OVER (PARTITION BY c.category_id ORDER BY COUNT(r.rental_id) DESC) AS rank FROM pagila.category c JOIN pagila.film_category fc USING (category_id) JOIN pagila.film f USING (film_id) JOIN pagila.inventory i USING (film_id) LEFT JOIN pagila.rental r USING (inventory_id) WHERE f.rating = 'R' GROUP BY c.category_id, c.name, f.film_id, f.title ) SELECT category, title, rentals FROM ranked WHERE rank <= 6 ORDER BY category, rentals DESC",531,4,2,1,True,True,False,5,5,7,3,3,1,0,0,0,1127.39,1135.19,3120.0,30,43146.0,4.354,18,13,5,Sort,5,0,0,0,4,0,0,2,1,2236,0,0,0,22641.0,16044.0,3923968,1736704,12,0.1944652206432311
pagila_film_pair_affinity,"SELECT i1.film_id AS first_film, i2.film_id AS second_film, COUNT(DISTINCT r1.customer_id) AS shared_customers FROM pagila.rental r1 JOIN pagila.inventory i1 USING (inventory_id) JOIN pagila.rental r2 ON r2.customer_id = r1.customer_id AND r2.rental_id > r1.rental_id JOIN pagila.inventory i2 ON i2.inventory_id = r2.inventory_id WHERE i1.film_id < i2.film_id GROUP BY i1.film_id, i2.film_id HAVING COUNT(DISTINCT r1.customer_id) >= 2 ORDER BY shared_customers DESC LIMIT 40",474,3,1,0,True,True,False,4,2,3,2,3,0,0,0,0,13344.35,13344.45,40.0,16,358245.0,134.136,14,9,2,Limit,4,0,0,0,3,0,0,2,1,2880,0,1160,1164,20625.0,16044.0,3006464,1466368,5,0.0024931438544003987
pagila_film_pair_affinity,"SELECT i1.film_id AS first_film, i2.film_id AS second_film, COUNT(DISTINCT r1.customer_id) AS shared_customers FROM pagila.rental r1 JOIN pagila.inventory i1 USING (inventory_id) JOIN pagila.rental r2 ON r2.customer_id = r1.customer_id AND r2.rental_id > r1.rental_id JOIN pagila.inventory i2 ON i2.inventory_id = r2.inventory_id WHERE i1.film_id < i2.film_id GROUP BY i1.film_id, i2.film_id HAVING COUNT(DISTINCT r1.customer_id) >= 2 ORDER BY shared_customers DESC LIMIT 40",474,3,1,0,True,True,False,4,2,3,2,3,0,0,0,0,13344.35,13344.45,40.0,16,358245.0,140.108,14,9,2,Limit,4,0,0,0,3,0,0,2,1,2880,0,1160,1164,20625.0,16044.0,3006464,1466368,5,0.0024931438544003987
pagila_category_revenue,"SELECT c.name, COUNT(DISTINCT r.rental_id) AS rentals, SUM(p.amount) AS revenue FROM pagila.category c JOIN pagila.film_category fc USING (category_id) JOIN pagila.inventory i USING (film_id) JOIN pagila.rental r USING (inventory_id) JOIN pagila.payment p USING (rental_id) WHERE p.payment_date >= TIMESTAMPTZ '2022-04-01' AND p.payment_date < TIMESTAMPTZ '2022-05-01' GROUP BY c.name ORDER BY revenue DESC",406,4,2,0,True,True,False,5,5,3,2,4,0,0,0,0,868.3,868.34,16.0,47,45099.0,6.869,16,9,5,Sort,5,0,0,0,4,0,0,2,1,1659,0,0,0,37690.0,16049.0,3153920,1523712,8,0.0009969468502710448
pagila_category_revenue,"SELECT c.name, COUNT(DISTINCT r.rental_id) AS rentals, SUM(p.amount) AS revenue FROM pagila.category c JOIN pagila.film_category fc USING (category_id) JOIN pagila.inventory i USING (film_id) JOIN pagila.rental r USING (inventory_id) JOIN pagila.payment p USING (rental_id) WHERE p.payment_date >= TIMESTAMPTZ '2022-04-01' AND p.payment_date < TIMESTAMPTZ '2022-05-01' GROUP BY c.name ORDER BY revenue DESC",406,4,2,0,True,True,False,5,5,3,2,4,0,0,0,0,868.3,868.34,16.0,47,45099.0,6.986,16,9,5,Sort,5,0,0,0,4,0,0,2,1,1659,0,0,0,37690.0,16049.0,3153920,1523712,8,0.0009969468502710448
pagila_return_sla,"SELECT i.store_id, COUNT(*) AS rentals, COUNT(*) FILTER (WHERE r.return_date <= r.rental_date + INTERVAL '5 days') AS within_sla FROM pagila.rental r JOIN pagila.inventory i USING (inventory_id) WHERE r.return_date IS NOT NULL GROUP BY i.store_id ORDER BY i.store_id",266,1,2,0,True,True,False,2,2,3,2,1,0,0,0,0,683.47,683.48,2.0,20,40888.0,6.717,6,5,2,Sort,2,0,0,0,1,0,0,1,1,750,0,0,0,20625.0,16044.0,3006464,1466368,5,0.00012465719272001995
pagila_return_sla,"SELECT i.store_id, COUNT(*) AS rentals, COUNT(*) FILTER (WHERE r.return_date <= r.rental_date + INTERVAL '5 days') AS within_sla FROM pagila.rental r JOIN pagila.inventory i USING (inventory_id) WHERE r.return_date IS NOT NULL GROUP BY i.store_id ORDER BY i.store_id",266,1,2,0,True,True,False,2,2,3,2,1,0,0,0,0,683.47,683.48,2.0,20,40888.0,6.718,6,5,2,Sort,2,0,0,0,1,0,0,1,1,750,0,0,0,20625.0,16044.0,3006464,1466368,5,0.00012465719272001995
pagila_inventory_imbalance,"SELECT i.film_id, COUNT(*) FILTER (WHERE i.store_id = 1) AS store_one, COUNT(*) FILTER (WHERE i.store_id = 2) AS store_two FROM pagila.inventory i WHERE i.film_id >= 1 GROUP BY i.film_id HAVING ABS(COUNT(*) FILTER (WHERE i.store_id = 1) - COUNT(*) FILTER (WHERE i.store_id = 2)) >= 1 ORDER BY i.film_id",302,0,5,0,True,True,False,1,1,3,4,0,0,0,0,0,174.56,175.35,319.0,20,5219.0,1.153,3,3,1,Sort,1,0,0,0,0,0,0,1,1,90,0,0,0,4581.0,4581.0,516096,237568,2,0.06963545077493997
pagila_inventory_imbalance,"SELECT i.film_id, COUNT(*) FILTER (WHERE i.store_id = 1) AS store_one, COUNT(*) FILTER (WHERE i.store_id = 2) AS store_two FROM pagila.inventory i WHERE i.film_id >= 1 GROUP BY i.film_id HAVING ABS(COUNT(*) FILTER (WHERE i.store_id = 1) - COUNT(*) FILTER (WHERE i.store_id = 2)) >= 1 ORDER BY i.film_id",302,0,5,0,True,True,False,1,1,3,4,0,0,0,0,0,174.56,175.35,319.0,20,5219.0,1.149,3,3,1,Sort,1,0,0,0,0,0,0,1,1,90,0,0,0,4581.0,4581.0,516096,237568,2,0.06963545077493997
pagila_unrented_films,"SELECT f.film_id, f.title FROM pagila.film f WHERE f.rating = 'PG-13' AND NOT EXISTS ( SELECT 1 FROM pagila.inventory i JOIN pagila.rental r USING (inventory_id) WHERE i.film_id = f.film_id ) ORDER BY f.title",208,1,3,1,False,True,False,3,3,3,0,1,0,0,0,0,764.32,764.34,9.0,19,57535.0,5.619,8,6,3,Sort,3,0,0,0,2,0,0,1,0,1122,0,0,0,21625.0,16044.0,3776512,1679360,10,0.0005609573672400897
pagila_unrented_films,"SELECT f.film_id, f.title FROM pagila.film f WHERE f.rating = 'PG-13' AND NOT EXISTS ( SELECT 1 FROM pagila.inventory i JOIN pagila.rental r USING (inventory_id) WHERE i.film_id = f.film_id ) ORDER BY f.title",208,1,3,1,False,True,False,3,3,3,0,1,0,0,0,0,764.32,764.34,9.0,19,57535.0,5.642,8,6,3,Sort,3,0,0,0,2,0,0,1,0,1122,0,0,0,21625.0,16044.0,3776512,1679360,10,0.0005609573672400897
pagila_language_catalog,"SELECT l.name, f.rating, COUNT(*) AS films, AVG(f.length) AS avg_length FROM pagila.language l JOIN pagila.film f USING (language_id) WHERE f.length >= 150 GROUP BY l.name, f.rating ORDER BY films DESC",201,1,1,0,True,True,False,2,2,4,2,1,0,0,0,0,82.42,82.5,30.0,65,580.0,0.329,6,5,2,Sort,2,0,0,0,1,0,0,1,1,261,0,0,0,1006.0,1000.0,794624,229376,6,0.03
pagila_language_catalog,"SELECT l.name, f.rating, COUNT(*) AS films, AVG(f.length) AS avg_length FROM pagila.language l JOIN pagila.film f USING (language_id) WHERE f.length >= 150 GROUP BY l.name, f.rating ORDER BY films DESC",201,1,1,0,True,True,False,2,2,4,2,1,0,0,0,0,82.42,82.5,30.0,65,580.0,0.363,6,5,2,Sort,2,0,0,0,1,0,0,1,1,261,0,0,0,1006.0,1000.0,794624,229376,6,0.03
pagila_customer_lifetime_value,"SELECT c.customer_id, c.first_name, c.last_name, COUNT(p.payment_id) AS payments, SUM(p.amount) AS lifetime_value FROM pagila.customer c JOIN pagila.payment p USING (customer_id) WHERE c.customer_id >= 99 GROUP BY c.customer_id, c.first_name, c.last_name HAVING COUNT(p.payment_id) >= 7 ORDER BY lifetime_value DESC LIMIT 50",324,1,1,0,True,True,False,2,2,5,3,1,0,0,0,0,540.65,540.77,50.0,57,46907.0,6.433,14,6,8,Limit,8,0,0,0,1,0,0,1,1,780,0,0,0,16648.0,16049.0,229376,122880,5,0.0031154589070970153
pagila_customer_lifetime_value,"SELECT c.customer_id, c.first_name, c.last_name, COUNT(p.payment_id) AS payments, SUM(p.amount) AS lifetime_value FROM pagila.customer c JOIN pagila.payment p USING (customer_id) WHERE c.customer_id >= 99 GROUP BY c.customer_id, c.first_name, c.last_name HAVING COUNT(p.payment_id) >= 7 ORDER BY lifetime_value DESC LIMIT 50",324,1,1,0,True,True,False,2,2,5,3,1,0,0,0,0,540.65,540.77,50.0,57,46907.0,6.576,14,6,8,Limit,8,0,0,0,1,0,0,1,1,780,0,0,0,16648.0,16049.0,229376,122880,5,0.0031154589070970153
pagila_actor_rental_impact,"SELECT a.actor_id, a.first_name, a.last_name, COUNT(r.rental_id) AS rentals, COALESCE(SUM(p.amount), 0) AS revenue FROM pagila.actor a JOIN pagila.film_actor fa USING (actor_id) JOIN pagila.inventory i USING (film_id) LEFT JOIN pagila.rental r USING (inventory_id) LEFT JOIN pagila.payment p USING (rental_id) WHERE a.actor_id >= 58 GROUP BY a.actor_id, a.first_name, a.last_name ORDER BY revenue DESC LIMIT 30",410,4,1,0,True,True,False,5,5,5,2,2,2,0,0,0,2600.88,2600.96,30.0,57,181582.0,30.027,23,8,11,Limit,11,0,0,0,4,0,0,1,1,2604,0,0,0,42336.0,16049.0,3596288,1728512,10,0.0018692753442582093
pagila_actor_rental_impact,"SELECT a.actor_id, a.first_name, a.last_name, COUNT(r.rental_id) AS rentals, COALESCE(SUM(p.amount), 0) AS revenue FROM pagila.actor a JOIN pagila.film_actor fa USING (actor_id) JOIN pagila.inventory i USING (film_id) LEFT JOIN pagila.rental r USING (inventory_id) LEFT JOIN pagila.payment p USING (rental_id) WHERE a.actor_id >= 58 GROUP BY a.actor_id, a.first_name, a.last_name ORDER BY revenue DESC LIMIT 30",410,4,1,0,True,True,False,5,5,5,2,2,2,0,0,0,2600.88,2600.96,30.0,57,181582.0,29.466,23,8,11,Limit,11,0,0,0,4,0,0,1,1,2604,0,0,0,42336.0,16049.0,3596288,1728512,10,0.0018692753442582093
pagila_rating_revenue_pivot,"SELECT i.store_id, SUM(p.amount) FILTER (WHERE f.rating = 'G') AS g_revenue, SUM(p.amount) FILTER (WHERE f.rating = 'PG') AS pg_revenue, SUM(p.amount) FILTER (WHERE f.rating = 'R') AS r_revenue FROM pagila.payment p JOIN pagila.rental r USING (rental_id) JOIN pagila.inventory i USING (inventory_id) JOIN pagila.film f USING (film_id) WHERE p.payment_date >= TIMESTAMPTZ '2022-02-01' AND p.payment_date < TIMESTAMPTZ '2022-03-01' GROUP BY i.store_id ORDER BY i.store_id",469,3,5,0,True,True,False,4,4,4,3,3,0,0,0,0,752.92,752.92,2.0,100,39215.0,4.891,12,7,4,Sort,4,0,0,0,3,0,0,1,1,1526,0,0,0,37674.0,16049.0,3776512,1679360,11,0.0001246183562838806
pagila_rating_revenue_pivot,"SELECT i.store_id, SUM(p.amount) FILTER (WHERE f.rating = 'G') AS g_revenue, SUM(p.amount) FILTER (WHERE f.rating = 'PG') AS pg_revenue, SUM(p.amount) FILTER (WHERE f.rating = 'R') AS r_revenue FROM pagila.payment p JOIN pagila.rental r USING (rental_id) JOIN pagila.inventory i USING (inventory_id) JOIN pagila.film f USING (film_id) WHERE p.payment_date >= TIMESTAMPTZ '2022-02-01' AND p.payment_date < TIMESTAMPTZ '2022-03-01' GROUP BY i.store_id ORDER BY i.store_id",469,3,5,0,True,True,False,4,4,4,3,3,0,0,0,0,752.92,752.92,2.0,100,39215.0,4.872,12,7,4,Sort,4,0,0,0,3,0,0,1,1,1526,0,0,0,37674.0,16049.0,3776512,1679360,11,0.0001246183562838806
pagila_inventory_availability,"SELECT i.store_id, COUNT(*) AS copies, COUNT(*) FILTER (WHERE r.rental_id IS NULL) AS available FROM pagila.inventory i LEFT JOIN pagila.rental r ON r.inventory_id = i.inventory_id AND r.return_date IS NULL WHERE i.film_id BETWEEN 1000 AND 1000 GROUP BY i.store_id ORDER BY i.store_id",284,1,2,0,True,True,False,2,2,3,2,0,1,0,0,0,246.16,246.26,2.0,20,31.0,0.314,6,5,2,Aggregate,1,0,0,1,0,0,1,1,1,324,0,0,0,20625.0,16044.0,3006464,1466368,5,0.00012465719272001995
pagila_inventory_availability,"SELECT i.store_id, COUNT(*) AS copies, COUNT(*) FILTER (WHERE r.rental_id IS NULL) AS available FROM pagila.inventory i LEFT JOIN pagila.rental r ON r.inventory_id = i.inventory_id AND r.return_date IS NULL WHERE i.film_id BETWEEN 1000 AND 1000 GROUP BY i.store_id ORDER BY i.store_id",284,1,2,0,True,True,False,2,2,3,2,0,1,0,0,0,246.16,246.26,2.0,20,31.0,0.309,6,5,2,Aggregate,1,0,0,1,0,0,1,1,1,324,0,0,0,20625.0,16044.0,3006464,1466368,5,0.00012465719272001995
pagila_category_percentiles,"SELECT c.name, percentile_cont(0.5) WITHIN GROUP (ORDER BY p.amount) AS median_payment, percentile_cont(0.9) WITHIN GROUP (ORDER BY p.amount) AS p90_payment FROM pagila.category c JOIN pagila.film_category fc USING (category_id) JOIN pagila.inventory i USING (film_id) JOIN pagila.rental r USING (inventory_id) JOIN pagila.payment p USING (rental_id) WHERE p.amount >= 1.99 GROUP BY c.name ORDER BY p90_payment DESC",415,4,1,0,True,True,False,5,5,3,2,4,0,0,0,0,2334.8,2334.84,16.0,23,122590.0,21.775,23,8,11,Sort,11,0,0,0,4,0,0,2,1,2428,0,0,0,37690.0,16049.0,3153920,1523712,8,0.0009969468502710448
pagila_category_percentiles,"SELECT c.name, percentile_cont(0.5) WITHIN GROUP (ORDER BY p.amount) AS median_payment, percentile_cont(0.9) WITHIN GROUP (ORDER BY p.amount) AS p90_payment FROM pagila.category c JOIN pagila.film_category fc USING (category_id) JOIN pagila.inventory i USING (film_id) JOIN pagila.rental r USING (inventory_id) JOIN pagila.payment p USING (rental_id) WHERE p.amount >= 1.99 GROUP BY c.name ORDER BY p90_payment DESC",415,4,1,0,True,True,False,5,5,3,2,4,0,0,0,0,2334.8,2334.84,16.0,23,122590.0,22.505,23,8,11,Sort,11,0,0,0,4,0,0,2,1,2428,0,0,0,37690.0,16049.0,3153920,1523712,8,0.0009969468502710448
pagila_actor_category_diversity,"SELECT a.actor_id, a.first_name, a.last_name, COUNT(DISTINCT fc.category_id) AS category_count FROM pagila.actor a JOIN pagila.film_actor fa USING (actor_id) JOIN pagila.film_category fc USING (film_id) WHERE a.actor_id >= 157 GROUP BY a.actor_id, a.first_name, a.last_name ORDER BY category_count DESC",302,2,1,0,True,True,False,3,3,4,1,2,0,0,0,0,221.48,221.59,44.0,25,11244.0,1.52,10,7,3,Sort,3,0,0,0,2,0,0,2,1,230,0,0,0,6662.0,5462.0,704512,303104,5,0.008055657268399853
pagila_actor_category_diversity,"SELECT a.actor_id, a.first_name, a.last_name, COUNT(DISTINCT fc.category_id) AS category_count FROM pagila.actor a JOIN pagila.film_actor fa USING (actor_id) JOIN pagila.film_category fc USING (film_id) WHERE a.actor_id >= 157 GROUP BY a.actor_id, a.first_name, a.last_name ORDER BY category_count DESC",302,2,1,0,True,True,False,3,3,4,1,2,0,0,0,0,221.48,221.59,44.0,25,11244.0,1.551,10,7,3,Sort,3,0,0,0,2,0,0,2,1,230,0,0,0,6662.0,5462.0,704512,303104,5,0.008055657268399853
pagila_inactive_customers,"SELECT c.customer_id, c.first_name, c.last_name FROM pagila.customer c WHERE c.activebool = true AND NOT EXISTS ( SELECT 1 FROM pagila.rental r WHERE r.customer_id = c.customer_id AND r.rental_date >= TIMESTAMPTZ '2022-06-01' ) ORDER BY c.customer_id",250,0,4,1,False,True,False,2,2,4,0,0,0,0,0,0,554.46,554.46,1.0,17,30107.0,2.804,5,4,2,Sort,2,0,0,0,1,0,0,1,0,627,0,0,0,16643.0,16044.0,2719744,1351680,7,6.232859636000998e-05
pagila_inactive_customers,"SELECT c.customer_id, c.first_name, c.last_name FROM pagila.customer c WHERE c.activebool = true AND NOT EXISTS ( SELECT 1 FROM pagila.rental r WHERE r.customer_id = c.customer_id AND r.rental_date >= TIMESTAMPTZ '2022-06-01' ) ORDER BY c.customer_id",250,0,4,1,False,True,False,2,2,4,0,0,0,0,0,0,554.46,554.46,1.0,17,30107.0,3.105,5,4,2,Sort,2,0,0,0,1,0,0,1,0,627,0,0,0,16643.0,16044.0,2719744,1351680,7,6.232859636000998e-05
pagila_overdue_rentals,"SELECT r.customer_id, COUNT(*) AS overdue_count, AVG(EXTRACT(EPOCH FROM (r.return_date - r.rental_date)) / 86400) AS avg_days FROM pagila.rental r WHERE r.return_date IS NOT NULL AND r.return_date - r.rental_date > INTERVAL '11 days' GROUP BY r.customer_id ORDER BY overdue_count DESC",284,0,2,0,True,True,False,1,1,3,2,0,0,0,0,0,505.09,506.58,599.0,44,6485.0,1.174,3,3,1,Sort,1,0,0,0,0,0,0,1,1,450,0,0,0,16044.0,16044.0,2490368,1228800,3,0.037334829219645975
pagila_overdue_rentals,"SELECT r.customer_id, COUNT(*) AS overdue_count, AVG(EXTRACT(EPOCH FROM (r.return_date - r.rental_date)) / 86400) AS avg_days FROM pagila.rental r WHERE r.return_date IS NOT NULL AND r.return_date - r.rental_date > INTERVAL '11 days' GROUP BY r.customer_id ORDER BY overdue_count DESC",284,0,2,0,True,True,False,1,1,3,2,0,0,0,0,0,505.09,506.58,599.0,44,6485.0,1.329,3,3,1,Sort,1,0,0,0,0,0,0,1,1,450,0,0,0,16044.0,16044.0,2490368,1228800,3,0.037334829219645975
pagila_daily_revenue_rollup,"SELECT date_trunc('day', p.payment_date) AS day, s.store_id, SUM(p.amount) AS revenue FROM pagila.payment p JOIN pagila.staff s USING (staff_id) WHERE p.payment_date >= TIMESTAMPTZ '2022-06-01' AND p.payment_date < TIMESTAMPTZ '2022-07-01' GROUP BY GROUPING SETS ((day, s.store_id), (day), ()) ORDER BY day NULLS LAST, s.store_id NULLS LAST",340,1,2,0,True,True,False,2,2,3,1,1,0,0,0,0,240.15,346.33,5309.0,44,13275.0,1.857,6,5,2,Aggregate,2,0,0,0,1,0,0,1,1,85,0,0,0,16051.0,16049.0,32768,16384,2,0.3307994267555611
pagila_daily_revenue_rollup,"SELECT date_trunc('day', p.payment_date) AS day, s.store_id, SUM(p.amount) AS revenue FROM pagila.payment p JOIN pagila.staff s USING (staff_id) WHERE p.payment_date >= TIMESTAMPTZ '2022-06-01' AND p.payment_date < TIMESTAMPTZ '2022-07-01' GROUP BY GROUPING SETS ((day, s.store_id), (day), ()) ORDER BY day NULLS LAST, s.store_id NULLS LAST",340,1,2,0,True,True,False,2,2,3,1,1,0,0,0,0,240.15,346.33,5309.0,44,13275.0,2.033,6,5,2,Aggregate,2,0,0,0,1,0,0,1,1,85,0,0,0,16051.0,16049.0,32768,16384,2,0.3307994267555611
pagila_duration_outliers,"WITH stats AS ( SELECT rating, AVG(length) AS avg_length, STDDEV_POP(length) AS sd FROM pagila.film GROUP BY rating ) SELECT f.film_id, f.title, f.length FROM pagila.film f JOIN stats s USING (rating) WHERE f.rating = 'PG' AND f.length > s.avg_length + s.sd ORDER BY f.length DESC",280,1,2,1,True,True,False,2,1,6,2,1,0,0,0,0,159.34,159.5,65.0,21,519.0,0.321,5,4,1,Sort,2,0,0,0,0,0,1,1,1,448,0,0,0,1000.0,1000.0,770048,212992,5,0.065
pagila_duration_outliers,"WITH stats AS ( SELECT rating, AVG(length) AS avg_length, STDDEV_POP(length) AS sd FROM pagila.film GROUP BY rating ) SELECT f.film_id, f.title, f.length FROM pagila.film f JOIN stats s USING (rating) WHERE f.rating = 'PG' AND f.length > s.avg_length + s.sd ORDER BY f.length DESC",280,1,2,1,True,True,False,2,1,6,2,1,0,0,0,0,159.34,159.5,65.0,21,519.0,0.307,5,4,1,Sort,2,0,0,0,0,0,1,1,1,448,0,0,0,1000.0,1000.0,770048,212992,5,0.065
pagila_customer_recency_rank,"WITH activity AS ( SELECT c.customer_id, c.store_id, MAX(r.rental_date) AS last_rental FROM pagila.customer c LEFT JOIN pagila.rental r USING (customer_id) WHERE c.store_id = 2 GROUP BY c.customer_id, c.store_id ) SELECT customer_id, last_rental, dense_rank() OVER (ORDER BY last_rental DESC NULLS LAST) AS recency_rank FROM activity ORDER BY recency_rank, customer_id",368,1,1,1,True,True,False,2,2,6,2,0,1,0,0,0,441.65,442.33,273.0,20,25267.0,3.402,9,8,2,Sort,2,0,0,0,1,0,0,2,1,1122,0,0,0,16643.0,16044.0,2719744,1351680,7,0.017015706806282723
pagila_customer_recency_rank,"WITH activity AS ( SELECT c.customer_id, c.store_id, MAX(r.rental_date) AS last_rental FROM pagila.customer c LEFT JOIN pagila.rental r USING (customer_id) WHERE c.store_id = 2 GROUP BY c.customer_id, c.store_id ) SELECT customer_id, last_rental, dense_rank() OVER (ORDER BY last_rental DESC NULLS LAST) AS recency_rank FROM activity ORDER BY recency_rank, customer_id",368,1,1,1,True,True,False,2,2,6,2,0,1,0,0,0,441.65,442.33,273.0,20,25267.0,3.362,9,8,2,Sort,2,0,0,0,1,0,0,2,1,1122,0,0,0,16643.0,16044.0,2719744,1351680,7,0.017015706806282723
pagila_customer_cohorts,"SELECT date_trunc('month', c.create_date) AS cohort, COUNT(DISTINCT c.customer_id) AS customers, COUNT(r.rental_id) AS rentals FROM pagila.customer c LEFT JOIN pagila.rental r USING (customer_id) WHERE EXTRACT(YEAR FROM c.create_date) >= 2005 GROUP BY cohort ORDER BY cohort",274,1,1,0,True,True,False,2,2,3,2,0,1,0,0,0,731.92,785.5,1.0,24,27159.0,10.434,6,5,2,Aggregate,2,0,0,0,1,0,0,1,1,645,0,0,0,16643.0,16044.0,2719744,1351680,7,6.232859636000998e-05
pagila_customer_cohorts,"SELECT date_trunc('month', c.create_date) AS cohort, COUNT(DISTINCT c.customer_id) AS customers, COUNT(r.rental_id) AS rentals FROM pagila.customer c LEFT JOIN pagila.rental r USING (customer_id) WHERE EXTRACT(YEAR FROM c.create_date) >= 2005 GROUP BY cohort ORDER BY cohort",274,1,1,0,True,True,False,2,2,3,2,0,1,0,0,0,731.92,785.5,1.0,24,27159.0,10.449,6,5,2,Aggregate,2,0,0,0,1,0,0,1,1,645,0,0,0,16643.0,16044.0,2719744,1351680,7,6.232859636000998e-05
pagila_inventory_availability,"SELECT i.store_id, COUNT(*) AS copies, COUNT(*) FILTER (WHERE r.rental_id IS NULL) AS available FROM pagila.inventory i LEFT JOIN pagila.rental r ON r.inventory_id = i.inventory_id AND r.return_date IS NULL WHERE i.film_id BETWEEN 233 AND 333 GROUP BY i.store_id ORDER BY i.store_id",282,1,2,0,True,True,False,2,2,3,2,0,1,0,0,0,419.37,419.37,2.0,20,1642.0,0.986,6,5,2,Sort,2,0,0,0,1,0,0,1,1,750,0,0,0,20625.0,16044.0,3006464,1466368,5,0.00012465719272001995
pagila_inventory_availability,"SELECT i.store_id, COUNT(*) AS copies, COUNT(*) FILTER (WHERE r.rental_id IS NULL) AS available FROM pagila.inventory i LEFT JOIN pagila.rental r ON r.inventory_id = i.inventory_id AND r.return_date IS NULL WHERE i.film_id BETWEEN 233 AND 333 GROUP BY i.store_id ORDER BY i.store_id",282,1,2,0,True,True,False,2,2,3,2,0,1,0,0,0,419.37,419.37,2.0,20,1642.0,1.035,6,5,2,Sort,2,0,0,0,1,0,0,1,1,750,0,0,0,20625.0,16044.0,3006464,1466368,5,0.00012465719272001995
pagila_city_customer_density,"SELECT co.country, ci.city, COUNT(cu.customer_id) AS customers FROM pagila.country co JOIN pagila.city ci USING (country_id) JOIN pagila.address a USING (city_id) LEFT JOIN pagila.customer cu USING (address_id) WHERE co.country_id <= 90 GROUP BY co.country, ci.city ORDER BY customers DESC LIMIT 60",298,3,1,0,True,True,False,4,4,3,1,2,1,0,0,0,89.23,89.38,60.0,26,5942.0,0.825,13,8,4,Limit,4,0,0,0,3,0,0,1,1,168,0,0,0,1911.0,603.0,557056,262144,9,0.09950248756218906
pagila_city_customer_density,"SELECT co.country, ci.city, COUNT(cu.customer_id) AS customers FROM pagila.country co JOIN pagila.city ci USING (country_id) JOIN pagila.address a USING (city_id) LEFT JOIN pagila.customer cu USING (address_id) WHERE co.country_id <= 90 GROUP BY co.country, ci.city ORDER BY customers DESC LIMIT 60",298,3,1,0,True,True,False,4,4,3,1,2,1,0,0,0,89.23,89.38,60.0,26,5942.0,0.856,13,8,4,Limit,4,0,0,0,3,0,0,1,1,168,0,0,0,1911.0,603.0,557056,262144,9,0.09950248756218906
pagila_actor_category_diversity,"SELECT a.actor_id, a.first_name, a.last_name, COUNT(DISTINCT fc.category_id) AS category_count FROM pagila.actor a JOIN pagila.film_actor fa USING (actor_id) JOIN pagila.film_category fc USING (film_id) WHERE a.actor_id >= 5 GROUP BY a.actor_id, a.first_name, a.last_name ORDER BY category_count DESC",300,2,1,0,True,True,False,3,3,4,1,2,0,0,0,0,589.4,589.89,196.0,25,24305.0,4.09,10,7,3,Sort,3,0,0,0,2,0,0,2,1,230,0,0,0,6662.0,5462.0,704512,303104,5,0.03588429146832662
pagila_actor_category_diversity,"SELECT a.actor_id, a.first_name, a.last_name, COUNT(DISTINCT fc.category_id) AS category_count FROM pagila.actor a JOIN pagila.film_actor fa USING (actor_id) JOIN pagila.film_category fc USING (film_id) WHERE a.actor_id >= 5 GROUP BY a.actor_id, a.first_name, a.last_name ORDER BY category_count DESC",300,2,1,0,True,True,False,3,3,4,1,2,0,0,0,0,589.4,589.89,196.0,25,24305.0,4.196,10,7,3,Sort,3,0,0,0,2,0,0,2,1,230,0,0,0,6662.0,5462.0,704512,303104,5,0.03588429146832662
pagila_customer_recency_rank,"WITH activity AS ( SELECT c.customer_id, c.store_id, MAX(r.rental_date) AS last_rental FROM pagila.customer c LEFT JOIN pagila.rental r USING (customer_id) WHERE c.store_id = 1 GROUP BY c.customer_id, c.store_id ) SELECT customer_id, last_rental, dense_rank() OVER (ORDER BY last_rental DESC NULLS LAST) AS recency_rank FROM activity ORDER BY recency_rank, customer_id",368,1,1,1,True,True,False,2,2,6,2,0,1,0,0,0,456.52,457.34,326.0,20,27058.0,3.731,9,8,2,Sort,2,0,0,0,1,0,0,2,1,1122,0,0,0,16643.0,16044.0,2719744,1351680,7,0.020319122413363252
pagila_customer_recency_rank,"WITH activity AS ( SELECT c.customer_id, c.store_id, MAX(r.rental_date) AS last_rental FROM pagila.customer c LEFT JOIN pagila.rental r USING (customer_id) WHERE c.store_id = 1 GROUP BY c.customer_id, c.store_id ) SELECT customer_id, last_rental, dense_rank() OVER (ORDER BY last_rental DESC NULLS LAST) AS recency_rank FROM activity ORDER BY recency_rank, customer_id",368,1,1,1,True,True,False,2,2,6,2,0,1,0,0,0,456.52,457.34,326.0,20,27058.0,3.815,9,8,2,Sort,2,0,0,0,1,0,0,2,1,1122,0,0,0,16643.0,16044.0,2719744,1351680,7,0.020319122413363252
pagila_replacement_exposure,"SELECT f.rating, COUNT(*) AS copies, SUM(f.replacement_cost) AS exposure FROM pagila.film f JOIN pagila.inventory i USING (film_id) WHERE f.replacement_cost >= 20 GROUP BY f.rating ORDER BY exposure DESC",203,1,1,0,True,True,False,2,2,3,2,1,0,0,0,0,187.28,187.29,5.0,44,7789.0,1.238,6,5,2,Sort,2,0,0,0,1,0,0,1,1,440,0,0,0,5581.0,4581.0,1286144,450560,7,0.0010914647456887142
pagila_replacement_exposure,"SELECT f.rating, COUNT(*) AS copies, SUM(f.replacement_cost) AS exposure FROM pagila.film f JOIN pagila.inventory i USING (film_id) WHERE f.replacement_cost >= 20 GROUP BY f.rating ORDER BY exposure DESC",203,1,1,0,True,True,False,2,2,3,2,1,0,0,0,0,187.28,187.29,5.0,44,7789.0,1.268,6,5,2,Sort,2,0,0,0,1,0,0,1,1,440,0,0,0,5581.0,4581.0,1286144,450560,7,0.0010914647456887142
pagila_rental_gaps,"WITH ordered AS ( SELECT r.customer_id, r.rental_date, lag(r.rental_date) OVER (PARTITION BY r.customer_id ORDER BY r.rental_date) AS previous FROM pagila.rental r WHERE r.customer_id >= 294 ) SELECT customer_id, AVG(rental_date - previous) AS avg_gap FROM ordered WHERE previous IS NOT NULL GROUP BY customer_id ORDER BY avg_gap DESC",334,0,2,1,True,True,False,1,1,5,2,0,0,0,0,0,1217.15,1218.64,599.0,20,33637.0,7.566,6,6,1,Sort,1,0,0,0,0,0,0,2,1,900,0,0,0,16044.0,16044.0,2490368,1228800,3,0.037334829219645975
pagila_rental_gaps,"WITH ordered AS ( SELECT r.customer_id, r.rental_date, lag(r.rental_date) OVER (PARTITION BY r.customer_id ORDER BY r.rental_date) AS previous FROM pagila.rental r WHERE r.customer_id >= 294 ) SELECT customer_id, AVG(rental_date - previous) AS avg_gap FROM ordered WHERE previous IS NOT NULL GROUP BY customer_id ORDER BY avg_gap DESC",334,0,2,1,True,True,False,1,1,5,2,0,0,0,0,0,1217.15,1218.64,599.0,20,33637.0,6.823,6,6,1,Sort,1,0,0,0,0,0,0,2,1,900,0,0,0,16044.0,16044.0,2490368,1228800,3,0.037334829219645975
pagila_film_pair_affinity,"SELECT i1.film_id AS first_film, i2.film_id AS second_film, COUNT(DISTINCT r1.customer_id) AS shared_customers FROM pagila.rental r1 JOIN pagila.inventory i1 USING (inventory_id) JOIN pagila.rental r2 ON r2.customer_id = r1.customer_id AND r2.rental_id > r1.rental_id JOIN pagila.inventory i2 ON i2.inventory_id = r2.inventory_id WHERE i1.film_id < i2.film_id GROUP BY i1.film_id, i2.film_id HAVING COUNT(DISTINCT r1.customer_id) >= 4 ORDER BY shared_customers DESC LIMIT 40",474,3,1,0,True,True,False,4,2,3,2,3,0,0,0,0,13344.35,13344.45,40.0,16,358245.0,133.024,14,9,2,Limit,4,0,0,0,3,0,0,2,1,2880,0,1160,1164,20625.0,16044.0,3006464,1466368,5,0.0024931438544003987
pagila_film_pair_affinity,"SELECT i1.film_id AS first_film, i2.film_id AS second_film, COUNT(DISTINCT r1.customer_id) AS shared_customers FROM pagila.rental r1 JOIN pagila.inventory i1 USING (inventory_id) JOIN pagila.rental r2 ON r2.customer_id = r1.customer_id AND r2.rental_id > r1.rental_id JOIN pagila.inventory i2 ON i2.inventory_id = r2.inventory_id WHERE i1.film_id < i2.film_id GROUP BY i1.film_id, i2.film_id HAVING COUNT(DISTINCT r1.customer_id) >= 4 ORDER BY shared_customers DESC LIMIT 40",474,3,1,0,True,True,False,4,2,3,2,3,0,0,0,0,13344.35,13344.45,40.0,16,358245.0,138.68,14,9,2,Limit,4,0,0,0,3,0,0,2,1,2880,0,1160,1164,20625.0,16044.0,3006464,1466368,5,0.0024931438544003987
pagila_inventory_imbalance,"SELECT i.film_id, COUNT(*) FILTER (WHERE i.store_id = 1) AS store_one, COUNT(*) FILTER (WHERE i.store_id = 2) AS store_two FROM pagila.inventory i WHERE i.film_id >= 2 GROUP BY i.film_id HAVING ABS(COUNT(*) FILTER (WHERE i.store_id = 1) - COUNT(*) FILTER (WHERE i.store_id = 2)) >= 2 ORDER BY i.film_id",302,0,5,0,True,True,False,1,1,3,4,0,0,0,0,0,174.46,175.25,319.0,20,5211.0,1.363,3,3,1,Sort,1,0,0,0,0,0,0,1,1,90,0,0,0,4581.0,4581.0,516096,237568,2,0.06963545077493997
pagila_inventory_imbalance,"SELECT i.film_id, COUNT(*) FILTER (WHERE i.store_id = 1) AS store_one, COUNT(*) FILTER (WHERE i.store_id = 2) AS store_two FROM pagila.inventory i WHERE i.film_id >= 2 GROUP BY i.film_id HAVING ABS(COUNT(*) FILTER (WHERE i.store_id = 1) - COUNT(*) FILTER (WHERE i.store_id = 2)) >= 2 ORDER BY i.film_id",302,0,5,0,True,True,False,1,1,3,4,0,0,0,0,0,174.46,175.25,319.0,20,5211.0,1.083,3,3,1,Sort,1,0,0,0,0,0,0,1,1,90,0,0,0,4581.0,4581.0,516096,237568,2,0.06963545077493997
pagila_rating_revenue_pivot,"SELECT i.store_id, SUM(p.amount) FILTER (WHERE f.rating = 'G') AS g_revenue, SUM(p.amount) FILTER (WHERE f.rating = 'PG') AS pg_revenue, SUM(p.amount) FILTER (WHERE f.rating = 'R') AS r_revenue FROM pagila.payment p JOIN pagila.rental r USING (rental_id) JOIN pagila.inventory i USING (inventory_id) JOIN pagila.film f USING (film_id) WHERE p.payment_date >= TIMESTAMPTZ '2022-04-01' AND p.payment_date < TIMESTAMPTZ '2022-05-01' GROUP BY i.store_id ORDER BY i.store_id",469,3,5,0,True,True,False,4,4,4,3,3,0,0,0,0,762.72,762.73,2.0,100,39945.0,5.253,12,7,4,Sort,4,0,0,0,3,0,0,1,1,1533,0,0,0,37674.0,16049.0,3776512,1679360,11,0.0001246183562838806
pagila_rating_revenue_pivot,"SELECT i.store_id, SUM(p.amount) FILTER (WHERE f.rating = 'G') AS g_revenue, SUM(p.amount) FILTER (WHERE f.rating = 'PG') AS pg_revenue, SUM(p.amount) FILTER (WHERE f.rating = 'R') AS r_revenue FROM pagila.payment p JOIN pagila.rental r USING (rental_id) JOIN pagila.inventory i USING (inventory_id) JOIN pagila.film f USING (film_id) WHERE p.payment_date >= TIMESTAMPTZ '2022-04-01' AND p.payment_date < TIMESTAMPTZ '2022-05-01' GROUP BY i.store_id ORDER BY i.store_id",469,3,5,0,True,True,False,4,4,4,3,3,0,0,0,0,762.72,762.73,2.0,100,39945.0,5.133,12,7,4,Sort,4,0,0,0,3,0,0,1,1,1533,0,0,0,37674.0,16049.0,3776512,1679360,11,0.0001246183562838806
pagila_category_percentiles,"SELECT c.name, percentile_cont(0.5) WITHIN GROUP (ORDER BY p.amount) AS median_payment, percentile_cont(0.9) WITHIN GROUP (ORDER BY p.amount) AS p90_payment FROM pagila.category c JOIN pagila.film_category fc USING (category_id) JOIN pagila.inventory i USING (film_id) JOIN pagila.rental r USING (inventory_id) JOIN pagila.payment p USING (rental_id) WHERE p.amount >= 3.99 GROUP BY c.name ORDER BY p90_payment DESC",415,4,1,0,True,True,False,5,5,3,2,4,0,0,0,0,1881.59,1881.63,16.0,23,97474.0,17.241,23,8,11,Sort,11,0,0,0,4,0,0,2,1,2428,0,0,0,37690.0,16049.0,3153920,1523712,8,0.0009969468502710448
pagila_category_percentiles,"SELECT c.name, percentile_cont(0.5) WITHIN GROUP (ORDER BY p.amount) AS median_payment, percentile_cont(0.9) WITHIN GROUP (ORDER BY p.amount) AS p90_payment FROM pagila.category c JOIN pagila.film_category fc USING (category_id) JOIN pagila.inventory i USING (film_id) JOIN pagila.rental r USING (inventory_id) JOIN pagila.payment p USING (rental_id) WHERE p.amount >= 3.99 GROUP BY c.name ORDER BY p90_payment DESC",415,4,1,0,True,True,False,5,5,3,2,4,0,0,0,0,1881.59,1881.63,16.0,23,97474.0,16.714,23,8,11,Sort,11,0,0,0,4,0,0,2,1,2428,0,0,0,37690.0,16049.0,3153920,1523712,8,0.0009969468502710448
pagila_duration_outliers,"WITH stats AS ( SELECT rating, AVG(length) AS avg_length, STDDEV_POP(length) AS sd FROM pagila.film GROUP BY rating ) SELECT f.film_id, f.title, f.length FROM pagila.film f JOIN stats s USING (rating) WHERE f.rating = 'PG' AND f.length > s.avg_length + s.sd ORDER BY f.length DESC",280,1,2,1,True,True,False,2,1,6,2,1,0,0,0,0,159.34,159.5,65.0,21,519.0,0.361,5,4,1,Sort,2,0,0,0,0,0,1,1,1,448,0,0,0,1000.0,1000.0,770048,212992,5,0.065
pagila_duration_outliers,"WITH stats AS ( SELECT rating, AVG(length) AS avg_length, STDDEV_POP(length) AS sd FROM pagila.film GROUP BY rating ) SELECT f.film_id, f.title, f.length FROM pagila.film f JOIN stats s USING (rating) WHERE f.rating = 'PG' AND f.length > s.avg_length + s.sd ORDER BY f.length DESC",280,1,2,1,True,True,False,2,1,6,2,1,0,0,0,0,159.34,159.5,65.0,21,519.0,0.377,5,4,1,Sort,2,0,0,0,0,0,1,1,1,448,0,0,0,1000.0,1000.0,770048,212992,5,0.065
pagila_top_films_per_category,"WITH ranked AS ( SELECT c.name AS category, f.title, COUNT(r.rental_id) AS rentals, dense_rank() OVER (PARTITION BY c.category_id ORDER BY COUNT(r.rental_id) DESC) AS rank FROM pagila.category c JOIN pagila.film_category fc USING (category_id) JOIN pagila.film f USING (film_id) JOIN pagila.inventory i USING (film_id) LEFT JOIN pagila.rental r USING (inventory_id) WHERE f.rating = 'R' GROUP BY c.category_id, c.name, f.film_id, f.title ) SELECT category, title, rentals FROM ranked WHERE rank <= 3 ORDER BY category, rentals DESC",531,4,2,1,True,True,False,5,5,7,3,3,1,0,0,0,1127.39,1135.19,3120.0,30,43146.0,3.962,18,13,5,Sort,5,0,0,0,4,0,0,2,1,2236,0,0,0,22641.0,16044.0,3923968,1736704,12,0.1944652206432311
pagila_top_films_per_category,"WITH ranked AS ( SELECT c.name AS category, f.title, COUNT(r.rental_id) AS rentals, dense_rank() OVER (PARTITION BY c.category_id ORDER BY COUNT(r.rental_id) DESC) AS rank FROM pagila.category c JOIN pagila.film_category fc USING (category_id) JOIN pagila.film f USING (film_id) JOIN pagila.inventory i USING (film_id) LEFT JOIN pagila.rental r USING (inventory_id) WHERE f.rating = 'R' GROUP BY c.category_id, c.name, f.film_id, f.title ) SELECT category, title, rentals FROM ranked WHERE rank <= 3 ORDER BY category, rentals DESC",531,4,2,1,True,True,False,5,5,7,3,3,1,0,0,0,1127.39,1135.19,3120.0,30,43146.0,3.931,18,13,5,Sort,5,0,0,0,4,0,0,2,1,2236,0,0,0,22641.0,16044.0,3923968,1736704,12,0.1944652206432311
pagila_language_catalog,"SELECT l.name, f.rating, COUNT(*) AS films, AVG(f.length) AS avg_length FROM pagila.language l JOIN pagila.film f USING (language_id) WHERE f.length >= 120 GROUP BY l.name, f.rating ORDER BY films DESC",201,1,1,0,True,True,False,2,2,4,2,1,0,0,0,0,85.53,85.61,30.0,65,1010.0,0.401,6,5,2,Sort,2,0,0,0,1,0,0,1,1,261,0,0,0,1006.0,1000.0,794624,229376,6,0.03
pagila_language_catalog,"SELECT l.name, f.rating, COUNT(*) AS films, AVG(f.length) AS avg_length FROM pagila.language l JOIN pagila.film f USING (language_id) WHERE f.length >= 120 GROUP BY l.name, f.rating ORDER BY films DESC",201,1,1,0,True,True,False,2,2,4,2,1,0,0,0,0,85.53,85.61,30.0,65,1010.0,0.368,6,5,2,Sort,2,0,0,0,1,0,0,1,1,261,0,0,0,1006.0,1000.0,794624,229376,6,0.03
pagila_category_revenue,"SELECT c.name, COUNT(DISTINCT r.rental_id) AS rentals, SUM(p.amount) AS revenue FROM pagila.category c JOIN pagila.film_category fc USING (category_id) JOIN pagila.inventory i USING (film_id) JOIN pagila.rental r USING (inventory_id) JOIN pagila.payment p USING (rental_id) WHERE p.payment_date >= TIMESTAMPTZ '2022-05-01' AND p.payment_date < TIMESTAMPTZ '2022-06-01' GROUP BY c.name ORDER BY revenue DESC",406,4,2,0,True,True,False,5,5,3,2,4,0,0,0,0,886.35,886.39,16.0,47,46009.0,7.047,16,9,5,Sort,5,0,0,0,4,0,0,2,1,1668,0,0,0,37690.0,16049.0,3153920,1523712,8,0.0009969468502710448
pagila_category_revenue,"SELECT c.name, COUNT(DISTINCT r.rental_id) AS rentals, SUM(p.amount) AS revenue FROM pagila.category c JOIN pagila.film_category fc USING (category_id) JOIN pagila.inventory i USING (film_id) JOIN pagila.rental r USING (inventory_id) JOIN pagila.payment p USING (rental_id) WHERE p.payment_date >= TIMESTAMPTZ '2022-05-01' AND p.payment_date < TIMESTAMPTZ '2022-06-01' GROUP BY c.name ORDER BY revenue DESC",406,4,2,0,True,True,False,5,5,3,2,4,0,0,0,0,886.35,886.39,16.0,47,46009.0,7.471,16,9,5,Sort,5,0,0,0,4,0,0,2,1,1668,0,0,0,37690.0,16049.0,3153920,1523712,8,0.0009969468502710448
pagila_overdue_rentals,"SELECT r.customer_id, COUNT(*) AS overdue_count, AVG(EXTRACT(EPOCH FROM (r.return_date - r.rental_date)) / 86400) AS avg_days FROM pagila.rental r WHERE r.return_date IS NOT NULL AND r.return_date - r.rental_date > INTERVAL '7 days' GROUP BY r.customer_id ORDER BY overdue_count DESC",283,0,2,0,True,True,False,1,1,3,2,0,0,0,0,0,505.09,506.58,599.0,44,6485.0,3.216,3,3,1,Sort,1,0,0,0,0,0,0,1,1,450,0,0,0,16044.0,16044.0,2490368,1228800,3,0.037334829219645975
pagila_overdue_rentals,"SELECT r.customer_id, COUNT(*) AS overdue_count, AVG(EXTRACT(EPOCH FROM (r.return_date - r.rental_date)) / 86400) AS avg_days FROM pagila.rental r WHERE r.return_date IS NOT NULL AND r.return_date - r.rental_date > INTERVAL '7 days' GROUP BY r.customer_id ORDER BY overdue_count DESC",283,0,2,0,True,True,False,1,1,3,2,0,0,0,0,0,505.09,506.58,599.0,44,6485.0,3.298,3,3,1,Sort,1,0,0,0,0,0,0,1,1,450,0,0,0,16044.0,16044.0,2490368,1228800,3,0.037334829219645975
pagila_repeat_renters,"SELECT c.customer_id, c.first_name, c.last_name, COUNT(r.rental_id) AS rentals FROM pagila.customer c JOIN pagila.rental r USING (customer_id) WHERE c.customer_id >= 276 GROUP BY c.customer_id, c.first_name, c.last_name HAVING COUNT(r.rental_id) >= 21 ORDER BY rentals DESC",273,1,1,0,True,True,False,2,2,4,2,1,0,0,0,0,424.48,424.75,108.0,25,25586.0,3.548,6,5,2,Sort,2,0,0,0,1,0,0,1,1,645,0,0,0,16643.0,16044.0,2719744,1351680,7,0.006731488406881077
pagila_repeat_renters,"SELECT c.customer_id, c.first_name, c.last_name, COUNT(r.rental_id) AS rentals FROM pagila.customer c JOIN pagila.rental r USING (customer_id) WHERE c.customer_id >= 276 GROUP BY c.customer_id, c.first_name, c.last_name HAVING COUNT(r.rental_id) >= 21 ORDER BY rentals DESC",273,1,1,0,True,True,False,2,2,4,2,1,0,0,0,0,424.48,424.75,108.0,25,25586.0,3.79,6,5,2,Sort,2,0,0,0,1,0,0,1,1,645,0,0,0,16643.0,16044.0,2719744,1351680,7,0.006731488406881077
pagila_store_monthly_revenue,"SELECT date_trunc('month', p.payment_date) AS month, SUM(p.amount) AS revenue, COUNT(DISTINCT p.customer_id) AS customers FROM pagila.payment p JOIN pagila.staff s USING (staff_id) WHERE s.store_id = 1 GROUP BY month ORDER BY month",231,1,1,0,True,True,False,2,2,3,2,1,0,0,0,0,983.42,1184.02,8024.0,48,40121.0,7.051,12,5,8,Aggregate,8,0,0,0,0,0,1,1,1,609,0,0,0,16051.0,16049.0,32768,16384,2,0.499968845410929
pagila_store_monthly_revenue,"SELECT date_trunc('month', p.payment_date) AS month, SUM(p.amount) AS revenue, COUNT(DISTINCT p.customer_id) AS customers FROM pagila.payment p JOIN pagila.staff s USING (staff_id) WHERE s.store_id = 1 GROUP BY month ORDER BY month",231,1,1,0,True,True,False,2,2,3,2,1,0,0,0,0,983.42,1184.02,8024.0,48,40121.0,7.681,12,5,8,Aggregate,8,0,0,0,0,0,1,1,1,609,0,0,0,16051.0,16049.0,32768,16384,2,0.499968845410929
pagila_customer_lifetime_value,"SELECT c.customer_id, c.first_name, c.last_name, COUNT(p.payment_id) AS payments, SUM(p.amount) AS lifetime_value FROM pagila.customer c JOIN pagila.payment p USING (customer_id) WHERE c.customer_id >= 231 GROUP BY c.customer_id, c.first_name, c.last_name HAVING COUNT(p.payment_id) >= 5 ORDER BY lifetime_value DESC LIMIT 50",325,1,1,0,True,True,False,2,2,5,3,1,0,0,0,0,509.04,509.16,50.0,57,43019.0,5.601,14,6,8,Limit,8,0,0,0,1,0,0,1,1,780,0,0,0,16648.0,16049.0,229376,122880,5,0.0031154589070970153
pagila_customer_lifetime_value,"SELECT c.customer_id, c.first_name, c.last_name, COUNT(p.payment_id) AS payments, SUM(p.amount) AS lifetime_value FROM pagila.customer c JOIN pagila.payment p USING (customer_id) WHERE c.customer_id >= 231 GROUP BY c.customer_id, c.first_name, c.last_name HAVING COUNT(p.payment_id) >= 5 ORDER BY lifetime_value DESC LIMIT 50",325,1,1,0,True,True,False,2,2,5,3,1,0,0,0,0,509.04,509.16,50.0,57,43019.0,5.58,14,6,8,Limit,8,0,0,0,1,0,0,1,1,780,0,0,0,16648.0,16049.0,229376,122880,5,0.0031154589070970153
pagila_payment_moving_average,"SELECT p.customer_id, p.payment_date, p.amount, AVG(p.amount) OVER (PARTITION BY p.customer_id ORDER BY p.payment_date ROWS BETWEEN 4 PRECEDING AND CURRENT ROW) AS moving_avg FROM pagila.payment p WHERE p.customer_id BETWEEN 383 AND 433 ORDER BY p.customer_id, p.payment_date",275,0,1,0,False,True,False,1,1,4,1,0,0,0,0,0,285.97,312.59,1332.0,50,6456.0,1.614,16,5,7,WindowAgg,1,0,0,6,0,0,0,1,0,305,0,0,0,16049.0,16049.0,0,0,1,0.0829958252850645
pagila_payment_moving_average,"SELECT p.customer_id, p.payment_date, p.amount, AVG(p.amount) OVER (PARTITION BY p.customer_id ORDER BY p.payment_date ROWS BETWEEN 4 PRECEDING AND CURRENT ROW) AS moving_avg FROM pagila.payment p WHERE p.customer_id BETWEEN 383 AND 433 ORDER BY p.customer_id, p.payment_date",275,0,1,0,False,True,False,1,1,4,1,0,0,0,0,0,285.97,312.59,1332.0,50,6456.0,1.654,16,5,7,WindowAgg,1,0,0,6,0,0,0,1,0,305,0,0,0,16049.0,16049.0,0,0,1,0.0829958252850645
pagila_staff_performance,"SELECT s.staff_id, s.first_name, s.last_name, COUNT(p.payment_id) AS payments, SUM(p.amount) AS revenue FROM pagila.staff s JOIN pagila.payment p USING (staff_id) WHERE p.payment_date >= TIMESTAMPTZ '2022-03-01' AND p.payment_date < TIMESTAMPTZ '2022-04-01' GROUP BY s.staff_id, s.first_name, s.last_name ORDER BY revenue DESC",326,1,2,0,True,True,False,2,2,5,2,1,0,0,0,0,104.33,104.33,2.0,56,5434.0,1.022,6,5,2,Sort,2,0,0,0,1,0,0,1,1,85,0,0,0,16051.0,16049.0,32768,16384,2,0.0001246183562838806
pagila_staff_performance,"SELECT s.staff_id, s.first_name, s.last_name, COUNT(p.payment_id) AS payments, SUM(p.amount) AS revenue FROM pagila.staff s JOIN pagila.payment p USING (staff_id) WHERE p.payment_date >= TIMESTAMPTZ '2022-03-01' AND p.payment_date < TIMESTAMPTZ '2022-04-01' GROUP BY s.staff_id, s.first_name, s.last_name ORDER BY revenue DESC",326,1,2,0,True,True,False,2,2,5,2,1,0,0,0,0,104.33,104.33,2.0,56,5434.0,0.98,6,5,2,Sort,2,0,0,0,1,0,0,1,1,85,0,0,0,16051.0,16049.0,32768,16384,2,0.0001246183562838806
pagila_country_revenue,"SELECT co.country, COUNT(DISTINCT cu.customer_id) AS customers, SUM(p.amount) AS revenue FROM pagila.country co JOIN pagila.city ci USING (country_id) JOIN pagila.address a USING (city_id) JOIN pagila.customer cu USING (address_id) JOIN pagila.payment p USING (customer_id) WHERE co.country_id >= 57 GROUP BY co.country ORDER BY revenue DESC",341,4,1,0,True,True,False,5,5,3,2,4,0,0,0,0,1150.33,1150.46,53.0,49,52074.0,8.646,23,10,11,Sort,11,0,0,0,4,0,0,2,1,925,0,0,0,17960.0,16049.0,557056,262144,10,0.003302386441522836
pagila_country_revenue,"SELECT co.country, COUNT(DISTINCT cu.customer_id) AS customers, SUM(p.amount) AS revenue FROM pagila.country co JOIN pagila.city ci USING (country_id) JOIN pagila.address a USING (city_id) JOIN pagila.customer cu USING (address_id) JOIN pagila.payment p USING (customer_id) WHERE co.country_id >= 57 GROUP BY co.country ORDER BY revenue DESC",341,4,1,0,True,True,False,5,5,3,2,4,0,0,0,0,1150.33,1150.46,53.0,49,52074.0,8.509,23,10,11,Sort,11,0,0,0,4,0,0,2,1,925,0,0,0,17960.0,16049.0,557056,262144,10,0.003302386441522836
pagila_daily_revenue_rollup,"SELECT date_trunc('day', p.payment_date) AS day, s.store_id, SUM(p.amount) AS revenue FROM pagila.payment p JOIN pagila.staff s USING (staff_id) WHERE p.payment_date >= TIMESTAMPTZ '2022-04-01' AND p.payment_date < TIMESTAMPTZ '2022-05-01' GROUP BY GROUPING SETS ((day, s.store_id), (day), ()) ORDER BY day NULLS LAST, s.store_id NULLS LAST",340,1,2,0,True,True,False,2,2,3,1,1,0,0,0,0,229.57,331.46,5095.0,44,12740.0,1.717,6,5,2,Aggregate,2,0,0,0,1,0,0,1,1,81,0,0,0,16051.0,16049.0,32768,16384,2,0.31746526263318586
pagila_daily_revenue_rollup,"SELECT date_trunc('day', p.payment_date) AS day, s.store_id, SUM(p.amount) AS revenue FROM pagila.payment p JOIN pagila.staff s USING (staff_id) WHERE p.payment_date >= TIMESTAMPTZ '2022-04-01' AND p.payment_date < TIMESTAMPTZ '2022-05-01' GROUP BY GROUPING SETS ((day, s.store_id), (day), ()) ORDER BY day NULLS LAST, s.store_id NULLS LAST",340,1,2,0,True,True,False,2,2,3,1,1,0,0,0,0,229.57,331.46,5095.0,44,12740.0,1.803,6,5,2,Aggregate,2,0,0,0,1,0,0,1,1,81,0,0,0,16051.0,16049.0,32768,16384,2,0.31746526263318586
pagila_film_popularity,"SELECT f.film_id, f.title, COUNT(r.rental_id) AS rentals FROM pagila.film f JOIN pagila.inventory i USING (film_id) LEFT JOIN pagila.rental r USING (inventory_id) WHERE f.rating = 'G' GROUP BY f.film_id, f.title ORDER BY rentals DESC, f.title LIMIT 40",251,2,1,0,True,True,False,3,3,3,1,1,1,0,0,0,597.62,597.72,40.0,27,25861.0,3.394,10,8,3,Limit,3,0,0,0,2,0,0,1,1,1472,0,0,0,21625.0,16044.0,3776512,1679360,10,0.0024931438544003987
pagila_film_popularity,"SELECT f.film_id, f.title, COUNT(r.rental_id) AS rentals FROM pagila.film f JOIN pagila.inventory i USING (film_id) LEFT JOIN pagila.rental r USING (inventory_id) WHERE f.rating = 'G' GROUP BY f.film_id, f.title ORDER BY rentals DESC, f.title LIMIT 40",251,2,1,0,True,True,False,3,3,3,1,1,1,0,0,0,597.62,597.72,40.0,27,25861.0,3.351,10,8,3,Limit,3,0,0,0,2,0,0,1,1,1472,0,0,0,21625.0,16044.0,3776512,1679360,10,0.0024931438544003987
pagila_inactive_customers,"SELECT c.customer_id, c.first_name, c.last_name FROM pagila.customer c WHERE c.activebool = true AND NOT EXISTS ( SELECT 1 FROM pagila.rental r WHERE r.customer_id = c.customer_id AND r.rental_date >= TIMESTAMPTZ '2022-05-01' ) ORDER BY c.customer_id",250,0,4,1,False,True,False,2,2,4,0,0,0,0,0,0,566.09,566.1,1.0,17,32089.0,2.974,5,4,2,Sort,2,0,0,0,1,0,0,1,0,627,0,0,0,16643.0,16044.0,2719744,1351680,7,6.232859636000998e-05
pagila_inactive_customers,"SELECT c.customer_id, c.first_name, c.last_name FROM pagila.customer c WHERE c.activebool = true AND NOT EXISTS ( SELECT 1 FROM pagila.rental r WHERE r.customer_id = c.customer_id AND r.rental_date >= TIMESTAMPTZ '2022-05-01' ) ORDER BY c.customer_id",250,0,4,1,False,True,False,2,2,4,0,0,0,0,0,0,566.09,566.1,1.0,17,32089.0,2.956,5,4,2,Sort,2,0,0,0,1,0,0,1,0,627,0,0,0,16643.0,16044.0,2719744,1351680,7,6.232859636000998e-05
pagila_unrented_films,"SELECT f.film_id, f.title FROM pagila.film f WHERE f.rating = 'NC-17' AND NOT EXISTS ( SELECT 1 FROM pagila.inventory i JOIN pagila.rental r USING (inventory_id) WHERE i.film_id = f.film_id ) ORDER BY f.title",208,1,3,1,False,True,False,3,3,3,0,1,0,0,0,0,764.24,764.26,9.0,19,57522.0,5.617,8,6,3,Sort,3,0,0,0,2,0,0,1,0,1122,0,0,0,21625.0,16044.0,3776512,1679360,10,0.0005609573672400897
pagila_unrented_films,"SELECT f.film_id, f.title FROM pagila.film f WHERE f.rating = 'NC-17' AND NOT EXISTS ( SELECT 1 FROM pagila.inventory i JOIN pagila.rental r USING (inventory_id) WHERE i.film_id = f.film_id ) ORDER BY f.title",208,1,3,1,False,True,False,3,3,3,0,1,0,0,0,0,764.24,764.26,9.0,19,57522.0,5.762,8,6,3,Sort,3,0,0,0,2,0,0,1,0,1122,0,0,0,21625.0,16044.0,3776512,1679360,10,0.0005609573672400897
pagila_actor_rental_impact,"SELECT a.actor_id, a.first_name, a.last_name, COUNT(r.rental_id) AS rentals, COALESCE(SUM(p.amount), 0) AS revenue FROM pagila.actor a JOIN pagila.film_actor fa USING (actor_id) JOIN pagila.inventory i USING (film_id) LEFT JOIN pagila.rental r USING (inventory_id) LEFT JOIN pagila.payment p USING (rental_id) WHERE a.actor_id >= 153 GROUP BY a.actor_id, a.first_name, a.last_name ORDER BY revenue DESC LIMIT 30",411,4,1,0,True,True,False,5,5,5,2,2,2,0,0,0,1698.98,1699.06,30.0,57,134657.0,28.779,23,8,11,Limit,11,0,0,0,4,0,0,1,1,2604,0,0,0,42336.0,16049.0,3596288,1728512,10,0.0018692753442582093
pagila_actor_rental_impact,"SELECT a.actor_id, a.first_name, a.last_name, COUNT(r.rental_id) AS rentals, COALESCE(SUM(p.amount), 0) AS revenue FROM pagila.actor a JOIN pagila.film_actor fa USING (actor_id) JOIN pagila.inventory i USING (film_id) LEFT JOIN pagila.rental r USING (inventory_id) LEFT JOIN pagila.payment p USING (rental_id) WHERE a.actor_id >= 153 GROUP BY a.actor_id, a.first_name, a.last_name ORDER BY revenue DESC LIMIT 30",411,4,1,0,True,True,False,5,5,5,2,2,2,0,0,0,1698.98,1699.06,30.0,57,134657.0,18.188,23,8,11,Limit,11,0,0,0,4,0,0,1,1,2604,0,0,0,42336.0,16049.0,3596288,1728512,10,0.0018692753442582093
pagila_return_sla,"SELECT i.store_id, COUNT(*) AS rentals, COUNT(*) FILTER (WHERE r.return_date <= r.rental_date + INTERVAL '3 days') AS within_sla FROM pagila.rental r JOIN pagila.inventory i USING (inventory_id) WHERE r.return_date IS NOT NULL GROUP BY i.store_id ORDER BY i.store_id",266,1,2,0,True,True,False,2,2,3,2,1,0,0,0,0,683.47,683.48,2.0,20,40888.0,6.775,6,5,2,Sort,2,0,0,0,1,0,0,1,1,750,0,0,0,20625.0,16044.0,3006464,1466368,5,0.00012465719272001995
pagila_return_sla,"SELECT i.store_id, COUNT(*) AS rentals, COUNT(*) FILTER (WHERE r.return_date <= r.rental_date + INTERVAL '3 days') AS within_sla FROM pagila.rental r JOIN pagila.inventory i USING (inventory_id) WHERE r.return_date IS NOT NULL GROUP BY i.store_id ORDER BY i.store_id",266,1,2,0,True,True,False,2,2,3,2,1,0,0,0,0,683.47,683.48,2.0,20,40888.0,6.46,6,5,2,Sort,2,0,0,0,1,0,0,1,1,750,0,0,0,20625.0,16044.0,3006464,1466368,5,0.00012465719272001995
pagila_customer_payment_transitions,"SELECT p.customer_id, p.payment_date, p.amount, lag(p.amount) OVER (PARTITION BY p.customer_id ORDER BY p.payment_date) AS previous_amount, p.amount - lag(p.amount) OVER (PARTITION BY p.customer_id ORDER BY p.payment_date) AS delta FROM pagila.payment p WHERE p.customer_id >= 434 ORDER BY p.customer_id, p.payment_date",319,0,1,0,False,True,False,1,1,5,2,0,0,0,0,0,573.85,671.91,4359.0,82,20988.0,3.716,15,5,7,WindowAgg,2,0,0,5,0,0,0,1,0,359,0,0,0,16049.0,16049.0,0,0,1,0.2716057075207178
pagila_customer_payment_transitions,"SELECT p.customer_id, p.payment_date, p.amount, lag(p.amount) OVER (PARTITION BY p.customer_id ORDER BY p.payment_date) AS previous_amount, p.amount - lag(p.amount) OVER (PARTITION BY p.customer_id ORDER BY p.payment_date) AS delta FROM pagila.payment p WHERE p.customer_id >= 434 ORDER BY p.customer_id, p.payment_date",319,0,1,0,False,True,False,1,1,5,2,0,0,0,0,0,573.85,671.91,4359.0,82,20988.0,3.9,15,5,7,WindowAgg,2,0,0,5,0,0,0,1,0,359,0,0,0,16049.0,16049.0,0,0,1,0.2716057075207178
pagila_store_inventory_turnover,"SELECT i.store_id, COUNT(DISTINCT i.inventory_id) AS inventory, COUNT(r.rental_id) AS rentals, COUNT(r.rental_id)::numeric / NULLIF(COUNT(DISTINCT i.inventory_id), 0) AS turnover FROM pagila.inventory i LEFT JOIN pagila.rental r USING (inventory_id) WHERE r.return_date - r.rental_date >= INTERVAL '5 days' GROUP BY i.store_id ORDER BY turnover DESC",349,1,1,0,True,True,False,2,2,4,4,0,1,0,0,0,922.48,922.49,2.0,52,25210.0,6.517,7,6,2,Sort,2,0,0,0,1,0,0,2,1,930,0,0,0,20625.0,16044.0,3006464,1466368,5,0.00012465719272001995
pagila_store_inventory_turnover,"SELECT i.store_id, COUNT(DISTINCT i.inventory_id) AS inventory, COUNT(r.rental_id) AS rentals, COUNT(r.rental_id)::numeric / NULLIF(COUNT(DISTINCT i.inventory_id), 0) AS turnover FROM pagila.inventory i LEFT JOIN pagila.rental r USING (inventory_id) WHERE r.return_date - r.rental_date >= INTERVAL '5 days' GROUP BY i.store_id ORDER BY turnover DESC",349,1,1,0,True,True,False,2,2,4,4,0,1,0,0,0,922.48,922.49,2.0,52,25210.0,6.813,7,6,2,Sort,2,0,0,0,1,0,0,2,1,930,0,0,0,20625.0,16044.0,3006464,1466368,5,0.00012465719272001995
pagila_city_customer_density,"SELECT co.country, ci.city, COUNT(cu.customer_id) AS customers FROM pagila.country co JOIN pagila.city ci USING (country_id) JOIN pagila.address a USING (city_id) LEFT JOIN pagila.customer cu USING (address_id) WHERE co.country_id <= 9 GROUP BY co.country, ci.city ORDER BY customers DESC LIMIT 60",297,3,1,0,True,True,False,4,4,3,1,2,1,0,0,0,53.18,53.31,50.0,26,2220.0,0.326,13,10,4,Limit,4,0,0,0,3,0,0,1,1,156,0,0,0,1911.0,603.0,557056,262144,9,0.08291873963515754
pagila_city_customer_density,"SELECT co.country, ci.city, COUNT(cu.customer_id) AS customers FROM pagila.country co JOIN pagila.city ci USING (country_id) JOIN pagila.address a USING (city_id) LEFT JOIN pagila.customer cu USING (address_id) WHERE co.country_id <= 9 GROUP BY co.country, ci.city ORDER BY customers DESC LIMIT 60",297,3,1,0,True,True,False,4,4,3,1,2,1,0,0,0,53.18,53.31,50.0,26,2220.0,0.329,13,10,4,Limit,4,0,0,0,3,0,0,1,1,156,0,0,0,1911.0,603.0,557056,262144,9,0.08291873963515754
pagila_return_sla,"SELECT i.store_id, COUNT(*) AS rentals, COUNT(*) FILTER (WHERE r.return_date <= r.rental_date + INTERVAL '6 days') AS within_sla FROM pagila.rental r JOIN pagila.inventory i USING (inventory_id) WHERE r.return_date IS NOT NULL GROUP BY i.store_id ORDER BY i.store_id",266,1,2,0,True,True,False,2,2,3,2,1,0,0,0,0,683.47,683.48,2.0,20,40888.0,7.112,6,5,2,Sort,2,0,0,0,1,0,0,1,1,750,0,0,0,20625.0,16044.0,3006464,1466368,5,0.00012465719272001995
pagila_return_sla,"SELECT i.store_id, COUNT(*) AS rentals, COUNT(*) FILTER (WHERE r.return_date <= r.rental_date + INTERVAL '6 days') AS within_sla FROM pagila.rental r JOIN pagila.inventory i USING (inventory_id) WHERE r.return_date IS NOT NULL GROUP BY i.store_id ORDER BY i.store_id",266,1,2,0,True,True,False,2,2,3,2,1,0,0,0,0,683.47,683.48,2.0,20,40888.0,6.565,6,5,2,Sort,2,0,0,0,1,0,0,1,1,750,0,0,0,20625.0,16044.0,3006464,1466368,5,0.00012465719272001995
pagila_actor_category_diversity,"SELECT a.actor_id, a.first_name, a.last_name, COUNT(DISTINCT fc.category_id) AS category_count FROM pagila.actor a JOIN pagila.film_actor fa USING (actor_id) JOIN pagila.film_category fc USING (film_id) WHERE a.actor_id >= 79 GROUP BY a.actor_id, a.first_name, a.last_name ORDER BY category_count DESC",301,2,1,0,True,True,False,3,3,4,1,2,0,0,0,0,404.99,405.3,122.0,25,17946.0,2.896,10,7,3,Sort,3,0,0,0,2,0,0,2,1,230,0,0,0,6662.0,5462.0,704512,303104,5,0.022336140607835956
pagila_actor_category_diversity,"SELECT a.actor_id, a.first_name, a.last_name, COUNT(DISTINCT fc.category_id) AS category_count FROM pagila.actor a JOIN pagila.film_actor fa USING (actor_id) JOIN pagila.film_category fc USING (film_id) WHERE a.actor_id >= 79 GROUP BY a.actor_id, a.first_name, a.last_name ORDER BY category_count DESC",301,2,1,0,True,True,False,3,3,4,1,2,0,0,0,0,404.99,405.3,122.0,25,17946.0,2.928,10,7,3,Sort,3,0,0,0,2,0,0,2,1,230,0,0,0,6662.0,5462.0,704512,303104,5,0.022336140607835956
pagila_inactive_customers,"SELECT c.customer_id, c.first_name, c.last_name FROM pagila.customer c WHERE c.activebool = true AND NOT EXISTS ( SELECT 1 FROM pagila.rental r WHERE r.customer_id = c.customer_id AND r.rental_date >= TIMESTAMPTZ '2022-06-01' ) ORDER BY c.customer_id",250,0,4,1,False,True,False,2,2,4,0,0,0,0,0,0,554.46,554.46,1.0,17,30107.0,2.804,5,4,2,Sort,2,0,0,0,1,0,0,1,0,627,0,0,0,16643.0,16044.0,2719744,1351680,7,6.232859636000998e-05
pagila_inactive_customers,"SELECT c.customer_id, c.first_name, c.last_name FROM pagila.customer c WHERE c.activebool = true AND NOT EXISTS ( SELECT 1 FROM pagila.rental r WHERE r.customer_id = c.customer_id AND r.rental_date >= TIMESTAMPTZ '2022-06-01' ) ORDER BY c.customer_id",250,0,4,1,False,True,False,2,2,4,0,0,0,0,0,0,554.46,554.46,1.0,17,30107.0,2.798,5,4,2,Sort,2,0,0,0,1,0,0,1,0,627,0,0,0,16643.0,16044.0,2719744,1351680,7,6.232859636000998e-05
pagila_daily_revenue_rollup,"SELECT date_trunc('day', p.payment_date) AS day, s.store_id, SUM(p.amount) AS revenue FROM pagila.payment p JOIN pagila.staff s USING (staff_id) WHERE p.payment_date >= TIMESTAMPTZ '2022-06-01' AND p.payment_date < TIMESTAMPTZ '2022-07-01' GROUP BY GROUPING SETS ((day, s.store_id), (day), ()) ORDER BY day NULLS LAST, s.store_id NULLS LAST",340,1,2,0,True,True,False,2,2,3,1,1,0,0,0,0,240.15,346.33,5309.0,44,13275.0,1.898,6,5,2,Aggregate,2,0,0,0,1,0,0,1,1,85,0,0,0,16051.0,16049.0,32768,16384,2,0.3307994267555611
pagila_daily_revenue_rollup,"SELECT date_trunc('day', p.payment_date) AS day, s.store_id, SUM(p.amount) AS revenue FROM pagila.payment p JOIN pagila.staff s USING (staff_id) WHERE p.payment_date >= TIMESTAMPTZ '2022-06-01' AND p.payment_date < TIMESTAMPTZ '2022-07-01' GROUP BY GROUPING SETS ((day, s.store_id), (day), ()) ORDER BY day NULLS LAST, s.store_id NULLS LAST",340,1,2,0,True,True,False,2,2,3,1,1,0,0,0,0,240.15,346.33,5309.0,44,13275.0,1.904,6,5,2,Aggregate,2,0,0,0,1,0,0,1,1,85,0,0,0,16051.0,16049.0,32768,16384,2,0.3307994267555611
pagila_replacement_exposure,"SELECT f.rating, COUNT(*) AS copies, SUM(f.replacement_cost) AS exposure FROM pagila.film f JOIN pagila.inventory i USING (film_id) WHERE f.replacement_cost >= 30 GROUP BY f.rating ORDER BY exposure DESC",203,1,1,0,True,True,False,2,2,3,2,1,0,0,0,0,164.53,164.54,1.0,44,4595.0,0.269,7,6,2,Sort,2,0,0,0,1,0,0,2,1,394,0,0,0,5581.0,4581.0,1286144,450560,7,0.00021829294913774285
pagila_replacement_exposure,"SELECT f.rating, COUNT(*) AS copies, SUM(f.replacement_cost) AS exposure FROM pagila.film f JOIN pagila.inventory i USING (film_id) WHERE f.replacement_cost >= 30 GROUP BY f.rating ORDER BY exposure DESC",203,1,1,0,True,True,False,2,2,3,2,1,0,0,0,0,164.53,164.54,1.0,44,4595.0,0.248,7,6,2,Sort,2,0,0,0,1,0,0,2,1,394,0,0,0,5581.0,4581.0,1286144,450560,7,0.00021829294913774285
pagila_category_percentiles,"SELECT c.name, percentile_cont(0.5) WITHIN GROUP (ORDER BY p.amount) AS median_payment, percentile_cont(0.9) WITHIN GROUP (ORDER BY p.amount) AS p90_payment FROM pagila.category c JOIN pagila.film_category fc USING (category_id) JOIN pagila.inventory i USING (film_id) JOIN pagila.rental r USING (inventory_id) JOIN pagila.payment p USING (rental_id) WHERE p.amount >= 2.99 GROUP BY c.name ORDER BY p90_payment DESC",415,4,1,0,True,True,False,5,5,3,2,4,0,0,0,0,2264.79,2264.83,16.0,23,118750.0,22.52,23,8,11,Sort,11,0,0,0,4,0,0,2,1,2428,0,0,0,37690.0,16049.0,3153920,1523712,8,0.0009969468502710448
pagila_category_percentiles,"SELECT c.name, percentile_cont(0.5) WITHIN GROUP (ORDER BY p.amount) AS median_payment, percentile_cont(0.9) WITHIN GROUP (ORDER BY p.amount) AS p90_payment FROM pagila.category c JOIN pagila.film_category fc USING (category_id) JOIN pagila.inventory i USING (film_id) JOIN pagila.rental r USING (inventory_id) JOIN pagila.payment p USING (rental_id) WHERE p.amount >= 2.99 GROUP BY c.name ORDER BY p90_payment DESC",415,4,1,0,True,True,False,5,5,3,2,4,0,0,0,0,2264.79,2264.83,16.0,23,118750.0,22.784,23,8,11,Sort,11,0,0,0,4,0,0,2,1,2428,0,0,0,37690.0,16049.0,3153920,1523712,8,0.0009969468502710448
pagila_film_popularity,"SELECT f.film_id, f.title, COUNT(r.rental_id) AS rentals FROM pagila.film f JOIN pagila.inventory i USING (film_id) LEFT JOIN pagila.rental r USING (inventory_id) WHERE f.rating = 'PG' GROUP BY f.film_id, f.title ORDER BY rentals DESC, f.title LIMIT 40",252,2,1,0,True,True,False,3,3,3,1,1,1,0,0,0,603.32,603.42,40.0,27,26333.0,3.456,10,8,3,Limit,3,0,0,0,2,0,0,1,1,1472,0,0,0,21625.0,16044.0,3776512,1679360,10,0.0024931438544003987
pagila_film_popularity,"SELECT f.film_id, f.title, COUNT(r.rental_id) AS rentals FROM pagila.film f JOIN pagila.inventory i USING (film_id) LEFT JOIN pagila.rental r USING (inventory_id) WHERE f.rating = 'PG' GROUP BY f.film_id, f.title ORDER BY rentals DESC, f.title LIMIT 40",252,2,1,0,True,True,False,3,3,3,1,1,1,0,0,0,603.32,603.42,40.0,27,26333.0,3.533,10,8,3,Limit,3,0,0,0,2,0,0,1,1,1472,0,0,0,21625.0,16044.0,3776512,1679360,10,0.0024931438544003987
pagila_language_catalog,"SELECT l.name, f.rating, COUNT(*) AS films, AVG(f.length) AS avg_length FROM pagila.language l JOIN pagila.film f USING (language_id) WHERE f.length >= 90 GROUP BY l.name, f.rating ORDER BY films DESC",200,1,1,0,True,True,False,2,2,4,2,1,0,0,0,0,88.62,88.7,30.0,65,1436.0,0.467,6,5,2,Sort,2,0,0,0,1,0,0,1,1,261,0,0,0,1006.0,1000.0,794624,229376,6,0.03
pagila_language_catalog,"SELECT l.name, f.rating, COUNT(*) AS films, AVG(f.length) AS avg_length FROM pagila.language l JOIN pagila.film f USING (language_id) WHERE f.length >= 90 GROUP BY l.name, f.rating ORDER BY films DESC",200,1,1,0,True,True,False,2,2,4,2,1,0,0,0,0,88.62,88.7,30.0,65,1436.0,0.457,6,5,2,Sort,2,0,0,0,1,0,0,1,1,261,0,0,0,1006.0,1000.0,794624,229376,6,0.03
pagila_inventory_availability,"SELECT i.store_id, COUNT(*) AS copies, COUNT(*) FILTER (WHERE r.rental_id IS NULL) AS available FROM pagila.inventory i LEFT JOIN pagila.rental r ON r.inventory_id = i.inventory_id AND r.return_date IS NULL WHERE i.film_id BETWEEN 48 AND 148 GROUP BY i.store_id ORDER BY i.store_id",281,1,2,0,True,True,False,2,2,3,2,0,1,0,0,0,418.99,418.99,2.0,20,1585.0,1.086,6,5,2,Sort,2,0,0,0,1,0,0,1,1,750,0,0,0,20625.0,16044.0,3006464,1466368,5,0.00012465719272001995
pagila_inventory_availability,"SELECT i.store_id, COUNT(*) AS copies, COUNT(*) FILTER (WHERE r.rental_id IS NULL) AS available FROM pagila.inventory i LEFT JOIN pagila.rental r ON r.inventory_id = i.inventory_id AND r.return_date IS NULL WHERE i.film_id BETWEEN 48 AND 148 GROUP BY i.store_id ORDER BY i.store_id",281,1,2,0,True,True,False,2,2,3,2,0,1,0,0,0,418.99,418.99,2.0,20,1585.0,0.984,6,5,2,Sort,2,0,0,0,1,0,0,1,1,750,0,0,0,20625.0,16044.0,3006464,1466368,5,0.00012465719272001995
pagila_rating_revenue_pivot,"SELECT i.store_id, SUM(p.amount) FILTER (WHERE f.rating = 'G') AS g_revenue, SUM(p.amount) FILTER (WHERE f.rating = 'PG') AS pg_revenue, SUM(p.amount) FILTER (WHERE f.rating = 'R') AS r_revenue FROM pagila.payment p JOIN pagila.rental r USING (rental_id) JOIN pagila.inventory i USING (inventory_id) JOIN pagila.film f USING (film_id) WHERE p.payment_date >= TIMESTAMPTZ '2022-01-01' AND p.payment_date < TIMESTAMPTZ '2022-02-01' GROUP BY i.store_id ORDER BY i.store_id",469,3,5,0,True,True,False,4,4,4,3,3,0,0,0,0,614.08,614.09,2.0,100,26967.0,3.128,12,8,4,Sort,4,0,0,0,3,0,0,1,1,1568,0,0,0,37674.0,16049.0,3776512,1679360,11,0.0001246183562838806
pagila_rating_revenue_pivot,"SELECT i.store_id, SUM(p.amount) FILTER (WHERE f.rating = 'G') AS g_revenue, SUM(p.amount) FILTER (WHERE f.rating = 'PG') AS pg_revenue, SUM(p.amount) FILTER (WHERE f.rating = 'R') AS r_revenue FROM pagila.payment p JOIN pagila.rental r USING (rental_id) JOIN pagila.inventory i USING (inventory_id) JOIN pagila.film f USING (film_id) WHERE p.payment_date >= TIMESTAMPTZ '2022-01-01' AND p.payment_date < TIMESTAMPTZ '2022-02-01' GROUP BY i.store_id ORDER BY i.store_id",469,3,5,0,True,True,False,4,4,4,3,3,0,0,0,0,614.08,614.09,2.0,100,26967.0,3.221,12,8,4,Sort,4,0,0,0,3,0,0,1,1,1568,0,0,0,37674.0,16049.0,3776512,1679360,11,0.0001246183562838806
pagila_customer_cohorts,"SELECT date_trunc('month', c.create_date) AS cohort, COUNT(DISTINCT c.customer_id) AS customers, COUNT(r.rental_id) AS rentals FROM pagila.customer c LEFT JOIN pagila.rental r USING (customer_id) WHERE EXTRACT(YEAR FROM c.create_date) >= 2005 GROUP BY cohort ORDER BY cohort",274,1,1,0,True,True,False,2,2,3,2,0,1,0,0,0,731.92,785.5,1.0,24,27159.0,10.441,6,5,2,Aggregate,2,0,0,0,1,0,0,1,1,645,0,0,0,16643.0,16044.0,2719744,1351680,7,6.232859636000998e-05
pagila_customer_cohorts,"SELECT date_trunc('month', c.create_date) AS cohort, COUNT(DISTINCT c.customer_id) AS customers, COUNT(r.rental_id) AS rentals FROM pagila.customer c LEFT JOIN pagila.rental r USING (customer_id) WHERE EXTRACT(YEAR FROM c.create_date) >= 2005 GROUP BY cohort ORDER BY cohort",274,1,1,0,True,True,False,2,2,3,2,0,1,0,0,0,731.92,785.5,1.0,24,27159.0,10.388,6,5,2,Aggregate,2,0,0,0,1,0,0,1,1,645,0,0,0,16643.0,16044.0,2719744,1351680,7,6.232859636000998e-05
pagila_store_inventory_turnover,"SELECT i.store_id, COUNT(DISTINCT i.inventory_id) AS inventory, COUNT(r.rental_id) AS rentals, COUNT(r.rental_id)::numeric / NULLIF(COUNT(DISTINCT i.inventory_id), 0) AS turnover FROM pagila.inventory i LEFT JOIN pagila.rental r USING (inventory_id) WHERE r.return_date - r.rental_date >= INTERVAL '8 days' GROUP BY i.store_id ORDER BY turnover DESC",349,1,1,0,True,True,False,2,2,4,4,0,1,0,0,0,922.48,922.49,2.0,52,25210.0,3.453,7,6,2,Sort,2,0,0,0,1,0,0,2,1,930,0,0,0,20625.0,16044.0,3006464,1466368,5,0.00012465719272001995
pagila_store_inventory_turnover,"SELECT i.store_id, COUNT(DISTINCT i.inventory_id) AS inventory, COUNT(r.rental_id) AS rentals, COUNT(r.rental_id)::numeric / NULLIF(COUNT(DISTINCT i.inventory_id), 0) AS turnover FROM pagila.inventory i LEFT JOIN pagila.rental r USING (inventory_id) WHERE r.return_date - r.rental_date >= INTERVAL '8 days' GROUP BY i.store_id ORDER BY turnover DESC",349,1,1,0,True,True,False,2,2,4,4,0,1,0,0,0,922.48,922.49,2.0,52,25210.0,4.243,7,6,2,Sort,2,0,0,0,1,0,0,2,1,930,0,0,0,20625.0,16044.0,3006464,1466368,5,0.00012465719272001995
pagila_category_revenue,"SELECT c.name, COUNT(DISTINCT r.rental_id) AS rentals, SUM(p.amount) AS revenue FROM pagila.category c JOIN pagila.film_category fc USING (category_id) JOIN pagila.inventory i USING (film_id) JOIN pagila.rental r USING (inventory_id) JOIN pagila.payment p USING (rental_id) WHERE p.payment_date >= TIMESTAMPTZ '2022-05-01' AND p.payment_date < TIMESTAMPTZ '2022-06-01' GROUP BY c.name ORDER BY revenue DESC",406,4,2,0,True,True,False,5,5,3,2,4,0,0,0,0,886.35,886.39,16.0,47,46009.0,6.914,16,9,5,Sort,5,0,0,0,4,0,0,2,1,1668,0,0,0,37690.0,16049.0,3153920,1523712,8,0.0009969468502710448
pagila_category_revenue,"SELECT c.name, COUNT(DISTINCT r.rental_id) AS rentals, SUM(p.amount) AS revenue FROM pagila.category c JOIN pagila.film_category fc USING (category_id) JOIN pagila.inventory i USING (film_id) JOIN pagila.rental r USING (inventory_id) JOIN pagila.payment p USING (rental_id) WHERE p.payment_date >= TIMESTAMPTZ '2022-05-01' AND p.payment_date < TIMESTAMPTZ '2022-06-01' GROUP BY c.name ORDER BY revenue DESC",406,4,2,0,True,True,False,5,5,3,2,4,0,0,0,0,886.35,886.39,16.0,47,46009.0,7.557,16,9,5,Sort,5,0,0,0,4,0,0,2,1,1668,0,0,0,37690.0,16049.0,3153920,1523712,8,0.0009969468502710448
pagila_film_pair_affinity,"SELECT i1.film_id AS first_film, i2.film_id AS second_film, COUNT(DISTINCT r1.customer_id) AS shared_customers FROM pagila.rental r1 JOIN pagila.inventory i1 USING (inventory_id) JOIN pagila.rental r2 ON r2.customer_id = r1.customer_id AND r2.rental_id > r1.rental_id JOIN pagila.inventory i2 ON i2.inventory_id = r2.inventory_id WHERE i1.film_id < i2.film_id GROUP BY i1.film_id, i2.film_id HAVING COUNT(DISTINCT r1.customer_id) >= 5 ORDER BY shared_customers DESC LIMIT 40",474,3,1,0,True,True,False,4,2,3,2,3,0,0,0,0,13344.35,13344.45,40.0,16,358245.0,125.286,14,9,2,Limit,4,0,0,0,3,0,0,2,1,2880,0,1160,1164,20625.0,16044.0,3006464,1466368,5,0.0024931438544003987
pagila_film_pair_affinity,"SELECT i1.film_id AS first_film, i2.film_id AS second_film, COUNT(DISTINCT r1.customer_id) AS shared_customers FROM pagila.rental r1 JOIN pagila.inventory i1 USING (inventory_id) JOIN pagila.rental r2 ON r2.customer_id = r1.customer_id AND r2.rental_id > r1.rental_id JOIN pagila.inventory i2 ON i2.inventory_id = r2.inventory_id WHERE i1.film_id < i2.film_id GROUP BY i1.film_id, i2.film_id HAVING COUNT(DISTINCT r1.customer_id) >= 5 ORDER BY shared_customers DESC LIMIT 40",474,3,1,0,True,True,False,4,2,3,2,3,0,0,0,0,13344.35,13344.45,40.0,16,358245.0,126.493,14,9,2,Limit,4,0,0,0,3,0,0,2,1,2880,0,1160,1164,20625.0,16044.0,3006464,1466368,5,0.0024931438544003987
pagila_customer_payment_transitions,"SELECT p.customer_id, p.payment_date, p.amount, lag(p.amount) OVER (PARTITION BY p.customer_id ORDER BY p.payment_date) AS previous_amount, p.amount - lag(p.amount) OVER (PARTITION BY p.customer_id ORDER BY p.payment_date) AS delta FROM pagila.payment p WHERE p.customer_id >= 75 ORDER BY p.customer_id, p.payment_date",318,0,1,0,False,True,False,1,1,5,2,0,0,0,0,0,1359.32,1675.29,14044.0,82,56176.0,11.035,10,4,7,WindowAgg,7,0,0,0,0,0,0,1,0,484,0,0,0,16049.0,16049.0,0,0,1,0.8750700978254097
pagila_customer_payment_transitions,"SELECT p.customer_id, p.payment_date, p.amount, lag(p.amount) OVER (PARTITION BY p.customer_id ORDER BY p.payment_date) AS previous_amount, p.amount - lag(p.amount) OVER (PARTITION BY p.customer_id ORDER BY p.payment_date) AS delta FROM pagila.payment p WHERE p.customer_id >= 75 ORDER BY p.customer_id, p.payment_date",318,0,1,0,False,True,False,1,1,5,2,0,0,0,0,0,1359.32,1675.29,14044.0,82,56176.0,10.592,10,4,7,WindowAgg,7,0,0,0,0,0,0,1,0,484,0,0,0,16049.0,16049.0,0,0,1,0.8750700978254097
pagila_rental_gaps,"WITH ordered AS ( SELECT r.customer_id, r.rental_date, lag(r.rental_date) OVER (PARTITION BY r.customer_id ORDER BY r.rental_date) AS previous FROM pagila.rental r WHERE r.customer_id >= 114 ) SELECT customer_id, AVG(rental_date - previous) AS avg_gap FROM ordered WHERE previous IS NOT NULL GROUP BY customer_id ORDER BY avg_gap DESC",334,0,2,1,True,True,False,1,1,5,2,0,0,0,0,0,1762.57,1764.07,599.0,20,53189.0,10.372,6,6,1,Sort,1,0,0,0,0,0,0,2,1,900,0,0,0,16044.0,16044.0,2490368,1228800,3,0.037334829219645975
pagila_rental_gaps,"WITH ordered AS ( SELECT r.customer_id, r.rental_date, lag(r.rental_date) OVER (PARTITION BY r.customer_id ORDER BY r.rental_date) AS previous FROM pagila.rental r WHERE r.customer_id >= 114 ) SELECT customer_id, AVG(rental_date - previous) AS avg_gap FROM ordered WHERE previous IS NOT NULL GROUP BY customer_id ORDER BY avg_gap DESC",334,0,2,1,True,True,False,1,1,5,2,0,0,0,0,0,1762.57,1764.07,599.0,20,53189.0,10.365,6,6,1,Sort,1,0,0,0,0,0,0,2,1,900,0,0,0,16044.0,16044.0,2490368,1228800,3,0.037334829219645975
pagila_store_monthly_revenue,"SELECT date_trunc('month', p.payment_date) AS month, SUM(p.amount) AS revenue, COUNT(DISTINCT p.customer_id) AS customers FROM pagila.payment p JOIN pagila.staff s USING (staff_id) WHERE s.store_id = 1 GROUP BY month ORDER BY month",231,1,1,0,True,True,False,2,2,3,2,1,0,0,0,0,983.42,1184.02,8024.0,48,40121.0,7.011,12,5,8,Aggregate,8,0,0,0,0,0,1,1,1,609,0,0,0,16051.0,16049.0,32768,16384,2,0.499968845410929
pagila_store_monthly_revenue,"SELECT date_trunc('month', p.payment_date) AS month, SUM(p.amount) AS revenue, COUNT(DISTINCT p.customer_id) AS customers FROM pagila.payment p JOIN pagila.staff s USING (staff_id) WHERE s.store_id = 1 GROUP BY month ORDER BY month",231,1,1,0,True,True,False,2,2,3,2,1,0,0,0,0,983.42,1184.02,8024.0,48,40121.0,6.899,12,5,8,Aggregate,8,0,0,0,0,0,1,1,1,609,0,0,0,16051.0,16049.0,32768,16384,2,0.499968845410929
pagila_staff_performance,"SELECT s.staff_id, s.first_name, s.last_name, COUNT(p.payment_id) AS payments, SUM(p.amount) AS revenue FROM pagila.staff s JOIN pagila.payment p USING (staff_id) WHERE p.payment_date >= TIMESTAMPTZ '2022-02-01' AND p.payment_date < TIMESTAMPTZ '2022-03-01' GROUP BY s.staff_id, s.first_name, s.last_name ORDER BY revenue DESC",326,1,2,0,True,True,False,2,2,5,2,1,0,0,0,0,92.76,92.76,2.0,56,4810.0,0.893,6,5,2,Sort,2,0,0,0,1,0,0,1,1,77,0,0,0,16051.0,16049.0,32768,16384,2,0.0001246183562838806
pagila_staff_performance,"SELECT s.staff_id, s.first_name, s.last_name, COUNT(p.payment_id) AS payments, SUM(p.amount) AS revenue FROM pagila.staff s JOIN pagila.payment p USING (staff_id) WHERE p.payment_date >= TIMESTAMPTZ '2022-02-01' AND p.payment_date < TIMESTAMPTZ '2022-03-01' GROUP BY s.staff_id, s.first_name, s.last_name ORDER BY revenue DESC",326,1,2,0,True,True,False,2,2,5,2,1,0,0,0,0,92.76,92.76,2.0,56,4810.0,0.914,6,5,2,Sort,2,0,0,0,1,0,0,1,1,77,0,0,0,16051.0,16049.0,32768,16384,2,0.0001246183562838806
pagila_overdue_rentals,"SELECT r.customer_id, COUNT(*) AS overdue_count, AVG(EXTRACT(EPOCH FROM (r.return_date - r.rental_date)) / 86400) AS avg_days FROM pagila.rental r WHERE r.return_date IS NOT NULL AND r.return_date - r.rental_date > INTERVAL '10 days' GROUP BY r.customer_id ORDER BY overdue_count DESC",284,0,2,0,True,True,False,1,1,3,2,0,0,0,0,0,505.09,506.58,599.0,44,6485.0,1.168,3,3,1,Sort,1,0,0,0,0,0,0,1,1,450,0,0,0,16044.0,16044.0,2490368,1228800,3,0.037334829219645975
pagila_overdue_rentals,"SELECT r.customer_id, COUNT(*) AS overdue_count, AVG(EXTRACT(EPOCH FROM (r.return_date - r.rental_date)) / 86400) AS avg_days FROM pagila.rental r WHERE r.return_date IS NOT NULL AND r.return_date - r.rental_date > INTERVAL '10 days' GROUP BY r.customer_id ORDER BY overdue_count DESC",284,0,2,0,True,True,False,1,1,3,2,0,0,0,0,0,505.09,506.58,599.0,44,6485.0,2.165,3,3,1,Sort,1,0,0,0,0,0,0,1,1,450,0,0,0,16044.0,16044.0,2490368,1228800,3,0.037334829219645975
pagila_country_revenue,"SELECT co.country, COUNT(DISTINCT cu.customer_id) AS customers, SUM(p.amount) AS revenue FROM pagila.country co JOIN pagila.city ci USING (country_id) JOIN pagila.address a USING (city_id) JOIN pagila.customer cu USING (address_id) JOIN pagila.payment p USING (customer_id) WHERE co.country_id >= 37 GROUP BY co.country ORDER BY revenue DESC",341,4,1,0,True,True,False,5,5,3,2,4,0,0,0,0,1428.6,1428.78,73.0,49,105629.0,19.129,23,9,11,Sort,11,0,0,0,4,0,0,2,1,1275,0,0,0,17960.0,16049.0,557056,262144,10,0.004548570004361642
pagila_country_revenue,"SELECT co.country, COUNT(DISTINCT cu.customer_id) AS customers, SUM(p.amount) AS revenue FROM pagila.country co JOIN pagila.city ci USING (country_id) JOIN pagila.address a USING (city_id) JOIN pagila.customer cu USING (address_id) JOIN pagila.payment p USING (customer_id) WHERE co.country_id >= 37 GROUP BY co.country ORDER BY revenue DESC",341,4,1,0,True,True,False,5,5,3,2,4,0,0,0,0,1428.6,1428.78,73.0,49,105629.0,17.692,23,9,11,Sort,11,0,0,0,4,0,0,2,1,1275,0,0,0,17960.0,16049.0,557056,262144,10,0.004548570004361642
pagila_payment_moving_average,"SELECT p.customer_id, p.payment_date, p.amount, AVG(p.amount) OVER (PARTITION BY p.customer_id ORDER BY p.payment_date ROWS BETWEEN 4 PRECEDING AND CURRENT ROW) AS moving_avg FROM pagila.payment p WHERE p.customer_id BETWEEN 480 AND 530 ORDER BY p.customer_id, p.payment_date",275,0,1,0,False,True,False,1,1,4,1,0,0,0,0,0,285.48,312.0,1327.0,50,6429.0,1.621,16,5,7,WindowAgg,1,0,0,6,0,0,0,1,0,277,0,0,0,16049.0,16049.0,0,0,1,0.08268427939435478
pagila_payment_moving_average,"SELECT p.customer_id, p.payment_date, p.amount, AVG(p.amount) OVER (PARTITION BY p.customer_id ORDER BY p.payment_date ROWS BETWEEN 4 PRECEDING AND CURRENT ROW) AS moving_avg FROM pagila.payment p WHERE p.customer_id BETWEEN 480 AND 530 ORDER BY p.customer_id, p.payment_date",275,0,1,0,False,True,False,1,1,4,1,0,0,0,0,0,285.48,312.0,1327.0,50,6429.0,1.842,16,5,7,WindowAgg,1,0,0,6,0,0,0,1,0,277,0,0,0,16049.0,16049.0,0,0,1,0.08268427939435478
pagila_inventory_imbalance,"SELECT i.film_id, COUNT(*) FILTER (WHERE i.store_id = 1) AS store_one, COUNT(*) FILTER (WHERE i.store_id = 2) AS store_two FROM pagila.inventory i WHERE i.film_id >= 1 GROUP BY i.film_id HAVING ABS(COUNT(*) FILTER (WHERE i.store_id = 1) - COUNT(*) FILTER (WHERE i.store_id = 2)) >= 1 ORDER BY i.film_id",302,0,5,0,True,True,False,1,1,3,4,0,0,0,0,0,174.56,175.35,319.0,20,5219.0,1.467,3,3,1,Sort,1,0,0,0,0,0,0,1,1,90,0,0,0,4581.0,4581.0,516096,237568,2,0.06963545077493997
pagila_inventory_imbalance,"SELECT i.film_id, COUNT(*) FILTER (WHERE i.store_id = 1) AS store_one, COUNT(*) FILTER (WHERE i.store_id = 2) AS store_two FROM pagila.inventory i WHERE i.film_id >= 1 GROUP BY i.film_id HAVING ABS(COUNT(*) FILTER (WHERE i.store_id = 1) - COUNT(*) FILTER (WHERE i.store_id = 2)) >= 1 ORDER BY i.film_id",302,0,5,0,True,True,False,1,1,3,4,0,0,0,0,0,174.56,175.35,319.0,20,5219.0,1.237,3,3,1,Sort,1,0,0,0,0,0,0,1,1,90,0,0,0,4581.0,4581.0,516096,237568,2,0.06963545077493997
pagila_customer_recency_rank,"WITH activity AS ( SELECT c.customer_id, c.store_id, MAX(r.rental_date) AS last_rental FROM pagila.customer c LEFT JOIN pagila.rental r USING (customer_id) WHERE c.store_id = 1 GROUP BY c.customer_id, c.store_id ) SELECT customer_id, last_rental, dense_rank() OVER (ORDER BY last_rental DESC NULLS LAST) AS recency_rank FROM activity ORDER BY recency_rank, customer_id",368,1,1,1,True,True,False,2,2,6,2,0,1,0,0,0,456.52,457.34,326.0,20,27058.0,4.22,9,8,2,Sort,2,0,0,0,1,0,0,2,1,1122,0,0,0,16643.0,16044.0,2719744,1351680,7,0.020319122413363252
pagila_customer_recency_rank,"WITH activity AS ( SELECT c.customer_id, c.store_id, MAX(r.rental_date) AS last_rental FROM pagila.customer c LEFT JOIN pagila.rental r USING (customer_id) WHERE c.store_id = 1 GROUP BY c.customer_id, c.store_id ) SELECT customer_id, last_rental, dense_rank() OVER (ORDER BY last_rental DESC NULLS LAST) AS recency_rank FROM activity ORDER BY recency_rank, customer_id",368,1,1,1,True,True,False,2,2,6,2,0,1,0,0,0,456.52,457.34,326.0,20,27058.0,3.822,9,8,2,Sort,2,0,0,0,1,0,0,2,1,1122,0,0,0,16643.0,16044.0,2719744,1351680,7,0.020319122413363252
pagila_duration_outliers,"WITH stats AS ( SELECT rating, AVG(length) AS avg_length, STDDEV_POP(length) AS sd FROM pagila.film GROUP BY rating ) SELECT f.film_id, f.title, f.length FROM pagila.film f JOIN stats s USING (rating) WHERE f.rating = 'PG-13' AND f.length > s.avg_length + s.sd ORDER BY f.length DESC",283,1,2,1,True,True,False,2,1,6,2,1,0,0,0,0,160.33,160.51,74.0,21,595.0,0.503,5,4,1,Sort,2,0,0,0,0,0,1,1,1,448,0,0,0,1000.0,1000.0,770048,212992,5,0.074
pagila_duration_outliers,"WITH stats AS ( SELECT rating, AVG(length) AS avg_length, STDDEV_POP(length) AS sd FROM pagila.film GROUP BY rating ) SELECT f.film_id, f.title, f.length FROM pagila.film f JOIN stats s USING (rating) WHERE f.rating = 'PG-13' AND f.length > s.avg_length + s.sd ORDER BY f.length DESC",283,1,2,1,True,True,False,2,1,6,2,1,0,0,0,0,160.33,160.51,74.0,21,595.0,0.332,5,4,1,Sort,2,0,0,0,0,0,1,1,1,448,0,0,0,1000.0,1000.0,770048,212992,5,0.074
pagila_customer_lifetime_value,"SELECT c.customer_id, c.first_name, c.last_name, COUNT(p.payment_id) AS payments, SUM(p.amount) AS lifetime_value FROM pagila.customer c JOIN pagila.payment p USING (customer_id) WHERE c.customer_id >= 205 GROUP BY c.customer_id, c.first_name, c.last_name HAVING COUNT(p.payment_id) >= 7 ORDER BY lifetime_value DESC LIMIT 50",325,1,1,0,True,True,False,2,2,5,3,1,0,0,0,0,515.27,515.4,50.0,57,43785.0,6.309,14,6,8,Limit,8,0,0,0,1,0,0,1,1,780,0,0,0,16648.0,16049.0,229376,122880,5,0.0031154589070970153
pagila_customer_lifetime_value,"SELECT c.customer_id, c.first_name, c.last_name, COUNT(p.payment_id) AS payments, SUM(p.amount) AS lifetime_value FROM pagila.customer c JOIN pagila.payment p USING (customer_id) WHERE c.customer_id >= 205 GROUP BY c.customer_id, c.first_name, c.last_name HAVING COUNT(p.payment_id) >= 7 ORDER BY lifetime_value DESC LIMIT 50",325,1,1,0,True,True,False,2,2,5,3,1,0,0,0,0,515.27,515.4,50.0,57,43785.0,6.232,14,6,8,Limit,8,0,0,0,1,0,0,1,1,780,0,0,0,16648.0,16049.0,229376,122880,5,0.0031154589070970153
pagila_repeat_renters,"SELECT c.customer_id, c.first_name, c.last_name, COUNT(r.rental_id) AS rentals FROM pagila.customer c JOIN pagila.rental r USING (customer_id) WHERE c.customer_id >= 228 GROUP BY c.customer_id, c.first_name, c.last_name HAVING COUNT(r.rental_id) >= 27 ORDER BY rentals DESC",273,1,1,0,True,True,False,2,2,4,2,1,0,0,0,0,432.77,433.08,124.0,25,27000.0,4.004,6,5,2,Sort,2,0,0,0,1,0,0,1,1,645,0,0,0,16643.0,16044.0,2719744,1351680,7,0.007728745948641236
pagila_repeat_renters,"SELECT c.customer_id, c.first_name, c.last_name, COUNT(r.rental_id) AS rentals FROM pagila.customer c JOIN pagila.rental r USING (customer_id) WHERE c.customer_id >= 228 GROUP BY c.customer_id, c.first_name, c.last_name HAVING COUNT(r.rental_id) >= 27 ORDER BY rentals DESC",273,1,1,0,True,True,False,2,2,4,2,1,0,0,0,0,432.77,433.08,124.0,25,27000.0,4.154,6,5,2,Sort,2,0,0,0,1,0,0,1,1,645,0,0,0,16643.0,16044.0,2719744,1351680,7,0.007728745948641236
pagila_actor_rental_impact,"SELECT a.actor_id, a.first_name, a.last_name, COUNT(r.rental_id) AS rentals, COALESCE(SUM(p.amount), 0) AS revenue FROM pagila.actor a JOIN pagila.film_actor fa USING (actor_id) JOIN pagila.inventory i USING (film_id) LEFT JOIN pagila.rental r USING (inventory_id) LEFT JOIN pagila.payment p USING (rental_id) WHERE a.actor_id >= 159 GROUP BY a.actor_id, a.first_name, a.last_name ORDER BY revenue DESC LIMIT 30",411,4,1,0,True,True,False,5,5,5,2,2,2,0,0,0,1630.73,1630.81,30.0,57,131688.0,18.939,23,8,11,Limit,11,0,0,0,4,0,0,1,1,2604,0,0,0,42336.0,16049.0,3596288,1728512,10,0.0018692753442582093
pagila_actor_rental_impact,"SELECT a.actor_id, a.first_name, a.last_name, COUNT(r.rental_id) AS rentals, COALESCE(SUM(p.amount), 0) AS revenue FROM pagila.actor a JOIN pagila.film_actor fa USING (actor_id) JOIN pagila.inventory i USING (film_id) LEFT JOIN pagila.rental r USING (inventory_id) LEFT JOIN pagila.payment p USING (rental_id) WHERE a.actor_id >= 159 GROUP BY a.actor_id, a.first_name, a.last_name ORDER BY revenue DESC LIMIT 30",411,4,1,0,True,True,False,5,5,5,2,2,2,0,0,0,1630.73,1630.81,30.0,57,131688.0,16.875,23,8,11,Limit,11,0,0,0,4,0,0,1,1,2604,0,0,0,42336.0,16049.0,3596288,1728512,10,0.0018692753442582093
pagila_unrented_films,"SELECT f.film_id, f.title FROM pagila.film f WHERE f.rating = 'PG' AND NOT EXISTS ( SELECT 1 FROM pagila.inventory i JOIN pagila.rental r USING (inventory_id) WHERE i.film_id = f.film_id ) ORDER BY f.title",205,1,3,1,False,True,False,3,3,3,0,1,0,0,0,0,764.11,764.13,8.0,19,57504.0,5.694,8,6,3,Sort,3,0,0,0,2,0,0,1,0,1122,0,0,0,21625.0,16044.0,3776512,1679360,10,0.0004986287708800798
pagila_unrented_films,"SELECT f.film_id, f.title FROM pagila.film f WHERE f.rating = 'PG' AND NOT EXISTS ( SELECT 1 FROM pagila.inventory i JOIN pagila.rental r USING (inventory_id) WHERE i.film_id = f.film_id ) ORDER BY f.title",205,1,3,1,False,True,False,3,3,3,0,1,0,0,0,0,764.11,764.13,8.0,19,57504.0,5.451,8,6,3,Sort,3,0,0,0,2,0,0,1,0,1122,0,0,0,21625.0,16044.0,3776512,1679360,10,0.0004986287708800798
pagila_top_films_per_category,"WITH ranked AS ( SELECT c.name AS category, f.title, COUNT(r.rental_id) AS rentals, dense_rank() OVER (PARTITION BY c.category_id ORDER BY COUNT(r.rental_id) DESC) AS rank FROM pagila.category c JOIN pagila.film_category fc USING (category_id) JOIN pagila.film f USING (film_id) JOIN pagila.inventory i USING (film_id) LEFT JOIN pagila.rental r USING (inventory_id) WHERE f.rating = 'R' GROUP BY c.category_id, c.name, f.film_id, f.title ) SELECT category, title, rentals FROM ranked WHERE rank <= 5 ORDER BY category, rentals DESC",531,4,2,1,True,True,False,5,5,7,3,3,1,0,0,0,1127.39,1135.19,3120.0,30,43146.0,3.845,18,13,5,Sort,5,0,0,0,4,0,0,2,1,2236,0,0,0,22641.0,16044.0,3923968,1736704,12,0.1944652206432311
pagila_top_films_per_category,"WITH ranked AS ( SELECT c.name AS category, f.title, COUNT(r.rental_id) AS rentals, dense_rank() OVER (PARTITION BY c.category_id ORDER BY COUNT(r.rental_id) DESC) AS rank FROM pagila.category c JOIN pagila.film_category fc USING (category_id) JOIN pagila.film f USING (film_id) JOIN pagila.inventory i USING (film_id) LEFT JOIN pagila.rental r USING (inventory_id) WHERE f.rating = 'R' GROUP BY c.category_id, c.name, f.film_id, f.title ) SELECT category, title, rentals FROM ranked WHERE rank <= 5 ORDER BY category, rentals DESC",531,4,2,1,True,True,False,5,5,7,3,3,1,0,0,0,1127.39,1135.19,3120.0,30,43146.0,3.947,18,13,5,Sort,5,0,0,0,4,0,0,2,1,2236,0,0,0,22641.0,16044.0,3923968,1736704,12,0.1944652206432311
pagila_customer_cohorts,"SELECT date_trunc('month', c.create_date) AS cohort, COUNT(DISTINCT c.customer_id) AS customers, COUNT(r.rental_id) AS rentals FROM pagila.customer c LEFT JOIN pagila.rental r USING (customer_id) WHERE EXTRACT(YEAR FROM c.create_date) >= 2005 GROUP BY cohort ORDER BY cohort",274,1,1,0,True,True,False,2,2,3,2,0,1,0,0,0,731.92,785.5,1.0,24,27159.0,10.755,6,5,2,Aggregate,2,0,0,0,1,0,0,1,1,645,0,0,0,16643.0,16044.0,2719744,1351680,7,6.232859636000998e-05
pagila_customer_cohorts,"SELECT date_trunc('month', c.create_date) AS cohort, COUNT(DISTINCT c.customer_id) AS customers, COUNT(r.rental_id) AS rentals FROM pagila.customer c LEFT JOIN pagila.rental r USING (customer_id) WHERE EXTRACT(YEAR FROM c.create_date) >= 2005 GROUP BY cohort ORDER BY cohort",274,1,1,0,True,True,False,2,2,3,2,0,1,0,0,0,731.92,785.5,1.0,24,27159.0,10.499,6,5,2,Aggregate,2,0,0,0,1,0,0,1,1,645,0,0,0,16643.0,16044.0,2719744,1351680,7,6.232859636000998e-05
pagila_duration_outliers,"WITH stats AS ( SELECT rating, AVG(length) AS avg_length, STDDEV_POP(length) AS sd FROM pagila.film GROUP BY rating ) SELECT f.film_id, f.title, f.length FROM pagila.film f JOIN stats s USING (rating) WHERE f.rating = 'R' AND f.length > s.avg_length + s.sd ORDER BY f.length DESC",279,1,2,1,True,True,False,2,1,6,2,1,0,0,0,0,159.36,159.52,65.0,21,521.0,0.411,5,4,1,Sort,2,0,0,0,0,0,1,1,1,448,0,0,0,1000.0,1000.0,770048,212992,5,0.065
pagila_duration_outliers,"WITH stats AS ( SELECT rating, AVG(length) AS avg_length, STDDEV_POP(length) AS sd FROM pagila.film GROUP BY rating ) SELECT f.film_id, f.title, f.length FROM pagila.film f JOIN stats s USING (rating) WHERE f.rating = 'R' AND f.length > s.avg_length + s.sd ORDER BY f.length DESC",279,1,2,1,True,True,False,2,1,6,2,1,0,0,0,0,159.36,159.52,65.0,21,521.0,0.32,5,4,1,Sort,2,0,0,0,0,0,1,1,1,448,0,0,0,1000.0,1000.0,770048,212992,5,0.065
pagila_film_popularity,"SELECT f.film_id, f.title, COUNT(r.rental_id) AS rentals FROM pagila.film f JOIN pagila.inventory i USING (film_id) LEFT JOIN pagila.rental r USING (inventory_id) WHERE f.rating = 'PG-13' GROUP BY f.film_id, f.title ORDER BY rentals DESC, f.title LIMIT 40",255,2,1,0,True,True,False,3,3,3,1,1,1,0,0,0,613.52,613.62,40.0,27,27180.0,4.079,10,8,3,Limit,3,0,0,0,2,0,0,1,1,1472,0,0,0,21625.0,16044.0,3776512,1679360,10,0.0024931438544003987
pagila_film_popularity,"SELECT f.film_id, f.title, COUNT(r.rental_id) AS rentals FROM pagila.film f JOIN pagila.inventory i USING (film_id) LEFT JOIN pagila.rental r USING (inventory_id) WHERE f.rating = 'PG-13' GROUP BY f.film_id, f.title ORDER BY rentals DESC, f.title LIMIT 40",255,2,1,0,True,True,False,3,3,3,1,1,1,0,0,0,613.52,613.62,40.0,27,27180.0,3.55,10,8,3,Limit,3,0,0,0,2,0,0,1,1,1472,0,0,0,21625.0,16044.0,3776512,1679360,10,0.0024931438544003987
pagila_inactive_customers,"SELECT c.customer_id, c.first_name, c.last_name FROM pagila.customer c WHERE c.activebool = true AND NOT EXISTS ( SELECT 1 FROM pagila.rental r WHERE r.customer_id = c.customer_id AND r.rental_date >= TIMESTAMPTZ '2022-05-01' ) ORDER BY c.customer_id",250,0,4,1,False,True,False,2,2,4,0,0,0,0,0,0,566.09,566.1,1.0,17,32089.0,3.048,5,4,2,Sort,2,0,0,0,1,0,0,1,0,627,0,0,0,16643.0,16044.0,2719744,1351680,7,6.232859636000998e-05
pagila_inactive_customers,"SELECT c.customer_id, c.first_name, c.last_name FROM pagila.customer c WHERE c.activebool = true AND NOT EXISTS ( SELECT 1 FROM pagila.rental r WHERE r.customer_id = c.customer_id AND r.rental_date >= TIMESTAMPTZ '2022-05-01' ) ORDER BY c.customer_id",250,0,4,1,False,True,False,2,2,4,0,0,0,0,0,0,566.09,566.1,1.0,17,32089.0,3.051,5,4,2,Sort,2,0,0,0,1,0,0,1,0,627,0,0,0,16643.0,16044.0,2719744,1351680,7,6.232859636000998e-05
pagila_inventory_availability,"SELECT i.store_id, COUNT(*) AS copies, COUNT(*) FILTER (WHERE r.rental_id IS NULL) AS available FROM pagila.inventory i LEFT JOIN pagila.rental r ON r.inventory_id = i.inventory_id AND r.return_date IS NULL WHERE i.film_id BETWEEN 233 AND 333 GROUP BY i.store_id ORDER BY i.store_id",282,1,2,0,True,True,False,2,2,3,2,0,1,0,0,0,419.37,419.37,2.0,20,1642.0,1.046,6,5,2,Sort,2,0,0,0,1,0,0,1,1,750,0,0,0,20625.0,16044.0,3006464,1466368,5,0.00012465719272001995
pagila_inventory_availability,"SELECT i.store_id, COUNT(*) AS copies, COUNT(*) FILTER (WHERE r.rental_id IS NULL) AS available FROM pagila.inventory i LEFT JOIN pagila.rental r ON r.inventory_id = i.inventory_id AND r.return_date IS NULL WHERE i.film_id BETWEEN 233 AND 333 GROUP BY i.store_id ORDER BY i.store_id",282,1,2,0,True,True,False,2,2,3,2,0,1,0,0,0,419.37,419.37,2.0,20,1642.0,1.109,6,5,2,Sort,2,0,0,0,1,0,0,1,1,750,0,0,0,20625.0,16044.0,3006464,1466368,5,0.00012465719272001995
pagila_customer_recency_rank,"WITH activity AS ( SELECT c.customer_id, c.store_id, MAX(r.rental_date) AS last_rental FROM pagila.customer c LEFT JOIN pagila.rental r USING (customer_id) WHERE c.store_id = 2 GROUP BY c.customer_id, c.store_id ) SELECT customer_id, last_rental, dense_rank() OVER (ORDER BY last_rental DESC NULLS LAST) AS recency_rank FROM activity ORDER BY recency_rank, customer_id",368,1,1,1,True,True,False,2,2,6,2,0,1,0,0,0,441.65,442.33,273.0,20,25267.0,4.337,9,8,2,Sort,2,0,0,0,1,0,0,2,1,1122,0,0,0,16643.0,16044.0,2719744,1351680,7,0.017015706806282723
pagila_customer_recency_rank,"WITH activity AS ( SELECT c.customer_id, c.store_id, MAX(r.rental_date) AS last_rental FROM pagila.customer c LEFT JOIN pagila.rental r USING (customer_id) WHERE c.store_id = 2 GROUP BY c.customer_id, c.store_id ) SELECT customer_id, last_rental, dense_rank() OVER (ORDER BY last_rental DESC NULLS LAST) AS recency_rank FROM activity ORDER BY recency_rank, customer_id",368,1,1,1,True,True,False,2,2,6,2,0,1,0,0,0,441.65,442.33,273.0,20,25267.0,3.579,9,8,2,Sort,2,0,0,0,1,0,0,2,1,1122,0,0,0,16643.0,16044.0,2719744,1351680,7,0.017015706806282723
pagila_inventory_imbalance,"SELECT i.film_id, COUNT(*) FILTER (WHERE i.store_id = 1) AS store_one, COUNT(*) FILTER (WHERE i.store_id = 2) AS store_two FROM pagila.inventory i WHERE i.film_id >= 4 GROUP BY i.film_id HAVING ABS(COUNT(*) FILTER (WHERE i.store_id = 1) - COUNT(*) FILTER (WHERE i.store_id = 2)) >= 4 ORDER BY i.film_id",302,0,5,0,True,True,False,1,1,3,4,0,0,0,0,0,174.39,175.19,319.0,20,5206.0,0.996,3,3,1,Sort,1,0,0,0,0,0,0,1,1,90,0,0,0,4581.0,4581.0,516096,237568,2,0.06963545077493997
pagila_inventory_imbalance,"SELECT i.film_id, COUNT(*) FILTER (WHERE i.store_id = 1) AS store_one, COUNT(*) FILTER (WHERE i.store_id = 2) AS store_two FROM pagila.inventory i WHERE i.film_id >= 4 GROUP BY i.film_id HAVING ABS(COUNT(*) FILTER (WHERE i.store_id = 1) - COUNT(*) FILTER (WHERE i.store_id = 2)) >= 4 ORDER BY i.film_id",302,0,5,0,True,True,False,1,1,3,4,0,0,0,0,0,174.39,175.19,319.0,20,5206.0,1.054,3,3,1,Sort,1,0,0,0,0,0,0,1,1,90,0,0,0,4581.0,4581.0,516096,237568,2,0.06963545077493997
pagila_film_pair_affinity,"SELECT i1.film_id AS first_film, i2.film_id AS second_film, COUNT(DISTINCT r1.customer_id) AS shared_customers FROM pagila.rental r1 JOIN pagila.inventory i1 USING (inventory_id) JOIN pagila.rental r2 ON r2.customer_id = r1.customer_id AND r2.rental_id > r1.rental_id JOIN pagila.inventory i2 ON i2.inventory_id = r2.inventory_id WHERE i1.film_id < i2.film_id GROUP BY i1.film_id, i2.film_id HAVING COUNT(DISTINCT r1.customer_id) >= 4 ORDER BY shared_customers DESC LIMIT 40",474,3,1,0,True,True,False,4,2,3,2,3,0,0,0,0,13344.35,13344.45,40.0,16,358245.0,128.162,14,9,2,Limit,4,0,0,0,3,0,0,2,1,2880,0,1160,1164,20625.0,16044.0,3006464,1466368,5,0.0024931438544003987
pagila_film_pair_affinity,"SELECT i1.film_id AS first_film, i2.film_id AS second_film, COUNT(DISTINCT r1.customer_id) AS shared_customers FROM pagila.rental r1 JOIN pagila.inventory i1 USING (inventory_id) JOIN pagila.rental r2 ON r2.customer_id = r1.customer_id AND r2.rental_id > r1.rental_id JOIN pagila.inventory i2 ON i2.inventory_id = r2.inventory_id WHERE i1.film_id < i2.film_id GROUP BY i1.film_id, i2.film_id HAVING COUNT(DISTINCT r1.customer_id) >= 4 ORDER BY shared_customers DESC LIMIT 40",474,3,1,0,True,True,False,4,2,3,2,3,0,0,0,0,13344.35,13344.45,40.0,16,358245.0,130.633,14,9,2,Limit,4,0,0,0,3,0,0,2,1,2880,0,1160,1164,20625.0,16044.0,3006464,1466368,5,0.0024931438544003987
pagila_unrented_films,"SELECT f.film_id, f.title FROM pagila.film f WHERE f.rating = 'PG-13' AND NOT EXISTS ( SELECT 1 FROM pagila.inventory i JOIN pagila.rental r USING (inventory_id) WHERE i.film_id = f.film_id ) ORDER BY f.title",208,1,3,1,False,True,False,3,3,3,0,1,0,0,0,0,764.32,764.34,9.0,19,57535.0,5.634,8,6,3,Sort,3,0,0,0,2,0,0,1,0,1122,0,0,0,21625.0,16044.0,3776512,1679360,10,0.0005609573672400897
pagila_unrented_films,"SELECT f.film_id, f.title FROM pagila.film f WHERE f.rating = 'PG-13' AND NOT EXISTS ( SELECT 1 FROM pagila.inventory i JOIN pagila.rental r USING (inventory_id) WHERE i.film_id = f.film_id ) ORDER BY f.title",208,1,3,1,False,True,False,3,3,3,0,1,0,0,0,0,764.32,764.34,9.0,19,57535.0,5.793,8,6,3,Sort,3,0,0,0,2,0,0,1,0,1122,0,0,0,21625.0,16044.0,3776512,1679360,10,0.0005609573672400897
pagila_repeat_renters,"SELECT c.customer_id, c.first_name, c.last_name, COUNT(r.rental_id) AS rentals FROM pagila.customer c JOIN pagila.rental r USING (customer_id) WHERE c.customer_id >= 37 GROUP BY c.customer_id, c.first_name, c.last_name HAVING COUNT(r.rental_id) >= 28 ORDER BY rentals DESC",272,1,1,0,True,True,False,2,2,4,2,1,0,0,0,0,465.92,466.39,188.0,25,32626.0,4.764,6,5,2,Sort,2,0,0,0,1,0,0,1,1,645,0,0,0,16643.0,16044.0,2719744,1351680,7,0.011717776115681875
pagila_repeat_renters,"SELECT c.customer_id, c.first_name, c.last_name, COUNT(r.rental_id) AS rentals FROM pagila.customer c JOIN pagila.rental r USING (customer_id) WHERE c.customer_id >= 37 GROUP BY c.customer_id, c.first_name, c.last_name HAVING COUNT(r.rental_id) >= 28 ORDER BY rentals DESC",272,1,1,0,True,True,False,2,2,4,2,1,0,0,0,0,465.92,466.39,188.0,25,32626.0,4.747,6,5,2,Sort,2,0,0,0,1,0,0,1,1,645,0,0,0,16643.0,16044.0,2719744,1351680,7,0.011717776115681875
pagila_daily_revenue_rollup,"SELECT date_trunc('day', p.payment_date) AS day, s.store_id, SUM(p.amount) AS revenue FROM pagila.payment p JOIN pagila.staff s USING (staff_id) WHERE p.payment_date >= TIMESTAMPTZ '2022-06-01' AND p.payment_date < TIMESTAMPTZ '2022-07-01' GROUP BY GROUPING SETS ((day, s.store_id), (day), ()) ORDER BY day NULLS LAST, s.store_id NULLS LAST",340,1,2,0,True,True,False,2,2,3,1,1,0,0,0,0,240.15,346.33,5309.0,44,13275.0,1.789,6,5,2,Aggregate,2,0,0,0,1,0,0,1,1,85,0,0,0,16051.0,16049.0,32768,16384,2,0.3307994267555611
pagila_daily_revenue_rollup,"SELECT date_trunc('day', p.payment_date) AS day, s.store_id, SUM(p.amount) AS revenue FROM pagila.payment p JOIN pagila.staff s USING (staff_id) WHERE p.payment_date >= TIMESTAMPTZ '2022-06-01' AND p.payment_date < TIMESTAMPTZ '2022-07-01' GROUP BY GROUPING SETS ((day, s.store_id), (day), ()) ORDER BY day NULLS LAST, s.store_id NULLS LAST",340,1,2,0,True,True,False,2,2,3,1,1,0,0,0,0,240.15,346.33,5309.0,44,13275.0,1.816,6,5,2,Aggregate,2,0,0,0,1,0,0,1,1,85,0,0,0,16051.0,16049.0,32768,16384,2,0.3307994267555611
pagila_actor_category_diversity,"SELECT a.actor_id, a.first_name, a.last_name, COUNT(DISTINCT fc.category_id) AS category_count FROM pagila.actor a JOIN pagila.film_actor fa USING (actor_id) JOIN pagila.film_category fc USING (film_id) WHERE a.actor_id >= 128 GROUP BY a.actor_id, a.first_name, a.last_name ORDER BY category_count DESC",302,2,1,0,True,True,False,3,3,4,1,2,0,0,0,0,287.82,288.0,73.0,25,13736.0,1.98,10,7,3,Sort,3,0,0,0,2,0,0,2,1,230,0,0,0,6662.0,5462.0,704512,303104,5,0.013365067740754303
pagila_actor_category_diversity,"SELECT a.actor_id, a.first_name, a.last_name, COUNT(DISTINCT fc.category_id) AS category_count FROM pagila.actor a JOIN pagila.film_actor fa USING (actor_id) JOIN pagila.film_category fc USING (film_id) WHERE a.actor_id >= 128 GROUP BY a.actor_id, a.first_name, a.last_name ORDER BY category_count DESC",302,2,1,0,True,True,False,3,3,4,1,2,0,0,0,0,287.82,288.0,73.0,25,13736.0,2.002,10,7,3,Sort,3,0,0,0,2,0,0,2,1,230,0,0,0,6662.0,5462.0,704512,303104,5,0.013365067740754303
pagila_store_inventory_turnover,"SELECT i.store_id, COUNT(DISTINCT i.inventory_id) AS inventory, COUNT(r.rental_id) AS rentals, COUNT(r.rental_id)::numeric / NULLIF(COUNT(DISTINCT i.inventory_id), 0) AS turnover FROM pagila.inventory i LEFT JOIN pagila.rental r USING (inventory_id) WHERE r.return_date - r.rental_date >= INTERVAL '9 days' GROUP BY i.store_id ORDER BY turnover DESC",349,1,1,0,True,True,False,2,2,4,4,0,1,0,0,0,922.48,922.49,2.0,52,25210.0,2.738,7,6,2,Sort,2,0,0,0,1,0,0,2,1,930,0,0,0,20625.0,16044.0,3006464,1466368,5,0.00012465719272001995
pagila_store_inventory_turnover,"SELECT i.store_id, COUNT(DISTINCT i.inventory_id) AS inventory, COUNT(r.rental_id) AS rentals, COUNT(r.rental_id)::numeric / NULLIF(COUNT(DISTINCT i.inventory_id), 0) AS turnover FROM pagila.inventory i LEFT JOIN pagila.rental r USING (inventory_id) WHERE r.return_date - r.rental_date >= INTERVAL '9 days' GROUP BY i.store_id ORDER BY turnover DESC",349,1,1,0,True,True,False,2,2,4,4,0,1,0,0,0,922.48,922.49,2.0,52,25210.0,2.478,7,6,2,Sort,2,0,0,0,1,0,0,2,1,930,0,0,0,20625.0,16044.0,3006464,1466368,5,0.00012465719272001995
pagila_city_customer_density,"SELECT co.country, ci.city, COUNT(cu.customer_id) AS customers FROM pagila.country co JOIN pagila.city ci USING (country_id) JOIN pagila.address a USING (city_id) LEFT JOIN pagila.customer cu USING (address_id) WHERE co.country_id <= 56 GROUP BY co.country, ci.city ORDER BY customers DESC LIMIT 60",298,3,1,0,True,True,False,4,4,3,1,2,1,0,0,0,79.19,79.34,60.0,26,4726.0,0.698,13,8,4,Limit,4,0,0,0,3,0,0,1,1,153,0,0,0,1911.0,603.0,557056,262144,9,0.09950248756218906
pagila_city_customer_density,"SELECT co.country, ci.city, COUNT(cu.customer_id) AS customers FROM pagila.country co JOIN pagila.city ci USING (country_id) JOIN pagila.address a USING (city_id) LEFT JOIN pagila.customer cu USING (address_id) WHERE co.country_id <= 56 GROUP BY co.country, ci.city ORDER BY customers DESC LIMIT 60",298,3,1,0,True,True,False,4,4,3,1,2,1,0,0,0,79.19,79.34,60.0,26,4726.0,0.697,13,8,4,Limit,4,0,0,0,3,0,0,1,1,153,0,0,0,1911.0,603.0,557056,262144,9,0.09950248756218906
pagila_top_films_per_category,"WITH ranked AS ( SELECT c.name AS category, f.title, COUNT(r.rental_id) AS rentals, dense_rank() OVER (PARTITION BY c.category_id ORDER BY COUNT(r.rental_id) DESC) AS rank FROM pagila.category c JOIN pagila.film_category fc USING (category_id) JOIN pagila.film f USING (film_id) JOIN pagila.inventory i USING (film_id) LEFT JOIN pagila.rental r USING (inventory_id) WHERE f.rating = 'PG-13' GROUP BY c.category_id, c.name, f.film_id, f.title ) SELECT category, title, rentals FROM ranked WHERE rank <= 5 ORDER BY category, rentals DESC",535,4,2,1,True,True,False,5,5,7,3,3,1,0,0,0,1215.81,1224.73,3568.0,30,46235.0,4.088,18,13,5,Sort,5,0,0,0,4,0,0,2,1,2236,0,0,0,22641.0,16044.0,3923968,1736704,12,0.22238843181251558
pagila_top_films_per_category,"WITH ranked AS ( SELECT c.name AS category, f.title, COUNT(r.rental_id) AS rentals, dense_rank() OVER (PARTITION BY c.category_id ORDER BY COUNT(r.rental_id) DESC) AS rank FROM pagila.category c JOIN pagila.film_category fc USING (category_id) JOIN pagila.film f USING (film_id) JOIN pagila.inventory i USING (film_id) LEFT JOIN pagila.rental r USING (inventory_id) WHERE f.rating = 'PG-13' GROUP BY c.category_id, c.name, f.film_id, f.title ) SELECT category, title, rentals FROM ranked WHERE rank <= 5 ORDER BY category, rentals DESC",535,4,2,1,True,True,False,5,5,7,3,3,1,0,0,0,1215.81,1224.73,3568.0,30,46235.0,4.087,18,13,5,Sort,5,0,0,0,4,0,0,2,1,2236,0,0,0,22641.0,16044.0,3923968,1736704,12,0.22238843181251558
pagila_category_percentiles,"SELECT c.name, percentile_cont(0.5) WITHIN GROUP (ORDER BY p.amount) AS median_payment, percentile_cont(0.9) WITHIN GROUP (ORDER BY p.amount) AS p90_payment FROM pagila.category c JOIN pagila.film_category fc USING (category_id) JOIN pagila.inventory i USING (film_id) JOIN pagila.rental r USING (inventory_id) JOIN pagila.payment p USING (rental_id) WHERE p.amount >= 1.99 GROUP BY c.name ORDER BY p90_payment DESC",415,4,1,0,True,True,False,5,5,3,2,4,0,0,0,0,2334.8,2334.84,16.0,23,122590.0,21.305,23,8,11,Sort,11,0,0,0,4,0,0,2,1,2428,0,0,0,37690.0,16049.0,3153920,1523712,8,0.0009969468502710448
pagila_category_percentiles,"SELECT c.name, percentile_cont(0.5) WITHIN GROUP (ORDER BY p.amount) AS median_payment, percentile_cont(0.9) WITHIN GROUP (ORDER BY p.amount) AS p90_payment FROM pagila.category c JOIN pagila.film_category fc USING (category_id) JOIN pagila.inventory i USING (film_id) JOIN pagila.rental r USING (inventory_id) JOIN pagila.payment p USING (rental_id) WHERE p.amount >= 1.99 GROUP BY c.name ORDER BY p90_payment DESC",415,4,1,0,True,True,False,5,5,3,2,4,0,0,0,0,2334.8,2334.84,16.0,23,122590.0,21.769,23,8,11,Sort,11,0,0,0,4,0,0,2,1,2428,0,0,0,37690.0,16049.0,3153920,1523712,8,0.0009969468502710448
pagila_rental_gaps,"WITH ordered AS ( SELECT r.customer_id, r.rental_date, lag(r.rental_date) OVER (PARTITION BY r.customer_id ORDER BY r.rental_date) AS previous FROM pagila.rental r WHERE r.customer_id >= 328 ) SELECT customer_id, AVG(rental_date - previous) AS avg_gap FROM ordered WHERE previous IS NOT NULL GROUP BY customer_id ORDER BY avg_gap DESC",334,0,2,1,True,True,False,1,1,5,2,0,0,0,0,0,1119.85,1121.35,599.0,20,30078.0,6.092,6,6,1,Sort,1,0,0,0,0,0,0,2,1,900,0,0,0,16044.0,16044.0,2490368,1228800,3,0.037334829219645975
pagila_rental_gaps,"WITH ordered AS ( SELECT r.customer_id, r.rental_date, lag(r.rental_date) OVER (PARTITION BY r.customer_id ORDER BY r.rental_date) AS previous FROM pagila.rental r WHERE r.customer_id >= 328 ) SELECT customer_id, AVG(rental_date - previous) AS avg_gap FROM ordered WHERE previous IS NOT NULL GROUP BY customer_id ORDER BY avg_gap DESC",334,0,2,1,True,True,False,1,1,5,2,0,0,0,0,0,1119.85,1121.35,599.0,20,30078.0,6.276,6,6,1,Sort,1,0,0,0,0,0,0,2,1,900,0,0,0,16044.0,16044.0,2490368,1228800,3,0.037334829219645975
pagila_store_monthly_revenue,"SELECT date_trunc('month', p.payment_date) AS month, SUM(p.amount) AS revenue, COUNT(DISTINCT p.customer_id) AS customers FROM pagila.payment p JOIN pagila.staff s USING (staff_id) WHERE s.store_id = 2 GROUP BY month ORDER BY month",231,1,1,0,True,True,False,2,2,3,2,1,0,0,0,0,983.42,1184.02,8024.0,48,40121.0,6.949,12,5,8,Aggregate,8,0,0,0,0,0,1,1,1,609,0,0,0,16051.0,16049.0,32768,16384,2,0.499968845410929
pagila_store_monthly_revenue,"SELECT date_trunc('month', p.payment_date) AS month, SUM(p.amount) AS revenue, COUNT(DISTINCT p.customer_id) AS customers FROM pagila.payment p JOIN pagila.staff s USING (staff_id) WHERE s.store_id = 2 GROUP BY month ORDER BY month",231,1,1,0,True,True,False,2,2,3,2,1,0,0,0,0,983.42,1184.02,8024.0,48,40121.0,7.324,12,5,8,Aggregate,8,0,0,0,0,0,1,1,1,609,0,0,0,16051.0,16049.0,32768,16384,2,0.499968845410929
pagila_language_catalog,"SELECT l.name, f.rating, COUNT(*) AS films, AVG(f.length) AS avg_length FROM pagila.language l JOIN pagila.film f USING (language_id) WHERE f.length >= 90 GROUP BY l.name, f.rating ORDER BY films DESC",200,1,1,0,True,True,False,2,2,4,2,1,0,0,0,0,88.62,88.7,30.0,65,1436.0,0.426,6,5,2,Sort,2,0,0,0,1,0,0,1,1,261,0,0,0,1006.0,1000.0,794624,229376,6,0.03
pagila_language_catalog,"SELECT l.name, f.rating, COUNT(*) AS films, AVG(f.length) AS avg_length FROM pagila.language l JOIN pagila.film f USING (language_id) WHERE f.length >= 90 GROUP BY l.name, f.rating ORDER BY films DESC",200,1,1,0,True,True,False,2,2,4,2,1,0,0,0,0,88.62,88.7,30.0,65,1436.0,0.49,6,5,2,Sort,2,0,0,0,1,0,0,1,1,261,0,0,0,1006.0,1000.0,794624,229376,6,0.03
pagila_actor_rental_impact,"SELECT a.actor_id, a.first_name, a.last_name, COUNT(r.rental_id) AS rentals, COALESCE(SUM(p.amount), 0) AS revenue FROM pagila.actor a JOIN pagila.film_actor fa USING (actor_id) JOIN pagila.inventory i USING (film_id) LEFT JOIN pagila.rental r USING (inventory_id) LEFT JOIN pagila.payment p USING (rental_id) WHERE a.actor_id >= 59 GROUP BY a.actor_id, a.first_name, a.last_name ORDER BY revenue DESC LIMIT 30",410,4,1,0,True,True,False,5,5,5,2,2,2,0,0,0,2592.97,2593.04,30.0,57,181096.0,27.187,23,8,11,Limit,11,0,0,0,4,0,0,1,1,2604,0,0,0,42336.0,16049.0,3596288,1728512,10,0.0018692753442582093
pagila_actor_rental_impact,"SELECT a.actor_id, a.first_name, a.last_name, COUNT(r.rental_id) AS rentals, COALESCE(SUM(p.amount), 0) AS revenue FROM pagila.actor a JOIN pagila.film_actor fa USING (actor_id) JOIN pagila.inventory i USING (film_id) LEFT JOIN pagila.rental r USING (inventory_id) LEFT JOIN pagila.payment p USING (rental_id) WHERE a.actor_id >= 59 GROUP BY a.actor_id, a.first_name, a.last_name ORDER BY revenue DESC LIMIT 30",410,4,1,0,True,True,False,5,5,5,2,2,2,0,0,0,2592.97,2593.04,30.0,57,181096.0,27.662,23,8,11,Limit,11,0,0,0,4,0,0,1,1,2604,0,0,0,42336.0,16049.0,3596288,1728512,10,0.0018692753442582093
pagila_category_revenue,"SELECT c.name, COUNT(DISTINCT r.rental_id) AS rentals, SUM(p.amount) AS revenue FROM pagila.category c JOIN pagila.film_category fc USING (category_id) JOIN pagila.inventory i USING (film_id) JOIN pagila.rental r USING (inventory_id) JOIN pagila.payment p USING (rental_id) WHERE p.payment_date >= TIMESTAMPTZ '2022-02-01' AND p.payment_date < TIMESTAMPTZ '2022-03-01' GROUP BY c.name ORDER BY revenue DESC",406,4,2,0,True,True,False,5,5,3,2,4,0,0,0,0,848.21,848.25,16.0,47,44077.0,6.314,16,9,5,Sort,5,0,0,0,4,0,0,2,1,1650,0,0,0,37690.0,16049.0,3153920,1523712,8,0.0009969468502710448
pagila_category_revenue,"SELECT c.name, COUNT(DISTINCT r.rental_id) AS rentals, SUM(p.amount) AS revenue FROM pagila.category c JOIN pagila.film_category fc USING (category_id) JOIN pagila.inventory i USING (film_id) JOIN pagila.rental r USING (inventory_id) JOIN pagila.payment p USING (rental_id) WHERE p.payment_date >= TIMESTAMPTZ '2022-02-01' AND p.payment_date < TIMESTAMPTZ '2022-03-01' GROUP BY c.name ORDER BY revenue DESC",406,4,2,0,True,True,False,5,5,3,2,4,0,0,0,0,848.21,848.25,16.0,47,44077.0,6.355,16,9,5,Sort,5,0,0,0,4,0,0,2,1,1650,0,0,0,37690.0,16049.0,3153920,1523712,8,0.0009969468502710448
pagila_overdue_rentals,"SELECT r.customer_id, COUNT(*) AS overdue_count, AVG(EXTRACT(EPOCH FROM (r.return_date - r.rental_date)) / 86400) AS avg_days FROM pagila.rental r WHERE r.return_date IS NOT NULL AND r.return_date - r.rental_date > INTERVAL '7 days' GROUP BY r.customer_id ORDER BY overdue_count DESC",283,0,2,0,True,True,False,1,1,3,2,0,0,0,0,0,505.09,506.58,599.0,44,6485.0,3.233,3,3,1,Sort,1,0,0,0,0,0,0,1,1,450,0,0,0,16044.0,16044.0,2490368,1228800,3,0.037334829219645975
pagila_overdue_rentals,"SELECT r.customer_id, COUNT(*) AS overdue_count, AVG(EXTRACT(EPOCH FROM (r.return_date - r.rental_date)) / 86400) AS avg_days FROM pagila.rental r WHERE r.return_date IS NOT NULL AND r.return_date - r.rental_date > INTERVAL '7 days' GROUP BY r.customer_id ORDER BY overdue_count DESC",283,0,2,0,True,True,False,1,1,3,2,0,0,0,0,0,505.09,506.58,599.0,44,6485.0,3.273,3,3,1,Sort,1,0,0,0,0,0,0,1,1,450,0,0,0,16044.0,16044.0,2490368,1228800,3,0.037334829219645975
pagila_rating_revenue_pivot,"SELECT i.store_id, SUM(p.amount) FILTER (WHERE f.rating = 'G') AS g_revenue, SUM(p.amount) FILTER (WHERE f.rating = 'PG') AS pg_revenue, SUM(p.amount) FILTER (WHERE f.rating = 'R') AS r_revenue FROM pagila.payment p JOIN pagila.rental r USING (rental_id) JOIN pagila.inventory i USING (inventory_id) JOIN pagila.film f USING (film_id) WHERE p.payment_date >= TIMESTAMPTZ '2022-06-01' AND p.payment_date < TIMESTAMPTZ '2022-07-01' GROUP BY i.store_id ORDER BY i.store_id",469,3,5,0,True,True,False,4,4,4,3,3,0,0,0,0,770.17,770.18,2.0,100,40480.0,4.961,12,7,4,Sort,4,0,0,0,3,0,0,1,1,1540,0,0,0,37674.0,16049.0,3776512,1679360,11,0.0001246183562838806
pagila_rating_revenue_pivot,"SELECT i.store_id, SUM(p.amount) FILTER (WHERE f.rating = 'G') AS g_revenue, SUM(p.amount) FILTER (WHERE f.rating = 'PG') AS pg_revenue, SUM(p.amount) FILTER (WHERE f.rating = 'R') AS r_revenue FROM pagila.payment p JOIN pagila.rental r USING (rental_id) JOIN pagila.inventory i USING (inventory_id) JOIN pagila.film f USING (film_id) WHERE p.payment_date >= TIMESTAMPTZ '2022-06-01' AND p.payment_date < TIMESTAMPTZ '2022-07-01' GROUP BY i.store_id ORDER BY i.store_id",469,3,5,0,True,True,False,4,4,4,3,3,0,0,0,0,770.17,770.18,2.0,100,40480.0,4.912,12,7,4,Sort,4,0,0,0,3,0,0,1,1,1540,0,0,0,37674.0,16049.0,3776512,1679360,11,0.0001246183562838806
pagila_return_sla,"SELECT i.store_id, COUNT(*) AS rentals, COUNT(*) FILTER (WHERE r.return_date <= r.rental_date + INTERVAL '3 days') AS within_sla FROM pagila.rental r JOIN pagila.inventory i USING (inventory_id) WHERE r.return_date IS NOT NULL GROUP BY i.store_id ORDER BY i.store_id",266,1,2,0,True,True,False,2,2,3,2,1,0,0,0,0,683.47,683.48,2.0,20,40888.0,6.464,6,5,2,Sort,2,0,0,0,1,0,0,1,1,750,0,0,0,20625.0,16044.0,3006464,1466368,5,0.00012465719272001995
pagila_return_sla,"SELECT i.store_id, COUNT(*) AS rentals, COUNT(*) FILTER (WHERE r.return_date <= r.rental_date + INTERVAL '3 days') AS within_sla FROM pagila.rental r JOIN pagila.inventory i USING (inventory_id) WHERE r.return_date IS NOT NULL GROUP BY i.store_id ORDER BY i.store_id",266,1,2,0,True,True,False,2,2,3,2,1,0,0,0,0,683.47,683.48,2.0,20,40888.0,6.469,6,5,2,Sort,2,0,0,0,1,0,0,1,1,750,0,0,0,20625.0,16044.0,3006464,1466368,5,0.00012465719272001995
pagila_customer_payment_transitions,"SELECT p.customer_id, p.payment_date, p.amount, lag(p.amount) OVER (PARTITION BY p.customer_id ORDER BY p.payment_date) AS previous_amount, p.amount - lag(p.amount) OVER (PARTITION BY p.customer_id ORDER BY p.payment_date) AS delta FROM pagila.payment p WHERE p.customer_id >= 239 ORDER BY p.customer_id, p.payment_date",319,0,1,0,False,True,False,1,1,5,2,0,0,0,0,0,1006.65,1223.22,9626.0,82,38504.0,7.501,10,4,7,WindowAgg,7,0,0,0,0,0,0,1,0,484,0,0,0,16049.0,16049.0,0,0,1,0.5997881487943174
pagila_customer_payment_transitions,"SELECT p.customer_id, p.payment_date, p.amount, lag(p.amount) OVER (PARTITION BY p.customer_id ORDER BY p.payment_date) AS previous_amount, p.amount - lag(p.amount) OVER (PARTITION BY p.customer_id ORDER BY p.payment_date) AS delta FROM pagila.payment p WHERE p.customer_id >= 239 ORDER BY p.customer_id, p.payment_date",319,0,1,0,False,True,False,1,1,5,2,0,0,0,0,0,1006.65,1223.22,9626.0,82,38504.0,7.529,10,4,7,WindowAgg,7,0,0,0,0,0,0,1,0,484,0,0,0,16049.0,16049.0,0,0,1,0.5997881487943174
pagila_payment_moving_average,"SELECT p.customer_id, p.payment_date, p.amount, AVG(p.amount) OVER (PARTITION BY p.customer_id ORDER BY p.payment_date ROWS BETWEEN 4 PRECEDING AND CURRENT ROW) AS moving_avg FROM pagila.payment p WHERE p.customer_id BETWEEN 437 AND 487 ORDER BY p.customer_id, p.payment_date",275,0,1,0,False,True,False,1,1,4,1,0,0,0,0,0,292.22,320.32,1406.0,50,6811.0,1.657,16,5,7,WindowAgg,1,0,0,6,0,0,0,1,0,268,0,0,0,16049.0,16049.0,0,0,1,0.08760670446756808
pagila_payment_moving_average,"SELECT p.customer_id, p.payment_date, p.amount, AVG(p.amount) OVER (PARTITION BY p.customer_id ORDER BY p.payment_date ROWS BETWEEN 4 PRECEDING AND CURRENT ROW) AS moving_avg FROM pagila.payment p WHERE p.customer_id BETWEEN 437 AND 487 ORDER BY p.customer_id, p.payment_date",275,0,1,0,False,True,False,1,1,4,1,0,0,0,0,0,292.22,320.32,1406.0,50,6811.0,1.613,16,5,7,WindowAgg,1,0,0,6,0,0,0,1,0,268,0,0,0,16049.0,16049.0,0,0,1,0.08760670446756808
pagila_replacement_exposure,"SELECT f.rating, COUNT(*) AS copies, SUM(f.replacement_cost) AS exposure FROM pagila.film f JOIN pagila.inventory i USING (film_id) WHERE f.replacement_cost >= 30 GROUP BY f.rating ORDER BY exposure DESC",203,1,1,0,True,True,False,2,2,3,2,1,0,0,0,0,164.53,164.54,1.0,44,4595.0,0.21,7,6,2,Sort,2,0,0,0,1,0,0,2,1,394,0,0,0,5581.0,4581.0,1286144,450560,7,0.00021829294913774285
pagila_replacement_exposure,"SELECT f.rating, COUNT(*) AS copies, SUM(f.replacement_cost) AS exposure FROM pagila.film f JOIN pagila.inventory i USING (film_id) WHERE f.replacement_cost >= 30 GROUP BY f.rating ORDER BY exposure DESC",203,1,1,0,True,True,False,2,2,3,2,1,0,0,0,0,164.53,164.54,1.0,44,4595.0,0.224,7,6,2,Sort,2,0,0,0,1,0,0,2,1,394,0,0,0,5581.0,4581.0,1286144,450560,7,0.00021829294913774285
pagila_country_revenue,"SELECT co.country, COUNT(DISTINCT cu.customer_id) AS customers, SUM(p.amount) AS revenue FROM pagila.country co JOIN pagila.city ci USING (country_id) JOIN pagila.address a USING (city_id) JOIN pagila.customer cu USING (address_id) JOIN pagila.payment p USING (customer_id) WHERE co.country_id >= 13 GROUP BY co.country ORDER BY revenue DESC",341,4,1,0,True,True,False,5,5,3,2,4,0,0,0,0,1731.65,1731.89,97.0,49,112799.0,19.368,23,9,11,Sort,11,0,0,0,4,0,0,2,1,1275,0,0,0,17960.0,16049.0,557056,262144,10,0.00604399027976821
pagila_country_revenue,"SELECT co.country, COUNT(DISTINCT cu.customer_id) AS customers, SUM(p.amount) AS revenue FROM pagila.country co JOIN pagila.city ci USING (country_id) JOIN pagila.address a USING (city_id) JOIN pagila.customer cu USING (address_id) JOIN pagila.payment p USING (customer_id) WHERE co.country_id >= 13 GROUP BY co.country ORDER BY revenue DESC",341,4,1,0,True,True,False,5,5,3,2,4,0,0,0,0,1731.65,1731.89,97.0,49,112799.0,19.217,23,9,11,Sort,11,0,0,0,4,0,0,2,1,1275,0,0,0,17960.0,16049.0,557056,262144,10,0.00604399027976821
pagila_customer_lifetime_value,"SELECT c.customer_id, c.first_name, c.last_name, COUNT(p.payment_id) AS payments, SUM(p.amount) AS lifetime_value FROM pagila.customer c JOIN pagila.payment p USING (customer_id) WHERE c.customer_id >= 37 GROUP BY c.customer_id, c.first_name, c.last_name HAVING COUNT(p.payment_id) >= 11 ORDER BY lifetime_value DESC LIMIT 50",325,1,1,0,True,True,False,2,2,5,3,1,0,0,0,0,555.51,555.63,50.0,57,48734.0,6.981,14,6,8,Limit,8,0,0,0,1,0,0,1,1,780,0,0,0,16648.0,16049.0,229376,122880,5,0.0031154589070970153
pagila_customer_lifetime_value,"SELECT c.customer_id, c.first_name, c.last_name, COUNT(p.payment_id) AS payments, SUM(p.amount) AS lifetime_value FROM pagila.customer c JOIN pagila.payment p USING (customer_id) WHERE c.customer_id >= 37 GROUP BY c.customer_id, c.first_name, c.last_name HAVING COUNT(p.payment_id) >= 11 ORDER BY lifetime_value DESC LIMIT 50",325,1,1,0,True,True,False,2,2,5,3,1,0,0,0,0,555.51,555.63,50.0,57,48734.0,6.876,14,6,8,Limit,8,0,0,0,1,0,0,1,1,780,0,0,0,16648.0,16049.0,229376,122880,5,0.0031154589070970153
pagila_staff_performance,"SELECT s.staff_id, s.first_name, s.last_name, COUNT(p.payment_id) AS payments, SUM(p.amount) AS revenue FROM pagila.staff s JOIN pagila.payment p USING (staff_id) WHERE p.payment_date >= TIMESTAMPTZ '2022-01-01' AND p.payment_date < TIMESTAMPTZ '2022-02-01' GROUP BY s.staff_id, s.first_name, s.last_name ORDER BY revenue DESC",326,1,2,0,True,True,False,2,2,5,2,1,0,0,0,0,29.27,29.28,2.0,56,1454.0,0.411,6,5,2,Sort,2,0,0,0,1,0,0,1,1,29,0,0,0,16051.0,16049.0,32768,16384,2,0.0001246183562838806
pagila_staff_performance,"SELECT s.staff_id, s.first_name, s.last_name, COUNT(p.payment_id) AS payments, SUM(p.amount) AS revenue FROM pagila.staff s JOIN pagila.payment p USING (staff_id) WHERE p.payment_date >= TIMESTAMPTZ '2022-01-01' AND p.payment_date < TIMESTAMPTZ '2022-02-01' GROUP BY s.staff_id, s.first_name, s.last_name ORDER BY revenue DESC",326,1,2,0,True,True,False,2,2,5,2,1,0,0,0,0,29.27,29.28,2.0,56,1454.0,0.311,6,5,2,Sort,2,0,0,0,1,0,0,1,1,29,0,0,0,16051.0,16049.0,32768,16384,2,0.0001246183562838806
pagila_inventory_imbalance,"SELECT i.film_id, COUNT(*) FILTER (WHERE i.store_id = 1) AS store_one, COUNT(*) FILTER (WHERE i.store_id = 2) AS store_two FROM pagila.inventory i WHERE i.film_id >= 4 GROUP BY i.film_id HAVING ABS(COUNT(*) FILTER (WHERE i.store_id = 1) - COUNT(*) FILTER (WHERE i.store_id = 2)) >= 4 ORDER BY i.film_id",302,0,5,0,True,True,False,1,1,3,4,0,0,0,0,0,174.39,175.19,319.0,20,5206.0,0.984,3,3,1,Sort,1,0,0,0,0,0,0,1,1,90,0,0,0,4581.0,4581.0,516096,237568,2,0.06963545077493997
pagila_inventory_imbalance,"SELECT i.film_id, COUNT(*) FILTER (WHERE i.store_id = 1) AS store_one, COUNT(*) FILTER (WHERE i.store_id = 2) AS store_two FROM pagila.inventory i WHERE i.film_id >= 4 GROUP BY i.film_id HAVING ABS(COUNT(*) FILTER (WHERE i.store_id = 1) - COUNT(*) FILTER (WHERE i.store_id = 2)) >= 4 ORDER BY i.film_id",302,0,5,0,True,True,False,1,1,3,4,0,0,0,0,0,174.39,175.19,319.0,20,5206.0,0.978,3,3,1,Sort,1,0,0,0,0,0,0,1,1,90,0,0,0,4581.0,4581.0,516096,237568,2,0.06963545077493997
pagila_category_percentiles,"SELECT c.name, percentile_cont(0.5) WITHIN GROUP (ORDER BY p.amount) AS median_payment, percentile_cont(0.9) WITHIN GROUP (ORDER BY p.amount) AS p90_payment FROM pagila.category c JOIN pagila.film_category fc USING (category_id) JOIN pagila.inventory i USING (film_id) JOIN pagila.rental r USING (inventory_id) JOIN pagila.payment p USING (rental_id) WHERE p.amount >= 1.99 GROUP BY c.name ORDER BY p90_payment DESC",415,4,1,0,True,True,False,5,5,3,2,4,0,0,0,0,2334.8,2334.84,16.0,23,122590.0,21.787,23,8,11,Sort,11,0,0,0,4,0,0,2,1,2428,0,0,0,37690.0,16049.0,3153920,1523712,8,0.0009969468502710448
pagila_category_percentiles,"SELECT c.name, percentile_cont(0.5) WITHIN GROUP (ORDER BY p.amount) AS median_payment, percentile_cont(0.9) WITHIN GROUP (ORDER BY p.amount) AS p90_payment FROM pagila.category c JOIN pagila.film_category fc USING (category_id) JOIN pagila.inventory i USING (film_id) JOIN pagila.rental r USING (inventory_id) JOIN pagila.payment p USING (rental_id) WHERE p.amount >= 1.99 GROUP BY c.name ORDER BY p90_payment DESC",415,4,1,0,True,True,False,5,5,3,2,4,0,0,0,0,2334.8,2334.84,16.0,23,122590.0,22.131,23,8,11,Sort,11,0,0,0,4,0,0,2,1,2428,0,0,0,37690.0,16049.0,3153920,1523712,8,0.0009969468502710448
pagila_inventory_availability,"SELECT i.store_id, COUNT(*) AS copies, COUNT(*) FILTER (WHERE r.rental_id IS NULL) AS available FROM pagila.inventory i LEFT JOIN pagila.rental r ON r.inventory_id = i.inventory_id AND r.return_date IS NULL WHERE i.film_id BETWEEN 365 AND 465 GROUP BY i.store_id ORDER BY i.store_id",282,1,2,0,True,True,False,2,2,3,2,0,1,0,0,0,419.41,419.41,2.0,20,1648.0,1.008,6,5,2,Sort,2,0,0,0,1,0,0,1,1,750,0,0,0,20625.0,16044.0,3006464,1466368,5,0.00012465719272001995
pagila_inventory_availability,"SELECT i.store_id, COUNT(*) AS copies, COUNT(*) FILTER (WHERE r.rental_id IS NULL) AS available FROM pagila.inventory i LEFT JOIN pagila.rental r ON r.inventory_id = i.inventory_id AND r.return_date IS NULL WHERE i.film_id BETWEEN 365 AND 465 GROUP BY i.store_id ORDER BY i.store_id",282,1,2,0,True,True,False,2,2,3,2,0,1,0,0,0,419.41,419.41,2.0,20,1648.0,0.981,6,5,2,Sort,2,0,0,0,1,0,0,1,1,750,0,0,0,20625.0,16044.0,3006464,1466368,5,0.00012465719272001995
pagila_inactive_customers,"SELECT c.customer_id, c.first_name, c.last_name FROM pagila.customer c WHERE c.activebool = true AND NOT EXISTS ( SELECT 1 FROM pagila.rental r WHERE r.customer_id = c.customer_id AND r.rental_date >= TIMESTAMPTZ '2022-04-01' ) ORDER BY c.customer_id",250,0,4,1,False,True,False,2,2,4,0,0,0,0,0,0,566.68,566.69,1.0,17,32183.0,2.967,5,4,2,Sort,2,0,0,0,1,0,0,1,0,627,0,0,0,16643.0,16044.0,2719744,1351680,7,6.232859636000998e-05
pagila_inactive_customers,"SELECT c.customer_id, c.first_name, c.last_name FROM pagila.customer c WHERE c.activebool = true AND NOT EXISTS ( SELECT 1 FROM pagila.rental r WHERE r.customer_id = c.customer_id AND r.rental_date >= TIMESTAMPTZ '2022-04-01' ) ORDER BY c.customer_id",250,0,4,1,False,True,False,2,2,4,0,0,0,0,0,0,566.68,566.69,1.0,17,32183.0,2.99,5,4,2,Sort,2,0,0,0,1,0,0,1,0,627,0,0,0,16643.0,16044.0,2719744,1351680,7,6.232859636000998e-05
pagila_store_inventory_turnover,"SELECT i.store_id, COUNT(DISTINCT i.inventory_id) AS inventory, COUNT(r.rental_id) AS rentals, COUNT(r.rental_id)::numeric / NULLIF(COUNT(DISTINCT i.inventory_id), 0) AS turnover FROM pagila.inventory i LEFT JOIN pagila.rental r USING (inventory_id) WHERE r.return_date - r.rental_date >= INTERVAL '6 days' GROUP BY i.store_id ORDER BY turnover DESC",349,1,1,0,True,True,False,2,2,4,4,0,1,0,0,0,922.48,922.49,2.0,52,25210.0,6.182,7,6,2,Sort,2,0,0,0,1,0,0,2,1,930,0,0,0,20625.0,16044.0,3006464,1466368,5,0.00012465719272001995
pagila_store_inventory_turnover,"SELECT i.store_id, COUNT(DISTINCT i.inventory_id) AS inventory, COUNT(r.rental_id) AS rentals, COUNT(r.rental_id)::numeric / NULLIF(COUNT(DISTINCT i.inventory_id), 0) AS turnover FROM pagila.inventory i LEFT JOIN pagila.rental r USING (inventory_id) WHERE r.return_date - r.rental_date >= INTERVAL '6 days' GROUP BY i.store_id ORDER BY turnover DESC",349,1,1,0,True,True,False,2,2,4,4,0,1,0,0,0,922.48,922.49,2.0,52,25210.0,5.788,7,6,2,Sort,2,0,0,0,1,0,0,2,1,930,0,0,0,20625.0,16044.0,3006464,1466368,5,0.00012465719272001995
pagila_language_catalog,"SELECT l.name, f.rating, COUNT(*) AS films, AVG(f.length) AS avg_length FROM pagila.language l JOIN pagila.film f USING (language_id) WHERE f.length >= 120 GROUP BY l.name, f.rating ORDER BY films DESC",201,1,1,0,True,True,False,2,2,4,2,1,0,0,0,0,85.53,85.61,30.0,65,1010.0,0.352,6,5,2,Sort,2,0,0,0,1,0,0,1,1,261,0,0,0,1006.0,1000.0,794624,229376,6,0.03
pagila_language_catalog,"SELECT l.name, f.rating, COUNT(*) AS films, AVG(f.length) AS avg_length FROM pagila.language l JOIN pagila.film f USING (language_id) WHERE f.length >= 120 GROUP BY l.name, f.rating ORDER BY films DESC",201,1,1,0,True,True,False,2,2,4,2,1,0,0,0,0,85.53,85.61,30.0,65,1010.0,0.367,6,5,2,Sort,2,0,0,0,1,0,0,1,1,261,0,0,0,1006.0,1000.0,794624,229376,6,0.03
pagila_staff_performance,"SELECT s.staff_id, s.first_name, s.last_name, COUNT(p.payment_id) AS payments, SUM(p.amount) AS revenue FROM pagila.staff s JOIN pagila.payment p USING (staff_id) WHERE p.payment_date >= TIMESTAMPTZ '2022-01-01' AND p.payment_date < TIMESTAMPTZ '2022-02-01' GROUP BY s.staff_id, s.first_name, s.last_name ORDER BY revenue DESC",326,1,2,0,True,True,False,2,2,5,2,1,0,0,0,0,29.27,29.28,2.0,56,1454.0,0.303,6,5,2,Sort,2,0,0,0,1,0,0,1,1,29,0,0,0,16051.0,16049.0,32768,16384,2,0.0001246183562838806
pagila_staff_performance,"SELECT s.staff_id, s.first_name, s.last_name, COUNT(p.payment_id) AS payments, SUM(p.amount) AS revenue FROM pagila.staff s JOIN pagila.payment p USING (staff_id) WHERE p.payment_date >= TIMESTAMPTZ '2022-01-01' AND p.payment_date < TIMESTAMPTZ '2022-02-01' GROUP BY s.staff_id, s.first_name, s.last_name ORDER BY revenue DESC",326,1,2,0,True,True,False,2,2,5,2,1,0,0,0,0,29.27,29.28,2.0,56,1454.0,0.297,6,5,2,Sort,2,0,0,0,1,0,0,1,1,29,0,0,0,16051.0,16049.0,32768,16384,2,0.0001246183562838806
pagila_overdue_rentals,"SELECT r.customer_id, COUNT(*) AS overdue_count, AVG(EXTRACT(EPOCH FROM (r.return_date - r.rental_date)) / 86400) AS avg_days FROM pagila.rental r WHERE r.return_date IS NOT NULL AND r.return_date - r.rental_date > INTERVAL '3 days' GROUP BY r.customer_id ORDER BY overdue_count DESC",283,0,2,0,True,True,False,1,1,3,2,0,0,0,0,0,505.09,506.58,599.0,44,6485.0,5.513,3,3,1,Sort,1,0,0,0,0,0,0,1,1,450,0,0,0,16044.0,16044.0,2490368,1228800,3,0.037334829219645975
pagila_overdue_rentals,"SELECT r.customer_id, COUNT(*) AS overdue_count, AVG(EXTRACT(EPOCH FROM (r.return_date - r.rental_date)) / 86400) AS avg_days FROM pagila.rental r WHERE r.return_date IS NOT NULL AND r.return_date - r.rental_date > INTERVAL '3 days' GROUP BY r.customer_id ORDER BY overdue_count DESC",283,0,2,0,True,True,False,1,1,3,2,0,0,0,0,0,505.09,506.58,599.0,44,6485.0,5.435,3,3,1,Sort,1,0,0,0,0,0,0,1,1,450,0,0,0,16044.0,16044.0,2490368,1228800,3,0.037334829219645975
pagila_actor_category_diversity,"SELECT a.actor_id, a.first_name, a.last_name, COUNT(DISTINCT fc.category_id) AS category_count FROM pagila.actor a JOIN pagila.film_actor fa USING (actor_id) JOIN pagila.film_category fc USING (film_id) WHERE a.actor_id >= 103 GROUP BY a.actor_id, a.first_name, a.last_name ORDER BY category_count DESC",302,2,1,0,True,True,False,3,3,4,1,2,0,0,0,0,346.91,347.16,98.0,25,15882.0,2.45,10,7,3,Sort,3,0,0,0,2,0,0,2,1,230,0,0,0,6662.0,5462.0,704512,303104,5,0.01794214573416331
pagila_actor_category_diversity,"SELECT a.actor_id, a.first_name, a.last_name, COUNT(DISTINCT fc.category_id) AS category_count FROM pagila.actor a JOIN pagila.film_actor fa USING (actor_id) JOIN pagila.film_category fc USING (film_id) WHERE a.actor_id >= 103 GROUP BY a.actor_id, a.first_name, a.last_name ORDER BY category_count DESC",302,2,1,0,True,True,False,3,3,4,1,2,0,0,0,0,346.91,347.16,98.0,25,15882.0,2.598,10,7,3,Sort,3,0,0,0,2,0,0,2,1,230,0,0,0,6662.0,5462.0,704512,303104,5,0.01794214573416331
pagila_film_popularity,"SELECT f.film_id, f.title, COUNT(r.rental_id) AS rentals FROM pagila.film f JOIN pagila.inventory i USING (film_id) LEFT JOIN pagila.rental r USING (inventory_id) WHERE f.rating = 'PG-13' GROUP BY f.film_id, f.title ORDER BY rentals DESC, f.title LIMIT 40",255,2,1,0,True,True,False,3,3,3,1,1,1,0,0,0,613.52,613.62,40.0,27,27180.0,3.638,10,8,3,Limit,3,0,0,0,2,0,0,1,1,1472,0,0,0,21625.0,16044.0,3776512,1679360,10,0.0024931438544003987
pagila_film_popularity,"SELECT f.film_id, f.title, COUNT(r.rental_id) AS rentals FROM pagila.film f JOIN pagila.inventory i USING (film_id) LEFT JOIN pagila.rental r USING (inventory_id) WHERE f.rating = 'PG-13' GROUP BY f.film_id, f.title ORDER BY rentals DESC, f.title LIMIT 40",255,2,1,0,True,True,False,3,3,3,1,1,1,0,0,0,613.52,613.62,40.0,27,27180.0,3.592,10,8,3,Limit,3,0,0,0,2,0,0,1,1,1472,0,0,0,21625.0,16044.0,3776512,1679360,10,0.0024931438544003987
pagila_film_pair_affinity,"SELECT i1.film_id AS first_film, i2.film_id AS second_film, COUNT(DISTINCT r1.customer_id) AS shared_customers FROM pagila.rental r1 JOIN pagila.inventory i1 USING (inventory_id) JOIN pagila.rental r2 ON r2.customer_id = r1.customer_id AND r2.rental_id > r1.rental_id JOIN pagila.inventory i2 ON i2.inventory_id = r2.inventory_id WHERE i1.film_id < i2.film_id GROUP BY i1.film_id, i2.film_id HAVING COUNT(DISTINCT r1.customer_id) >= 3 ORDER BY shared_customers DESC LIMIT 40",474,3,1,0,True,True,False,4,2,3,2,3,0,0,0,0,13344.35,13344.45,40.0,16,358245.0,144.177,14,9,2,Limit,4,0,0,0,3,0,0,2,1,2880,0,1160,1164,20625.0,16044.0,3006464,1466368,5,0.0024931438544003987
pagila_film_pair_affinity,"SELECT i1.film_id AS first_film, i2.film_id AS second_film, COUNT(DISTINCT r1.customer_id) AS shared_customers FROM pagila.rental r1 JOIN pagila.inventory i1 USING (inventory_id) JOIN pagila.rental r2 ON r2.customer_id = r1.customer_id AND r2.rental_id > r1.rental_id JOIN pagila.inventory i2 ON i2.inventory_id = r2.inventory_id WHERE i1.film_id < i2.film_id GROUP BY i1.film_id, i2.film_id HAVING COUNT(DISTINCT r1.customer_id) >= 3 ORDER BY shared_customers DESC LIMIT 40",474,3,1,0,True,True,False,4,2,3,2,3,0,0,0,0,13344.35,13344.45,40.0,16,358245.0,149.272,14,9,2,Limit,4,0,0,0,3,0,0,2,1,2880,0,1160,1164,20625.0,16044.0,3006464,1466368,5,0.0024931438544003987
pagila_duration_outliers,"WITH stats AS ( SELECT rating, AVG(length) AS avg_length, STDDEV_POP(length) AS sd FROM pagila.film GROUP BY rating ) SELECT f.film_id, f.title, f.length FROM pagila.film f JOIN stats s USING (rating) WHERE f.rating = 'G' AND f.length > s.avg_length + s.sd ORDER BY f.length DESC",279,1,2,1,True,True,False,2,1,6,2,1,0,0,0,0,158.76,158.9,59.0,21,475.0,0.415,5,4,1,Sort,2,0,0,0,0,0,1,1,1,448,0,0,0,1000.0,1000.0,770048,212992,5,0.059
pagila_duration_outliers,"WITH stats AS ( SELECT rating, AVG(length) AS avg_length, STDDEV_POP(length) AS sd FROM pagila.film GROUP BY rating ) SELECT f.film_id, f.title, f.length FROM pagila.film f JOIN stats s USING (rating) WHERE f.rating = 'G' AND f.length > s.avg_length + s.sd ORDER BY f.length DESC",279,1,2,1,True,True,False,2,1,6,2,1,0,0,0,0,158.76,158.9,59.0,21,475.0,0.34,5,4,1,Sort,2,0,0,0,0,0,1,1,1,448,0,0,0,1000.0,1000.0,770048,212992,5,0.059
pagila_daily_revenue_rollup,"SELECT date_trunc('day', p.payment_date) AS day, s.store_id, SUM(p.amount) AS revenue FROM pagila.payment p JOIN pagila.staff s USING (staff_id) WHERE p.payment_date >= TIMESTAMPTZ '2022-01-01' AND p.payment_date < TIMESTAMPTZ '2022-02-01' GROUP BY GROUPING SETS ((day, s.store_id), (day), ()) ORDER BY day NULLS LAST, s.store_id NULLS LAST",340,1,2,0,True,True,False,2,2,3,1,1,0,0,0,0,59.96,88.89,1447.0,44,3620.0,0.613,6,5,2,Aggregate,2,0,0,0,1,0,0,1,1,29,0,0,0,16051.0,16049.0,32768,16384,2,0.09016138077138762
pagila_daily_revenue_rollup,"SELECT date_trunc('day', p.payment_date) AS day, s.store_id, SUM(p.amount) AS revenue FROM pagila.payment p JOIN pagila.staff s USING (staff_id) WHERE p.payment_date >= TIMESTAMPTZ '2022-01-01' AND p.payment_date < TIMESTAMPTZ '2022-02-01' GROUP BY GROUPING SETS ((day, s.store_id), (day), ()) ORDER BY day NULLS LAST, s.store_id NULLS LAST",340,1,2,0,True,True,False,2,2,3,1,1,0,0,0,0,59.96,88.89,1447.0,44,3620.0,0.625,6,5,2,Aggregate,2,0,0,0,1,0,0,1,1,29,0,0,0,16051.0,16049.0,32768,16384,2,0.09016138077138762
pagila_city_customer_density,"SELECT co.country, ci.city, COUNT(cu.customer_id) AS customers FROM pagila.country co JOIN pagila.city ci USING (country_id) JOIN pagila.address a USING (city_id) LEFT JOIN pagila.customer cu USING (address_id) WHERE co.country_id <= 48 GROUP BY co.country, ci.city ORDER BY customers DESC LIMIT 60",298,3,1,0,True,True,False,4,4,3,1,2,1,0,0,0,74.81,74.96,60.0,26,3811.0,0.536,13,10,4,Limit,4,0,0,0,3,0,0,1,1,156,0,0,0,1911.0,603.0,557056,262144,9,0.09950248756218906
pagila_city_customer_density,"SELECT co.country, ci.city, COUNT(cu.customer_id) AS customers FROM pagila.country co JOIN pagila.city ci USING (country_id) JOIN pagila.address a USING (city_id) LEFT JOIN pagila.customer cu USING (address_id) WHERE co.country_id <= 48 GROUP BY co.country, ci.city ORDER BY customers DESC LIMIT 60",298,3,1,0,True,True,False,4,4,3,1,2,1,0,0,0,74.81,74.96,60.0,26,3811.0,0.567,13,10,4,Limit,4,0,0,0,3,0,0,1,1,156,0,0,0,1911.0,603.0,557056,262144,9,0.09950248756218906
pagila_customer_cohorts,"SELECT date_trunc('month', c.create_date) AS cohort, COUNT(DISTINCT c.customer_id) AS customers, COUNT(r.rental_id) AS rentals FROM pagila.customer c LEFT JOIN pagila.rental r USING (customer_id) WHERE EXTRACT(YEAR FROM c.create_date) >= 2005 GROUP BY cohort ORDER BY cohort",274,1,1,0,True,True,False,2,2,3,2,0,1,0,0,0,731.92,785.5,1.0,24,27159.0,10.348,6,5,2,Aggregate,2,0,0,0,1,0,0,1,1,645,0,0,0,16643.0,16044.0,2719744,1351680,7,6.232859636000998e-05
pagila_customer_cohorts,"SELECT date_trunc('month', c.create_date) AS cohort, COUNT(DISTINCT c.customer_id) AS customers, COUNT(r.rental_id) AS rentals FROM pagila.customer c LEFT JOIN pagila.rental r USING (customer_id) WHERE EXTRACT(YEAR FROM c.create_date) >= 2005 GROUP BY cohort ORDER BY cohort",274,1,1,0,True,True,False,2,2,3,2,0,1,0,0,0,731.92,785.5,1.0,24,27159.0,10.509,6,5,2,Aggregate,2,0,0,0,1,0,0,1,1,645,0,0,0,16643.0,16044.0,2719744,1351680,7,6.232859636000998e-05
pagila_customer_lifetime_value,"SELECT c.customer_id, c.first_name, c.last_name, COUNT(p.payment_id) AS payments, SUM(p.amount) AS lifetime_value FROM pagila.customer c JOIN pagila.payment p USING (customer_id) WHERE c.customer_id >= 260 GROUP BY c.customer_id, c.first_name, c.last_name HAVING COUNT(p.payment_id) >= 2 ORDER BY lifetime_value DESC LIMIT 50",325,1,1,0,True,True,False,2,2,5,3,1,0,0,0,0,502.08,502.21,50.0,57,42164.0,5.522,14,6,8,Limit,8,0,0,0,1,0,0,1,1,780,0,0,0,16648.0,16049.0,229376,122880,5,0.0031154589070970153
pagila_customer_lifetime_value,"SELECT c.customer_id, c.first_name, c.last_name, COUNT(p.payment_id) AS payments, SUM(p.amount) AS lifetime_value FROM pagila.customer c JOIN pagila.payment p USING (customer_id) WHERE c.customer_id >= 260 GROUP BY c.customer_id, c.first_name, c.last_name HAVING COUNT(p.payment_id) >= 2 ORDER BY lifetime_value DESC LIMIT 50",325,1,1,0,True,True,False,2,2,5,3,1,0,0,0,0,502.08,502.21,50.0,57,42164.0,5.341,14,6,8,Limit,8,0,0,0,1,0,0,1,1,780,0,0,0,16648.0,16049.0,229376,122880,5,0.0031154589070970153
pagila_customer_payment_transitions,"SELECT p.customer_id, p.payment_date, p.amount, lag(p.amount) OVER (PARTITION BY p.customer_id ORDER BY p.payment_date) AS previous_amount, p.amount - lag(p.amount) OVER (PARTITION BY p.customer_id ORDER BY p.payment_date) AS delta FROM pagila.payment p WHERE p.customer_id >= 131 ORDER BY p.customer_id, p.payment_date",319,0,1,0,False,True,False,1,1,5,2,0,0,0,0,0,1237.38,1519.36,12533.0,82,50132.0,9.789,10,4,7,WindowAgg,7,0,0,0,0,0,0,1,0,484,0,0,0,16049.0,16049.0,0,0,1,0.7809209296529379
pagila_customer_payment_transitions,"SELECT p.customer_id, p.payment_date, p.amount, lag(p.amount) OVER (PARTITION BY p.customer_id ORDER BY p.payment_date) AS previous_amount, p.amount - lag(p.amount) OVER (PARTITION BY p.customer_id ORDER BY p.payment_date) AS delta FROM pagila.payment p WHERE p.customer_id >= 131 ORDER BY p.customer_id, p.payment_date",319,0,1,0,False,True,False,1,1,5,2,0,0,0,0,0,1237.38,1519.36,12533.0,82,50132.0,9.605,10,4,7,WindowAgg,7,0,0,0,0,0,0,1,0,484,0,0,0,16049.0,16049.0,0,0,1,0.7809209296529379
pagila_replacement_exposure,"SELECT f.rating, COUNT(*) AS copies, SUM(f.replacement_cost) AS exposure FROM pagila.film f JOIN pagila.inventory i USING (film_id) WHERE f.replacement_cost >= 25 GROUP BY f.rating ORDER BY exposure DESC",203,1,1,0,True,True,False,2,2,3,2,1,0,0,0,0,175.57,175.58,5.0,44,6144.0,0.989,6,5,2,Sort,2,0,0,0,1,0,0,1,1,440,0,0,0,5581.0,4581.0,1286144,450560,7,0.0010914647456887142
pagila_replacement_exposure,"SELECT f.rating, COUNT(*) AS copies, SUM(f.replacement_cost) AS exposure FROM pagila.film f JOIN pagila.inventory i USING (film_id) WHERE f.replacement_cost >= 25 GROUP BY f.rating ORDER BY exposure DESC",203,1,1,0,True,True,False,2,2,3,2,1,0,0,0,0,175.57,175.58,5.0,44,6144.0,0.93,6,5,2,Sort,2,0,0,0,1,0,0,1,1,440,0,0,0,5581.0,4581.0,1286144,450560,7,0.0010914647456887142
pagila_customer_recency_rank,"WITH activity AS ( SELECT c.customer_id, c.store_id, MAX(r.rental_date) AS last_rental FROM pagila.customer c LEFT JOIN pagila.rental r USING (customer_id) WHERE c.store_id = 1 GROUP BY c.customer_id, c.store_id ) SELECT customer_id, last_rental, dense_rank() OVER (ORDER BY last_rental DESC NULLS LAST) AS recency_rank FROM activity ORDER BY recency_rank, customer_id",368,1,1,1,True,True,False,2,2,6,2,0,1,0,0,0,456.52,457.34,326.0,20,27058.0,3.723,9,8,2,Sort,2,0,0,0,1,0,0,2,1,1122,0,0,0,16643.0,16044.0,2719744,1351680,7,0.020319122413363252
pagila_customer_recency_rank,"WITH activity AS ( SELECT c.customer_id, c.store_id, MAX(r.rental_date) AS last_rental FROM pagila.customer c LEFT JOIN pagila.rental r USING (customer_id) WHERE c.store_id = 1 GROUP BY c.customer_id, c.store_id ) SELECT customer_id, last_rental, dense_rank() OVER (ORDER BY last_rental DESC NULLS LAST) AS recency_rank FROM activity ORDER BY recency_rank, customer_id",368,1,1,1,True,True,False,2,2,6,2,0,1,0,0,0,456.52,457.34,326.0,20,27058.0,3.688,9,8,2,Sort,2,0,0,0,1,0,0,2,1,1122,0,0,0,16643.0,16044.0,2719744,1351680,7,0.020319122413363252
pagila_unrented_films,"SELECT f.film_id, f.title FROM pagila.film f WHERE f.rating = 'NC-17' AND NOT EXISTS ( SELECT 1 FROM pagila.inventory i JOIN pagila.rental r USING (inventory_id) WHERE i.film_id = f.film_id ) ORDER BY f.title",208,1,3,1,False,True,False,3,3,3,0,1,0,0,0,0,764.24,764.26,9.0,19,57522.0,6.257,8,6,3,Sort,3,0,0,0,2,0,0,1,0,1122,0,0,0,21625.0,16044.0,3776512,1679360,10,0.0005609573672400897
pagila_unrented_films,"SELECT f.film_id, f.title FROM pagila.film f WHERE f.rating = 'NC-17' AND NOT EXISTS ( SELECT 1 FROM pagila.inventory i JOIN pagila.rental r USING (inventory_id) WHERE i.film_id = f.film_id ) ORDER BY f.title",208,1,3,1,False,True,False,3,3,3,0,1,0,0,0,0,764.24,764.26,9.0,19,57522.0,6.051,8,6,3,Sort,3,0,0,0,2,0,0,1,0,1122,0,0,0,21625.0,16044.0,3776512,1679360,10,0.0005609573672400897
pagila_category_revenue,"SELECT c.name, COUNT(DISTINCT r.rental_id) AS rentals, SUM(p.amount) AS revenue FROM pagila.category c JOIN pagila.film_category fc USING (category_id) JOIN pagila.inventory i USING (film_id) JOIN pagila.rental r USING (inventory_id) JOIN pagila.payment p USING (rental_id) WHERE p.payment_date >= TIMESTAMPTZ '2022-04-01' AND p.payment_date < TIMESTAMPTZ '2022-05-01' GROUP BY c.name ORDER BY revenue DESC",406,4,2,0,True,True,False,5,5,3,2,4,0,0,0,0,868.3,868.34,16.0,47,45099.0,7.166,16,9,5,Sort,5,0,0,0,4,0,0,2,1,1659,0,0,0,37690.0,16049.0,3153920,1523712,8,0.0009969468502710448
pagila_category_revenue,"SELECT c.name, COUNT(DISTINCT r.rental_id) AS rentals, SUM(p.amount) AS revenue FROM pagila.category c JOIN pagila.film_category fc USING (category_id) JOIN pagila.inventory i USING (film_id) JOIN pagila.rental r USING (inventory_id) JOIN pagila.payment p USING (rental_id) WHERE p.payment_date >= TIMESTAMPTZ '2022-04-01' AND p.payment_date < TIMESTAMPTZ '2022-05-01' GROUP BY c.name ORDER BY revenue DESC",406,4,2,0,True,True,False,5,5,3,2,4,0,0,0,0,868.3,868.34,16.0,47,45099.0,8.832,16,9,5,Sort,5,0,0,0,4,0,0,2,1,1659,0,0,0,37690.0,16049.0,3153920,1523712,8,0.0009969468502710448
pagila_repeat_renters,"SELECT c.customer_id, c.first_name, c.last_name, COUNT(r.rental_id) AS rentals FROM pagila.customer c JOIN pagila.rental r USING (customer_id) WHERE c.customer_id >= 149 GROUP BY c.customer_id, c.first_name, c.last_name HAVING COUNT(r.rental_id) >= 21 ORDER BY rentals DESC",273,1,1,0,True,True,False,2,2,4,2,1,0,0,0,0,446.44,446.81,150.0,25,29326.0,4.848,6,5,2,Sort,2,0,0,0,1,0,0,1,1,645,0,0,0,16643.0,16044.0,2719744,1351680,7,0.009349289454001496
pagila_repeat_renters,"SELECT c.customer_id, c.first_name, c.last_name, COUNT(r.rental_id) AS rentals FROM pagila.customer c JOIN pagila.rental r USING (customer_id) WHERE c.customer_id >= 149 GROUP BY c.customer_id, c.first_name, c.last_name HAVING COUNT(r.rental_id) >= 21 ORDER BY rentals DESC",273,1,1,0,True,True,False,2,2,4,2,1,0,0,0,0,446.44,446.81,150.0,25,29326.0,4.648,6,5,2,Sort,2,0,0,0,1,0,0,1,1,645,0,0,0,16643.0,16044.0,2719744,1351680,7,0.009349289454001496
pagila_top_films_per_category,"WITH ranked AS ( SELECT c.name AS category, f.title, COUNT(r.rental_id) AS rentals, dense_rank() OVER (PARTITION BY c.category_id ORDER BY COUNT(r.rental_id) DESC) AS rank FROM pagila.category c JOIN pagila.film_category fc USING (category_id) JOIN pagila.film f USING (film_id) JOIN pagila.inventory i USING (film_id) LEFT JOIN pagila.rental r USING (inventory_id) WHERE f.rating = 'PG' GROUP BY c.category_id, c.name, f.film_id, f.title ) SELECT category, title, rentals FROM ranked WHERE rank <= 6 ORDER BY category, rentals DESC",532,4,2,1,True,True,False,5,5,7,3,3,1,0,0,0,1124.3,1132.06,3104.0,30,43039.0,4.293,18,13,5,Sort,5,0,0,0,4,0,0,2,1,2236,0,0,0,22641.0,16044.0,3923968,1736704,12,0.19346796310147096
pagila_top_films_per_category,"WITH ranked AS ( SELECT c.name AS category, f.title, COUNT(r.rental_id) AS rentals, dense_rank() OVER (PARTITION BY c.category_id ORDER BY COUNT(r.rental_id) DESC) AS rank FROM pagila.category c JOIN pagila.film_category fc USING (category_id) JOIN pagila.film f USING (film_id) JOIN pagila.inventory i USING (film_id) LEFT JOIN pagila.rental r USING (inventory_id) WHERE f.rating = 'PG' GROUP BY c.category_id, c.name, f.film_id, f.title ) SELECT category, title, rentals FROM ranked WHERE rank <= 6 ORDER BY category, rentals DESC",532,4,2,1,True,True,False,5,5,7,3,3,1,0,0,0,1124.3,1132.06,3104.0,30,43039.0,4.178,18,13,5,Sort,5,0,0,0,4,0,0,2,1,2236,0,0,0,22641.0,16044.0,3923968,1736704,12,0.19346796310147096
pagila_rating_revenue_pivot,"SELECT i.store_id, SUM(p.amount) FILTER (WHERE f.rating = 'G') AS g_revenue, SUM(p.amount) FILTER (WHERE f.rating = 'PG') AS pg_revenue, SUM(p.amount) FILTER (WHERE f.rating = 'R') AS r_revenue FROM pagila.payment p JOIN pagila.rental r USING (rental_id) JOIN pagila.inventory i USING (inventory_id) JOIN pagila.film f USING (film_id) WHERE p.payment_date >= TIMESTAMPTZ '2022-03-01' AND p.payment_date < TIMESTAMPTZ '2022-04-01' GROUP BY i.store_id ORDER BY i.store_id",469,3,5,0,True,True,False,4,4,4,3,3,0,0,0,0,773.73,773.73,2.0,100,40775.0,6.0,12,7,4,Sort,4,0,0,0,3,0,0,1,1,1540,0,0,0,37674.0,16049.0,3776512,1679360,11,0.0001246183562838806
pagila_rating_revenue_pivot,"SELECT i.store_id, SUM(p.amount) FILTER (WHERE f.rating = 'G') AS g_revenue, SUM(p.amount) FILTER (WHERE f.rating = 'PG') AS pg_revenue, SUM(p.amount) FILTER (WHERE f.rating = 'R') AS r_revenue FROM pagila.payment p JOIN pagila.rental r USING (rental_id) JOIN pagila.inventory i USING (inventory_id) JOIN pagila.film f USING (film_id) WHERE p.payment_date >= TIMESTAMPTZ '2022-03-01' AND p.payment_date < TIMESTAMPTZ '2022-04-01' GROUP BY i.store_id ORDER BY i.store_id",469,3,5,0,True,True,False,4,4,4,3,3,0,0,0,0,773.73,773.73,2.0,100,40775.0,5.385,12,7,4,Sort,4,0,0,0,3,0,0,1,1,1540,0,0,0,37674.0,16049.0,3776512,1679360,11,0.0001246183562838806
pagila_store_monthly_revenue,"SELECT date_trunc('month', p.payment_date) AS month, SUM(p.amount) AS revenue, COUNT(DISTINCT p.customer_id) AS customers FROM pagila.payment p JOIN pagila.staff s USING (staff_id) WHERE s.store_id = 1 GROUP BY month ORDER BY month",231,1,1,0,True,True,False,2,2,3,2,1,0,0,0,0,983.42,1184.02,8024.0,48,40121.0,9.85,12,5,8,Aggregate,8,0,0,0,0,0,1,1,1,609,0,0,0,16051.0,16049.0,32768,16384,2,0.499968845410929
pagila_store_monthly_revenue,"SELECT date_trunc('month', p.payment_date) AS month, SUM(p.amount) AS revenue, COUNT(DISTINCT p.customer_id) AS customers FROM pagila.payment p JOIN pagila.staff s USING (staff_id) WHERE s.store_id = 1 GROUP BY month ORDER BY month",231,1,1,0,True,True,False,2,2,3,2,1,0,0,0,0,983.42,1184.02,8024.0,48,40121.0,7.087,12,5,8,Aggregate,8,0,0,0,0,0,1,1,1,609,0,0,0,16051.0,16049.0,32768,16384,2,0.499968845410929
pagila_return_sla,"SELECT i.store_id, COUNT(*) AS rentals, COUNT(*) FILTER (WHERE r.return_date <= r.rental_date + INTERVAL '4 days') AS within_sla FROM pagila.rental r JOIN pagila.inventory i USING (inventory_id) WHERE r.return_date IS NOT NULL GROUP BY i.store_id ORDER BY i.store_id",266,1,2,0,True,True,False,2,2,3,2,1,0,0,0,0,683.47,683.48,2.0,20,40888.0,6.92,6,5,2,Sort,2,0,0,0,1,0,0,1,1,750,0,0,0,20625.0,16044.0,3006464,1466368,5,0.00012465719272001995
pagila_return_sla,"SELECT i.store_id, COUNT(*) AS rentals, COUNT(*) FILTER (WHERE r.return_date <= r.rental_date + INTERVAL '4 days') AS within_sla FROM pagila.rental r JOIN pagila.inventory i USING (inventory_id) WHERE r.return_date IS NOT NULL GROUP BY i.store_id ORDER BY i.store_id",266,1,2,0,True,True,False,2,2,3,2,1,0,0,0,0,683.47,683.48,2.0,20,40888.0,6.867,6,5,2,Sort,2,0,0,0,1,0,0,1,1,750,0,0,0,20625.0,16044.0,3006464,1466368,5,0.00012465719272001995
pagila_actor_rental_impact,"SELECT a.actor_id, a.first_name, a.last_name, COUNT(r.rental_id) AS rentals, COALESCE(SUM(p.amount), 0) AS revenue FROM pagila.actor a JOIN pagila.film_actor fa USING (actor_id) JOIN pagila.inventory i USING (film_id) LEFT JOIN pagila.rental r USING (inventory_id) LEFT JOIN pagila.payment p USING (rental_id) WHERE a.actor_id >= 33 GROUP BY a.actor_id, a.first_name, a.last_name ORDER BY revenue DESC LIMIT 30",410,4,1,0,True,True,False,5,5,5,2,2,2,0,0,0,2841.49,2841.57,30.0,57,193940.0,33.745,23,8,11,Limit,11,0,0,0,4,0,0,1,1,2604,0,0,0,42336.0,16049.0,3596288,1728512,10,0.0018692753442582093
pagila_actor_rental_impact,"SELECT a.actor_id, a.first_name, a.last_name, COUNT(r.rental_id) AS rentals, COALESCE(SUM(p.amount), 0) AS revenue FROM pagila.actor a JOIN pagila.film_actor fa USING (actor_id) JOIN pagila.inventory i USING (film_id) LEFT JOIN pagila.rental r USING (inventory_id) LEFT JOIN pagila.payment p USING (rental_id) WHERE a.actor_id >= 33 GROUP BY a.actor_id, a.first_name, a.last_name ORDER BY revenue DESC LIMIT 30",410,4,1,0,True,True,False,5,5,5,2,2,2,0,0,0,2841.49,2841.57,30.0,57,193940.0,34.296,23,8,11,Limit,11,0,0,0,4,0,0,1,1,2604,0,0,0,42336.0,16049.0,3596288,1728512,10,0.0018692753442582093
pagila_country_revenue,"SELECT co.country, COUNT(DISTINCT cu.customer_id) AS customers, SUM(p.amount) AS revenue FROM pagila.country co JOIN pagila.city ci USING (country_id) JOIN pagila.address a USING (city_id) JOIN pagila.customer cu USING (address_id) JOIN pagila.payment p USING (customer_id) WHERE co.country_id >= 63 GROUP BY co.country ORDER BY revenue DESC",341,4,1,0,True,True,False,5,5,3,2,4,0,0,0,0,1066.96,1067.08,47.0,49,49468.0,7.606,23,12,11,Sort,11,0,0,0,4,0,0,2,1,928,0,0,0,17960.0,16049.0,557056,262144,10,0.0029285313726711945
pagila_country_revenue,"SELECT co.country, COUNT(DISTINCT cu.customer_id) AS customers, SUM(p.amount) AS revenue FROM pagila.country co JOIN pagila.city ci USING (country_id) JOIN pagila.address a USING (city_id) JOIN pagila.customer cu USING (address_id) JOIN pagila.payment p USING (customer_id) WHERE co.country_id >= 63 GROUP BY co.country ORDER BY revenue DESC",341,4,1,0,True,True,False,5,5,3,2,4,0,0,0,0,1066.96,1067.08,47.0,49,49468.0,7.589,23,12,11,Sort,11,0,0,0,4,0,0,2,1,928,0,0,0,17960.0,16049.0,557056,262144,10,0.0029285313726711945
pagila_rental_gaps,"WITH ordered AS ( SELECT r.customer_id, r.rental_date, lag(r.rental_date) OVER (PARTITION BY r.customer_id ORDER BY r.rental_date) AS previous FROM pagila.rental r WHERE r.customer_id >= 475 ) SELECT customer_id, AVG(rental_date - previous) AS avg_gap FROM ordered WHERE previous IS NOT NULL GROUP BY customer_id ORDER BY avg_gap DESC",334,0,2,1,True,True,False,1,1,5,2,0,0,0,0,0,692.78,694.28,599.0,20,14018.0,3.316,6,6,1,Sort,1,0,0,0,0,0,0,2,1,900,0,0,0,16044.0,16044.0,2490368,1228800,3,0.037334829219645975
pagila_rental_gaps,"WITH ordered AS ( SELECT r.customer_id, r.rental_date, lag(r.rental_date) OVER (PARTITION BY r.customer_id ORDER BY r.rental_date) AS previous FROM pagila.rental r WHERE r.customer_id >= 475 ) SELECT customer_id, AVG(rental_date - previous) AS avg_gap FROM ordered WHERE previous IS NOT NULL GROUP BY customer_id ORDER BY avg_gap DESC",334,0,2,1,True,True,False,1,1,5,2,0,0,0,0,0,692.78,694.28,599.0,20,14018.0,3.597,6,6,1,Sort,1,0,0,0,0,0,0,2,1,900,0,0,0,16044.0,16044.0,2490368,1228800,3,0.037334829219645975
pagila_payment_moving_average,"SELECT p.customer_id, p.payment_date, p.amount, AVG(p.amount) OVER (PARTITION BY p.customer_id ORDER BY p.payment_date ROWS BETWEEN 4 PRECEDING AND CURRENT ROW) AS moving_avg FROM pagila.payment p WHERE p.customer_id BETWEEN 307 AND 357 ORDER BY p.customer_id, p.payment_date",275,0,1,0,False,True,False,1,1,4,1,0,0,0,0,0,286.16,312.72,1329.0,50,6459.0,1.605,16,5,7,WindowAgg,1,0,0,6,0,0,0,1,0,278,0,0,0,16049.0,16049.0,0,0,1,0.08280889775063867
pagila_payment_moving_average,"SELECT p.customer_id, p.payment_date, p.amount, AVG(p.amount) OVER (PARTITION BY p.customer_id ORDER BY p.payment_date ROWS BETWEEN 4 PRECEDING AND CURRENT ROW) AS moving_avg FROM pagila.payment p WHERE p.customer_id BETWEEN 307 AND 357 ORDER BY p.customer_id, p.payment_date",275,0,1,0,False,True,False,1,1,4,1,0,0,0,0,0,286.16,312.72,1329.0,50,6459.0,1.709,16,5,7,WindowAgg,1,0,0,6,0,0,0,1,0,278,0,0,0,16049.0,16049.0,0,0,1,0.08280889775063867
pagila_rental_gaps,"WITH ordered AS ( SELECT r.customer_id, r.rental_date, lag(r.rental_date) OVER (PARTITION BY r.customer_id ORDER BY r.rental_date) AS previous FROM pagila.rental r WHERE r.customer_id >= 339 ) SELECT customer_id, AVG(rental_date - previous) AS avg_gap FROM ordered WHERE previous IS NOT NULL GROUP BY customer_id ORDER BY avg_gap DESC",334,0,2,1,True,True,False,1,1,5,2,0,0,0,0,0,1084.44,1085.94,599.0,20,28775.0,8.379,6,6,1,Sort,1,0,0,0,0,0,0,2,1,900,0,0,0,16044.0,16044.0,2490368,1228800,3,0.037334829219645975
pagila_rental_gaps,"WITH ordered AS ( SELECT r.customer_id, r.rental_date, lag(r.rental_date) OVER (PARTITION BY r.customer_id ORDER BY r.rental_date) AS previous FROM pagila.rental r WHERE r.customer_id >= 339 ) SELECT customer_id, AVG(rental_date - previous) AS avg_gap FROM ordered WHERE previous IS NOT NULL GROUP BY customer_id ORDER BY avg_gap DESC",334,0,2,1,True,True,False,1,1,5,2,0,0,0,0,0,1084.44,1085.94,599.0,20,28775.0,8.89,6,6,1,Sort,1,0,0,0,0,0,0,2,1,900,0,0,0,16044.0,16044.0,2490368,1228800,3,0.037334829219645975
pagila_customer_lifetime_value,"SELECT c.customer_id, c.first_name, c.last_name, COUNT(p.payment_id) AS payments, SUM(p.amount) AS lifetime_value FROM pagila.customer c JOIN pagila.payment p USING (customer_id) WHERE c.customer_id >= 39 GROUP BY c.customer_id, c.first_name, c.last_name HAVING COUNT(p.payment_id) >= 9 ORDER BY lifetime_value DESC LIMIT 50",324,1,1,0,True,True,False,2,2,5,3,1,0,0,0,0,555.02,555.15,50.0,57,48675.0,9.498,14,6,8,Limit,8,0,0,0,1,0,0,1,1,780,0,0,0,16648.0,16049.0,229376,122880,5,0.0031154589070970153
pagila_customer_lifetime_value,"SELECT c.customer_id, c.first_name, c.last_name, COUNT(p.payment_id) AS payments, SUM(p.amount) AS lifetime_value FROM pagila.customer c JOIN pagila.payment p USING (customer_id) WHERE c.customer_id >= 39 GROUP BY c.customer_id, c.first_name, c.last_name HAVING COUNT(p.payment_id) >= 9 ORDER BY lifetime_value DESC LIMIT 50",324,1,1,0,True,True,False,2,2,5,3,1,0,0,0,0,555.02,555.15,50.0,57,48675.0,7.209,14,6,8,Limit,8,0,0,0,1,0,0,1,1,780,0,0,0,16648.0,16049.0,229376,122880,5,0.0031154589070970153
pagila_country_revenue,"SELECT co.country, COUNT(DISTINCT cu.customer_id) AS customers, SUM(p.amount) AS revenue FROM pagila.country co JOIN pagila.city ci USING (country_id) JOIN pagila.address a USING (city_id) JOIN pagila.customer cu USING (address_id) JOIN pagila.payment p USING (customer_id) WHERE co.country_id >= 38 GROUP BY co.country ORDER BY revenue DESC",341,4,1,0,True,True,False,5,5,3,2,4,0,0,0,0,1414.99,1415.17,72.0,49,105303.0,17.485,23,9,11,Sort,11,0,0,0,4,0,0,2,1,1275,0,0,0,17960.0,16049.0,557056,262144,10,0.004486260826219702
pagila_country_revenue,"SELECT co.country, COUNT(DISTINCT cu.customer_id) AS customers, SUM(p.amount) AS revenue FROM pagila.country co JOIN pagila.city ci USING (country_id) JOIN pagila.address a USING (city_id) JOIN pagila.customer cu USING (address_id) JOIN pagila.payment p USING (customer_id) WHERE co.country_id >= 38 GROUP BY co.country ORDER BY revenue DESC",341,4,1,0,True,True,False,5,5,3,2,4,0,0,0,0,1414.99,1415.17,72.0,49,105303.0,17.54,23,9,11,Sort,11,0,0,0,4,0,0,2,1,1275,0,0,0,17960.0,16049.0,557056,262144,10,0.004486260826219702
pagila_film_popularity,"SELECT f.film_id, f.title, COUNT(r.rental_id) AS rentals FROM pagila.film f JOIN pagila.inventory i USING (film_id) LEFT JOIN pagila.rental r USING (inventory_id) WHERE f.rating = 'G' GROUP BY f.film_id, f.title ORDER BY rentals DESC, f.title LIMIT 40",251,2,1,0,True,True,False,3,3,3,1,1,1,0,0,0,597.62,597.72,40.0,27,25861.0,4.893,10,8,3,Limit,3,0,0,0,2,0,0,1,1,1472,0,0,0,21625.0,16044.0,3776512,1679360,10,0.0024931438544003987
pagila_film_popularity,"SELECT f.film_id, f.title, COUNT(r.rental_id) AS rentals FROM pagila.film f JOIN pagila.inventory i USING (film_id) LEFT JOIN pagila.rental r USING (inventory_id) WHERE f.rating = 'G' GROUP BY f.film_id, f.title ORDER BY rentals DESC, f.title LIMIT 40",251,2,1,0,True,True,False,3,3,3,1,1,1,0,0,0,597.62,597.72,40.0,27,25861.0,4.032,10,8,3,Limit,3,0,0,0,2,0,0,1,1,1472,0,0,0,21625.0,16044.0,3776512,1679360,10,0.0024931438544003987
pagila_customer_recency_rank,"WITH activity AS ( SELECT c.customer_id, c.store_id, MAX(r.rental_date) AS last_rental FROM pagila.customer c LEFT JOIN pagila.rental r USING (customer_id) WHERE c.store_id = 2 GROUP BY c.customer_id, c.store_id ) SELECT customer_id, last_rental, dense_rank() OVER (ORDER BY last_rental DESC NULLS LAST) AS recency_rank FROM activity ORDER BY recency_rank, customer_id",368,1,1,1,True,True,False,2,2,6,2,0,1,0,0,0,441.65,442.33,273.0,20,25267.0,3.805,9,8,2,Sort,2,0,0,0,1,0,0,2,1,1122,0,0,0,16643.0,16044.0,2719744,1351680,7,0.017015706806282723
pagila_customer_recency_rank,"WITH activity AS ( SELECT c.customer_id, c.store_id, MAX(r.rental_date) AS last_rental FROM pagila.customer c LEFT JOIN pagila.rental r USING (customer_id) WHERE c.store_id = 2 GROUP BY c.customer_id, c.store_id ) SELECT customer_id, last_rental, dense_rank() OVER (ORDER BY last_rental DESC NULLS LAST) AS recency_rank FROM activity ORDER BY recency_rank, customer_id",368,1,1,1,True,True,False,2,2,6,2,0,1,0,0,0,441.65,442.33,273.0,20,25267.0,3.588,9,8,2,Sort,2,0,0,0,1,0,0,2,1,1122,0,0,0,16643.0,16044.0,2719744,1351680,7,0.017015706806282723
pagila_unrented_films,"SELECT f.film_id, f.title FROM pagila.film f WHERE f.rating = 'G' AND NOT EXISTS ( SELECT 1 FROM pagila.inventory i JOIN pagila.rental r USING (inventory_id) WHERE i.film_id = f.film_id ) ORDER BY f.title",204,1,3,1,False,True,False,3,3,3,0,1,0,0,0,0,763.98,764.0,7.0,19,57486.0,6.507,8,6,3,Sort,3,0,0,0,2,0,0,1,0,1122,0,0,0,21625.0,16044.0,3776512,1679360,10,0.0004363001745200698
pagila_unrented_films,"SELECT f.film_id, f.title FROM pagila.film f WHERE f.rating = 'G' AND NOT EXISTS ( SELECT 1 FROM pagila.inventory i JOIN pagila.rental r USING (inventory_id) WHERE i.film_id = f.film_id ) ORDER BY f.title",204,1,3,1,False,True,False,3,3,3,0,1,0,0,0,0,763.98,764.0,7.0,19,57486.0,5.858,8,6,3,Sort,3,0,0,0,2,0,0,1,0,1122,0,0,0,21625.0,16044.0,3776512,1679360,10,0.0004363001745200698
pagila_replacement_exposure,"SELECT f.rating, COUNT(*) AS copies, SUM(f.replacement_cost) AS exposure FROM pagila.film f JOIN pagila.inventory i USING (film_id) WHERE f.replacement_cost >= 15 GROUP BY f.rating ORDER BY exposure DESC",203,1,1,0,True,True,False,2,2,3,2,1,0,0,0,0,197.31,197.33,5.0,44,9198.0,1.59,6,5,2,Sort,2,0,0,0,1,0,0,1,1,440,0,0,0,5581.0,4581.0,1286144,450560,7,0.0010914647456887142
pagila_replacement_exposure,"SELECT f.rating, COUNT(*) AS copies, SUM(f.replacement_cost) AS exposure FROM pagila.film f JOIN pagila.inventory i USING (film_id) WHERE f.replacement_cost >= 15 GROUP BY f.rating ORDER BY exposure DESC",203,1,1,0,True,True,False,2,2,3,2,1,0,0,0,0,197.31,197.33,5.0,44,9198.0,1.897,6,5,2,Sort,2,0,0,0,1,0,0,1,1,440,0,0,0,5581.0,4581.0,1286144,450560,7,0.0010914647456887142
pagila_store_inventory_turnover,"SELECT i.store_id, COUNT(DISTINCT i.inventory_id) AS inventory, COUNT(r.rental_id) AS rentals, COUNT(r.rental_id)::numeric / NULLIF(COUNT(DISTINCT i.inventory_id), 0) AS turnover FROM pagila.inventory i LEFT JOIN pagila.rental r USING (inventory_id) WHERE r.return_date - r.rental_date >= INTERVAL '7 days' GROUP BY i.store_id ORDER BY turnover DESC",349,1,1,0,True,True,False,2,2,4,4,0,1,0,0,0,922.48,922.49,2.0,52,25210.0,5.132,7,6,2,Sort,2,0,0,0,1,0,0,2,1,930,0,0,0,20625.0,16044.0,3006464,1466368,5,0.00012465719272001995
pagila_store_inventory_turnover,"SELECT i.store_id, COUNT(DISTINCT i.inventory_id) AS inventory, COUNT(r.rental_id) AS rentals, COUNT(r.rental_id)::numeric / NULLIF(COUNT(DISTINCT i.inventory_id), 0) AS turnover FROM pagila.inventory i LEFT JOIN pagila.rental r USING (inventory_id) WHERE r.return_date - r.rental_date >= INTERVAL '7 days' GROUP BY i.store_id ORDER BY turnover DESC",349,1,1,0,True,True,False,2,2,4,4,0,1,0,0,0,922.48,922.49,2.0,52,25210.0,4.891,7,6,2,Sort,2,0,0,0,1,0,0,2,1,930,0,0,0,20625.0,16044.0,3006464,1466368,5,0.00012465719272001995
pagila_top_films_per_category,"WITH ranked AS ( SELECT c.name AS category, f.title, COUNT(r.rental_id) AS rentals, dense_rank() OVER (PARTITION BY c.category_id ORDER BY COUNT(r.rental_id) DESC) AS rank FROM pagila.category c JOIN pagila.film_category fc USING (category_id) JOIN pagila.film f USING (film_id) JOIN pagila.inventory i USING (film_id) LEFT JOIN pagila.rental r USING (inventory_id) WHERE f.rating = 'R' GROUP BY c.category_id, c.name, f.film_id, f.title ) SELECT category, title, rentals FROM ranked WHERE rank <= 4 ORDER BY category, rentals DESC",531,4,2,1,True,True,False,5,5,7,3,3,1,0,0,0,1127.39,1135.19,3120.0,30,43146.0,4.571,18,13,5,Sort,5,0,0,0,4,0,0,2,1,2236,0,0,0,22641.0,16044.0,3923968,1736704,12,0.1944652206432311
pagila_top_films_per_category,"WITH ranked AS ( SELECT c.name AS category, f.title, COUNT(r.rental_id) AS rentals, dense_rank() OVER (PARTITION BY c.category_id ORDER BY COUNT(r.rental_id) DESC) AS rank FROM pagila.category c JOIN pagila.film_category fc USING (category_id) JOIN pagila.film f USING (film_id) JOIN pagila.inventory i USING (film_id) LEFT JOIN pagila.rental r USING (inventory_id) WHERE f.rating = 'R' GROUP BY c.category_id, c.name, f.film_id, f.title ) SELECT category, title, rentals FROM ranked WHERE rank <= 4 ORDER BY category, rentals DESC",531,4,2,1,True,True,False,5,5,7,3,3,1,0,0,0,1127.39,1135.19,3120.0,30,43146.0,4.31,18,13,5,Sort,5,0,0,0,4,0,0,2,1,2236,0,0,0,22641.0,16044.0,3923968,1736704,12,0.1944652206432311
pagila_overdue_rentals,"SELECT r.customer_id, COUNT(*) AS overdue_count, AVG(EXTRACT(EPOCH FROM (r.return_date - r.rental_date)) / 86400) AS avg_days FROM pagila.rental r WHERE r.return_date IS NOT NULL AND r.return_date - r.rental_date > INTERVAL '7 days' GROUP BY r.customer_id ORDER BY overdue_count DESC",283,0,2,0,True,True,False,1,1,3,2,0,0,0,0,0,505.09,506.58,599.0,44,6485.0,3.858,3,3,1,Sort,1,0,0,0,0,0,0,1,1,450,0,0,0,16044.0,16044.0,2490368,1228800,3,0.037334829219645975
pagila_overdue_rentals,"SELECT r.customer_id, COUNT(*) AS overdue_count, AVG(EXTRACT(EPOCH FROM (r.return_date - r.rental_date)) / 86400) AS avg_days FROM pagila.rental r WHERE r.return_date IS NOT NULL AND r.return_date - r.rental_date > INTERVAL '7 days' GROUP BY r.customer_id ORDER BY overdue_count DESC",283,0,2,0,True,True,False,1,1,3,2,0,0,0,0,0,505.09,506.58,599.0,44,6485.0,3.473,3,3,1,Sort,1,0,0,0,0,0,0,1,1,450,0,0,0,16044.0,16044.0,2490368,1228800,3,0.037334829219645975
pagila_customer_payment_transitions,"SELECT p.customer_id, p.payment_date, p.amount, lag(p.amount) OVER (PARTITION BY p.customer_id ORDER BY p.payment_date) AS previous_amount, p.amount - lag(p.amount) OVER (PARTITION BY p.customer_id ORDER BY p.payment_date) AS delta FROM pagila.payment p WHERE p.customer_id >= 164 ORDER BY p.customer_id, p.payment_date",319,0,1,0,False,True,False,1,1,5,2,0,0,0,0,0,1164.57,1426.07,11623.0,82,46492.0,10.913,10,4,7,WindowAgg,7,0,0,0,0,0,0,1,0,484,0,0,0,16049.0,16049.0,0,0,1,0.7242195775437722
pagila_customer_payment_transitions,"SELECT p.customer_id, p.payment_date, p.amount, lag(p.amount) OVER (PARTITION BY p.customer_id ORDER BY p.payment_date) AS previous_amount, p.amount - lag(p.amount) OVER (PARTITION BY p.customer_id ORDER BY p.payment_date) AS delta FROM pagila.payment p WHERE p.customer_id >= 164 ORDER BY p.customer_id, p.payment_date",319,0,1,0,False,True,False,1,1,5,2,0,0,0,0,0,1164.57,1426.07,11623.0,82,46492.0,9.055,10,4,7,WindowAgg,7,0,0,0,0,0,0,1,0,484,0,0,0,16049.0,16049.0,0,0,1,0.7242195775437722
pagila_daily_revenue_rollup,"SELECT date_trunc('day', p.payment_date) AS day, s.store_id, SUM(p.amount) AS revenue FROM pagila.payment p JOIN pagila.staff s USING (staff_id) WHERE p.payment_date >= TIMESTAMPTZ '2022-04-01' AND p.payment_date < TIMESTAMPTZ '2022-05-01' GROUP BY GROUPING SETS ((day, s.store_id), (day), ()) ORDER BY day NULLS LAST, s.store_id NULLS LAST",340,1,2,0,True,True,False,2,2,3,1,1,0,0,0,0,229.57,331.46,5095.0,44,12740.0,1.811,6,5,2,Aggregate,2,0,0,0,1,0,0,1,1,81,0,0,0,16051.0,16049.0,32768,16384,2,0.31746526263318586
pagila_daily_revenue_rollup,"SELECT date_trunc('day', p.payment_date) AS day, s.store_id, SUM(p.amount) AS revenue FROM pagila.payment p JOIN pagila.staff s USING (staff_id) WHERE p.payment_date >= TIMESTAMPTZ '2022-04-01' AND p.payment_date < TIMESTAMPTZ '2022-05-01' GROUP BY GROUPING SETS ((day, s.store_id), (day), ()) ORDER BY day NULLS LAST, s.store_id NULLS LAST",340,1,2,0,True,True,False,2,2,3,1,1,0,0,0,0,229.57,331.46,5095.0,44,12740.0,1.733,6,5,2,Aggregate,2,0,0,0,1,0,0,1,1,81,0,0,0,16051.0,16049.0,32768,16384,2,0.31746526263318586
pagila_actor_category_diversity,"SELECT a.actor_id, a.first_name, a.last_name, COUNT(DISTINCT fc.category_id) AS category_count FROM pagila.actor a JOIN pagila.film_actor fa USING (actor_id) JOIN pagila.film_category fc USING (film_id) WHERE a.actor_id >= 17 GROUP BY a.actor_id, a.first_name, a.last_name ORDER BY category_count DESC",301,2,1,0,True,True,False,3,3,4,1,2,0,0,0,0,559.01,559.47,184.0,25,23273.0,4.054,10,7,3,Sort,3,0,0,0,2,0,0,2,1,230,0,0,0,6662.0,5462.0,704512,303104,5,0.033687294031490296
pagila_actor_category_diversity,"SELECT a.actor_id, a.first_name, a.last_name, COUNT(DISTINCT fc.category_id) AS category_count FROM pagila.actor a JOIN pagila.film_actor fa USING (actor_id) JOIN pagila.film_category fc USING (film_id) WHERE a.actor_id >= 17 GROUP BY a.actor_id, a.first_name, a.last_name ORDER BY category_count DESC",301,2,1,0,True,True,False,3,3,4,1,2,0,0,0,0,559.01,559.47,184.0,25,23273.0,4.085,10,7,3,Sort,3,0,0,0,2,0,0,2,1,230,0,0,0,6662.0,5462.0,704512,303104,5,0.033687294031490296
pagila_staff_performance,"SELECT s.staff_id, s.first_name, s.last_name, COUNT(p.payment_id) AS payments, SUM(p.amount) AS revenue FROM pagila.staff s JOIN pagila.payment p USING (staff_id) WHERE p.payment_date >= TIMESTAMPTZ '2022-06-01' AND p.payment_date < TIMESTAMPTZ '2022-07-01' GROUP BY s.staff_id, s.first_name, s.last_name ORDER BY revenue DESC",326,1,2,0,True,True,False,2,2,5,2,1,0,0,0,0,102.52,102.53,2.0,56,5316.0,1.001,6,5,2,Sort,2,0,0,0,1,0,0,1,1,85,0,0,0,16051.0,16049.0,32768,16384,2,0.0001246183562838806
pagila_staff_performance,"SELECT s.staff_id, s.first_name, s.last_name, COUNT(p.payment_id) AS payments, SUM(p.amount) AS revenue FROM pagila.staff s JOIN pagila.payment p USING (staff_id) WHERE p.payment_date >= TIMESTAMPTZ '2022-06-01' AND p.payment_date < TIMESTAMPTZ '2022-07-01' GROUP BY s.staff_id, s.first_name, s.last_name ORDER BY revenue DESC",326,1,2,0,True,True,False,2,2,5,2,1,0,0,0,0,102.52,102.53,2.0,56,5316.0,0.966,6,5,2,Sort,2,0,0,0,1,0,0,1,1,85,0,0,0,16051.0,16049.0,32768,16384,2,0.0001246183562838806
pagila_inventory_availability,"SELECT i.store_id, COUNT(*) AS copies, COUNT(*) FILTER (WHERE r.rental_id IS NULL) AS available FROM pagila.inventory i LEFT JOIN pagila.rental r ON r.inventory_id = i.inventory_id AND r.return_date IS NULL WHERE i.film_id BETWEEN 34 AND 134 GROUP BY i.store_id ORDER BY i.store_id",281,1,2,0,True,True,False,2,2,3,2,0,1,0,0,0,419.11,419.11,2.0,20,1603.0,1.342,6,5,2,Sort,2,0,0,0,1,0,0,1,1,750,0,0,0,20625.0,16044.0,3006464,1466368,5,0.00012465719272001995
pagila_inventory_availability,"SELECT i.store_id, COUNT(*) AS copies, COUNT(*) FILTER (WHERE r.rental_id IS NULL) AS available FROM pagila.inventory i LEFT JOIN pagila.rental r ON r.inventory_id = i.inventory_id AND r.return_date IS NULL WHERE i.film_id BETWEEN 34 AND 134 GROUP BY i.store_id ORDER BY i.store_id",281,1,2,0,True,True,False,2,2,3,2,0,1,0,0,0,419.11,419.11,2.0,20,1603.0,1.325,6,5,2,Sort,2,0,0,0,1,0,0,1,1,750,0,0,0,20625.0,16044.0,3006464,1466368,5,0.00012465719272001995
pagila_duration_outliers,"WITH stats AS ( SELECT rating, AVG(length) AS avg_length, STDDEV_POP(length) AS sd FROM pagila.film GROUP BY rating ) SELECT f.film_id, f.title, f.length FROM pagila.film f JOIN stats s USING (rating) WHERE f.rating = 'NC-17' AND f.length > s.avg_length + s.sd ORDER BY f.length DESC",283,1,2,1,True,True,False,2,1,6,2,1,0,0,0,0,159.89,160.06,70.0,21,561.0,0.385,5,4,1,Sort,2,0,0,0,0,0,1,1,1,448,0,0,0,1000.0,1000.0,770048,212992,5,0.07
pagila_duration_outliers,"WITH stats AS ( SELECT rating, AVG(length) AS avg_length, STDDEV_POP(length) AS sd FROM pagila.film GROUP BY rating ) SELECT f.film_id, f.title, f.length FROM pagila.film f JOIN stats s USING (rating) WHERE f.rating = 'NC-17' AND f.length > s.avg_length + s.sd ORDER BY f.length DESC",283,1,2,1,True,True,False,2,1,6,2,1,0,0,0,0,159.89,160.06,70.0,21,561.0,0.315,5,4,1,Sort,2,0,0,0,0,0,1,1,1,448,0,0,0,1000.0,1000.0,770048,212992,5,0.07
pagila_category_percentiles,"SELECT c.name, percentile_cont(0.5) WITHIN GROUP (ORDER BY p.amount) AS median_payment, percentile_cont(0.9) WITHIN GROUP (ORDER BY p.amount) AS p90_payment FROM pagila.category c JOIN pagila.film_category fc USING (category_id) JOIN pagila.inventory i USING (film_id) JOIN pagila.rental r USING (inventory_id) JOIN pagila.payment p USING (rental_id) WHERE p.amount >= 4.99 GROUP BY c.name ORDER BY p90_payment DESC",415,4,1,0,True,True,False,5,5,3,2,4,0,0,0,0,1763.37,1763.41,16.0,23,90802.0,14.64,23,8,11,Sort,11,0,0,0,4,0,0,2,1,2428,0,0,0,37690.0,16049.0,3153920,1523712,8,0.0009969468502710448
pagila_category_percentiles,"SELECT c.name, percentile_cont(0.5) WITHIN GROUP (ORDER BY p.amount) AS median_payment, percentile_cont(0.9) WITHIN GROUP (ORDER BY p.amount) AS p90_payment FROM pagila.category c JOIN pagila.film_category fc USING (category_id) JOIN pagila.inventory i USING (film_id) JOIN pagila.rental r USING (inventory_id) JOIN pagila.payment p USING (rental_id) WHERE p.amount >= 4.99 GROUP BY c.name ORDER BY p90_payment DESC",415,4,1,0,True,True,False,5,5,3,2,4,0,0,0,0,1763.37,1763.41,16.0,23,90802.0,15.465,23,8,11,Sort,11,0,0,0,4,0,0,2,1,2428,0,0,0,37690.0,16049.0,3153920,1523712,8,0.0009969468502710448
pagila_payment_moving_average,"SELECT p.customer_id, p.payment_date, p.amount, AVG(p.amount) OVER (PARTITION BY p.customer_id ORDER BY p.payment_date ROWS BETWEEN 4 PRECEDING AND CURRENT ROW) AS moving_avg FROM pagila.payment p WHERE p.customer_id BETWEEN 215 AND 265 ORDER BY p.customer_id, p.payment_date",275,0,1,0,False,True,False,1,1,4,1,0,0,0,0,0,287.61,314.67,1354.0,50,6553.0,1.852,16,5,7,WindowAgg,1,0,0,6,0,0,0,1,0,265,0,0,0,16049.0,16049.0,0,0,1,0.08436662720418718
pagila_payment_moving_average,"SELECT p.customer_id, p.payment_date, p.amount, AVG(p.amount) OVER (PARTITION BY p.customer_id ORDER BY p.payment_date ROWS BETWEEN 4 PRECEDING AND CURRENT ROW) AS moving_avg FROM pagila.payment p WHERE p.customer_id BETWEEN 215 AND 265 ORDER BY p.customer_id, p.payment_date",275,0,1,0,False,True,False,1,1,4,1,0,0,0,0,0,287.61,314.67,1354.0,50,6553.0,1.619,16,5,7,WindowAgg,1,0,0,6,0,0,0,1,0,265,0,0,0,16049.0,16049.0,0,0,1,0.08436662720418718
pagila_city_customer_density,"SELECT co.country, ci.city, COUNT(cu.customer_id) AS customers FROM pagila.country co JOIN pagila.city ci USING (country_id) JOIN pagila.address a USING (city_id) LEFT JOIN pagila.customer cu USING (address_id) WHERE co.country_id <= 61 GROUP BY co.country, ci.city ORDER BY customers DESC LIMIT 60",298,3,1,0,True,True,False,4,4,3,1,2,1,0,0,0,80.6,80.75,60.0,26,5407.0,0.742,13,8,4,Limit,4,0,0,0,3,0,0,1,1,168,0,0,0,1911.0,603.0,557056,262144,9,0.09950248756218906
pagila_city_customer_density,"SELECT co.country, ci.city, COUNT(cu.customer_id) AS customers FROM pagila.country co JOIN pagila.city ci USING (country_id) JOIN pagila.address a USING (city_id) LEFT JOIN pagila.customer cu USING (address_id) WHERE co.country_id <= 61 GROUP BY co.country, ci.city ORDER BY customers DESC LIMIT 60",298,3,1,0,True,True,False,4,4,3,1,2,1,0,0,0,80.6,80.75,60.0,26,5407.0,0.722,13,8,4,Limit,4,0,0,0,3,0,0,1,1,168,0,0,0,1911.0,603.0,557056,262144,9,0.09950248756218906
pagila_actor_rental_impact,"SELECT a.actor_id, a.first_name, a.last_name, COUNT(r.rental_id) AS rentals, COALESCE(SUM(p.amount), 0) AS revenue FROM pagila.actor a JOIN pagila.film_actor fa USING (actor_id) JOIN pagila.inventory i USING (film_id) LEFT JOIN pagila.rental r USING (inventory_id) LEFT JOIN pagila.payment p USING (rental_id) WHERE a.actor_id >= 9 GROUP BY a.actor_id, a.first_name, a.last_name ORDER BY revenue DESC LIMIT 30",409,4,1,0,True,True,False,5,5,5,2,2,2,0,0,0,3054.12,3054.2,30.0,57,205809.0,34.342,23,8,11,Limit,11,0,0,0,4,0,0,1,1,2604,0,0,0,42336.0,16049.0,3596288,1728512,10,0.0018692753442582093
pagila_actor_rental_impact,"SELECT a.actor_id, a.first_name, a.last_name, COUNT(r.rental_id) AS rentals, COALESCE(SUM(p.amount), 0) AS revenue FROM pagila.actor a JOIN pagila.film_actor fa USING (actor_id) JOIN pagila.inventory i USING (film_id) LEFT JOIN pagila.rental r USING (inventory_id) LEFT JOIN pagila.payment p USING (rental_id) WHERE a.actor_id >= 9 GROUP BY a.actor_id, a.first_name, a.last_name ORDER BY revenue DESC LIMIT 30",409,4,1,0,True,True,False,5,5,5,2,2,2,0,0,0,3054.12,3054.2,30.0,57,205809.0,36.552,23,8,11,Limit,11,0,0,0,4,0,0,1,1,2604,0,0,0,42336.0,16049.0,3596288,1728512,10,0.0018692753442582093
pagila_rating_revenue_pivot,"SELECT i.store_id, SUM(p.amount) FILTER (WHERE f.rating = 'G') AS g_revenue, SUM(p.amount) FILTER (WHERE f.rating = 'PG') AS pg_revenue, SUM(p.amount) FILTER (WHERE f.rating = 'R') AS r_revenue FROM pagila.payment p JOIN pagila.rental r USING (rental_id) JOIN pagila.inventory i USING (inventory_id) JOIN pagila.film f USING (film_id) WHERE p.payment_date >= TIMESTAMPTZ '2022-06-01' AND p.payment_date < TIMESTAMPTZ '2022-07-01' GROUP BY i.store_id ORDER BY i.store_id",469,3,5,0,True,True,False,4,4,4,3,3,0,0,0,0,770.17,770.18,2.0,100,40480.0,5.317,12,7,4,Sort,4,0,0,0,3,0,0,1,1,1540,0,0,0,37674.0,16049.0,3776512,1679360,11,0.0001246183562838806
pagila_rating_revenue_pivot,"SELECT i.store_id, SUM(p.amount) FILTER (WHERE f.rating = 'G') AS g_revenue, SUM(p.amount) FILTER (WHERE f.rating = 'PG') AS pg_revenue, SUM(p.amount) FILTER (WHERE f.rating = 'R') AS r_revenue FROM pagila.payment p JOIN pagila.rental r USING (rental_id) JOIN pagila.inventory i USING (inventory_id) JOIN pagila.film f USING (film_id) WHERE p.payment_date >= TIMESTAMPTZ '2022-06-01' AND p.payment_date < TIMESTAMPTZ '2022-07-01' GROUP BY i.store_id ORDER BY i.store_id",469,3,5,0,True,True,False,4,4,4,3,3,0,0,0,0,770.17,770.18,2.0,100,40480.0,5.023,12,7,4,Sort,4,0,0,0,3,0,0,1,1,1540,0,0,0,37674.0,16049.0,3776512,1679360,11,0.0001246183562838806
pagila_category_revenue,"SELECT c.name, COUNT(DISTINCT r.rental_id) AS rentals, SUM(p.amount) AS revenue FROM pagila.category c JOIN pagila.film_category fc USING (category_id) JOIN pagila.inventory i USING (film_id) JOIN pagila.rental r USING (inventory_id) JOIN pagila.payment p USING (rental_id) WHERE p.payment_date >= TIMESTAMPTZ '2022-02-01' AND p.payment_date < TIMESTAMPTZ '2022-03-01' GROUP BY c.name ORDER BY revenue DESC",406,4,2,0,True,True,False,5,5,3,2,4,0,0,0,0,848.21,848.25,16.0,47,44077.0,6.265,16,9,5,Sort,5,0,0,0,4,0,0,2,1,1650,0,0,0,37690.0,16049.0,3153920,1523712,8,0.0009969468502710448
pagila_category_revenue,"SELECT c.name, COUNT(DISTINCT r.rental_id) AS rentals, SUM(p.amount) AS revenue FROM pagila.category c JOIN pagila.film_category fc USING (category_id) JOIN pagila.inventory i USING (film_id) JOIN pagila.rental r USING (inventory_id) JOIN pagila.payment p USING (rental_id) WHERE p.payment_date >= TIMESTAMPTZ '2022-02-01' AND p.payment_date < TIMESTAMPTZ '2022-03-01' GROUP BY c.name ORDER BY revenue DESC",406,4,2,0,True,True,False,5,5,3,2,4,0,0,0,0,848.21,848.25,16.0,47,44077.0,6.546,16,9,5,Sort,5,0,0,0,4,0,0,2,1,1650,0,0,0,37690.0,16049.0,3153920,1523712,8,0.0009969468502710448
pagila_film_pair_affinity,"SELECT i1.film_id AS first_film, i2.film_id AS second_film, COUNT(DISTINCT r1.customer_id) AS shared_customers FROM pagila.rental r1 JOIN pagila.inventory i1 USING (inventory_id) JOIN pagila.rental r2 ON r2.customer_id = r1.customer_id AND r2.rental_id > r1.rental_id JOIN pagila.inventory i2 ON i2.inventory_id = r2.inventory_id WHERE i1.film_id < i2.film_id GROUP BY i1.film_id, i2.film_id HAVING COUNT(DISTINCT r1.customer_id) >= 5 ORDER BY shared_customers DESC LIMIT 40",474,3,1,0,True,True,False,4,2,3,2,3,0,0,0,0,13344.35,13344.45,40.0,16,358245.0,122.675,14,9,2,Limit,4,0,0,0,3,0,0,2,1,2880,0,1160,1164,20625.0,16044.0,3006464,1466368,5,0.0024931438544003987
pagila_film_pair_affinity,"SELECT i1.film_id AS first_film, i2.film_id AS second_film, COUNT(DISTINCT r1.customer_id) AS shared_customers FROM pagila.rental r1 JOIN pagila.inventory i1 USING (inventory_id) JOIN pagila.rental r2 ON r2.customer_id = r1.customer_id AND r2.rental_id > r1.rental_id JOIN pagila.inventory i2 ON i2.inventory_id = r2.inventory_id WHERE i1.film_id < i2.film_id GROUP BY i1.film_id, i2.film_id HAVING COUNT(DISTINCT r1.customer_id) >= 5 ORDER BY shared_customers DESC LIMIT 40",474,3,1,0,True,True,False,4,2,3,2,3,0,0,0,0,13344.35,13344.45,40.0,16,358245.0,132.5,14,9,2,Limit,4,0,0,0,3,0,0,2,1,2880,0,1160,1164,20625.0,16044.0,3006464,1466368,5,0.0024931438544003987
pagila_return_sla,"SELECT i.store_id, COUNT(*) AS rentals, COUNT(*) FILTER (WHERE r.return_date <= r.rental_date + INTERVAL '8 days') AS within_sla FROM pagila.rental r JOIN pagila.inventory i USING (inventory_id) WHERE r.return_date IS NOT NULL GROUP BY i.store_id ORDER BY i.store_id",266,1,2,0,True,True,False,2,2,3,2,1,0,0,0,0,683.47,683.48,2.0,20,40888.0,6.921,6,5,2,Sort,2,0,0,0,1,0,0,1,1,750,0,0,0,20625.0,16044.0,3006464,1466368,5,0.00012465719272001995
pagila_return_sla,"SELECT i.store_id, COUNT(*) AS rentals, COUNT(*) FILTER (WHERE r.return_date <= r.rental_date + INTERVAL '8 days') AS within_sla FROM pagila.rental r JOIN pagila.inventory i USING (inventory_id) WHERE r.return_date IS NOT NULL GROUP BY i.store_id ORDER BY i.store_id",266,1,2,0,True,True,False,2,2,3,2,1,0,0,0,0,683.47,683.48,2.0,20,40888.0,7.107,6,5,2,Sort,2,0,0,0,1,0,0,1,1,750,0,0,0,20625.0,16044.0,3006464,1466368,5,0.00012465719272001995
pagila_customer_cohorts,"SELECT date_trunc('month', c.create_date) AS cohort, COUNT(DISTINCT c.customer_id) AS customers, COUNT(r.rental_id) AS rentals FROM pagila.customer c LEFT JOIN pagila.rental r USING (customer_id) WHERE EXTRACT(YEAR FROM c.create_date) >= 2005 GROUP BY cohort ORDER BY cohort",274,1,1,0,True,True,False,2,2,3,2,0,1,0,0,0,731.92,785.5,1.0,24,27159.0,12.675,6,5,2,Aggregate,2,0,0,0,1,0,0,1,1,645,0,0,0,16643.0,16044.0,2719744,1351680,7,6.232859636000998e-05
pagila_customer_cohorts,"SELECT date_trunc('month', c.create_date) AS cohort, COUNT(DISTINCT c.customer_id) AS customers, COUNT(r.rental_id) AS rentals FROM pagila.customer c LEFT JOIN pagila.rental r USING (customer_id) WHERE EXTRACT(YEAR FROM c.create_date) >= 2005 GROUP BY cohort ORDER BY cohort",274,1,1,0,True,True,False,2,2,3,2,0,1,0,0,0,731.92,785.5,1.0,24,27159.0,12.943,6,5,2,Aggregate,2,0,0,0,1,0,0,1,1,645,0,0,0,16643.0,16044.0,2719744,1351680,7,6.232859636000998e-05
pagila_repeat_renters,"SELECT c.customer_id, c.first_name, c.last_name, COUNT(r.rental_id) AS rentals FROM pagila.customer c JOIN pagila.rental r USING (customer_id) WHERE c.customer_id >= 37 GROUP BY c.customer_id, c.first_name, c.last_name HAVING COUNT(r.rental_id) >= 18 ORDER BY rentals DESC",272,1,1,0,True,True,False,2,2,4,2,1,0,0,0,0,465.92,466.39,188.0,25,32626.0,5.51,6,5,2,Sort,2,0,0,0,1,0,0,1,1,645,0,0,0,16643.0,16044.0,2719744,1351680,7,0.011717776115681875
pagila_repeat_renters,"SELECT c.customer_id, c.first_name, c.last_name, COUNT(r.rental_id) AS rentals FROM pagila.customer c JOIN pagila.rental r USING (customer_id) WHERE c.customer_id >= 37 GROUP BY c.customer_id, c.first_name, c.last_name HAVING COUNT(r.rental_id) >= 18 ORDER BY rentals DESC",272,1,1,0,True,True,False,2,2,4,2,1,0,0,0,0,465.92,466.39,188.0,25,32626.0,5.067,6,5,2,Sort,2,0,0,0,1,0,0,1,1,645,0,0,0,16643.0,16044.0,2719744,1351680,7,0.011717776115681875
pagila_inventory_imbalance,"SELECT i.film_id, COUNT(*) FILTER (WHERE i.store_id = 1) AS store_one, COUNT(*) FILTER (WHERE i.store_id = 2) AS store_two FROM pagila.inventory i WHERE i.film_id >= 2 GROUP BY i.film_id HAVING ABS(COUNT(*) FILTER (WHERE i.store_id = 1) - COUNT(*) FILTER (WHERE i.store_id = 2)) >= 2 ORDER BY i.film_id",302,0,5,0,True,True,False,1,1,3,4,0,0,0,0,0,174.46,175.25,319.0,20,5211.0,1.299,3,3,1,Sort,1,0,0,0,0,0,0,1,1,90,0,0,0,4581.0,4581.0,516096,237568,2,0.06963545077493997
pagila_inventory_imbalance,"SELECT i.film_id, COUNT(*) FILTER (WHERE i.store_id = 1) AS store_one, COUNT(*) FILTER (WHERE i.store_id = 2) AS store_two FROM pagila.inventory i WHERE i.film_id >= 2 GROUP BY i.film_id HAVING ABS(COUNT(*) FILTER (WHERE i.store_id = 1) - COUNT(*) FILTER (WHERE i.store_id = 2)) >= 2 ORDER BY i.film_id",302,0,5,0,True,True,False,1,1,3,4,0,0,0,0,0,174.46,175.25,319.0,20,5211.0,1.073,3,3,1,Sort,1,0,0,0,0,0,0,1,1,90,0,0,0,4581.0,4581.0,516096,237568,2,0.06963545077493997
pagila_store_monthly_revenue,"SELECT date_trunc('month', p.payment_date) AS month, SUM(p.amount) AS revenue, COUNT(DISTINCT p.customer_id) AS customers FROM pagila.payment p JOIN pagila.staff s USING (staff_id) WHERE s.store_id = 2 GROUP BY month ORDER BY month",231,1,1,0,True,True,False,2,2,3,2,1,0,0,0,0,983.42,1184.02,8024.0,48,40121.0,7.877,12,5,8,Aggregate,8,0,0,0,0,0,1,1,1,609,0,0,0,16051.0,16049.0,32768,16384,2,0.499968845410929
pagila_store_monthly_revenue,"SELECT date_trunc('month', p.payment_date) AS month, SUM(p.amount) AS revenue, COUNT(DISTINCT p.customer_id) AS customers FROM pagila.payment p JOIN pagila.staff s USING (staff_id) WHERE s.store_id = 2 GROUP BY month ORDER BY month",231,1,1,0,True,True,False,2,2,3,2,1,0,0,0,0,983.42,1184.02,8024.0,48,40121.0,7.833,12,5,8,Aggregate,8,0,0,0,0,0,1,1,1,609,0,0,0,16051.0,16049.0,32768,16384,2,0.499968845410929
pagila_language_catalog,"SELECT l.name, f.rating, COUNT(*) AS films, AVG(f.length) AS avg_length FROM pagila.language l JOIN pagila.film f USING (language_id) WHERE f.length >= 60 GROUP BY l.name, f.rating ORDER BY films DESC",200,1,1,0,True,True,False,2,2,4,2,1,0,0,0,0,91.93,92.0,30.0,65,1892.0,0.493,6,5,2,Sort,2,0,0,0,1,0,0,1,1,261,0,0,0,1006.0,1000.0,794624,229376,6,0.03
pagila_language_catalog,"SELECT l.name, f.rating, COUNT(*) AS films, AVG(f.length) AS avg_length FROM pagila.language l JOIN pagila.film f USING (language_id) WHERE f.length >= 60 GROUP BY l.name, f.rating ORDER BY films DESC",200,1,1,0,True,True,False,2,2,4,2,1,0,0,0,0,91.93,92.0,30.0,65,1892.0,0.487,6,5,2,Sort,2,0,0,0,1,0,0,1,1,261,0,0,0,1006.0,1000.0,794624,229376,6,0.03
pagila_inactive_customers,"SELECT c.customer_id, c.first_name, c.last_name FROM pagila.customer c WHERE c.activebool = true AND NOT EXISTS ( SELECT 1 FROM pagila.rental r WHERE r.customer_id = c.customer_id AND r.rental_date >= TIMESTAMPTZ '2022-05-01' ) ORDER BY c.customer_id",250,0,4,1,False,True,False,2,2,4,0,0,0,0,0,0,566.09,566.1,1.0,17,32089.0,3.384,5,4,2,Sort,2,0,0,0,1,0,0,1,0,627,0,0,0,16643.0,16044.0,2719744,1351680,7,6.232859636000998e-05
pagila_inactive_customers,"SELECT c.customer_id, c.first_name, c.last_name FROM pagila.customer c WHERE c.activebool = true AND NOT EXISTS ( SELECT 1 FROM pagila.rental r WHERE r.customer_id = c.customer_id AND r.rental_date >= TIMESTAMPTZ '2022-05-01' ) ORDER BY c.customer_id",250,0,4,1,False,True,False,2,2,4,0,0,0,0,0,0,566.09,566.1,1.0,17,32089.0,3.05,5,4,2,Sort,2,0,0,0,1,0,0,1,0,627,0,0,0,16643.0,16044.0,2719744,1351680,7,6.232859636000998e-05
pagila_payment_moving_average,"SELECT p.customer_id, p.payment_date, p.amount, AVG(p.amount) OVER (PARTITION BY p.customer_id ORDER BY p.payment_date ROWS BETWEEN 4 PRECEDING AND CURRENT ROW) AS moving_avg FROM pagila.payment p WHERE p.customer_id BETWEEN 237 AND 287 ORDER BY p.customer_id, p.payment_date",275,0,1,0,False,True,False,1,1,4,1,0,0,0,0,0,293.41,321.73,1417.0,50,6874.0,2.318,16,5,7,WindowAgg,1,0,0,6,0,0,0,1,0,290,0,0,0,16049.0,16049.0,0,0,1,0.08829210542712941
pagila_payment_moving_average,"SELECT p.customer_id, p.payment_date, p.amount, AVG(p.amount) OVER (PARTITION BY p.customer_id ORDER BY p.payment_date ROWS BETWEEN 4 PRECEDING AND CURRENT ROW) AS moving_avg FROM pagila.payment p WHERE p.customer_id BETWEEN 237 AND 287 ORDER BY p.customer_id, p.payment_date",275,0,1,0,False,True,False,1,1,4,1,0,0,0,0,0,293.41,321.73,1417.0,50,6874.0,2.364,16,5,7,WindowAgg,1,0,0,6,0,0,0,1,0,290,0,0,0,16049.0,16049.0,0,0,1,0.08829210542712941
pagila_customer_cohorts,"SELECT date_trunc('month', c.create_date) AS cohort, COUNT(DISTINCT c.customer_id) AS customers, COUNT(r.rental_id) AS rentals FROM pagila.customer c LEFT JOIN pagila.rental r USING (customer_id) WHERE EXTRACT(YEAR FROM c.create_date) >= 2006 GROUP BY cohort ORDER BY cohort",274,1,1,0,True,True,False,2,2,3,2,0,1,0,0,0,731.92,785.5,1.0,24,27159.0,10.433,6,5,2,Aggregate,2,0,0,0,1,0,0,1,1,645,0,0,0,16643.0,16044.0,2719744,1351680,7,6.232859636000998e-05
pagila_customer_cohorts,"SELECT date_trunc('month', c.create_date) AS cohort, COUNT(DISTINCT c.customer_id) AS customers, COUNT(r.rental_id) AS rentals FROM pagila.customer c LEFT JOIN pagila.rental r USING (customer_id) WHERE EXTRACT(YEAR FROM c.create_date) >= 2006 GROUP BY cohort ORDER BY cohort",274,1,1,0,True,True,False,2,2,3,2,0,1,0,0,0,731.92,785.5,1.0,24,27159.0,10.457,6,5,2,Aggregate,2,0,0,0,1,0,0,1,1,645,0,0,0,16643.0,16044.0,2719744,1351680,7,6.232859636000998e-05
pagila_customer_recency_rank,"WITH activity AS ( SELECT c.customer_id, c.store_id, MAX(r.rental_date) AS last_rental FROM pagila.customer c LEFT JOIN pagila.rental r USING (customer_id) WHERE c.store_id = 1 GROUP BY c.customer_id, c.store_id ) SELECT customer_id, last_rental, dense_rank() OVER (ORDER BY last_rental DESC NULLS LAST) AS recency_rank FROM activity ORDER BY recency_rank, customer_id",368,1,1,1,True,True,False,2,2,6,2,0,1,0,0,0,456.52,457.34,326.0,20,27058.0,3.686,9,8,2,Sort,2,0,0,0,1,0,0,2,1,1122,0,0,0,16643.0,16044.0,2719744,1351680,7,0.020319122413363252
pagila_customer_recency_rank,"WITH activity AS ( SELECT c.customer_id, c.store_id, MAX(r.rental_date) AS last_rental FROM pagila.customer c LEFT JOIN pagila.rental r USING (customer_id) WHERE c.store_id = 1 GROUP BY c.customer_id, c.store_id ) SELECT customer_id, last_rental, dense_rank() OVER (ORDER BY last_rental DESC NULLS LAST) AS recency_rank FROM activity ORDER BY recency_rank, customer_id",368,1,1,1,True,True,False,2,2,6,2,0,1,0,0,0,456.52,457.34,326.0,20,27058.0,3.806,9,8,2,Sort,2,0,0,0,1,0,0,2,1,1122,0,0,0,16643.0,16044.0,2719744,1351680,7,0.020319122413363252
pagila_return_sla,"SELECT i.store_id, COUNT(*) AS rentals, COUNT(*) FILTER (WHERE r.return_date <= r.rental_date + INTERVAL '8 days') AS within_sla FROM pagila.rental r JOIN pagila.inventory i USING (inventory_id) WHERE r.return_date IS NOT NULL GROUP BY i.store_id ORDER BY i.store_id",266,1,2,0,True,True,False,2,2,3,2,1,0,0,0,0,683.47,683.48,2.0,20,40888.0,6.929,6,5,2,Sort,2,0,0,0,1,0,0,1,1,750,0,0,0,20625.0,16044.0,3006464,1466368,5,0.00012465719272001995
pagila_return_sla,"SELECT i.store_id, COUNT(*) AS rentals, COUNT(*) FILTER (WHERE r.return_date <= r.rental_date + INTERVAL '8 days') AS within_sla FROM pagila.rental r JOIN pagila.inventory i USING (inventory_id) WHERE r.return_date IS NOT NULL GROUP BY i.store_id ORDER BY i.store_id",266,1,2,0,True,True,False,2,2,3,2,1,0,0,0,0,683.47,683.48,2.0,20,40888.0,6.789,6,5,2,Sort,2,0,0,0,1,0,0,1,1,750,0,0,0,20625.0,16044.0,3006464,1466368,5,0.00012465719272001995
pagila_inactive_customers,"SELECT c.customer_id, c.first_name, c.last_name FROM pagila.customer c WHERE c.activebool = true AND NOT EXISTS ( SELECT 1 FROM pagila.rental r WHERE r.customer_id = c.customer_id AND r.rental_date >= TIMESTAMPTZ '2022-04-01' ) ORDER BY c.customer_id",250,0,4,1,False,True,False,2,2,4,0,0,0,0,0,0,566.68,566.69,1.0,17,32183.0,2.943,5,4,2,Sort,2,0,0,0,1,0,0,1,0,627,0,0,0,16643.0,16044.0,2719744,1351680,7,6.232859636000998e-05
pagila_inactive_customers,"SELECT c.customer_id, c.first_name, c.last_name FROM pagila.customer c WHERE c.activebool = true AND NOT EXISTS ( SELECT 1 FROM pagila.rental r WHERE r.customer_id = c.customer_id AND r.rental_date >= TIMESTAMPTZ '2022-04-01' ) ORDER BY c.customer_id",250,0,4,1,False,True,False,2,2,4,0,0,0,0,0,0,566.68,566.69,1.0,17,32183.0,3.152,5,4,2,Sort,2,0,0,0,1,0,0,1,0,627,0,0,0,16643.0,16044.0,2719744,1351680,7,6.232859636000998e-05
pagila_store_inventory_turnover,"SELECT i.store_id, COUNT(DISTINCT i.inventory_id) AS inventory, COUNT(r.rental_id) AS rentals, COUNT(r.rental_id)::numeric / NULLIF(COUNT(DISTINCT i.inventory_id), 0) AS turnover FROM pagila.inventory i LEFT JOIN pagila.rental r USING (inventory_id) WHERE r.return_date - r.rental_date >= INTERVAL '8 days' GROUP BY i.store_id ORDER BY turnover DESC",349,1,1,0,True,True,False,2,2,4,4,0,1,0,0,0,922.48,922.49,2.0,52,25210.0,3.519,7,6,2,Sort,2,0,0,0,1,0,0,2,1,930,0,0,0,20625.0,16044.0,3006464,1466368,5,0.00012465719272001995
pagila_store_inventory_turnover,"SELECT i.store_id, COUNT(DISTINCT i.inventory_id) AS inventory, COUNT(r.rental_id) AS rentals, COUNT(r.rental_id)::numeric / NULLIF(COUNT(DISTINCT i.inventory_id), 0) AS turnover FROM pagila.inventory i LEFT JOIN pagila.rental r USING (inventory_id) WHERE r.return_date - r.rental_date >= INTERVAL '8 days' GROUP BY i.store_id ORDER BY turnover DESC",349,1,1,0,True,True,False,2,2,4,4,0,1,0,0,0,922.48,922.49,2.0,52,25210.0,3.394,7,6,2,Sort,2,0,0,0,1,0,0,2,1,930,0,0,0,20625.0,16044.0,3006464,1466368,5,0.00012465719272001995
pagila_customer_lifetime_value,"SELECT c.customer_id, c.first_name, c.last_name, COUNT(p.payment_id) AS payments, SUM(p.amount) AS lifetime_value FROM pagila.customer c JOIN pagila.payment p USING (customer_id) WHERE c.customer_id >= 16 GROUP BY c.customer_id, c.first_name, c.last_name HAVING COUNT(p.payment_id) >= 7 ORDER BY lifetime_value DESC LIMIT 50",324,1,1,0,True,True,False,2,2,5,3,1,0,0,0,0,560.54,560.67,50.0,57,49353.0,7.111,14,6,8,Limit,8,0,0,0,1,0,0,1,1,780,0,0,0,16648.0,16049.0,229376,122880,5,0.0031154589070970153
pagila_customer_lifetime_value,"SELECT c.customer_id, c.first_name, c.last_name, COUNT(p.payment_id) AS payments, SUM(p.amount) AS lifetime_value FROM pagila.customer c JOIN pagila.payment p USING (customer_id) WHERE c.customer_id >= 16 GROUP BY c.customer_id, c.first_name, c.last_name HAVING COUNT(p.payment_id) >= 7 ORDER BY lifetime_value DESC LIMIT 50",324,1,1,0,True,True,False,2,2,5,3,1,0,0,0,0,560.54,560.67,50.0,57,49353.0,7.042,14,6,8,Limit,8,0,0,0,1,0,0,1,1,780,0,0,0,16648.0,16049.0,229376,122880,5,0.0031154589070970153
pagila_unrented_films,"SELECT f.film_id, f.title FROM pagila.film f WHERE f.rating = 'PG-13' AND NOT EXISTS ( SELECT 1 FROM pagila.inventory i JOIN pagila.rental r USING (inventory_id) WHERE i.film_id = f.film_id ) ORDER BY f.title",208,1,3,1,False,True,False,3,3,3,0,1,0,0,0,0,764.32,764.34,9.0,19,57535.0,5.605,8,6,3,Sort,3,0,0,0,2,0,0,1,0,1122,0,0,0,21625.0,16044.0,3776512,1679360,10,0.0005609573672400897
pagila_unrented_films,"SELECT f.film_id, f.title FROM pagila.film f WHERE f.rating = 'PG-13' AND NOT EXISTS ( SELECT 1 FROM pagila.inventory i JOIN pagila.rental r USING (inventory_id) WHERE i.film_id = f.film_id ) ORDER BY f.title",208,1,3,1,False,True,False,3,3,3,0,1,0,0,0,0,764.32,764.34,9.0,19,57535.0,5.607,8,6,3,Sort,3,0,0,0,2,0,0,1,0,1122,0,0,0,21625.0,16044.0,3776512,1679360,10,0.0005609573672400897
pagila_rental_gaps,"WITH ordered AS ( SELECT r.customer_id, r.rental_date, lag(r.rental_date) OVER (PARTITION BY r.customer_id ORDER BY r.rental_date) AS previous FROM pagila.rental r WHERE r.customer_id >= 420 ) SELECT customer_id, AVG(rental_date - previous) AS avg_gap FROM ordered WHERE previous IS NOT NULL GROUP BY customer_id ORDER BY avg_gap DESC",334,0,2,1,True,True,False,1,1,5,2,0,0,0,0,0,850.41,851.91,599.0,20,20050.0,4.247,6,6,1,Sort,1,0,0,0,0,0,0,2,1,900,0,0,0,16044.0,16044.0,2490368,1228800,3,0.037334829219645975
pagila_rental_gaps,"WITH ordered AS ( SELECT r.customer_id, r.rental_date, lag(r.rental_date) OVER (PARTITION BY r.customer_id ORDER BY r.rental_date) AS previous FROM pagila.rental r WHERE r.customer_id >= 420 ) SELECT customer_id, AVG(rental_date - previous) AS avg_gap FROM ordered WHERE previous IS NOT NULL GROUP BY customer_id ORDER BY avg_gap DESC",334,0,2,1,True,True,False,1,1,5,2,0,0,0,0,0,850.41,851.91,599.0,20,20050.0,4.204,6,6,1,Sort,1,0,0,0,0,0,0,2,1,900,0,0,0,16044.0,16044.0,2490368,1228800,3,0.037334829219645975
pagila_actor_category_diversity,"SELECT a.actor_id, a.first_name, a.last_name, COUNT(DISTINCT fc.category_id) AS category_count FROM pagila.actor a JOIN pagila.film_actor fa USING (actor_id) JOIN pagila.film_category fc USING (film_id) WHERE a.actor_id >= 15 GROUP BY a.actor_id, a.first_name, a.last_name ORDER BY category_count DESC",301,2,1,0,True,True,False,3,3,4,1,2,0,0,0,0,564.09,564.56,186.0,25,23446.0,3.875,10,7,3,Sort,3,0,0,0,2,0,0,2,1,230,0,0,0,6662.0,5462.0,704512,303104,5,0.03405346027096302
pagila_actor_category_diversity,"SELECT a.actor_id, a.first_name, a.last_name, COUNT(DISTINCT fc.category_id) AS category_count FROM pagila.actor a JOIN pagila.film_actor fa USING (actor_id) JOIN pagila.film_category fc USING (film_id) WHERE a.actor_id >= 15 GROUP BY a.actor_id, a.first_name, a.last_name ORDER BY category_count DESC",301,2,1,0,True,True,False,3,3,4,1,2,0,0,0,0,564.09,564.56,186.0,25,23446.0,3.964,10,7,3,Sort,3,0,0,0,2,0,0,2,1,230,0,0,0,6662.0,5462.0,704512,303104,5,0.03405346027096302
pagila_film_pair_affinity,"SELECT i1.film_id AS first_film, i2.film_id AS second_film, COUNT(DISTINCT r1.customer_id) AS shared_customers FROM pagila.rental r1 JOIN pagila.inventory i1 USING (inventory_id) JOIN pagila.rental r2 ON r2.customer_id = r1.customer_id AND r2.rental_id > r1.rental_id JOIN pagila.inventory i2 ON i2.inventory_id = r2.inventory_id WHERE i1.film_id < i2.film_id GROUP BY i1.film_id, i2.film_id HAVING COUNT(DISTINCT r1.customer_id) >= 3 ORDER BY shared_customers DESC LIMIT 40",474,3,1,0,True,True,False,4,2,3,2,3,0,0,0,0,13344.35,13344.45,40.0,16,358245.0,135.9,14,9,2,Limit,4,0,0,0,3,0,0,2,1,2880,0,1160,1164,20625.0,16044.0,3006464,1466368,5,0.0024931438544003987
pagila_film_pair_affinity,"SELECT i1.film_id AS first_film, i2.film_id AS second_film, COUNT(DISTINCT r1.customer_id) AS shared_customers FROM pagila.rental r1 JOIN pagila.inventory i1 USING (inventory_id) JOIN pagila.rental r2 ON r2.customer_id = r1.customer_id AND r2.rental_id > r1.rental_id JOIN pagila.inventory i2 ON i2.inventory_id = r2.inventory_id WHERE i1.film_id < i2.film_id GROUP BY i1.film_id, i2.film_id HAVING COUNT(DISTINCT r1.customer_id) >= 3 ORDER BY shared_customers DESC LIMIT 40",474,3,1,0,True,True,False,4,2,3,2,3,0,0,0,0,13344.35,13344.45,40.0,16,358245.0,134.631,14,9,2,Limit,4,0,0,0,3,0,0,2,1,2880,0,1160,1164,20625.0,16044.0,3006464,1466368,5,0.0024931438544003987
pagila_daily_revenue_rollup,"SELECT date_trunc('day', p.payment_date) AS day, s.store_id, SUM(p.amount) AS revenue FROM pagila.payment p JOIN pagila.staff s USING (staff_id) WHERE p.payment_date >= TIMESTAMPTZ '2022-02-01' AND p.payment_date < TIMESTAMPTZ '2022-03-01' GROUP BY GROUPING SETS ((day, s.store_id), (day), ()) ORDER BY day NULLS LAST, s.store_id NULLS LAST",340,1,2,0,True,True,False,2,2,3,1,1,0,0,0,0,215.52,311.58,4803.0,44,12010.0,1.729,6,5,2,Aggregate,2,0,0,0,1,0,0,1,1,77,0,0,0,16051.0,16049.0,32768,16384,2,0.2992709826157393
pagila_daily_revenue_rollup,"SELECT date_trunc('day', p.payment_date) AS day, s.store_id, SUM(p.amount) AS revenue FROM pagila.payment p JOIN pagila.staff s USING (staff_id) WHERE p.payment_date >= TIMESTAMPTZ '2022-02-01' AND p.payment_date < TIMESTAMPTZ '2022-03-01' GROUP BY GROUPING SETS ((day, s.store_id), (day), ()) ORDER BY day NULLS LAST, s.store_id NULLS LAST",340,1,2,0,True,True,False,2,2,3,1,1,0,0,0,0,215.52,311.58,4803.0,44,12010.0,1.845,6,5,2,Aggregate,2,0,0,0,1,0,0,1,1,77,0,0,0,16051.0,16049.0,32768,16384,2,0.2992709826157393
pagila_store_monthly_revenue,"SELECT date_trunc('month', p.payment_date) AS month, SUM(p.amount) AS revenue, COUNT(DISTINCT p.customer_id) AS customers FROM pagila.payment p JOIN pagila.staff s USING (staff_id) WHERE s.store_id = 2 GROUP BY month ORDER BY month",231,1,1,0,True,True,False,2,2,3,2,1,0,0,0,0,983.42,1184.02,8024.0,48,40121.0,7.493,12,5,8,Aggregate,8,0,0,0,0,0,1,1,1,609,0,0,0,16051.0,16049.0,32768,16384,2,0.499968845410929
pagila_store_monthly_revenue,"SELECT date_trunc('month', p.payment_date) AS month, SUM(p.amount) AS revenue, COUNT(DISTINCT p.customer_id) AS customers FROM pagila.payment p JOIN pagila.staff s USING (staff_id) WHERE s.store_id = 2 GROUP BY month ORDER BY month",231,1,1,0,True,True,False,2,2,3,2,1,0,0,0,0,983.42,1184.02,8024.0,48,40121.0,9.084,12,5,8,Aggregate,8,0,0,0,0,0,1,1,1,609,0,0,0,16051.0,16049.0,32768,16384,2,0.499968845410929
pagila_staff_performance,"SELECT s.staff_id, s.first_name, s.last_name, COUNT(p.payment_id) AS payments, SUM(p.amount) AS revenue FROM pagila.staff s JOIN pagila.payment p USING (staff_id) WHERE p.payment_date >= TIMESTAMPTZ '2022-04-01' AND p.payment_date < TIMESTAMPTZ '2022-05-01' GROUP BY s.staff_id, s.first_name, s.last_name ORDER BY revenue DESC",326,1,2,0,True,True,False,2,2,5,2,1,0,0,0,0,98.25,98.25,2.0,56,5102.0,0.999,6,5,2,Sort,2,0,0,0,1,0,0,1,1,81,0,0,0,16051.0,16049.0,32768,16384,2,0.0001246183562838806
pagila_staff_performance,"SELECT s.staff_id, s.first_name, s.last_name, COUNT(p.payment_id) AS payments, SUM(p.amount) AS revenue FROM pagila.staff s JOIN pagila.payment p USING (staff_id) WHERE p.payment_date >= TIMESTAMPTZ '2022-04-01' AND p.payment_date < TIMESTAMPTZ '2022-05-01' GROUP BY s.staff_id, s.first_name, s.last_name ORDER BY revenue DESC",326,1,2,0,True,True,False,2,2,5,2,1,0,0,0,0,98.25,98.25,2.0,56,5102.0,1.658,6,5,2,Sort,2,0,0,0,1,0,0,1,1,81,0,0,0,16051.0,16049.0,32768,16384,2,0.0001246183562838806
pagila_replacement_exposure,"SELECT f.rating, COUNT(*) AS copies, SUM(f.replacement_cost) AS exposure FROM pagila.film f JOIN pagila.inventory i USING (film_id) WHERE f.replacement_cost >= 30 GROUP BY f.rating ORDER BY exposure DESC",203,1,1,0,True,True,False,2,2,3,2,1,0,0,0,0,164.53,164.54,1.0,44,4595.0,0.218,7,6,2,Sort,2,0,0,0,1,0,0,2,1,394,0,0,0,5581.0,4581.0,1286144,450560,7,0.00021829294913774285
pagila_replacement_exposure,"SELECT f.rating, COUNT(*) AS copies, SUM(f.replacement_cost) AS exposure FROM pagila.film f JOIN pagila.inventory i USING (film_id) WHERE f.replacement_cost >= 30 GROUP BY f.rating ORDER BY exposure DESC",203,1,1,0,True,True,False,2,2,3,2,1,0,0,0,0,164.53,164.54,1.0,44,4595.0,0.304,7,6,2,Sort,2,0,0,0,1,0,0,2,1,394,0,0,0,5581.0,4581.0,1286144,450560,7,0.00021829294913774285
pagila_film_popularity,"SELECT f.film_id, f.title, COUNT(r.rental_id) AS rentals FROM pagila.film f JOIN pagila.inventory i USING (film_id) LEFT JOIN pagila.rental r USING (inventory_id) WHERE f.rating = 'G' GROUP BY f.film_id, f.title ORDER BY rentals DESC, f.title LIMIT 40",251,2,1,0,True,True,False,3,3,3,1,1,1,0,0,0,597.62,597.72,40.0,27,25861.0,3.431,10,8,3,Limit,3,0,0,0,2,0,0,1,1,1472,0,0,0,21625.0,16044.0,3776512,1679360,10,0.0024931438544003987
pagila_film_popularity,"SELECT f.film_id, f.title, COUNT(r.rental_id) AS rentals FROM pagila.film f JOIN pagila.inventory i USING (film_id) LEFT JOIN pagila.rental r USING (inventory_id) WHERE f.rating = 'G' GROUP BY f.film_id, f.title ORDER BY rentals DESC, f.title LIMIT 40",251,2,1,0,True,True,False,3,3,3,1,1,1,0,0,0,597.62,597.72,40.0,27,25861.0,3.616,10,8,3,Limit,3,0,0,0,2,0,0,1,1,1472,0,0,0,21625.0,16044.0,3776512,1679360,10,0.0024931438544003987
pagila_customer_payment_transitions,"SELECT p.customer_id, p.payment_date, p.amount, lag(p.amount) OVER (PARTITION BY p.customer_id ORDER BY p.payment_date) AS previous_amount, p.amount - lag(p.amount) OVER (PARTITION BY p.customer_id ORDER BY p.payment_date) AS delta FROM pagila.payment p WHERE p.customer_id >= 116 ORDER BY p.customer_id, p.payment_date",319,0,1,0,False,True,False,1,1,5,2,0,0,0,0,0,1271.23,1562.68,12954.0,82,51816.0,12.166,10,4,7,WindowAgg,7,0,0,0,0,0,0,1,0,484,0,0,0,16049.0,16049.0,0,0,1,0.8071530936506948
pagila_customer_payment_transitions,"SELECT p.customer_id, p.payment_date, p.amount, lag(p.amount) OVER (PARTITION BY p.customer_id ORDER BY p.payment_date) AS previous_amount, p.amount - lag(p.amount) OVER (PARTITION BY p.customer_id ORDER BY p.payment_date) AS delta FROM pagila.payment p WHERE p.customer_id >= 116 ORDER BY p.customer_id, p.payment_date",319,0,1,0,False,True,False,1,1,5,2,0,0,0,0,0,1271.23,1562.68,12954.0,82,51816.0,11.378,10,4,7,WindowAgg,7,0,0,0,0,0,0,1,0,484,0,0,0,16049.0,16049.0,0,0,1,0.8071530936506948
pagila_top_films_per_category,"WITH ranked AS ( SELECT c.name AS category, f.title, COUNT(r.rental_id) AS rentals, dense_rank() OVER (PARTITION BY c.category_id ORDER BY COUNT(r.rental_id) DESC) AS rank FROM pagila.category c JOIN pagila.film_category fc USING (category_id) JOIN pagila.film f USING (film_id) JOIN pagila.inventory i USING (film_id) LEFT JOIN pagila.rental r USING (inventory_id) WHERE f.rating = 'G' GROUP BY c.category_id, c.name, f.film_id, f.title ) SELECT category, title, rentals FROM ranked WHERE rank <= 7 ORDER BY category, rentals DESC",531,4,2,1,True,True,False,5,5,7,3,3,1,0,0,0,1074.16,1081.28,2848.0,30,41271.0,3.771,18,13,5,Sort,5,0,0,0,4,0,0,2,1,2236,0,0,0,22641.0,16044.0,3923968,1736704,12,0.1775118424333084
pagila_top_films_per_category,"WITH ranked AS ( SELECT c.name AS category, f.title, COUNT(r.rental_id) AS rentals, dense_rank() OVER (PARTITION BY c.category_id ORDER BY COUNT(r.rental_id) DESC) AS rank FROM pagila.category c JOIN pagila.film_category fc USING (category_id) JOIN pagila.film f USING (film_id) JOIN pagila.inventory i USING (film_id) LEFT JOIN pagila.rental r USING (inventory_id) WHERE f.rating = 'G' GROUP BY c.category_id, c.name, f.film_id, f.title ) SELECT category, title, rentals FROM ranked WHERE rank <= 7 ORDER BY category, rentals DESC",531,4,2,1,True,True,False,5,5,7,3,3,1,0,0,0,1074.16,1081.28,2848.0,30,41271.0,4.037,18,13,5,Sort,5,0,0,0,4,0,0,2,1,2236,0,0,0,22641.0,16044.0,3923968,1736704,12,0.1775118424333084
pagila_language_catalog,"SELECT l.name, f.rating, COUNT(*) AS films, AVG(f.length) AS avg_length FROM pagila.language l JOIN pagila.film f USING (language_id) WHERE f.length >= 90 GROUP BY l.name, f.rating ORDER BY films DESC",200,1,1,0,True,True,False,2,2,4,2,1,0,0,0,0,88.62,88.7,30.0,65,1436.0,0.463,6,5,2,Sort,2,0,0,0,1,0,0,1,1,261,0,0,0,1006.0,1000.0,794624,229376,6,0.03
pagila_language_catalog,"SELECT l.name, f.rating, COUNT(*) AS films, AVG(f.length) AS avg_length FROM pagila.language l JOIN pagila.film f USING (language_id) WHERE f.length >= 90 GROUP BY l.name, f.rating ORDER BY films DESC",200,1,1,0,True,True,False,2,2,4,2,1,0,0,0,0,88.62,88.7,30.0,65,1436.0,0.456,6,5,2,Sort,2,0,0,0,1,0,0,1,1,261,0,0,0,1006.0,1000.0,794624,229376,6,0.03
pagila_inventory_imbalance,"SELECT i.film_id, COUNT(*) FILTER (WHERE i.store_id = 1) AS store_one, COUNT(*) FILTER (WHERE i.store_id = 2) AS store_two FROM pagila.inventory i WHERE i.film_id >= 4 GROUP BY i.film_id HAVING ABS(COUNT(*) FILTER (WHERE i.store_id = 1) - COUNT(*) FILTER (WHERE i.store_id = 2)) >= 4 ORDER BY i.film_id",302,0,5,0,True,True,False,1,1,3,4,0,0,0,0,0,174.39,175.19,319.0,20,5206.0,0.982,3,3,1,Sort,1,0,0,0,0,0,0,1,1,90,0,0,0,4581.0,4581.0,516096,237568,2,0.06963545077493997
pagila_inventory_imbalance,"SELECT i.film_id, COUNT(*) FILTER (WHERE i.store_id = 1) AS store_one, COUNT(*) FILTER (WHERE i.store_id = 2) AS store_two FROM pagila.inventory i WHERE i.film_id >= 4 GROUP BY i.film_id HAVING ABS(COUNT(*) FILTER (WHERE i.store_id = 1) - COUNT(*) FILTER (WHERE i.store_id = 2)) >= 4 ORDER BY i.film_id",302,0,5,0,True,True,False,1,1,3,4,0,0,0,0,0,174.39,175.19,319.0,20,5206.0,1.141,3,3,1,Sort,1,0,0,0,0,0,0,1,1,90,0,0,0,4581.0,4581.0,516096,237568,2,0.06963545077493997
pagila_duration_outliers,"WITH stats AS ( SELECT rating, AVG(length) AS avg_length, STDDEV_POP(length) AS sd FROM pagila.film GROUP BY rating ) SELECT f.film_id, f.title, f.length FROM pagila.film f JOIN stats s USING (rating) WHERE f.rating = 'PG' AND f.length > s.avg_length + s.sd ORDER BY f.length DESC",280,1,2,1,True,True,False,2,1,6,2,1,0,0,0,0,159.34,159.5,65.0,21,519.0,0.366,5,4,1,Sort,2,0,0,0,0,0,1,1,1,448,0,0,0,1000.0,1000.0,770048,212992,5,0.065
pagila_duration_outliers,"WITH stats AS ( SELECT rating, AVG(length) AS avg_length, STDDEV_POP(length) AS sd FROM pagila.film GROUP BY rating ) SELECT f.film_id, f.title, f.length FROM pagila.film f JOIN stats s USING (rating) WHERE f.rating = 'PG' AND f.length > s.avg_length + s.sd ORDER BY f.length DESC",280,1,2,1,True,True,False,2,1,6,2,1,0,0,0,0,159.34,159.5,65.0,21,519.0,0.321,5,4,1,Sort,2,0,0,0,0,0,1,1,1,448,0,0,0,1000.0,1000.0,770048,212992,5,0.065
pagila_inventory_availability,"SELECT i.store_id, COUNT(*) AS copies, COUNT(*) FILTER (WHERE r.rental_id IS NULL) AS available FROM pagila.inventory i LEFT JOIN pagila.rental r ON r.inventory_id = i.inventory_id AND r.return_date IS NULL WHERE i.film_id BETWEEN 308 AND 408 GROUP BY i.store_id ORDER BY i.store_id",282,1,2,0,True,True,False,2,2,3,2,0,1,0,0,0,419.17,419.17,2.0,20,1612.0,1.04,6,5,2,Sort,2,0,0,0,1,0,0,1,1,750,0,0,0,20625.0,16044.0,3006464,1466368,5,0.00012465719272001995
pagila_inventory_availability,"SELECT i.store_id, COUNT(*) AS copies, COUNT(*) FILTER (WHERE r.rental_id IS NULL) AS available FROM pagila.inventory i LEFT JOIN pagila.rental r ON r.inventory_id = i.inventory_id AND r.return_date IS NULL WHERE i.film_id BETWEEN 308 AND 408 GROUP BY i.store_id ORDER BY i.store_id",282,1,2,0,True,True,False,2,2,3,2,0,1,0,0,0,419.17,419.17,2.0,20,1612.0,1.113,6,5,2,Sort,2,0,0,0,1,0,0,1,1,750,0,0,0,20625.0,16044.0,3006464,1466368,5,0.00012465719272001995
pagila_category_percentiles,"SELECT c.name, percentile_cont(0.5) WITHIN GROUP (ORDER BY p.amount) AS median_payment, percentile_cont(0.9) WITHIN GROUP (ORDER BY p.amount) AS p90_payment FROM pagila.category c JOIN pagila.film_category fc USING (category_id) JOIN pagila.inventory i USING (film_id) JOIN pagila.rental r USING (inventory_id) JOIN pagila.payment p USING (rental_id) WHERE p.amount >= 2.99 GROUP BY c.name ORDER BY p90_payment DESC",415,4,1,0,True,True,False,5,5,3,2,4,0,0,0,0,2264.79,2264.83,16.0,23,118750.0,21.237,23,8,11,Sort,11,0,0,0,4,0,0,2,1,2428,0,0,0,37690.0,16049.0,3153920,1523712,8,0.0009969468502710448
pagila_category_percentiles,"SELECT c.name, percentile_cont(0.5) WITHIN GROUP (ORDER BY p.amount) AS median_payment, percentile_cont(0.9) WITHIN GROUP (ORDER BY p.amount) AS p90_payment FROM pagila.category c JOIN pagila.film_category fc USING (category_id) JOIN pagila.inventory i USING (film_id) JOIN pagila.rental r USING (inventory_id) JOIN pagila.payment p USING (rental_id) WHERE p.amount >= 2.99 GROUP BY c.name ORDER BY p90_payment DESC",415,4,1,0,True,True,False,5,5,3,2,4,0,0,0,0,2264.79,2264.83,16.0,23,118750.0,20.66,23,8,11,Sort,11,0,0,0,4,0,0,2,1,2428,0,0,0,37690.0,16049.0,3153920,1523712,8,0.0009969468502710448
pagila_rating_revenue_pivot,"SELECT i.store_id, SUM(p.amount) FILTER (WHERE f.rating = 'G') AS g_revenue, SUM(p.amount) FILTER (WHERE f.rating = 'PG') AS pg_revenue, SUM(p.amount) FILTER (WHERE f.rating = 'R') AS r_revenue FROM pagila.payment p JOIN pagila.rental r USING (rental_id) JOIN pagila.inventory i USING (inventory_id) JOIN pagila.film f USING (film_id) WHERE p.payment_date >= TIMESTAMPTZ '2022-04-01' AND p.payment_date < TIMESTAMPTZ '2022-05-01' GROUP BY i.store_id ORDER BY i.store_id",469,3,5,0,True,True,False,4,4,4,3,3,0,0,0,0,762.72,762.73,2.0,100,39945.0,5.091,12,7,4,Sort,4,0,0,0,3,0,0,1,1,1533,0,0,0,37674.0,16049.0,3776512,1679360,11,0.0001246183562838806
pagila_rating_revenue_pivot,"SELECT i.store_id, SUM(p.amount) FILTER (WHERE f.rating = 'G') AS g_revenue, SUM(p.amount) FILTER (WHERE f.rating = 'PG') AS pg_revenue, SUM(p.amount) FILTER (WHERE f.rating = 'R') AS r_revenue FROM pagila.payment p JOIN pagila.rental r USING (rental_id) JOIN pagila.inventory i USING (inventory_id) JOIN pagila.film f USING (film_id) WHERE p.payment_date >= TIMESTAMPTZ '2022-04-01' AND p.payment_date < TIMESTAMPTZ '2022-05-01' GROUP BY i.store_id ORDER BY i.store_id",469,3,5,0,True,True,False,4,4,4,3,3,0,0,0,0,762.72,762.73,2.0,100,39945.0,5.18,12,7,4,Sort,4,0,0,0,3,0,0,1,1,1533,0,0,0,37674.0,16049.0,3776512,1679360,11,0.0001246183562838806
pagila_city_customer_density,"SELECT co.country, ci.city, COUNT(cu.customer_id) AS customers FROM pagila.country co JOIN pagila.city ci USING (country_id) JOIN pagila.address a USING (city_id) LEFT JOIN pagila.customer cu USING (address_id) WHERE co.country_id <= 30 GROUP BY co.country, ci.city ORDER BY customers DESC LIMIT 60",298,3,1,0,True,True,False,4,4,3,1,2,1,0,0,0,64.49,64.64,60.0,26,3045.0,0.451,13,10,4,Limit,4,0,0,0,3,0,0,1,1,156,0,0,0,1911.0,603.0,557056,262144,9,0.09950248756218906
pagila_city_customer_density,"SELECT co.country, ci.city, COUNT(cu.customer_id) AS customers FROM pagila.country co JOIN pagila.city ci USING (country_id) JOIN pagila.address a USING (city_id) LEFT JOIN pagila.customer cu USING (address_id) WHERE co.country_id <= 30 GROUP BY co.country, ci.city ORDER BY customers DESC LIMIT 60",298,3,1,0,True,True,False,4,4,3,1,2,1,0,0,0,64.49,64.64,60.0,26,3045.0,0.556,13,10,4,Limit,4,0,0,0,3,0,0,1,1,156,0,0,0,1911.0,603.0,557056,262144,9,0.09950248756218906
pagila_actor_rental_impact,"SELECT a.actor_id, a.first_name, a.last_name, COUNT(r.rental_id) AS rentals, COALESCE(SUM(p.amount), 0) AS revenue FROM pagila.actor a JOIN pagila.film_actor fa USING (actor_id) JOIN pagila.inventory i USING (film_id) LEFT JOIN pagila.rental r USING (inventory_id) LEFT JOIN pagila.payment p USING (rental_id) WHERE a.actor_id >= 156 GROUP BY a.actor_id, a.first_name, a.last_name ORDER BY revenue DESC LIMIT 30",411,4,1,0,True,True,False,5,5,5,2,2,2,0,0,0,1654.81,1654.89,30.0,57,133170.0,17.112,23,8,11,Limit,11,0,0,0,4,0,0,1,1,2604,0,0,0,42336.0,16049.0,3596288,1728512,10,0.0018692753442582093
pagila_actor_rental_impact,"SELECT a.actor_id, a.first_name, a.last_name, COUNT(r.rental_id) AS rentals, COALESCE(SUM(p.amount), 0) AS revenue FROM pagila.actor a JOIN pagila.film_actor fa USING (actor_id) JOIN pagila.inventory i USING (film_id) LEFT JOIN pagila.rental r USING (inventory_id) LEFT JOIN pagila.payment p USING (rental_id) WHERE a.actor_id >= 156 GROUP BY a.actor_id, a.first_name, a.last_name ORDER BY revenue DESC LIMIT 30",411,4,1,0,True,True,False,5,5,5,2,2,2,0,0,0,1654.81,1654.89,30.0,57,133170.0,18.573,23,8,11,Limit,11,0,0,0,4,0,0,1,1,2604,0,0,0,42336.0,16049.0,3596288,1728512,10,0.0018692753442582093
pagila_overdue_rentals,"SELECT r.customer_id, COUNT(*) AS overdue_count, AVG(EXTRACT(EPOCH FROM (r.return_date - r.rental_date)) / 86400) AS avg_days FROM pagila.rental r WHERE r.return_date IS NOT NULL AND r.return_date - r.rental_date > INTERVAL '8 days' GROUP BY r.customer_id ORDER BY overdue_count DESC",283,0,2,0,True,True,False,1,1,3,2,0,0,0,0,0,505.09,506.58,599.0,44,6485.0,2.723,3,3,1,Sort,1,0,0,0,0,0,0,1,1,450,0,0,0,16044.0,16044.0,2490368,1228800,3,0.037334829219645975
pagila_overdue_rentals,"SELECT r.customer_id, COUNT(*) AS overdue_count, AVG(EXTRACT(EPOCH FROM (r.return_date - r.rental_date)) / 86400) AS avg_days FROM pagila.rental r WHERE r.return_date IS NOT NULL AND r.return_date - r.rental_date > INTERVAL '8 days' GROUP BY r.customer_id ORDER BY overdue_count DESC",283,0,2,0,True,True,False,1,1,3,2,0,0,0,0,0,505.09,506.58,599.0,44,6485.0,2.684,3,3,1,Sort,1,0,0,0,0,0,0,1,1,450,0,0,0,16044.0,16044.0,2490368,1228800,3,0.037334829219645975
pagila_category_revenue,"SELECT c.name, COUNT(DISTINCT r.rental_id) AS rentals, SUM(p.amount) AS revenue FROM pagila.category c JOIN pagila.film_category fc USING (category_id) JOIN pagila.inventory i USING (film_id) JOIN pagila.rental r USING (inventory_id) JOIN pagila.payment p USING (rental_id) WHERE p.payment_date >= TIMESTAMPTZ '2022-01-01' AND p.payment_date < TIMESTAMPTZ '2022-02-01' GROUP BY c.name ORDER BY revenue DESC",406,4,2,0,True,True,False,5,5,3,2,4,0,0,0,0,597.26,597.3,16.0,47,28473.0,3.576,16,10,5,Sort,5,0,0,0,4,0,0,2,1,1668,0,0,0,37690.0,16049.0,3153920,1523712,8,0.0009969468502710448
pagila_category_revenue,"SELECT c.name, COUNT(DISTINCT r.rental_id) AS rentals, SUM(p.amount) AS revenue FROM pagila.category c JOIN pagila.film_category fc USING (category_id) JOIN pagila.inventory i USING (film_id) JOIN pagila.rental r USING (inventory_id) JOIN pagila.payment p USING (rental_id) WHERE p.payment_date >= TIMESTAMPTZ '2022-01-01' AND p.payment_date < TIMESTAMPTZ '2022-02-01' GROUP BY c.name ORDER BY revenue DESC",406,4,2,0,True,True,False,5,5,3,2,4,0,0,0,0,597.26,597.3,16.0,47,28473.0,3.671,16,10,5,Sort,5,0,0,0,4,0,0,2,1,1668,0,0,0,37690.0,16049.0,3153920,1523712,8,0.0009969468502710448
pagila_country_revenue,"SELECT co.country, COUNT(DISTINCT cu.customer_id) AS customers, SUM(p.amount) AS revenue FROM pagila.country co JOIN pagila.city ci USING (country_id) JOIN pagila.address a USING (city_id) JOIN pagila.customer cu USING (address_id) JOIN pagila.payment p USING (customer_id) WHERE co.country_id >= 80 GROUP BY co.country ORDER BY revenue DESC",341,4,1,0,True,True,False,5,5,3,2,4,0,0,0,0,825.47,825.54,29.0,49,43552.0,6.233,23,12,11,Sort,11,0,0,0,4,0,0,2,1,928,0,0,0,17960.0,16049.0,557056,262144,10,0.0018069661661162689
pagila_country_revenue,"SELECT co.country, COUNT(DISTINCT cu.customer_id) AS customers, SUM(p.amount) AS revenue FROM pagila.country co JOIN pagila.city ci USING (country_id) JOIN pagila.address a USING (city_id) JOIN pagila.customer cu USING (address_id) JOIN pagila.payment p USING (customer_id) WHERE co.country_id >= 80 GROUP BY co.country ORDER BY revenue DESC",341,4,1,0,True,True,False,5,5,3,2,4,0,0,0,0,825.47,825.54,29.0,49,43552.0,6.235,23,12,11,Sort,11,0,0,0,4,0,0,2,1,928,0,0,0,17960.0,16049.0,557056,262144,10,0.0018069661661162689
pagila_repeat_renters,"SELECT c.customer_id, c.first_name, c.last_name, COUNT(r.rental_id) AS rentals FROM pagila.customer c JOIN pagila.rental r USING (customer_id) WHERE c.customer_id >= 286 GROUP BY c.customer_id, c.first_name, c.last_name HAVING COUNT(r.rental_id) >= 26 ORDER BY rentals DESC",273,1,1,0,True,True,False,2,2,4,2,1,0,0,0,0,422.77,423.03,105.0,25,25292.0,3.557,6,5,2,Sort,2,0,0,0,1,0,0,1,1,645,0,0,0,16643.0,16044.0,2719744,1351680,7,0.006544502617801047
pagila_repeat_renters,"SELECT c.customer_id, c.first_name, c.last_name, COUNT(r.rental_id) AS rentals FROM pagila.customer c JOIN pagila.rental r USING (customer_id) WHERE c.customer_id >= 286 GROUP BY c.customer_id, c.first_name, c.last_name HAVING COUNT(r.rental_id) >= 26 ORDER BY rentals DESC",273,1,1,0,True,True,False,2,2,4,2,1,0,0,0,0,422.77,423.03,105.0,25,25292.0,3.502,6,5,2,Sort,2,0,0,0,1,0,0,1,1,645,0,0,0,16643.0,16044.0,2719744,1351680,7,0.006544502617801047
pagila_rental_gaps,"WITH ordered AS ( SELECT r.customer_id, r.rental_date, lag(r.rental_date) OVER (PARTITION BY r.customer_id ORDER BY r.rental_date) AS previous FROM pagila.rental r WHERE r.customer_id >= 427 ) SELECT customer_id, AVG(rental_date - previous) AS avg_gap FROM ordered WHERE previous IS NOT NULL GROUP BY customer_id ORDER BY avg_gap DESC",334,0,2,1,True,True,False,1,1,5,2,0,0,0,0,0,831.83,833.33,599.0,20,19347.0,4.042,6,6,1,Sort,1,0,0,0,0,0,0,2,1,900,0,0,0,16044.0,16044.0,2490368,1228800,3,0.037334829219645975
pagila_rental_gaps,"WITH ordered AS ( SELECT r.customer_id, r.rental_date, lag(r.rental_date) OVER (PARTITION BY r.customer_id ORDER BY r.rental_date) AS previous FROM pagila.rental r WHERE r.customer_id >= 427 ) SELECT customer_id, AVG(rental_date - previous) AS avg_gap FROM ordered WHERE previous IS NOT NULL GROUP BY customer_id ORDER BY avg_gap DESC",334,0,2,1,True,True,False,1,1,5,2,0,0,0,0,0,831.83,833.33,599.0,20,19347.0,4.178,6,6,1,Sort,1,0,0,0,0,0,0,2,1,900,0,0,0,16044.0,16044.0,2490368,1228800,3,0.037334829219645975
pagila_customer_cohorts,"SELECT date_trunc('month', c.create_date) AS cohort, COUNT(DISTINCT c.customer_id) AS customers, COUNT(r.rental_id) AS rentals FROM pagila.customer c LEFT JOIN pagila.rental r USING (customer_id) WHERE EXTRACT(YEAR FROM c.create_date) >= 2006 GROUP BY cohort ORDER BY cohort",274,1,1,0,True,True,False,2,2,3,2,0,1,0,0,0,731.92,785.5,1.0,24,27159.0,10.481,6,5,2,Aggregate,2,0,0,0,1,0,0,1,1,645,0,0,0,16643.0,16044.0,2719744,1351680,7,6.232859636000998e-05
pagila_customer_cohorts,"SELECT date_trunc('month', c.create_date) AS cohort, COUNT(DISTINCT c.customer_id) AS customers, COUNT(r.rental_id) AS rentals FROM pagila.customer c LEFT JOIN pagila.rental r USING (customer_id) WHERE EXTRACT(YEAR FROM c.create_date) >= 2006 GROUP BY cohort ORDER BY cohort",274,1,1,0,True,True,False,2,2,3,2,0,1,0,0,0,731.92,785.5,1.0,24,27159.0,10.732,6,5,2,Aggregate,2,0,0,0,1,0,0,1,1,645,0,0,0,16643.0,16044.0,2719744,1351680,7,6.232859636000998e-05
pagila_category_revenue,"SELECT c.name, COUNT(DISTINCT r.rental_id) AS rentals, SUM(p.amount) AS revenue FROM pagila.category c JOIN pagila.film_category fc USING (category_id) JOIN pagila.inventory i USING (film_id) JOIN pagila.rental r USING (inventory_id) JOIN pagila.payment p USING (rental_id) WHERE p.payment_date >= TIMESTAMPTZ '2022-05-01' AND p.payment_date < TIMESTAMPTZ '2022-06-01' GROUP BY c.name ORDER BY revenue DESC",406,4,2,0,True,True,False,5,5,3,2,4,0,0,0,0,886.35,886.39,16.0,47,46009.0,6.91,16,9,5,Sort,5,0,0,0,4,0,0,2,1,1668,0,0,0,37690.0,16049.0,3153920,1523712,8,0.0009969468502710448
pagila_category_revenue,"SELECT c.name, COUNT(DISTINCT r.rental_id) AS rentals, SUM(p.amount) AS revenue FROM pagila.category c JOIN pagila.film_category fc USING (category_id) JOIN pagila.inventory i USING (film_id) JOIN pagila.rental r USING (inventory_id) JOIN pagila.payment p USING (rental_id) WHERE p.payment_date >= TIMESTAMPTZ '2022-05-01' AND p.payment_date < TIMESTAMPTZ '2022-06-01' GROUP BY c.name ORDER BY revenue DESC",406,4,2,0,True,True,False,5,5,3,2,4,0,0,0,0,886.35,886.39,16.0,47,46009.0,6.819,16,9,5,Sort,5,0,0,0,4,0,0,2,1,1668,0,0,0,37690.0,16049.0,3153920,1523712,8,0.0009969468502710448
pagila_overdue_rentals,"SELECT r.customer_id, COUNT(*) AS overdue_count, AVG(EXTRACT(EPOCH FROM (r.return_date - r.rental_date)) / 86400) AS avg_days FROM pagila.rental r WHERE r.return_date IS NOT NULL AND r.return_date - r.rental_date > INTERVAL '8 days' GROUP BY r.customer_id ORDER BY overdue_count DESC",283,0,2,0,True,True,False,1,1,3,2,0,0,0,0,0,505.09,506.58,599.0,44,6485.0,3.065,3,3,1,Sort,1,0,0,0,0,0,0,1,1,450,0,0,0,16044.0,16044.0,2490368,1228800,3,0.037334829219645975
pagila_overdue_rentals,"SELECT r.customer_id, COUNT(*) AS overdue_count, AVG(EXTRACT(EPOCH FROM (r.return_date - r.rental_date)) / 86400) AS avg_days FROM pagila.rental r WHERE r.return_date IS NOT NULL AND r.return_date - r.rental_date > INTERVAL '8 days' GROUP BY r.customer_id ORDER BY overdue_count DESC",283,0,2,0,True,True,False,1,1,3,2,0,0,0,0,0,505.09,506.58,599.0,44,6485.0,2.614,3,3,1,Sort,1,0,0,0,0,0,0,1,1,450,0,0,0,16044.0,16044.0,2490368,1228800,3,0.037334829219645975
pagila_staff_performance,"SELECT s.staff_id, s.first_name, s.last_name, COUNT(p.payment_id) AS payments, SUM(p.amount) AS revenue FROM pagila.staff s JOIN pagila.payment p USING (staff_id) WHERE p.payment_date >= TIMESTAMPTZ '2022-03-01' AND p.payment_date < TIMESTAMPTZ '2022-04-01' GROUP BY s.staff_id, s.first_name, s.last_name ORDER BY revenue DESC",326,1,2,0,True,True,False,2,2,5,2,1,0,0,0,0,104.33,104.33,2.0,56,5434.0,1.026,6,5,2,Sort,2,0,0,0,1,0,0,1,1,85,0,0,0,16051.0,16049.0,32768,16384,2,0.0001246183562838806
pagila_staff_performance,"SELECT s.staff_id, s.first_name, s.last_name, COUNT(p.payment_id) AS payments, SUM(p.amount) AS revenue FROM pagila.staff s JOIN pagila.payment p USING (staff_id) WHERE p.payment_date >= TIMESTAMPTZ '2022-03-01' AND p.payment_date < TIMESTAMPTZ '2022-04-01' GROUP BY s.staff_id, s.first_name, s.last_name ORDER BY revenue DESC",326,1,2,0,True,True,False,2,2,5,2,1,0,0,0,0,104.33,104.33,2.0,56,5434.0,1.006,6,5,2,Sort,2,0,0,0,1,0,0,1,1,85,0,0,0,16051.0,16049.0,32768,16384,2,0.0001246183562838806
pagila_store_monthly_revenue,"SELECT date_trunc('month', p.payment_date) AS month, SUM(p.amount) AS revenue, COUNT(DISTINCT p.customer_id) AS customers FROM pagila.payment p JOIN pagila.staff s USING (staff_id) WHERE s.store_id = 1 GROUP BY month ORDER BY month",231,1,1,0,True,True,False,2,2,3,2,1,0,0,0,0,983.42,1184.02,8024.0,48,40121.0,7.079,12,5,8,Aggregate,8,0,0,0,0,0,1,1,1,609,0,0,0,16051.0,16049.0,32768,16384,2,0.499968845410929
pagila_store_monthly_revenue,"SELECT date_trunc('month', p.payment_date) AS month, SUM(p.amount) AS revenue, COUNT(DISTINCT p.customer_id) AS customers FROM pagila.payment p JOIN pagila.staff s USING (staff_id) WHERE s.store_id = 1 GROUP BY month ORDER BY month",231,1,1,0,True,True,False,2,2,3,2,1,0,0,0,0,983.42,1184.02,8024.0,48,40121.0,6.964,12,5,8,Aggregate,8,0,0,0,0,0,1,1,1,609,0,0,0,16051.0,16049.0,32768,16384,2,0.499968845410929
pagila_category_percentiles,"SELECT c.name, percentile_cont(0.5) WITHIN GROUP (ORDER BY p.amount) AS median_payment, percentile_cont(0.9) WITHIN GROUP (ORDER BY p.amount) AS p90_payment FROM pagila.category c JOIN pagila.film_category fc USING (category_id) JOIN pagila.inventory i USING (film_id) JOIN pagila.rental r USING (inventory_id) JOIN pagila.payment p USING (rental_id) WHERE p.amount >= 1.99 GROUP BY c.name ORDER BY p90_payment DESC",415,4,1,0,True,True,False,5,5,3,2,4,0,0,0,0,2334.8,2334.84,16.0,23,122590.0,22.416,23,8,11,Sort,11,0,0,0,4,0,0,2,1,2428,0,0,0,37690.0,16049.0,3153920,1523712,8,0.0009969468502710448
pagila_category_percentiles,"SELECT c.name, percentile_cont(0.5) WITHIN GROUP (ORDER BY p.amount) AS median_payment, percentile_cont(0.9) WITHIN GROUP (ORDER BY p.amount) AS p90_payment FROM pagila.category c JOIN pagila.film_category fc USING (category_id) JOIN pagila.inventory i USING (film_id) JOIN pagila.rental r USING (inventory_id) JOIN pagila.payment p USING (rental_id) WHERE p.amount >= 1.99 GROUP BY c.name ORDER BY p90_payment DESC",415,4,1,0,True,True,False,5,5,3,2,4,0,0,0,0,2334.8,2334.84,16.0,23,122590.0,21.478,23,8,11,Sort,11,0,0,0,4,0,0,2,1,2428,0,0,0,37690.0,16049.0,3153920,1523712,8,0.0009969468502710448
pagila_rating_revenue_pivot,"SELECT i.store_id, SUM(p.amount) FILTER (WHERE f.rating = 'G') AS g_revenue, SUM(p.amount) FILTER (WHERE f.rating = 'PG') AS pg_revenue, SUM(p.amount) FILTER (WHERE f.rating = 'R') AS r_revenue FROM pagila.payment p JOIN pagila.rental r USING (rental_id) JOIN pagila.inventory i USING (inventory_id) JOIN pagila.film f USING (film_id) WHERE p.payment_date >= TIMESTAMPTZ '2022-05-01' AND p.payment_date < TIMESTAMPTZ '2022-06-01' GROUP BY i.store_id ORDER BY i.store_id",469,3,5,0,True,True,False,4,4,4,3,3,0,0,0,0,771.56,771.56,2.0,100,40595.0,5.042,12,7,4,Sort,4,0,0,0,3,0,0,1,1,1540,0,0,0,37674.0,16049.0,3776512,1679360,11,0.0001246183562838806
pagila_rating_revenue_pivot,"SELECT i.store_id, SUM(p.amount) FILTER (WHERE f.rating = 'G') AS g_revenue, SUM(p.amount) FILTER (WHERE f.rating = 'PG') AS pg_revenue, SUM(p.amount) FILTER (WHERE f.rating = 'R') AS r_revenue FROM pagila.payment p JOIN pagila.rental r USING (rental_id) JOIN pagila.inventory i USING (inventory_id) JOIN pagila.film f USING (film_id) WHERE p.payment_date >= TIMESTAMPTZ '2022-05-01' AND p.payment_date < TIMESTAMPTZ '2022-06-01' GROUP BY i.store_id ORDER BY i.store_id",469,3,5,0,True,True,False,4,4,4,3,3,0,0,0,0,771.56,771.56,2.0,100,40595.0,5.083,12,7,4,Sort,4,0,0,0,3,0,0,1,1,1540,0,0,0,37674.0,16049.0,3776512,1679360,11,0.0001246183562838806
pagila_film_popularity,"SELECT f.film_id, f.title, COUNT(r.rental_id) AS rentals FROM pagila.film f JOIN pagila.inventory i USING (film_id) LEFT JOIN pagila.rental r USING (inventory_id) WHERE f.rating = 'R' GROUP BY f.film_id, f.title ORDER BY rentals DESC, f.title LIMIT 40",251,2,1,0,True,True,False,3,3,3,1,1,1,0,0,0,603.63,603.73,40.0,27,26359.0,3.49,10,8,3,Limit,3,0,0,0,2,0,0,1,1,1472,0,0,0,21625.0,16044.0,3776512,1679360,10,0.0024931438544003987
pagila_film_popularity,"SELECT f.film_id, f.title, COUNT(r.rental_id) AS rentals FROM pagila.film f JOIN pagila.inventory i USING (film_id) LEFT JOIN pagila.rental r USING (inventory_id) WHERE f.rating = 'R' GROUP BY f.film_id, f.title ORDER BY rentals DESC, f.title LIMIT 40",251,2,1,0,True,True,False,3,3,3,1,1,1,0,0,0,603.63,603.73,40.0,27,26359.0,3.492,10,8,3,Limit,3,0,0,0,2,0,0,1,1,1472,0,0,0,21625.0,16044.0,3776512,1679360,10,0.0024931438544003987
pagila_city_customer_density,"SELECT co.country, ci.city, COUNT(cu.customer_id) AS customers FROM pagila.country co JOIN pagila.city ci USING (country_id) JOIN pagila.address a USING (city_id) LEFT JOIN pagila.customer cu USING (address_id) WHERE co.country_id <= 7 GROUP BY co.country, ci.city ORDER BY customers DESC LIMIT 60",297,3,1,0,True,True,False,4,4,3,1,2,1,0,0,0,47.14,47.24,39.0,26,850.0,0.203,11,8,4,Limit,2,2,0,0,1,0,2,1,1,769,0,0,0,1911.0,603.0,557056,262144,9,0.06467661691542288
pagila_city_customer_density,"SELECT co.country, ci.city, COUNT(cu.customer_id) AS customers FROM pagila.country co JOIN pagila.city ci USING (country_id) JOIN pagila.address a USING (city_id) LEFT JOIN pagila.customer cu USING (address_id) WHERE co.country_id <= 7 GROUP BY co.country, ci.city ORDER BY customers DESC LIMIT 60",297,3,1,0,True,True,False,4,4,3,1,2,1,0,0,0,47.14,47.24,39.0,26,850.0,0.212,11,8,4,Limit,2,2,0,0,1,0,2,1,1,769,0,0,0,1911.0,603.0,557056,262144,9,0.06467661691542288
pagila_replacement_exposure,"SELECT f.rating, COUNT(*) AS copies, SUM(f.replacement_cost) AS exposure FROM pagila.film f JOIN pagila.inventory i USING (film_id) WHERE f.replacement_cost >= 20 GROUP BY f.rating ORDER BY exposure DESC",203,1,1,0,True,True,False,2,2,3,2,1,0,0,0,0,187.28,187.29,5.0,44,7789.0,1.689,6,5,2,Sort,2,0,0,0,1,0,0,1,1,440,0,0,0,5581.0,4581.0,1286144,450560,7,0.0010914647456887142
pagila_replacement_exposure,"SELECT f.rating, COUNT(*) AS copies, SUM(f.replacement_cost) AS exposure FROM pagila.film f JOIN pagila.inventory i USING (film_id) WHERE f.replacement_cost >= 20 GROUP BY f.rating ORDER BY exposure DESC",203,1,1,0,True,True,False,2,2,3,2,1,0,0,0,0,187.28,187.29,5.0,44,7789.0,1.223,6,5,2,Sort,2,0,0,0,1,0,0,1,1,440,0,0,0,5581.0,4581.0,1286144,450560,7,0.0010914647456887142
pagila_actor_category_diversity,"SELECT a.actor_id, a.first_name, a.last_name, COUNT(DISTINCT fc.category_id) AS category_count FROM pagila.actor a JOIN pagila.film_actor fa USING (actor_id) JOIN pagila.film_category fc USING (film_id) WHERE a.actor_id >= 27 GROUP BY a.actor_id, a.first_name, a.last_name ORDER BY category_count DESC",301,2,1,0,True,True,False,3,3,4,1,2,0,0,0,0,533.84,534.28,174.0,25,22414.0,3.963,10,7,3,Sort,3,0,0,0,2,0,0,2,1,230,0,0,0,6662.0,5462.0,704512,303104,5,0.03185646283412669
pagila_actor_category_diversity,"SELECT a.actor_id, a.first_name, a.last_name, COUNT(DISTINCT fc.category_id) AS category_count FROM pagila.actor a JOIN pagila.film_actor fa USING (actor_id) JOIN pagila.film_category fc USING (film_id) WHERE a.actor_id >= 27 GROUP BY a.actor_id, a.first_name, a.last_name ORDER BY category_count DESC",301,2,1,0,True,True,False,3,3,4,1,2,0,0,0,0,533.84,534.28,174.0,25,22414.0,3.713,10,7,3,Sort,3,0,0,0,2,0,0,2,1,230,0,0,0,6662.0,5462.0,704512,303104,5,0.03185646283412669
pagila_inactive_customers,"SELECT c.customer_id, c.first_name, c.last_name FROM pagila.customer c WHERE c.activebool = true AND NOT EXISTS ( SELECT 1 FROM pagila.rental r WHERE r.customer_id = c.customer_id AND r.rental_date >= TIMESTAMPTZ '2022-06-01' ) ORDER BY c.customer_id",250,0,4,1,False,True,False,2,2,4,0,0,0,0,0,0,554.46,554.46,1.0,17,30107.0,2.785,5,4,2,Sort,2,0,0,0,1,0,0,1,0,627,0,0,0,16643.0,16044.0,2719744,1351680,7,6.232859636000998e-05
pagila_inactive_customers,"SELECT c.customer_id, c.first_name, c.last_name FROM pagila.customer c WHERE c.activebool = true AND NOT EXISTS ( SELECT 1 FROM pagila.rental r WHERE r.customer_id = c.customer_id AND r.rental_date >= TIMESTAMPTZ '2022-06-01' ) ORDER BY c.customer_id",250,0,4,1,False,True,False,2,2,4,0,0,0,0,0,0,554.46,554.46,1.0,17,30107.0,3.289,5,4,2,Sort,2,0,0,0,1,0,0,1,0,627,0,0,0,16643.0,16044.0,2719744,1351680,7,6.232859636000998e-05
pagila_unrented_films,"SELECT f.film_id, f.title FROM pagila.film f WHERE f.rating = 'G' AND NOT EXISTS ( SELECT 1 FROM pagila.inventory i JOIN pagila.rental r USING (inventory_id) WHERE i.film_id = f.film_id ) ORDER BY f.title",204,1,3,1,False,True,False,3,3,3,0,1,0,0,0,0,763.98,764.0,7.0,19,57486.0,6.1,8,6,3,Sort,3,0,0,0,2,0,0,1,0,1122,0,0,0,21625.0,16044.0,3776512,1679360,10,0.0004363001745200698
pagila_unrented_films,"SELECT f.film_id, f.title FROM pagila.film f WHERE f.rating = 'G' AND NOT EXISTS ( SELECT 1 FROM pagila.inventory i JOIN pagila.rental r USING (inventory_id) WHERE i.film_id = f.film_id ) ORDER BY f.title",204,1,3,1,False,True,False,3,3,3,0,1,0,0,0,0,763.98,764.0,7.0,19,57486.0,6.42,8,6,3,Sort,3,0,0,0,2,0,0,1,0,1122,0,0,0,21625.0,16044.0,3776512,1679360,10,0.0004363001745200698
pagila_actor_rental_impact,"SELECT a.actor_id, a.first_name, a.last_name, COUNT(r.rental_id) AS rentals, COALESCE(SUM(p.amount), 0) AS revenue FROM pagila.actor a JOIN pagila.film_actor fa USING (actor_id) JOIN pagila.inventory i USING (film_id) LEFT JOIN pagila.rental r USING (inventory_id) LEFT JOIN pagila.payment p USING (rental_id) WHERE a.actor_id >= 140 GROUP BY a.actor_id, a.first_name, a.last_name ORDER BY revenue DESC LIMIT 30",411,4,1,0,True,True,False,5,5,5,2,2,2,0,0,0,1823.3,1823.38,30.0,57,141076.0,19.027,23,8,11,Limit,11,0,0,0,4,0,0,1,1,2604,0,0,0,42336.0,16049.0,3596288,1728512,10,0.0018692753442582093
pagila_actor_rental_impact,"SELECT a.actor_id, a.first_name, a.last_name, COUNT(r.rental_id) AS rentals, COALESCE(SUM(p.amount), 0) AS revenue FROM pagila.actor a JOIN pagila.film_actor fa USING (actor_id) JOIN pagila.inventory i USING (film_id) LEFT JOIN pagila.rental r USING (inventory_id) LEFT JOIN pagila.payment p USING (rental_id) WHERE a.actor_id >= 140 GROUP BY a.actor_id, a.first_name, a.last_name ORDER BY revenue DESC LIMIT 30",411,4,1,0,True,True,False,5,5,5,2,2,2,0,0,0,1823.3,1823.38,30.0,57,141076.0,19.037,23,8,11,Limit,11,0,0,0,4,0,0,1,1,2604,0,0,0,42336.0,16049.0,3596288,1728512,10,0.0018692753442582093
pagila_country_revenue,"SELECT co.country, COUNT(DISTINCT cu.customer_id) AS customers, SUM(p.amount) AS revenue FROM pagila.country co JOIN pagila.city ci USING (country_id) JOIN pagila.address a USING (city_id) JOIN pagila.customer cu USING (address_id) JOIN pagila.payment p USING (customer_id) WHERE co.country_id >= 34 GROUP BY co.country ORDER BY revenue DESC",341,4,1,0,True,True,False,5,5,3,2,4,0,0,0,0,1464.96,1465.15,76.0,49,106499.0,16.866,23,9,11,Sort,11,0,0,0,4,0,0,2,1,1275,0,0,0,17960.0,16049.0,557056,262144,10,0.004735497538787463
pagila_country_revenue,"SELECT co.country, COUNT(DISTINCT cu.customer_id) AS customers, SUM(p.amount) AS revenue FROM pagila.country co JOIN pagila.city ci USING (country_id) JOIN pagila.address a USING (city_id) JOIN pagila.customer cu USING (address_id) JOIN pagila.payment p USING (customer_id) WHERE co.country_id >= 34 GROUP BY co.country ORDER BY revenue DESC",341,4,1,0,True,True,False,5,5,3,2,4,0,0,0,0,1464.96,1465.15,76.0,49,106499.0,17.184,23,9,11,Sort,11,0,0,0,4,0,0,2,1,1275,0,0,0,17960.0,16049.0,557056,262144,10,0.004735497538787463
pagila_customer_recency_rank,"WITH activity AS ( SELECT c.customer_id, c.store_id, MAX(r.rental_date) AS last_rental FROM pagila.customer c LEFT JOIN pagila.rental r USING (customer_id) WHERE c.store_id = 2 GROUP BY c.customer_id, c.store_id ) SELECT customer_id, last_rental, dense_rank() OVER (ORDER BY last_rental DESC NULLS LAST) AS recency_rank FROM activity ORDER BY recency_rank, customer_id",368,1,1,1,True,True,False,2,2,6,2,0,1,0,0,0,441.65,442.33,273.0,20,25267.0,3.48,9,8,2,Sort,2,0,0,0,1,0,0,2,1,1122,0,0,0,16643.0,16044.0,2719744,1351680,7,0.017015706806282723
pagila_customer_recency_rank,"WITH activity AS ( SELECT c.customer_id, c.store_id, MAX(r.rental_date) AS last_rental FROM pagila.customer c LEFT JOIN pagila.rental r USING (customer_id) WHERE c.store_id = 2 GROUP BY c.customer_id, c.store_id ) SELECT customer_id, last_rental, dense_rank() OVER (ORDER BY last_rental DESC NULLS LAST) AS recency_rank FROM activity ORDER BY recency_rank, customer_id",368,1,1,1,True,True,False,2,2,6,2,0,1,0,0,0,441.65,442.33,273.0,20,25267.0,3.432,9,8,2,Sort,2,0,0,0,1,0,0,2,1,1122,0,0,0,16643.0,16044.0,2719744,1351680,7,0.017015706806282723
pagila_top_films_per_category,"WITH ranked AS ( SELECT c.name AS category, f.title, COUNT(r.rental_id) AS rentals, dense_rank() OVER (PARTITION BY c.category_id ORDER BY COUNT(r.rental_id) DESC) AS rank FROM pagila.category c JOIN pagila.film_category fc USING (category_id) JOIN pagila.film f USING (film_id) JOIN pagila.inventory i USING (film_id) LEFT JOIN pagila.rental r USING (inventory_id) WHERE f.rating = 'G' GROUP BY c.category_id, c.name, f.film_id, f.title ) SELECT category, title, rentals FROM ranked WHERE rank <= 6 ORDER BY category, rentals DESC",531,4,2,1,True,True,False,5,5,7,3,3,1,0,0,0,1074.16,1081.28,2848.0,30,41271.0,4.024,18,13,5,Sort,5,0,0,0,4,0,0,2,1,2236,0,0,0,22641.0,16044.0,3923968,1736704,12,0.1775118424333084
pagila_top_films_per_category,"WITH ranked AS ( SELECT c.name AS category, f.title, COUNT(r.rental_id) AS rentals, dense_rank() OVER (PARTITION BY c.category_id ORDER BY COUNT(r.rental_id) DESC) AS rank FROM pagila.category c JOIN pagila.film_category fc USING (category_id) JOIN pagila.film f USING (film_id) JOIN pagila.inventory i USING (film_id) LEFT JOIN pagila.rental r USING (inventory_id) WHERE f.rating = 'G' GROUP BY c.category_id, c.name, f.film_id, f.title ) SELECT category, title, rentals FROM ranked WHERE rank <= 6 ORDER BY category, rentals DESC",531,4,2,1,True,True,False,5,5,7,3,3,1,0,0,0,1074.16,1081.28,2848.0,30,41271.0,4.12,18,13,5,Sort,5,0,0,0,4,0,0,2,1,2236,0,0,0,22641.0,16044.0,3923968,1736704,12,0.1775118424333084
pagila_customer_payment_transitions,"SELECT p.customer_id, p.payment_date, p.amount, lag(p.amount) OVER (PARTITION BY p.customer_id ORDER BY p.payment_date) AS previous_amount, p.amount - lag(p.amount) OVER (PARTITION BY p.customer_id ORDER BY p.payment_date) AS delta FROM pagila.payment p WHERE p.customer_id >= 319 ORDER BY p.customer_id, p.payment_date",319,0,1,0,False,True,False,1,1,5,2,0,0,0,0,0,837.26,1004.64,7440.0,82,29760.0,6.19,10,4,7,WindowAgg,7,0,0,0,0,0,0,1,0,484,0,0,0,16049.0,16049.0,0,0,1,0.4635802853760359
pagila_customer_payment_transitions,"SELECT p.customer_id, p.payment_date, p.amount, lag(p.amount) OVER (PARTITION BY p.customer_id ORDER BY p.payment_date) AS previous_amount, p.amount - lag(p.amount) OVER (PARTITION BY p.customer_id ORDER BY p.payment_date) AS delta FROM pagila.payment p WHERE p.customer_id >= 319 ORDER BY p.customer_id, p.payment_date",319,0,1,0,False,True,False,1,1,5,2,0,0,0,0,0,837.26,1004.64,7440.0,82,29760.0,6.133,10,4,7,WindowAgg,7,0,0,0,0,0,0,1,0,484,0,0,0,16049.0,16049.0,0,0,1,0.4635802853760359
pagila_duration_outliers,"WITH stats AS ( SELECT rating, AVG(length) AS avg_length, STDDEV_POP(length) AS sd FROM pagila.film GROUP BY rating ) SELECT f.film_id, f.title, f.length FROM pagila.film f JOIN stats s USING (rating) WHERE f.rating = 'G' AND f.length > s.avg_length + s.sd ORDER BY f.length DESC",279,1,2,1,True,True,False,2,1,6,2,1,0,0,0,0,158.76,158.9,59.0,21,475.0,0.361,5,4,1,Sort,2,0,0,0,0,0,1,1,1,448,0,0,0,1000.0,1000.0,770048,212992,5,0.059
pagila_duration_outliers,"WITH stats AS ( SELECT rating, AVG(length) AS avg_length, STDDEV_POP(length) AS sd FROM pagila.film GROUP BY rating ) SELECT f.film_id, f.title, f.length FROM pagila.film f JOIN stats s USING (rating) WHERE f.rating = 'G' AND f.length > s.avg_length + s.sd ORDER BY f.length DESC",279,1,2,1,True,True,False,2,1,6,2,1,0,0,0,0,158.76,158.9,59.0,21,475.0,0.352,5,4,1,Sort,2,0,0,0,0,0,1,1,1,448,0,0,0,1000.0,1000.0,770048,212992,5,0.059
pagila_inventory_availability,"SELECT i.store_id, COUNT(*) AS copies, COUNT(*) FILTER (WHERE r.rental_id IS NULL) AS available FROM pagila.inventory i LEFT JOIN pagila.rental r ON r.inventory_id = i.inventory_id AND r.return_date IS NULL WHERE i.film_id BETWEEN 226 AND 326 GROUP BY i.store_id ORDER BY i.store_id",282,1,2,0,True,True,False,2,2,3,2,0,1,0,0,0,419.33,419.33,2.0,20,1636.0,1.345,6,5,2,Sort,2,0,0,0,1,0,0,1,1,750,0,0,0,20625.0,16044.0,3006464,1466368,5,0.00012465719272001995
pagila_inventory_availability,"SELECT i.store_id, COUNT(*) AS copies, COUNT(*) FILTER (WHERE r.rental_id IS NULL) AS available FROM pagila.inventory i LEFT JOIN pagila.rental r ON r.inventory_id = i.inventory_id AND r.return_date IS NULL WHERE i.film_id BETWEEN 226 AND 326 GROUP BY i.store_id ORDER BY i.store_id",282,1,2,0,True,True,False,2,2,3,2,0,1,0,0,0,419.33,419.33,2.0,20,1636.0,0.993,6,5,2,Sort,2,0,0,0,1,0,0,1,1,750,0,0,0,20625.0,16044.0,3006464,1466368,5,0.00012465719272001995
pagila_store_inventory_turnover,"SELECT i.store_id, COUNT(DISTINCT i.inventory_id) AS inventory, COUNT(r.rental_id) AS rentals, COUNT(r.rental_id)::numeric / NULLIF(COUNT(DISTINCT i.inventory_id), 0) AS turnover FROM pagila.inventory i LEFT JOIN pagila.rental r USING (inventory_id) WHERE r.return_date - r.rental_date >= INTERVAL '6 days' GROUP BY i.store_id ORDER BY turnover DESC",349,1,1,0,True,True,False,2,2,4,4,0,1,0,0,0,922.48,922.49,2.0,52,25210.0,5.691,7,6,2,Sort,2,0,0,0,1,0,0,2,1,930,0,0,0,20625.0,16044.0,3006464,1466368,5,0.00012465719272001995
pagila_store_inventory_turnover,"SELECT i.store_id, COUNT(DISTINCT i.inventory_id) AS inventory, COUNT(r.rental_id) AS rentals, COUNT(r.rental_id)::numeric / NULLIF(COUNT(DISTINCT i.inventory_id), 0) AS turnover FROM pagila.inventory i LEFT JOIN pagila.rental r USING (inventory_id) WHERE r.return_date - r.rental_date >= INTERVAL '6 days' GROUP BY i.store_id ORDER BY turnover DESC",349,1,1,0,True,True,False,2,2,4,4,0,1,0,0,0,922.48,922.49,2.0,52,25210.0,5.603,7,6,2,Sort,2,0,0,0,1,0,0,2,1,930,0,0,0,20625.0,16044.0,3006464,1466368,5,0.00012465719272001995
pagila_customer_lifetime_value,"SELECT c.customer_id, c.first_name, c.last_name, COUNT(p.payment_id) AS payments, SUM(p.amount) AS lifetime_value FROM pagila.customer c JOIN pagila.payment p USING (customer_id) WHERE c.customer_id >= 158 GROUP BY c.customer_id, c.first_name, c.last_name HAVING COUNT(p.payment_id) >= 5 ORDER BY lifetime_value DESC LIMIT 50",325,1,1,0,True,True,False,2,2,5,3,1,0,0,0,0,526.51,526.64,50.0,57,45169.0,6.173,14,6,8,Limit,8,0,0,0,1,0,0,1,1,780,0,0,0,16648.0,16049.0,229376,122880,5,0.0031154589070970153
pagila_customer_lifetime_value,"SELECT c.customer_id, c.first_name, c.last_name, COUNT(p.payment_id) AS payments, SUM(p.amount) AS lifetime_value FROM pagila.customer c JOIN pagila.payment p USING (customer_id) WHERE c.customer_id >= 158 GROUP BY c.customer_id, c.first_name, c.last_name HAVING COUNT(p.payment_id) >= 5 ORDER BY lifetime_value DESC LIMIT 50",325,1,1,0,True,True,False,2,2,5,3,1,0,0,0,0,526.51,526.64,50.0,57,45169.0,6.221,14,6,8,Limit,8,0,0,0,1,0,0,1,1,780,0,0,0,16648.0,16049.0,229376,122880,5,0.0031154589070970153
pagila_payment_moving_average,"SELECT p.customer_id, p.payment_date, p.amount, AVG(p.amount) OVER (PARTITION BY p.customer_id ORDER BY p.payment_date ROWS BETWEEN 4 PRECEDING AND CURRENT ROW) AS moving_avg FROM pagila.payment p WHERE p.customer_id BETWEEN 412 AND 462 ORDER BY p.customer_id, p.payment_date",275,0,1,0,False,True,False,1,1,4,1,0,0,0,0,0,287.98,315.14,1359.0,50,6575.0,1.722,16,5,7,WindowAgg,1,0,0,6,0,0,0,1,0,295,0,0,0,16049.0,16049.0,0,0,1,0.08467817309489688
pagila_payment_moving_average,"SELECT p.customer_id, p.payment_date, p.amount, AVG(p.amount) OVER (PARTITION BY p.customer_id ORDER BY p.payment_date ROWS BETWEEN 4 PRECEDING AND CURRENT ROW) AS moving_avg FROM pagila.payment p WHERE p.customer_id BETWEEN 412 AND 462 ORDER BY p.customer_id, p.payment_date",275,0,1,0,False,True,False,1,1,4,1,0,0,0,0,0,287.98,315.14,1359.0,50,6575.0,1.724,16,5,7,WindowAgg,1,0,0,6,0,0,0,1,0,295,0,0,0,16049.0,16049.0,0,0,1,0.08467817309489688
pagila_language_catalog,"SELECT l.name, f.rating, COUNT(*) AS films, AVG(f.length) AS avg_length FROM pagila.language l JOIN pagila.film f USING (language_id) WHERE f.length >= 150 GROUP BY l.name, f.rating ORDER BY films DESC",201,1,1,0,True,True,False,2,2,4,2,1,0,0,0,0,82.42,82.5,30.0,65,580.0,0.302,6,5,2,Sort,2,0,0,0,1,0,0,1,1,261,0,0,0,1006.0,1000.0,794624,229376,6,0.03
pagila_language_catalog,"SELECT l.name, f.rating, COUNT(*) AS films, AVG(f.length) AS avg_length FROM pagila.language l JOIN pagila.film f USING (language_id) WHERE f.length >= 150 GROUP BY l.name, f.rating ORDER BY films DESC",201,1,1,0,True,True,False,2,2,4,2,1,0,0,0,0,82.42,82.5,30.0,65,580.0,0.289,6,5,2,Sort,2,0,0,0,1,0,0,1,1,261,0,0,0,1006.0,1000.0,794624,229376,6,0.03
pagila_inventory_imbalance,"SELECT i.film_id, COUNT(*) FILTER (WHERE i.store_id = 1) AS store_one, COUNT(*) FILTER (WHERE i.store_id = 2) AS store_two FROM pagila.inventory i WHERE i.film_id >= 1 GROUP BY i.film_id HAVING ABS(COUNT(*) FILTER (WHERE i.store_id = 1) - COUNT(*) FILTER (WHERE i.store_id = 2)) >= 1 ORDER BY i.film_id",302,0,5,0,True,True,False,1,1,3,4,0,0,0,0,0,174.56,175.35,319.0,20,5219.0,1.158,3,3,1,Sort,1,0,0,0,0,0,0,1,1,90,0,0,0,4581.0,4581.0,516096,237568,2,0.06963545077493997
pagila_inventory_imbalance,"SELECT i.film_id, COUNT(*) FILTER (WHERE i.store_id = 1) AS store_one, COUNT(*) FILTER (WHERE i.store_id = 2) AS store_two FROM pagila.inventory i WHERE i.film_id >= 1 GROUP BY i.film_id HAVING ABS(COUNT(*) FILTER (WHERE i.store_id = 1) - COUNT(*) FILTER (WHERE i.store_id = 2)) >= 1 ORDER BY i.film_id",302,0,5,0,True,True,False,1,1,3,4,0,0,0,0,0,174.56,175.35,319.0,20,5219.0,1.158,3,3,1,Sort,1,0,0,0,0,0,0,1,1,90,0,0,0,4581.0,4581.0,516096,237568,2,0.06963545077493997
pagila_repeat_renters,"SELECT c.customer_id, c.first_name, c.last_name, COUNT(r.rental_id) AS rentals FROM pagila.customer c JOIN pagila.rental r USING (customer_id) WHERE c.customer_id >= 298 GROUP BY c.customer_id, c.first_name, c.last_name HAVING COUNT(r.rental_id) >= 32 ORDER BY rentals DESC",273,1,1,0,True,True,False,2,2,4,2,1,0,0,0,0,420.7,420.95,101.0,25,24939.0,3.414,6,5,2,Sort,2,0,0,0,1,0,0,1,1,645,0,0,0,16643.0,16044.0,2719744,1351680,7,0.006295188232361007
pagila_repeat_renters,"SELECT c.customer_id, c.first_name, c.last_name, COUNT(r.rental_id) AS rentals FROM pagila.customer c JOIN pagila.rental r USING (customer_id) WHERE c.customer_id >= 298 GROUP BY c.customer_id, c.first_name, c.last_name HAVING COUNT(r.rental_id) >= 32 ORDER BY rentals DESC",273,1,1,0,True,True,False,2,2,4,2,1,0,0,0,0,420.7,420.95,101.0,25,24939.0,3.668,6,5,2,Sort,2,0,0,0,1,0,0,1,1,645,0,0,0,16643.0,16044.0,2719744,1351680,7,0.006295188232361007
pagila_daily_revenue_rollup,"SELECT date_trunc('day', p.payment_date) AS day, s.store_id, SUM(p.amount) AS revenue FROM pagila.payment p JOIN pagila.staff s USING (staff_id) WHERE p.payment_date >= TIMESTAMPTZ '2022-05-01' AND p.payment_date < TIMESTAMPTZ '2022-06-01' GROUP BY GROUPING SETS ((day, s.store_id), (day), ()) ORDER BY day NULLS LAST, s.store_id NULLS LAST",340,1,2,0,True,True,False,2,2,3,1,1,0,0,0,0,242.21,349.31,5355.0,44,13390.0,1.856,6,5,2,Aggregate,2,0,0,0,1,0,0,1,1,85,0,0,0,16051.0,16049.0,32768,16384,2,0.3336656489500903
pagila_daily_revenue_rollup,"SELECT date_trunc('day', p.payment_date) AS day, s.store_id, SUM(p.amount) AS revenue FROM pagila.payment p JOIN pagila.staff s USING (staff_id) WHERE p.payment_date >= TIMESTAMPTZ '2022-05-01' AND p.payment_date < TIMESTAMPTZ '2022-06-01' GROUP BY GROUPING SETS ((day, s.store_id), (day), ()) ORDER BY day NULLS LAST, s.store_id NULLS LAST",340,1,2,0,True,True,False,2,2,3,1,1,0,0,0,0,242.21,349.31,5355.0,44,13390.0,1.81,6,5,2,Aggregate,2,0,0,0,1,0,0,1,1,85,0,0,0,16051.0,16049.0,32768,16384,2,0.3336656489500903
pagila_return_sla,"SELECT i.store_id, COUNT(*) AS rentals, COUNT(*) FILTER (WHERE r.return_date <= r.rental_date + INTERVAL '4 days') AS within_sla FROM pagila.rental r JOIN pagila.inventory i USING (inventory_id) WHERE r.return_date IS NOT NULL GROUP BY i.store_id ORDER BY i.store_id",266,1,2,0,True,True,False,2,2,3,2,1,0,0,0,0,683.47,683.48,2.0,20,40888.0,6.805,6,5,2,Sort,2,0,0,0,1,0,0,1,1,750,0,0,0,20625.0,16044.0,3006464,1466368,5,0.00012465719272001995
pagila_return_sla,"SELECT i.store_id, COUNT(*) AS rentals, COUNT(*) FILTER (WHERE r.return_date <= r.rental_date + INTERVAL '4 days') AS within_sla FROM pagila.rental r JOIN pagila.inventory i USING (inventory_id) WHERE r.return_date IS NOT NULL GROUP BY i.store_id ORDER BY i.store_id",266,1,2,0,True,True,False,2,2,3,2,1,0,0,0,0,683.47,683.48,2.0,20,40888.0,6.593,6,5,2,Sort,2,0,0,0,1,0,0,1,1,750,0,0,0,20625.0,16044.0,3006464,1466368,5,0.00012465719272001995
pagila_film_pair_affinity,"SELECT i1.film_id AS first_film, i2.film_id AS second_film, COUNT(DISTINCT r1.customer_id) AS shared_customers FROM pagila.rental r1 JOIN pagila.inventory i1 USING (inventory_id) JOIN pagila.rental r2 ON r2.customer_id = r1.customer_id AND r2.rental_id > r1.rental_id JOIN pagila.inventory i2 ON i2.inventory_id = r2.inventory_id WHERE i1.film_id < i2.film_id GROUP BY i1.film_id, i2.film_id HAVING COUNT(DISTINCT r1.customer_id) >= 4 ORDER BY shared_customers DESC LIMIT 40",474,3,1,0,True,True,False,4,2,3,2,3,0,0,0,0,13344.35,13344.45,40.0,16,358245.0,135.759,14,9,2,Limit,4,0,0,0,3,0,0,2,1,2880,0,1160,1164,20625.0,16044.0,3006464,1466368,5,0.0024931438544003987
pagila_film_pair_affinity,"SELECT i1.film_id AS first_film, i2.film_id AS second_film, COUNT(DISTINCT r1.customer_id) AS shared_customers FROM pagila.rental r1 JOIN pagila.inventory i1 USING (inventory_id) JOIN pagila.rental r2 ON r2.customer_id = r1.customer_id AND r2.rental_id > r1.rental_id JOIN pagila.inventory i2 ON i2.inventory_id = r2.inventory_id WHERE i1.film_id < i2.film_id GROUP BY i1.film_id, i2.film_id HAVING COUNT(DISTINCT r1.customer_id) >= 4 ORDER BY shared_customers DESC LIMIT 40",474,3,1,0,True,True,False,4,2,3,2,3,0,0,0,0,13344.35,13344.45,40.0,16,358245.0,133.431,14,9,2,Limit,4,0,0,0,3,0,0,2,1,2880,0,1160,1164,20625.0,16044.0,3006464,1466368,5,0.0024931438544003987
