template_id,sql_text,query_length,join_count,where_condition_count,subquery_count,has_group_by,has_order_by,has_distinct,table_reference_count,unique_table_count,select_expression_count,aggregate_function_count,inner_join_count,left_join_count,right_join_count,full_join_count,cross_join_count,estimated_startup_cost,estimated_total_cost,estimated_plan_rows,estimated_plan_width,estimated_rows_all_nodes,actual_total_time_ms,node_count,max_plan_depth,relation_count,root_node_type,seq_scan_count,index_scan_count,index_only_scan_count,bitmap_heap_scan_count,hash_join_count,merge_join_count,nested_loop_count,sort_node_count,aggregate_node_count,shared_hit_blocks,shared_read_blocks,temp_read_blocks,temp_written_blocks,relation_row_estimate_sum,largest_relation_rows,relation_size_bytes,index_size_bytes,existing_index_count,estimated_selectivity
prod_network_two_hop,"WITH RECURSIVE network(origin, destination, depth, path) AS ( SELECT departure_airport, arrival_airport, 1, ARRAY[departure_airport::text, arrival_airport::text] FROM aviation.flights WHERE departure_airport = 'MSQ' UNION SELECT n.origin, f.arrival_airport, n.depth + 1, n.path || f.arrival_airport FROM network n JOIN aviation.flights f ON f.departure_airport = n.destination WHERE n.depth < 2 AND NOT f.arrival_airport = ANY(n.path) ) SELECT destination, MIN(depth) AS hops, COUNT(*) AS alternatives FROM network GROUP BY destination ORDER BY hops, alternatives DESC",568,1,3,2,True,True,False,2,1,11,2,1,0,0,0,0,3090460.67,3090461.17,200.0,28,82902889.0,755.611,10,5,1,Sort,2,0,0,0,0,1,0,3,1,6198,0,0,0,50000.0,50000.0,6987776,2727936,2,0.004
prod_network_two_hop,"WITH RECURSIVE network(origin, destination, depth, path) AS ( SELECT departure_airport, arrival_airport, 1, ARRAY[departure_airport::text, arrival_airport::text] FROM aviation.flights WHERE departure_airport = 'MSQ' UNION SELECT n.origin, f.arrival_airport, n.depth + 1, n.path || f.arrival_airport FROM network n JOIN aviation.flights f ON f.departure_airport = n.destination WHERE n.depth < 2 AND NOT f.arrival_airport = ANY(n.path) ) SELECT destination, MIN(depth) AS hops, COUNT(*) AS alternatives FROM network GROUP BY destination ORDER BY hops, alternatives DESC",568,1,3,2,True,True,False,2,1,11,2,1,0,0,0,0,3090460.67,3090461.17,200.0,28,82902889.0,523.837,10,5,1,Sort,2,0,0,0,0,1,0,3,1,6192,0,0,0,50000.0,50000.0,6987776,2727936,2,0.004
prod_seat_heatmap,"SELECT s.seat_no, s.fare_conditions, COUNT(DISTINCT f.flight_id) AS operated_flights, COUNT(bp.ticket_no) AS occupied, COUNT(bp.ticket_no)::numeric / NULLIF(COUNT(DISTINCT f.flight_id), 0) AS utilization FROM aviation.seats s JOIN aviation.flights f ON f.aircraft_code = s.aircraft_code LEFT JOIN aviation.boarding_passes bp ON bp.flight_id = f.flight_id AND bp.seat_no = s.seat_no WHERE s.aircraft_code = '320' GROUP BY s.seat_no, s.fare_conditions ORDER BY utilization DESC, s.seat_no",486,2,1,0,True,True,False,3,3,5,4,1,1,0,0,0,376303.96,376304.26,121.0,59,6930534.0,7880.2,10,7,3,Sort,3,0,0,0,1,0,1,2,1,3521,34914,78303,82049,850900.0,800000.0,130727936,78168064,6,0.00015125
prod_seat_heatmap,"SELECT s.seat_no, s.fare_conditions, COUNT(DISTINCT f.flight_id) AS operated_flights, COUNT(bp.ticket_no) AS occupied, COUNT(bp.ticket_no)::numeric / NULLIF(COUNT(DISTINCT f.flight_id), 0) AS utilization FROM aviation.seats s JOIN aviation.flights f ON f.aircraft_code = s.aircraft_code LEFT JOIN aviation.boarding_passes bp ON bp.flight_id = f.flight_id AND bp.seat_no = s.seat_no WHERE s.aircraft_code = '320' GROUP BY s.seat_no, s.fare_conditions ORDER BY utilization DESC, s.seat_no",486,2,1,0,True,True,False,3,3,5,4,1,1,0,0,0,376303.96,376304.26,121.0,59,6930534.0,8032.0,10,7,3,Sort,3,0,0,0,1,0,1,2,1,3707,34722,78303,82049,850900.0,800000.0,130727936,78168064,6,0.00015125
prod_passenger_no_show_streak,"WITH attendance AS ( SELECT t.passenger_id, f.scheduled_departure, CASE WHEN bp.ticket_no IS NULL THEN 1 ELSE 0 END AS no_show FROM aviation.tickets t JOIN aviation.ticket_flights tf ON tf.ticket_no = t.ticket_no JOIN aviation.flights f ON f.flight_id = tf.flight_id LEFT JOIN aviation.boarding_passes bp ON bp.ticket_no = tf.ticket_no AND bp.flight_id = tf.flight_id ), runs AS ( SELECT *, SUM(CASE WHEN no_show = 0 THEN 1 ELSE 0 END) OVER (PARTITION BY passenger_id ORDER BY scheduled_departure) AS run_id FROM attendance ) SELECT passenger_id, run_id, COUNT(*) AS consecutive_no_shows FROM runs WHERE no_show = 1 GROUP BY passenger_id, run_id HAVING COUNT(*) >= 2 ORDER BY consecutive_no_shows DESC LIMIT 200",711,3,1,2,True,True,False,4,4,8,3,2,1,0,0,0,260558.96,260559.46,200.0,28,5280201.0,3807.425,18,13,4,Limit,4,0,0,0,3,0,0,2,1,102970,153060,223163,230476,2350000.0,1000000.0,317857792,154836992,7,0.0002
prod_passenger_no_show_streak,"WITH attendance AS ( SELECT t.passenger_id, f.scheduled_departure, CASE WHEN bp.ticket_no IS NULL THEN 1 ELSE 0 END AS no_show FROM aviation.tickets t JOIN aviation.ticket_flights tf ON tf.ticket_no = t.ticket_no JOIN aviation.flights f ON f.flight_id = tf.flight_id LEFT JOIN aviation.boarding_passes bp ON bp.ticket_no = tf.ticket_no AND bp.flight_id = tf.flight_id ), runs AS ( SELECT *, SUM(CASE WHEN no_show = 0 THEN 1 ELSE 0 END) OVER (PARTITION BY passenger_id ORDER BY scheduled_departure) AS run_id FROM attendance ) SELECT passenger_id, run_id, COUNT(*) AS consecutive_no_shows FROM runs WHERE no_show = 1 GROUP BY passenger_id, run_id HAVING COUNT(*) >= 2 ORDER BY consecutive_no_shows DESC LIMIT 200",711,3,1,2,True,True,False,4,4,8,3,2,1,0,0,0,260558.96,260559.46,200.0,28,5280201.0,3565.917,18,13,4,Limit,4,0,0,0,3,0,0,2,1,105274,150756,223245,231036,2350000.0,1000000.0,317857792,154836992,7,0.0002
prod_booking_funnel,"WITH cohort AS ( SELECT book_ref FROM aviation.bookings WHERE book_date >= DATE '2025-01-01' AND book_date < DATE '2025-01-01' + INTERVAL '30 days' ), ticketed AS ( SELECT c.book_ref, COUNT(DISTINCT t.ticket_no) AS tickets FROM cohort c LEFT JOIN aviation.tickets t ON t.book_ref = c.book_ref GROUP BY c.book_ref ), segmented AS ( SELECT x.book_ref, x.tickets, COUNT(tf.flight_id) AS segments, COUNT(bp.ticket_no) AS boarded FROM ticketed x LEFT JOIN aviation.tickets t ON t.book_ref = x.book_ref LEFT JOIN aviation.ticket_flights tf ON tf.ticket_no = t.ticket_no LEFT JOIN aviation.boarding_passes bp ON bp.ticket_no = tf.ticket_no AND bp.flight_id = tf.flight_id GROUP BY x.book_ref, x.tickets ) SELECT COUNT(*) AS bookings, COUNT(*) FILTER (WHERE tickets > 0) AS with_tickets, COUNT(*) FILTER (WHERE segments > 0) AS with_segments, COUNT(*) FILTER (WHERE boarded > 0) AS with_boarding FROM segmented",902,4,5,3,True,False,False,5,4,11,7,0,4,0,0,0,74103.4,74103.41,1.0,32,1917838.0,920.017,17,13,4,Aggregate,4,0,1,0,3,0,1,1,3,850357,33262,0,0,2550000.0,1000000.0,329580544,157736960,6,1e-06
prod_booking_funnel,"WITH cohort AS ( SELECT book_ref FROM aviation.bookings WHERE book_date >= DATE '2025-01-01' AND book_date < DATE '2025-01-01' + INTERVAL '30 days' ), ticketed AS ( SELECT c.book_ref, COUNT(DISTINCT t.ticket_no) AS tickets FROM cohort c LEFT JOIN aviation.tickets t ON t.book_ref = c.book_ref GROUP BY c.book_ref ), segmented AS ( SELECT x.book_ref, x.tickets, COUNT(tf.flight_id) AS segments, COUNT(bp.ticket_no) AS boarded FROM ticketed x LEFT JOIN aviation.tickets t ON t.book_ref = x.book_ref LEFT JOIN aviation.ticket_flights tf ON tf.ticket_no = t.ticket_no LEFT JOIN aviation.boarding_passes bp ON bp.ticket_no = tf.ticket_no AND bp.flight_id = tf.flight_id GROUP BY x.book_ref, x.tickets ) SELECT COUNT(*) AS bookings, COUNT(*) FILTER (WHERE tickets > 0) AS with_tickets, COUNT(*) FILTER (WHERE segments > 0) AS with_segments, COUNT(*) FILTER (WHERE boarded > 0) AS with_boarding FROM segmented",902,4,5,3,True,False,False,5,4,11,7,0,4,0,0,0,74103.4,74103.41,1.0,32,1917838.0,853.8,17,13,4,Aggregate,4,0,1,0,3,0,1,1,3,861495,22124,0,0,2550000.0,1000000.0,329580544,157736960,6,1e-06
prod_passenger_itinerary_gaps,"WITH itinerary AS ( SELECT t.passenger_id, f.flight_id, f.departure_airport, f.arrival_airport, f.scheduled_departure, f.scheduled_arrival, LAG(f.scheduled_arrival) OVER ( PARTITION BY t.passenger_id ORDER BY f.scheduled_departure ) AS previous_arrival FROM aviation.tickets t JOIN aviation.ticket_flights tf ON tf.ticket_no = t.ticket_no JOIN aviation.flights f ON f.flight_id = tf.flight_id ) SELECT * FROM itinerary WHERE scheduled_departure - previous_arrival < INTERVAL '2 hours' ORDER BY scheduled_departure - previous_arrival LIMIT 200",542,2,1,1,False,True,False,3,3,8,1,2,0,0,0,0,249391.83,249392.33,200.0,64,4850200.0,2740.276,13,10,3,Limit,3,0,0,0,2,0,0,2,0,80288,61272,101578,104624,1550000.0,1000000.0,194240512,79454208,4,0.0002
prod_passenger_itinerary_gaps,"WITH itinerary AS ( SELECT t.passenger_id, f.flight_id, f.departure_airport, f.arrival_airport, f.scheduled_departure, f.scheduled_arrival, LAG(f.scheduled_arrival) OVER ( PARTITION BY t.passenger_id ORDER BY f.scheduled_departure ) AS previous_arrival FROM aviation.tickets t JOIN aviation.ticket_flights tf ON tf.ticket_no = t.ticket_no JOIN aviation.flights f ON f.flight_id = tf.flight_id ) SELECT * FROM itinerary WHERE scheduled_departure - previous_arrival < INTERVAL '2 hours' ORDER BY scheduled_departure - previous_arrival LIMIT 200",542,2,1,1,False,True,False,3,3,8,1,2,0,0,0,0,249391.83,249392.33,200.0,64,4850200.0,3023.911,13,10,3,Limit,3,0,0,0,2,0,0,2,0,81142,60408,101522,104548,1550000.0,1000000.0,194240512,79454208,4,0.0002
prod_airport_hourly_pressure,"WITH hourly AS ( SELECT date_trunc('hour', scheduled_departure) AS hour_start, COUNT(*) AS departures FROM aviation.flights WHERE departure_airport = 'IST' AND scheduled_departure >= DATE '2025-03-14' - INTERVAL '14 days' AND scheduled_departure < DATE '2025-03-14' + INTERVAL '14 days' GROUP BY date_trunc('hour', scheduled_departure) ) SELECT hour_start, departures, SUM(departures) OVER (ORDER BY hour_start ROWS BETWEEN 3 PRECEDING AND 3 FOLLOWING) AS seven_hour_pressure, CUME_DIST() OVER (ORDER BY departures) AS pressure_percentile FROM hourly ORDER BY seven_hour_pressure DESC LIMIT 100",594,0,3,1,True,True,False,1,1,6,3,0,0,0,0,0,1458.85,1459.1,100.0,56,2760.0,10.515,8,8,1,Limit,1,0,0,0,0,0,0,3,1,4128,0,0,0,50000.0,50000.0,6987776,2727936,2,0.002
prod_airport_hourly_pressure,"WITH hourly AS ( SELECT date_trunc('hour', scheduled_departure) AS hour_start, COUNT(*) AS departures FROM aviation.flights WHERE departure_airport = 'IST' AND scheduled_departure >= DATE '2025-03-14' - INTERVAL '14 days' AND scheduled_departure < DATE '2025-03-14' + INTERVAL '14 days' GROUP BY date_trunc('hour', scheduled_departure) ) SELECT hour_start, departures, SUM(departures) OVER (ORDER BY hour_start ROWS BETWEEN 3 PRECEDING AND 3 FOLLOWING) AS seven_hour_pressure, CUME_DIST() OVER (ORDER BY departures) AS pressure_percentile FROM hourly ORDER BY seven_hour_pressure DESC LIMIT 100",594,0,3,1,True,True,False,1,1,6,3,0,0,0,0,0,1458.85,1459.1,100.0,56,2760.0,10.225,8,8,1,Limit,1,0,0,0,0,0,0,3,1,4128,0,0,0,50000.0,50000.0,6987776,2727936,2,0.002
prod_unsold_business_inventory,"SELECT f.flight_id, f.departure_airport, f.arrival_airport, COUNT(DISTINCT s.seat_no) AS business_capacity, COUNT(DISTINCT tf.ticket_no) AS business_sold FROM aviation.flights f JOIN aviation.seats s ON s.aircraft_code = f.aircraft_code AND s.fare_conditions = 'Business' LEFT JOIN aviation.ticket_flights tf ON tf.flight_id = f.flight_id AND tf.fare_conditions = 'Business' WHERE f.scheduled_departure >= DATE '2025-10-09' AND f.scheduled_departure < DATE '2025-10-09' + INTERVAL '7 days' GROUP BY f.flight_id HAVING COUNT(DISTINCT tf.ticket_no) < COUNT(DISTINCT s.seat_no) ORDER BY COUNT(DISTINCT s.seat_no) - COUNT(DISTINCT tf.ticket_no) DESC LIMIT 200",655,2,2,0,True,True,False,3,3,5,6,1,1,0,0,0,22148.53,22149.03,200.0,36,99264.0,119.599,12,8,3,Limit,2,1,0,0,1,0,1,2,1,18278,52970,0,0,1050900.0,1000000.0,136372224,63725568,4,0.0002
prod_unsold_business_inventory,"SELECT f.flight_id, f.departure_airport, f.arrival_airport, COUNT(DISTINCT s.seat_no) AS business_capacity, COUNT(DISTINCT tf.ticket_no) AS business_sold FROM aviation.flights f JOIN aviation.seats s ON s.aircraft_code = f.aircraft_code AND s.fare_conditions = 'Business' LEFT JOIN aviation.ticket_flights tf ON tf.flight_id = f.flight_id AND tf.fare_conditions = 'Business' WHERE f.scheduled_departure >= DATE '2025-10-09' AND f.scheduled_departure < DATE '2025-10-09' + INTERVAL '7 days' GROUP BY f.flight_id HAVING COUNT(DISTINCT tf.ticket_no) < COUNT(DISTINCT s.seat_no) ORDER BY COUNT(DISTINCT s.seat_no) - COUNT(DISTINCT tf.ticket_no) DESC LIMIT 200",655,2,2,0,True,True,False,3,3,5,6,1,1,0,0,0,22148.53,22149.03,200.0,36,99264.0,121.6,12,8,3,Limit,2,1,0,0,1,0,1,2,1,19088,52160,0,0,1050900.0,1000000.0,136372224,63725568,4,0.0002
prod_multi_segment_bookings,"SELECT b.book_ref, b.book_date, COUNT(DISTINCT t.ticket_no) AS passengers, COUNT(tf.flight_id) AS segments, SUM(tf.amount) AS revenue FROM aviation.bookings b JOIN aviation.tickets t ON t.book_ref = b.book_ref JOIN aviation.ticket_flights tf ON tf.ticket_no = t.ticket_no WHERE EXISTS ( SELECT 1 FROM aviation.ticket_flights x WHERE x.ticket_no = t.ticket_no GROUP BY x.ticket_no HAVING COUNT(*) >= 3 ) GROUP BY b.book_ref, b.book_date ORDER BY segments DESC, revenue DESC LIMIT 200",482,2,2,1,True,True,False,4,3,6,4,2,0,0,0,0,2395367.21,2395367.71,200.0,63,4500203.0,2342.35,13,9,3,Limit,3,0,1,0,2,0,0,2,2,13487100,48931,0,0,1750000.0,1000000.0,205963264,82354176,3,0.0002
prod_multi_segment_bookings,"SELECT b.book_ref, b.book_date, COUNT(DISTINCT t.ticket_no) AS passengers, COUNT(tf.flight_id) AS segments, SUM(tf.amount) AS revenue FROM aviation.bookings b JOIN aviation.tickets t ON t.book_ref = b.book_ref JOIN aviation.ticket_flights tf ON tf.ticket_no = t.ticket_no WHERE EXISTS ( SELECT 1 FROM aviation.ticket_flights x WHERE x.ticket_no = t.ticket_no GROUP BY x.ticket_no HAVING COUNT(*) >= 3 ) GROUP BY b.book_ref, b.book_date ORDER BY segments DESC, revenue DESC LIMIT 200",482,2,2,1,True,True,False,4,3,6,4,2,0,0,0,0,2395367.21,2395367.71,200.0,63,4500203.0,2150.021,13,9,3,Limit,3,0,1,0,2,0,0,2,2,13533469,2562,0,0,1750000.0,1000000.0,205963264,82354176,3,0.0002
prod_tickets_without_boarding,SELECT tf.ticket_no FROM aviation.ticket_flights tf WHERE tf.fare_conditions = 'Economy' EXCEPT SELECT bp.ticket_no FROM aviation.boarding_passes bp ORDER BY ticket_no LIMIT 500,177,0,1,1,False,True,False,2,2,2,0,0,0,0,0,0,346192.4,346200.49,500.0,60,6943994.0,3010.655,8,6,2,Limit,2,0,0,0,0,0,0,1,0,0,85302,19275,35646,1800000.0,1000000.0,252878848,136323072,4,0.0005
prod_tickets_without_boarding,SELECT tf.ticket_no FROM aviation.ticket_flights tf WHERE tf.fare_conditions = 'Economy' EXCEPT SELECT bp.ticket_no FROM aviation.boarding_passes bp ORDER BY ticket_no LIMIT 500,177,0,1,1,False,True,False,2,2,2,0,0,0,0,0,0,346192.4,346200.49,500.0,60,6943994.0,3096.435,8,6,2,Limit,2,0,0,0,0,0,0,1,0,384,84918,19275,35646,1800000.0,1000000.0,252878848,136323072,4,0.0005
prod_booking_reconciliation,"SELECT b.book_ref, b.total_amount, COALESCE(SUM(tf.amount), 0) AS sold_amount, b.total_amount - COALESCE(SUM(tf.amount), 0) AS difference FROM aviation.bookings b LEFT JOIN aviation.tickets t ON t.book_ref = b.book_ref LEFT JOIN aviation.ticket_flights tf ON tf.ticket_no = t.ticket_no GROUP BY b.book_ref, b.total_amount HAVING ABS(b.total_amount - COALESCE(SUM(tf.amount), 0)) > 1000 ORDER BY ABS(b.total_amount - COALESCE(SUM(tf.amount), 0)) DESC LIMIT 200",459,2,0,0,True,True,False,3,3,4,4,0,2,0,0,0,160159.46,160159.96,200.0,109,3249246.0,2587.037,13,10,3,Limit,3,0,0,0,2,0,0,2,2,63591,77770,77774,80000,1750000.0,1000000.0,205963264,82354176,3,0.0002
prod_booking_reconciliation,"SELECT b.book_ref, b.total_amount, COALESCE(SUM(tf.amount), 0) AS sold_amount, b.total_amount - COALESCE(SUM(tf.amount), 0) AS difference FROM aviation.bookings b LEFT JOIN aviation.tickets t ON t.book_ref = b.book_ref LEFT JOIN aviation.ticket_flights tf ON tf.ticket_no = t.ticket_no GROUP BY b.book_ref, b.total_amount HAVING ABS(b.total_amount - COALESCE(SUM(tf.amount), 0)) > 1000 ORDER BY ABS(b.total_amount - COALESCE(SUM(tf.amount), 0)) DESC LIMIT 200",459,2,0,0,True,True,False,3,3,4,4,0,2,0,0,0,160159.46,160159.96,200.0,109,3249246.0,2545.562,13,10,3,Limit,3,0,0,0,2,0,0,2,2,65415,75946,77776,80030,1750000.0,1000000.0,205963264,82354176,3,0.0002
prod_aircraft_duration_fit,"SELECT a.aircraft_code, a.model, f.departure_airport, f.arrival_airport, COUNT(*) AS flights, AVG(EXTRACT(EPOCH FROM (f.scheduled_arrival - f.scheduled_departure)) / 3600) AS avg_hours FROM aviation.aircrafts a JOIN aviation.flights f ON f.aircraft_code = a.aircraft_code GROUP BY a.aircraft_code, a.model, f.departure_airport, f.arrival_airport, a.range_km HAVING AVG(EXTRACT(EPOCH FROM (f.scheduled_arrival - f.scheduled_departure)) / 3600) * 800 > a.range_km * 1.0 ORDER BY avg_hours DESC",491,1,0,0,True,True,False,2,2,6,3,1,0,0,0,0,2277.03,2277.45,167.0,71,100344.0,57.336,6,5,2,Sort,2,0,0,0,1,0,0,1,1,2069,0,0,0,50005.0,50000.0,7020544,2744320,3,0.00334
prod_aircraft_duration_fit,"SELECT a.aircraft_code, a.model, f.departure_airport, f.arrival_airport, COUNT(*) AS flights, AVG(EXTRACT(EPOCH FROM (f.scheduled_arrival - f.scheduled_departure)) / 3600) AS avg_hours FROM aviation.aircrafts a JOIN aviation.flights f ON f.aircraft_code = a.aircraft_code GROUP BY a.aircraft_code, a.model, f.departure_airport, f.arrival_airport, a.range_km HAVING AVG(EXTRACT(EPOCH FROM (f.scheduled_arrival - f.scheduled_departure)) / 3600) * 800 > a.range_km * 1.0 ORDER BY avg_hours DESC",491,1,0,0,True,True,False,2,2,6,3,1,0,0,0,0,2277.03,2277.45,167.0,71,100344.0,67.559,6,5,2,Sort,2,0,0,0,1,0,0,1,1,2069,0,0,0,50005.0,50000.0,7020544,2744320,3,0.00334
prod_load_factor_percentile,"WITH capacity AS ( SELECT aircraft_code, COUNT(*) AS seats FROM aviation.seats GROUP BY aircraft_code ), loads AS ( SELECT f.flight_id, f.arrival_airport, COUNT(tf.ticket_no)::numeric / c.seats AS load_factor FROM aviation.flights f JOIN capacity c ON c.aircraft_code = f.aircraft_code LEFT JOIN aviation.ticket_flights tf ON tf.flight_id = f.flight_id WHERE f.departure_airport = 'VTB' GROUP BY f.flight_id, f.arrival_airport, c.seats ) SELECT *, PERCENT_RANK() OVER (PARTITION BY arrival_airport ORDER BY load_factor) AS route_percentile FROM loads ORDER BY route_percentile DESC, load_factor DESC LIMIT 200",609,2,1,2,True,True,False,3,3,7,3,1,1,0,0,0,27586.37,27586.87,200.0,48,1340671.0,341.038,15,11,3,Limit,3,0,0,0,2,0,0,2,2,7525,72702,0,0,1050900.0,1000000.0,136372224,63725568,4,0.0002
prod_load_factor_percentile,"WITH capacity AS ( SELECT aircraft_code, COUNT(*) AS seats FROM aviation.seats GROUP BY aircraft_code ), loads AS ( SELECT f.flight_id, f.arrival_airport, COUNT(tf.ticket_no)::numeric / c.seats AS load_factor FROM aviation.flights f JOIN capacity c ON c.aircraft_code = f.aircraft_code LEFT JOIN aviation.ticket_flights tf ON tf.flight_id = f.flight_id WHERE f.departure_airport = 'VTB' GROUP BY f.flight_id, f.arrival_airport, c.seats ) SELECT *, PERCENT_RANK() OVER (PARTITION BY arrival_airport ORDER BY load_factor) AS route_percentile FROM loads ORDER BY route_percentile DESC, load_factor DESC LIMIT 200",609,2,1,2,True,True,False,3,3,7,3,1,1,0,0,0,27586.37,27586.87,200.0,48,1340671.0,302.598,15,11,3,Limit,3,0,0,0,2,0,0,2,2,7807,72414,0,0,1050900.0,1000000.0,136372224,63725568,4,0.0002
prod_duplicate_passenger_summary,"SELECT passenger_id, MIN(passenger_name) AS canonical_name, COUNT(DISTINCT passenger_name) AS name_versions, COUNT(DISTINCT book_ref) AS bookings FROM aviation.tickets GROUP BY passenger_id HAVING COUNT(DISTINCT book_ref) >= 3 ORDER BY name_versions DESC, bookings DESC LIMIT 200",279,0,0,0,True,True,False,1,1,4,4,0,0,0,0,0,90852.65,90853.15,200.0,60,1333534.0,1774.802,5,5,1,Limit,1,0,0,0,0,0,0,2,1,25020,710,11216,11252,500000.0,500000.0,57991168,15785984,1,0.0004
prod_duplicate_passenger_summary,"SELECT passenger_id, MIN(passenger_name) AS canonical_name, COUNT(DISTINCT passenger_name) AS name_versions, COUNT(DISTINCT book_ref) AS bookings FROM aviation.tickets GROUP BY passenger_id HAVING COUNT(DISTINCT book_ref) >= 3 ORDER BY name_versions DESC, bookings DESC LIMIT 200",279,0,0,0,True,True,False,1,1,4,4,0,0,0,0,0,90852.65,90853.15,200.0,60,1333534.0,1759.231,5,5,1,Limit,1,0,0,0,0,0,0,2,1,25180,550,11216,11252,500000.0,500000.0,57991168,15785984,1,0.0004
prod_materialized_route_comparison,"WITH route_sales AS MATERIALIZED ( SELECT f.departure_airport, f.arrival_airport, COUNT(*) AS tickets, SUM(tf.amount) AS revenue FROM aviation.flights f JOIN aviation.ticket_flights tf ON tf.flight_id = f.flight_id GROUP BY f.departure_airport, f.arrival_airport ) SELECT current.arrival_airport, current.tickets, current.revenue, AVG(peer.revenue) AS peer_average FROM route_sales current JOIN route_sales peer ON peer.departure_airport <> current.departure_airport AND peer.arrival_airport = current.arrival_airport WHERE current.departure_airport = 'BQT' GROUP BY current.arrival_airport, current.tickets, current.revenue ORDER BY current.revenue - AVG(peer.revenue) DESC",674,2,1,1,True,True,False,2,2,8,4,2,0,0,0,0,20438.56,20438.56,1.0,120,933940.0,445.889,15,8,2,Sort,2,0,0,0,2,0,0,3,3,17348,67298,0,0,1050000.0,1000000.0,136249344,63668224,3,1e-06
prod_materialized_route_comparison,"WITH route_sales AS MATERIALIZED ( SELECT f.departure_airport, f.arrival_airport, COUNT(*) AS tickets, SUM(tf.amount) AS revenue FROM aviation.flights f JOIN aviation.ticket_flights tf ON tf.flight_id = f.flight_id GROUP BY f.departure_airport, f.arrival_airport ) SELECT current.arrival_airport, current.tickets, current.revenue, AVG(peer.revenue) AS peer_average FROM route_sales current JOIN route_sales peer ON peer.departure_airport <> current.departure_airport AND peer.arrival_airport = current.arrival_airport WHERE current.departure_airport = 'BQT' GROUP BY current.arrival_airport, current.tickets, current.revenue ORDER BY current.revenue - AVG(peer.revenue) DESC",674,2,1,1,True,True,False,2,2,8,4,2,0,0,0,0,20438.56,20438.56,1.0,120,933940.0,408.109,15,8,2,Sort,2,0,0,0,2,0,0,3,3,18172,66242,0,0,1050000.0,1000000.0,136249344,63668224,3,1e-06
prod_route_concentration,"WITH route_counts AS ( SELECT departure_airport, arrival_airport, COUNT(*)::numeric AS flights FROM aviation.flights WHERE status = 'Scheduled' GROUP BY departure_airport, arrival_airport ), shares AS ( SELECT *, flights / SUM(flights) OVER (PARTITION BY departure_airport) AS share FROM route_counts ) SELECT departure_airport, SUM(share * share) AS hhi, COUNT(*) AS served_destinations FROM shares GROUP BY departure_airport ORDER BY hhi DESC",444,0,1,2,True,True,False,1,1,8,4,0,0,0,0,0,1247.77,1248.02,100.0,44,12950.0,12.948,7,7,1,Sort,1,0,0,0,0,0,0,2,2,3612,0,0,0,50000.0,50000.0,6987776,2727936,2,0.002
prod_route_concentration,"WITH route_counts AS ( SELECT departure_airport, arrival_airport, COUNT(*)::numeric AS flights FROM aviation.flights WHERE status = 'Scheduled' GROUP BY departure_airport, arrival_airport ), shares AS ( SELECT *, flights / SUM(flights) OVER (PARTITION BY departure_airport) AS share FROM route_counts ) SELECT departure_airport, SUM(share * share) AS hhi, COUNT(*) AS served_destinations FROM shares GROUP BY departure_airport ORDER BY hhi DESC",444,0,1,2,True,True,False,1,1,8,4,0,0,0,0,0,1247.77,1248.02,100.0,44,12950.0,11.331,7,7,1,Sort,1,0,0,0,0,0,0,2,2,3612,0,0,0,50000.0,50000.0,6987776,2727936,2,0.002
prod_customer_value_deciles,"WITH passenger_value AS ( SELECT t.passenger_id, COUNT(DISTINCT t.ticket_no) AS tickets, SUM(tf.amount) AS revenue FROM aviation.tickets t JOIN aviation.ticket_flights tf ON tf.ticket_no = t.ticket_no GROUP BY t.passenger_id HAVING COUNT(DISTINCT t.ticket_no) >= 5 ), scored AS ( SELECT *, NTILE(10) OVER (ORDER BY revenue DESC) AS value_decile FROM passenger_value ) SELECT value_decile, COUNT(*) AS passengers, AVG(revenue) AS avg_revenue FROM scored GROUP BY value_decile ORDER BY value_decile",496,1,0,2,True,True,False,2,2,8,6,1,0,0,0,0,222950.56,222951.06,200.0,44,4667068.0,3805.821,11,10,2,Sort,2,0,0,0,1,0,0,3,2,55288,71178,128186,130774,1500000.0,1000000.0,187252736,76726272,2,0.0002
prod_customer_value_deciles,"WITH passenger_value AS ( SELECT t.passenger_id, COUNT(DISTINCT t.ticket_no) AS tickets, SUM(tf.amount) AS revenue FROM aviation.tickets t JOIN aviation.ticket_flights tf ON tf.ticket_no = t.ticket_no GROUP BY t.passenger_id HAVING COUNT(DISTINCT t.ticket_no) >= 5 ), scored AS ( SELECT *, NTILE(10) OVER (ORDER BY revenue DESC) AS value_decile FROM passenger_value ) SELECT value_decile, COUNT(*) AS passengers, AVG(revenue) AS avg_revenue FROM scored GROUP BY value_decile ORDER BY value_decile",496,1,0,2,True,True,False,2,2,8,6,1,0,0,0,0,222950.56,222951.06,200.0,44,4667068.0,3921.656,11,10,2,Sort,2,0,0,0,1,0,0,3,2,55896,70570,128186,130774,1500000.0,1000000.0,187252736,76726272,2,0.0002
prod_route_top_n_per_month,"WITH monthly_routes AS ( SELECT date_trunc('month', f.scheduled_departure) AS month_start, f.departure_airport, f.arrival_airport, COUNT(*) AS tickets, SUM(tf.amount) AS revenue FROM aviation.flights f JOIN aviation.ticket_flights tf ON tf.flight_id = f.flight_id GROUP BY date_trunc('month', f.scheduled_departure), f.departure_airport, f.arrival_airport ), ranked AS ( SELECT *, ROW_NUMBER() OVER (PARTITION BY month_start, departure_airport ORDER BY revenue DESC) AS position FROM monthly_routes ) SELECT * FROM ranked WHERE position <= 7 ORDER BY month_start, departure_airport, position",591,1,1,2,True,True,False,2,2,8,2,1,0,0,0,0,25338.16,25807.54,8763.0,64,1003438.0,523.358,11,10,2,Incremental Sort,2,0,0,0,1,0,0,1,2,20888,69822,0,0,1050000.0,1000000.0,136249344,63668224,3,0.008763
prod_route_top_n_per_month,"WITH monthly_routes AS ( SELECT date_trunc('month', f.scheduled_departure) AS month_start, f.departure_airport, f.arrival_airport, COUNT(*) AS tickets, SUM(tf.amount) AS revenue FROM aviation.flights f JOIN aviation.ticket_flights tf ON tf.flight_id = f.flight_id GROUP BY date_trunc('month', f.scheduled_departure), f.departure_airport, f.arrival_airport ), ranked AS ( SELECT *, ROW_NUMBER() OVER (PARTITION BY month_start, departure_airport ORDER BY revenue DESC) AS position FROM monthly_routes ) SELECT * FROM ranked WHERE position <= 7 ORDER BY month_start, departure_airport, position",591,1,1,2,True,True,False,2,2,8,2,1,0,0,0,0,25338.16,25807.54,8763.0,64,1003438.0,569.347,11,10,2,Incremental Sort,2,0,0,0,1,0,0,1,2,21752,68958,0,0,1050000.0,1000000.0,136249344,63668224,3,0.008763
prod_revenue_iqr_outliers,"WITH route_stats AS ( SELECT f.departure_airport, f.arrival_airport, percentile_cont(0.25) WITHIN GROUP (ORDER BY tf.amount) AS q1, percentile_cont(0.75) WITHIN GROUP (ORDER BY tf.amount) AS q3 FROM aviation.flights f JOIN aviation.ticket_flights tf ON tf.flight_id = f.flight_id WHERE tf.fare_conditions = 'Comfort' GROUP BY f.departure_airport, f.arrival_airport ) SELECT f.flight_id, tf.ticket_no, tf.amount, s.q1, s.q3 FROM aviation.ticket_flights tf JOIN aviation.flights f ON f.flight_id = tf.flight_id JOIN route_stats s USING (departure_airport, arrival_airport) WHERE tf.fare_conditions = 'Comfort' AND (tf.amount < s.q1 - 1.5 * (s.q3 - s.q1) OR tf.amount > s.q3 + 1.5 * (s.q3 - s.q1)) ORDER BY tf.amount DESC LIMIT 200",728,3,3,1,True,True,False,4,2,9,2,3,0,0,0,0,55352.45,55375.79,200.0,40,730649.0,700.103,16,11,2,Limit,4,0,0,0,3,0,0,2,1,60313,268286,9936,9960,1050000.0,1000000.0,136249344,63668224,3,0.0002
prod_revenue_iqr_outliers,"WITH route_stats AS ( SELECT f.departure_airport, f.arrival_airport, percentile_cont(0.25) WITHIN GROUP (ORDER BY tf.amount) AS q1, percentile_cont(0.75) WITHIN GROUP (ORDER BY tf.amount) AS q3 FROM aviation.flights f JOIN aviation.ticket_flights tf ON tf.flight_id = f.flight_id WHERE tf.fare_conditions = 'Comfort' GROUP BY f.departure_airport, f.arrival_airport ) SELECT f.flight_id, tf.ticket_no, tf.amount, s.q1, s.q3 FROM aviation.ticket_flights tf JOIN aviation.flights f ON f.flight_id = tf.flight_id JOIN route_stats s USING (departure_airport, arrival_airport) WHERE tf.fare_conditions = 'Comfort' AND (tf.amount < s.q1 - 1.5 * (s.q3 - s.q1) OR tf.amount > s.q3 + 1.5 * (s.q3 - s.q1)) ORDER BY tf.amount DESC LIMIT 200",728,3,3,1,True,True,False,4,2,9,2,3,0,0,0,0,55352.45,55375.79,200.0,40,730649.0,653.758,16,11,2,Limit,4,0,0,0,3,0,0,2,1,67296,261268,9936,9960,1050000.0,1000000.0,136249344,63668224,3,0.0002
prod_lateral_top_fares,"SELECT route.departure_airport, route.arrival_airport, expensive.ticket_no, expensive.amount FROM (SELECT DISTINCT departure_airport, arrival_airport FROM aviation.flights) route CROSS JOIN LATERAL ( SELECT tf.ticket_no, tf.amount FROM aviation.flights f JOIN aviation.ticket_flights tf ON tf.flight_id = f.flight_id WHERE f.departure_airport = route.departure_airport AND f.arrival_airport = route.arrival_airport AND tf.fare_conditions = 'Comfort' ORDER BY tf.amount DESC LIMIT 3 ) expensive ORDER BY route.departure_airport, route.arrival_airport, expensive.amount DESC",572,2,3,2,False,True,True,3,2,8,0,1,0,0,0,1,42982.53,1921704.46,300.0,28,355024.0,2097.25,12,7,2,Incremental Sort,2,1,0,0,0,0,2,2,0,85608,486366,20358,32472,1050000.0,1000000.0,136249344,63668224,3,0.0003
prod_lateral_top_fares,"SELECT route.departure_airport, route.arrival_airport, expensive.ticket_no, expensive.amount FROM (SELECT DISTINCT departure_airport, arrival_airport FROM aviation.flights) route CROSS JOIN LATERAL ( SELECT tf.ticket_no, tf.amount FROM aviation.flights f JOIN aviation.ticket_flights tf ON tf.flight_id = f.flight_id WHERE f.departure_airport = route.departure_airport AND f.arrival_airport = route.arrival_airport AND tf.fare_conditions = 'Comfort' ORDER BY tf.amount DESC LIMIT 3 ) expensive ORDER BY route.departure_airport, route.arrival_airport, expensive.amount DESC",572,2,3,2,False,True,True,3,2,8,0,1,0,0,0,1,42982.53,1921704.46,300.0,28,355024.0,2110.966,12,7,2,Incremental Sort,2,1,0,0,0,0,2,2,0,98860,472394,20028,32100,1050000.0,1000000.0,136249344,63668224,3,0.0003
prod_route_top_passengers,"SELECT r.arrival_airport, p.passenger_id, p.route_revenue FROM (SELECT DISTINCT arrival_airport FROM aviation.flights WHERE departure_airport = 'IST') r CROSS JOIN LATERAL ( SELECT t.passenger_id, SUM(tf.amount) AS route_revenue FROM aviation.flights f JOIN aviation.ticket_flights tf ON tf.flight_id = f.flight_id JOIN aviation.tickets t ON t.ticket_no = tf.ticket_no WHERE f.departure_airport = 'IST' AND f.arrival_airport = r.arrival_airport GROUP BY t.passenger_id ORDER BY route_revenue DESC LIMIT 5 ) p ORDER BY r.arrival_airport, p.route_revenue DESC",557,3,3,2,True,True,True,4,3,6,1,2,0,0,0,1,53315.61,274435.63,50.0,48,1051528.0,1033.004,14,9,3,Incremental Sort,3,1,0,0,1,0,2,2,1,2780354,93542,2100,3860,1550000.0,1000000.0,194240512,79454208,4,5e-05
prod_route_top_passengers,"SELECT r.arrival_airport, p.passenger_id, p.route_revenue FROM (SELECT DISTINCT arrival_airport FROM aviation.flights WHERE departure_airport = 'IST') r CROSS JOIN LATERAL ( SELECT t.passenger_id, SUM(tf.amount) AS route_revenue FROM aviation.flights f JOIN aviation.ticket_flights tf ON tf.flight_id = f.flight_id JOIN aviation.tickets t ON t.ticket_no = tf.ticket_no WHERE f.departure_airport = 'IST' AND f.arrival_airport = r.arrival_airport GROUP BY t.passenger_id ORDER BY route_revenue DESC LIMIT 5 ) p ORDER BY r.arrival_airport, p.route_revenue DESC",557,3,3,2,True,True,True,4,3,6,1,2,0,0,0,1,53315.61,274435.63,50.0,48,1051528.0,1115.985,14,9,3,Incremental Sort,3,1,0,0,1,0,2,2,1,2807480,66416,2100,3860,1550000.0,1000000.0,194240512,79454208,4,5e-05
prod_boarded_frequent_flyers,SELECT passenger_id FROM aviation.tickets GROUP BY passenger_id HAVING COUNT(*) >= 4 INTERSECT SELECT t.passenger_id FROM aviation.tickets t JOIN aviation.boarding_passes bp ON bp.ticket_no = t.ticket_no GROUP BY t.passenger_id HAVING COUNT(*) >= 4 ORDER BY passenger_id LIMIT 500,280,1,0,1,True,True,False,3,2,2,2,1,0,0,0,0,213762.84,213767.84,500.0,62,4600503.0,2305.382,13,9,2,Limit,3,0,0,0,1,0,0,1,2,82336,47064,62696,91035,1300000.0,800000.0,181608448,91168768,4,0.000625
prod_boarded_frequent_flyers,SELECT passenger_id FROM aviation.tickets GROUP BY passenger_id HAVING COUNT(*) >= 4 INTERSECT SELECT t.passenger_id FROM aviation.tickets t JOIN aviation.boarding_passes bp ON bp.ticket_no = t.ticket_no GROUP BY t.passenger_id HAVING COUNT(*) >= 4 ORDER BY passenger_id LIMIT 500,280,1,0,1,True,True,False,3,2,2,2,1,0,0,0,0,213762.84,213767.84,500.0,62,4600503.0,2239.653,13,9,2,Limit,3,0,0,0,1,0,0,1,2,82592,46808,62696,91035,1300000.0,800000.0,181608448,91168768,4,0.000625
prod_route_peer_comparison,"SELECT f.departure_airport, f.arrival_airport, AVG(tf.amount) AS avg_fare FROM aviation.flights f JOIN aviation.ticket_flights tf ON tf.flight_id = f.flight_id GROUP BY f.departure_airport, f.arrival_airport HAVING AVG(tf.amount) > 1.05 * ( SELECT AVG(tf2.amount) FROM aviation.flights f2 JOIN aviation.ticket_flights tf2 ON tf2.flight_id = f2.flight_id WHERE f2.departure_airport = f.departure_airport ) ORDER BY avg_fare DESC",427,2,1,1,True,True,False,4,2,4,3,2,0,0,0,0,2271376.3,2271376.39,33.0,40,3210067.0,3544.904,11,6,2,Sort,4,0,0,0,2,0,0,1,2,38596,444980,0,0,1050000.0,1000000.0,136249344,63668224,3,3.3e-05
prod_route_peer_comparison,"SELECT f.departure_airport, f.arrival_airport, AVG(tf.amount) AS avg_fare FROM aviation.flights f JOIN aviation.ticket_flights tf ON tf.flight_id = f.flight_id GROUP BY f.departure_airport, f.arrival_airport HAVING AVG(tf.amount) > 1.05 * ( SELECT AVG(tf2.amount) FROM aviation.flights f2 JOIN aviation.ticket_flights tf2 ON tf2.flight_id = f2.flight_id WHERE f2.departure_airport = f.departure_airport ) ORDER BY avg_fare DESC",427,2,1,1,True,True,False,4,2,4,3,2,0,0,0,0,2271376.3,2271376.39,33.0,40,3210067.0,3656.722,11,6,2,Sort,4,0,0,0,2,0,0,1,2,42052,441524,0,0,1050000.0,1000000.0,136249344,63668224,3,3.3e-05
prod_fare_mix_change,"WITH monthly AS ( SELECT date_trunc('month', f.scheduled_departure) AS month_start, tf.fare_conditions, COUNT(*) AS sold FROM aviation.flights f JOIN aviation.ticket_flights tf ON tf.flight_id = f.flight_id WHERE f.departure_airport = 'BQT' GROUP BY date_trunc('month', f.scheduled_departure), tf.fare_conditions ), shares AS ( SELECT *, sold::numeric / SUM(sold) OVER (PARTITION BY month_start) AS share FROM monthly ) SELECT *, share - LAG(share) OVER (PARTITION BY fare_conditions ORDER BY month_start) AS share_change FROM shares ORDER BY ABS(share - LAG(share) OVER (PARTITION BY fare_conditions ORDER BY month_start)) DESC NULLS LAST",639,1,1,2,True,True,False,2,2,7,4,1,0,0,0,0,22024.5,22053.99,11796.0,120,574033.0,165.12,12,11,2,Sort,2,0,0,0,1,0,0,3,2,19200,81420,0,0,1050000.0,1000000.0,136249344,63668224,3,0.011796
prod_fare_mix_change,"WITH monthly AS ( SELECT date_trunc('month', f.scheduled_departure) AS month_start, tf.fare_conditions, COUNT(*) AS sold FROM aviation.flights f JOIN aviation.ticket_flights tf ON tf.flight_id = f.flight_id WHERE f.departure_airport = 'BQT' GROUP BY date_trunc('month', f.scheduled_departure), tf.fare_conditions ), shares AS ( SELECT *, sold::numeric / SUM(sold) OVER (PARTITION BY month_start) AS share FROM monthly ) SELECT *, share - LAG(share) OVER (PARTITION BY fare_conditions ORDER BY month_start) AS share_change FROM shares ORDER BY ABS(share - LAG(share) OVER (PARTITION BY fare_conditions ORDER BY month_start)) DESC NULLS LAST",639,1,1,2,True,True,False,2,2,7,4,1,0,0,0,0,22024.5,22053.99,11796.0,120,574033.0,169.229,12,11,2,Sort,2,0,0,0,1,0,0,3,2,20160,80460,0,0,1050000.0,1000000.0,136249344,63668224,3,0.011796
prod_booking_cohort_retention,"WITH first_booking AS ( SELECT t.passenger_id, MIN(date_trunc('month', b.book_date)) AS cohort_month FROM aviation.tickets t JOIN aviation.bookings b ON b.book_ref = t.book_ref GROUP BY t.passenger_id ), activity AS ( SELECT DISTINCT t.passenger_id, date_trunc('month', b.book_date) AS activity_month FROM aviation.tickets t JOIN aviation.bookings b ON b.book_ref = t.book_ref JOIN aviation.ticket_flights tf ON tf.ticket_no = t.ticket_no WHERE tf.fare_conditions = 'Economy' ) SELECT f.cohort_month, EXTRACT(YEAR FROM age(a.activity_month, f.cohort_month)) * 12 + EXTRACT(MONTH FROM age(a.activity_month, f.cohort_month)) AS month_number, COUNT(DISTINCT a.passenger_id) AS retained_passengers FROM first_booking f JOIN activity a ON a.passenger_id = f.passenger_id GROUP BY f.cohort_month, month_number ORDER BY f.cohort_month, month_number",841,4,1,2,True,True,True,5,3,7,2,4,0,0,0,0,621613268.57,641899268.57,40000.0,48,4065597000.0,6811.832,19,9,3,Aggregate,5,0,0,0,4,0,0,1,3,105029,76206,114488,154255,1750000.0,1000000.0,205963264,82354176,3,0.04
prod_booking_cohort_retention,"WITH first_booking AS ( SELECT t.passenger_id, MIN(date_trunc('month', b.book_date)) AS cohort_month FROM aviation.tickets t JOIN aviation.bookings b ON b.book_ref = t.book_ref GROUP BY t.passenger_id ), activity AS ( SELECT DISTINCT t.passenger_id, date_trunc('month', b.book_date) AS activity_month FROM aviation.tickets t JOIN aviation.bookings b ON b.book_ref = t.book_ref JOIN aviation.ticket_flights tf ON tf.ticket_no = t.ticket_no WHERE tf.fare_conditions = 'Economy' ) SELECT f.cohort_month, EXTRACT(YEAR FROM age(a.activity_month, f.cohort_month)) * 12 + EXTRACT(MONTH FROM age(a.activity_month, f.cohort_month)) AS month_number, COUNT(DISTINCT a.passenger_id) AS retained_passengers FROM first_booking f JOIN activity a ON a.passenger_id = f.passenger_id GROUP BY f.cohort_month, month_number ORDER BY f.cohort_month, month_number",841,4,1,2,True,True,True,5,3,7,2,4,0,0,0,0,621613268.57,641899268.57,40000.0,48,4065597000.0,7037.02,19,9,3,Aggregate,5,0,0,0,4,0,0,1,3,117891,63344,114488,154255,1750000.0,1000000.0,205963264,82354176,3,0.04
prod_rolling_booking_revenue,"WITH daily AS ( SELECT book_date::date AS day, SUM(total_amount) AS revenue, COUNT(*) AS bookings FROM aviation.bookings GROUP BY book_date::date ) SELECT day, revenue, bookings, SUM(revenue) OVER (ORDER BY day ROWS BETWEEN 55 PRECEDING AND CURRENT ROW) AS rolling_revenue, AVG(bookings) OVER (ORDER BY day ROWS BETWEEN 55 PRECEDING AND CURRENT ROW) AS rolling_bookings FROM daily ORDER BY day",393,0,0,1,True,True,False,1,1,8,4,0,0,0,0,0,5555.35,5612.68,365.0,108,148884.0,103.511,6,6,1,WindowAgg,1,0,0,0,0,0,0,1,2,9590,0,0,0,250000.0,250000.0,18710528,5627904,1,0.00146
prod_rolling_booking_revenue,"WITH daily AS ( SELECT book_date::date AS day, SUM(total_amount) AS revenue, COUNT(*) AS bookings FROM aviation.bookings GROUP BY book_date::date ) SELECT day, revenue, bookings, SUM(revenue) OVER (ORDER BY day ROWS BETWEEN 55 PRECEDING AND CURRENT ROW) AS rolling_revenue, AVG(bookings) OVER (ORDER BY day ROWS BETWEEN 55 PRECEDING AND CURRENT ROW) AS rolling_bookings FROM daily ORDER BY day",393,0,0,1,True,True,False,1,1,8,4,0,0,0,0,0,5555.35,5612.68,365.0,108,148884.0,90.659,6,6,1,WindowAgg,1,0,0,0,0,0,0,1,2,9590,0,0,0,250000.0,250000.0,18710528,5627904,1,0.00146
prod_recursive_calendar_gaps,"WITH RECURSIVE calendar(day) AS ( SELECT DATE '2025-07-04' UNION ALL SELECT day + 1 FROM calendar WHERE day < DATE '2025-07-04' + 14 ), traffic AS ( SELECT scheduled_departure::date AS day, COUNT(*) AS flights FROM aviation.flights GROUP BY scheduled_departure::date ) SELECT c.day, COALESCE(t.flights, 0) AS flights, AVG(COALESCE(t.flights, 0)) OVER (ORDER BY c.day ROWS BETWEEN 6 PRECEDING AND CURRENT ROW) AS weekly_average FROM calendar c LEFT JOIN traffic t USING (day) ORDER BY c.day",489,1,1,3,True,True,False,1,1,7,2,0,1,0,0,0,1708.94,1732.69,1358.0,44,62934.0,19.401,10,5,1,WindowAgg,1,0,0,0,1,0,0,1,1,2580,0,0,0,50000.0,50000.0,6987776,2727936,2,0.02716
prod_recursive_calendar_gaps,"WITH RECURSIVE calendar(day) AS ( SELECT DATE '2025-07-04' UNION ALL SELECT day + 1 FROM calendar WHERE day < DATE '2025-07-04' + 14 ), traffic AS ( SELECT scheduled_departure::date AS day, COUNT(*) AS flights FROM aviation.flights GROUP BY scheduled_departure::date ) SELECT c.day, COALESCE(t.flights, 0) AS flights, AVG(COALESCE(t.flights, 0)) OVER (ORDER BY c.day ROWS BETWEEN 6 PRECEDING AND CURRENT ROW) AS weekly_average FROM calendar c LEFT JOIN traffic t USING (day) ORDER BY c.day",489,1,1,3,True,True,False,1,1,7,2,0,1,0,0,0,1708.94,1732.69,1358.0,44,62934.0,19.982,10,5,1,WindowAgg,1,0,0,0,1,0,0,1,1,2580,0,0,0,50000.0,50000.0,6987776,2727936,2,0.02716
prod_route_status_cube,"SELECT departure_airport, arrival_airport, status, aircraft_code, COUNT(*) AS flights, AVG(EXTRACT(EPOCH FROM (scheduled_arrival - scheduled_departure)) / 60) AS avg_minutes FROM aviation.flights WHERE scheduled_departure >= DATE '2025-01-24' - INTERVAL '60 days' AND scheduled_departure < DATE '2025-01-24' + INTERVAL '60 days' GROUP BY CUBE (departure_airport, arrival_airport, status, aircraft_code) HAVING COUNT(*) >= 2 ORDER BY flights DESC NULLS LAST LIMIT 500",466,0,2,0,True,True,False,1,1,6,3,0,0,0,0,0,4569.06,4570.31,500.0,60,14307.0,79.286,4,4,1,Limit,1,0,0,0,0,0,0,1,1,2064,0,0,0,50000.0,50000.0,6987776,2727936,2,0.01
prod_route_status_cube,"SELECT departure_airport, arrival_airport, status, aircraft_code, COUNT(*) AS flights, AVG(EXTRACT(EPOCH FROM (scheduled_arrival - scheduled_departure)) / 60) AS avg_minutes FROM aviation.flights WHERE scheduled_departure >= DATE '2025-01-24' - INTERVAL '60 days' AND scheduled_departure < DATE '2025-01-24' + INTERVAL '60 days' GROUP BY CUBE (departure_airport, arrival_airport, status, aircraft_code) HAVING COUNT(*) >= 2 ORDER BY flights DESC NULLS LAST LIMIT 500",466,0,2,0,True,True,False,1,1,6,3,0,0,0,0,0,4569.06,4570.31,500.0,60,14307.0,72.254,4,4,1,Limit,1,0,0,0,0,0,0,1,1,2064,0,0,0,50000.0,50000.0,6987776,2727936,2,0.01
prod_aircraft_turnaround,"WITH rotations AS ( SELECT flight_id, departure_airport, arrival_airport, scheduled_departure, LAG(scheduled_arrival) OVER ( PARTITION BY aircraft_code ORDER BY scheduled_departure ) AS prior_arrival FROM aviation.flights WHERE aircraft_code = 'E95' ) SELECT departure_airport, COUNT(*) AS rotations, AVG(scheduled_departure - prior_arrival) AS avg_turnaround, MIN(scheduled_departure - prior_arrival) AS min_turnaround FROM rotations WHERE prior_arrival IS NOT NULL GROUP BY departure_airport ORDER BY min_turnaround",517,0,2,1,True,True,False,1,1,9,4,0,0,0,0,0,2246.41,2246.44,10.0,44,40537.0,23.52,6,6,1,Sort,1,0,0,0,0,0,0,2,1,3096,0,0,0,50000.0,50000.0,6987776,2727936,2,0.0002
prod_aircraft_turnaround,"WITH rotations AS ( SELECT flight_id, departure_airport, arrival_airport, scheduled_departure, LAG(scheduled_arrival) OVER ( PARTITION BY aircraft_code ORDER BY scheduled_departure ) AS prior_arrival FROM aviation.flights WHERE aircraft_code = 'E95' ) SELECT departure_airport, COUNT(*) AS rotations, AVG(scheduled_departure - prior_arrival) AS avg_turnaround, MIN(scheduled_departure - prior_arrival) AS min_turnaround FROM rotations WHERE prior_arrival IS NOT NULL GROUP BY departure_airport ORDER BY min_turnaround",517,0,2,1,True,True,False,1,1,9,4,0,0,0,0,0,2246.41,2246.44,10.0,44,40537.0,22.853,6,6,1,Sort,1,0,0,0,0,0,0,2,1,3096,0,0,0,50000.0,50000.0,6987776,2727936,2,0.0002
prod_latest_booking_per_passenger,"SELECT DISTINCT ON (t.passenger_id) t.passenger_id, t.passenger_name, b.book_ref, b.book_date, b.total_amount FROM aviation.tickets t JOIN aviation.bookings b ON b.book_ref = t.book_ref WHERE t.passenger_id LIKE '17%' ORDER BY t.passenger_id, b.book_date DESC, b.book_ref DESC",276,1,1,0,False,True,True,2,2,5,0,1,0,0,0,0,12575.31,13163.6,5051.0,49,167313.0,91.43,7,6,2,Unique,2,0,0,0,1,0,0,1,0,39193,0,0,0,750000.0,500000.0,76701696,21413888,2,0.010102
prod_latest_booking_per_passenger,"SELECT DISTINCT ON (t.passenger_id) t.passenger_id, t.passenger_name, b.book_ref, b.book_date, b.total_amount FROM aviation.tickets t JOIN aviation.bookings b ON b.book_ref = t.book_ref WHERE t.passenger_id LIKE '17%' ORDER BY t.passenger_id, b.book_date DESC, b.book_ref DESC",276,1,1,0,False,True,True,2,2,5,0,1,0,0,0,0,12575.31,13163.6,5051.0,49,167313.0,104.035,7,6,2,Unique,2,0,0,0,1,0,0,1,0,39193,0,0,0,750000.0,500000.0,76701696,21413888,2,0.010102
prod_integrity_audit,"SELECT 'tickets_without_booking' AS check_name, COUNT(*) AS failures FROM aviation.tickets t LEFT JOIN aviation.bookings b ON b.book_ref = t.book_ref WHERE b.book_ref IS NULL UNION ALL SELECT 'segments_without_ticket', COUNT(*) FROM aviation.ticket_flights tf LEFT JOIN aviation.tickets t ON t.ticket_no = tf.ticket_no WHERE t.ticket_no IS NULL UNION ALL SELECT 'boarding_without_segment', COUNT(*) FROM aviation.boarding_passes bp LEFT JOIN aviation.ticket_flights tf ON tf.ticket_no = bp.ticket_no AND tf.flight_id = bp.flight_id WHERE tf.ticket_no IS NULL UNION ALL SELECT 'flight_without_aircraft', COUNT(*) FROM aviation.flights f LEFT JOIN aviation.aircrafts a ON a.aircraft_code = f.aircraft_code WHERE a.aircraft_code IS NULL AND f.flight_id >= 35001",758,4,5,3,False,False,False,8,6,8,4,0,4,0,0,0,54450.01,79551.44,4.0,40,5815164.0,1429.221,22,6,6,Gather,7,1,0,0,4,0,0,0,4,73082,115848,54416,60650,2600005.0,1000000.0,336601088,160481280,9,4e-06
prod_integrity_audit,"SELECT 'tickets_without_booking' AS check_name, COUNT(*) AS failures FROM aviation.tickets t LEFT JOIN aviation.bookings b ON b.book_ref = t.book_ref WHERE b.book_ref IS NULL UNION ALL SELECT 'segments_without_ticket', COUNT(*) FROM aviation.ticket_flights tf LEFT JOIN aviation.tickets t ON t.ticket_no = tf.ticket_no WHERE t.ticket_no IS NULL UNION ALL SELECT 'boarding_without_segment', COUNT(*) FROM aviation.boarding_passes bp LEFT JOIN aviation.ticket_flights tf ON tf.ticket_no = bp.ticket_no AND tf.flight_id = bp.flight_id WHERE tf.ticket_no IS NULL UNION ALL SELECT 'flight_without_aircraft', COUNT(*) FROM aviation.flights f LEFT JOIN aviation.aircrafts a ON a.aircraft_code = f.aircraft_code WHERE a.aircraft_code IS NULL AND f.flight_id >= 35001",758,4,5,3,False,False,False,8,6,8,4,0,4,0,0,0,54450.01,79551.44,4.0,40,5815164.0,1654.175,22,6,6,Gather,7,1,0,0,4,0,0,0,4,74119,114811,54416,60650,2600005.0,1000000.0,336601088,160481280,9,4e-06
prod_network_two_hop,"WITH RECURSIVE network(origin, destination, depth, path) AS ( SELECT departure_airport, arrival_airport, 1, ARRAY[departure_airport::text, arrival_airport::text] FROM aviation.flights WHERE departure_airport = 'SVO' UNION SELECT n.origin, f.arrival_airport, n.depth + 1, n.path || f.arrival_airport FROM network n JOIN aviation.flights f ON f.departure_airport = n.destination WHERE n.depth < 2 AND NOT f.arrival_airport = ANY(n.path) ) SELECT destination, MIN(depth) AS hops, COUNT(*) AS alternatives FROM network GROUP BY destination ORDER BY hops, alternatives DESC",568,1,3,2,True,True,False,2,1,11,2,1,0,0,0,0,3145513.93,3145514.43,200.0,28,84401752.0,406.144,10,5,1,Sort,2,0,0,0,0,1,0,3,1,6192,0,0,0,50000.0,50000.0,6987776,2727936,2,0.004
prod_network_two_hop,"WITH RECURSIVE network(origin, destination, depth, path) AS ( SELECT departure_airport, arrival_airport, 1, ARRAY[departure_airport::text, arrival_airport::text] FROM aviation.flights WHERE departure_airport = 'SVO' UNION SELECT n.origin, f.arrival_airport, n.depth + 1, n.path || f.arrival_airport FROM network n JOIN aviation.flights f ON f.departure_airport = n.destination WHERE n.depth < 2 AND NOT f.arrival_airport = ANY(n.path) ) SELECT destination, MIN(depth) AS hops, COUNT(*) AS alternatives FROM network GROUP BY destination ORDER BY hops, alternatives DESC",568,1,3,2,True,True,False,2,1,11,2,1,0,0,0,0,3145513.93,3145514.43,200.0,28,84401752.0,409.823,10,5,1,Sort,2,0,0,0,0,1,0,3,1,6192,0,0,0,50000.0,50000.0,6987776,2727936,2,0.004
prod_airport_hourly_pressure,"WITH hourly AS ( SELECT date_trunc('hour', scheduled_departure) AS hour_start, COUNT(*) AS departures FROM aviation.flights WHERE departure_airport = 'LED' AND scheduled_departure >= DATE '2025-09-25' - INTERVAL '14 days' AND scheduled_departure < DATE '2025-09-25' + INTERVAL '14 days' GROUP BY date_trunc('hour', scheduled_departure) ) SELECT hour_start, departures, SUM(departures) OVER (ORDER BY hour_start ROWS BETWEEN 3 PRECEDING AND 3 FOLLOWING) AS seven_hour_pressure, CUME_DIST() OVER (ORDER BY departures) AS pressure_percentile FROM hourly ORDER BY seven_hour_pressure DESC LIMIT 100",594,0,3,1,True,True,False,1,1,6,3,0,0,0,0,0,1456.92,1457.17,100.0,56,2690.0,7.765,8,8,1,Limit,1,0,0,0,0,0,0,3,1,4128,0,0,0,50000.0,50000.0,6987776,2727936,2,0.002
prod_airport_hourly_pressure,"WITH hourly AS ( SELECT date_trunc('hour', scheduled_departure) AS hour_start, COUNT(*) AS departures FROM aviation.flights WHERE departure_airport = 'LED' AND scheduled_departure >= DATE '2025-09-25' - INTERVAL '14 days' AND scheduled_departure < DATE '2025-09-25' + INTERVAL '14 days' GROUP BY date_trunc('hour', scheduled_departure) ) SELECT hour_start, departures, SUM(departures) OVER (ORDER BY hour_start ROWS BETWEEN 3 PRECEDING AND 3 FOLLOWING) AS seven_hour_pressure, CUME_DIST() OVER (ORDER BY departures) AS pressure_percentile FROM hourly ORDER BY seven_hour_pressure DESC LIMIT 100",594,0,3,1,True,True,False,1,1,6,3,0,0,0,0,0,1456.92,1457.17,100.0,56,2690.0,7.732,8,8,1,Limit,1,0,0,0,0,0,0,3,1,4128,0,0,0,50000.0,50000.0,6987776,2727936,2,0.002
prod_multi_segment_bookings,"SELECT b.book_ref, b.book_date, COUNT(DISTINCT t.ticket_no) AS passengers, COUNT(tf.flight_id) AS segments, SUM(tf.amount) AS revenue FROM aviation.bookings b JOIN aviation.tickets t ON t.book_ref = b.book_ref JOIN aviation.ticket_flights tf ON tf.ticket_no = t.ticket_no WHERE EXISTS ( SELECT 1 FROM aviation.ticket_flights x WHERE x.ticket_no = t.ticket_no GROUP BY x.ticket_no HAVING COUNT(*) >= 2 ) GROUP BY b.book_ref, b.book_date ORDER BY segments DESC, revenue DESC LIMIT 200",482,2,2,1,True,True,False,4,3,6,4,2,0,0,0,0,2395367.21,2395367.71,200.0,63,4500203.0,6607.102,13,9,3,Limit,3,0,1,0,2,0,0,2,2,13515342,91771,99967,105394,1750000.0,1000000.0,205963264,82354176,3,0.0002
prod_multi_segment_bookings,"SELECT b.book_ref, b.book_date, COUNT(DISTINCT t.ticket_no) AS passengers, COUNT(tf.flight_id) AS segments, SUM(tf.amount) AS revenue FROM aviation.bookings b JOIN aviation.tickets t ON t.book_ref = b.book_ref JOIN aviation.ticket_flights tf ON tf.ticket_no = t.ticket_no WHERE EXISTS ( SELECT 1 FROM aviation.ticket_flights x WHERE x.ticket_no = t.ticket_no GROUP BY x.ticket_no HAVING COUNT(*) >= 2 ) GROUP BY b.book_ref, b.book_date ORDER BY segments DESC, revenue DESC LIMIT 200",482,2,2,1,True,True,False,4,3,6,4,2,0,0,0,0,2395367.21,2395367.71,200.0,63,4500203.0,6912.204,13,9,3,Limit,3,0,1,0,2,0,0,2,2,13546444,60669,99967,105394,1750000.0,1000000.0,205963264,82354176,3,0.0002
prod_recursive_calendar_gaps,"WITH RECURSIVE calendar(day) AS ( SELECT DATE '2025-03-02' UNION ALL SELECT day + 1 FROM calendar WHERE day < DATE '2025-03-02' + 60 ), traffic AS ( SELECT scheduled_departure::date AS day, COUNT(*) AS flights FROM aviation.flights GROUP BY scheduled_departure::date ) SELECT c.day, COALESCE(t.flights, 0) AS flights, AVG(COALESCE(t.flights, 0)) OVER (ORDER BY c.day ROWS BETWEEN 6 PRECEDING AND CURRENT ROW) AS weekly_average FROM calendar c LEFT JOIN traffic t USING (day) ORDER BY c.day",489,1,1,3,True,True,False,1,1,7,2,0,1,0,0,0,1708.94,1732.69,1358.0,44,62934.0,19.172,10,5,1,WindowAgg,1,0,0,0,1,0,0,1,1,2580,0,0,0,50000.0,50000.0,6987776,2727936,2,0.02716
prod_recursive_calendar_gaps,"WITH RECURSIVE calendar(day) AS ( SELECT DATE '2025-03-02' UNION ALL SELECT day + 1 FROM calendar WHERE day < DATE '2025-03-02' + 60 ), traffic AS ( SELECT scheduled_departure::date AS day, COUNT(*) AS flights FROM aviation.flights GROUP BY scheduled_departure::date ) SELECT c.day, COALESCE(t.flights, 0) AS flights, AVG(COALESCE(t.flights, 0)) OVER (ORDER BY c.day ROWS BETWEEN 6 PRECEDING AND CURRENT ROW) AS weekly_average FROM calendar c LEFT JOIN traffic t USING (day) ORDER BY c.day",489,1,1,3,True,True,False,1,1,7,2,0,1,0,0,0,1708.94,1732.69,1358.0,44,62934.0,18.794,10,5,1,WindowAgg,1,0,0,0,1,0,0,1,1,2580,0,0,0,50000.0,50000.0,6987776,2727936,2,0.02716
prod_aircraft_turnaround,"WITH rotations AS ( SELECT flight_id, departure_airport, arrival_airport, scheduled_departure, LAG(scheduled_arrival) OVER ( PARTITION BY aircraft_code ORDER BY scheduled_departure ) AS prior_arrival FROM aviation.flights WHERE aircraft_code = '320' ) SELECT departure_airport, COUNT(*) AS rotations, AVG(scheduled_departure - prior_arrival) AS avg_turnaround, MIN(scheduled_departure - prior_arrival) AS min_turnaround FROM rotations WHERE prior_arrival IS NOT NULL GROUP BY departure_airport ORDER BY min_turnaround",517,0,2,1,True,True,False,1,1,9,4,0,0,0,0,0,2212.76,2212.78,10.0,44,39379.0,21.039,6,6,1,Sort,1,0,0,0,0,0,0,2,1,3096,0,0,0,50000.0,50000.0,6987776,2727936,2,0.0002
prod_aircraft_turnaround,"WITH rotations AS ( SELECT flight_id, departure_airport, arrival_airport, scheduled_departure, LAG(scheduled_arrival) OVER ( PARTITION BY aircraft_code ORDER BY scheduled_departure ) AS prior_arrival FROM aviation.flights WHERE aircraft_code = '320' ) SELECT departure_airport, COUNT(*) AS rotations, AVG(scheduled_departure - prior_arrival) AS avg_turnaround, MIN(scheduled_departure - prior_arrival) AS min_turnaround FROM rotations WHERE prior_arrival IS NOT NULL GROUP BY departure_airport ORDER BY min_turnaround",517,0,2,1,True,True,False,1,1,9,4,0,0,0,0,0,2212.76,2212.78,10.0,44,39379.0,21.373,6,6,1,Sort,1,0,0,0,0,0,0,2,1,3096,0,0,0,50000.0,50000.0,6987776,2727936,2,0.0002
prod_load_factor_percentile,"WITH capacity AS ( SELECT aircraft_code, COUNT(*) AS seats FROM aviation.seats GROUP BY aircraft_code ), loads AS ( SELECT f.flight_id, f.arrival_airport, COUNT(tf.ticket_no)::numeric / c.seats AS load_factor FROM aviation.flights f JOIN capacity c ON c.aircraft_code = f.aircraft_code LEFT JOIN aviation.ticket_flights tf ON tf.flight_id = f.flight_id WHERE f.departure_airport = 'GNA' GROUP BY f.flight_id, f.arrival_airport, c.seats ) SELECT *, PERCENT_RANK() OVER (PARTITION BY arrival_airport ORDER BY load_factor) AS route_percentile FROM loads ORDER BY route_percentile DESC, load_factor DESC LIMIT 200",609,2,1,2,True,True,False,3,3,7,3,1,1,0,0,0,27622.05,27622.55,200.0,48,1342815.0,323.825,15,11,3,Limit,3,0,0,0,2,0,0,2,2,5448,74773,0,0,1050900.0,1000000.0,136372224,63725568,4,0.0002
prod_load_factor_percentile,"WITH capacity AS ( SELECT aircraft_code, COUNT(*) AS seats FROM aviation.seats GROUP BY aircraft_code ), loads AS ( SELECT f.flight_id, f.arrival_airport, COUNT(tf.ticket_no)::numeric / c.seats AS load_factor FROM aviation.flights f JOIN capacity c ON c.aircraft_code = f.aircraft_code LEFT JOIN aviation.ticket_flights tf ON tf.flight_id = f.flight_id WHERE f.departure_airport = 'GNA' GROUP BY f.flight_id, f.arrival_airport, c.seats ) SELECT *, PERCENT_RANK() OVER (PARTITION BY arrival_airport ORDER BY load_factor) AS route_percentile FROM loads ORDER BY route_percentile DESC, load_factor DESC LIMIT 200",609,2,1,2,True,True,False,3,3,7,3,1,1,0,0,0,27622.05,27622.55,200.0,48,1342815.0,314.115,15,11,3,Limit,3,0,0,0,2,0,0,2,2,5791,74430,0,0,1050900.0,1000000.0,136372224,63725568,4,0.0002
prod_route_status_cube,"SELECT departure_airport, arrival_airport, status, aircraft_code, COUNT(*) AS flights, AVG(EXTRACT(EPOCH FROM (scheduled_arrival - scheduled_departure)) / 60) AS avg_minutes FROM aviation.flights WHERE scheduled_departure >= DATE '2025-04-06' - INTERVAL '60 days' AND scheduled_departure < DATE '2025-04-06' + INTERVAL '60 days' GROUP BY CUBE (departure_airport, arrival_airport, status, aircraft_code) HAVING COUNT(*) >= 2 ORDER BY flights DESC NULLS LAST LIMIT 500",466,0,2,0,True,True,False,1,1,6,3,0,0,0,0,0,6009.47,6010.72,500.0,60,19453.0,90.828,4,4,1,Limit,1,0,0,0,0,0,0,1,1,2064,0,0,0,50000.0,50000.0,6987776,2727936,2,0.01
prod_route_status_cube,"SELECT departure_airport, arrival_airport, status, aircraft_code, COUNT(*) AS flights, AVG(EXTRACT(EPOCH FROM (scheduled_arrival - scheduled_departure)) / 60) AS avg_minutes FROM aviation.flights WHERE scheduled_departure >= DATE '2025-04-06' - INTERVAL '60 days' AND scheduled_departure < DATE '2025-04-06' + INTERVAL '60 days' GROUP BY CUBE (departure_airport, arrival_airport, status, aircraft_code) HAVING COUNT(*) >= 2 ORDER BY flights DESC NULLS LAST LIMIT 500",466,0,2,0,True,True,False,1,1,6,3,0,0,0,0,0,6009.47,6010.72,500.0,60,19453.0,91.192,4,4,1,Limit,1,0,0,0,0,0,0,1,1,2064,0,0,0,50000.0,50000.0,6987776,2727936,2,0.01
prod_integrity_audit,"SELECT 'tickets_without_booking' AS check_name, COUNT(*) AS failures FROM aviation.tickets t LEFT JOIN aviation.bookings b ON b.book_ref = t.book_ref WHERE b.book_ref IS NULL UNION ALL SELECT 'segments_without_ticket', COUNT(*) FROM aviation.ticket_flights tf LEFT JOIN aviation.tickets t ON t.ticket_no = tf.ticket_no WHERE t.ticket_no IS NULL UNION ALL SELECT 'boarding_without_segment', COUNT(*) FROM aviation.boarding_passes bp LEFT JOIN aviation.ticket_flights tf ON tf.ticket_no = bp.ticket_no AND tf.flight_id = bp.flight_id WHERE tf.ticket_no IS NULL UNION ALL SELECT 'flight_without_aircraft', COUNT(*) FROM aviation.flights f LEFT JOIN aviation.aircrafts a ON a.aircraft_code = f.aircraft_code WHERE a.aircraft_code IS NULL AND f.flight_id >= 29001",758,4,5,3,False,False,False,8,6,8,4,0,4,0,0,0,54450.01,79551.44,4.0,40,5821221.0,1485.351,22,6,6,Gather,7,1,0,0,4,0,0,0,4,66001,123319,54416,60650,2600005.0,1000000.0,336601088,160481280,9,4e-06
prod_integrity_audit,"SELECT 'tickets_without_booking' AS check_name, COUNT(*) AS failures FROM aviation.tickets t LEFT JOIN aviation.bookings b ON b.book_ref = t.book_ref WHERE b.book_ref IS NULL UNION ALL SELECT 'segments_without_ticket', COUNT(*) FROM aviation.ticket_flights tf LEFT JOIN aviation.tickets t ON t.ticket_no = tf.ticket_no WHERE t.ticket_no IS NULL UNION ALL SELECT 'boarding_without_segment', COUNT(*) FROM aviation.boarding_passes bp LEFT JOIN aviation.ticket_flights tf ON tf.ticket_no = bp.ticket_no AND tf.flight_id = bp.flight_id WHERE tf.ticket_no IS NULL UNION ALL SELECT 'flight_without_aircraft', COUNT(*) FROM aviation.flights f LEFT JOIN aviation.aircrafts a ON a.aircraft_code = f.aircraft_code WHERE a.aircraft_code IS NULL AND f.flight_id >= 29001",758,4,5,3,False,False,False,8,6,8,4,0,4,0,0,0,54450.01,79551.44,4.0,40,5821221.0,1457.943,22,6,6,Gather,7,1,0,0,4,0,0,0,4,67975,121345,54416,60650,2600005.0,1000000.0,336601088,160481280,9,4e-06
prod_route_top_n_per_month,"WITH monthly_routes AS ( SELECT date_trunc('month', f.scheduled_departure) AS month_start, f.departure_airport, f.arrival_airport, COUNT(*) AS tickets, SUM(tf.amount) AS revenue FROM aviation.flights f JOIN aviation.ticket_flights tf ON tf.flight_id = f.flight_id GROUP BY date_trunc('month', f.scheduled_departure), f.departure_airport, f.arrival_airport ), ranked AS ( SELECT *, ROW_NUMBER() OVER (PARTITION BY month_start, departure_airport ORDER BY revenue DESC) AS position FROM monthly_routes ) SELECT * FROM ranked WHERE position <= 5 ORDER BY month_start, departure_airport, position",591,1,1,2,True,True,False,2,2,8,2,1,0,0,0,0,25338.16,25807.54,8763.0,64,1003438.0,532.613,11,10,2,Incremental Sort,2,0,0,0,1,0,0,1,2,17720,72990,0,0,1050000.0,1000000.0,136249344,63668224,3,0.008763
prod_route_top_n_per_month,"WITH monthly_routes AS ( SELECT date_trunc('month', f.scheduled_departure) AS month_start, f.departure_airport, f.arrival_airport, COUNT(*) AS tickets, SUM(tf.amount) AS revenue FROM aviation.flights f JOIN aviation.ticket_flights tf ON tf.flight_id = f.flight_id GROUP BY date_trunc('month', f.scheduled_departure), f.departure_airport, f.arrival_airport ), ranked AS ( SELECT *, ROW_NUMBER() OVER (PARTITION BY month_start, departure_airport ORDER BY revenue DESC) AS position FROM monthly_routes ) SELECT * FROM ranked WHERE position <= 5 ORDER BY month_start, departure_airport, position",591,1,1,2,True,True,False,2,2,8,2,1,0,0,0,0,25338.16,25807.54,8763.0,64,1003438.0,755.157,11,10,2,Incremental Sort,2,0,0,0,1,0,0,1,2,18584,72126,0,0,1050000.0,1000000.0,136249344,63668224,3,0.008763
prod_booking_reconciliation,"SELECT b.book_ref, b.total_amount, COALESCE(SUM(tf.amount), 0) AS sold_amount, b.total_amount - COALESCE(SUM(tf.amount), 0) AS difference FROM aviation.bookings b LEFT JOIN aviation.tickets t ON t.book_ref = b.book_ref LEFT JOIN aviation.ticket_flights tf ON tf.ticket_no = t.ticket_no GROUP BY b.book_ref, b.total_amount HAVING ABS(b.total_amount - COALESCE(SUM(tf.amount), 0)) > 1000 ORDER BY ABS(b.total_amount - COALESCE(SUM(tf.amount), 0)) DESC LIMIT 200",459,2,0,0,True,True,False,3,3,4,4,0,2,0,0,0,160159.46,160159.96,200.0,109,3249246.0,2585.806,13,10,3,Limit,3,0,0,0,2,0,0,2,2,68369,72992,77774,80068,1750000.0,1000000.0,205963264,82354176,3,0.0002
prod_booking_reconciliation,"SELECT b.book_ref, b.total_amount, COALESCE(SUM(tf.amount), 0) AS sold_amount, b.total_amount - COALESCE(SUM(tf.amount), 0) AS difference FROM aviation.bookings b LEFT JOIN aviation.tickets t ON t.book_ref = b.book_ref LEFT JOIN aviation.ticket_flights tf ON tf.ticket_no = t.ticket_no GROUP BY b.book_ref, b.total_amount HAVING ABS(b.total_amount - COALESCE(SUM(tf.amount), 0)) > 1000 ORDER BY ABS(b.total_amount - COALESCE(SUM(tf.amount), 0)) DESC LIMIT 200",459,2,0,0,True,True,False,3,3,4,4,0,2,0,0,0,160159.46,160159.96,200.0,109,3249246.0,2592.681,13,10,3,Limit,3,0,0,0,2,0,0,2,2,70193,71168,77776,80030,1750000.0,1000000.0,205963264,82354176,3,0.0002
prod_route_peer_comparison,"SELECT f.departure_airport, f.arrival_airport, AVG(tf.amount) AS avg_fare FROM aviation.flights f JOIN aviation.ticket_flights tf ON tf.flight_id = f.flight_id GROUP BY f.departure_airport, f.arrival_airport HAVING AVG(tf.amount) > 1.1 * ( SELECT AVG(tf2.amount) FROM aviation.flights f2 JOIN aviation.ticket_flights tf2 ON tf2.flight_id = f2.flight_id WHERE f2.departure_airport = f.departure_airport ) ORDER BY avg_fare DESC",426,2,1,1,True,True,False,4,2,4,3,2,0,0,0,0,2271376.3,2271376.39,33.0,40,3210067.0,3513.997,11,6,2,Sort,4,0,0,0,2,0,0,1,2,67972,415604,0,0,1050000.0,1000000.0,136249344,63668224,3,3.3e-05
prod_route_peer_comparison,"SELECT f.departure_airport, f.arrival_airport, AVG(tf.amount) AS avg_fare FROM aviation.flights f JOIN aviation.ticket_flights tf ON tf.flight_id = f.flight_id GROUP BY f.departure_airport, f.arrival_airport HAVING AVG(tf.amount) > 1.1 * ( SELECT AVG(tf2.amount) FROM aviation.flights f2 JOIN aviation.ticket_flights tf2 ON tf2.flight_id = f2.flight_id WHERE f2.departure_airport = f.departure_airport ) ORDER BY avg_fare DESC",426,2,1,1,True,True,False,4,2,4,3,2,0,0,0,0,2271376.3,2271376.39,33.0,40,3210067.0,3733.979,11,6,2,Sort,4,0,0,0,2,0,0,1,2,71428,412148,0,0,1050000.0,1000000.0,136249344,63668224,3,3.3e-05
prod_duplicate_passenger_summary,"SELECT passenger_id, MIN(passenger_name) AS canonical_name, COUNT(DISTINCT passenger_name) AS name_versions, COUNT(DISTINCT book_ref) AS bookings FROM aviation.tickets GROUP BY passenger_id HAVING COUNT(DISTINCT book_ref) >= 4 ORDER BY name_versions DESC, bookings DESC LIMIT 200",279,0,0,0,True,True,False,1,1,4,4,0,0,0,0,0,90852.65,90853.15,200.0,60,1333534.0,1668.063,5,5,1,Limit,1,0,0,0,0,0,0,2,1,25730,0,11216,11252,500000.0,500000.0,57991168,15785984,1,0.0004
prod_duplicate_passenger_summary,"SELECT passenger_id, MIN(passenger_name) AS canonical_name, COUNT(DISTINCT passenger_name) AS name_versions, COUNT(DISTINCT book_ref) AS bookings FROM aviation.tickets GROUP BY passenger_id HAVING COUNT(DISTINCT book_ref) >= 4 ORDER BY name_versions DESC, bookings DESC LIMIT 200",279,0,0,0,True,True,False,1,1,4,4,0,0,0,0,0,90852.65,90853.15,200.0,60,1333534.0,1553.612,5,5,1,Limit,1,0,0,0,0,0,0,2,1,25730,0,11216,11252,500000.0,500000.0,57991168,15785984,1,0.0004
prod_tickets_without_boarding,SELECT tf.ticket_no FROM aviation.ticket_flights tf WHERE tf.fare_conditions = 'Comfort' EXCEPT SELECT bp.ticket_no FROM aviation.boarding_passes bp ORDER BY ticket_no LIMIT 500,177,0,1,1,False,True,False,2,2,2,0,0,0,0,0,0,212360.97,212379.14,500.0,60,3881473.0,1853.354,8,6,2,Limit,2,0,0,0,0,0,0,1,0,4800,80502,1440,10377,1800000.0,1000000.0,252878848,136323072,4,0.0005
prod_tickets_without_boarding,SELECT tf.ticket_no FROM aviation.ticket_flights tf WHERE tf.fare_conditions = 'Comfort' EXCEPT SELECT bp.ticket_no FROM aviation.boarding_passes bp ORDER BY ticket_no LIMIT 500,177,0,1,1,False,True,False,2,2,2,0,0,0,0,0,0,212360.97,212379.14,500.0,60,3881473.0,1985.991,8,6,2,Limit,2,0,0,0,0,0,0,1,0,5184,80118,1440,10377,1800000.0,1000000.0,252878848,136323072,4,0.0005
prod_aircraft_duration_fit,"SELECT a.aircraft_code, a.model, f.departure_airport, f.arrival_airport, COUNT(*) AS flights, AVG(EXTRACT(EPOCH FROM (f.scheduled_arrival - f.scheduled_departure)) / 3600) AS avg_hours FROM aviation.aircrafts a JOIN aviation.flights f ON f.aircraft_code = a.aircraft_code GROUP BY a.aircraft_code, a.model, f.departure_airport, f.arrival_airport, a.range_km HAVING AVG(EXTRACT(EPOCH FROM (f.scheduled_arrival - f.scheduled_departure)) / 3600) * 800 > a.range_km * 0.7 ORDER BY avg_hours DESC",491,1,0,0,True,True,False,2,2,6,3,1,0,0,0,0,2277.03,2277.45,167.0,71,100344.0,145.383,6,5,2,Sort,2,0,0,0,1,0,0,1,1,2069,0,0,0,50005.0,50000.0,7020544,2744320,3,0.00334
prod_aircraft_duration_fit,"SELECT a.aircraft_code, a.model, f.departure_airport, f.arrival_airport, COUNT(*) AS flights, AVG(EXTRACT(EPOCH FROM (f.scheduled_arrival - f.scheduled_departure)) / 3600) AS avg_hours FROM aviation.aircrafts a JOIN aviation.flights f ON f.aircraft_code = a.aircraft_code GROUP BY a.aircraft_code, a.model, f.departure_airport, f.arrival_airport, a.range_km HAVING AVG(EXTRACT(EPOCH FROM (f.scheduled_arrival - f.scheduled_departure)) / 3600) * 800 > a.range_km * 0.7 ORDER BY avg_hours DESC",491,1,0,0,True,True,False,2,2,6,3,1,0,0,0,0,2277.03,2277.45,167.0,71,100344.0,139.173,6,5,2,Sort,2,0,0,0,1,0,0,1,1,2069,0,0,0,50005.0,50000.0,7020544,2744320,3,0.00334
prod_materialized_route_comparison,"WITH route_sales AS MATERIALIZED ( SELECT f.departure_airport, f.arrival_airport, COUNT(*) AS tickets, SUM(tf.amount) AS revenue FROM aviation.flights f JOIN aviation.ticket_flights tf ON tf.flight_id = f.flight_id GROUP BY f.departure_airport, f.arrival_airport ) SELECT current.arrival_airport, current.tickets, current.revenue, AVG(peer.revenue) AS peer_average FROM route_sales current JOIN route_sales peer ON peer.departure_airport <> current.departure_airport AND peer.arrival_airport = current.arrival_airport WHERE current.departure_airport = 'WAW' GROUP BY current.arrival_airport, current.tickets, current.revenue ORDER BY current.revenue - AVG(peer.revenue) DESC",674,2,1,1,True,True,False,2,2,8,4,2,0,0,0,0,20438.56,20438.56,1.0,120,933940.0,433.679,15,8,2,Sort,2,0,0,0,2,0,0,3,3,21552,63506,0,0,1050000.0,1000000.0,136249344,63668224,3,1e-06
prod_materialized_route_comparison,"WITH route_sales AS MATERIALIZED ( SELECT f.departure_airport, f.arrival_airport, COUNT(*) AS tickets, SUM(tf.amount) AS revenue FROM aviation.flights f JOIN aviation.ticket_flights tf ON tf.flight_id = f.flight_id GROUP BY f.departure_airport, f.arrival_airport ) SELECT current.arrival_airport, current.tickets, current.revenue, AVG(peer.revenue) AS peer_average FROM route_sales current JOIN route_sales peer ON peer.departure_airport <> current.departure_airport AND peer.arrival_airport = current.arrival_airport WHERE current.departure_airport = 'WAW' GROUP BY current.arrival_airport, current.tickets, current.revenue ORDER BY current.revenue - AVG(peer.revenue) DESC",674,2,1,1,True,True,False,2,2,8,4,2,0,0,0,0,20438.56,20438.56,1.0,120,933940.0,400.071,15,8,2,Sort,2,0,0,0,2,0,0,3,3,22160,63170,0,0,1050000.0,1000000.0,136249344,63668224,3,1e-06
prod_customer_value_deciles,"WITH passenger_value AS ( SELECT t.passenger_id, COUNT(DISTINCT t.ticket_no) AS tickets, SUM(tf.amount) AS revenue FROM aviation.tickets t JOIN aviation.ticket_flights tf ON tf.ticket_no = t.ticket_no GROUP BY t.passenger_id HAVING COUNT(DISTINCT t.ticket_no) >= 5 ), scored AS ( SELECT *, NTILE(10) OVER (ORDER BY revenue DESC) AS value_decile FROM passenger_value ) SELECT value_decile, COUNT(*) AS passengers, AVG(revenue) AS avg_revenue FROM scored GROUP BY value_decile ORDER BY value_decile",496,1,0,2,True,True,False,2,2,8,6,1,0,0,0,0,222950.56,222951.06,200.0,44,4667068.0,3838.998,11,10,2,Sort,2,0,0,0,1,0,0,3,2,60388,66078,128186,130774,1500000.0,1000000.0,187252736,76726272,2,0.0002
prod_customer_value_deciles,"WITH passenger_value AS ( SELECT t.passenger_id, COUNT(DISTINCT t.ticket_no) AS tickets, SUM(tf.amount) AS revenue FROM aviation.tickets t JOIN aviation.ticket_flights tf ON tf.ticket_no = t.ticket_no GROUP BY t.passenger_id HAVING COUNT(DISTINCT t.ticket_no) >= 5 ), scored AS ( SELECT *, NTILE(10) OVER (ORDER BY revenue DESC) AS value_decile FROM passenger_value ) SELECT value_decile, COUNT(*) AS passengers, AVG(revenue) AS avg_revenue FROM scored GROUP BY value_decile ORDER BY value_decile",496,1,0,2,True,True,False,2,2,8,6,1,0,0,0,0,222950.56,222951.06,200.0,44,4667068.0,3748.116,11,10,2,Sort,2,0,0,0,1,0,0,3,2,60676,65790,128186,130774,1500000.0,1000000.0,187252736,76726272,2,0.0002
prod_revenue_iqr_outliers,"WITH route_stats AS ( SELECT f.departure_airport, f.arrival_airport, percentile_cont(0.25) WITHIN GROUP (ORDER BY tf.amount) AS q1, percentile_cont(0.75) WITHIN GROUP (ORDER BY tf.amount) AS q3 FROM aviation.flights f JOIN aviation.ticket_flights tf ON tf.flight_id = f.flight_id WHERE tf.fare_conditions = 'Economy' GROUP BY f.departure_airport, f.arrival_airport ) SELECT f.flight_id, tf.ticket_no, tf.amount, s.q1, s.q3 FROM aviation.ticket_flights tf JOIN aviation.flights f ON f.flight_id = tf.flight_id JOIN route_stats s USING (departure_airport, arrival_airport) WHERE tf.fare_conditions = 'Economy' AND (tf.amount < s.q1 - 1.5 * (s.q3 - s.q1) OR tf.amount > s.q3 + 1.5 * (s.q3 - s.q1)) ORDER BY tf.amount DESC LIMIT 200",728,3,3,1,True,True,False,4,2,9,2,3,0,0,0,0,145551.41,145574.74,200.0,40,2931295.0,2614.668,16,13,2,Limit,4,0,0,0,3,0,0,2,1,118980,254370,74580,74910,1050000.0,1000000.0,136249344,63668224,3,0.0002
prod_revenue_iqr_outliers,"WITH route_stats AS ( SELECT f.departure_airport, f.arrival_airport, percentile_cont(0.25) WITHIN GROUP (ORDER BY tf.amount) AS q1, percentile_cont(0.75) WITHIN GROUP (ORDER BY tf.amount) AS q3 FROM aviation.flights f JOIN aviation.ticket_flights tf ON tf.flight_id = f.flight_id WHERE tf.fare_conditions = 'Economy' GROUP BY f.departure_airport, f.arrival_airport ) SELECT f.flight_id, tf.ticket_no, tf.amount, s.q1, s.q3 FROM aviation.ticket_flights tf JOIN aviation.flights f ON f.flight_id = tf.flight_id JOIN route_stats s USING (departure_airport, arrival_airport) WHERE tf.fare_conditions = 'Economy' AND (tf.amount < s.q1 - 1.5 * (s.q3 - s.q1) OR tf.amount > s.q3 + 1.5 * (s.q3 - s.q1)) ORDER BY tf.amount DESC LIMIT 200",728,3,3,1,True,True,False,4,2,9,2,3,0,0,0,0,145551.41,145574.74,200.0,40,2931295.0,2474.964,16,13,2,Limit,4,0,0,0,3,0,0,2,1,138215,235135,74580,74910,1050000.0,1000000.0,136249344,63668224,3,0.0002
prod_booking_funnel,"WITH cohort AS ( SELECT book_ref FROM aviation.bookings WHERE book_date >= DATE '2025-02-20' AND book_date < DATE '2025-02-20' + INTERVAL '30 days' ), ticketed AS ( SELECT c.book_ref, COUNT(DISTINCT t.ticket_no) AS tickets FROM cohort c LEFT JOIN aviation.tickets t ON t.book_ref = c.book_ref GROUP BY c.book_ref ), segmented AS ( SELECT x.book_ref, x.tickets, COUNT(tf.flight_id) AS segments, COUNT(bp.ticket_no) AS boarded FROM ticketed x LEFT JOIN aviation.tickets t ON t.book_ref = x.book_ref LEFT JOIN aviation.ticket_flights tf ON tf.ticket_no = t.ticket_no LEFT JOIN aviation.boarding_passes bp ON bp.ticket_no = tf.ticket_no AND bp.flight_id = tf.flight_id GROUP BY x.book_ref, x.tickets ) SELECT COUNT(*) AS bookings, COUNT(*) FILTER (WHERE tickets > 0) AS with_tickets, COUNT(*) FILTER (WHERE segments > 0) AS with_segments, COUNT(*) FILTER (WHERE boarded > 0) AS with_boarding FROM segmented",902,4,5,3,True,False,False,5,4,11,7,0,4,0,0,0,75796.95,75796.96,1.0,32,1940717.0,865.155,17,13,4,Aggregate,4,0,1,0,3,0,1,1,3,845914,37705,0,0,2550000.0,1000000.0,329580544,157736960,6,1e-06
prod_booking_funnel,"WITH cohort AS ( SELECT book_ref FROM aviation.bookings WHERE book_date >= DATE '2025-02-20' AND book_date < DATE '2025-02-20' + INTERVAL '30 days' ), ticketed AS ( SELECT c.book_ref, COUNT(DISTINCT t.ticket_no) AS tickets FROM cohort c LEFT JOIN aviation.tickets t ON t.book_ref = c.book_ref GROUP BY c.book_ref ), segmented AS ( SELECT x.book_ref, x.tickets, COUNT(tf.flight_id) AS segments, COUNT(bp.ticket_no) AS boarded FROM ticketed x LEFT JOIN aviation.tickets t ON t.book_ref = x.book_ref LEFT JOIN aviation.ticket_flights tf ON tf.ticket_no = t.ticket_no LEFT JOIN aviation.boarding_passes bp ON bp.ticket_no = tf.ticket_no AND bp.flight_id = tf.flight_id GROUP BY x.book_ref, x.tickets ) SELECT COUNT(*) AS bookings, COUNT(*) FILTER (WHERE tickets > 0) AS with_tickets, COUNT(*) FILTER (WHERE segments > 0) AS with_segments, COUNT(*) FILTER (WHERE boarded > 0) AS with_boarding FROM segmented",902,4,5,3,True,False,False,5,4,11,7,0,4,0,0,0,75796.95,75796.96,1.0,32,1940717.0,935.678,17,13,4,Aggregate,4,0,1,0,3,0,1,1,3,848474,35145,0,0,2550000.0,1000000.0,329580544,157736960,6,1e-06
prod_route_top_passengers,"SELECT r.arrival_airport, p.passenger_id, p.route_revenue FROM (SELECT DISTINCT arrival_airport FROM aviation.flights WHERE departure_airport = 'VTB') r CROSS JOIN LATERAL ( SELECT t.passenger_id, SUM(tf.amount) AS route_revenue FROM aviation.flights f JOIN aviation.ticket_flights tf ON tf.flight_id = f.flight_id JOIN aviation.tickets t ON t.ticket_no = tf.ticket_no WHERE f.departure_airport = 'VTB' AND f.arrival_airport = r.arrival_airport GROUP BY t.passenger_id ORDER BY route_revenue DESC LIMIT 5 ) p ORDER BY r.arrival_airport, p.route_revenue DESC",557,3,3,2,True,True,True,4,3,6,1,2,0,0,0,1,53374.75,274739.36,50.0,48,1051826.0,883.089,14,9,3,Incremental Sort,3,1,0,0,1,0,2,2,1,2787543,86353,2235,3995,1550000.0,1000000.0,194240512,79454208,4,5e-05
prod_route_top_passengers,"SELECT r.arrival_airport, p.passenger_id, p.route_revenue FROM (SELECT DISTINCT arrival_airport FROM aviation.flights WHERE departure_airport = 'VTB') r CROSS JOIN LATERAL ( SELECT t.passenger_id, SUM(tf.amount) AS route_revenue FROM aviation.flights f JOIN aviation.ticket_flights tf ON tf.flight_id = f.flight_id JOIN aviation.tickets t ON t.ticket_no = tf.ticket_no WHERE f.departure_airport = 'VTB' AND f.arrival_airport = r.arrival_airport GROUP BY t.passenger_id ORDER BY route_revenue DESC LIMIT 5 ) p ORDER BY r.arrival_airport, p.route_revenue DESC",557,3,3,2,True,True,True,4,3,6,1,2,0,0,0,1,53374.75,274739.36,50.0,48,1051826.0,874.184,14,9,3,Incremental Sort,3,1,0,0,1,0,2,2,1,2807480,66416,2235,3995,1550000.0,1000000.0,194240512,79454208,4,5e-05
prod_route_concentration,"WITH route_counts AS ( SELECT departure_airport, arrival_airport, COUNT(*)::numeric AS flights FROM aviation.flights WHERE status = 'Scheduled' GROUP BY departure_airport, arrival_airport ), shares AS ( SELECT *, flights / SUM(flights) OVER (PARTITION BY departure_airport) AS share FROM route_counts ) SELECT departure_airport, SUM(share * share) AS hhi, COUNT(*) AS served_destinations FROM shares GROUP BY departure_airport ORDER BY hhi DESC",444,0,1,2,True,True,False,1,1,8,4,0,0,0,0,0,1247.77,1248.02,100.0,44,12950.0,10.622,7,7,1,Sort,1,0,0,0,0,0,0,2,2,3612,0,0,0,50000.0,50000.0,6987776,2727936,2,0.002
prod_route_concentration,"WITH route_counts AS ( SELECT departure_airport, arrival_airport, COUNT(*)::numeric AS flights FROM aviation.flights WHERE status = 'Scheduled' GROUP BY departure_airport, arrival_airport ), shares AS ( SELECT *, flights / SUM(flights) OVER (PARTITION BY departure_airport) AS share FROM route_counts ) SELECT departure_airport, SUM(share * share) AS hhi, COUNT(*) AS served_destinations FROM shares GROUP BY departure_airport ORDER BY hhi DESC",444,0,1,2,True,True,False,1,1,8,4,0,0,0,0,0,1247.77,1248.02,100.0,44,12950.0,10.028,7,7,1,Sort,1,0,0,0,0,0,0,2,2,3612,0,0,0,50000.0,50000.0,6987776,2727936,2,0.002
prod_booking_cohort_retention,"WITH first_booking AS ( SELECT t.passenger_id, MIN(date_trunc('month', b.book_date)) AS cohort_month FROM aviation.tickets t JOIN aviation.bookings b ON b.book_ref = t.book_ref GROUP BY t.passenger_id ), activity AS ( SELECT DISTINCT t.passenger_id, date_trunc('month', b.book_date) AS activity_month FROM aviation.tickets t JOIN aviation.bookings b ON b.book_ref = t.book_ref JOIN aviation.ticket_flights tf ON tf.ticket_no = t.ticket_no WHERE tf.fare_conditions = 'Business' ) SELECT f.cohort_month, EXTRACT(YEAR FROM age(a.activity_month, f.cohort_month)) * 12 + EXTRACT(MONTH FROM age(a.activity_month, f.cohort_month)) AS month_number, COUNT(DISTINCT a.passenger_id) AS retained_passengers FROM first_booking f JOIN activity a ON a.passenger_id = f.passenger_id GROUP BY f.cohort_month, month_number ORDER BY f.cohort_month, month_number",842,4,1,2,True,True,True,5,3,7,2,4,0,0,0,0,18611458.06,19357058.06,40000.0,48,152548700.0,2537.635,21,12,3,Aggregate,5,0,0,0,4,0,0,1,4,127301,99251,31520,49519,1750000.0,1000000.0,205963264,82354176,3,0.04
prod_booking_cohort_retention,"WITH first_booking AS ( SELECT t.passenger_id, MIN(date_trunc('month', b.book_date)) AS cohort_month FROM aviation.tickets t JOIN aviation.bookings b ON b.book_ref = t.book_ref GROUP BY t.passenger_id ), activity AS ( SELECT DISTINCT t.passenger_id, date_trunc('month', b.book_date) AS activity_month FROM aviation.tickets t JOIN aviation.bookings b ON b.book_ref = t.book_ref JOIN aviation.ticket_flights tf ON tf.ticket_no = t.ticket_no WHERE tf.fare_conditions = 'Business' ) SELECT f.cohort_month, EXTRACT(YEAR FROM age(a.activity_month, f.cohort_month)) * 12 + EXTRACT(MONTH FROM age(a.activity_month, f.cohort_month)) AS month_number, COUNT(DISTINCT a.passenger_id) AS retained_passengers FROM first_booking f JOIN activity a ON a.passenger_id = f.passenger_id GROUP BY f.cohort_month, month_number ORDER BY f.cohort_month, month_number",842,4,1,2,True,True,True,5,3,7,2,4,0,0,0,0,18611458.06,19357058.06,40000.0,48,152548700.0,2414.644,21,12,3,Aggregate,5,0,0,0,4,0,0,1,4,127744,98808,31520,49519,1750000.0,1000000.0,205963264,82354176,3,0.04
prod_passenger_itinerary_gaps,"WITH itinerary AS ( SELECT t.passenger_id, f.flight_id, f.departure_airport, f.arrival_airport, f.scheduled_departure, f.scheduled_arrival, LAG(f.scheduled_arrival) OVER ( PARTITION BY t.passenger_id ORDER BY f.scheduled_departure ) AS previous_arrival FROM aviation.tickets t JOIN aviation.ticket_flights tf ON tf.ticket_no = t.ticket_no JOIN aviation.flights f ON f.flight_id = tf.flight_id ) SELECT * FROM itinerary WHERE scheduled_departure - previous_arrival < INTERVAL '4 hours' ORDER BY scheduled_departure - previous_arrival LIMIT 200",542,2,1,1,False,True,False,3,3,8,1,2,0,0,0,0,249391.83,249392.33,200.0,64,4850200.0,2804.772,13,10,3,Limit,3,0,0,0,2,0,0,2,0,67732,73818,101584,104734,1550000.0,1000000.0,194240512,79454208,4,0.0002
prod_passenger_itinerary_gaps,"WITH itinerary AS ( SELECT t.passenger_id, f.flight_id, f.departure_airport, f.arrival_airport, f.scheduled_departure, f.scheduled_arrival, LAG(f.scheduled_arrival) OVER ( PARTITION BY t.passenger_id ORDER BY f.scheduled_departure ) AS previous_arrival FROM aviation.tickets t JOIN aviation.ticket_flights tf ON tf.ticket_no = t.ticket_no JOIN aviation.flights f ON f.flight_id = tf.flight_id ) SELECT * FROM itinerary WHERE scheduled_departure - previous_arrival < INTERVAL '4 hours' ORDER BY scheduled_departure - previous_arrival LIMIT 200",542,2,1,1,False,True,False,3,3,8,1,2,0,0,0,0,249391.83,249392.33,200.0,64,4850200.0,2737.605,13,10,3,Limit,3,0,0,0,2,0,0,2,0,68596,72954,101570,104688,1550000.0,1000000.0,194240512,79454208,4,0.0002
prod_latest_booking_per_passenger,"SELECT DISTINCT ON (t.passenger_id) t.passenger_id, t.passenger_name, b.book_ref, b.book_date, b.total_amount FROM aviation.tickets t JOIN aviation.bookings b ON b.book_ref = t.book_ref WHERE t.passenger_id LIKE '42%' ORDER BY t.passenger_id, b.book_date DESC, b.book_ref DESC",276,1,1,0,False,True,True,2,2,5,0,1,0,0,0,0,12815.07,13991.54,10101.0,49,187563.0,104.709,7,6,2,Unique,2,0,0,0,1,0,0,1,0,39193,0,0,0,750000.0,500000.0,76701696,21413888,2,0.020202
prod_latest_booking_per_passenger,"SELECT DISTINCT ON (t.passenger_id) t.passenger_id, t.passenger_name, b.book_ref, b.book_date, b.total_amount FROM aviation.tickets t JOIN aviation.bookings b ON b.book_ref = t.book_ref WHERE t.passenger_id LIKE '42%' ORDER BY t.passenger_id, b.book_date DESC, b.book_ref DESC",276,1,1,0,False,True,True,2,2,5,0,1,0,0,0,0,12815.07,13991.54,10101.0,49,187563.0,103.778,7,6,2,Unique,2,0,0,0,1,0,0,1,0,39193,0,0,0,750000.0,500000.0,76701696,21413888,2,0.020202
prod_unsold_business_inventory,"SELECT f.flight_id, f.departure_airport, f.arrival_airport, COUNT(DISTINCT s.seat_no) AS business_capacity, COUNT(DISTINCT tf.ticket_no) AS business_sold FROM aviation.flights f JOIN aviation.seats s ON s.aircraft_code = f.aircraft_code AND s.fare_conditions = 'Business' LEFT JOIN aviation.ticket_flights tf ON tf.flight_id = f.flight_id AND tf.fare_conditions = 'Business' WHERE f.scheduled_departure >= DATE '2025-11-08' AND f.scheduled_departure < DATE '2025-11-08' + INTERVAL '7 days' GROUP BY f.flight_id HAVING COUNT(DISTINCT tf.ticket_no) < COUNT(DISTINCT s.seat_no) ORDER BY COUNT(DISTINCT s.seat_no) - COUNT(DISTINCT tf.ticket_no) DESC LIMIT 200",655,2,2,0,True,True,False,3,3,5,6,1,1,0,0,0,22133.69,22134.19,200.0,36,98928.0,108.376,12,8,3,Limit,2,1,0,0,1,0,1,2,1,7091,64157,0,0,1050900.0,1000000.0,136372224,63725568,4,0.0002
prod_unsold_business_inventory,"SELECT f.flight_id, f.departure_airport, f.arrival_airport, COUNT(DISTINCT s.seat_no) AS business_capacity, COUNT(DISTINCT tf.ticket_no) AS business_sold FROM aviation.flights f JOIN aviation.seats s ON s.aircraft_code = f.aircraft_code AND s.fare_conditions = 'Business' LEFT JOIN aviation.ticket_flights tf ON tf.flight_id = f.flight_id AND tf.fare_conditions = 'Business' WHERE f.scheduled_departure >= DATE '2025-11-08' AND f.scheduled_departure < DATE '2025-11-08' + INTERVAL '7 days' GROUP BY f.flight_id HAVING COUNT(DISTINCT tf.ticket_no) < COUNT(DISTINCT s.seat_no) ORDER BY COUNT(DISTINCT s.seat_no) - COUNT(DISTINCT tf.ticket_no) DESC LIMIT 200",655,2,2,0,True,True,False,3,3,5,6,1,1,0,0,0,22133.69,22134.19,200.0,36,98928.0,101.164,12,8,3,Limit,2,1,0,0,1,0,1,2,1,7936,63312,0,0,1050900.0,1000000.0,136372224,63725568,4,0.0002
prod_passenger_no_show_streak,"WITH attendance AS ( SELECT t.passenger_id, f.scheduled_departure, CASE WHEN bp.ticket_no IS NULL THEN 1 ELSE 0 END AS no_show FROM aviation.tickets t JOIN aviation.ticket_flights tf ON tf.ticket_no = t.ticket_no JOIN aviation.flights f ON f.flight_id = tf.flight_id LEFT JOIN aviation.boarding_passes bp ON bp.ticket_no = tf.ticket_no AND bp.flight_id = tf.flight_id ), runs AS ( SELECT *, SUM(CASE WHEN no_show = 0 THEN 1 ELSE 0 END) OVER (PARTITION BY passenger_id ORDER BY scheduled_departure) AS run_id FROM attendance ) SELECT passenger_id, run_id, COUNT(*) AS consecutive_no_shows FROM runs WHERE no_show = 1 GROUP BY passenger_id, run_id HAVING COUNT(*) >= 2 ORDER BY consecutive_no_shows DESC LIMIT 200",711,3,1,2,True,True,False,4,4,8,3,2,1,0,0,0,260558.96,260559.46,200.0,28,5280201.0,3702.136,18,13,4,Limit,4,0,0,0,3,0,0,2,1,91618,164412,223233,230700,2350000.0,1000000.0,317857792,154836992,7,0.0002
prod_passenger_no_show_streak,"WITH attendance AS ( SELECT t.passenger_id, f.scheduled_departure, CASE WHEN bp.ticket_no IS NULL THEN 1 ELSE 0 END AS no_show FROM aviation.tickets t JOIN aviation.ticket_flights tf ON tf.ticket_no = t.ticket_no JOIN aviation.flights f ON f.flight_id = tf.flight_id LEFT JOIN aviation.boarding_passes bp ON bp.ticket_no = tf.ticket_no AND bp.flight_id = tf.flight_id ), runs AS ( SELECT *, SUM(CASE WHEN no_show = 0 THEN 1 ELSE 0 END) OVER (PARTITION BY passenger_id ORDER BY scheduled_departure) AS run_id FROM attendance ) SELECT passenger_id, run_id, COUNT(*) AS consecutive_no_shows FROM runs WHERE no_show = 1 GROUP BY passenger_id, run_id HAVING COUNT(*) >= 2 ORDER BY consecutive_no_shows DESC LIMIT 200",711,3,1,2,True,True,False,4,4,8,3,2,1,0,0,0,260558.96,260559.46,200.0,28,5280201.0,3443.357,18,13,4,Limit,4,0,0,0,3,0,0,2,1,93922,162108,223227,230952,2350000.0,1000000.0,317857792,154836992,7,0.0002
prod_rolling_booking_revenue,"WITH daily AS ( SELECT book_date::date AS day, SUM(total_amount) AS revenue, COUNT(*) AS bookings FROM aviation.bookings GROUP BY book_date::date ) SELECT day, revenue, bookings, SUM(revenue) OVER (ORDER BY day ROWS BETWEEN 13 PRECEDING AND CURRENT ROW) AS rolling_revenue, AVG(bookings) OVER (ORDER BY day ROWS BETWEEN 13 PRECEDING AND CURRENT ROW) AS rolling_bookings FROM daily ORDER BY day",393,0,0,1,True,True,False,1,1,8,4,0,0,0,0,0,5555.35,5612.68,365.0,108,148884.0,87.394,6,6,1,WindowAgg,1,0,0,0,0,0,0,1,2,9590,0,0,0,250000.0,250000.0,18710528,5627904,1,0.00146
prod_rolling_booking_revenue,"WITH daily AS ( SELECT book_date::date AS day, SUM(total_amount) AS revenue, COUNT(*) AS bookings FROM aviation.bookings GROUP BY book_date::date ) SELECT day, revenue, bookings, SUM(revenue) OVER (ORDER BY day ROWS BETWEEN 13 PRECEDING AND CURRENT ROW) AS rolling_revenue, AVG(bookings) OVER (ORDER BY day ROWS BETWEEN 13 PRECEDING AND CURRENT ROW) AS rolling_bookings FROM daily ORDER BY day",393,0,0,1,True,True,False,1,1,8,4,0,0,0,0,0,5555.35,5612.68,365.0,108,148884.0,100.843,6,6,1,WindowAgg,1,0,0,0,0,0,0,1,2,9590,0,0,0,250000.0,250000.0,18710528,5627904,1,0.00146
prod_boarded_frequent_flyers,SELECT passenger_id FROM aviation.tickets GROUP BY passenger_id HAVING COUNT(*) >= 5 INTERSECT SELECT t.passenger_id FROM aviation.tickets t JOIN aviation.boarding_passes bp ON bp.ticket_no = t.ticket_no GROUP BY t.passenger_id HAVING COUNT(*) >= 5 ORDER BY passenger_id LIMIT 500,280,1,0,1,True,True,False,3,2,2,2,1,0,0,0,0,213762.84,213767.84,500.0,62,4600503.0,2197.742,13,9,2,Limit,3,0,0,0,1,0,0,1,2,83872,45528,62696,91035,1300000.0,800000.0,181608448,91168768,4,0.000625
prod_boarded_frequent_flyers,SELECT passenger_id FROM aviation.tickets GROUP BY passenger_id HAVING COUNT(*) >= 5 INTERSECT SELECT t.passenger_id FROM aviation.tickets t JOIN aviation.boarding_passes bp ON bp.ticket_no = t.ticket_no GROUP BY t.passenger_id HAVING COUNT(*) >= 5 ORDER BY passenger_id LIMIT 500,280,1,0,1,True,True,False,3,2,2,2,1,0,0,0,0,213762.84,213767.84,500.0,62,4600503.0,2347.007,13,9,2,Limit,3,0,0,0,1,0,0,1,2,84128,45272,62696,91035,1300000.0,800000.0,181608448,91168768,4,0.000625
prod_lateral_top_fares,"SELECT route.departure_airport, route.arrival_airport, expensive.ticket_no, expensive.amount FROM (SELECT DISTINCT departure_airport, arrival_airport FROM aviation.flights) route CROSS JOIN LATERAL ( SELECT tf.ticket_no, tf.amount FROM aviation.flights f JOIN aviation.ticket_flights tf ON tf.flight_id = f.flight_id WHERE f.departure_airport = route.departure_airport AND f.arrival_airport = route.arrival_airport AND tf.fare_conditions = 'Economy' ORDER BY tf.amount DESC LIMIT 3 ) expensive ORDER BY route.departure_airport, route.arrival_airport, expensive.amount DESC",572,2,3,2,False,True,True,3,2,8,0,1,0,0,0,1,53361.26,2439427.78,300.0,28,929331.0,2802.788,11,7,2,Incremental Sort,3,0,0,0,1,0,1,2,0,81180,457560,0,0,1050000.0,1000000.0,136249344,63668224,3,0.0003
prod_lateral_top_fares,"SELECT route.departure_airport, route.arrival_airport, expensive.ticket_no, expensive.amount FROM (SELECT DISTINCT departure_airport, arrival_airport FROM aviation.flights) route CROSS JOIN LATERAL ( SELECT tf.ticket_no, tf.amount FROM aviation.flights f JOIN aviation.ticket_flights tf ON tf.flight_id = f.flight_id WHERE f.departure_airport = route.departure_airport AND f.arrival_airport = route.arrival_airport AND tf.fare_conditions = 'Economy' ORDER BY tf.amount DESC LIMIT 3 ) expensive ORDER BY route.departure_airport, route.arrival_airport, expensive.amount DESC",572,2,3,2,False,True,True,3,2,8,0,1,0,0,0,1,53361.26,2439427.78,300.0,28,929331.0,2598.741,11,7,2,Incremental Sort,3,0,0,0,1,0,1,2,0,83100,455640,0,0,1050000.0,1000000.0,136249344,63668224,3,0.0003
prod_fare_mix_change,"WITH monthly AS ( SELECT date_trunc('month', f.scheduled_departure) AS month_start, tf.fare_conditions, COUNT(*) AS sold FROM aviation.flights f JOIN aviation.ticket_flights tf ON tf.flight_id = f.flight_id WHERE f.departure_airport = 'VTB' GROUP BY date_trunc('month', f.scheduled_departure), tf.fare_conditions ), shares AS ( SELECT *, sold::numeric / SUM(sold) OVER (PARTITION BY month_start) AS share FROM monthly ) SELECT *, share - LAG(share) OVER (PARTITION BY fare_conditions ORDER BY month_start) AS share_change FROM shares ORDER BY ABS(share - LAG(share) OVER (PARTITION BY fare_conditions ORDER BY month_start)) DESC NULLS LAST",639,1,1,2,True,True,False,2,2,7,4,1,0,0,0,0,22141.87,22171.87,12003.0,120,577063.0,156.892,12,11,2,Sort,2,0,0,0,1,0,0,3,2,25000,75620,0,0,1050000.0,1000000.0,136249344,63668224,3,0.012003
prod_fare_mix_change,"WITH monthly AS ( SELECT date_trunc('month', f.scheduled_departure) AS month_start, tf.fare_conditions, COUNT(*) AS sold FROM aviation.flights f JOIN aviation.ticket_flights tf ON tf.flight_id = f.flight_id WHERE f.departure_airport = 'VTB' GROUP BY date_trunc('month', f.scheduled_departure), tf.fare_conditions ), shares AS ( SELECT *, sold::numeric / SUM(sold) OVER (PARTITION BY month_start) AS share FROM monthly ) SELECT *, share - LAG(share) OVER (PARTITION BY fare_conditions ORDER BY month_start) AS share_change FROM shares ORDER BY ABS(share - LAG(share) OVER (PARTITION BY fare_conditions ORDER BY month_start)) DESC NULLS LAST",639,1,1,2,True,True,False,2,2,7,4,1,0,0,0,0,22141.87,22171.87,12003.0,120,577063.0,163.658,12,11,2,Sort,2,0,0,0,1,0,0,3,2,25960,74660,0,0,1050000.0,1000000.0,136249344,63668224,3,0.012003
prod_seat_heatmap,"SELECT s.seat_no, s.fare_conditions, COUNT(DISTINCT f.flight_id) AS operated_flights, COUNT(bp.ticket_no) AS occupied, COUNT(bp.ticket_no)::numeric / NULLIF(COUNT(DISTINCT f.flight_id), 0) AS utilization FROM aviation.seats s JOIN aviation.flights f ON f.aircraft_code = s.aircraft_code LEFT JOIN aviation.boarding_passes bp ON bp.flight_id = f.flight_id AND bp.seat_no = s.seat_no WHERE s.aircraft_code = '738' GROUP BY s.seat_no, s.fare_conditions ORDER BY utilization DESC, s.seat_no",486,2,1,0,True,True,False,3,3,5,4,1,1,0,0,0,384542.32,384542.63,121.0,59,7054964.0,8716.056,10,7,3,Sort,3,0,0,0,1,0,1,2,1,4667,33762,78325,82071,850900.0,800000.0,130727936,78168064,6,0.00015125
prod_seat_heatmap,"SELECT s.seat_no, s.fare_conditions, COUNT(DISTINCT f.flight_id) AS operated_flights, COUNT(bp.ticket_no) AS occupied, COUNT(bp.ticket_no)::numeric / NULLIF(COUNT(DISTINCT f.flight_id), 0) AS utilization FROM aviation.seats s JOIN aviation.flights f ON f.aircraft_code = s.aircraft_code LEFT JOIN aviation.boarding_passes bp ON bp.flight_id = f.flight_id AND bp.seat_no = s.seat_no WHERE s.aircraft_code = '738' GROUP BY s.seat_no, s.fare_conditions ORDER BY utilization DESC, s.seat_no",486,2,1,0,True,True,False,3,3,5,4,1,1,0,0,0,384542.32,384542.63,121.0,59,7054964.0,8895.803,10,7,3,Sort,3,0,0,0,1,0,1,2,1,4859,33570,78325,82071,850900.0,800000.0,130727936,78168064,6,0.00015125
prod_multi_segment_bookings,"SELECT b.book_ref, b.book_date, COUNT(DISTINCT t.ticket_no) AS passengers, COUNT(tf.flight_id) AS segments, SUM(tf.amount) AS revenue FROM aviation.bookings b JOIN aviation.tickets t ON t.book_ref = b.book_ref JOIN aviation.ticket_flights tf ON tf.ticket_no = t.ticket_no WHERE EXISTS ( SELECT 1 FROM aviation.ticket_flights x WHERE x.ticket_no = t.ticket_no GROUP BY x.ticket_no HAVING COUNT(*) >= 4 ) GROUP BY b.book_ref, b.book_date ORDER BY segments DESC, revenue DESC LIMIT 200",482,2,2,1,True,True,False,4,3,6,4,2,0,0,0,0,2395367.21,2395367.71,200.0,63,4500203.0,2562.65,13,9,3,Limit,3,0,1,0,2,0,0,2,2,13506457,29574,0,0,1750000.0,1000000.0,205963264,82354176,3,0.0002
prod_multi_segment_bookings,"SELECT b.book_ref, b.book_date, COUNT(DISTINCT t.ticket_no) AS passengers, COUNT(tf.flight_id) AS segments, SUM(tf.amount) AS revenue FROM aviation.bookings b JOIN aviation.tickets t ON t.book_ref = b.book_ref JOIN aviation.ticket_flights tf ON tf.ticket_no = t.ticket_no WHERE EXISTS ( SELECT 1 FROM aviation.ticket_flights x WHERE x.ticket_no = t.ticket_no GROUP BY x.ticket_no HAVING COUNT(*) >= 4 ) GROUP BY b.book_ref, b.book_date ORDER BY segments DESC, revenue DESC LIMIT 200",482,2,2,1,True,True,False,4,3,6,4,2,0,0,0,0,2395367.21,2395367.71,200.0,63,4500203.0,2823.946,13,9,3,Limit,3,0,1,0,2,0,0,2,2,13533056,2975,0,0,1750000.0,1000000.0,205963264,82354176,3,0.0002
prod_booking_reconciliation,"SELECT b.book_ref, b.total_amount, COALESCE(SUM(tf.amount), 0) AS sold_amount, b.total_amount - COALESCE(SUM(tf.amount), 0) AS difference FROM aviation.bookings b LEFT JOIN aviation.tickets t ON t.book_ref = b.book_ref LEFT JOIN aviation.ticket_flights tf ON tf.ticket_no = t.ticket_no GROUP BY b.book_ref, b.total_amount HAVING ABS(b.total_amount - COALESCE(SUM(tf.amount), 0)) > 500 ORDER BY ABS(b.total_amount - COALESCE(SUM(tf.amount), 0)) DESC LIMIT 200",458,2,0,0,True,True,False,3,3,4,4,0,2,0,0,0,160159.46,160159.96,200.0,109,3249246.0,3604.076,13,10,3,Limit,3,0,0,0,2,0,0,2,2,62425,78936,77758,79968,1750000.0,1000000.0,205963264,82354176,3,0.0002
prod_booking_reconciliation,"SELECT b.book_ref, b.total_amount, COALESCE(SUM(tf.amount), 0) AS sold_amount, b.total_amount - COALESCE(SUM(tf.amount), 0) AS difference FROM aviation.bookings b LEFT JOIN aviation.tickets t ON t.book_ref = b.book_ref LEFT JOIN aviation.ticket_flights tf ON tf.ticket_no = t.ticket_no GROUP BY b.book_ref, b.total_amount HAVING ABS(b.total_amount - COALESCE(SUM(tf.amount), 0)) > 500 ORDER BY ABS(b.total_amount - COALESCE(SUM(tf.amount), 0)) DESC LIMIT 200",458,2,0,0,True,True,False,3,3,4,4,0,2,0,0,0,160159.46,160159.96,200.0,109,3249246.0,2873.847,13,10,3,Limit,3,0,0,0,2,0,0,2,2,64249,77112,77796,80070,1750000.0,1000000.0,205963264,82354176,3,0.0002
prod_customer_value_deciles,"WITH passenger_value AS ( SELECT t.passenger_id, COUNT(DISTINCT t.ticket_no) AS tickets, SUM(tf.amount) AS revenue FROM aviation.tickets t JOIN aviation.ticket_flights tf ON tf.ticket_no = t.ticket_no GROUP BY t.passenger_id HAVING COUNT(DISTINCT t.ticket_no) >= 4 ), scored AS ( SELECT *, NTILE(10) OVER (ORDER BY revenue DESC) AS value_decile FROM passenger_value ) SELECT value_decile, COUNT(*) AS passengers, AVG(revenue) AS avg_revenue FROM scored GROUP BY value_decile ORDER BY value_decile",496,1,0,2,True,True,False,2,2,8,6,1,0,0,0,0,222950.56,222951.06,200.0,44,4667068.0,4518.92,11,10,2,Sort,2,0,0,0,1,0,0,3,2,51178,75288,128186,130774,1500000.0,1000000.0,187252736,76726272,2,0.0002
prod_customer_value_deciles,"WITH passenger_value AS ( SELECT t.passenger_id, COUNT(DISTINCT t.ticket_no) AS tickets, SUM(tf.amount) AS revenue FROM aviation.tickets t JOIN aviation.ticket_flights tf ON tf.ticket_no = t.ticket_no GROUP BY t.passenger_id HAVING COUNT(DISTINCT t.ticket_no) >= 4 ), scored AS ( SELECT *, NTILE(10) OVER (ORDER BY revenue DESC) AS value_decile FROM passenger_value ) SELECT value_decile, COUNT(*) AS passengers, AVG(revenue) AS avg_revenue FROM scored GROUP BY value_decile ORDER BY value_decile",496,1,0,2,True,True,False,2,2,8,6,1,0,0,0,0,222950.56,222951.06,200.0,44,4667068.0,4541.34,11,10,2,Sort,2,0,0,0,1,0,0,3,2,51786,74680,128186,130774,1500000.0,1000000.0,187252736,76726272,2,0.0002
prod_tickets_without_boarding,SELECT tf.ticket_no FROM aviation.ticket_flights tf WHERE tf.fare_conditions = 'Economy' EXCEPT SELECT bp.ticket_no FROM aviation.boarding_passes bp ORDER BY ticket_no LIMIT 500,177,0,1,1,False,True,False,2,2,2,0,0,0,0,0,0,346192.4,346200.49,500.0,60,6943994.0,4682.173,8,6,2,Limit,2,0,0,0,0,0,0,1,0,1536,83766,19275,35646,1800000.0,1000000.0,252878848,136323072,4,0.0005
prod_tickets_without_boarding,SELECT tf.ticket_no FROM aviation.ticket_flights tf WHERE tf.fare_conditions = 'Economy' EXCEPT SELECT bp.ticket_no FROM aviation.boarding_passes bp ORDER BY ticket_no LIMIT 500,177,0,1,1,False,True,False,2,2,2,0,0,0,0,0,0,346192.4,346200.49,500.0,60,6943994.0,4643.998,8,6,2,Limit,2,0,0,0,0,0,0,1,0,1920,83382,19275,35646,1800000.0,1000000.0,252878848,136323072,4,0.0005
prod_recursive_calendar_gaps,"WITH RECURSIVE calendar(day) AS ( SELECT DATE '2025-08-18' UNION ALL SELECT day + 1 FROM calendar WHERE day < DATE '2025-08-18' + 90 ), traffic AS ( SELECT scheduled_departure::date AS day, COUNT(*) AS flights FROM aviation.flights GROUP BY scheduled_departure::date ) SELECT c.day, COALESCE(t.flights, 0) AS flights, AVG(COALESCE(t.flights, 0)) OVER (ORDER BY c.day ROWS BETWEEN 6 PRECEDING AND CURRENT ROW) AS weekly_average FROM calendar c LEFT JOIN traffic t USING (day) ORDER BY c.day",489,1,1,3,True,True,False,1,1,7,2,0,1,0,0,0,1708.94,1732.69,1358.0,44,62934.0,35.926,10,5,1,WindowAgg,1,0,0,0,1,0,0,1,1,2580,0,0,0,50000.0,50000.0,6987776,2727936,2,0.02716
prod_recursive_calendar_gaps,"WITH RECURSIVE calendar(day) AS ( SELECT DATE '2025-08-18' UNION ALL SELECT day + 1 FROM calendar WHERE day < DATE '2025-08-18' + 90 ), traffic AS ( SELECT scheduled_departure::date AS day, COUNT(*) AS flights FROM aviation.flights GROUP BY scheduled_departure::date ) SELECT c.day, COALESCE(t.flights, 0) AS flights, AVG(COALESCE(t.flights, 0)) OVER (ORDER BY c.day ROWS BETWEEN 6 PRECEDING AND CURRENT ROW) AS weekly_average FROM calendar c LEFT JOIN traffic t USING (day) ORDER BY c.day",489,1,1,3,True,True,False,1,1,7,2,0,1,0,0,0,1708.94,1732.69,1358.0,44,62934.0,24.316,10,5,1,WindowAgg,1,0,0,0,1,0,0,1,1,2580,0,0,0,50000.0,50000.0,6987776,2727936,2,0.02716
prod_booking_funnel,"WITH cohort AS ( SELECT book_ref FROM aviation.bookings WHERE book_date >= DATE '2024-12-10' AND book_date < DATE '2024-12-10' + INTERVAL '30 days' ), ticketed AS ( SELECT c.book_ref, COUNT(DISTINCT t.ticket_no) AS tickets FROM cohort c LEFT JOIN aviation.tickets t ON t.book_ref = c.book_ref GROUP BY c.book_ref ), segmented AS ( SELECT x.book_ref, x.tickets, COUNT(tf.flight_id) AS segments, COUNT(bp.ticket_no) AS boarded FROM ticketed x LEFT JOIN aviation.tickets t ON t.book_ref = x.book_ref LEFT JOIN aviation.ticket_flights tf ON tf.ticket_no = t.ticket_no LEFT JOIN aviation.boarding_passes bp ON bp.ticket_no = tf.ticket_no AND bp.flight_id = tf.flight_id GROUP BY x.book_ref, x.tickets ) SELECT COUNT(*) AS bookings, COUNT(*) FILTER (WHERE tickets > 0) AS with_tickets, COUNT(*) FILTER (WHERE segments > 0) AS with_segments, COUNT(*) FILTER (WHERE boarded > 0) AS with_boarding FROM segmented",902,4,5,3,True,False,False,5,4,11,7,0,4,0,0,0,74581.51,74581.52,1.0,32,1924296.0,1156.75,17,13,4,Aggregate,4,0,1,0,3,0,1,1,3,858412,25207,0,0,2550000.0,1000000.0,329580544,157736960,6,1e-06
prod_booking_funnel,"WITH cohort AS ( SELECT book_ref FROM aviation.bookings WHERE book_date >= DATE '2024-12-10' AND book_date < DATE '2024-12-10' + INTERVAL '30 days' ), ticketed AS ( SELECT c.book_ref, COUNT(DISTINCT t.ticket_no) AS tickets FROM cohort c LEFT JOIN aviation.tickets t ON t.book_ref = c.book_ref GROUP BY c.book_ref ), segmented AS ( SELECT x.book_ref, x.tickets, COUNT(tf.flight_id) AS segments, COUNT(bp.ticket_no) AS boarded FROM ticketed x LEFT JOIN aviation.tickets t ON t.book_ref = x.book_ref LEFT JOIN aviation.ticket_flights tf ON tf.ticket_no = t.ticket_no LEFT JOIN aviation.boarding_passes bp ON bp.ticket_no = tf.ticket_no AND bp.flight_id = tf.flight_id GROUP BY x.book_ref, x.tickets ) SELECT COUNT(*) AS bookings, COUNT(*) FILTER (WHERE tickets > 0) AS with_tickets, COUNT(*) FILTER (WHERE segments > 0) AS with_segments, COUNT(*) FILTER (WHERE boarded > 0) AS with_boarding FROM segmented",902,4,5,3,True,False,False,5,4,11,7,0,4,0,0,0,74581.51,74581.52,1.0,32,1924296.0,910.475,17,13,4,Aggregate,4,0,1,0,3,0,1,1,3,860363,23256,0,0,2550000.0,1000000.0,329580544,157736960,6,1e-06
prod_fare_mix_change,"WITH monthly AS ( SELECT date_trunc('month', f.scheduled_departure) AS month_start, tf.fare_conditions, COUNT(*) AS sold FROM aviation.flights f JOIN aviation.ticket_flights tf ON tf.flight_id = f.flight_id WHERE f.departure_airport = 'SVO' GROUP BY date_trunc('month', f.scheduled_departure), tf.fare_conditions ), shares AS ( SELECT *, sold::numeric / SUM(sold) OVER (PARTITION BY month_start) AS share FROM monthly ) SELECT *, share - LAG(share) OVER (PARTITION BY fare_conditions ORDER BY month_start) AS share_change FROM shares ORDER BY ABS(share - LAG(share) OVER (PARTITION BY fare_conditions ORDER BY month_start)) DESC NULLS LAST",639,1,1,2,True,True,False,2,2,7,4,1,0,0,0,0,22135.11,22165.09,11991.0,120,576893.0,174.978,12,11,2,Sort,2,0,0,0,1,0,0,3,2,20480,80140,0,0,1050000.0,1000000.0,136249344,63668224,3,0.011991
prod_fare_mix_change,"WITH monthly AS ( SELECT date_trunc('month', f.scheduled_departure) AS month_start, tf.fare_conditions, COUNT(*) AS sold FROM aviation.flights f JOIN aviation.ticket_flights tf ON tf.flight_id = f.flight_id WHERE f.departure_airport = 'SVO' GROUP BY date_trunc('month', f.scheduled_departure), tf.fare_conditions ), shares AS ( SELECT *, sold::numeric / SUM(sold) OVER (PARTITION BY month_start) AS share FROM monthly ) SELECT *, share - LAG(share) OVER (PARTITION BY fare_conditions ORDER BY month_start) AS share_change FROM shares ORDER BY ABS(share - LAG(share) OVER (PARTITION BY fare_conditions ORDER BY month_start)) DESC NULLS LAST",639,1,1,2,True,True,False,2,2,7,4,1,0,0,0,0,22135.11,22165.09,11991.0,120,576893.0,171.428,12,11,2,Sort,2,0,0,0,1,0,0,3,2,21440,79180,0,0,1050000.0,1000000.0,136249344,63668224,3,0.011991
prod_aircraft_turnaround,"WITH rotations AS ( SELECT flight_id, departure_airport, arrival_airport, scheduled_departure, LAG(scheduled_arrival) OVER ( PARTITION BY aircraft_code ORDER BY scheduled_departure ) AS prior_arrival FROM aviation.flights WHERE aircraft_code = '321' ) SELECT departure_airport, COUNT(*) AS rotations, AVG(scheduled_departure - prior_arrival) AS avg_turnaround, MIN(scheduled_departure - prior_arrival) AS min_turnaround FROM rotations WHERE prior_arrival IS NOT NULL GROUP BY departure_airport ORDER BY min_turnaround",517,0,2,1,True,True,False,1,1,9,4,0,0,0,0,0,2217.4,2217.43,10.0,44,39539.0,22.809,6,6,1,Sort,1,0,0,0,0,0,0,2,1,3096,0,0,0,50000.0,50000.0,6987776,2727936,2,0.0002
prod_aircraft_turnaround,"WITH rotations AS ( SELECT flight_id, departure_airport, arrival_airport, scheduled_departure, LAG(scheduled_arrival) OVER ( PARTITION BY aircraft_code ORDER BY scheduled_departure ) AS prior_arrival FROM aviation.flights WHERE aircraft_code = '321' ) SELECT departure_airport, COUNT(*) AS rotations, AVG(scheduled_departure - prior_arrival) AS avg_turnaround, MIN(scheduled_departure - prior_arrival) AS min_turnaround FROM rotations WHERE prior_arrival IS NOT NULL GROUP BY departure_airport ORDER BY min_turnaround",517,0,2,1,True,True,False,1,1,9,4,0,0,0,0,0,2217.4,2217.43,10.0,44,39539.0,22.379,6,6,1,Sort,1,0,0,0,0,0,0,2,1,3096,0,0,0,50000.0,50000.0,6987776,2727936,2,0.0002
prod_latest_booking_per_passenger,"SELECT DISTINCT ON (t.passenger_id) t.passenger_id, t.passenger_name, b.book_ref, b.book_date, b.total_amount FROM aviation.tickets t JOIN aviation.bookings b ON b.book_ref = t.book_ref WHERE t.passenger_id LIKE '83%' ORDER BY t.passenger_id, b.book_date DESC, b.book_ref DESC",276,1,1,0,False,True,True,2,2,5,0,1,0,0,0,0,12575.31,13163.6,5051.0,49,167313.0,97.211,7,6,2,Unique,2,0,0,0,1,0,0,1,0,39193,0,0,0,750000.0,500000.0,76701696,21413888,2,0.010102
prod_latest_booking_per_passenger,"SELECT DISTINCT ON (t.passenger_id) t.passenger_id, t.passenger_name, b.book_ref, b.book_date, b.total_amount FROM aviation.tickets t JOIN aviation.bookings b ON b.book_ref = t.book_ref WHERE t.passenger_id LIKE '83%' ORDER BY t.passenger_id, b.book_date DESC, b.book_ref DESC",276,1,1,0,False,True,True,2,2,5,0,1,0,0,0,0,12575.31,13163.6,5051.0,49,167313.0,101.936,7,6,2,Unique,2,0,0,0,1,0,0,1,0,39193,0,0,0,750000.0,500000.0,76701696,21413888,2,0.010102
prod_integrity_audit,"SELECT 'tickets_without_booking' AS check_name, COUNT(*) AS failures FROM aviation.tickets t LEFT JOIN aviation.bookings b ON b.book_ref = t.book_ref WHERE b.book_ref IS NULL UNION ALL SELECT 'segments_without_ticket', COUNT(*) FROM aviation.ticket_flights tf LEFT JOIN aviation.tickets t ON t.ticket_no = tf.ticket_no WHERE t.ticket_no IS NULL UNION ALL SELECT 'boarding_without_segment', COUNT(*) FROM aviation.boarding_passes bp LEFT JOIN aviation.ticket_flights tf ON tf.ticket_no = bp.ticket_no AND tf.flight_id = bp.flight_id WHERE tf.ticket_no IS NULL UNION ALL SELECT 'flight_without_aircraft', COUNT(*) FROM aviation.flights f LEFT JOIN aviation.aircrafts a ON a.aircraft_code = f.aircraft_code WHERE a.aircraft_code IS NULL AND f.flight_id >= 14001",758,4,5,3,False,False,False,8,6,8,4,0,4,0,0,0,54450.01,79551.44,4.0,40,5836007.0,1664.8,22,6,6,Gather,8,0,0,0,4,0,0,0,4,76080,114667,54416,60650,2600005.0,1000000.0,336601088,160481280,9,4e-06
prod_integrity_audit,"SELECT 'tickets_without_booking' AS check_name, COUNT(*) AS failures FROM aviation.tickets t LEFT JOIN aviation.bookings b ON b.book_ref = t.book_ref WHERE b.book_ref IS NULL UNION ALL SELECT 'segments_without_ticket', COUNT(*) FROM aviation.ticket_flights tf LEFT JOIN aviation.tickets t ON t.ticket_no = tf.ticket_no WHERE t.ticket_no IS NULL UNION ALL SELECT 'boarding_without_segment', COUNT(*) FROM aviation.boarding_passes bp LEFT JOIN aviation.ticket_flights tf ON tf.ticket_no = bp.ticket_no AND tf.flight_id = bp.flight_id WHERE tf.ticket_no IS NULL UNION ALL SELECT 'flight_without_aircraft', COUNT(*) FROM aviation.flights f LEFT JOIN aviation.aircrafts a ON a.aircraft_code = f.aircraft_code WHERE a.aircraft_code IS NULL AND f.flight_id >= 14001",758,4,5,3,False,False,False,8,6,8,4,0,4,0,0,0,54450.01,79551.44,4.0,40,5836007.0,2309.003,22,6,6,Gather,8,0,0,0,4,0,0,0,4,76960,113787,54416,60650,2600005.0,1000000.0,336601088,160481280,9,4e-06
prod_revenue_iqr_outliers,"WITH route_stats AS ( SELECT f.departure_airport, f.arrival_airport, percentile_cont(0.25) WITHIN GROUP (ORDER BY tf.amount) AS q1, percentile_cont(0.75) WITHIN GROUP (ORDER BY tf.amount) AS q3 FROM aviation.flights f JOIN aviation.ticket_flights tf ON tf.flight_id = f.flight_id WHERE tf.fare_conditions = 'Business' GROUP BY f.departure_airport, f.arrival_airport ) SELECT f.flight_id, tf.ticket_no, tf.amount, s.q1, s.q3 FROM aviation.ticket_flights tf JOIN aviation.flights f ON f.flight_id = tf.flight_id JOIN route_stats s USING (departure_airport, arrival_airport) WHERE tf.fare_conditions = 'Business' AND (tf.amount < s.q1 - 1.5 * (s.q3 - s.q1) OR tf.amount > s.q3 + 1.5 * (s.q3 - s.q1)) ORDER BY tf.amount DESC LIMIT 200",730,3,3,1,True,True,False,4,2,9,2,3,0,0,0,0,45270.73,45271.23,200.0,40,337716.0,329.222,17,13,2,Limit,4,0,0,0,3,0,0,2,1,37520,129154,0,0,1050000.0,1000000.0,136249344,63668224,3,0.0002
prod_revenue_iqr_outliers,"WITH route_stats AS ( SELECT f.departure_airport, f.arrival_airport, percentile_cont(0.25) WITHIN GROUP (ORDER BY tf.amount) AS q1, percentile_cont(0.75) WITHIN GROUP (ORDER BY tf.amount) AS q3 FROM aviation.flights f JOIN aviation.ticket_flights tf ON tf.flight_id = f.flight_id WHERE tf.fare_conditions = 'Business' GROUP BY f.departure_airport, f.arrival_airport ) SELECT f.flight_id, tf.ticket_no, tf.amount, s.q1, s.q3 FROM aviation.ticket_flights tf JOIN aviation.flights f ON f.flight_id = tf.flight_id JOIN route_stats s USING (departure_airport, arrival_airport) WHERE tf.fare_conditions = 'Business' AND (tf.amount < s.q1 - 1.5 * (s.q3 - s.q1) OR tf.amount > s.q3 + 1.5 * (s.q3 - s.q1)) ORDER BY tf.amount DESC LIMIT 200",730,3,3,1,True,True,False,4,2,9,2,3,0,0,0,0,45270.73,45271.23,200.0,40,337716.0,370.766,17,13,2,Limit,4,0,0,0,3,0,0,2,1,41026,125648,0,0,1050000.0,1000000.0,136249344,63668224,3,0.0002
prod_materialized_route_comparison,"WITH route_sales AS MATERIALIZED ( SELECT f.departure_airport, f.arrival_airport, COUNT(*) AS tickets, SUM(tf.amount) AS revenue FROM aviation.flights f JOIN aviation.ticket_flights tf ON tf.flight_id = f.flight_id GROUP BY f.departure_airport, f.arrival_airport ) SELECT current.arrival_airport, current.tickets, current.revenue, AVG(peer.revenue) AS peer_average FROM route_sales current JOIN route_sales peer ON peer.departure_airport <> current.departure_airport AND peer.arrival_airport = current.arrival_airport WHERE current.departure_airport = 'LED' GROUP BY current.arrival_airport, current.tickets, current.revenue ORDER BY current.revenue - AVG(peer.revenue) DESC",674,2,1,1,True,True,False,2,2,8,4,2,0,0,0,0,20438.56,20438.56,1.0,120,933940.0,715.706,15,8,2,Sort,2,0,0,0,2,0,0,3,3,23323,61355,0,0,1050000.0,1000000.0,136249344,63668224,3,1e-06
prod_materialized_route_comparison,"WITH route_sales AS MATERIALIZED ( SELECT f.departure_airport, f.arrival_airport, COUNT(*) AS tickets, SUM(tf.amount) AS revenue FROM aviation.flights f JOIN aviation.ticket_flights tf ON tf.flight_id = f.flight_id GROUP BY f.departure_airport, f.arrival_airport ) SELECT current.arrival_airport, current.tickets, current.revenue, AVG(peer.revenue) AS peer_average FROM route_sales current JOIN route_sales peer ON peer.departure_airport <> current.departure_airport AND peer.arrival_airport = current.arrival_airport WHERE current.departure_airport = 'LED' GROUP BY current.arrival_airport, current.tickets, current.revenue ORDER BY current.revenue - AVG(peer.revenue) DESC",674,2,1,1,True,True,False,2,2,8,4,2,0,0,0,0,20438.56,20438.56,1.0,120,933940.0,540.271,15,8,2,Sort,2,0,0,0,2,0,0,3,3,24299,60539,0,0,1050000.0,1000000.0,136249344,63668224,3,1e-06
prod_route_peer_comparison,"SELECT f.departure_airport, f.arrival_airport, AVG(tf.amount) AS avg_fare FROM aviation.flights f JOIN aviation.ticket_flights tf ON tf.flight_id = f.flight_id GROUP BY f.departure_airport, f.arrival_airport HAVING AVG(tf.amount) > 1.1 * ( SELECT AVG(tf2.amount) FROM aviation.flights f2 JOIN aviation.ticket_flights tf2 ON tf2.flight_id = f2.flight_id WHERE f2.departure_airport = f.departure_airport ) ORDER BY avg_fare DESC",426,2,1,1,True,True,False,4,2,4,3,2,0,0,0,0,2271376.3,2271376.39,33.0,40,3210067.0,4660.05,11,6,2,Sort,4,0,0,0,2,0,0,1,2,101506,382070,0,0,1050000.0,1000000.0,136249344,63668224,3,3.3e-05
prod_route_peer_comparison,"SELECT f.departure_airport, f.arrival_airport, AVG(tf.amount) AS avg_fare FROM aviation.flights f JOIN aviation.ticket_flights tf ON tf.flight_id = f.flight_id GROUP BY f.departure_airport, f.arrival_airport HAVING AVG(tf.amount) > 1.1 * ( SELECT AVG(tf2.amount) FROM aviation.flights f2 JOIN aviation.ticket_flights tf2 ON tf2.flight_id = f2.flight_id WHERE f2.departure_airport = f.departure_airport ) ORDER BY avg_fare DESC",426,2,1,1,True,True,False,4,2,4,3,2,0,0,0,0,2271376.3,2271376.39,33.0,40,3210067.0,5252.91,11,6,2,Sort,4,0,0,0,2,0,0,1,2,104962,378614,0,0,1050000.0,1000000.0,136249344,63668224,3,3.3e-05
prod_rolling_booking_revenue,"WITH daily AS ( SELECT book_date::date AS day, SUM(total_amount) AS revenue, COUNT(*) AS bookings FROM aviation.bookings GROUP BY book_date::date ) SELECT day, revenue, bookings, SUM(revenue) OVER (ORDER BY day ROWS BETWEEN 27 PRECEDING AND CURRENT ROW) AS rolling_revenue, AVG(bookings) OVER (ORDER BY day ROWS BETWEEN 27 PRECEDING AND CURRENT ROW) AS rolling_bookings FROM daily ORDER BY day",393,0,0,1,True,True,False,1,1,8,4,0,0,0,0,0,5555.35,5612.68,365.0,108,148884.0,126.112,6,6,1,WindowAgg,1,0,0,0,0,0,0,1,2,9590,0,0,0,250000.0,250000.0,18710528,5627904,1,0.00146
prod_rolling_booking_revenue,"WITH daily AS ( SELECT book_date::date AS day, SUM(total_amount) AS revenue, COUNT(*) AS bookings FROM aviation.bookings GROUP BY book_date::date ) SELECT day, revenue, bookings, SUM(revenue) OVER (ORDER BY day ROWS BETWEEN 27 PRECEDING AND CURRENT ROW) AS rolling_revenue, AVG(bookings) OVER (ORDER BY day ROWS BETWEEN 27 PRECEDING AND CURRENT ROW) AS rolling_bookings FROM daily ORDER BY day",393,0,0,1,True,True,False,1,1,8,4,0,0,0,0,0,5555.35,5612.68,365.0,108,148884.0,146.225,6,6,1,WindowAgg,1,0,0,0,0,0,0,1,2,9590,0,0,0,250000.0,250000.0,18710528,5627904,1,0.00146
prod_route_top_n_per_month,"WITH monthly_routes AS ( SELECT date_trunc('month', f.scheduled_departure) AS month_start, f.departure_airport, f.arrival_airport, COUNT(*) AS tickets, SUM(tf.amount) AS revenue FROM aviation.flights f JOIN aviation.ticket_flights tf ON tf.flight_id = f.flight_id GROUP BY date_trunc('month', f.scheduled_departure), f.departure_airport, f.arrival_airport ), ranked AS ( SELECT *, ROW_NUMBER() OVER (PARTITION BY month_start, departure_airport ORDER BY revenue DESC) AS position FROM monthly_routes ) SELECT * FROM ranked WHERE position <= 7 ORDER BY month_start, departure_airport, position",591,1,1,2,True,True,False,2,2,8,2,1,0,0,0,0,25338.16,25807.54,8763.0,64,1003438.0,801.78,11,10,2,Incremental Sort,2,0,0,0,1,0,0,1,2,27917,62793,0,0,1050000.0,1000000.0,136249344,63668224,3,0.008763
prod_route_top_n_per_month,"WITH monthly_routes AS ( SELECT date_trunc('month', f.scheduled_departure) AS month_start, f.departure_airport, f.arrival_airport, COUNT(*) AS tickets, SUM(tf.amount) AS revenue FROM aviation.flights f JOIN aviation.ticket_flights tf ON tf.flight_id = f.flight_id GROUP BY date_trunc('month', f.scheduled_departure), f.departure_airport, f.arrival_airport ), ranked AS ( SELECT *, ROW_NUMBER() OVER (PARTITION BY month_start, departure_airport ORDER BY revenue DESC) AS position FROM monthly_routes ) SELECT * FROM ranked WHERE position <= 7 ORDER BY month_start, departure_airport, position",591,1,1,2,True,True,False,2,2,8,2,1,0,0,0,0,25338.16,25807.54,8763.0,64,1003438.0,594.825,11,10,2,Incremental Sort,2,0,0,0,1,0,0,1,2,28781,61929,0,0,1050000.0,1000000.0,136249344,63668224,3,0.008763
prod_route_top_passengers,"SELECT r.arrival_airport, p.passenger_id, p.route_revenue FROM (SELECT DISTINCT arrival_airport FROM aviation.flights WHERE departure_airport = 'WAW') r CROSS JOIN LATERAL ( SELECT t.passenger_id, SUM(tf.amount) AS route_revenue FROM aviation.flights f JOIN aviation.ticket_flights tf ON tf.flight_id = f.flight_id JOIN aviation.tickets t ON t.ticket_no = tf.ticket_no WHERE f.departure_airport = 'WAW' AND f.arrival_airport = r.arrival_airport GROUP BY t.passenger_id ORDER BY route_revenue DESC LIMIT 5 ) p ORDER BY r.arrival_airport, p.route_revenue DESC",557,3,3,2,True,True,True,4,3,6,1,2,0,0,0,1,53255.91,274131.31,50.0,48,1051214.0,1068.149,14,9,3,Incremental Sort,3,1,0,0,1,0,2,2,1,2776703,97193,2235,3990,1550000.0,1000000.0,194240512,79454208,4,5e-05
prod_route_top_passengers,"SELECT r.arrival_airport, p.passenger_id, p.route_revenue FROM (SELECT DISTINCT arrival_airport FROM aviation.flights WHERE departure_airport = 'WAW') r CROSS JOIN LATERAL ( SELECT t.passenger_id, SUM(tf.amount) AS route_revenue FROM aviation.flights f JOIN aviation.ticket_flights tf ON tf.flight_id = f.flight_id JOIN aviation.tickets t ON t.ticket_no = tf.ticket_no WHERE f.departure_airport = 'WAW' AND f.arrival_airport = r.arrival_airport GROUP BY t.passenger_id ORDER BY route_revenue DESC LIMIT 5 ) p ORDER BY r.arrival_airport, p.route_revenue DESC",557,3,3,2,True,True,True,4,3,6,1,2,0,0,0,1,53255.91,274131.31,50.0,48,1051214.0,1256.333,14,9,3,Incremental Sort,3,1,0,0,1,0,2,2,1,2807480,66416,2235,3990,1550000.0,1000000.0,194240512,79454208,4,5e-05
prod_passenger_no_show_streak,"WITH attendance AS ( SELECT t.passenger_id, f.scheduled_departure, CASE WHEN bp.ticket_no IS NULL THEN 1 ELSE 0 END AS no_show FROM aviation.tickets t JOIN aviation.ticket_flights tf ON tf.ticket_no = t.ticket_no JOIN aviation.flights f ON f.flight_id = tf.flight_id LEFT JOIN aviation.boarding_passes bp ON bp.ticket_no = tf.ticket_no AND bp.flight_id = tf.flight_id ), runs AS ( SELECT *, SUM(CASE WHEN no_show = 0 THEN 1 ELSE 0 END) OVER (PARTITION BY passenger_id ORDER BY scheduled_departure) AS run_id FROM attendance ) SELECT passenger_id, run_id, COUNT(*) AS consecutive_no_shows FROM runs WHERE no_show = 1 GROUP BY passenger_id, run_id HAVING COUNT(*) >= 4 ORDER BY consecutive_no_shows DESC LIMIT 200",711,3,1,2,True,True,False,4,4,8,3,2,1,0,0,0,260558.96,260559.46,200.0,28,5280201.0,4964.877,18,13,4,Limit,4,0,0,0,3,0,0,2,1,86181,169849,223183,230680,2350000.0,1000000.0,317857792,154836992,7,0.0002
prod_passenger_no_show_streak,"WITH attendance AS ( SELECT t.passenger_id, f.scheduled_departure, CASE WHEN bp.ticket_no IS NULL THEN 1 ELSE 0 END AS no_show FROM aviation.tickets t JOIN aviation.ticket_flights tf ON tf.ticket_no = t.ticket_no JOIN aviation.flights f ON f.flight_id = tf.flight_id LEFT JOIN aviation.boarding_passes bp ON bp.ticket_no = tf.ticket_no AND bp.flight_id = tf.flight_id ), runs AS ( SELECT *, SUM(CASE WHEN no_show = 0 THEN 1 ELSE 0 END) OVER (PARTITION BY passenger_id ORDER BY scheduled_departure) AS run_id FROM attendance ) SELECT passenger_id, run_id, COUNT(*) AS consecutive_no_shows FROM runs WHERE no_show = 1 GROUP BY passenger_id, run_id HAVING COUNT(*) >= 4 ORDER BY consecutive_no_shows DESC LIMIT 200",711,3,1,2,True,True,False,4,4,8,3,2,1,0,0,0,260558.96,260559.46,200.0,28,5280201.0,4052.561,18,13,4,Limit,4,0,0,0,3,0,0,2,1,88498,167532,223257,230952,2350000.0,1000000.0,317857792,154836992,7,0.0002
prod_seat_heatmap,"SELECT s.seat_no, s.fare_conditions, COUNT(DISTINCT f.flight_id) AS operated_flights, COUNT(bp.ticket_no) AS occupied, COUNT(bp.ticket_no)::numeric / NULLIF(COUNT(DISTINCT f.flight_id), 0) AS utilization FROM aviation.seats s JOIN aviation.flights f ON f.aircraft_code = s.aircraft_code LEFT JOIN aviation.boarding_passes bp ON bp.flight_id = f.flight_id AND bp.seat_no = s.seat_no WHERE s.aircraft_code = '320' GROUP BY s.seat_no, s.fare_conditions ORDER BY utilization DESC, s.seat_no",486,2,1,0,True,True,False,3,3,5,4,1,1,0,0,0,376303.96,376304.26,121.0,59,6930534.0,8536.668,10,7,3,Sort,3,0,0,0,1,0,1,2,1,4248,34181,78303,82049,850900.0,800000.0,130727936,78168064,6,0.00015125
prod_seat_heatmap,"SELECT s.seat_no, s.fare_conditions, COUNT(DISTINCT f.flight_id) AS operated_flights, COUNT(bp.ticket_no) AS occupied, COUNT(bp.ticket_no)::numeric / NULLIF(COUNT(DISTINCT f.flight_id), 0) AS utilization FROM aviation.seats s JOIN aviation.flights f ON f.aircraft_code = s.aircraft_code LEFT JOIN aviation.boarding_passes bp ON bp.flight_id = f.flight_id AND bp.seat_no = s.seat_no WHERE s.aircraft_code = '320' GROUP BY s.seat_no, s.fare_conditions ORDER BY utilization DESC, s.seat_no",486,2,1,0,True,True,False,3,3,5,4,1,1,0,0,0,376303.96,376304.26,121.0,59,6930534.0,8699.078,10,7,3,Sort,3,0,0,0,1,0,1,2,1,4475,33954,78303,82049,850900.0,800000.0,130727936,78168064,6,0.00015125
prod_passenger_itinerary_gaps,"WITH itinerary AS ( SELECT t.passenger_id, f.flight_id, f.departure_airport, f.arrival_airport, f.scheduled_departure, f.scheduled_arrival, LAG(f.scheduled_arrival) OVER ( PARTITION BY t.passenger_id ORDER BY f.scheduled_departure ) AS previous_arrival FROM aviation.tickets t JOIN aviation.ticket_flights tf ON tf.ticket_no = t.ticket_no JOIN aviation.flights f ON f.flight_id = tf.flight_id ) SELECT * FROM itinerary WHERE scheduled_departure - previous_arrival < INTERVAL '2 hours' ORDER BY scheduled_departure - previous_arrival LIMIT 200",542,2,1,1,False,True,False,3,3,8,1,2,0,0,0,0,249391.83,249392.33,200.0,64,4850200.0,3447.414,13,10,3,Limit,3,0,0,0,2,0,0,2,0,68848,72702,101546,104688,1550000.0,1000000.0,194240512,79454208,4,0.0002
prod_passenger_itinerary_gaps,"WITH itinerary AS ( SELECT t.passenger_id, f.flight_id, f.departure_airport, f.arrival_airport, f.scheduled_departure, f.scheduled_arrival, LAG(f.scheduled_arrival) OVER ( PARTITION BY t.passenger_id ORDER BY f.scheduled_departure ) AS previous_arrival FROM aviation.tickets t JOIN aviation.ticket_flights tf ON tf.ticket_no = t.ticket_no JOIN aviation.flights f ON f.flight_id = tf.flight_id ) SELECT * FROM itinerary WHERE scheduled_departure - previous_arrival < INTERVAL '2 hours' ORDER BY scheduled_departure - previous_arrival LIMIT 200",542,2,1,1,False,True,False,3,3,8,1,2,0,0,0,0,249391.83,249392.33,200.0,64,4850200.0,3238.353,13,10,3,Limit,3,0,0,0,2,0,0,2,0,69712,71838,101594,104750,1550000.0,1000000.0,194240512,79454208,4,0.0002
prod_network_two_hop,"WITH RECURSIVE network(origin, destination, depth, path) AS ( SELECT departure_airport, arrival_airport, 1, ARRAY[departure_airport::text, arrival_airport::text] FROM aviation.flights WHERE departure_airport = 'WAW' UNION SELECT n.origin, f.arrival_airport, n.depth + 1, n.path || f.arrival_airport FROM network n JOIN aviation.flights f ON f.departure_airport = n.destination WHERE n.depth < 2 AND NOT f.arrival_airport = ANY(n.path) ) SELECT destination, MIN(depth) AS hops, COUNT(*) AS alternatives FROM network GROUP BY destination ORDER BY hops, alternatives DESC",568,1,3,2,True,True,False,2,1,11,2,1,0,0,0,0,3112481.83,3112482.33,200.0,28,83502430.0,482.627,10,5,1,Sort,2,0,0,0,0,1,0,3,1,6192,0,0,0,50000.0,50000.0,6987776,2727936,2,0.004
prod_network_two_hop,"WITH RECURSIVE network(origin, destination, depth, path) AS ( SELECT departure_airport, arrival_airport, 1, ARRAY[departure_airport::text, arrival_airport::text] FROM aviation.flights WHERE departure_airport = 'WAW' UNION SELECT n.origin, f.arrival_airport, n.depth + 1, n.path || f.arrival_airport FROM network n JOIN aviation.flights f ON f.departure_airport = n.destination WHERE n.depth < 2 AND NOT f.arrival_airport = ANY(n.path) ) SELECT destination, MIN(depth) AS hops, COUNT(*) AS alternatives FROM network GROUP BY destination ORDER BY hops, alternatives DESC",568,1,3,2,True,True,False,2,1,11,2,1,0,0,0,0,3112481.83,3112482.33,200.0,28,83502430.0,441.218,10,5,1,Sort,2,0,0,0,0,1,0,3,1,6192,0,0,0,50000.0,50000.0,6987776,2727936,2,0.004
prod_booking_cohort_retention,"WITH first_booking AS ( SELECT t.passenger_id, MIN(date_trunc('month', b.book_date)) AS cohort_month FROM aviation.tickets t JOIN aviation.bookings b ON b.book_ref = t.book_ref GROUP BY t.passenger_id ), activity AS ( SELECT DISTINCT t.passenger_id, date_trunc('month', b.book_date) AS activity_month FROM aviation.tickets t JOIN aviation.bookings b ON b.book_ref = t.book_ref JOIN aviation.ticket_flights tf ON tf.ticket_no = t.ticket_no WHERE tf.fare_conditions = 'Business' ) SELECT f.cohort_month, EXTRACT(YEAR FROM age(a.activity_month, f.cohort_month)) * 12 + EXTRACT(MONTH FROM age(a.activity_month, f.cohort_month)) AS month_number, COUNT(DISTINCT a.passenger_id) AS retained_passengers FROM first_booking f JOIN activity a ON a.passenger_id = f.passenger_id GROUP BY f.cohort_month, month_number ORDER BY f.cohort_month, month_number",842,4,1,2,True,True,True,5,3,7,2,4,0,0,0,0,18611458.06,19357058.06,40000.0,48,152548700.0,2522.182,21,12,3,Aggregate,5,0,0,0,4,0,0,1,4,131920,94632,31520,49519,1750000.0,1000000.0,205963264,82354176,3,0.04
prod_booking_cohort_retention,"WITH first_booking AS ( SELECT t.passenger_id, MIN(date_trunc('month', b.book_date)) AS cohort_month FROM aviation.tickets t JOIN aviation.bookings b ON b.book_ref = t.book_ref GROUP BY t.passenger_id ), activity AS ( SELECT DISTINCT t.passenger_id, date_trunc('month', b.book_date) AS activity_month FROM aviation.tickets t JOIN aviation.bookings b ON b.book_ref = t.book_ref JOIN aviation.ticket_flights tf ON tf.ticket_no = t.ticket_no WHERE tf.fare_conditions = 'Business' ) SELECT f.cohort_month, EXTRACT(YEAR FROM age(a.activity_month, f.cohort_month)) * 12 + EXTRACT(MONTH FROM age(a.activity_month, f.cohort_month)) AS month_number, COUNT(DISTINCT a.passenger_id) AS retained_passengers FROM first_booking f JOIN activity a ON a.passenger_id = f.passenger_id GROUP BY f.cohort_month, month_number ORDER BY f.cohort_month, month_number",842,4,1,2,True,True,True,5,3,7,2,4,0,0,0,0,18611458.06,19357058.06,40000.0,48,152548700.0,2307.575,21,12,3,Aggregate,5,0,0,0,4,0,0,1,4,132352,94200,31520,49519,1750000.0,1000000.0,205963264,82354176,3,0.04
prod_unsold_business_inventory,"SELECT f.flight_id, f.departure_airport, f.arrival_airport, COUNT(DISTINCT s.seat_no) AS business_capacity, COUNT(DISTINCT tf.ticket_no) AS business_sold FROM aviation.flights f JOIN aviation.seats s ON s.aircraft_code = f.aircraft_code AND s.fare_conditions = 'Business' LEFT JOIN aviation.ticket_flights tf ON tf.flight_id = f.flight_id AND tf.fare_conditions = 'Business' WHERE f.scheduled_departure >= DATE '2025-01-02' AND f.scheduled_departure < DATE '2025-01-02' + INTERVAL '7 days' GROUP BY f.flight_id HAVING COUNT(DISTINCT tf.ticket_no) < COUNT(DISTINCT s.seat_no) ORDER BY COUNT(DISTINCT s.seat_no) - COUNT(DISTINCT tf.ticket_no) DESC LIMIT 200",655,2,2,0,True,True,False,3,3,5,6,1,1,0,0,0,22115.2,22115.7,200.0,36,98509.0,104.697,12,8,3,Limit,2,1,0,0,1,0,1,2,1,8662,62586,0,0,1050900.0,1000000.0,136372224,63725568,4,0.0002
prod_unsold_business_inventory,"SELECT f.flight_id, f.departure_airport, f.arrival_airport, COUNT(DISTINCT s.seat_no) AS business_capacity, COUNT(DISTINCT tf.ticket_no) AS business_sold FROM aviation.flights f JOIN aviation.seats s ON s.aircraft_code = f.aircraft_code AND s.fare_conditions = 'Business' LEFT JOIN aviation.ticket_flights tf ON tf.flight_id = f.flight_id AND tf.fare_conditions = 'Business' WHERE f.scheduled_departure >= DATE '2025-01-02' AND f.scheduled_departure < DATE '2025-01-02' + INTERVAL '7 days' GROUP BY f.flight_id HAVING COUNT(DISTINCT tf.ticket_no) < COUNT(DISTINCT s.seat_no) ORDER BY COUNT(DISTINCT s.seat_no) - COUNT(DISTINCT tf.ticket_no) DESC LIMIT 200",655,2,2,0,True,True,False,3,3,5,6,1,1,0,0,0,22115.2,22115.7,200.0,36,98509.0,110.665,12,8,3,Limit,2,1,0,0,1,0,1,2,1,9472,61776,0,0,1050900.0,1000000.0,136372224,63725568,4,0.0002
prod_airport_hourly_pressure,"WITH hourly AS ( SELECT date_trunc('hour', scheduled_departure) AS hour_start, COUNT(*) AS departures FROM aviation.flights WHERE departure_airport = 'BQT' AND scheduled_departure >= DATE '2025-06-21' - INTERVAL '14 days' AND scheduled_departure < DATE '2025-06-21' + INTERVAL '14 days' GROUP BY date_trunc('hour', scheduled_departure) ) SELECT hour_start, departures, SUM(departures) OVER (ORDER BY hour_start ROWS BETWEEN 3 PRECEDING AND 3 FOLLOWING) AS seven_hour_pressure, CUME_DIST() OVER (ORDER BY departures) AS pressure_percentile FROM hourly ORDER BY seven_hour_pressure DESC LIMIT 100",594,0,3,1,True,True,False,1,1,6,3,0,0,0,0,0,1458.46,1458.71,100.0,56,2746.0,9.067,8,8,1,Limit,1,0,0,0,0,0,0,3,1,4128,0,0,0,50000.0,50000.0,6987776,2727936,2,0.002
prod_airport_hourly_pressure,"WITH hourly AS ( SELECT date_trunc('hour', scheduled_departure) AS hour_start, COUNT(*) AS departures FROM aviation.flights WHERE departure_airport = 'BQT' AND scheduled_departure >= DATE '2025-06-21' - INTERVAL '14 days' AND scheduled_departure < DATE '2025-06-21' + INTERVAL '14 days' GROUP BY date_trunc('hour', scheduled_departure) ) SELECT hour_start, departures, SUM(departures) OVER (ORDER BY hour_start ROWS BETWEEN 3 PRECEDING AND 3 FOLLOWING) AS seven_hour_pressure, CUME_DIST() OVER (ORDER BY departures) AS pressure_percentile FROM hourly ORDER BY seven_hour_pressure DESC LIMIT 100",594,0,3,1,True,True,False,1,1,6,3,0,0,0,0,0,1458.46,1458.71,100.0,56,2746.0,8.991,8,8,1,Limit,1,0,0,0,0,0,0,3,1,4128,0,0,0,50000.0,50000.0,6987776,2727936,2,0.002
prod_route_status_cube,"SELECT departure_airport, arrival_airport, status, aircraft_code, COUNT(*) AS flights, AVG(EXTRACT(EPOCH FROM (scheduled_arrival - scheduled_departure)) / 60) AS avg_minutes FROM aviation.flights WHERE scheduled_departure >= DATE '2025-10-23' - INTERVAL '60 days' AND scheduled_departure < DATE '2025-10-23' + INTERVAL '60 days' GROUP BY CUBE (departure_airport, arrival_airport, status, aircraft_code) HAVING COUNT(*) >= 2 ORDER BY flights DESC NULLS LAST LIMIT 500",466,0,2,0,True,True,False,1,1,6,3,0,0,0,0,0,5969.43,5970.68,500.0,60,19310.0,92.881,4,4,1,Limit,1,0,0,0,0,0,0,1,1,2064,0,0,0,50000.0,50000.0,6987776,2727936,2,0.01
prod_route_status_cube,"SELECT departure_airport, arrival_airport, status, aircraft_code, COUNT(*) AS flights, AVG(EXTRACT(EPOCH FROM (scheduled_arrival - scheduled_departure)) / 60) AS avg_minutes FROM aviation.flights WHERE scheduled_departure >= DATE '2025-10-23' - INTERVAL '60 days' AND scheduled_departure < DATE '2025-10-23' + INTERVAL '60 days' GROUP BY CUBE (departure_airport, arrival_airport, status, aircraft_code) HAVING COUNT(*) >= 2 ORDER BY flights DESC NULLS LAST LIMIT 500",466,0,2,0,True,True,False,1,1,6,3,0,0,0,0,0,5969.43,5970.68,500.0,60,19310.0,92.067,4,4,1,Limit,1,0,0,0,0,0,0,1,1,2064,0,0,0,50000.0,50000.0,6987776,2727936,2,0.01
prod_aircraft_duration_fit,"SELECT a.aircraft_code, a.model, f.departure_airport, f.arrival_airport, COUNT(*) AS flights, AVG(EXTRACT(EPOCH FROM (f.scheduled_arrival - f.scheduled_departure)) / 3600) AS avg_hours FROM aviation.aircrafts a JOIN aviation.flights f ON f.aircraft_code = a.aircraft_code GROUP BY a.aircraft_code, a.model, f.departure_airport, f.arrival_airport, a.range_km HAVING AVG(EXTRACT(EPOCH FROM (f.scheduled_arrival - f.scheduled_departure)) / 3600) * 800 > a.range_km * 0.7 ORDER BY avg_hours DESC",491,1,0,0,True,True,False,2,2,6,3,1,0,0,0,0,2277.03,2277.45,167.0,71,100344.0,61.466,6,5,2,Sort,2,0,0,0,1,0,0,1,1,2069,0,0,0,50005.0,50000.0,7020544,2744320,3,0.00334
prod_aircraft_duration_fit,"SELECT a.aircraft_code, a.model, f.departure_airport, f.arrival_airport, COUNT(*) AS flights, AVG(EXTRACT(EPOCH FROM (f.scheduled_arrival - f.scheduled_departure)) / 3600) AS avg_hours FROM aviation.aircrafts a JOIN aviation.flights f ON f.aircraft_code = a.aircraft_code GROUP BY a.aircraft_code, a.model, f.departure_airport, f.arrival_airport, a.range_km HAVING AVG(EXTRACT(EPOCH FROM (f.scheduled_arrival - f.scheduled_departure)) / 3600) * 800 > a.range_km * 0.7 ORDER BY avg_hours DESC",491,1,0,0,True,True,False,2,2,6,3,1,0,0,0,0,2277.03,2277.45,167.0,71,100344.0,67.78,6,5,2,Sort,2,0,0,0,1,0,0,1,1,2069,0,0,0,50005.0,50000.0,7020544,2744320,3,0.00334
prod_duplicate_passenger_summary,"SELECT passenger_id, MIN(passenger_name) AS canonical_name, COUNT(DISTINCT passenger_name) AS name_versions, COUNT(DISTINCT book_ref) AS bookings FROM aviation.tickets GROUP BY passenger_id HAVING COUNT(DISTINCT book_ref) >= 4 ORDER BY name_versions DESC, bookings DESC LIMIT 200",279,0,0,0,True,True,False,1,1,4,4,0,0,0,0,0,90852.65,90853.15,200.0,60,1333534.0,1677.225,5,5,1,Limit,1,0,0,0,0,0,0,2,1,25730,0,11216,11252,500000.0,500000.0,57991168,15785984,1,0.0004
prod_duplicate_passenger_summary,"SELECT passenger_id, MIN(passenger_name) AS canonical_name, COUNT(DISTINCT passenger_name) AS name_versions, COUNT(DISTINCT book_ref) AS bookings FROM aviation.tickets GROUP BY passenger_id HAVING COUNT(DISTINCT book_ref) >= 4 ORDER BY name_versions DESC, bookings DESC LIMIT 200",279,0,0,0,True,True,False,1,1,4,4,0,0,0,0,0,90852.65,90853.15,200.0,60,1333534.0,2144.364,5,5,1,Limit,1,0,0,0,0,0,0,2,1,25730,0,11216,11252,500000.0,500000.0,57991168,15785984,1,0.0004
prod_load_factor_percentile,"WITH capacity AS ( SELECT aircraft_code, COUNT(*) AS seats FROM aviation.seats GROUP BY aircraft_code ), loads AS ( SELECT f.flight_id, f.arrival_airport, COUNT(tf.ticket_no)::numeric / c.seats AS load_factor FROM aviation.flights f JOIN capacity c ON c.aircraft_code = f.aircraft_code LEFT JOIN aviation.ticket_flights tf ON tf.flight_id = f.flight_id WHERE f.departure_airport = 'VTB' GROUP BY f.flight_id, f.arrival_airport, c.seats ) SELECT *, PERCENT_RANK() OVER (PARTITION BY arrival_airport ORDER BY load_factor) AS route_percentile FROM loads ORDER BY route_percentile DESC, load_factor DESC LIMIT 200",609,2,1,2,True,True,False,3,3,7,3,1,1,0,0,0,27586.37,27586.87,200.0,48,1340671.0,379.896,15,11,3,Limit,3,0,0,0,2,0,0,2,2,11587,68634,0,0,1050900.0,1000000.0,136372224,63725568,4,0.0002
prod_load_factor_percentile,"WITH capacity AS ( SELECT aircraft_code, COUNT(*) AS seats FROM aviation.seats GROUP BY aircraft_code ), loads AS ( SELECT f.flight_id, f.arrival_airport, COUNT(tf.ticket_no)::numeric / c.seats AS load_factor FROM aviation.flights f JOIN capacity c ON c.aircraft_code = f.aircraft_code LEFT JOIN aviation.ticket_flights tf ON tf.flight_id = f.flight_id WHERE f.departure_airport = 'VTB' GROUP BY f.flight_id, f.arrival_airport, c.seats ) SELECT *, PERCENT_RANK() OVER (PARTITION BY arrival_airport ORDER BY load_factor) AS route_percentile FROM loads ORDER BY route_percentile DESC, load_factor DESC LIMIT 200",609,2,1,2,True,True,False,3,3,7,3,1,1,0,0,0,27586.37,27586.87,200.0,48,1340671.0,324.752,15,11,3,Limit,3,0,0,0,2,0,0,2,2,11875,68346,0,0,1050900.0,1000000.0,136372224,63725568,4,0.0002
prod_lateral_top_fares,"SELECT route.departure_airport, route.arrival_airport, expensive.ticket_no, expensive.amount FROM (SELECT DISTINCT departure_airport, arrival_airport FROM aviation.flights) route CROSS JOIN LATERAL ( SELECT tf.ticket_no, tf.amount FROM aviation.flights f JOIN aviation.ticket_flights tf ON tf.flight_id = f.flight_id WHERE f.departure_airport = route.departure_airport AND f.arrival_airport = route.arrival_airport AND tf.fare_conditions = 'Business' ORDER BY tf.amount DESC LIMIT 3 ) expensive ORDER BY route.departure_airport, route.arrival_airport, expensive.amount DESC",573,2,3,2,False,True,True,3,2,8,0,1,0,0,0,1,36989.94,1622342.34,300.0,28,194038.0,2439.597,12,7,2,Incremental Sort,2,1,0,0,0,0,2,2,0,781530,527490,0,0,1050000.0,1000000.0,136249344,63668224,3,0.0003
prod_lateral_top_fares,"SELECT route.departure_airport, route.arrival_airport, expensive.ticket_no, expensive.amount FROM (SELECT DISTINCT departure_airport, arrival_airport FROM aviation.flights) route CROSS JOIN LATERAL ( SELECT tf.ticket_no, tf.amount FROM aviation.flights f JOIN aviation.ticket_flights tf ON tf.flight_id = f.flight_id WHERE f.departure_airport = route.departure_airport AND f.arrival_airport = route.arrival_airport AND tf.fare_conditions = 'Business' ORDER BY tf.amount DESC LIMIT 3 ) expensive ORDER BY route.departure_airport, route.arrival_airport, expensive.amount DESC",573,2,3,2,False,True,True,3,2,8,0,1,0,0,0,1,36989.94,1622342.34,300.0,28,194038.0,2384.073,12,7,2,Incremental Sort,2,1,0,0,0,0,2,2,0,788860,520124,0,0,1050000.0,1000000.0,136249344,63668224,3,0.0003
prod_boarded_frequent_flyers,SELECT passenger_id FROM aviation.tickets GROUP BY passenger_id HAVING COUNT(*) >= 4 INTERSECT SELECT t.passenger_id FROM aviation.tickets t JOIN aviation.boarding_passes bp ON bp.ticket_no = t.ticket_no GROUP BY t.passenger_id HAVING COUNT(*) >= 4 ORDER BY passenger_id LIMIT 500,280,1,0,1,True,True,False,3,2,2,2,1,0,0,0,0,213762.84,213767.84,500.0,62,4600503.0,2334.603,13,9,2,Limit,3,0,0,0,1,0,0,1,2,84384,45016,62696,91035,1300000.0,800000.0,181608448,91168768,4,0.000625
prod_boarded_frequent_flyers,SELECT passenger_id FROM aviation.tickets GROUP BY passenger_id HAVING COUNT(*) >= 4 INTERSECT SELECT t.passenger_id FROM aviation.tickets t JOIN aviation.boarding_passes bp ON bp.ticket_no = t.ticket_no GROUP BY t.passenger_id HAVING COUNT(*) >= 4 ORDER BY passenger_id LIMIT 500,280,1,0,1,True,True,False,3,2,2,2,1,0,0,0,0,213762.84,213767.84,500.0,62,4600503.0,2400.393,13,9,2,Limit,3,0,0,0,1,0,0,1,2,84640,44760,62696,91035,1300000.0,800000.0,181608448,91168768,4,0.000625
prod_route_concentration,"WITH route_counts AS ( SELECT departure_airport, arrival_airport, COUNT(*)::numeric AS flights FROM aviation.flights WHERE status = 'Arrived' GROUP BY departure_airport, arrival_airport ), shares AS ( SELECT *, flights / SUM(flights) OVER (PARTITION BY departure_airport) AS share FROM route_counts ) SELECT departure_airport, SUM(share * share) AS hhi, COUNT(*) AS served_destinations FROM shares GROUP BY departure_airport ORDER BY hhi DESC",442,0,1,2,True,True,False,1,1,8,4,0,0,0,0,0,1249.82,1250.07,100.0,44,13223.0,11.674,7,7,1,Sort,1,0,0,0,0,0,0,2,2,3612,0,0,0,50000.0,50000.0,6987776,2727936,2,0.002
prod_route_concentration,"WITH route_counts AS ( SELECT departure_airport, arrival_airport, COUNT(*)::numeric AS flights FROM aviation.flights WHERE status = 'Arrived' GROUP BY departure_airport, arrival_airport ), shares AS ( SELECT *, flights / SUM(flights) OVER (PARTITION BY departure_airport) AS share FROM route_counts ) SELECT departure_airport, SUM(share * share) AS hhi, COUNT(*) AS served_destinations FROM shares GROUP BY departure_airport ORDER BY hhi DESC",442,0,1,2,True,True,False,1,1,8,4,0,0,0,0,0,1249.82,1250.07,100.0,44,13223.0,9.961,7,7,1,Sort,1,0,0,0,0,0,0,2,2,3612,0,0,0,50000.0,50000.0,6987776,2727936,2,0.002
prod_passenger_itinerary_gaps,"WITH itinerary AS ( SELECT t.passenger_id, f.flight_id, f.departure_airport, f.arrival_airport, f.scheduled_departure, f.scheduled_arrival, LAG(f.scheduled_arrival) OVER ( PARTITION BY t.passenger_id ORDER BY f.scheduled_departure ) AS previous_arrival FROM aviation.tickets t JOIN aviation.ticket_flights tf ON tf.ticket_no = t.ticket_no JOIN aviation.flights f ON f.flight_id = tf.flight_id ) SELECT * FROM itinerary WHERE scheduled_departure - previous_arrival < INTERVAL '4 hours' ORDER BY scheduled_departure - previous_arrival LIMIT 200",542,2,1,1,False,True,False,3,3,8,1,2,0,0,0,0,249391.83,249392.33,200.0,64,4850200.0,3159.164,13,10,3,Limit,3,0,0,0,2,0,0,2,0,75184,66366,101554,104656,1550000.0,1000000.0,194240512,79454208,4,0.0002
prod_passenger_itinerary_gaps,"WITH itinerary AS ( SELECT t.passenger_id, f.flight_id, f.departure_airport, f.arrival_airport, f.scheduled_departure, f.scheduled_arrival, LAG(f.scheduled_arrival) OVER ( PARTITION BY t.passenger_id ORDER BY f.scheduled_departure ) AS previous_arrival FROM aviation.tickets t JOIN aviation.ticket_flights tf ON tf.ticket_no = t.ticket_no JOIN aviation.flights f ON f.flight_id = tf.flight_id ) SELECT * FROM itinerary WHERE scheduled_departure - previous_arrival < INTERVAL '4 hours' ORDER BY scheduled_departure - previous_arrival LIMIT 200",542,2,1,1,False,True,False,3,3,8,1,2,0,0,0,0,249391.83,249392.33,200.0,64,4850200.0,3362.661,13,10,3,Limit,3,0,0,0,2,0,0,2,0,76048,65502,101600,104770,1550000.0,1000000.0,194240512,79454208,4,0.0002
prod_airport_hourly_pressure,"WITH hourly AS ( SELECT date_trunc('hour', scheduled_departure) AS hour_start, COUNT(*) AS departures FROM aviation.flights WHERE departure_airport = 'TBS' AND scheduled_departure >= DATE '2025-08-05' - INTERVAL '14 days' AND scheduled_departure < DATE '2025-08-05' + INTERVAL '14 days' GROUP BY date_trunc('hour', scheduled_departure) ) SELECT hour_start, departures, SUM(departures) OVER (ORDER BY hour_start ROWS BETWEEN 3 PRECEDING AND 3 FOLLOWING) AS seven_hour_pressure, CUME_DIST() OVER (ORDER BY departures) AS pressure_percentile FROM hourly ORDER BY seven_hour_pressure DESC LIMIT 100",594,0,3,1,True,True,False,1,1,6,3,0,0,0,0,0,1458.85,1459.1,100.0,56,2760.0,10.515,8,8,1,Limit,1,0,0,0,0,0,0,3,1,4128,0,0,0,50000.0,50000.0,6987776,2727936,2,0.002
prod_airport_hourly_pressure,"WITH hourly AS ( SELECT date_trunc('hour', scheduled_departure) AS hour_start, COUNT(*) AS departures FROM aviation.flights WHERE departure_airport = 'TBS' AND scheduled_departure >= DATE '2025-08-05' - INTERVAL '14 days' AND scheduled_departure < DATE '2025-08-05' + INTERVAL '14 days' GROUP BY date_trunc('hour', scheduled_departure) ) SELECT hour_start, departures, SUM(departures) OVER (ORDER BY hour_start ROWS BETWEEN 3 PRECEDING AND 3 FOLLOWING) AS seven_hour_pressure, CUME_DIST() OVER (ORDER BY departures) AS pressure_percentile FROM hourly ORDER BY seven_hour_pressure DESC LIMIT 100",594,0,3,1,True,True,False,1,1,6,3,0,0,0,0,0,1458.85,1459.1,100.0,56,2760.0,17.077,8,8,1,Limit,1,0,0,0,0,0,0,3,1,4128,0,0,0,50000.0,50000.0,6987776,2727936,2,0.002
prod_load_factor_percentile,"WITH capacity AS ( SELECT aircraft_code, COUNT(*) AS seats FROM aviation.seats GROUP BY aircraft_code ), loads AS ( SELECT f.flight_id, f.arrival_airport, COUNT(tf.ticket_no)::numeric / c.seats AS load_factor FROM aviation.flights f JOIN capacity c ON c.aircraft_code = f.aircraft_code LEFT JOIN aviation.ticket_flights tf ON tf.flight_id = f.flight_id WHERE f.departure_airport = 'SVO' GROUP BY f.flight_id, f.arrival_airport, c.seats ) SELECT *, PERCENT_RANK() OVER (PARTITION BY arrival_airport ORDER BY load_factor) AS route_percentile FROM loads ORDER BY route_percentile DESC, load_factor DESC LIMIT 200",609,2,1,2,True,True,False,3,3,7,3,1,1,0,0,0,27579.68,27580.18,200.0,48,1340269.0,409.115,15,11,3,Limit,3,0,0,0,2,0,0,2,2,15583,64638,0,0,1050900.0,1000000.0,136372224,63725568,4,0.0002
prod_load_factor_percentile,"WITH capacity AS ( SELECT aircraft_code, COUNT(*) AS seats FROM aviation.seats GROUP BY aircraft_code ), loads AS ( SELECT f.flight_id, f.arrival_airport, COUNT(tf.ticket_no)::numeric / c.seats AS load_factor FROM aviation.flights f JOIN capacity c ON c.aircraft_code = f.aircraft_code LEFT JOIN aviation.ticket_flights tf ON tf.flight_id = f.flight_id WHERE f.departure_airport = 'SVO' GROUP BY f.flight_id, f.arrival_airport, c.seats ) SELECT *, PERCENT_RANK() OVER (PARTITION BY arrival_airport ORDER BY load_factor) AS route_percentile FROM loads ORDER BY route_percentile DESC, load_factor DESC LIMIT 200",609,2,1,2,True,True,False,3,3,7,3,1,1,0,0,0,27579.68,27580.18,200.0,48,1340269.0,355.287,15,11,3,Limit,3,0,0,0,2,0,0,2,2,15871,64350,0,0,1050900.0,1000000.0,136372224,63725568,4,0.0002
prod_route_top_n_per_month,"WITH monthly_routes AS ( SELECT date_trunc('month', f.scheduled_departure) AS month_start, f.departure_airport, f.arrival_airport, COUNT(*) AS tickets, SUM(tf.amount) AS revenue FROM aviation.flights f JOIN aviation.ticket_flights tf ON tf.flight_id = f.flight_id GROUP BY date_trunc('month', f.scheduled_departure), f.departure_airport, f.arrival_airport ), ranked AS ( SELECT *, ROW_NUMBER() OVER (PARTITION BY month_start, departure_airport ORDER BY revenue DESC) AS position FROM monthly_routes ) SELECT * FROM ranked WHERE position <= 3 ORDER BY month_start, departure_airport, position",591,1,1,2,True,True,False,2,2,8,2,1,0,0,0,0,25338.16,25807.54,8763.0,64,1003438.0,733.162,11,10,2,Incremental Sort,2,0,0,0,1,0,0,1,2,26648,64062,0,0,1050000.0,1000000.0,136249344,63668224,3,0.008763
prod_route_top_n_per_month,"WITH monthly_routes AS ( SELECT date_trunc('month', f.scheduled_departure) AS month_start, f.departure_airport, f.arrival_airport, COUNT(*) AS tickets, SUM(tf.amount) AS revenue FROM aviation.flights f JOIN aviation.ticket_flights tf ON tf.flight_id = f.flight_id GROUP BY date_trunc('month', f.scheduled_departure), f.departure_airport, f.arrival_airport ), ranked AS ( SELECT *, ROW_NUMBER() OVER (PARTITION BY month_start, departure_airport ORDER BY revenue DESC) AS position FROM monthly_routes ) SELECT * FROM ranked WHERE position <= 3 ORDER BY month_start, departure_airport, position",591,1,1,2,True,True,False,2,2,8,2,1,0,0,0,0,25338.16,25807.54,8763.0,64,1003438.0,878.553,11,10,2,Incremental Sort,2,0,0,0,1,0,0,1,2,27512,63198,0,0,1050000.0,1000000.0,136249344,63668224,3,0.008763
prod_network_two_hop,"WITH RECURSIVE network(origin, destination, depth, path) AS ( SELECT departure_airport, arrival_airport, 1, ARRAY[departure_airport::text, arrival_airport::text] FROM aviation.flights WHERE departure_airport = 'GME' UNION SELECT n.origin, f.arrival_airport, n.depth + 1, n.path || f.arrival_airport FROM network n JOIN aviation.flights f ON f.departure_airport = n.destination WHERE n.depth < 2 AND NOT f.arrival_airport = ANY(n.path) ) SELECT destination, MIN(depth) AS hops, COUNT(*) AS alternatives FROM network GROUP BY destination ORDER BY hops, alternatives DESC",568,1,3,2,True,True,False,2,1,11,2,1,0,0,0,0,3036141.33,3036141.83,200.0,28,81424008.0,422.69,10,5,1,Sort,2,0,0,0,0,1,0,3,1,6192,0,0,0,50000.0,50000.0,6987776,2727936,2,0.004
prod_network_two_hop,"WITH RECURSIVE network(origin, destination, depth, path) AS ( SELECT departure_airport, arrival_airport, 1, ARRAY[departure_airport::text, arrival_airport::text] FROM aviation.flights WHERE departure_airport = 'GME' UNION SELECT n.origin, f.arrival_airport, n.depth + 1, n.path || f.arrival_airport FROM network n JOIN aviation.flights f ON f.departure_airport = n.destination WHERE n.depth < 2 AND NOT f.arrival_airport = ANY(n.path) ) SELECT destination, MIN(depth) AS hops, COUNT(*) AS alternatives FROM network GROUP BY destination ORDER BY hops, alternatives DESC",568,1,3,2,True,True,False,2,1,11,2,1,0,0,0,0,3036141.33,3036141.83,200.0,28,81424008.0,750.587,10,5,1,Sort,2,0,0,0,0,1,0,3,1,6192,0,0,0,50000.0,50000.0,6987776,2727936,2,0.004
prod_duplicate_passenger_summary,"SELECT passenger_id, MIN(passenger_name) AS canonical_name, COUNT(DISTINCT passenger_name) AS name_versions, COUNT(DISTINCT book_ref) AS bookings FROM aviation.tickets GROUP BY passenger_id HAVING COUNT(DISTINCT book_ref) >= 3 ORDER BY name_versions DESC, bookings DESC LIMIT 200",279,0,0,0,True,True,False,1,1,4,4,0,0,0,0,0,90852.65,90853.15,200.0,60,1333534.0,2227.316,5,5,1,Limit,1,0,0,0,0,0,0,2,1,25730,0,11216,11252,500000.0,500000.0,57991168,15785984,1,0.0004
prod_duplicate_passenger_summary,"SELECT passenger_id, MIN(passenger_name) AS canonical_name, COUNT(DISTINCT passenger_name) AS name_versions, COUNT(DISTINCT book_ref) AS bookings FROM aviation.tickets GROUP BY passenger_id HAVING COUNT(DISTINCT book_ref) >= 3 ORDER BY name_versions DESC, bookings DESC LIMIT 200",279,0,0,0,True,True,False,1,1,4,4,0,0,0,0,0,90852.65,90853.15,200.0,60,1333534.0,1862.277,5,5,1,Limit,1,0,0,0,0,0,0,2,1,25730,0,11216,11252,500000.0,500000.0,57991168,15785984,1,0.0004
prod_passenger_no_show_streak,"WITH attendance AS ( SELECT t.passenger_id, f.scheduled_departure, CASE WHEN bp.ticket_no IS NULL THEN 1 ELSE 0 END AS no_show FROM aviation.tickets t JOIN aviation.ticket_flights tf ON tf.ticket_no = t.ticket_no JOIN aviation.flights f ON f.flight_id = tf.flight_id LEFT JOIN aviation.boarding_passes bp ON bp.ticket_no = tf.ticket_no AND bp.flight_id = tf.flight_id ), runs AS ( SELECT *, SUM(CASE WHEN no_show = 0 THEN 1 ELSE 0 END) OVER (PARTITION BY passenger_id ORDER BY scheduled_departure) AS run_id FROM attendance ) SELECT passenger_id, run_id, COUNT(*) AS consecutive_no_shows FROM runs WHERE no_show = 1 GROUP BY passenger_id, run_id HAVING COUNT(*) >= 2 ORDER BY consecutive_no_shows DESC LIMIT 200",711,3,1,2,True,True,False,4,4,8,3,2,1,0,0,0,260558.96,260559.46,200.0,28,5280201.0,3997.333,18,13,4,Limit,4,0,0,0,3,0,0,2,1,106162,149868,223224,230652,2350000.0,1000000.0,317857792,154836992,7,0.0002
prod_passenger_no_show_streak,"WITH attendance AS ( SELECT t.passenger_id, f.scheduled_departure, CASE WHEN bp.ticket_no IS NULL THEN 1 ELSE 0 END AS no_show FROM aviation.tickets t JOIN aviation.ticket_flights tf ON tf.ticket_no = t.ticket_no JOIN aviation.flights f ON f.flight_id = tf.flight_id LEFT JOIN aviation.boarding_passes bp ON bp.ticket_no = tf.ticket_no AND bp.flight_id = tf.flight_id ), runs AS ( SELECT *, SUM(CASE WHEN no_show = 0 THEN 1 ELSE 0 END) OVER (PARTITION BY passenger_id ORDER BY scheduled_departure) AS run_id FROM attendance ) SELECT passenger_id, run_id, COUNT(*) AS consecutive_no_shows FROM runs WHERE no_show = 1 GROUP BY passenger_id, run_id HAVING COUNT(*) >= 2 ORDER BY consecutive_no_shows DESC LIMIT 200",711,3,1,2,True,True,False,4,4,8,3,2,1,0,0,0,260558.96,260559.46,200.0,28,5280201.0,3853.057,18,13,4,Limit,4,0,0,0,3,0,0,2,1,108466,147564,223219,230668,2350000.0,1000000.0,317857792,154836992,7,0.0002
prod_booking_reconciliation,"SELECT b.book_ref, b.total_amount, COALESCE(SUM(tf.amount), 0) AS sold_amount, b.total_amount - COALESCE(SUM(tf.amount), 0) AS difference FROM aviation.bookings b LEFT JOIN aviation.tickets t ON t.book_ref = b.book_ref LEFT JOIN aviation.ticket_flights tf ON tf.ticket_no = t.ticket_no GROUP BY b.book_ref, b.total_amount HAVING ABS(b.total_amount - COALESCE(SUM(tf.amount), 0)) > 2500 ORDER BY ABS(b.total_amount - COALESCE(SUM(tf.amount), 0)) DESC LIMIT 200",459,2,0,0,True,True,False,3,3,4,4,0,2,0,0,0,160159.46,160159.96,200.0,109,3249246.0,2649.471,13,10,3,Limit,3,0,0,0,2,0,0,2,2,80755,60606,77784,80094,1750000.0,1000000.0,205963264,82354176,3,0.0002
prod_booking_reconciliation,"SELECT b.book_ref, b.total_amount, COALESCE(SUM(tf.amount), 0) AS sold_amount, b.total_amount - COALESCE(SUM(tf.amount), 0) AS difference FROM aviation.bookings b LEFT JOIN aviation.tickets t ON t.book_ref = b.book_ref LEFT JOIN aviation.ticket_flights tf ON tf.ticket_no = t.ticket_no GROUP BY b.book_ref, b.total_amount HAVING ABS(b.total_amount - COALESCE(SUM(tf.amount), 0)) > 2500 ORDER BY ABS(b.total_amount - COALESCE(SUM(tf.amount), 0)) DESC LIMIT 200",459,2,0,0,True,True,False,3,3,4,4,0,2,0,0,0,160159.46,160159.96,200.0,109,3249246.0,2794.334,13,10,3,Limit,3,0,0,0,2,0,0,2,2,81619,59742,77776,80070,1750000.0,1000000.0,205963264,82354176,3,0.0002
prod_seat_heatmap,"SELECT s.seat_no, s.fare_conditions, COUNT(DISTINCT f.flight_id) AS operated_flights, COUNT(bp.ticket_no) AS occupied, COUNT(bp.ticket_no)::numeric / NULLIF(COUNT(DISTINCT f.flight_id), 0) AS utilization FROM aviation.seats s JOIN aviation.flights f ON f.aircraft_code = s.aircraft_code LEFT JOIN aviation.boarding_passes bp ON bp.flight_id = f.flight_id AND bp.seat_no = s.seat_no WHERE s.aircraft_code = '321' GROUP BY s.seat_no, s.fare_conditions ORDER BY utilization DESC, s.seat_no",486,2,1,0,True,True,False,3,3,5,4,1,1,0,0,0,377736.09,377736.39,121.0,59,6952174.0,8314.172,10,7,3,Sort,3,0,0,0,1,0,1,2,1,6203,32226,78317,82063,850900.0,800000.0,130727936,78168064,6,0.00015125
prod_seat_heatmap,"SELECT s.seat_no, s.fare_conditions, COUNT(DISTINCT f.flight_id) AS operated_flights, COUNT(bp.ticket_no) AS occupied, COUNT(bp.ticket_no)::numeric / NULLIF(COUNT(DISTINCT f.flight_id), 0) AS utilization FROM aviation.seats s JOIN aviation.flights f ON f.aircraft_code = s.aircraft_code LEFT JOIN aviation.boarding_passes bp ON bp.flight_id = f.flight_id AND bp.seat_no = s.seat_no WHERE s.aircraft_code = '321' GROUP BY s.seat_no, s.fare_conditions ORDER BY utilization DESC, s.seat_no",486,2,1,0,True,True,False,3,3,5,4,1,1,0,0,0,377736.09,377736.39,121.0,59,6952174.0,7908.722,10,7,3,Sort,3,0,0,0,1,0,1,2,1,6395,32034,78317,82063,850900.0,800000.0,130727936,78168064,6,0.00015125
prod_route_concentration,"WITH route_counts AS ( SELECT departure_airport, arrival_airport, COUNT(*)::numeric AS flights FROM aviation.flights WHERE status = 'Scheduled' GROUP BY departure_airport, arrival_airport ), shares AS ( SELECT *, flights / SUM(flights) OVER (PARTITION BY departure_airport) AS share FROM route_counts ) SELECT departure_airport, SUM(share * share) AS hhi, COUNT(*) AS served_destinations FROM shares GROUP BY departure_airport ORDER BY hhi DESC",444,0,1,2,True,True,False,1,1,8,4,0,0,0,0,0,1247.77,1248.02,100.0,44,12950.0,11.121,7,7,1,Sort,1,0,0,0,0,0,0,2,2,3612,0,0,0,50000.0,50000.0,6987776,2727936,2,0.002
prod_route_concentration,"WITH route_counts AS ( SELECT departure_airport, arrival_airport, COUNT(*)::numeric AS flights FROM aviation.flights WHERE status = 'Scheduled' GROUP BY departure_airport, arrival_airport ), shares AS ( SELECT *, flights / SUM(flights) OVER (PARTITION BY departure_airport) AS share FROM route_counts ) SELECT departure_airport, SUM(share * share) AS hhi, COUNT(*) AS served_destinations FROM shares GROUP BY departure_airport ORDER BY hhi DESC",444,0,1,2,True,True,False,1,1,8,4,0,0,0,0,0,1247.77,1248.02,100.0,44,12950.0,11.345,7,7,1,Sort,1,0,0,0,0,0,0,2,2,3612,0,0,0,50000.0,50000.0,6987776,2727936,2,0.002
prod_revenue_iqr_outliers,"WITH route_stats AS ( SELECT f.departure_airport, f.arrival_airport, percentile_cont(0.25) WITHIN GROUP (ORDER BY tf.amount) AS q1, percentile_cont(0.75) WITHIN GROUP (ORDER BY tf.amount) AS q3 FROM aviation.flights f JOIN aviation.ticket_flights tf ON tf.flight_id = f.flight_id WHERE tf.fare_conditions = 'Economy' GROUP BY f.departure_airport, f.arrival_airport ) SELECT f.flight_id, tf.ticket_no, tf.amount, s.q1, s.q3 FROM aviation.ticket_flights tf JOIN aviation.flights f ON f.flight_id = tf.flight_id JOIN route_stats s USING (departure_airport, arrival_airport) WHERE tf.fare_conditions = 'Economy' AND (tf.amount < s.q1 - 1.5 * (s.q3 - s.q1) OR tf.amount > s.q3 + 1.5 * (s.q3 - s.q1)) ORDER BY tf.amount DESC LIMIT 200",728,3,3,1,True,True,False,4,2,9,2,3,0,0,0,0,145551.41,145574.74,200.0,40,2931295.0,2854.81,16,13,2,Limit,4,0,0,0,3,0,0,2,1,146015,227335,74580,74910,1050000.0,1000000.0,136249344,63668224,3,0.0002
prod_revenue_iqr_outliers,"WITH route_stats AS ( SELECT f.departure_airport, f.arrival_airport, percentile_cont(0.25) WITHIN GROUP (ORDER BY tf.amount) AS q1, percentile_cont(0.75) WITHIN GROUP (ORDER BY tf.amount) AS q3 FROM aviation.flights f JOIN aviation.ticket_flights tf ON tf.flight_id = f.flight_id WHERE tf.fare_conditions = 'Economy' GROUP BY f.departure_airport, f.arrival_airport ) SELECT f.flight_id, tf.ticket_no, tf.amount, s.q1, s.q3 FROM aviation.ticket_flights tf JOIN aviation.flights f ON f.flight_id = tf.flight_id JOIN route_stats s USING (departure_airport, arrival_airport) WHERE tf.fare_conditions = 'Economy' AND (tf.amount < s.q1 - 1.5 * (s.q3 - s.q1) OR tf.amount > s.q3 + 1.5 * (s.q3 - s.q1)) ORDER BY tf.amount DESC LIMIT 200",728,3,3,1,True,True,False,4,2,9,2,3,0,0,0,0,145551.41,145574.74,200.0,40,2931295.0,2832.741,16,13,2,Limit,4,0,0,0,3,0,0,2,1,140076,233274,74580,74910,1050000.0,1000000.0,136249344,63668224,3,0.0002
prod_booking_cohort_retention,"WITH first_booking AS ( SELECT t.passenger_id, MIN(date_trunc('month', b.book_date)) AS cohort_month FROM aviation.tickets t JOIN aviation.bookings b ON b.book_ref = t.book_ref GROUP BY t.passenger_id ), activity AS ( SELECT DISTINCT t.passenger_id, date_trunc('month', b.book_date) AS activity_month FROM aviation.tickets t JOIN aviation.bookings b ON b.book_ref = t.book_ref JOIN aviation.ticket_flights tf ON tf.ticket_no = t.ticket_no WHERE tf.fare_conditions = 'Business' ) SELECT f.cohort_month, EXTRACT(YEAR FROM age(a.activity_month, f.cohort_month)) * 12 + EXTRACT(MONTH FROM age(a.activity_month, f.cohort_month)) AS month_number, COUNT(DISTINCT a.passenger_id) AS retained_passengers FROM first_booking f JOIN activity a ON a.passenger_id = f.passenger_id GROUP BY f.cohort_month, month_number ORDER BY f.cohort_month, month_number",842,4,1,2,True,True,True,5,3,7,2,4,0,0,0,0,18611458.06,19357058.06,40000.0,48,152548700.0,2759.255,21,12,3,Aggregate,5,0,0,0,4,0,0,1,4,155776,70776,31520,49519,1750000.0,1000000.0,205963264,82354176,3,0.04
prod_booking_cohort_retention,"WITH first_booking AS ( SELECT t.passenger_id, MIN(date_trunc('month', b.book_date)) AS cohort_month FROM aviation.tickets t JOIN aviation.bookings b ON b.book_ref = t.book_ref GROUP BY t.passenger_id ), activity AS ( SELECT DISTINCT t.passenger_id, date_trunc('month', b.book_date) AS activity_month FROM aviation.tickets t JOIN aviation.bookings b ON b.book_ref = t.book_ref JOIN aviation.ticket_flights tf ON tf.ticket_no = t.ticket_no WHERE tf.fare_conditions = 'Business' ) SELECT f.cohort_month, EXTRACT(YEAR FROM age(a.activity_month, f.cohort_month)) * 12 + EXTRACT(MONTH FROM age(a.activity_month, f.cohort_month)) AS month_number, COUNT(DISTINCT a.passenger_id) AS retained_passengers FROM first_booking f JOIN activity a ON a.passenger_id = f.passenger_id GROUP BY f.cohort_month, month_number ORDER BY f.cohort_month, month_number",842,4,1,2,True,True,True,5,3,7,2,4,0,0,0,0,18611458.06,19357058.06,40000.0,48,152548700.0,2517.039,21,12,3,Aggregate,5,0,0,0,4,0,0,1,4,156160,70392,31520,49519,1750000.0,1000000.0,205963264,82354176,3,0.04
prod_multi_segment_bookings,"SELECT b.book_ref, b.book_date, COUNT(DISTINCT t.ticket_no) AS passengers, COUNT(tf.flight_id) AS segments, SUM(tf.amount) AS revenue FROM aviation.bookings b JOIN aviation.tickets t ON t.book_ref = b.book_ref JOIN aviation.ticket_flights tf ON tf.ticket_no = t.ticket_no WHERE EXISTS ( SELECT 1 FROM aviation.ticket_flights x WHERE x.ticket_no = t.ticket_no GROUP BY x.ticket_no HAVING COUNT(*) >= 4 ) GROUP BY b.book_ref, b.book_date ORDER BY segments DESC, revenue DESC LIMIT 200",482,2,2,1,True,True,False,4,3,6,4,2,0,0,0,0,2395367.21,2395367.71,200.0,63,4500203.0,2461.785,13,9,3,Limit,3,0,1,0,2,0,0,2,2,13476183,59848,0,0,1750000.0,1000000.0,205963264,82354176,3,0.0002
prod_multi_segment_bookings,"SELECT b.book_ref, b.book_date, COUNT(DISTINCT t.ticket_no) AS passengers, COUNT(tf.flight_id) AS segments, SUM(tf.amount) AS revenue FROM aviation.bookings b JOIN aviation.tickets t ON t.book_ref = b.book_ref JOIN aviation.ticket_flights tf ON tf.ticket_no = t.ticket_no WHERE EXISTS ( SELECT 1 FROM aviation.ticket_flights x WHERE x.ticket_no = t.ticket_no GROUP BY x.ticket_no HAVING COUNT(*) >= 4 ) GROUP BY b.book_ref, b.book_date ORDER BY segments DESC, revenue DESC LIMIT 200",482,2,2,1,True,True,False,4,3,6,4,2,0,0,0,0,2395367.21,2395367.71,200.0,63,4500203.0,2657.142,13,9,3,Limit,3,0,1,0,2,0,0,2,2,13532930,3101,0,0,1750000.0,1000000.0,205963264,82354176,3,0.0002
prod_recursive_calendar_gaps,"WITH RECURSIVE calendar(day) AS ( SELECT DATE '2025-06-07' UNION ALL SELECT day + 1 FROM calendar WHERE day < DATE '2025-06-07' + 60 ), traffic AS ( SELECT scheduled_departure::date AS day, COUNT(*) AS flights FROM aviation.flights GROUP BY scheduled_departure::date ) SELECT c.day, COALESCE(t.flights, 0) AS flights, AVG(COALESCE(t.flights, 0)) OVER (ORDER BY c.day ROWS BETWEEN 6 PRECEDING AND CURRENT ROW) AS weekly_average FROM calendar c LEFT JOIN traffic t USING (day) ORDER BY c.day",489,1,1,3,True,True,False,1,1,7,2,0,1,0,0,0,1708.94,1732.69,1358.0,44,62934.0,37.759,10,5,1,WindowAgg,1,0,0,0,1,0,0,1,1,2580,0,0,0,50000.0,50000.0,6987776,2727936,2,0.02716
prod_recursive_calendar_gaps,"WITH RECURSIVE calendar(day) AS ( SELECT DATE '2025-06-07' UNION ALL SELECT day + 1 FROM calendar WHERE day < DATE '2025-06-07' + 60 ), traffic AS ( SELECT scheduled_departure::date AS day, COUNT(*) AS flights FROM aviation.flights GROUP BY scheduled_departure::date ) SELECT c.day, COALESCE(t.flights, 0) AS flights, AVG(COALESCE(t.flights, 0)) OVER (ORDER BY c.day ROWS BETWEEN 6 PRECEDING AND CURRENT ROW) AS weekly_average FROM calendar c LEFT JOIN traffic t USING (day) ORDER BY c.day",489,1,1,3,True,True,False,1,1,7,2,0,1,0,0,0,1708.94,1732.69,1358.0,44,62934.0,28.19,10,5,1,WindowAgg,1,0,0,0,1,0,0,1,1,2580,0,0,0,50000.0,50000.0,6987776,2727936,2,0.02716
prod_fare_mix_change,"WITH monthly AS ( SELECT date_trunc('month', f.scheduled_departure) AS month_start, tf.fare_conditions, COUNT(*) AS sold FROM aviation.flights f JOIN aviation.ticket_flights tf ON tf.flight_id = f.flight_id WHERE f.departure_airport = 'IST' GROUP BY date_trunc('month', f.scheduled_departure), tf.fare_conditions ), shares AS ( SELECT *, sold::numeric / SUM(sold) OVER (PARTITION BY month_start) AS share FROM monthly ) SELECT *, share - LAG(share) OVER (PARTITION BY fare_conditions ORDER BY month_start) AS share_change FROM shares ORDER BY ABS(share - LAG(share) OVER (PARTITION BY fare_conditions ORDER BY month_start)) DESC NULLS LAST",639,1,1,2,True,True,False,2,2,7,4,1,0,0,0,0,22114.67,22144.55,11955.0,120,576363.0,183.933,12,11,2,Sort,2,0,0,0,1,0,0,3,2,17280,83340,0,0,1050000.0,1000000.0,136249344,63668224,3,0.011955
prod_fare_mix_change,"WITH monthly AS ( SELECT date_trunc('month', f.scheduled_departure) AS month_start, tf.fare_conditions, COUNT(*) AS sold FROM aviation.flights f JOIN aviation.ticket_flights tf ON tf.flight_id = f.flight_id WHERE f.departure_airport = 'IST' GROUP BY date_trunc('month', f.scheduled_departure), tf.fare_conditions ), shares AS ( SELECT *, sold::numeric / SUM(sold) OVER (PARTITION BY month_start) AS share FROM monthly ) SELECT *, share - LAG(share) OVER (PARTITION BY fare_conditions ORDER BY month_start) AS share_change FROM shares ORDER BY ABS(share - LAG(share) OVER (PARTITION BY fare_conditions ORDER BY month_start)) DESC NULLS LAST",639,1,1,2,True,True,False,2,2,7,4,1,0,0,0,0,22114.67,22144.55,11955.0,120,576363.0,158.509,12,11,2,Sort,2,0,0,0,1,0,0,3,2,18240,82380,0,0,1050000.0,1000000.0,136249344,63668224,3,0.011955
prod_route_top_passengers,"SELECT r.arrival_airport, p.passenger_id, p.route_revenue FROM (SELECT DISTINCT arrival_airport FROM aviation.flights WHERE departure_airport = 'LED') r CROSS JOIN LATERAL ( SELECT t.passenger_id, SUM(tf.amount) AS route_revenue FROM aviation.flights f JOIN aviation.ticket_flights tf ON tf.flight_id = f.flight_id JOIN aviation.tickets t ON t.ticket_no = tf.ticket_no WHERE f.departure_airport = 'LED' AND f.arrival_airport = r.arrival_airport GROUP BY t.passenger_id ORDER BY route_revenue DESC LIMIT 5 ) p ORDER BY r.arrival_airport, p.route_revenue DESC",557,3,3,2,True,True,True,4,3,6,1,2,0,0,0,1,53037.98,273016.48,50.0,48,1050090.0,1304.763,14,9,3,Incremental Sort,3,1,0,0,1,0,2,2,1,2800885,73011,2160,3915,1550000.0,1000000.0,194240512,79454208,4,5e-05
prod_route_top_passengers,"SELECT r.arrival_airport, p.passenger_id, p.route_revenue FROM (SELECT DISTINCT arrival_airport FROM aviation.flights WHERE departure_airport = 'LED') r CROSS JOIN LATERAL ( SELECT t.passenger_id, SUM(tf.amount) AS route_revenue FROM aviation.flights f JOIN aviation.ticket_flights tf ON tf.flight_id = f.flight_id JOIN aviation.tickets t ON t.ticket_no = tf.ticket_no WHERE f.departure_airport = 'LED' AND f.arrival_airport = r.arrival_airport GROUP BY t.passenger_id ORDER BY route_revenue DESC LIMIT 5 ) p ORDER BY r.arrival_airport, p.route_revenue DESC",557,3,3,2,True,True,True,4,3,6,1,2,0,0,0,1,53037.98,273016.48,50.0,48,1050090.0,1175.529,14,9,3,Incremental Sort,3,1,0,0,1,0,2,2,1,2809016,64880,2160,3915,1550000.0,1000000.0,194240512,79454208,4,5e-05
prod_materialized_route_comparison,"WITH route_sales AS MATERIALIZED ( SELECT f.departure_airport, f.arrival_airport, COUNT(*) AS tickets, SUM(tf.amount) AS revenue FROM aviation.flights f JOIN aviation.ticket_flights tf ON tf.flight_id = f.flight_id GROUP BY f.departure_airport, f.arrival_airport ) SELECT current.arrival_airport, current.tickets, current.revenue, AVG(peer.revenue) AS peer_average FROM route_sales current JOIN route_sales peer ON peer.departure_airport <> current.departure_airport AND peer.arrival_airport = current.arrival_airport WHERE current.departure_airport = 'GNA' GROUP BY current.arrival_airport, current.tickets, current.revenue ORDER BY current.revenue - AVG(peer.revenue) DESC",674,2,1,1,True,True,False,2,2,8,4,2,0,0,0,0,20438.56,20438.56,1.0,120,933940.0,545.871,15,8,2,Sort,2,0,0,0,2,0,0,3,3,16828,67810,0,0,1050000.0,1000000.0,136249344,63668224,3,1e-06
prod_materialized_route_comparison,"WITH route_sales AS MATERIALIZED ( SELECT f.departure_airport, f.arrival_airport, COUNT(*) AS tickets, SUM(tf.amount) AS revenue FROM aviation.flights f JOIN aviation.ticket_flights tf ON tf.flight_id = f.flight_id GROUP BY f.departure_airport, f.arrival_airport ) SELECT current.arrival_airport, current.tickets, current.revenue, AVG(peer.revenue) AS peer_average FROM route_sales current JOIN route_sales peer ON peer.departure_airport <> current.departure_airport AND peer.arrival_airport = current.arrival_airport WHERE current.departure_airport = 'GNA' GROUP BY current.arrival_airport, current.tickets, current.revenue ORDER BY current.revenue - AVG(peer.revenue) DESC",674,2,1,1,True,True,False,2,2,8,4,2,0,0,0,0,20438.56,20438.56,1.0,120,933940.0,645.141,15,8,2,Sort,2,0,0,0,2,0,0,3,3,17624,67394,0,0,1050000.0,1000000.0,136249344,63668224,3,1e-06
prod_rolling_booking_revenue,"WITH daily AS ( SELECT book_date::date AS day, SUM(total_amount) AS revenue, COUNT(*) AS bookings FROM aviation.bookings GROUP BY book_date::date ) SELECT day, revenue, bookings, SUM(revenue) OVER (ORDER BY day ROWS BETWEEN 55 PRECEDING AND CURRENT ROW) AS rolling_revenue, AVG(bookings) OVER (ORDER BY day ROWS BETWEEN 55 PRECEDING AND CURRENT ROW) AS rolling_bookings FROM daily ORDER BY day",393,0,0,1,True,True,False,1,1,8,4,0,0,0,0,0,5555.35,5612.68,365.0,108,148884.0,101.934,6,6,1,WindowAgg,1,0,0,0,0,0,0,1,2,3080,6510,0,0,250000.0,250000.0,18710528,5627904,1,0.00146
prod_rolling_booking_revenue,"WITH daily AS ( SELECT book_date::date AS day, SUM(total_amount) AS revenue, COUNT(*) AS bookings FROM aviation.bookings GROUP BY book_date::date ) SELECT day, revenue, bookings, SUM(revenue) OVER (ORDER BY day ROWS BETWEEN 55 PRECEDING AND CURRENT ROW) AS rolling_revenue, AVG(bookings) OVER (ORDER BY day ROWS BETWEEN 55 PRECEDING AND CURRENT ROW) AS rolling_bookings FROM daily ORDER BY day",393,0,0,1,True,True,False,1,1,8,4,0,0,0,0,0,5555.35,5612.68,365.0,108,148884.0,124.058,6,6,1,WindowAgg,1,0,0,0,0,0,0,1,2,32,9558,0,0,250000.0,250000.0,18710528,5627904,1,0.00146
prod_customer_value_deciles,"WITH passenger_value AS ( SELECT t.passenger_id, COUNT(DISTINCT t.ticket_no) AS tickets, SUM(tf.amount) AS revenue FROM aviation.tickets t JOIN aviation.ticket_flights tf ON tf.ticket_no = t.ticket_no GROUP BY t.passenger_id HAVING COUNT(DISTINCT t.ticket_no) >= 5 ), scored AS ( SELECT *, NTILE(10) OVER (ORDER BY revenue DESC) AS value_decile FROM passenger_value ) SELECT value_decile, COUNT(*) AS passengers, AVG(revenue) AS avg_revenue FROM scored GROUP BY value_decile ORDER BY value_decile",496,1,0,2,True,True,False,2,2,8,6,1,0,0,0,0,222950.56,222951.06,200.0,44,4667068.0,4320.035,11,10,2,Sort,2,0,0,0,1,0,0,3,2,51450,75016,128186,130774,1500000.0,1000000.0,187252736,76726272,2,0.0002
prod_customer_value_deciles,"WITH passenger_value AS ( SELECT t.passenger_id, COUNT(DISTINCT t.ticket_no) AS tickets, SUM(tf.amount) AS revenue FROM aviation.tickets t JOIN aviation.ticket_flights tf ON tf.ticket_no = t.ticket_no GROUP BY t.passenger_id HAVING COUNT(DISTINCT t.ticket_no) >= 5 ), scored AS ( SELECT *, NTILE(10) OVER (ORDER BY revenue DESC) AS value_decile FROM passenger_value ) SELECT value_decile, COUNT(*) AS passengers, AVG(revenue) AS avg_revenue FROM scored GROUP BY value_decile ORDER BY value_decile",496,1,0,2,True,True,False,2,2,8,6,1,0,0,0,0,222950.56,222951.06,200.0,44,4667068.0,4107.805,11,10,2,Sort,2,0,0,0,1,0,0,3,2,51748,74718,128186,130774,1500000.0,1000000.0,187252736,76726272,2,0.0002
prod_tickets_without_boarding,SELECT tf.ticket_no FROM aviation.ticket_flights tf WHERE tf.fare_conditions = 'Comfort' EXCEPT SELECT bp.ticket_no FROM aviation.boarding_passes bp ORDER BY ticket_no LIMIT 500,177,0,1,1,False,True,False,2,2,2,0,0,0,0,0,0,212360.97,212379.14,500.0,60,3881473.0,1948.157,8,6,2,Limit,2,0,0,0,0,0,0,1,0,384,84918,1440,10377,1800000.0,1000000.0,252878848,136323072,4,0.0005
prod_tickets_without_boarding,SELECT tf.ticket_no FROM aviation.ticket_flights tf WHERE tf.fare_conditions = 'Comfort' EXCEPT SELECT bp.ticket_no FROM aviation.boarding_passes bp ORDER BY ticket_no LIMIT 500,177,0,1,1,False,True,False,2,2,2,0,0,0,0,0,0,212360.97,212379.14,500.0,60,3881473.0,1917.905,8,6,2,Limit,2,0,0,0,0,0,0,1,0,768,84534,1440,10377,1800000.0,1000000.0,252878848,136323072,4,0.0005
prod_boarded_frequent_flyers,SELECT passenger_id FROM aviation.tickets GROUP BY passenger_id HAVING COUNT(*) >= 4 INTERSECT SELECT t.passenger_id FROM aviation.tickets t JOIN aviation.boarding_passes bp ON bp.ticket_no = t.ticket_no GROUP BY t.passenger_id HAVING COUNT(*) >= 4 ORDER BY passenger_id LIMIT 500,280,1,0,1,True,True,False,3,2,2,2,1,0,0,0,0,213762.84,213767.84,500.0,62,4600503.0,2386.392,13,9,2,Limit,3,0,0,0,1,0,0,1,2,82848,46552,62696,91035,1300000.0,800000.0,181608448,91168768,4,0.000625
prod_boarded_frequent_flyers,SELECT passenger_id FROM aviation.tickets GROUP BY passenger_id HAVING COUNT(*) >= 4 INTERSECT SELECT t.passenger_id FROM aviation.tickets t JOIN aviation.boarding_passes bp ON bp.ticket_no = t.ticket_no GROUP BY t.passenger_id HAVING COUNT(*) >= 4 ORDER BY passenger_id LIMIT 500,280,1,0,1,True,True,False,3,2,2,2,1,0,0,0,0,213762.84,213767.84,500.0,62,4600503.0,2292.183,13,9,2,Limit,3,0,0,0,1,0,0,1,2,83104,46296,62696,91035,1300000.0,800000.0,181608448,91168768,4,0.000625
prod_booking_funnel,"WITH cohort AS ( SELECT book_ref FROM aviation.bookings WHERE book_date >= DATE '2025-03-04' AND book_date < DATE '2025-03-04' + INTERVAL '30 days' ), ticketed AS ( SELECT c.book_ref, COUNT(DISTINCT t.ticket_no) AS tickets FROM cohort c LEFT JOIN aviation.tickets t ON t.book_ref = c.book_ref GROUP BY c.book_ref ), segmented AS ( SELECT x.book_ref, x.tickets, COUNT(tf.flight_id) AS segments, COUNT(bp.ticket_no) AS boarded FROM ticketed x LEFT JOIN aviation.tickets t ON t.book_ref = x.book_ref LEFT JOIN aviation.ticket_flights tf ON tf.ticket_no = t.ticket_no LEFT JOIN aviation.boarding_passes bp ON bp.ticket_no = tf.ticket_no AND bp.flight_id = tf.flight_id GROUP BY x.book_ref, x.tickets ) SELECT COUNT(*) AS bookings, COUNT(*) FILTER (WHERE tickets > 0) AS with_tickets, COUNT(*) FILTER (WHERE segments > 0) AS with_segments, COUNT(*) FILTER (WHERE boarded > 0) AS with_boarding FROM segmented",902,4,5,3,True,False,False,5,4,11,7,0,4,0,0,0,75757.52,75757.53,1.0,32,1940185.0,934.952,17,13,4,Aggregate,4,0,1,0,3,0,1,1,3,854538,29081,0,0,2550000.0,1000000.0,329580544,157736960,6,1e-06
prod_booking_funnel,"WITH cohort AS ( SELECT book_ref FROM aviation.bookings WHERE book_date >= DATE '2025-03-04' AND book_date < DATE '2025-03-04' + INTERVAL '30 days' ), ticketed AS ( SELECT c.book_ref, COUNT(DISTINCT t.ticket_no) AS tickets FROM cohort c LEFT JOIN aviation.tickets t ON t.book_ref = c.book_ref GROUP BY c.book_ref ), segmented AS ( SELECT x.book_ref, x.tickets, COUNT(tf.flight_id) AS segments, COUNT(bp.ticket_no) AS boarded FROM ticketed x LEFT JOIN aviation.tickets t ON t.book_ref = x.book_ref LEFT JOIN aviation.ticket_flights tf ON tf.ticket_no = t.ticket_no LEFT JOIN aviation.boarding_passes bp ON bp.ticket_no = tf.ticket_no AND bp.flight_id = tf.flight_id GROUP BY x.book_ref, x.tickets ) SELECT COUNT(*) AS bookings, COUNT(*) FILTER (WHERE tickets > 0) AS with_tickets, COUNT(*) FILTER (WHERE segments > 0) AS with_segments, COUNT(*) FILTER (WHERE boarded > 0) AS with_boarding FROM segmented",902,4,5,3,True,False,False,5,4,11,7,0,4,0,0,0,75757.52,75757.53,1.0,32,1940185.0,936.71,17,13,4,Aggregate,4,0,1,0,3,0,1,1,3,860727,22892,0,0,2550000.0,1000000.0,329580544,157736960,6,1e-06
prod_aircraft_duration_fit,"SELECT a.aircraft_code, a.model, f.departure_airport, f.arrival_airport, COUNT(*) AS flights, AVG(EXTRACT(EPOCH FROM (f.scheduled_arrival - f.scheduled_departure)) / 3600) AS avg_hours FROM aviation.aircrafts a JOIN aviation.flights f ON f.aircraft_code = a.aircraft_code GROUP BY a.aircraft_code, a.model, f.departure_airport, f.arrival_airport, a.range_km HAVING AVG(EXTRACT(EPOCH FROM (f.scheduled_arrival - f.scheduled_departure)) / 3600) * 800 > a.range_km * 0.9 ORDER BY avg_hours DESC",491,1,0,0,True,True,False,2,2,6,3,1,0,0,0,0,2277.03,2277.45,167.0,71,100344.0,64.2,6,5,2,Sort,2,0,0,0,1,0,0,1,1,2069,0,0,0,50005.0,50000.0,7020544,2744320,3,0.00334
prod_aircraft_duration_fit,"SELECT a.aircraft_code, a.model, f.departure_airport, f.arrival_airport, COUNT(*) AS flights, AVG(EXTRACT(EPOCH FROM (f.scheduled_arrival - f.scheduled_departure)) / 3600) AS avg_hours FROM aviation.aircrafts a JOIN aviation.flights f ON f.aircraft_code = a.aircraft_code GROUP BY a.aircraft_code, a.model, f.departure_airport, f.arrival_airport, a.range_km HAVING AVG(EXTRACT(EPOCH FROM (f.scheduled_arrival - f.scheduled_departure)) / 3600) * 800 > a.range_km * 0.9 ORDER BY avg_hours DESC",491,1,0,0,True,True,False,2,2,6,3,1,0,0,0,0,2277.03,2277.45,167.0,71,100344.0,60.622,6,5,2,Sort,2,0,0,0,1,0,0,1,1,2069,0,0,0,50005.0,50000.0,7020544,2744320,3,0.00334
prod_latest_booking_per_passenger,"SELECT DISTINCT ON (t.passenger_id) t.passenger_id, t.passenger_name, b.book_ref, b.book_date, b.total_amount FROM aviation.tickets t JOIN aviation.bookings b ON b.book_ref = t.book_ref WHERE t.passenger_id LIKE '01%' ORDER BY t.passenger_id, b.book_date DESC, b.book_ref DESC",276,1,1,0,False,True,True,2,2,5,0,1,0,0,0,0,8926.16,8932.11,50.0,49,164.0,72.676,6,5,2,Unique,1,1,0,0,0,0,1,1,0,125670,208,0,0,750000.0,500000.0,76701696,21413888,2,0.0001
prod_latest_booking_per_passenger,"SELECT DISTINCT ON (t.passenger_id) t.passenger_id, t.passenger_name, b.book_ref, b.book_date, b.total_amount FROM aviation.tickets t JOIN aviation.bookings b ON b.book_ref = t.book_ref WHERE t.passenger_id LIKE '01%' ORDER BY t.passenger_id, b.book_date DESC, b.book_ref DESC",276,1,1,0,False,True,True,2,2,5,0,1,0,0,0,0,8926.16,8932.11,50.0,49,164.0,71.281,6,5,2,Unique,1,1,0,0,0,0,1,1,0,125878,0,0,0,750000.0,500000.0,76701696,21413888,2,0.0001
prod_lateral_top_fares,"SELECT route.departure_airport, route.arrival_airport, expensive.ticket_no, expensive.amount FROM (SELECT DISTINCT departure_airport, arrival_airport FROM aviation.flights) route CROSS JOIN LATERAL ( SELECT tf.ticket_no, tf.amount FROM aviation.flights f JOIN aviation.ticket_flights tf ON tf.flight_id = f.flight_id WHERE f.departure_airport = route.departure_airport AND f.arrival_airport = route.arrival_airport AND tf.fare_conditions = 'Comfort' ORDER BY tf.amount DESC LIMIT 3 ) expensive ORDER BY route.departure_airport, route.arrival_airport, expensive.amount DESC",572,2,3,2,False,True,True,3,2,8,0,1,0,0,0,1,42982.53,1921704.46,300.0,28,355024.0,2356.662,12,7,2,Incremental Sort,2,1,0,0,0,0,2,2,0,32004,539418,20070,32190,1050000.0,1000000.0,136249344,63668224,3,0.0003
prod_lateral_top_fares,"SELECT route.departure_airport, route.arrival_airport, expensive.ticket_no, expensive.amount FROM (SELECT DISTINCT departure_airport, arrival_airport FROM aviation.flights) route CROSS JOIN LATERAL ( SELECT tf.ticket_no, tf.amount FROM aviation.flights f JOIN aviation.ticket_flights tf ON tf.flight_id = f.flight_id WHERE f.departure_airport = route.departure_airport AND f.arrival_airport = route.arrival_airport AND tf.fare_conditions = 'Comfort' ORDER BY tf.amount DESC LIMIT 3 ) expensive ORDER BY route.departure_airport, route.arrival_airport, expensive.amount DESC",572,2,3,2,False,True,True,3,2,8,0,1,0,0,0,1,42982.53,1921704.46,300.0,28,355024.0,2394.088,12,7,2,Incremental Sort,2,1,0,0,0,0,2,2,0,66208,504328,19944,32010,1050000.0,1000000.0,136249344,63668224,3,0.0003
prod_route_status_cube,"SELECT departure_airport, arrival_airport, status, aircraft_code, COUNT(*) AS flights, AVG(EXTRACT(EPOCH FROM (scheduled_arrival - scheduled_departure)) / 60) AS avg_minutes FROM aviation.flights WHERE scheduled_departure >= DATE '2025-01-30' - INTERVAL '60 days' AND scheduled_departure < DATE '2025-01-30' + INTERVAL '60 days' GROUP BY CUBE (departure_airport, arrival_airport, status, aircraft_code) HAVING COUNT(*) >= 2 ORDER BY flights DESC NULLS LAST LIMIT 500",466,0,2,0,True,True,False,1,1,6,3,0,0,0,0,0,4796.71,4797.96,500.0,60,15120.0,83.304,4,4,1,Limit,1,0,0,0,0,0,0,1,1,2064,0,0,0,50000.0,50000.0,6987776,2727936,2,0.01
prod_route_status_cube,"SELECT departure_airport, arrival_airport, status, aircraft_code, COUNT(*) AS flights, AVG(EXTRACT(EPOCH FROM (scheduled_arrival - scheduled_departure)) / 60) AS avg_minutes FROM aviation.flights WHERE scheduled_departure >= DATE '2025-01-30' - INTERVAL '60 days' AND scheduled_departure < DATE '2025-01-30' + INTERVAL '60 days' GROUP BY CUBE (departure_airport, arrival_airport, status, aircraft_code) HAVING COUNT(*) >= 2 ORDER BY flights DESC NULLS LAST LIMIT 500",466,0,2,0,True,True,False,1,1,6,3,0,0,0,0,0,4796.71,4797.96,500.0,60,15120.0,77.22,4,4,1,Limit,1,0,0,0,0,0,0,1,1,2064,0,0,0,50000.0,50000.0,6987776,2727936,2,0.01
prod_aircraft_turnaround,"WITH rotations AS ( SELECT flight_id, departure_airport, arrival_airport, scheduled_departure, LAG(scheduled_arrival) OVER ( PARTITION BY aircraft_code ORDER BY scheduled_departure ) AS prior_arrival FROM aviation.flights WHERE aircraft_code = 'SU9' ) SELECT departure_airport, COUNT(*) AS rotations, AVG(scheduled_departure - prior_arrival) AS avg_turnaround, MIN(scheduled_departure - prior_arrival) AS min_turnaround FROM rotations WHERE prior_arrival IS NOT NULL GROUP BY departure_airport ORDER BY min_turnaround",517,0,2,1,True,True,False,1,1,9,4,0,0,0,0,0,2233.76,2233.79,10.0,44,40102.0,23.771,6,6,1,Sort,1,0,0,0,0,0,0,2,1,3096,0,0,0,50000.0,50000.0,6987776,2727936,2,0.0002
prod_aircraft_turnaround,"WITH rotations AS ( SELECT flight_id, departure_airport, arrival_airport, scheduled_departure, LAG(scheduled_arrival) OVER ( PARTITION BY aircraft_code ORDER BY scheduled_departure ) AS prior_arrival FROM aviation.flights WHERE aircraft_code = 'SU9' ) SELECT departure_airport, COUNT(*) AS rotations, AVG(scheduled_departure - prior_arrival) AS avg_turnaround, MIN(scheduled_departure - prior_arrival) AS min_turnaround FROM rotations WHERE prior_arrival IS NOT NULL GROUP BY departure_airport ORDER BY min_turnaround",517,0,2,1,True,True,False,1,1,9,4,0,0,0,0,0,2233.76,2233.79,10.0,44,40102.0,30.44,6,6,1,Sort,1,0,0,0,0,0,0,2,1,3096,0,0,0,50000.0,50000.0,6987776,2727936,2,0.0002
prod_integrity_audit,"SELECT 'tickets_without_booking' AS check_name, COUNT(*) AS failures FROM aviation.tickets t LEFT JOIN aviation.bookings b ON b.book_ref = t.book_ref WHERE b.book_ref IS NULL UNION ALL SELECT 'segments_without_ticket', COUNT(*) FROM aviation.ticket_flights tf LEFT JOIN aviation.tickets t ON t.ticket_no = tf.ticket_no WHERE t.ticket_no IS NULL UNION ALL SELECT 'boarding_without_segment', COUNT(*) FROM aviation.boarding_passes bp LEFT JOIN aviation.ticket_flights tf ON tf.ticket_no = bp.ticket_no AND tf.flight_id = bp.flight_id WHERE tf.ticket_no IS NULL UNION ALL SELECT 'flight_without_aircraft', COUNT(*) FROM aviation.flights f LEFT JOIN aviation.aircrafts a ON a.aircraft_code = f.aircraft_code WHERE a.aircraft_code IS NULL AND f.flight_id >= 38001",758,4,5,3,False,False,False,8,6,8,4,0,4,0,0,0,54450.01,79551.44,4.0,40,5812122.0,1764.95,22,6,6,Gather,7,1,0,0,4,0,0,0,4,83699,105036,54416,60650,2600005.0,1000000.0,336601088,160481280,9,4e-06
prod_integrity_audit,"SELECT 'tickets_without_booking' AS check_name, COUNT(*) AS failures FROM aviation.tickets t LEFT JOIN aviation.bookings b ON b.book_ref = t.book_ref WHERE b.book_ref IS NULL UNION ALL SELECT 'segments_without_ticket', COUNT(*) FROM aviation.ticket_flights tf LEFT JOIN aviation.tickets t ON t.ticket_no = tf.ticket_no WHERE t.ticket_no IS NULL UNION ALL SELECT 'boarding_without_segment', COUNT(*) FROM aviation.boarding_passes bp LEFT JOIN aviation.ticket_flights tf ON tf.ticket_no = bp.ticket_no AND tf.flight_id = bp.flight_id WHERE tf.ticket_no IS NULL UNION ALL SELECT 'flight_without_aircraft', COUNT(*) FROM aviation.flights f LEFT JOIN aviation.aircrafts a ON a.aircraft_code = f.aircraft_code WHERE a.aircraft_code IS NULL AND f.flight_id >= 38001",758,4,5,3,False,False,False,8,6,8,4,0,4,0,0,0,54450.01,79551.44,4.0,40,5812122.0,1802.113,22,6,6,Gather,7,1,0,0,4,0,0,0,4,84684,104051,54416,60650,2600005.0,1000000.0,336601088,160481280,9,4e-06
prod_route_peer_comparison,"SELECT f.departure_airport, f.arrival_airport, AVG(tf.amount) AS avg_fare FROM aviation.flights f JOIN aviation.ticket_flights tf ON tf.flight_id = f.flight_id GROUP BY f.departure_airport, f.arrival_airport HAVING AVG(tf.amount) > 1.3 * ( SELECT AVG(tf2.amount) FROM aviation.flights f2 JOIN aviation.ticket_flights tf2 ON tf2.flight_id = f2.flight_id WHERE f2.departure_airport = f.departure_airport ) ORDER BY avg_fare DESC",426,2,1,1,True,True,False,4,2,4,3,2,0,0,0,0,2271376.3,2271376.39,33.0,40,3210067.0,3778.617,11,6,2,Sort,4,0,0,0,2,0,0,1,2,115924,367652,0,0,1050000.0,1000000.0,136249344,63668224,3,3.3e-05
prod_route_peer_comparison,"SELECT f.departure_airport, f.arrival_airport, AVG(tf.amount) AS avg_fare FROM aviation.flights f JOIN aviation.ticket_flights tf ON tf.flight_id = f.flight_id GROUP BY f.departure_airport, f.arrival_airport HAVING AVG(tf.amount) > 1.3 * ( SELECT AVG(tf2.amount) FROM aviation.flights f2 JOIN aviation.ticket_flights tf2 ON tf2.flight_id = f2.flight_id WHERE f2.departure_airport = f.departure_airport ) ORDER BY avg_fare DESC",426,2,1,1,True,True,False,4,2,4,3,2,0,0,0,0,2271376.3,2271376.39,33.0,40,3210067.0,3777.77,11,6,2,Sort,4,0,0,0,2,0,0,1,2,119380,364196,0,0,1050000.0,1000000.0,136249344,63668224,3,3.3e-05
prod_unsold_business_inventory,"SELECT f.flight_id, f.departure_airport, f.arrival_airport, COUNT(DISTINCT s.seat_no) AS business_capacity, COUNT(DISTINCT tf.ticket_no) AS business_sold FROM aviation.flights f JOIN aviation.seats s ON s.aircraft_code = f.aircraft_code AND s.fare_conditions = 'Business' LEFT JOIN aviation.ticket_flights tf ON tf.flight_id = f.flight_id AND tf.fare_conditions = 'Business' WHERE f.scheduled_departure >= DATE '2025-02-03' AND f.scheduled_departure < DATE '2025-02-03' + INTERVAL '7 days' GROUP BY f.flight_id HAVING COUNT(DISTINCT tf.ticket_no) < COUNT(DISTINCT s.seat_no) ORDER BY COUNT(DISTINCT s.seat_no) - COUNT(DISTINCT tf.ticket_no) DESC LIMIT 200",655,2,2,0,True,True,False,3,3,5,6,1,1,0,0,0,22135.03,22135.53,200.0,36,98959.0,150.932,12,8,3,Limit,2,1,0,0,1,0,1,2,1,17491,53757,0,0,1050900.0,1000000.0,136372224,63725568,4,0.0002
prod_unsold_business_inventory,"SELECT f.flight_id, f.departure_airport, f.arrival_airport, COUNT(DISTINCT s.seat_no) AS business_capacity, COUNT(DISTINCT tf.ticket_no) AS business_sold FROM aviation.flights f JOIN aviation.seats s ON s.aircraft_code = f.aircraft_code AND s.fare_conditions = 'Business' LEFT JOIN aviation.ticket_flights tf ON tf.flight_id = f.flight_id AND tf.fare_conditions = 'Business' WHERE f.scheduled_departure >= DATE '2025-02-03' AND f.scheduled_departure < DATE '2025-02-03' + INTERVAL '7 days' GROUP BY f.flight_id HAVING COUNT(DISTINCT tf.ticket_no) < COUNT(DISTINCT s.seat_no) ORDER BY COUNT(DISTINCT s.seat_no) - COUNT(DISTINCT tf.ticket_no) DESC LIMIT 200",655,2,2,0,True,True,False,3,3,5,6,1,1,0,0,0,22135.03,22135.53,200.0,36,98959.0,131.22,12,8,3,Limit,2,1,0,0,1,0,1,2,1,18336,52912,0,0,1050900.0,1000000.0,136372224,63725568,4,0.0002
prod_integrity_audit,"SELECT 'tickets_without_booking' AS check_name, COUNT(*) AS failures FROM aviation.tickets t LEFT JOIN aviation.bookings b ON b.book_ref = t.book_ref WHERE b.book_ref IS NULL UNION ALL SELECT 'segments_without_ticket', COUNT(*) FROM aviation.ticket_flights tf LEFT JOIN aviation.tickets t ON t.ticket_no = tf.ticket_no WHERE t.ticket_no IS NULL UNION ALL SELECT 'boarding_without_segment', COUNT(*) FROM aviation.boarding_passes bp LEFT JOIN aviation.ticket_flights tf ON tf.ticket_no = bp.ticket_no AND tf.flight_id = bp.flight_id WHERE tf.ticket_no IS NULL UNION ALL SELECT 'flight_without_aircraft', COUNT(*) FROM aviation.flights f LEFT JOIN aviation.aircrafts a ON a.aircraft_code = f.aircraft_code WHERE a.aircraft_code IS NULL AND f.flight_id >= 27001",758,4,5,3,False,False,False,8,6,8,4,0,4,0,0,0,54450.01,79551.44,4.0,40,5823184.0,1592.15,22,6,6,Gather,7,1,0,0,4,0,0,0,4,89678,99772,54416,60650,2600005.0,1000000.0,336601088,160481280,9,4e-06
prod_integrity_audit,"SELECT 'tickets_without_booking' AS check_name, COUNT(*) AS failures FROM aviation.tickets t LEFT JOIN aviation.bookings b ON b.book_ref = t.book_ref WHERE b.book_ref IS NULL UNION ALL SELECT 'segments_without_ticket', COUNT(*) FROM aviation.ticket_flights tf LEFT JOIN aviation.tickets t ON t.ticket_no = tf.ticket_no WHERE t.ticket_no IS NULL UNION ALL SELECT 'boarding_without_segment', COUNT(*) FROM aviation.boarding_passes bp LEFT JOIN aviation.ticket_flights tf ON tf.ticket_no = bp.ticket_no AND tf.flight_id = bp.flight_id WHERE tf.ticket_no IS NULL UNION ALL SELECT 'flight_without_aircraft', COUNT(*) FROM aviation.flights f LEFT JOIN aviation.aircrafts a ON a.aircraft_code = f.aircraft_code WHERE a.aircraft_code IS NULL AND f.flight_id >= 27001",758,4,5,3,False,False,False,8,6,8,4,0,4,0,0,0,54450.01,79551.44,4.0,40,5823184.0,1567.836,22,6,6,Gather,7,1,0,0,4,0,0,0,4,90651,98799,54416,60650,2600005.0,1000000.0,336601088,160481280,9,4e-06
prod_latest_booking_per_passenger,"SELECT DISTINCT ON (t.passenger_id) t.passenger_id, t.passenger_name, b.book_ref, b.book_date, b.total_amount FROM aviation.tickets t JOIN aviation.bookings b ON b.book_ref = t.book_ref WHERE t.passenger_id LIKE '31%' ORDER BY t.passenger_id, b.book_date DESC, b.book_ref DESC",276,1,1,0,False,True,True,2,2,5,0,1,0,0,0,0,12575.31,13163.6,5051.0,49,167313.0,94.117,7,6,2,Unique,2,0,0,0,1,0,0,1,0,39193,0,0,0,750000.0,500000.0,76701696,21413888,2,0.010102
prod_latest_booking_per_passenger,"SELECT DISTINCT ON (t.passenger_id) t.passenger_id, t.passenger_name, b.book_ref, b.book_date, b.total_amount FROM aviation.tickets t JOIN aviation.bookings b ON b.book_ref = t.book_ref WHERE t.passenger_id LIKE '31%' ORDER BY t.passenger_id, b.book_date DESC, b.book_ref DESC",276,1,1,0,False,True,True,2,2,5,0,1,0,0,0,0,12575.31,13163.6,5051.0,49,167313.0,100.055,7,6,2,Unique,2,0,0,0,1,0,0,1,0,39193,0,0,0,750000.0,500000.0,76701696,21413888,2,0.010102
prod_seat_heatmap,"SELECT s.seat_no, s.fare_conditions, COUNT(DISTINCT f.flight_id) AS operated_flights, COUNT(bp.ticket_no) AS occupied, COUNT(bp.ticket_no)::numeric / NULLIF(COUNT(DISTINCT f.flight_id), 0) AS utilization FROM aviation.seats s JOIN aviation.flights f ON f.aircraft_code = s.aircraft_code LEFT JOIN aviation.boarding_passes bp ON bp.flight_id = f.flight_id AND bp.seat_no = s.seat_no WHERE s.aircraft_code = 'E95' GROUP BY s.seat_no, s.fare_conditions ORDER BY utilization DESC, s.seat_no",486,2,1,0,True,True,False,3,3,5,4,1,1,0,0,0,386691.89,386692.2,121.0,59,7087424.0,8478.505,10,7,3,Sort,3,0,0,0,1,0,1,2,1,5051,33378,78824,82573,850900.0,800000.0,130727936,78168064,6,0.00015125
prod_seat_heatmap,"SELECT s.seat_no, s.fare_conditions, COUNT(DISTINCT f.flight_id) AS operated_flights, COUNT(bp.ticket_no) AS occupied, COUNT(bp.ticket_no)::numeric / NULLIF(COUNT(DISTINCT f.flight_id), 0) AS utilization FROM aviation.seats s JOIN aviation.flights f ON f.aircraft_code = s.aircraft_code LEFT JOIN aviation.boarding_passes bp ON bp.flight_id = f.flight_id AND bp.seat_no = s.seat_no WHERE s.aircraft_code = 'E95' GROUP BY s.seat_no, s.fare_conditions ORDER BY utilization DESC, s.seat_no",486,2,1,0,True,True,False,3,3,5,4,1,1,0,0,0,386691.89,386692.2,121.0,59,7087424.0,7758.159,10,7,3,Sort,3,0,0,0,1,0,1,2,1,5243,33186,78824,82573,850900.0,800000.0,130727936,78168064,6,0.00015125
prod_multi_segment_bookings,"SELECT b.book_ref, b.book_date, COUNT(DISTINCT t.ticket_no) AS passengers, COUNT(tf.flight_id) AS segments, SUM(tf.amount) AS revenue FROM aviation.bookings b JOIN aviation.tickets t ON t.book_ref = b.book_ref JOIN aviation.ticket_flights tf ON tf.ticket_no = t.ticket_no WHERE EXISTS ( SELECT 1 FROM aviation.ticket_flights x WHERE x.ticket_no = t.ticket_no GROUP BY x.ticket_no HAVING COUNT(*) >= 4 ) GROUP BY b.book_ref, b.book_date ORDER BY segments DESC, revenue DESC LIMIT 200",482,2,2,1,True,True,False,4,3,6,4,2,0,0,0,0,2395367.21,2395367.71,200.0,63,4500203.0,2305.379,13,9,3,Limit,3,0,1,0,2,0,0,2,2,13488627,47404,0,0,1750000.0,1000000.0,205963264,82354176,3,0.0002
prod_multi_segment_bookings,"SELECT b.book_ref, b.book_date, COUNT(DISTINCT t.ticket_no) AS passengers, COUNT(tf.flight_id) AS segments, SUM(tf.amount) AS revenue FROM aviation.bookings b JOIN aviation.tickets t ON t.book_ref = b.book_ref JOIN aviation.ticket_flights tf ON tf.ticket_no = t.ticket_no WHERE EXISTS ( SELECT 1 FROM aviation.ticket_flights x WHERE x.ticket_no = t.ticket_no GROUP BY x.ticket_no HAVING COUNT(*) >= 4 ) GROUP BY b.book_ref, b.book_date ORDER BY segments DESC, revenue DESC LIMIT 200",482,2,2,1,True,True,False,4,3,6,4,2,0,0,0,0,2395367.21,2395367.71,200.0,63,4500203.0,2284.818,13,9,3,Limit,3,0,1,0,2,0,0,2,2,13530585,5446,0,0,1750000.0,1000000.0,205963264,82354176,3,0.0002
prod_rolling_booking_revenue,"WITH daily AS ( SELECT book_date::date AS day, SUM(total_amount) AS revenue, COUNT(*) AS bookings FROM aviation.bookings GROUP BY book_date::date ) SELECT day, revenue, bookings, SUM(revenue) OVER (ORDER BY day ROWS BETWEEN 55 PRECEDING AND CURRENT ROW) AS rolling_revenue, AVG(bookings) OVER (ORDER BY day ROWS BETWEEN 55 PRECEDING AND CURRENT ROW) AS rolling_bookings FROM daily ORDER BY day",393,0,0,1,True,True,False,1,1,8,4,0,0,0,0,0,5555.35,5612.68,365.0,108,148884.0,113.025,6,6,1,WindowAgg,1,0,0,0,0,0,0,1,2,9590,0,0,0,250000.0,250000.0,18710528,5627904,1,0.00146
prod_rolling_booking_revenue,"WITH daily AS ( SELECT book_date::date AS day, SUM(total_amount) AS revenue, COUNT(*) AS bookings FROM aviation.bookings GROUP BY book_date::date ) SELECT day, revenue, bookings, SUM(revenue) OVER (ORDER BY day ROWS BETWEEN 55 PRECEDING AND CURRENT ROW) AS rolling_revenue, AVG(bookings) OVER (ORDER BY day ROWS BETWEEN 55 PRECEDING AND CURRENT ROW) AS rolling_bookings FROM daily ORDER BY day",393,0,0,1,True,True,False,1,1,8,4,0,0,0,0,0,5555.35,5612.68,365.0,108,148884.0,101.959,6,6,1,WindowAgg,1,0,0,0,0,0,0,1,2,9590,0,0,0,250000.0,250000.0,18710528,5627904,1,0.00146
prod_recursive_calendar_gaps,"WITH RECURSIVE calendar(day) AS ( SELECT DATE '2025-07-12' UNION ALL SELECT day + 1 FROM calendar WHERE day < DATE '2025-07-12' + 30 ), traffic AS ( SELECT scheduled_departure::date AS day, COUNT(*) AS flights FROM aviation.flights GROUP BY scheduled_departure::date ) SELECT c.day, COALESCE(t.flights, 0) AS flights, AVG(COALESCE(t.flights, 0)) OVER (ORDER BY c.day ROWS BETWEEN 6 PRECEDING AND CURRENT ROW) AS weekly_average FROM calendar c LEFT JOIN traffic t USING (day) ORDER BY c.day",489,1,1,3,True,True,False,1,1,7,2,0,1,0,0,0,1708.94,1732.69,1358.0,44,62934.0,23.848,10,5,1,WindowAgg,1,0,0,0,1,0,0,1,1,2580,0,0,0,50000.0,50000.0,6987776,2727936,2,0.02716
prod_recursive_calendar_gaps,"WITH RECURSIVE calendar(day) AS ( SELECT DATE '2025-07-12' UNION ALL SELECT day + 1 FROM calendar WHERE day < DATE '2025-07-12' + 30 ), traffic AS ( SELECT scheduled_departure::date AS day, COUNT(*) AS flights FROM aviation.flights GROUP BY scheduled_departure::date ) SELECT c.day, COALESCE(t.flights, 0) AS flights, AVG(COALESCE(t.flights, 0)) OVER (ORDER BY c.day ROWS BETWEEN 6 PRECEDING AND CURRENT ROW) AS weekly_average FROM calendar c LEFT JOIN traffic t USING (day) ORDER BY c.day",489,1,1,3,True,True,False,1,1,7,2,0,1,0,0,0,1708.94,1732.69,1358.0,44,62934.0,21.281,10,5,1,WindowAgg,1,0,0,0,1,0,0,1,1,2580,0,0,0,50000.0,50000.0,6987776,2727936,2,0.02716
prod_tickets_without_boarding,SELECT tf.ticket_no FROM aviation.ticket_flights tf WHERE tf.fare_conditions = 'Business' EXCEPT SELECT bp.ticket_no FROM aviation.boarding_passes bp ORDER BY ticket_no LIMIT 500,178,0,1,1,False,True,False,2,2,2,0,0,0,0,0,0,50838.35,50839.6,500.0,60,2672380.0,514.397,9,7,2,Limit,2,0,0,0,0,0,0,1,0,13462,80174,0,0,1800000.0,1000000.0,252878848,136323072,4,0.0005
prod_tickets_without_boarding,SELECT tf.ticket_no FROM aviation.ticket_flights tf WHERE tf.fare_conditions = 'Business' EXCEPT SELECT bp.ticket_no FROM aviation.boarding_passes bp ORDER BY ticket_no LIMIT 500,178,0,1,1,False,True,False,2,2,2,0,0,0,0,0,0,50838.35,50839.6,500.0,60,2672380.0,584.175,9,7,2,Limit,2,0,0,0,0,0,0,1,0,14326,79310,0,0,1800000.0,1000000.0,252878848,136323072,4,0.0005
prod_duplicate_passenger_summary,"SELECT passenger_id, MIN(passenger_name) AS canonical_name, COUNT(DISTINCT passenger_name) AS name_versions, COUNT(DISTINCT book_ref) AS bookings FROM aviation.tickets GROUP BY passenger_id HAVING COUNT(DISTINCT book_ref) >= 2 ORDER BY name_versions DESC, bookings DESC LIMIT 200",279,0,0,0,True,True,False,1,1,4,4,0,0,0,0,0,90852.65,90853.15,200.0,60,1333534.0,1844.136,5,5,1,Limit,1,0,0,0,0,0,0,2,1,21350,4380,11216,11252,500000.0,500000.0,57991168,15785984,1,0.0004
prod_duplicate_passenger_summary,"SELECT passenger_id, MIN(passenger_name) AS canonical_name, COUNT(DISTINCT passenger_name) AS name_versions, COUNT(DISTINCT book_ref) AS bookings FROM aviation.tickets GROUP BY passenger_id HAVING COUNT(DISTINCT book_ref) >= 2 ORDER BY name_versions DESC, bookings DESC LIMIT 200",279,0,0,0,True,True,False,1,1,4,4,0,0,0,0,0,90852.65,90853.15,200.0,60,1333534.0,1654.125,5,5,1,Limit,1,0,0,0,0,0,0,2,1,21510,4220,11216,11252,500000.0,500000.0,57991168,15785984,1,0.0004
prod_network_two_hop,"WITH RECURSIVE network(origin, destination, depth, path) AS ( SELECT departure_airport, arrival_airport, 1, ARRAY[departure_airport::text, arrival_airport::text] FROM aviation.flights WHERE departure_airport = 'LED' UNION SELECT n.origin, f.arrival_airport, n.depth + 1, n.path || f.arrival_airport FROM network n JOIN aviation.flights f ON f.departure_airport = n.destination WHERE n.depth < 2 AND NOT f.arrival_airport = ANY(n.path) ) SELECT destination, MIN(depth) AS hops, COUNT(*) AS alternatives FROM network GROUP BY destination ORDER BY hops, alternatives DESC",568,1,3,2,True,True,False,2,1,11,2,1,0,0,0,0,3044583.33,3044583.83,200.0,28,81653840.0,550.618,10,5,1,Sort,2,0,0,0,0,1,0,3,1,6192,0,0,0,50000.0,50000.0,6987776,2727936,2,0.004
prod_network_two_hop,"WITH RECURSIVE network(origin, destination, depth, path) AS ( SELECT departure_airport, arrival_airport, 1, ARRAY[departure_airport::text, arrival_airport::text] FROM aviation.flights WHERE departure_airport = 'LED' UNION SELECT n.origin, f.arrival_airport, n.depth + 1, n.path || f.arrival_airport FROM network n JOIN aviation.flights f ON f.departure_airport = n.destination WHERE n.depth < 2 AND NOT f.arrival_airport = ANY(n.path) ) SELECT destination, MIN(depth) AS hops, COUNT(*) AS alternatives FROM network GROUP BY destination ORDER BY hops, alternatives DESC",568,1,3,2,True,True,False,2,1,11,2,1,0,0,0,0,3044583.33,3044583.83,200.0,28,81653840.0,439.498,10,5,1,Sort,2,0,0,0,0,1,0,3,1,6192,0,0,0,50000.0,50000.0,6987776,2727936,2,0.004
prod_route_top_passengers,"SELECT r.arrival_airport, p.passenger_id, p.route_revenue FROM (SELECT DISTINCT arrival_airport FROM aviation.flights WHERE departure_airport = 'GME') r CROSS JOIN LATERAL ( SELECT t.passenger_id, SUM(tf.amount) AS route_revenue FROM aviation.flights f JOIN aviation.ticket_flights tf ON tf.flight_id = f.flight_id JOIN aviation.tickets t ON t.ticket_no = tf.ticket_no WHERE f.departure_airport = 'GME' AND f.arrival_airport = r.arrival_airport GROUP BY t.passenger_id ORDER BY route_revenue DESC LIMIT 5 ) p ORDER BY r.arrival_airport, p.route_revenue DESC",557,3,3,2,True,True,True,4,3,6,1,2,0,0,0,1,52998.78,272814.24,50.0,48,1049898.0,934.251,14,9,3,Incremental Sort,3,1,0,0,1,0,2,2,1,2785092,88804,2435,4200,1550000.0,1000000.0,194240512,79454208,4,5e-05
prod_route_top_passengers,"SELECT r.arrival_airport, p.passenger_id, p.route_revenue FROM (SELECT DISTINCT arrival_airport FROM aviation.flights WHERE departure_airport = 'GME') r CROSS JOIN LATERAL ( SELECT t.passenger_id, SUM(tf.amount) AS route_revenue FROM aviation.flights f JOIN aviation.ticket_flights tf ON tf.flight_id = f.flight_id JOIN aviation.tickets t ON t.ticket_no = tf.ticket_no WHERE f.departure_airport = 'GME' AND f.arrival_airport = r.arrival_airport GROUP BY t.passenger_id ORDER BY route_revenue DESC LIMIT 5 ) p ORDER BY r.arrival_airport, p.route_revenue DESC",557,3,3,2,True,True,True,4,3,6,1,2,0,0,0,1,52998.78,272814.24,50.0,48,1049898.0,963.019,14,9,3,Incremental Sort,3,1,0,0,1,0,2,2,1,2807480,66416,2435,4200,1550000.0,1000000.0,194240512,79454208,4,5e-05
prod_route_top_n_per_month,"WITH monthly_routes AS ( SELECT date_trunc('month', f.scheduled_departure) AS month_start, f.departure_airport, f.arrival_airport, COUNT(*) AS tickets, SUM(tf.amount) AS revenue FROM aviation.flights f JOIN aviation.ticket_flights tf ON tf.flight_id = f.flight_id GROUP BY date_trunc('month', f.scheduled_departure), f.departure_airport, f.arrival_airport ), ranked AS ( SELECT *, ROW_NUMBER() OVER (PARTITION BY month_start, departure_airport ORDER BY revenue DESC) AS position FROM monthly_routes ) SELECT * FROM ranked WHERE position <= 3 ORDER BY month_start, departure_airport, position",591,1,1,2,True,True,False,2,2,8,2,1,0,0,0,0,25338.16,25807.54,8763.0,64,1003438.0,724.028,11,10,2,Incremental Sort,2,0,0,0,1,0,0,1,2,16200,74510,0,0,1050000.0,1000000.0,136249344,63668224,3,0.008763
prod_route_top_n_per_month,"WITH monthly_routes AS ( SELECT date_trunc('month', f.scheduled_departure) AS month_start, f.departure_airport, f.arrival_airport, COUNT(*) AS tickets, SUM(tf.amount) AS revenue FROM aviation.flights f JOIN aviation.ticket_flights tf ON tf.flight_id = f.flight_id GROUP BY date_trunc('month', f.scheduled_departure), f.departure_airport, f.arrival_airport ), ranked AS ( SELECT *, ROW_NUMBER() OVER (PARTITION BY month_start, departure_airport ORDER BY revenue DESC) AS position FROM monthly_routes ) SELECT * FROM ranked WHERE position <= 3 ORDER BY month_start, departure_airport, position",591,1,1,2,True,True,False,2,2,8,2,1,0,0,0,0,25338.16,25807.54,8763.0,64,1003438.0,593.796,11,10,2,Incremental Sort,2,0,0,0,1,0,0,1,2,17144,73566,0,0,1050000.0,1000000.0,136249344,63668224,3,0.008763
prod_load_factor_percentile,"WITH capacity AS ( SELECT aircraft_code, COUNT(*) AS seats FROM aviation.seats GROUP BY aircraft_code ), loads AS ( SELECT f.flight_id, f.arrival_airport, COUNT(tf.ticket_no)::numeric / c.seats AS load_factor FROM aviation.flights f JOIN capacity c ON c.aircraft_code = f.aircraft_code LEFT JOIN aviation.ticket_flights tf ON tf.flight_id = f.flight_id WHERE f.departure_airport = 'VTB' GROUP BY f.flight_id, f.arrival_airport, c.seats ) SELECT *, PERCENT_RANK() OVER (PARTITION BY arrival_airport ORDER BY load_factor) AS route_percentile FROM loads ORDER BY route_percentile DESC, load_factor DESC LIMIT 200",609,2,1,2,True,True,False,3,3,7,3,1,1,0,0,0,27586.37,27586.87,200.0,48,1340671.0,348.85,15,11,3,Limit,3,0,0,0,2,0,0,2,2,7464,72757,0,0,1050900.0,1000000.0,136372224,63725568,4,0.0002
prod_load_factor_percentile,"WITH capacity AS ( SELECT aircraft_code, COUNT(*) AS seats FROM aviation.seats GROUP BY aircraft_code ), loads AS ( SELECT f.flight_id, f.arrival_airport, COUNT(tf.ticket_no)::numeric / c.seats AS load_factor FROM aviation.flights f JOIN capacity c ON c.aircraft_code = f.aircraft_code LEFT JOIN aviation.ticket_flights tf ON tf.flight_id = f.flight_id WHERE f.departure_airport = 'VTB' GROUP BY f.flight_id, f.arrival_airport, c.seats ) SELECT *, PERCENT_RANK() OVER (PARTITION BY arrival_airport ORDER BY load_factor) AS route_percentile FROM loads ORDER BY route_percentile DESC, load_factor DESC LIMIT 200",609,2,1,2,True,True,False,3,3,7,3,1,1,0,0,0,27586.37,27586.87,200.0,48,1340671.0,323.084,15,11,3,Limit,3,0,0,0,2,0,0,2,2,7807,72414,0,0,1050900.0,1000000.0,136372224,63725568,4,0.0002
prod_booking_funnel,"WITH cohort AS ( SELECT book_ref FROM aviation.bookings WHERE book_date >= DATE '2024-10-06' AND book_date < DATE '2024-10-06' + INTERVAL '30 days' ), ticketed AS ( SELECT c.book_ref, COUNT(DISTINCT t.ticket_no) AS tickets FROM cohort c LEFT JOIN aviation.tickets t ON t.book_ref = c.book_ref GROUP BY c.book_ref ), segmented AS ( SELECT x.book_ref, x.tickets, COUNT(tf.flight_id) AS segments, COUNT(bp.ticket_no) AS boarded FROM ticketed x LEFT JOIN aviation.tickets t ON t.book_ref = x.book_ref LEFT JOIN aviation.ticket_flights tf ON tf.ticket_no = t.ticket_no LEFT JOIN aviation.boarding_passes bp ON bp.ticket_no = tf.ticket_no AND bp.flight_id = tf.flight_id GROUP BY x.book_ref, x.tickets ) SELECT COUNT(*) AS bookings, COUNT(*) FILTER (WHERE tickets > 0) AS with_tickets, COUNT(*) FILTER (WHERE segments > 0) AS with_segments, COUNT(*) FILTER (WHERE boarded > 0) AS with_boarding FROM segmented",902,4,5,3,True,False,False,5,4,11,7,0,4,0,0,0,75796.95,75796.96,1.0,32,1940717.0,887.07,17,13,4,Aggregate,4,0,1,0,3,0,1,1,3,859317,24302,0,0,2550000.0,1000000.0,329580544,157736960,6,1e-06
prod_booking_funnel,"WITH cohort AS ( SELECT book_ref FROM aviation.bookings WHERE book_date >= DATE '2024-10-06' AND book_date < DATE '2024-10-06' + INTERVAL '30 days' ), ticketed AS ( SELECT c.book_ref, COUNT(DISTINCT t.ticket_no) AS tickets FROM cohort c LEFT JOIN aviation.tickets t ON t.book_ref = c.book_ref GROUP BY c.book_ref ), segmented AS ( SELECT x.book_ref, x.tickets, COUNT(tf.flight_id) AS segments, COUNT(bp.ticket_no) AS boarded FROM ticketed x LEFT JOIN aviation.tickets t ON t.book_ref = x.book_ref LEFT JOIN aviation.ticket_flights tf ON tf.ticket_no = t.ticket_no LEFT JOIN aviation.boarding_passes bp ON bp.ticket_no = tf.ticket_no AND bp.flight_id = tf.flight_id GROUP BY x.book_ref, x.tickets ) SELECT COUNT(*) AS bookings, COUNT(*) FILTER (WHERE tickets > 0) AS with_tickets, COUNT(*) FILTER (WHERE segments > 0) AS with_segments, COUNT(*) FILTER (WHERE boarded > 0) AS with_boarding FROM segmented",902,4,5,3,True,False,False,5,4,11,7,0,4,0,0,0,75796.95,75796.96,1.0,32,1940717.0,958.711,17,13,4,Aggregate,4,0,1,0,3,0,1,1,3,860215,23404,0,0,2550000.0,1000000.0,329580544,157736960,6,1e-06
prod_booking_cohort_retention,"WITH first_booking AS ( SELECT t.passenger_id, MIN(date_trunc('month', b.book_date)) AS cohort_month FROM aviation.tickets t JOIN aviation.bookings b ON b.book_ref = t.book_ref GROUP BY t.passenger_id ), activity AS ( SELECT DISTINCT t.passenger_id, date_trunc('month', b.book_date) AS activity_month FROM aviation.tickets t JOIN aviation.bookings b ON b.book_ref = t.book_ref JOIN aviation.ticket_flights tf ON tf.ticket_no = t.ticket_no WHERE tf.fare_conditions = 'Economy' ) SELECT f.cohort_month, EXTRACT(YEAR FROM age(a.activity_month, f.cohort_month)) * 12 + EXTRACT(MONTH FROM age(a.activity_month, f.cohort_month)) AS month_number, COUNT(DISTINCT a.passenger_id) AS retained_passengers FROM first_booking f JOIN activity a ON a.passenger_id = f.passenger_id GROUP BY f.cohort_month, month_number ORDER BY f.cohort_month, month_number",841,4,1,2,True,True,True,5,3,7,2,4,0,0,0,0,621613268.57,641899268.57,40000.0,48,4065597000.0,7221.671,19,9,3,Aggregate,5,0,0,0,4,0,0,1,3,117123,64112,114488,154255,1750000.0,1000000.0,205963264,82354176,3,0.04
prod_booking_cohort_retention,"WITH first_booking AS ( SELECT t.passenger_id, MIN(date_trunc('month', b.book_date)) AS cohort_month FROM aviation.tickets t JOIN aviation.bookings b ON b.book_ref = t.book_ref GROUP BY t.passenger_id ), activity AS ( SELECT DISTINCT t.passenger_id, date_trunc('month', b.book_date) AS activity_month FROM aviation.tickets t JOIN aviation.bookings b ON b.book_ref = t.book_ref JOIN aviation.ticket_flights tf ON tf.ticket_no = t.ticket_no WHERE tf.fare_conditions = 'Economy' ) SELECT f.cohort_month, EXTRACT(YEAR FROM age(a.activity_month, f.cohort_month)) * 12 + EXTRACT(MONTH FROM age(a.activity_month, f.cohort_month)) AS month_number, COUNT(DISTINCT a.passenger_id) AS retained_passengers FROM first_booking f JOIN activity a ON a.passenger_id = f.passenger_id GROUP BY f.cohort_month, month_number ORDER BY f.cohort_month, month_number",841,4,1,2,True,True,True,5,3,7,2,4,0,0,0,0,621613268.57,641899268.57,40000.0,48,4065597000.0,7464.496,19,9,3,Aggregate,5,0,0,0,4,0,0,1,3,117379,63856,114488,154255,1750000.0,1000000.0,205963264,82354176,3,0.04
prod_aircraft_turnaround,"WITH rotations AS ( SELECT flight_id, departure_airport, arrival_airport, scheduled_departure, LAG(scheduled_arrival) OVER ( PARTITION BY aircraft_code ORDER BY scheduled_departure ) AS prior_arrival FROM aviation.flights WHERE aircraft_code = '738' ) SELECT departure_airport, COUNT(*) AS rotations, AVG(scheduled_departure - prior_arrival) AS avg_turnaround, MIN(scheduled_departure - prior_arrival) AS min_turnaround FROM rotations WHERE prior_arrival IS NOT NULL GROUP BY departure_airport ORDER BY min_turnaround",517,0,2,1,True,True,False,1,1,9,4,0,0,0,0,0,2239.45,2239.48,10.0,44,40298.0,23.052,6,6,1,Sort,1,0,0,0,0,0,0,2,1,3096,0,0,0,50000.0,50000.0,6987776,2727936,2,0.0002
prod_aircraft_turnaround,"WITH rotations AS ( SELECT flight_id, departure_airport, arrival_airport, scheduled_departure, LAG(scheduled_arrival) OVER ( PARTITION BY aircraft_code ORDER BY scheduled_departure ) AS prior_arrival FROM aviation.flights WHERE aircraft_code = '738' ) SELECT departure_airport, COUNT(*) AS rotations, AVG(scheduled_departure - prior_arrival) AS avg_turnaround, MIN(scheduled_departure - prior_arrival) AS min_turnaround FROM rotations WHERE prior_arrival IS NOT NULL GROUP BY departure_airport ORDER BY min_turnaround",517,0,2,1,True,True,False,1,1,9,4,0,0,0,0,0,2239.45,2239.48,10.0,44,40298.0,24.422,6,6,1,Sort,1,0,0,0,0,0,0,2,1,3096,0,0,0,50000.0,50000.0,6987776,2727936,2,0.0002
prod_airport_hourly_pressure,"WITH hourly AS ( SELECT date_trunc('hour', scheduled_departure) AS hour_start, COUNT(*) AS departures FROM aviation.flights WHERE departure_airport = 'GME' AND scheduled_departure >= DATE '2025-07-31' - INTERVAL '14 days' AND scheduled_departure < DATE '2025-07-31' + INTERVAL '14 days' GROUP BY date_trunc('hour', scheduled_departure) ) SELECT hour_start, departures, SUM(departures) OVER (ORDER BY hour_start ROWS BETWEEN 3 PRECEDING AND 3 FOLLOWING) AS seven_hour_pressure, CUME_DIST() OVER (ORDER BY departures) AS pressure_percentile FROM hourly ORDER BY seven_hour_pressure DESC LIMIT 100",594,0,3,1,True,True,False,1,1,6,3,0,0,0,0,0,1456.52,1456.77,100.0,56,2675.0,9.143,8,8,1,Limit,1,0,0,0,0,0,0,3,1,4128,0,0,0,50000.0,50000.0,6987776,2727936,2,0.002
prod_airport_hourly_pressure,"WITH hourly AS ( SELECT date_trunc('hour', scheduled_departure) AS hour_start, COUNT(*) AS departures FROM aviation.flights WHERE departure_airport = 'GME' AND scheduled_departure >= DATE '2025-07-31' - INTERVAL '14 days' AND scheduled_departure < DATE '2025-07-31' + INTERVAL '14 days' GROUP BY date_trunc('hour', scheduled_departure) ) SELECT hour_start, departures, SUM(departures) OVER (ORDER BY hour_start ROWS BETWEEN 3 PRECEDING AND 3 FOLLOWING) AS seven_hour_pressure, CUME_DIST() OVER (ORDER BY departures) AS pressure_percentile FROM hourly ORDER BY seven_hour_pressure DESC LIMIT 100",594,0,3,1,True,True,False,1,1,6,3,0,0,0,0,0,1456.52,1456.77,100.0,56,2675.0,8.769,8,8,1,Limit,1,0,0,0,0,0,0,3,1,4128,0,0,0,50000.0,50000.0,6987776,2727936,2,0.002
prod_passenger_itinerary_gaps,"WITH itinerary AS ( SELECT t.passenger_id, f.flight_id, f.departure_airport, f.arrival_airport, f.scheduled_departure, f.scheduled_arrival, LAG(f.scheduled_arrival) OVER ( PARTITION BY t.passenger_id ORDER BY f.scheduled_departure ) AS previous_arrival FROM aviation.tickets t JOIN aviation.ticket_flights tf ON tf.ticket_no = t.ticket_no JOIN aviation.flights f ON f.flight_id = tf.flight_id ) SELECT * FROM itinerary WHERE scheduled_departure - previous_arrival < INTERVAL '8 hours' ORDER BY scheduled_departure - previous_arrival LIMIT 200",542,2,1,1,False,True,False,3,3,8,1,2,0,0,0,0,249391.83,249392.33,200.0,64,4850200.0,2827.795,13,10,3,Limit,3,0,0,0,2,0,0,2,0,69988,71562,101562,104656,1550000.0,1000000.0,194240512,79454208,4,0.0002
prod_passenger_itinerary_gaps,"WITH itinerary AS ( SELECT t.passenger_id, f.flight_id, f.departure_airport, f.arrival_airport, f.scheduled_departure, f.scheduled_arrival, LAG(f.scheduled_arrival) OVER ( PARTITION BY t.passenger_id ORDER BY f.scheduled_departure ) AS previous_arrival FROM aviation.tickets t JOIN aviation.ticket_flights tf ON tf.ticket_no = t.ticket_no JOIN aviation.flights f ON f.flight_id = tf.flight_id ) SELECT * FROM itinerary WHERE scheduled_departure - previous_arrival < INTERVAL '8 hours' ORDER BY scheduled_departure - previous_arrival LIMIT 200",542,2,1,1,False,True,False,3,3,8,1,2,0,0,0,0,249391.83,249392.33,200.0,64,4850200.0,2786.906,13,10,3,Limit,3,0,0,0,2,0,0,2,0,70864,70686,101586,104864,1550000.0,1000000.0,194240512,79454208,4,0.0002
prod_customer_value_deciles,"WITH passenger_value AS ( SELECT t.passenger_id, COUNT(DISTINCT t.ticket_no) AS tickets, SUM(tf.amount) AS revenue FROM aviation.tickets t JOIN aviation.ticket_flights tf ON tf.ticket_no = t.ticket_no GROUP BY t.passenger_id HAVING COUNT(DISTINCT t.ticket_no) >= 5 ), scored AS ( SELECT *, NTILE(10) OVER (ORDER BY revenue DESC) AS value_decile FROM passenger_value ) SELECT value_decile, COUNT(*) AS passengers, AVG(revenue) AS avg_revenue FROM scored GROUP BY value_decile ORDER BY value_decile",496,1,0,2,True,True,False,2,2,8,6,1,0,0,0,0,222950.56,222951.06,200.0,44,4667068.0,4478.337,11,10,2,Sort,2,0,0,0,1,0,0,3,2,56644,69822,128186,130774,1500000.0,1000000.0,187252736,76726272,2,0.0002
prod_customer_value_deciles,"WITH passenger_value AS ( SELECT t.passenger_id, COUNT(DISTINCT t.ticket_no) AS tickets, SUM(tf.amount) AS revenue FROM aviation.tickets t JOIN aviation.ticket_flights tf ON tf.ticket_no = t.ticket_no GROUP BY t.passenger_id HAVING COUNT(DISTINCT t.ticket_no) >= 5 ), scored AS ( SELECT *, NTILE(10) OVER (ORDER BY revenue DESC) AS value_decile FROM passenger_value ) SELECT value_decile, COUNT(*) AS passengers, AVG(revenue) AS avg_revenue FROM scored GROUP BY value_decile ORDER BY value_decile",496,1,0,2,True,True,False,2,2,8,6,1,0,0,0,0,222950.56,222951.06,200.0,44,4667068.0,3833.218,11,10,2,Sort,2,0,0,0,1,0,0,3,2,56932,69534,128186,130774,1500000.0,1000000.0,187252736,76726272,2,0.0002
prod_passenger_no_show_streak,"WITH attendance AS ( SELECT t.passenger_id, f.scheduled_departure, CASE WHEN bp.ticket_no IS NULL THEN 1 ELSE 0 END AS no_show FROM aviation.tickets t JOIN aviation.ticket_flights tf ON tf.ticket_no = t.ticket_no JOIN aviation.flights f ON f.flight_id = tf.flight_id LEFT JOIN aviation.boarding_passes bp ON bp.ticket_no = tf.ticket_no AND bp.flight_id = tf.flight_id ), runs AS ( SELECT *, SUM(CASE WHEN no_show = 0 THEN 1 ELSE 0 END) OVER (PARTITION BY passenger_id ORDER BY scheduled_departure) AS run_id FROM attendance ) SELECT passenger_id, run_id, COUNT(*) AS consecutive_no_shows FROM runs WHERE no_show = 1 GROUP BY passenger_id, run_id HAVING COUNT(*) >= 4 ORDER BY consecutive_no_shows DESC LIMIT 200",711,3,1,2,True,True,False,4,4,8,3,2,1,0,0,0,260558.96,260559.46,200.0,28,5280201.0,4101.814,18,13,4,Limit,4,0,0,0,3,0,0,2,1,93874,162156,223227,230828,2350000.0,1000000.0,317857792,154836992,7,0.0002
prod_passenger_no_show_streak,"WITH attendance AS ( SELECT t.passenger_id, f.scheduled_departure, CASE WHEN bp.ticket_no IS NULL THEN 1 ELSE 0 END AS no_show FROM aviation.tickets t JOIN aviation.ticket_flights tf ON tf.ticket_no = t.ticket_no JOIN aviation.flights f ON f.flight_id = tf.flight_id LEFT JOIN aviation.boarding_passes bp ON bp.ticket_no = tf.ticket_no AND bp.flight_id = tf.flight_id ), runs AS ( SELECT *, SUM(CASE WHEN no_show = 0 THEN 1 ELSE 0 END) OVER (PARTITION BY passenger_id ORDER BY scheduled_departure) AS run_id FROM attendance ) SELECT passenger_id, run_id, COUNT(*) AS consecutive_no_shows FROM runs WHERE no_show = 1 GROUP BY passenger_id, run_id HAVING COUNT(*) >= 4 ORDER BY consecutive_no_shows DESC LIMIT 200",711,3,1,2,True,True,False,4,4,8,3,2,1,0,0,0,260558.96,260559.46,200.0,28,5280201.0,4561.378,18,13,4,Limit,4,0,0,0,3,0,0,2,1,96178,159852,223267,230784,2350000.0,1000000.0,317857792,154836992,7,0.0002
prod_revenue_iqr_outliers,"WITH route_stats AS ( SELECT f.departure_airport, f.arrival_airport, percentile_cont(0.25) WITHIN GROUP (ORDER BY tf.amount) AS q1, percentile_cont(0.75) WITHIN GROUP (ORDER BY tf.amount) AS q3 FROM aviation.flights f JOIN aviation.ticket_flights tf ON tf.flight_id = f.flight_id WHERE tf.fare_conditions = 'Comfort' GROUP BY f.departure_airport, f.arrival_airport ) SELECT f.flight_id, tf.ticket_no, tf.amount, s.q1, s.q3 FROM aviation.ticket_flights tf JOIN aviation.flights f ON f.flight_id = tf.flight_id JOIN route_stats s USING (departure_airport, arrival_airport) WHERE tf.fare_conditions = 'Comfort' AND (tf.amount < s.q1 - 1.5 * (s.q3 - s.q1) OR tf.amount > s.q3 + 1.5 * (s.q3 - s.q1)) ORDER BY tf.amount DESC LIMIT 200",728,3,3,1,True,True,False,4,2,9,2,3,0,0,0,0,55352.45,55375.79,200.0,40,730649.0,842.333,16,11,2,Limit,4,0,0,0,3,0,0,2,1,61095,267469,9936,9960,1050000.0,1000000.0,136249344,63668224,3,0.0002
prod_revenue_iqr_outliers,"WITH route_stats AS ( SELECT f.departure_airport, f.arrival_airport, percentile_cont(0.25) WITHIN GROUP (ORDER BY tf.amount) AS q1, percentile_cont(0.75) WITHIN GROUP (ORDER BY tf.amount) AS q3 FROM aviation.flights f JOIN aviation.ticket_flights tf ON tf.flight_id = f.flight_id WHERE tf.fare_conditions = 'Comfort' GROUP BY f.departure_airport, f.arrival_airport ) SELECT f.flight_id, tf.ticket_no, tf.amount, s.q1, s.q3 FROM aviation.ticket_flights tf JOIN aviation.flights f ON f.flight_id = tf.flight_id JOIN route_stats s USING (departure_airport, arrival_airport) WHERE tf.fare_conditions = 'Comfort' AND (tf.amount < s.q1 - 1.5 * (s.q3 - s.q1) OR tf.amount > s.q3 + 1.5 * (s.q3 - s.q1)) ORDER BY tf.amount DESC LIMIT 200",728,3,3,1,True,True,False,4,2,9,2,3,0,0,0,0,55352.45,55375.79,200.0,40,730649.0,844.479,16,11,2,Limit,4,0,0,0,3,0,0,2,1,95586,232978,9936,9960,1050000.0,1000000.0,136249344,63668224,3,0.0002
prod_route_concentration,"WITH route_counts AS ( SELECT departure_airport, arrival_airport, COUNT(*)::numeric AS flights FROM aviation.flights WHERE status = 'Arrived' GROUP BY departure_airport, arrival_airport ), shares AS ( SELECT *, flights / SUM(flights) OVER (PARTITION BY departure_airport) AS share FROM route_counts ) SELECT departure_airport, SUM(share * share) AS hhi, COUNT(*) AS served_destinations FROM shares GROUP BY departure_airport ORDER BY hhi DESC",442,0,1,2,True,True,False,1,1,8,4,0,0,0,0,0,1249.82,1250.07,100.0,44,13223.0,11.197,7,7,1,Sort,1,0,0,0,0,0,0,2,2,3612,0,0,0,50000.0,50000.0,6987776,2727936,2,0.002
prod_route_concentration,"WITH route_counts AS ( SELECT departure_airport, arrival_airport, COUNT(*)::numeric AS flights FROM aviation.flights WHERE status = 'Arrived' GROUP BY departure_airport, arrival_airport ), shares AS ( SELECT *, flights / SUM(flights) OVER (PARTITION BY departure_airport) AS share FROM route_counts ) SELECT departure_airport, SUM(share * share) AS hhi, COUNT(*) AS served_destinations FROM shares GROUP BY departure_airport ORDER BY hhi DESC",442,0,1,2,True,True,False,1,1,8,4,0,0,0,0,0,1249.82,1250.07,100.0,44,13223.0,11.758,7,7,1,Sort,1,0,0,0,0,0,0,2,2,3612,0,0,0,50000.0,50000.0,6987776,2727936,2,0.002
prod_route_peer_comparison,"SELECT f.departure_airport, f.arrival_airport, AVG(tf.amount) AS avg_fare FROM aviation.flights f JOIN aviation.ticket_flights tf ON tf.flight_id = f.flight_id GROUP BY f.departure_airport, f.arrival_airport HAVING AVG(tf.amount) > 1.1 * ( SELECT AVG(tf2.amount) FROM aviation.flights f2 JOIN aviation.ticket_flights tf2 ON tf2.flight_id = f2.flight_id WHERE f2.departure_airport = f.departure_airport ) ORDER BY avg_fare DESC",426,2,1,1,True,True,False,4,2,4,3,2,0,0,0,0,2271376.3,2271376.39,33.0,40,3210067.0,4020.627,11,6,2,Sort,4,0,0,0,2,0,0,1,2,110578,372998,0,0,1050000.0,1000000.0,136249344,63668224,3,3.3e-05
prod_route_peer_comparison,"SELECT f.departure_airport, f.arrival_airport, AVG(tf.amount) AS avg_fare FROM aviation.flights f JOIN aviation.ticket_flights tf ON tf.flight_id = f.flight_id GROUP BY f.departure_airport, f.arrival_airport HAVING AVG(tf.amount) > 1.1 * ( SELECT AVG(tf2.amount) FROM aviation.flights f2 JOIN aviation.ticket_flights tf2 ON tf2.flight_id = f2.flight_id WHERE f2.departure_airport = f.departure_airport ) ORDER BY avg_fare DESC",426,2,1,1,True,True,False,4,2,4,3,2,0,0,0,0,2271376.3,2271376.39,33.0,40,3210067.0,3497.505,11,6,2,Sort,4,0,0,0,2,0,0,1,2,114034,369542,0,0,1050000.0,1000000.0,136249344,63668224,3,3.3e-05
prod_aircraft_duration_fit,"SELECT a.aircraft_code, a.model, f.departure_airport, f.arrival_airport, COUNT(*) AS flights, AVG(EXTRACT(EPOCH FROM (f.scheduled_arrival - f.scheduled_departure)) / 3600) AS avg_hours FROM aviation.aircrafts a JOIN aviation.flights f ON f.aircraft_code = a.aircraft_code GROUP BY a.aircraft_code, a.model, f.departure_airport, f.arrival_airport, a.range_km HAVING AVG(EXTRACT(EPOCH FROM (f.scheduled_arrival - f.scheduled_departure)) / 3600) * 800 > a.range_km * 0.8 ORDER BY avg_hours DESC",491,1,0,0,True,True,False,2,2,6,3,1,0,0,0,0,2277.03,2277.45,167.0,71,100344.0,55.067,6,5,2,Sort,2,0,0,0,1,0,0,1,1,2069,0,0,0,50005.0,50000.0,7020544,2744320,3,0.00334
prod_aircraft_duration_fit,"SELECT a.aircraft_code, a.model, f.departure_airport, f.arrival_airport, COUNT(*) AS flights, AVG(EXTRACT(EPOCH FROM (f.scheduled_arrival - f.scheduled_departure)) / 3600) AS avg_hours FROM aviation.aircrafts a JOIN aviation.flights f ON f.aircraft_code = a.aircraft_code GROUP BY a.aircraft_code, a.model, f.departure_airport, f.arrival_airport, a.range_km HAVING AVG(EXTRACT(EPOCH FROM (f.scheduled_arrival - f.scheduled_departure)) / 3600) * 800 > a.range_km * 0.8 ORDER BY avg_hours DESC",491,1,0,0,True,True,False,2,2,6,3,1,0,0,0,0,2277.03,2277.45,167.0,71,100344.0,74.284,6,5,2,Sort,2,0,0,0,1,0,0,1,1,2069,0,0,0,50005.0,50000.0,7020544,2744320,3,0.00334
prod_materialized_route_comparison,"WITH route_sales AS MATERIALIZED ( SELECT f.departure_airport, f.arrival_airport, COUNT(*) AS tickets, SUM(tf.amount) AS revenue FROM aviation.flights f JOIN aviation.ticket_flights tf ON tf.flight_id = f.flight_id GROUP BY f.departure_airport, f.arrival_airport ) SELECT current.arrival_airport, current.tickets, current.revenue, AVG(peer.revenue) AS peer_average FROM route_sales current JOIN route_sales peer ON peer.departure_airport <> current.departure_airport AND peer.arrival_airport = current.arrival_airport WHERE current.departure_airport = 'TBS' GROUP BY current.arrival_airport, current.tickets, current.revenue ORDER BY current.revenue - AVG(peer.revenue) DESC",674,2,1,1,True,True,False,2,2,8,4,2,0,0,0,0,20438.56,20438.56,1.0,120,933940.0,410.639,15,8,2,Sort,2,0,0,0,2,0,0,3,3,27611,57087,0,0,1050000.0,1000000.0,136249344,63668224,3,1e-06
prod_materialized_route_comparison,"WITH route_sales AS MATERIALIZED ( SELECT f.departure_airport, f.arrival_airport, COUNT(*) AS tickets, SUM(tf.amount) AS revenue FROM aviation.flights f JOIN aviation.ticket_flights tf ON tf.flight_id = f.flight_id GROUP BY f.departure_airport, f.arrival_airport ) SELECT current.arrival_airport, current.tickets, current.revenue, AVG(peer.revenue) AS peer_average FROM route_sales current JOIN route_sales peer ON peer.departure_airport <> current.departure_airport AND peer.arrival_airport = current.arrival_airport WHERE current.departure_airport = 'TBS' GROUP BY current.arrival_airport, current.tickets, current.revenue ORDER BY current.revenue - AVG(peer.revenue) DESC",674,2,1,1,True,True,False,2,2,8,4,2,0,0,0,0,20438.56,20438.56,1.0,120,933940.0,498.661,15,8,2,Sort,2,0,0,0,2,0,0,3,3,28311,56351,0,0,1050000.0,1000000.0,136249344,63668224,3,1e-06
prod_lateral_top_fares,"SELECT route.departure_airport, route.arrival_airport, expensive.ticket_no, expensive.amount FROM (SELECT DISTINCT departure_airport, arrival_airport FROM aviation.flights) route CROSS JOIN LATERAL ( SELECT tf.ticket_no, tf.amount FROM aviation.flights f JOIN aviation.ticket_flights tf ON tf.flight_id = f.flight_id WHERE f.departure_airport = route.departure_airport AND f.arrival_airport = route.arrival_airport AND tf.fare_conditions = 'Comfort' ORDER BY tf.amount DESC LIMIT 3 ) expensive ORDER BY route.departure_airport, route.arrival_airport, expensive.amount DESC",572,2,3,2,False,True,True,3,2,8,0,1,0,0,0,1,42982.53,1921704.46,300.0,28,355024.0,2118.036,12,7,2,Incremental Sort,2,1,0,0,0,0,2,2,0,112092,459880,20178,32268,1050000.0,1000000.0,136249344,63668224,3,0.0003
prod_lateral_top_fares,"SELECT route.departure_airport, route.arrival_airport, expensive.ticket_no, expensive.amount FROM (SELECT DISTINCT departure_airport, arrival_airport FROM aviation.flights) route CROSS JOIN LATERAL ( SELECT tf.ticket_no, tf.amount FROM aviation.flights f JOIN aviation.ticket_flights tf ON tf.flight_id = f.flight_id WHERE f.departure_airport = route.departure_airport AND f.arrival_airport = route.arrival_airport AND tf.fare_conditions = 'Comfort' ORDER BY tf.amount DESC LIMIT 3 ) expensive ORDER BY route.departure_airport, route.arrival_airport, expensive.amount DESC",572,2,3,2,False,True,True,3,2,8,0,1,0,0,0,1,42982.53,1921704.46,300.0,28,355024.0,2318.695,12,7,2,Incremental Sort,2,1,0,0,0,0,2,2,0,120210,451834,20208,32298,1050000.0,1000000.0,136249344,63668224,3,0.0003
prod_fare_mix_change,"WITH monthly AS ( SELECT date_trunc('month', f.scheduled_departure) AS month_start, tf.fare_conditions, COUNT(*) AS sold FROM aviation.flights f JOIN aviation.ticket_flights tf ON tf.flight_id = f.flight_id WHERE f.departure_airport = 'GME' GROUP BY date_trunc('month', f.scheduled_departure), tf.fare_conditions ), shares AS ( SELECT *, sold::numeric / SUM(sold) OVER (PARTITION BY month_start) AS share FROM monthly ) SELECT *, share - LAG(share) OVER (PARTITION BY fare_conditions ORDER BY month_start) AS share_change FROM shares ORDER BY ABS(share - LAG(share) OVER (PARTITION BY fare_conditions ORDER BY month_start)) DESC NULLS LAST",639,1,1,2,True,True,False,2,2,7,4,1,0,0,0,0,21949.69,21978.85,11664.0,120,572101.0,163.962,12,11,2,Sort,2,0,0,0,1,0,0,3,2,36770,63850,0,0,1050000.0,1000000.0,136249344,63668224,3,0.011664
prod_fare_mix_change,"WITH monthly AS ( SELECT date_trunc('month', f.scheduled_departure) AS month_start, tf.fare_conditions, COUNT(*) AS sold FROM aviation.flights f JOIN aviation.ticket_flights tf ON tf.flight_id = f.flight_id WHERE f.departure_airport = 'GME' GROUP BY date_trunc('month', f.scheduled_departure), tf.fare_conditions ), shares AS ( SELECT *, sold::numeric / SUM(sold) OVER (PARTITION BY month_start) AS share FROM monthly ) SELECT *, share - LAG(share) OVER (PARTITION BY fare_conditions ORDER BY month_start) AS share_change FROM shares ORDER BY ABS(share - LAG(share) OVER (PARTITION BY fare_conditions ORDER BY month_start)) DESC NULLS LAST",639,1,1,2,True,True,False,2,2,7,4,1,0,0,0,0,21949.69,21978.85,11664.0,120,572101.0,147.407,12,11,2,Sort,2,0,0,0,1,0,0,3,2,37730,62890,0,0,1050000.0,1000000.0,136249344,63668224,3,0.011664
prod_route_status_cube,"SELECT departure_airport, arrival_airport, status, aircraft_code, COUNT(*) AS flights, AVG(EXTRACT(EPOCH FROM (scheduled_arrival - scheduled_departure)) / 60) AS avg_minutes FROM aviation.flights WHERE scheduled_departure >= DATE '2025-02-24' - INTERVAL '60 days' AND scheduled_departure < DATE '2025-02-24' + INTERVAL '60 days' GROUP BY CUBE (departure_airport, arrival_airport, status, aircraft_code) HAVING COUNT(*) >= 2 ORDER BY flights DESC NULLS LAST LIMIT 500",466,0,2,0,True,True,False,1,1,6,3,0,0,0,0,0,5763.35,5764.6,500.0,60,18574.0,92.027,4,4,1,Limit,1,0,0,0,0,0,0,1,1,2064,0,0,0,50000.0,50000.0,6987776,2727936,2,0.01
prod_route_status_cube,"SELECT departure_airport, arrival_airport, status, aircraft_code, COUNT(*) AS flights, AVG(EXTRACT(EPOCH FROM (scheduled_arrival - scheduled_departure)) / 60) AS avg_minutes FROM aviation.flights WHERE scheduled_departure >= DATE '2025-02-24' - INTERVAL '60 days' AND scheduled_departure < DATE '2025-02-24' + INTERVAL '60 days' GROUP BY CUBE (departure_airport, arrival_airport, status, aircraft_code) HAVING COUNT(*) >= 2 ORDER BY flights DESC NULLS LAST LIMIT 500",466,0,2,0,True,True,False,1,1,6,3,0,0,0,0,0,5763.35,5764.6,500.0,60,18574.0,97.708,4,4,1,Limit,1,0,0,0,0,0,0,1,1,2064,0,0,0,50000.0,50000.0,6987776,2727936,2,0.01
prod_booking_reconciliation,"SELECT b.book_ref, b.total_amount, COALESCE(SUM(tf.amount), 0) AS sold_amount, b.total_amount - COALESCE(SUM(tf.amount), 0) AS difference FROM aviation.bookings b LEFT JOIN aviation.tickets t ON t.book_ref = b.book_ref LEFT JOIN aviation.ticket_flights tf ON tf.ticket_no = t.ticket_no GROUP BY b.book_ref, b.total_amount HAVING ABS(b.total_amount - COALESCE(SUM(tf.amount), 0)) > 5000 ORDER BY ABS(b.total_amount - COALESCE(SUM(tf.amount), 0)) DESC LIMIT 200",459,2,0,0,True,True,False,3,3,4,4,0,2,0,0,0,160159.46,160159.96,200.0,109,3249246.0,2685.957,13,10,3,Limit,3,0,0,0,2,0,0,2,2,85624,55737,77790,80004,1750000.0,1000000.0,205963264,82354176,3,0.0002
prod_booking_reconciliation,"SELECT b.book_ref, b.total_amount, COALESCE(SUM(tf.amount), 0) AS sold_amount, b.total_amount - COALESCE(SUM(tf.amount), 0) AS difference FROM aviation.bookings b LEFT JOIN aviation.tickets t ON t.book_ref = b.book_ref LEFT JOIN aviation.ticket_flights tf ON tf.ticket_no = t.ticket_no GROUP BY b.book_ref, b.total_amount HAVING ABS(b.total_amount - COALESCE(SUM(tf.amount), 0)) > 5000 ORDER BY ABS(b.total_amount - COALESCE(SUM(tf.amount), 0)) DESC LIMIT 200",459,2,0,0,True,True,False,3,3,4,4,0,2,0,0,0,160159.46,160159.96,200.0,109,3249246.0,2440.265,13,10,3,Limit,3,0,0,0,2,0,0,2,2,86488,54873,77774,79968,1750000.0,1000000.0,205963264,82354176,3,0.0002
prod_boarded_frequent_flyers,SELECT passenger_id FROM aviation.tickets GROUP BY passenger_id HAVING COUNT(*) >= 5 INTERSECT SELECT t.passenger_id FROM aviation.tickets t JOIN aviation.boarding_passes bp ON bp.ticket_no = t.ticket_no GROUP BY t.passenger_id HAVING COUNT(*) >= 5 ORDER BY passenger_id LIMIT 500,280,1,0,1,True,True,False,3,2,2,2,1,0,0,0,0,213762.84,213767.84,500.0,62,4600503.0,2200.719,13,9,2,Limit,3,0,0,0,1,0,0,1,2,84384,45016,62696,91035,1300000.0,800000.0,181608448,91168768,4,0.000625
prod_boarded_frequent_flyers,SELECT passenger_id FROM aviation.tickets GROUP BY passenger_id HAVING COUNT(*) >= 5 INTERSECT SELECT t.passenger_id FROM aviation.tickets t JOIN aviation.boarding_passes bp ON bp.ticket_no = t.ticket_no GROUP BY t.passenger_id HAVING COUNT(*) >= 5 ORDER BY passenger_id LIMIT 500,280,1,0,1,True,True,False,3,2,2,2,1,0,0,0,0,213762.84,213767.84,500.0,62,4600503.0,2585.856,13,9,2,Limit,3,0,0,0,1,0,0,1,2,84640,44760,62696,91035,1300000.0,800000.0,181608448,91168768,4,0.000625
prod_unsold_business_inventory,"SELECT f.flight_id, f.departure_airport, f.arrival_airport, COUNT(DISTINCT s.seat_no) AS business_capacity, COUNT(DISTINCT tf.ticket_no) AS business_sold FROM aviation.flights f JOIN aviation.seats s ON s.aircraft_code = f.aircraft_code AND s.fare_conditions = 'Business' LEFT JOIN aviation.ticket_flights tf ON tf.flight_id = f.flight_id AND tf.fare_conditions = 'Business' WHERE f.scheduled_departure >= DATE '2025-10-28' AND f.scheduled_departure < DATE '2025-10-28' + INTERVAL '7 days' GROUP BY f.flight_id HAVING COUNT(DISTINCT tf.ticket_no) < COUNT(DISTINCT s.seat_no) ORDER BY COUNT(DISTINCT s.seat_no) - COUNT(DISTINCT tf.ticket_no) DESC LIMIT 200",655,2,2,0,True,True,False,3,3,5,6,1,1,0,0,0,22106.59,22107.09,200.0,36,98314.0,113.763,12,8,3,Limit,2,1,0,0,1,0,1,2,1,23198,48050,0,0,1050900.0,1000000.0,136372224,63725568,4,0.0002
prod_unsold_business_inventory,"SELECT f.flight_id, f.departure_airport, f.arrival_airport, COUNT(DISTINCT s.seat_no) AS business_capacity, COUNT(DISTINCT tf.ticket_no) AS business_sold FROM aviation.flights f JOIN aviation.seats s ON s.aircraft_code = f.aircraft_code AND s.fare_conditions = 'Business' LEFT JOIN aviation.ticket_flights tf ON tf.flight_id = f.flight_id AND tf.fare_conditions = 'Business' WHERE f.scheduled_departure >= DATE '2025-10-28' AND f.scheduled_departure < DATE '2025-10-28' + INTERVAL '7 days' GROUP BY f.flight_id HAVING COUNT(DISTINCT tf.ticket_no) < COUNT(DISTINCT s.seat_no) ORDER BY COUNT(DISTINCT s.seat_no) - COUNT(DISTINCT tf.ticket_no) DESC LIMIT 200",655,2,2,0,True,True,False,3,3,5,6,1,1,0,0,0,22106.59,22107.09,200.0,36,98314.0,111.774,12,8,3,Limit,2,1,0,0,1,0,1,2,1,24008,47240,0,0,1050900.0,1000000.0,136372224,63725568,4,0.0002
prod_passenger_itinerary_gaps,"WITH itinerary AS ( SELECT t.passenger_id, f.flight_id, f.departure_airport, f.arrival_airport, f.scheduled_departure, f.scheduled_arrival, LAG(f.scheduled_arrival) OVER ( PARTITION BY t.passenger_id ORDER BY f.scheduled_departure ) AS previous_arrival FROM aviation.tickets t JOIN aviation.ticket_flights tf ON tf.ticket_no = t.ticket_no JOIN aviation.flights f ON f.flight_id = tf.flight_id ) SELECT * FROM itinerary WHERE scheduled_departure - previous_arrival < INTERVAL '12 hours' ORDER BY scheduled_departure - previous_arrival LIMIT 200",543,2,1,1,False,True,False,3,3,8,1,2,0,0,0,0,249391.83,249392.33,200.0,64,4850200.0,2750.323,13,10,3,Limit,3,0,0,0,2,0,0,2,0,89269,52281,101570,104760,1550000.0,1000000.0,194240512,79454208,4,0.0002
prod_passenger_itinerary_gaps,"WITH itinerary AS ( SELECT t.passenger_id, f.flight_id, f.departure_airport, f.arrival_airport, f.scheduled_departure, f.scheduled_arrival, LAG(f.scheduled_arrival) OVER ( PARTITION BY t.passenger_id ORDER BY f.scheduled_departure ) AS previous_arrival FROM aviation.tickets t JOIN aviation.ticket_flights tf ON tf.ticket_no = t.ticket_no JOIN aviation.flights f ON f.flight_id = tf.flight_id ) SELECT * FROM itinerary WHERE scheduled_departure - previous_arrival < INTERVAL '12 hours' ORDER BY scheduled_departure - previous_arrival LIMIT 200",543,2,1,1,False,True,False,3,3,8,1,2,0,0,0,0,249391.83,249392.33,200.0,64,4850200.0,2763.981,13,10,3,Limit,3,0,0,0,2,0,0,2,0,90133,51417,101570,104692,1550000.0,1000000.0,194240512,79454208,4,0.0002
prod_route_top_passengers,"SELECT r.arrival_airport, p.passenger_id, p.route_revenue FROM (SELECT DISTINCT arrival_airport FROM aviation.flights WHERE departure_airport = 'SVO') r CROSS JOIN LATERAL ( SELECT t.passenger_id, SUM(tf.amount) AS route_revenue FROM aviation.flights f JOIN aviation.ticket_flights tf ON tf.flight_id = f.flight_id JOIN aviation.tickets t ON t.ticket_no = tf.ticket_no WHERE f.departure_airport = 'SVO' AND f.arrival_airport = r.arrival_airport GROUP BY t.passenger_id ORDER BY route_revenue DESC LIMIT 5 ) p ORDER BY r.arrival_airport, p.route_revenue DESC",557,3,3,2,True,True,True,4,3,6,1,2,0,0,0,1,53355.22,274638.31,50.0,48,1051732.0,923.401,14,9,3,Incremental Sort,3,1,0,0,1,0,2,2,1,2828960,44936,2195,3950,1550000.0,1000000.0,194240512,79454208,4,5e-05
prod_route_top_passengers,"SELECT r.arrival_airport, p.passenger_id, p.route_revenue FROM (SELECT DISTINCT arrival_airport FROM aviation.flights WHERE departure_airport = 'SVO') r CROSS JOIN LATERAL ( SELECT t.passenger_id, SUM(tf.amount) AS route_revenue FROM aviation.flights f JOIN aviation.ticket_flights tf ON tf.flight_id = f.flight_id JOIN aviation.tickets t ON t.ticket_no = tf.ticket_no WHERE f.departure_airport = 'SVO' AND f.arrival_airport = r.arrival_airport GROUP BY t.passenger_id ORDER BY route_revenue DESC LIMIT 5 ) p ORDER BY r.arrival_airport, p.route_revenue DESC",557,3,3,2,True,True,True,4,3,6,1,2,0,0,0,1,53355.22,274638.31,50.0,48,1051732.0,898.86,14,9,3,Incremental Sort,3,1,0,0,1,0,2,2,1,2829216,44680,2195,3950,1550000.0,1000000.0,194240512,79454208,4,5e-05
prod_boarded_frequent_flyers,SELECT passenger_id FROM aviation.tickets GROUP BY passenger_id HAVING COUNT(*) >= 2 INTERSECT SELECT t.passenger_id FROM aviation.tickets t JOIN aviation.boarding_passes bp ON bp.ticket_no = t.ticket_no GROUP BY t.passenger_id HAVING COUNT(*) >= 2 ORDER BY passenger_id LIMIT 500,280,1,0,1,True,True,False,3,2,2,2,1,0,0,0,0,213762.84,213767.84,500.0,62,4600503.0,3344.173,13,9,2,Limit,3,0,0,0,1,0,0,1,2,84896,44504,66515,94869,1300000.0,800000.0,181608448,91168768,4,0.000625
prod_boarded_frequent_flyers,SELECT passenger_id FROM aviation.tickets GROUP BY passenger_id HAVING COUNT(*) >= 2 INTERSECT SELECT t.passenger_id FROM aviation.tickets t JOIN aviation.boarding_passes bp ON bp.ticket_no = t.ticket_no GROUP BY t.passenger_id HAVING COUNT(*) >= 2 ORDER BY passenger_id LIMIT 500,280,1,0,1,True,True,False,3,2,2,2,1,0,0,0,0,213762.84,213767.84,500.0,62,4600503.0,3120.637,13,9,2,Limit,3,0,0,0,1,0,0,1,2,85152,44248,66515,94869,1300000.0,800000.0,181608448,91168768,4,0.000625
prod_duplicate_passenger_summary,"SELECT passenger_id, MIN(passenger_name) AS canonical_name, COUNT(DISTINCT passenger_name) AS name_versions, COUNT(DISTINCT book_ref) AS bookings FROM aviation.tickets GROUP BY passenger_id HAVING COUNT(DISTINCT book_ref) >= 5 ORDER BY name_versions DESC, bookings DESC LIMIT 200",279,0,0,0,True,True,False,1,1,4,4,0,0,0,0,0,90852.65,90853.15,200.0,60,1333534.0,1515.741,5,5,1,Limit,1,0,0,0,0,0,0,2,1,25730,0,11216,11252,500000.0,500000.0,57991168,15785984,1,0.0004
prod_duplicate_passenger_summary,"SELECT passenger_id, MIN(passenger_name) AS canonical_name, COUNT(DISTINCT passenger_name) AS name_versions, COUNT(DISTINCT book_ref) AS bookings FROM aviation.tickets GROUP BY passenger_id HAVING COUNT(DISTINCT book_ref) >= 5 ORDER BY name_versions DESC, bookings DESC LIMIT 200",279,0,0,0,True,True,False,1,1,4,4,0,0,0,0,0,90852.65,90853.15,200.0,60,1333534.0,1590.913,5,5,1,Limit,1,0,0,0,0,0,0,2,1,25730,0,11216,11252,500000.0,500000.0,57991168,15785984,1,0.0004
prod_customer_value_deciles,"WITH passenger_value AS ( SELECT t.passenger_id, COUNT(DISTINCT t.ticket_no) AS tickets, SUM(tf.amount) AS revenue FROM aviation.tickets t JOIN aviation.ticket_flights tf ON tf.ticket_no = t.ticket_no GROUP BY t.passenger_id HAVING COUNT(DISTINCT t.ticket_no) >= 3 ), scored AS ( SELECT *, NTILE(10) OVER (ORDER BY revenue DESC) AS value_decile FROM passenger_value ) SELECT value_decile, COUNT(*) AS passengers, AVG(revenue) AS avg_revenue FROM scored GROUP BY value_decile ORDER BY value_decile",496,1,0,2,True,True,False,2,2,8,6,1,0,0,0,0,222950.56,222951.06,200.0,44,4667068.0,4153.772,11,10,2,Sort,2,0,0,0,1,0,0,3,2,76489,49977,128186,130774,1500000.0,1000000.0,187252736,76726272,2,0.0002
prod_customer_value_deciles,"WITH passenger_value AS ( SELECT t.passenger_id, COUNT(DISTINCT t.ticket_no) AS tickets, SUM(tf.amount) AS revenue FROM aviation.tickets t JOIN aviation.ticket_flights tf ON tf.ticket_no = t.ticket_no GROUP BY t.passenger_id HAVING COUNT(DISTINCT t.ticket_no) >= 3 ), scored AS ( SELECT *, NTILE(10) OVER (ORDER BY revenue DESC) AS value_decile FROM passenger_value ) SELECT value_decile, COUNT(*) AS passengers, AVG(revenue) AS avg_revenue FROM scored GROUP BY value_decile ORDER BY value_decile",496,1,0,2,True,True,False,2,2,8,6,1,0,0,0,0,222950.56,222951.06,200.0,44,4667068.0,3649.891,11,10,2,Sort,2,0,0,0,1,0,0,3,2,76777,49689,128186,130774,1500000.0,1000000.0,187252736,76726272,2,0.0002
prod_seat_heatmap,"SELECT s.seat_no, s.fare_conditions, COUNT(DISTINCT f.flight_id) AS operated_flights, COUNT(bp.ticket_no) AS occupied, COUNT(bp.ticket_no)::numeric / NULLIF(COUNT(DISTINCT f.flight_id), 0) AS utilization FROM aviation.seats s JOIN aviation.flights f ON f.aircraft_code = s.aircraft_code LEFT JOIN aviation.boarding_passes bp ON bp.flight_id = f.flight_id AND bp.seat_no = s.seat_no WHERE s.aircraft_code = 'SU9' GROUP BY s.seat_no, s.fare_conditions ORDER BY utilization DESC, s.seat_no",486,2,1,0,True,True,False,3,3,5,4,1,1,0,0,0,382789.15,382789.45,121.0,59,7028455.0,7933.988,10,7,3,Sort,3,0,0,0,1,0,1,2,1,5435,32994,78305,82051,850900.0,800000.0,130727936,78168064,6,0.00015125
prod_seat_heatmap,"SELECT s.seat_no, s.fare_conditions, COUNT(DISTINCT f.flight_id) AS operated_flights, COUNT(bp.ticket_no) AS occupied, COUNT(bp.ticket_no)::numeric / NULLIF(COUNT(DISTINCT f.flight_id), 0) AS utilization FROM aviation.seats s JOIN aviation.flights f ON f.aircraft_code = s.aircraft_code LEFT JOIN aviation.boarding_passes bp ON bp.flight_id = f.flight_id AND bp.seat_no = s.seat_no WHERE s.aircraft_code = 'SU9' GROUP BY s.seat_no, s.fare_conditions ORDER BY utilization DESC, s.seat_no",486,2,1,0,True,True,False,3,3,5,4,1,1,0,0,0,382789.15,382789.45,121.0,59,7028455.0,7607.605,10,7,3,Sort,3,0,0,0,1,0,1,2,1,5627,32802,78305,82051,850900.0,800000.0,130727936,78168064,6,0.00015125
prod_airport_hourly_pressure,"WITH hourly AS ( SELECT date_trunc('hour', scheduled_departure) AS hour_start, COUNT(*) AS departures FROM aviation.flights WHERE departure_airport = 'BQT' AND scheduled_departure >= DATE '2025-10-30' - INTERVAL '14 days' AND scheduled_departure < DATE '2025-10-30' + INTERVAL '14 days' GROUP BY date_trunc('hour', scheduled_departure) ) SELECT hour_start, departures, SUM(departures) OVER (ORDER BY hour_start ROWS BETWEEN 3 PRECEDING AND 3 FOLLOWING) AS seven_hour_pressure, CUME_DIST() OVER (ORDER BY departures) AS pressure_percentile FROM hourly ORDER BY seven_hour_pressure DESC LIMIT 100",594,0,3,1,True,True,False,1,1,6,3,0,0,0,0,0,1457.3,1457.55,100.0,56,2704.0,7.585,8,8,1,Limit,1,0,0,0,0,0,0,3,1,4128,0,0,0,50000.0,50000.0,6987776,2727936,2,0.002
prod_airport_hourly_pressure,"WITH hourly AS ( SELECT date_trunc('hour', scheduled_departure) AS hour_start, COUNT(*) AS departures FROM aviation.flights WHERE departure_airport = 'BQT' AND scheduled_departure >= DATE '2025-10-30' - INTERVAL '14 days' AND scheduled_departure < DATE '2025-10-30' + INTERVAL '14 days' GROUP BY date_trunc('hour', scheduled_departure) ) SELECT hour_start, departures, SUM(departures) OVER (ORDER BY hour_start ROWS BETWEEN 3 PRECEDING AND 3 FOLLOWING) AS seven_hour_pressure, CUME_DIST() OVER (ORDER BY departures) AS pressure_percentile FROM hourly ORDER BY seven_hour_pressure DESC LIMIT 100",594,0,3,1,True,True,False,1,1,6,3,0,0,0,0,0,1457.3,1457.55,100.0,56,2704.0,9.265,8,8,1,Limit,1,0,0,0,0,0,0,3,1,4128,0,0,0,50000.0,50000.0,6987776,2727936,2,0.002
prod_passenger_no_show_streak,"WITH attendance AS ( SELECT t.passenger_id, f.scheduled_departure, CASE WHEN bp.ticket_no IS NULL THEN 1 ELSE 0 END AS no_show FROM aviation.tickets t JOIN aviation.ticket_flights tf ON tf.ticket_no = t.ticket_no JOIN aviation.flights f ON f.flight_id = tf.flight_id LEFT JOIN aviation.boarding_passes bp ON bp.ticket_no = tf.ticket_no AND bp.flight_id = tf.flight_id ), runs AS ( SELECT *, SUM(CASE WHEN no_show = 0 THEN 1 ELSE 0 END) OVER (PARTITION BY passenger_id ORDER BY scheduled_departure) AS run_id FROM attendance ) SELECT passenger_id, run_id, COUNT(*) AS consecutive_no_shows FROM runs WHERE no_show = 1 GROUP BY passenger_id, run_id HAVING COUNT(*) >= 2 ORDER BY consecutive_no_shows DESC LIMIT 200",711,3,1,2,True,True,False,4,4,8,3,2,1,0,0,0,260558.96,260559.46,200.0,28,5280201.0,3933.312,18,13,4,Limit,4,0,0,0,3,0,0,2,1,124942,131088,223256,230776,2350000.0,1000000.0,317857792,154836992,7,0.0002
prod_passenger_no_show_streak,"WITH attendance AS ( SELECT t.passenger_id, f.scheduled_departure, CASE WHEN bp.ticket_no IS NULL THEN 1 ELSE 0 END AS no_show FROM aviation.tickets t JOIN aviation.ticket_flights tf ON tf.ticket_no = t.ticket_no JOIN aviation.flights f ON f.flight_id = tf.flight_id LEFT JOIN aviation.boarding_passes bp ON bp.ticket_no = tf.ticket_no AND bp.flight_id = tf.flight_id ), runs AS ( SELECT *, SUM(CASE WHEN no_show = 0 THEN 1 ELSE 0 END) OVER (PARTITION BY passenger_id ORDER BY scheduled_departure) AS run_id FROM attendance ) SELECT passenger_id, run_id, COUNT(*) AS consecutive_no_shows FROM runs WHERE no_show = 1 GROUP BY passenger_id, run_id HAVING COUNT(*) >= 2 ORDER BY consecutive_no_shows DESC LIMIT 200",711,3,1,2,True,True,False,4,4,8,3,2,1,0,0,0,260558.96,260559.46,200.0,28,5280201.0,4082.21,18,13,4,Limit,4,0,0,0,3,0,0,2,1,127246,128784,223309,231004,2350000.0,1000000.0,317857792,154836992,7,0.0002
prod_route_status_cube,"SELECT departure_airport, arrival_airport, status, aircraft_code, COUNT(*) AS flights, AVG(EXTRACT(EPOCH FROM (scheduled_arrival - scheduled_departure)) / 60) AS avg_minutes FROM aviation.flights WHERE scheduled_departure >= DATE '2025-07-22' - INTERVAL '60 days' AND scheduled_departure < DATE '2025-07-22' + INTERVAL '60 days' GROUP BY CUBE (departure_airport, arrival_airport, status, aircraft_code) HAVING COUNT(*) >= 2 ORDER BY flights DESC NULLS LAST LIMIT 500",466,0,2,0,True,True,False,1,1,6,3,0,0,0,0,0,5980.35,5981.6,500.0,60,19349.0,99.244,4,4,1,Limit,1,0,0,0,0,0,0,1,1,2064,0,0,0,50000.0,50000.0,6987776,2727936,2,0.01
prod_route_status_cube,"SELECT departure_airport, arrival_airport, status, aircraft_code, COUNT(*) AS flights, AVG(EXTRACT(EPOCH FROM (scheduled_arrival - scheduled_departure)) / 60) AS avg_minutes FROM aviation.flights WHERE scheduled_departure >= DATE '2025-07-22' - INTERVAL '60 days' AND scheduled_departure < DATE '2025-07-22' + INTERVAL '60 days' GROUP BY CUBE (departure_airport, arrival_airport, status, aircraft_code) HAVING COUNT(*) >= 2 ORDER BY flights DESC NULLS LAST LIMIT 500",466,0,2,0,True,True,False,1,1,6,3,0,0,0,0,0,5980.35,5981.6,500.0,60,19349.0,92.601,4,4,1,Limit,1,0,0,0,0,0,0,1,1,2064,0,0,0,50000.0,50000.0,6987776,2727936,2,0.01
prod_multi_segment_bookings,"SELECT b.book_ref, b.book_date, COUNT(DISTINCT t.ticket_no) AS passengers, COUNT(tf.flight_id) AS segments, SUM(tf.amount) AS revenue FROM aviation.bookings b JOIN aviation.tickets t ON t.book_ref = b.book_ref JOIN aviation.ticket_flights tf ON tf.ticket_no = t.ticket_no WHERE EXISTS ( SELECT 1 FROM aviation.ticket_flights x WHERE x.ticket_no = t.ticket_no GROUP BY x.ticket_no HAVING COUNT(*) >= 4 ) GROUP BY b.book_ref, b.book_date ORDER BY segments DESC, revenue DESC LIMIT 200",482,2,2,1,True,True,False,4,3,6,4,2,0,0,0,0,2395367.21,2395367.71,200.0,63,4500203.0,2298.119,13,9,3,Limit,3,0,1,0,2,0,0,2,2,13486965,49066,0,0,1750000.0,1000000.0,205963264,82354176,3,0.0002
prod_multi_segment_bookings,"SELECT b.book_ref, b.book_date, COUNT(DISTINCT t.ticket_no) AS passengers, COUNT(tf.flight_id) AS segments, SUM(tf.amount) AS revenue FROM aviation.bookings b JOIN aviation.tickets t ON t.book_ref = b.book_ref JOIN aviation.ticket_flights tf ON tf.ticket_no = t.ticket_no WHERE EXISTS ( SELECT 1 FROM aviation.ticket_flights x WHERE x.ticket_no = t.ticket_no GROUP BY x.ticket_no HAVING COUNT(*) >= 4 ) GROUP BY b.book_ref, b.book_date ORDER BY segments DESC, revenue DESC LIMIT 200",482,2,2,1,True,True,False,4,3,6,4,2,0,0,0,0,2395367.21,2395367.71,200.0,63,4500203.0,2133.41,13,9,3,Limit,3,0,1,0,2,0,0,2,2,13534695,1336,0,0,1750000.0,1000000.0,205963264,82354176,3,0.0002
prod_integrity_audit,"SELECT 'tickets_without_booking' AS check_name, COUNT(*) AS failures FROM aviation.tickets t LEFT JOIN aviation.bookings b ON b.book_ref = t.book_ref WHERE b.book_ref IS NULL UNION ALL SELECT 'segments_without_ticket', COUNT(*) FROM aviation.ticket_flights tf LEFT JOIN aviation.tickets t ON t.ticket_no = tf.ticket_no WHERE t.ticket_no IS NULL UNION ALL SELECT 'boarding_without_segment', COUNT(*) FROM aviation.boarding_passes bp LEFT JOIN aviation.ticket_flights tf ON tf.ticket_no = bp.ticket_no AND tf.flight_id = bp.flight_id WHERE tf.ticket_no IS NULL UNION ALL SELECT 'flight_without_aircraft', COUNT(*) FROM aviation.flights f LEFT JOIN aviation.aircrafts a ON a.aircraft_code = f.aircraft_code WHERE a.aircraft_code IS NULL AND f.flight_id >= 39001",758,4,5,3,False,False,False,8,6,8,4,0,4,0,0,0,54450.01,79551.44,4.0,40,5811110.0,1497.525,22,6,6,Gather,7,1,0,0,4,0,0,0,4,63550,125115,54416,60650,2600005.0,1000000.0,336601088,160481280,9,4e-06
prod_integrity_audit,"SELECT 'tickets_without_booking' AS check_name, COUNT(*) AS failures FROM aviation.tickets t LEFT JOIN aviation.bookings b ON b.book_ref = t.book_ref WHERE b.book_ref IS NULL UNION ALL SELECT 'segments_without_ticket', COUNT(*) FROM aviation.ticket_flights tf LEFT JOIN aviation.tickets t ON t.ticket_no = tf.ticket_no WHERE t.ticket_no IS NULL UNION ALL SELECT 'boarding_without_segment', COUNT(*) FROM aviation.boarding_passes bp LEFT JOIN aviation.ticket_flights tf ON tf.ticket_no = bp.ticket_no AND tf.flight_id = bp.flight_id WHERE tf.ticket_no IS NULL UNION ALL SELECT 'flight_without_aircraft', COUNT(*) FROM aviation.flights f LEFT JOIN aviation.aircrafts a ON a.aircraft_code = f.aircraft_code WHERE a.aircraft_code IS NULL AND f.flight_id >= 39001",758,4,5,3,False,False,False,8,6,8,4,0,4,0,0,0,54450.01,79551.44,4.0,40,5811110.0,1464.414,22,6,6,Gather,7,1,0,0,4,0,0,0,4,67864,120801,54416,60650,2600005.0,1000000.0,336601088,160481280,9,4e-06
prod_revenue_iqr_outliers,"WITH route_stats AS ( SELECT f.departure_airport, f.arrival_airport, percentile_cont(0.25) WITHIN GROUP (ORDER BY tf.amount) AS q1, percentile_cont(0.75) WITHIN GROUP (ORDER BY tf.amount) AS q3 FROM aviation.flights f JOIN aviation.ticket_flights tf ON tf.flight_id = f.flight_id WHERE tf.fare_conditions = 'Economy' GROUP BY f.departure_airport, f.arrival_airport ) SELECT f.flight_id, tf.ticket_no, tf.amount, s.q1, s.q3 FROM aviation.ticket_flights tf JOIN aviation.flights f ON f.flight_id = tf.flight_id JOIN route_stats s USING (departure_airport, arrival_airport) WHERE tf.fare_conditions = 'Economy' AND (tf.amount < s.q1 - 1.5 * (s.q3 - s.q1) OR tf.amount > s.q3 + 1.5 * (s.q3 - s.q1)) ORDER BY tf.amount DESC LIMIT 200",728,3,3,1,True,True,False,4,2,9,2,3,0,0,0,0,145551.41,145574.74,200.0,40,2931295.0,2603.956,16,13,2,Limit,4,0,0,0,3,0,0,2,1,93723,279627,74580,74910,1050000.0,1000000.0,136249344,63668224,3,0.0002
prod_revenue_iqr_outliers,"WITH route_stats AS ( SELECT f.departure_airport, f.arrival_airport, percentile_cont(0.25) WITHIN GROUP (ORDER BY tf.amount) AS q1, percentile_cont(0.75) WITHIN GROUP (ORDER BY tf.amount) AS q3 FROM aviation.flights f JOIN aviation.ticket_flights tf ON tf.flight_id = f.flight_id WHERE tf.fare_conditions = 'Economy' GROUP BY f.departure_airport, f.arrival_airport ) SELECT f.flight_id, tf.ticket_no, tf.amount, s.q1, s.q3 FROM aviation.ticket_flights tf JOIN aviation.flights f ON f.flight_id = tf.flight_id JOIN route_stats s USING (departure_airport, arrival_airport) WHERE tf.fare_conditions = 'Economy' AND (tf.amount < s.q1 - 1.5 * (s.q3 - s.q1) OR tf.amount > s.q3 + 1.5 * (s.q3 - s.q1)) ORDER BY tf.amount DESC LIMIT 200",728,3,3,1,True,True,False,4,2,9,2,3,0,0,0,0,145551.41,145574.74,200.0,40,2931295.0,2502.637,16,13,2,Limit,4,0,0,0,3,0,0,2,1,130270,243080,74580,74910,1050000.0,1000000.0,136249344,63668224,3,0.0002
prod_unsold_business_inventory,"SELECT f.flight_id, f.departure_airport, f.arrival_airport, COUNT(DISTINCT s.seat_no) AS business_capacity, COUNT(DISTINCT tf.ticket_no) AS business_sold FROM aviation.flights f JOIN aviation.seats s ON s.aircraft_code = f.aircraft_code AND s.fare_conditions = 'Business' LEFT JOIN aviation.ticket_flights tf ON tf.flight_id = f.flight_id AND tf.fare_conditions = 'Business' WHERE f.scheduled_departure >= DATE '2025-03-10' AND f.scheduled_departure < DATE '2025-03-10' + INTERVAL '7 days' GROUP BY f.flight_id HAVING COUNT(DISTINCT tf.ticket_no) < COUNT(DISTINCT s.seat_no) ORDER BY COUNT(DISTINCT s.seat_no) - COUNT(DISTINCT tf.ticket_no) DESC LIMIT 200",655,2,2,0,True,True,False,3,3,5,6,1,1,0,0,0,22115.2,22115.7,200.0,36,98509.0,122.559,12,8,3,Limit,2,1,0,0,1,0,1,2,1,13080,58168,0,0,1050900.0,1000000.0,136372224,63725568,4,0.0002
prod_unsold_business_inventory,"SELECT f.flight_id, f.departure_airport, f.arrival_airport, COUNT(DISTINCT s.seat_no) AS business_capacity, COUNT(DISTINCT tf.ticket_no) AS business_sold FROM aviation.flights f JOIN aviation.seats s ON s.aircraft_code = f.aircraft_code AND s.fare_conditions = 'Business' LEFT JOIN aviation.ticket_flights tf ON tf.flight_id = f.flight_id AND tf.fare_conditions = 'Business' WHERE f.scheduled_departure >= DATE '2025-03-10' AND f.scheduled_departure < DATE '2025-03-10' + INTERVAL '7 days' GROUP BY f.flight_id HAVING COUNT(DISTINCT tf.ticket_no) < COUNT(DISTINCT s.seat_no) ORDER BY COUNT(DISTINCT s.seat_no) - COUNT(DISTINCT tf.ticket_no) DESC LIMIT 200",655,2,2,0,True,True,False,3,3,5,6,1,1,0,0,0,22115.2,22115.7,200.0,36,98509.0,117.614,12,8,3,Limit,2,1,0,0,1,0,1,2,1,13904,57344,0,0,1050900.0,1000000.0,136372224,63725568,4,0.0002
prod_route_concentration,"WITH route_counts AS ( SELECT departure_airport, arrival_airport, COUNT(*)::numeric AS flights FROM aviation.flights WHERE status = 'Arrived' GROUP BY departure_airport, arrival_airport ), shares AS ( SELECT *, flights / SUM(flights) OVER (PARTITION BY departure_airport) AS share FROM route_counts ) SELECT departure_airport, SUM(share * share) AS hhi, COUNT(*) AS served_destinations FROM shares GROUP BY departure_airport ORDER BY hhi DESC",442,0,1,2,True,True,False,1,1,8,4,0,0,0,0,0,1249.82,1250.07,100.0,44,13223.0,9.99,7,7,1,Sort,1,0,0,0,0,0,0,2,2,3612,0,0,0,50000.0,50000.0,6987776,2727936,2,0.002
prod_route_concentration,"WITH route_counts AS ( SELECT departure_airport, arrival_airport, COUNT(*)::numeric AS flights FROM aviation.flights WHERE status = 'Arrived' GROUP BY departure_airport, arrival_airport ), shares AS ( SELECT *, flights / SUM(flights) OVER (PARTITION BY departure_airport) AS share FROM route_counts ) SELECT departure_airport, SUM(share * share) AS hhi, COUNT(*) AS served_destinations FROM shares GROUP BY departure_airport ORDER BY hhi DESC",442,0,1,2,True,True,False,1,1,8,4,0,0,0,0,0,1249.82,1250.07,100.0,44,13223.0,9.948,7,7,1,Sort,1,0,0,0,0,0,0,2,2,3612,0,0,0,50000.0,50000.0,6987776,2727936,2,0.002
prod_aircraft_duration_fit,"SELECT a.aircraft_code, a.model, f.departure_airport, f.arrival_airport, COUNT(*) AS flights, AVG(EXTRACT(EPOCH FROM (f.scheduled_arrival - f.scheduled_departure)) / 3600) AS avg_hours FROM aviation.aircrafts a JOIN aviation.flights f ON f.aircraft_code = a.aircraft_code GROUP BY a.aircraft_code, a.model, f.departure_airport, f.arrival_airport, a.range_km HAVING AVG(EXTRACT(EPOCH FROM (f.scheduled_arrival - f.scheduled_departure)) / 3600) * 800 > a.range_km * 0.9 ORDER BY avg_hours DESC",491,1,0,0,True,True,False,2,2,6,3,1,0,0,0,0,2277.03,2277.45,167.0,71,100344.0,56.281,6,5,2,Sort,2,0,0,0,1,0,0,1,1,2069,0,0,0,50005.0,50000.0,7020544,2744320,3,0.00334
prod_aircraft_duration_fit,"SELECT a.aircraft_code, a.model, f.departure_airport, f.arrival_airport, COUNT(*) AS flights, AVG(EXTRACT(EPOCH FROM (f.scheduled_arrival - f.scheduled_departure)) / 3600) AS avg_hours FROM aviation.aircrafts a JOIN aviation.flights f ON f.aircraft_code = a.aircraft_code GROUP BY a.aircraft_code, a.model, f.departure_airport, f.arrival_airport, a.range_km HAVING AVG(EXTRACT(EPOCH FROM (f.scheduled_arrival - f.scheduled_departure)) / 3600) * 800 > a.range_km * 0.9 ORDER BY avg_hours DESC",491,1,0,0,True,True,False,2,2,6,3,1,0,0,0,0,2277.03,2277.45,167.0,71,100344.0,58.627,6,5,2,Sort,2,0,0,0,1,0,0,1,1,2069,0,0,0,50005.0,50000.0,7020544,2744320,3,0.00334
prod_route_top_n_per_month,"WITH monthly_routes AS ( SELECT date_trunc('month', f.scheduled_departure) AS month_start, f.departure_airport, f.arrival_airport, COUNT(*) AS tickets, SUM(tf.amount) AS revenue FROM aviation.flights f JOIN aviation.ticket_flights tf ON tf.flight_id = f.flight_id GROUP BY date_trunc('month', f.scheduled_departure), f.departure_airport, f.arrival_airport ), ranked AS ( SELECT *, ROW_NUMBER() OVER (PARTITION BY month_start, departure_airport ORDER BY revenue DESC) AS position FROM monthly_routes ) SELECT * FROM ranked WHERE position <= 3 ORDER BY month_start, departure_airport, position",591,1,1,2,True,True,False,2,2,8,2,1,0,0,0,0,25338.16,25807.54,8763.0,64,1003438.0,539.457,11,10,2,Incremental Sort,2,0,0,0,1,0,0,1,2,27062,63648,0,0,1050000.0,1000000.0,136249344,63668224,3,0.008763
prod_route_top_n_per_month,"WITH monthly_routes AS ( SELECT date_trunc('month', f.scheduled_departure) AS month_start, f.departure_airport, f.arrival_airport, COUNT(*) AS tickets, SUM(tf.amount) AS revenue FROM aviation.flights f JOIN aviation.ticket_flights tf ON tf.flight_id = f.flight_id GROUP BY date_trunc('month', f.scheduled_departure), f.departure_airport, f.arrival_airport ), ranked AS ( SELECT *, ROW_NUMBER() OVER (PARTITION BY month_start, departure_airport ORDER BY revenue DESC) AS position FROM monthly_routes ) SELECT * FROM ranked WHERE position <= 3 ORDER BY month_start, departure_airport, position",591,1,1,2,True,True,False,2,2,8,2,1,0,0,0,0,25338.16,25807.54,8763.0,64,1003438.0,587.227,11,10,2,Incremental Sort,2,0,0,0,1,0,0,1,2,27926,62784,0,0,1050000.0,1000000.0,136249344,63668224,3,0.008763
prod_booking_funnel,"WITH cohort AS ( SELECT book_ref FROM aviation.bookings WHERE book_date >= DATE '2025-06-08' AND book_date < DATE '2025-06-08' + INTERVAL '30 days' ), ticketed AS ( SELECT c.book_ref, COUNT(DISTINCT t.ticket_no) AS tickets FROM cohort c LEFT JOIN aviation.tickets t ON t.book_ref = c.book_ref GROUP BY c.book_ref ), segmented AS ( SELECT x.book_ref, x.tickets, COUNT(tf.flight_id) AS segments, COUNT(bp.ticket_no) AS boarded FROM ticketed x LEFT JOIN aviation.tickets t ON t.book_ref = x.book_ref LEFT JOIN aviation.ticket_flights tf ON tf.ticket_no = t.ticket_no LEFT JOIN aviation.boarding_passes bp ON bp.ticket_no = tf.ticket_no AND bp.flight_id = tf.flight_id GROUP BY x.book_ref, x.tickets ) SELECT COUNT(*) AS bookings, COUNT(*) FILTER (WHERE tickets > 0) AS with_tickets, COUNT(*) FILTER (WHERE segments > 0) AS with_segments, COUNT(*) FILTER (WHERE boarded > 0) AS with_boarding FROM segmented",902,4,5,3,True,False,False,5,4,11,7,0,4,0,0,0,75169.47,75169.48,1.0,32,1932239.0,840.62,17,13,4,Aggregate,4,0,1,0,3,0,1,1,3,858232,25387,0,0,2550000.0,1000000.0,329580544,157736960,6,1e-06
prod_booking_funnel,"WITH cohort AS ( SELECT book_ref FROM aviation.bookings WHERE book_date >= DATE '2025-06-08' AND book_date < DATE '2025-06-08' + INTERVAL '30 days' ), ticketed AS ( SELECT c.book_ref, COUNT(DISTINCT t.ticket_no) AS tickets FROM cohort c LEFT JOIN aviation.tickets t ON t.book_ref = c.book_ref GROUP BY c.book_ref ), segmented AS ( SELECT x.book_ref, x.tickets, COUNT(tf.flight_id) AS segments, COUNT(bp.ticket_no) AS boarded FROM ticketed x LEFT JOIN aviation.tickets t ON t.book_ref = x.book_ref LEFT JOIN aviation.ticket_flights tf ON tf.ticket_no = t.ticket_no LEFT JOIN aviation.boarding_passes bp ON bp.ticket_no = tf.ticket_no AND bp.flight_id = tf.flight_id GROUP BY x.book_ref, x.tickets ) SELECT COUNT(*) AS bookings, COUNT(*) FILTER (WHERE tickets > 0) AS with_tickets, COUNT(*) FILTER (WHERE segments > 0) AS with_segments, COUNT(*) FILTER (WHERE boarded > 0) AS with_boarding FROM segmented",902,4,5,3,True,False,False,5,4,11,7,0,4,0,0,0,75169.47,75169.48,1.0,32,1932239.0,887.864,17,13,4,Aggregate,4,0,1,0,3,0,1,1,3,860155,23464,0,0,2550000.0,1000000.0,329580544,157736960,6,1e-06
prod_booking_cohort_retention,"WITH first_booking AS ( SELECT t.passenger_id, MIN(date_trunc('month', b.book_date)) AS cohort_month FROM aviation.tickets t JOIN aviation.bookings b ON b.book_ref = t.book_ref GROUP BY t.passenger_id ), activity AS ( SELECT DISTINCT t.passenger_id, date_trunc('month', b.book_date) AS activity_month FROM aviation.tickets t JOIN aviation.bookings b ON b.book_ref = t.book_ref JOIN aviation.ticket_flights tf ON tf.ticket_no = t.ticket_no WHERE tf.fare_conditions = 'Comfort' ) SELECT f.cohort_month, EXTRACT(YEAR FROM age(a.activity_month, f.cohort_month)) * 12 + EXTRACT(MONTH FROM age(a.activity_month, f.cohort_month)) AS month_number, COUNT(DISTINCT a.passenger_id) AS retained_passengers FROM first_booking f JOIN activity a ON a.passenger_id = f.passenger_id GROUP BY f.cohort_month, month_number ORDER BY f.cohort_month, month_number",841,4,1,2,True,True,True,5,3,7,2,4,0,0,0,0,58911308.75,60941233.75,40000.0,48,409816121.0,3346.067,21,12,3,Aggregate,5,0,0,0,4,0,0,1,4,143092,83460,37098,58944,1750000.0,1000000.0,205963264,82354176,3,0.04
prod_booking_cohort_retention,"WITH first_booking AS ( SELECT t.passenger_id, MIN(date_trunc('month', b.book_date)) AS cohort_month FROM aviation.tickets t JOIN aviation.bookings b ON b.book_ref = t.book_ref GROUP BY t.passenger_id ), activity AS ( SELECT DISTINCT t.passenger_id, date_trunc('month', b.book_date) AS activity_month FROM aviation.tickets t JOIN aviation.bookings b ON b.book_ref = t.book_ref JOIN aviation.ticket_flights tf ON tf.ticket_no = t.ticket_no WHERE tf.fare_conditions = 'Comfort' ) SELECT f.cohort_month, EXTRACT(YEAR FROM age(a.activity_month, f.cohort_month)) * 12 + EXTRACT(MONTH FROM age(a.activity_month, f.cohort_month)) AS month_number, COUNT(DISTINCT a.passenger_id) AS retained_passengers FROM first_booking f JOIN activity a ON a.passenger_id = f.passenger_id GROUP BY f.cohort_month, month_number ORDER BY f.cohort_month, month_number",841,4,1,2,True,True,True,5,3,7,2,4,0,0,0,0,58911308.75,60941233.75,40000.0,48,409816121.0,3259.649,21,12,3,Aggregate,5,0,0,0,4,0,0,1,4,143524,83028,37060,58723,1750000.0,1000000.0,205963264,82354176,3,0.04
prod_aircraft_turnaround,"WITH rotations AS ( SELECT flight_id, departure_airport, arrival_airport, scheduled_departure, LAG(scheduled_arrival) OVER ( PARTITION BY aircraft_code ORDER BY scheduled_departure ) AS prior_arrival FROM aviation.flights WHERE aircraft_code = '738' ) SELECT departure_airport, COUNT(*) AS rotations, AVG(scheduled_departure - prior_arrival) AS avg_turnaround, MIN(scheduled_departure - prior_arrival) AS min_turnaround FROM rotations WHERE prior_arrival IS NOT NULL GROUP BY departure_airport ORDER BY min_turnaround",517,0,2,1,True,True,False,1,1,9,4,0,0,0,0,0,2239.45,2239.48,10.0,44,40298.0,22.128,6,6,1,Sort,1,0,0,0,0,0,0,2,1,3096,0,0,0,50000.0,50000.0,6987776,2727936,2,0.0002
prod_aircraft_turnaround,"WITH rotations AS ( SELECT flight_id, departure_airport, arrival_airport, scheduled_departure, LAG(scheduled_arrival) OVER ( PARTITION BY aircraft_code ORDER BY scheduled_departure ) AS prior_arrival FROM aviation.flights WHERE aircraft_code = '738' ) SELECT departure_airport, COUNT(*) AS rotations, AVG(scheduled_departure - prior_arrival) AS avg_turnaround, MIN(scheduled_departure - prior_arrival) AS min_turnaround FROM rotations WHERE prior_arrival IS NOT NULL GROUP BY departure_airport ORDER BY min_turnaround",517,0,2,1,True,True,False,1,1,9,4,0,0,0,0,0,2239.45,2239.48,10.0,44,40298.0,21.835,6,6,1,Sort,1,0,0,0,0,0,0,2,1,3096,0,0,0,50000.0,50000.0,6987776,2727936,2,0.0002
prod_rolling_booking_revenue,"WITH daily AS ( SELECT book_date::date AS day, SUM(total_amount) AS revenue, COUNT(*) AS bookings FROM aviation.bookings GROUP BY book_date::date ) SELECT day, revenue, bookings, SUM(revenue) OVER (ORDER BY day ROWS BETWEEN 6 PRECEDING AND CURRENT ROW) AS rolling_revenue, AVG(bookings) OVER (ORDER BY day ROWS BETWEEN 6 PRECEDING AND CURRENT ROW) AS rolling_bookings FROM daily ORDER BY day",391,0,0,1,True,True,False,1,1,8,4,0,0,0,0,0,5555.35,5612.68,365.0,108,148884.0,95.965,6,6,1,WindowAgg,1,0,0,0,0,0,0,1,2,9590,0,0,0,250000.0,250000.0,18710528,5627904,1,0.00146
prod_rolling_booking_revenue,"WITH daily AS ( SELECT book_date::date AS day, SUM(total_amount) AS revenue, COUNT(*) AS bookings FROM aviation.bookings GROUP BY book_date::date ) SELECT day, revenue, bookings, SUM(revenue) OVER (ORDER BY day ROWS BETWEEN 6 PRECEDING AND CURRENT ROW) AS rolling_revenue, AVG(bookings) OVER (ORDER BY day ROWS BETWEEN 6 PRECEDING AND CURRENT ROW) AS rolling_bookings FROM daily ORDER BY day",391,0,0,1,True,True,False,1,1,8,4,0,0,0,0,0,5555.35,5612.68,365.0,108,148884.0,102.845,6,6,1,WindowAgg,1,0,0,0,0,0,0,1,2,9590,0,0,0,250000.0,250000.0,18710528,5627904,1,0.00146
prod_recursive_calendar_gaps,"WITH RECURSIVE calendar(day) AS ( SELECT DATE '2025-04-03' UNION ALL SELECT day + 1 FROM calendar WHERE day < DATE '2025-04-03' + 60 ), traffic AS ( SELECT scheduled_departure::date AS day, COUNT(*) AS flights FROM aviation.flights GROUP BY scheduled_departure::date ) SELECT c.day, COALESCE(t.flights, 0) AS flights, AVG(COALESCE(t.flights, 0)) OVER (ORDER BY c.day ROWS BETWEEN 6 PRECEDING AND CURRENT ROW) AS weekly_average FROM calendar c LEFT JOIN traffic t USING (day) ORDER BY c.day",489,1,1,3,True,True,False,1,1,7,2,0,1,0,0,0,1708.94,1732.69,1358.0,44,62934.0,20.441,10,5,1,WindowAgg,1,0,0,0,1,0,0,1,1,2580,0,0,0,50000.0,50000.0,6987776,2727936,2,0.02716
prod_recursive_calendar_gaps,"WITH RECURSIVE calendar(day) AS ( SELECT DATE '2025-04-03' UNION ALL SELECT day + 1 FROM calendar WHERE day < DATE '2025-04-03' + 60 ), traffic AS ( SELECT scheduled_departure::date AS day, COUNT(*) AS flights FROM aviation.flights GROUP BY scheduled_departure::date ) SELECT c.day, COALESCE(t.flights, 0) AS flights, AVG(COALESCE(t.flights, 0)) OVER (ORDER BY c.day ROWS BETWEEN 6 PRECEDING AND CURRENT ROW) AS weekly_average FROM calendar c LEFT JOIN traffic t USING (day) ORDER BY c.day",489,1,1,3,True,True,False,1,1,7,2,0,1,0,0,0,1708.94,1732.69,1358.0,44,62934.0,19.77,10,5,1,WindowAgg,1,0,0,0,1,0,0,1,1,2580,0,0,0,50000.0,50000.0,6987776,2727936,2,0.02716
prod_fare_mix_change,"WITH monthly AS ( SELECT date_trunc('month', f.scheduled_departure) AS month_start, tf.fare_conditions, COUNT(*) AS sold FROM aviation.flights f JOIN aviation.ticket_flights tf ON tf.flight_id = f.flight_id WHERE f.departure_airport = 'VTB' GROUP BY date_trunc('month', f.scheduled_departure), tf.fare_conditions ), shares AS ( SELECT *, sold::numeric / SUM(sold) OVER (PARTITION BY month_start) AS share FROM monthly ) SELECT *, share - LAG(share) OVER (PARTITION BY fare_conditions ORDER BY month_start) AS share_change FROM shares ORDER BY ABS(share - LAG(share) OVER (PARTITION BY fare_conditions ORDER BY month_start)) DESC NULLS LAST",639,1,1,2,True,True,False,2,2,7,4,1,0,0,0,0,22141.87,22171.87,12003.0,120,577063.0,146.038,12,11,2,Sort,2,0,0,0,1,0,0,3,2,31560,69060,0,0,1050000.0,1000000.0,136249344,63668224,3,0.012003
prod_fare_mix_change,"WITH monthly AS ( SELECT date_trunc('month', f.scheduled_departure) AS month_start, tf.fare_conditions, COUNT(*) AS sold FROM aviation.flights f JOIN aviation.ticket_flights tf ON tf.flight_id = f.flight_id WHERE f.departure_airport = 'VTB' GROUP BY date_trunc('month', f.scheduled_departure), tf.fare_conditions ), shares AS ( SELECT *, sold::numeric / SUM(sold) OVER (PARTITION BY month_start) AS share FROM monthly ) SELECT *, share - LAG(share) OVER (PARTITION BY fare_conditions ORDER BY month_start) AS share_change FROM shares ORDER BY ABS(share - LAG(share) OVER (PARTITION BY fare_conditions ORDER BY month_start)) DESC NULLS LAST",639,1,1,2,True,True,False,2,2,7,4,1,0,0,0,0,22141.87,22171.87,12003.0,120,577063.0,151.187,12,11,2,Sort,2,0,0,0,1,0,0,3,2,32520,68100,0,0,1050000.0,1000000.0,136249344,63668224,3,0.012003
prod_materialized_route_comparison,"WITH route_sales AS MATERIALIZED ( SELECT f.departure_airport, f.arrival_airport, COUNT(*) AS tickets, SUM(tf.amount) AS revenue FROM aviation.flights f JOIN aviation.ticket_flights tf ON tf.flight_id = f.flight_id GROUP BY f.departure_airport, f.arrival_airport ) SELECT current.arrival_airport, current.tickets, current.revenue, AVG(peer.revenue) AS peer_average FROM route_sales current JOIN route_sales peer ON peer.departure_airport <> current.departure_airport AND peer.arrival_airport = current.arrival_airport WHERE current.departure_airport = 'WAW' GROUP BY current.arrival_airport, current.tickets, current.revenue ORDER BY current.revenue - AVG(peer.revenue) DESC",674,2,1,1,True,True,False,2,2,8,4,2,0,0,0,0,20438.56,20438.56,1.0,120,933940.0,410.351,15,8,2,Sort,2,0,0,0,2,0,0,3,3,28224,56198,0,0,1050000.0,1000000.0,136249344,63668224,3,1e-06
prod_materialized_route_comparison,"WITH route_sales AS MATERIALIZED ( SELECT f.departure_airport, f.arrival_airport, COUNT(*) AS tickets, SUM(tf.amount) AS revenue FROM aviation.flights f JOIN aviation.ticket_flights tf ON tf.flight_id = f.flight_id GROUP BY f.departure_airport, f.arrival_airport ) SELECT current.arrival_airport, current.tickets, current.revenue, AVG(peer.revenue) AS peer_average FROM route_sales current JOIN route_sales peer ON peer.departure_airport <> current.departure_airport AND peer.arrival_airport = current.arrival_airport WHERE current.departure_airport = 'WAW' GROUP BY current.arrival_airport, current.tickets, current.revenue ORDER BY current.revenue - AVG(peer.revenue) DESC",674,2,1,1,True,True,False,2,2,8,4,2,0,0,0,0,20438.56,20438.56,1.0,120,933940.0,419.756,15,8,2,Sort,2,0,0,0,2,0,0,3,3,29024,55478,0,0,1050000.0,1000000.0,136249344,63668224,3,1e-06
prod_lateral_top_fares,"SELECT route.departure_airport, route.arrival_airport, expensive.ticket_no, expensive.amount FROM (SELECT DISTINCT departure_airport, arrival_airport FROM aviation.flights) route CROSS JOIN LATERAL ( SELECT tf.ticket_no, tf.amount FROM aviation.flights f JOIN aviation.ticket_flights tf ON tf.flight_id = f.flight_id WHERE f.departure_airport = route.departure_airport AND f.arrival_airport = route.arrival_airport AND tf.fare_conditions = 'Business' ORDER BY tf.amount DESC LIMIT 3 ) expensive ORDER BY route.departure_airport, route.arrival_airport, expensive.amount DESC",573,2,3,2,False,True,True,3,2,8,0,1,0,0,0,1,36989.94,1622342.34,300.0,28,194038.0,2217.332,12,7,2,Incremental Sort,2,1,0,0,0,0,2,2,0,854026,454940,0,0,1050000.0,1000000.0,136249344,63668224,3,0.0003
prod_lateral_top_fares,"SELECT route.departure_airport, route.arrival_airport, expensive.ticket_no, expensive.amount FROM (SELECT DISTINCT departure_airport, arrival_airport FROM aviation.flights) route CROSS JOIN LATERAL ( SELECT tf.ticket_no, tf.amount FROM aviation.flights f JOIN aviation.ticket_flights tf ON tf.flight_id = f.flight_id WHERE f.departure_airport = route.departure_airport AND f.arrival_airport = route.arrival_airport AND tf.fare_conditions = 'Business' ORDER BY tf.amount DESC LIMIT 3 ) expensive ORDER BY route.departure_airport, route.arrival_airport, expensive.amount DESC",573,2,3,2,False,True,True,3,2,8,0,1,0,0,0,1,36989.94,1622342.34,300.0,28,194038.0,2540.682,12,7,2,Incremental Sort,2,1,0,0,0,0,2,2,0,861710,447310,0,0,1050000.0,1000000.0,136249344,63668224,3,0.0003
prod_load_factor_percentile,"WITH capacity AS ( SELECT aircraft_code, COUNT(*) AS seats FROM aviation.seats GROUP BY aircraft_code ), loads AS ( SELECT f.flight_id, f.arrival_airport, COUNT(tf.ticket_no)::numeric / c.seats AS load_factor FROM aviation.flights f JOIN capacity c ON c.aircraft_code = f.aircraft_code LEFT JOIN aviation.ticket_flights tf ON tf.flight_id = f.flight_id WHERE f.departure_airport = 'BQT' GROUP BY f.flight_id, f.arrival_airport, c.seats ) SELECT *, PERCENT_RANK() OVER (PARTITION BY arrival_airport ORDER BY load_factor) AS route_percentile FROM loads ORDER BY route_percentile DESC, load_factor DESC LIMIT 200",609,2,1,2,True,True,False,3,3,7,3,1,1,0,0,0,27460.43,27460.93,200.0,48,1333100.0,302.569,15,11,3,Limit,3,0,0,0,2,0,0,2,2,23323,56898,0,0,1050900.0,1000000.0,136372224,63725568,4,0.0002
prod_load_factor_percentile,"WITH capacity AS ( SELECT aircraft_code, COUNT(*) AS seats FROM aviation.seats GROUP BY aircraft_code ), loads AS ( SELECT f.flight_id, f.arrival_airport, COUNT(tf.ticket_no)::numeric / c.seats AS load_factor FROM aviation.flights f JOIN capacity c ON c.aircraft_code = f.aircraft_code LEFT JOIN aviation.ticket_flights tf ON tf.flight_id = f.flight_id WHERE f.departure_airport = 'BQT' GROUP BY f.flight_id, f.arrival_airport, c.seats ) SELECT *, PERCENT_RANK() OVER (PARTITION BY arrival_airport ORDER BY load_factor) AS route_percentile FROM loads ORDER BY route_percentile DESC, load_factor DESC LIMIT 200",609,2,1,2,True,True,False,3,3,7,3,1,1,0,0,0,27460.43,27460.93,200.0,48,1333100.0,306.4,15,11,3,Limit,3,0,0,0,2,0,0,2,2,23611,56610,0,0,1050900.0,1000000.0,136372224,63725568,4,0.0002
prod_booking_reconciliation,"SELECT b.book_ref, b.total_amount, COALESCE(SUM(tf.amount), 0) AS sold_amount, b.total_amount - COALESCE(SUM(tf.amount), 0) AS difference FROM aviation.bookings b LEFT JOIN aviation.tickets t ON t.book_ref = b.book_ref LEFT JOIN aviation.ticket_flights tf ON tf.ticket_no = t.ticket_no GROUP BY b.book_ref, b.total_amount HAVING ABS(b.total_amount - COALESCE(SUM(tf.amount), 0)) > 5000 ORDER BY ABS(b.total_amount - COALESCE(SUM(tf.amount), 0)) DESC LIMIT 200",459,2,0,0,True,True,False,3,3,4,4,0,2,0,0,0,160159.46,160159.96,200.0,109,3249246.0,2614.639,13,10,3,Limit,3,0,0,0,2,0,0,2,2,76459,64902,77752,79966,1750000.0,1000000.0,205963264,82354176,3,0.0002
prod_booking_reconciliation,"SELECT b.book_ref, b.total_amount, COALESCE(SUM(tf.amount), 0) AS sold_amount, b.total_amount - COALESCE(SUM(tf.amount), 0) AS difference FROM aviation.bookings b LEFT JOIN aviation.tickets t ON t.book_ref = b.book_ref LEFT JOIN aviation.ticket_flights tf ON tf.ticket_no = t.ticket_no GROUP BY b.book_ref, b.total_amount HAVING ABS(b.total_amount - COALESCE(SUM(tf.amount), 0)) > 5000 ORDER BY ABS(b.total_amount - COALESCE(SUM(tf.amount), 0)) DESC LIMIT 200",459,2,0,0,True,True,False,3,3,4,4,0,2,0,0,0,160159.46,160159.96,200.0,109,3249246.0,2553.511,13,10,3,Limit,3,0,0,0,2,0,0,2,2,78283,63078,77776,80066,1750000.0,1000000.0,205963264,82354176,3,0.0002
prod_route_peer_comparison,"SELECT f.departure_airport, f.arrival_airport, AVG(tf.amount) AS avg_fare FROM aviation.flights f JOIN aviation.ticket_flights tf ON tf.flight_id = f.flight_id GROUP BY f.departure_airport, f.arrival_airport HAVING AVG(tf.amount) > 1.3 * ( SELECT AVG(tf2.amount) FROM aviation.flights f2 JOIN aviation.ticket_flights tf2 ON tf2.flight_id = f2.flight_id WHERE f2.departure_airport = f.departure_airport ) ORDER BY avg_fare DESC",426,2,1,1,True,True,False,4,2,4,3,2,0,0,0,0,2271376.3,2271376.39,33.0,40,3210067.0,3412.049,11,6,2,Sort,4,0,0,0,2,0,0,1,2,157612,325964,0,0,1050000.0,1000000.0,136249344,63668224,3,3.3e-05
prod_route_peer_comparison,"SELECT f.departure_airport, f.arrival_airport, AVG(tf.amount) AS avg_fare FROM aviation.flights f JOIN aviation.ticket_flights tf ON tf.flight_id = f.flight_id GROUP BY f.departure_airport, f.arrival_airport HAVING AVG(tf.amount) > 1.3 * ( SELECT AVG(tf2.amount) FROM aviation.flights f2 JOIN aviation.ticket_flights tf2 ON tf2.flight_id = f2.flight_id WHERE f2.departure_airport = f.departure_airport ) ORDER BY avg_fare DESC",426,2,1,1,True,True,False,4,2,4,3,2,0,0,0,0,2271376.3,2271376.39,33.0,40,3210067.0,3741.693,11,6,2,Sort,4,0,0,0,2,0,0,1,2,161068,322508,0,0,1050000.0,1000000.0,136249344,63668224,3,3.3e-05
prod_network_two_hop,"WITH RECURSIVE network(origin, destination, depth, path) AS ( SELECT departure_airport, arrival_airport, 1, ARRAY[departure_airport::text, arrival_airport::text] FROM aviation.flights WHERE departure_airport = 'BQT' UNION SELECT n.origin, f.arrival_airport, n.depth + 1, n.path || f.arrival_airport FROM network n JOIN aviation.flights f ON f.departure_airport = n.destination WHERE n.depth < 2 AND NOT f.arrival_airport = ANY(n.path) ) SELECT destination, MIN(depth) AS hops, COUNT(*) AS alternatives FROM network GROUP BY destination ORDER BY hops, alternatives DESC",568,1,3,2,True,True,False,2,1,11,2,1,0,0,0,0,3080183.87,3080184.37,200.0,28,82623111.0,406.931,10,5,1,Sort,2,0,0,0,0,1,0,3,1,6192,0,0,0,50000.0,50000.0,6987776,2727936,2,0.004
prod_network_two_hop,"WITH RECURSIVE network(origin, destination, depth, path) AS ( SELECT departure_airport, arrival_airport, 1, ARRAY[departure_airport::text, arrival_airport::text] FROM aviation.flights WHERE departure_airport = 'BQT' UNION SELECT n.origin, f.arrival_airport, n.depth + 1, n.path || f.arrival_airport FROM network n JOIN aviation.flights f ON f.departure_airport = n.destination WHERE n.depth < 2 AND NOT f.arrival_airport = ANY(n.path) ) SELECT destination, MIN(depth) AS hops, COUNT(*) AS alternatives FROM network GROUP BY destination ORDER BY hops, alternatives DESC",568,1,3,2,True,True,False,2,1,11,2,1,0,0,0,0,3080183.87,3080184.37,200.0,28,82623111.0,414.029,10,5,1,Sort,2,0,0,0,0,1,0,3,1,6192,0,0,0,50000.0,50000.0,6987776,2727936,2,0.004
prod_latest_booking_per_passenger,"SELECT DISTINCT ON (t.passenger_id) t.passenger_id, t.passenger_name, b.book_ref, b.book_date, b.total_amount FROM aviation.tickets t JOIN aviation.bookings b ON b.book_ref = t.book_ref WHERE t.passenger_id LIKE '28%' ORDER BY t.passenger_id, b.book_date DESC, b.book_ref DESC",276,1,1,0,False,True,True,2,2,5,0,1,0,0,0,0,12575.31,13163.6,5051.0,49,167313.0,86.395,7,6,2,Unique,2,0,0,0,1,0,0,1,0,35197,3996,0,0,750000.0,500000.0,76701696,21413888,2,0.010102
prod_latest_booking_per_passenger,"SELECT DISTINCT ON (t.passenger_id) t.passenger_id, t.passenger_name, b.book_ref, b.book_date, b.total_amount FROM aviation.tickets t JOIN aviation.bookings b ON b.book_ref = t.book_ref WHERE t.passenger_id LIKE '28%' ORDER BY t.passenger_id, b.book_date DESC, b.book_ref DESC",276,1,1,0,False,True,True,2,2,5,0,1,0,0,0,0,12575.31,13163.6,5051.0,49,167313.0,90.861,7,6,2,Unique,2,0,0,0,1,0,0,1,0,35581,3612,0,0,750000.0,500000.0,76701696,21413888,2,0.010102
prod_tickets_without_boarding,SELECT tf.ticket_no FROM aviation.ticket_flights tf WHERE tf.fare_conditions = 'Comfort' EXCEPT SELECT bp.ticket_no FROM aviation.boarding_passes bp ORDER BY ticket_no LIMIT 500,177,0,1,1,False,True,False,2,2,2,0,0,0,0,0,0,212360.97,212379.14,500.0,60,3881473.0,1863.864,8,6,2,Limit,2,0,0,0,0,0,0,1,0,14376,70926,1440,10377,1800000.0,1000000.0,252878848,136323072,4,0.0005
prod_tickets_without_boarding,SELECT tf.ticket_no FROM aviation.ticket_flights tf WHERE tf.fare_conditions = 'Comfort' EXCEPT SELECT bp.ticket_no FROM aviation.boarding_passes bp ORDER BY ticket_no LIMIT 500,177,0,1,1,False,True,False,2,2,2,0,0,0,0,0,0,212360.97,212379.14,500.0,60,3881473.0,1934.014,8,6,2,Limit,2,0,0,0,0,0,0,1,0,14760,70542,1440,10377,1800000.0,1000000.0,252878848,136323072,4,0.0005
prod_fare_mix_change,"WITH monthly AS ( SELECT date_trunc('month', f.scheduled_departure) AS month_start, tf.fare_conditions, COUNT(*) AS sold FROM aviation.flights f JOIN aviation.ticket_flights tf ON tf.flight_id = f.flight_id WHERE f.departure_airport = 'WAW' GROUP BY date_trunc('month', f.scheduled_departure), tf.fare_conditions ), shares AS ( SELECT *, sold::numeric / SUM(sold) OVER (PARTITION BY month_start) AS share FROM monthly ) SELECT *, share - LAG(share) OVER (PARTITION BY fare_conditions ORDER BY month_start) AS share_change FROM shares ORDER BY ABS(share - LAG(share) OVER (PARTITION BY fare_conditions ORDER BY month_start)) DESC NULLS LAST",639,1,1,2,True,True,False,2,2,7,4,1,0,0,0,0,22078.97,22108.7,11892.0,120,575444.0,144.365,12,11,2,Sort,2,0,0,0,1,0,0,3,2,41880,58740,0,0,1050000.0,1000000.0,136249344,63668224,3,0.011892
prod_fare_mix_change,"WITH monthly AS ( SELECT date_trunc('month', f.scheduled_departure) AS month_start, tf.fare_conditions, COUNT(*) AS sold FROM aviation.flights f JOIN aviation.ticket_flights tf ON tf.flight_id = f.flight_id WHERE f.departure_airport = 'WAW' GROUP BY date_trunc('month', f.scheduled_departure), tf.fare_conditions ), shares AS ( SELECT *, sold::numeric / SUM(sold) OVER (PARTITION BY month_start) AS share FROM monthly ) SELECT *, share - LAG(share) OVER (PARTITION BY fare_conditions ORDER BY month_start) AS share_change FROM shares ORDER BY ABS(share - LAG(share) OVER (PARTITION BY fare_conditions ORDER BY month_start)) DESC NULLS LAST",639,1,1,2,True,True,False,2,2,7,4,1,0,0,0,0,22078.97,22108.7,11892.0,120,575444.0,146.456,12,11,2,Sort,2,0,0,0,1,0,0,3,2,42840,57780,0,0,1050000.0,1000000.0,136249344,63668224,3,0.011892
prod_duplicate_passenger_summary,"SELECT passenger_id, MIN(passenger_name) AS canonical_name, COUNT(DISTINCT passenger_name) AS name_versions, COUNT(DISTINCT book_ref) AS bookings FROM aviation.tickets GROUP BY passenger_id HAVING COUNT(DISTINCT book_ref) >= 5 ORDER BY name_versions DESC, bookings DESC LIMIT 200",279,0,0,0,True,True,False,1,1,4,4,0,0,0,0,0,90852.65,90853.15,200.0,60,1333534.0,1767.232,5,5,1,Limit,1,0,0,0,0,0,0,2,1,23040,2690,11216,11252,500000.0,500000.0,57991168,15785984,1,0.0004
prod_duplicate_passenger_summary,"SELECT passenger_id, MIN(passenger_name) AS canonical_name, COUNT(DISTINCT passenger_name) AS name_versions, COUNT(DISTINCT book_ref) AS bookings FROM aviation.tickets GROUP BY passenger_id HAVING COUNT(DISTINCT book_ref) >= 5 ORDER BY name_versions DESC, bookings DESC LIMIT 200",279,0,0,0,True,True,False,1,1,4,4,0,0,0,0,0,90852.65,90853.15,200.0,60,1333534.0,1565.91,5,5,1,Limit,1,0,0,0,0,0,0,2,1,23200,2530,11216,11252,500000.0,500000.0,57991168,15785984,1,0.0004
prod_passenger_itinerary_gaps,"WITH itinerary AS ( SELECT t.passenger_id, f.flight_id, f.departure_airport, f.arrival_airport, f.scheduled_departure, f.scheduled_arrival, LAG(f.scheduled_arrival) OVER ( PARTITION BY t.passenger_id ORDER BY f.scheduled_departure ) AS previous_arrival FROM aviation.tickets t JOIN aviation.ticket_flights tf ON tf.ticket_no = t.ticket_no JOIN aviation.flights f ON f.flight_id = tf.flight_id ) SELECT * FROM itinerary WHERE scheduled_departure - previous_arrival < INTERVAL '12 hours' ORDER BY scheduled_departure - previous_arrival LIMIT 200",543,2,1,1,False,True,False,3,3,8,1,2,0,0,0,0,249391.83,249392.33,200.0,64,4850200.0,2813.921,13,10,3,Limit,3,0,0,0,2,0,0,2,0,85672,55878,101570,104786,1550000.0,1000000.0,194240512,79454208,4,0.0002
prod_passenger_itinerary_gaps,"WITH itinerary AS ( SELECT t.passenger_id, f.flight_id, f.departure_airport, f.arrival_airport, f.scheduled_departure, f.scheduled_arrival, LAG(f.scheduled_arrival) OVER ( PARTITION BY t.passenger_id ORDER BY f.scheduled_departure ) AS previous_arrival FROM aviation.tickets t JOIN aviation.ticket_flights tf ON tf.ticket_no = t.ticket_no JOIN aviation.flights f ON f.flight_id = tf.flight_id ) SELECT * FROM itinerary WHERE scheduled_departure - previous_arrival < INTERVAL '12 hours' ORDER BY scheduled_departure - previous_arrival LIMIT 200",543,2,1,1,False,True,False,3,3,8,1,2,0,0,0,0,249391.83,249392.33,200.0,64,4850200.0,2714.602,13,10,3,Limit,3,0,0,0,2,0,0,2,0,87496,54054,101586,104752,1550000.0,1000000.0,194240512,79454208,4,0.0002
prod_aircraft_turnaround,"WITH rotations AS ( SELECT flight_id, departure_airport, arrival_airport, scheduled_departure, LAG(scheduled_arrival) OVER ( PARTITION BY aircraft_code ORDER BY scheduled_departure ) AS prior_arrival FROM aviation.flights WHERE aircraft_code = '321' ) SELECT departure_airport, COUNT(*) AS rotations, AVG(scheduled_departure - prior_arrival) AS avg_turnaround, MIN(scheduled_departure - prior_arrival) AS min_turnaround FROM rotations WHERE prior_arrival IS NOT NULL GROUP BY departure_airport ORDER BY min_turnaround",517,0,2,1,True,True,False,1,1,9,4,0,0,0,0,0,2217.4,2217.43,10.0,44,39539.0,20.814,6,6,1,Sort,1,0,0,0,0,0,0,2,1,3096,0,0,0,50000.0,50000.0,6987776,2727936,2,0.0002
prod_aircraft_turnaround,"WITH rotations AS ( SELECT flight_id, departure_airport, arrival_airport, scheduled_departure, LAG(scheduled_arrival) OVER ( PARTITION BY aircraft_code ORDER BY scheduled_departure ) AS prior_arrival FROM aviation.flights WHERE aircraft_code = '321' ) SELECT departure_airport, COUNT(*) AS rotations, AVG(scheduled_departure - prior_arrival) AS avg_turnaround, MIN(scheduled_departure - prior_arrival) AS min_turnaround FROM rotations WHERE prior_arrival IS NOT NULL GROUP BY departure_airport ORDER BY min_turnaround",517,0,2,1,True,True,False,1,1,9,4,0,0,0,0,0,2217.4,2217.43,10.0,44,39539.0,21.258,6,6,1,Sort,1,0,0,0,0,0,0,2,1,3096,0,0,0,50000.0,50000.0,6987776,2727936,2,0.0002
prod_booking_reconciliation,"SELECT b.book_ref, b.total_amount, COALESCE(SUM(tf.amount), 0) AS sold_amount, b.total_amount - COALESCE(SUM(tf.amount), 0) AS difference FROM aviation.bookings b LEFT JOIN aviation.tickets t ON t.book_ref = b.book_ref LEFT JOIN aviation.ticket_flights tf ON tf.ticket_no = t.ticket_no GROUP BY b.book_ref, b.total_amount HAVING ABS(b.total_amount - COALESCE(SUM(tf.amount), 0)) > 5000 ORDER BY ABS(b.total_amount - COALESCE(SUM(tf.amount), 0)) DESC LIMIT 200",459,2,0,0,True,True,False,3,3,4,4,0,2,0,0,0,160159.46,160159.96,200.0,109,3249246.0,2762.015,13,10,3,Limit,3,0,0,0,2,0,0,2,2,89131,52230,77752,79962,1750000.0,1000000.0,205963264,82354176,3,0.0002
prod_booking_reconciliation,"SELECT b.book_ref, b.total_amount, COALESCE(SUM(tf.amount), 0) AS sold_amount, b.total_amount - COALESCE(SUM(tf.amount), 0) AS difference FROM aviation.bookings b LEFT JOIN aviation.tickets t ON t.book_ref = b.book_ref LEFT JOIN aviation.ticket_flights tf ON tf.ticket_no = t.ticket_no GROUP BY b.book_ref, b.total_amount HAVING ABS(b.total_amount - COALESCE(SUM(tf.amount), 0)) > 5000 ORDER BY ABS(b.total_amount - COALESCE(SUM(tf.amount), 0)) DESC LIMIT 200",459,2,0,0,True,True,False,3,3,4,4,0,2,0,0,0,160159.46,160159.96,200.0,109,3249246.0,2632.251,13,10,3,Limit,3,0,0,0,2,0,0,2,2,90955,50406,77784,80062,1750000.0,1000000.0,205963264,82354176,3,0.0002
prod_seat_heatmap,"SELECT s.seat_no, s.fare_conditions, COUNT(DISTINCT f.flight_id) AS operated_flights, COUNT(bp.ticket_no) AS occupied, COUNT(bp.ticket_no)::numeric / NULLIF(COUNT(DISTINCT f.flight_id), 0) AS utilization FROM aviation.seats s JOIN aviation.flights f ON f.aircraft_code = s.aircraft_code LEFT JOIN aviation.boarding_passes bp ON bp.flight_id = f.flight_id AND bp.seat_no = s.seat_no WHERE s.aircraft_code = '738' GROUP BY s.seat_no, s.fare_conditions ORDER BY utilization DESC, s.seat_no",486,2,1,0,True,True,False,3,3,5,4,1,1,0,0,0,384542.32,384542.63,121.0,59,7054964.0,7485.274,10,7,3,Sort,3,0,0,0,1,0,1,2,1,3515,34914,78325,82071,850900.0,800000.0,130727936,78168064,6,0.00015125
prod_seat_heatmap,"SELECT s.seat_no, s.fare_conditions, COUNT(DISTINCT f.flight_id) AS operated_flights, COUNT(bp.ticket_no) AS occupied, COUNT(bp.ticket_no)::numeric / NULLIF(COUNT(DISTINCT f.flight_id), 0) AS utilization FROM aviation.seats s JOIN aviation.flights f ON f.aircraft_code = s.aircraft_code LEFT JOIN aviation.boarding_passes bp ON bp.flight_id = f.flight_id AND bp.seat_no = s.seat_no WHERE s.aircraft_code = '738' GROUP BY s.seat_no, s.fare_conditions ORDER BY utilization DESC, s.seat_no",486,2,1,0,True,True,False,3,3,5,4,1,1,0,0,0,384542.32,384542.63,121.0,59,7054964.0,7502.541,10,7,3,Sort,3,0,0,0,1,0,1,2,1,3707,34722,78325,82071,850900.0,800000.0,130727936,78168064,6,0.00015125
prod_route_top_passengers,"SELECT r.arrival_airport, p.passenger_id, p.route_revenue FROM (SELECT DISTINCT arrival_airport FROM aviation.flights WHERE departure_airport = 'TBS') r CROSS JOIN LATERAL ( SELECT t.passenger_id, SUM(tf.amount) AS route_revenue FROM aviation.flights f JOIN aviation.ticket_flights tf ON tf.flight_id = f.flight_id JOIN aviation.tickets t ON t.ticket_no = tf.ticket_no WHERE f.departure_airport = 'TBS' AND f.arrival_airport = r.arrival_airport GROUP BY t.passenger_id ORDER BY route_revenue DESC LIMIT 5 ) p ORDER BY r.arrival_airport, p.route_revenue DESC",557,3,3,2,True,True,True,4,3,6,1,2,0,0,0,1,53256.26,274131.68,50.0,48,1051224.0,862.782,14,9,3,Incremental Sort,3,1,0,0,1,0,2,2,1,2817435,56461,2245,4000,1550000.0,1000000.0,194240512,79454208,4,5e-05
prod_route_top_passengers,"SELECT r.arrival_airport, p.passenger_id, p.route_revenue FROM (SELECT DISTINCT arrival_airport FROM aviation.flights WHERE departure_airport = 'TBS') r CROSS JOIN LATERAL ( SELECT t.passenger_id, SUM(tf.amount) AS route_revenue FROM aviation.flights f JOIN aviation.ticket_flights tf ON tf.flight_id = f.flight_id JOIN aviation.tickets t ON t.ticket_no = tf.ticket_no WHERE f.departure_airport = 'TBS' AND f.arrival_airport = r.arrival_airport GROUP BY t.passenger_id ORDER BY route_revenue DESC LIMIT 5 ) p ORDER BY r.arrival_airport, p.route_revenue DESC",557,3,3,2,True,True,True,4,3,6,1,2,0,0,0,1,53256.26,274131.68,50.0,48,1051224.0,1035.747,14,9,3,Incremental Sort,3,1,0,0,1,0,2,2,1,2831768,42128,2245,4000,1550000.0,1000000.0,194240512,79454208,4,5e-05
prod_boarded_frequent_flyers,SELECT passenger_id FROM aviation.tickets GROUP BY passenger_id HAVING COUNT(*) >= 4 INTERSECT SELECT t.passenger_id FROM aviation.tickets t JOIN aviation.boarding_passes bp ON bp.ticket_no = t.ticket_no GROUP BY t.passenger_id HAVING COUNT(*) >= 4 ORDER BY passenger_id LIMIT 500,280,1,0,1,True,True,False,3,2,2,2,1,0,0,0,0,213762.84,213767.84,500.0,62,4600503.0,2229.085,13,9,2,Limit,3,0,0,0,1,0,0,1,2,83360,46040,62696,91035,1300000.0,800000.0,181608448,91168768,4,0.000625
prod_boarded_frequent_flyers,SELECT passenger_id FROM aviation.tickets GROUP BY passenger_id HAVING COUNT(*) >= 4 INTERSECT SELECT t.passenger_id FROM aviation.tickets t JOIN aviation.boarding_passes bp ON bp.ticket_no = t.ticket_no GROUP BY t.passenger_id HAVING COUNT(*) >= 4 ORDER BY passenger_id LIMIT 500,280,1,0,1,True,True,False,3,2,2,2,1,0,0,0,0,213762.84,213767.84,500.0,62,4600503.0,2240.862,13,9,2,Limit,3,0,0,0,1,0,0,1,2,83616,45784,62696,91035,1300000.0,800000.0,181608448,91168768,4,0.000625
prod_rolling_booking_revenue,"WITH daily AS ( SELECT book_date::date AS day, SUM(total_amount) AS revenue, COUNT(*) AS bookings FROM aviation.bookings GROUP BY book_date::date ) SELECT day, revenue, bookings, SUM(revenue) OVER (ORDER BY day ROWS BETWEEN 13 PRECEDING AND CURRENT ROW) AS rolling_revenue, AVG(bookings) OVER (ORDER BY day ROWS BETWEEN 13 PRECEDING AND CURRENT ROW) AS rolling_bookings FROM daily ORDER BY day",393,0,0,1,True,True,False,1,1,8,4,0,0,0,0,0,5555.35,5612.68,365.0,108,148884.0,102.742,6,6,1,WindowAgg,1,0,0,0,0,0,0,1,2,9590,0,0,0,250000.0,250000.0,18710528,5627904,1,0.00146
prod_rolling_booking_revenue,"WITH daily AS ( SELECT book_date::date AS day, SUM(total_amount) AS revenue, COUNT(*) AS bookings FROM aviation.bookings GROUP BY book_date::date ) SELECT day, revenue, bookings, SUM(revenue) OVER (ORDER BY day ROWS BETWEEN 13 PRECEDING AND CURRENT ROW) AS rolling_revenue, AVG(bookings) OVER (ORDER BY day ROWS BETWEEN 13 PRECEDING AND CURRENT ROW) AS rolling_bookings FROM daily ORDER BY day",393,0,0,1,True,True,False,1,1,8,4,0,0,0,0,0,5555.35,5612.68,365.0,108,148884.0,88.542,6,6,1,WindowAgg,1,0,0,0,0,0,0,1,2,9590,0,0,0,250000.0,250000.0,18710528,5627904,1,0.00146
prod_tickets_without_boarding,SELECT tf.ticket_no FROM aviation.ticket_flights tf WHERE tf.fare_conditions = 'Comfort' EXCEPT SELECT bp.ticket_no FROM aviation.boarding_passes bp ORDER BY ticket_no LIMIT 500,177,0,1,1,False,True,False,2,2,2,0,0,0,0,0,0,212360.97,212379.14,500.0,60,3881473.0,1877.145,8,6,2,Limit,2,0,0,0,0,0,0,1,0,19752,65550,1440,10377,1800000.0,1000000.0,252878848,136323072,4,0.0005
prod_tickets_without_boarding,SELECT tf.ticket_no FROM aviation.ticket_flights tf WHERE tf.fare_conditions = 'Comfort' EXCEPT SELECT bp.ticket_no FROM aviation.boarding_passes bp ORDER BY ticket_no LIMIT 500,177,0,1,1,False,True,False,2,2,2,0,0,0,0,0,0,212360.97,212379.14,500.0,60,3881473.0,1906.794,8,6,2,Limit,2,0,0,0,0,0,0,1,0,20136,65166,1440,10377,1800000.0,1000000.0,252878848,136323072,4,0.0005
prod_materialized_route_comparison,"WITH route_sales AS MATERIALIZED ( SELECT f.departure_airport, f.arrival_airport, COUNT(*) AS tickets, SUM(tf.amount) AS revenue FROM aviation.flights f JOIN aviation.ticket_flights tf ON tf.flight_id = f.flight_id GROUP BY f.departure_airport, f.arrival_airport ) SELECT current.arrival_airport, current.tickets, current.revenue, AVG(peer.revenue) AS peer_average FROM route_sales current JOIN route_sales peer ON peer.departure_airport <> current.departure_airport AND peer.arrival_airport = current.arrival_airport WHERE current.departure_airport = 'VTB' GROUP BY current.arrival_airport, current.tickets, current.revenue ORDER BY current.revenue - AVG(peer.revenue) DESC",674,2,1,1,True,True,False,2,2,8,4,2,0,0,0,0,20438.56,20438.56,1.0,120,933940.0,407.885,15,8,2,Sort,2,0,0,0,2,0,0,3,3,41232,43946,0,0,1050000.0,1000000.0,136249344,63668224,3,1e-06
prod_materialized_route_comparison,"WITH route_sales AS MATERIALIZED ( SELECT f.departure_airport, f.arrival_airport, COUNT(*) AS tickets, SUM(tf.amount) AS revenue FROM aviation.flights f JOIN aviation.ticket_flights tf ON tf.flight_id = f.flight_id GROUP BY f.departure_airport, f.arrival_airport ) SELECT current.arrival_airport, current.tickets, current.revenue, AVG(peer.revenue) AS peer_average FROM route_sales current JOIN route_sales peer ON peer.departure_airport <> current.departure_airport AND peer.arrival_airport = current.arrival_airport WHERE current.departure_airport = 'VTB' GROUP BY current.arrival_airport, current.tickets, current.revenue ORDER BY current.revenue - AVG(peer.revenue) DESC",674,2,1,1,True,True,False,2,2,8,4,2,0,0,0,0,20438.56,20438.56,1.0,120,933940.0,418.586,15,8,2,Sort,2,0,0,0,2,0,0,3,3,41920,42866,0,0,1050000.0,1000000.0,136249344,63668224,3,1e-06
prod_aircraft_duration_fit,"SELECT a.aircraft_code, a.model, f.departure_airport, f.arrival_airport, COUNT(*) AS flights, AVG(EXTRACT(EPOCH FROM (f.scheduled_arrival - f.scheduled_departure)) / 3600) AS avg_hours FROM aviation.aircrafts a JOIN aviation.flights f ON f.aircraft_code = a.aircraft_code GROUP BY a.aircraft_code, a.model, f.departure_airport, f.arrival_airport, a.range_km HAVING AVG(EXTRACT(EPOCH FROM (f.scheduled_arrival - f.scheduled_departure)) / 3600) * 800 > a.range_km * 0.8 ORDER BY avg_hours DESC",491,1,0,0,True,True,False,2,2,6,3,1,0,0,0,0,2277.03,2277.45,167.0,71,100344.0,59.481,6,5,2,Sort,2,0,0,0,1,0,0,1,1,2069,0,0,0,50005.0,50000.0,7020544,2744320,3,0.00334
prod_aircraft_duration_fit,"SELECT a.aircraft_code, a.model, f.departure_airport, f.arrival_airport, COUNT(*) AS flights, AVG(EXTRACT(EPOCH FROM (f.scheduled_arrival - f.scheduled_departure)) / 3600) AS avg_hours FROM aviation.aircrafts a JOIN aviation.flights f ON f.aircraft_code = a.aircraft_code GROUP BY a.aircraft_code, a.model, f.departure_airport, f.arrival_airport, a.range_km HAVING AVG(EXTRACT(EPOCH FROM (f.scheduled_arrival - f.scheduled_departure)) / 3600) * 800 > a.range_km * 0.8 ORDER BY avg_hours DESC",491,1,0,0,True,True,False,2,2,6,3,1,0,0,0,0,2277.03,2277.45,167.0,71,100344.0,58.156,6,5,2,Sort,2,0,0,0,1,0,0,1,1,2069,0,0,0,50005.0,50000.0,7020544,2744320,3,0.00334
prod_lateral_top_fares,"SELECT route.departure_airport, route.arrival_airport, expensive.ticket_no, expensive.amount FROM (SELECT DISTINCT departure_airport, arrival_airport FROM aviation.flights) route CROSS JOIN LATERAL ( SELECT tf.ticket_no, tf.amount FROM aviation.flights f JOIN aviation.ticket_flights tf ON tf.flight_id = f.flight_id WHERE f.departure_airport = route.departure_airport AND f.arrival_airport = route.arrival_airport AND tf.fare_conditions = 'Comfort' ORDER BY tf.amount DESC LIMIT 3 ) expensive ORDER BY route.departure_airport, route.arrival_airport, expensive.amount DESC",572,2,3,2,False,True,True,3,2,8,0,1,0,0,0,1,42982.53,1921704.46,300.0,28,355024.0,2292.93,12,7,2,Incremental Sort,2,1,0,0,0,0,2,2,0,225293,346511,20166,32256,1050000.0,1000000.0,136249344,63668224,3,0.0003
prod_lateral_top_fares,"SELECT route.departure_airport, route.arrival_airport, expensive.ticket_no, expensive.amount FROM (SELECT DISTINCT departure_airport, arrival_airport FROM aviation.flights) route CROSS JOIN LATERAL ( SELECT tf.ticket_no, tf.amount FROM aviation.flights f JOIN aviation.ticket_flights tf ON tf.flight_id = f.flight_id WHERE f.departure_airport = route.departure_airport AND f.arrival_airport = route.arrival_airport AND tf.fare_conditions = 'Comfort' ORDER BY tf.amount DESC LIMIT 3 ) expensive ORDER BY route.departure_airport, route.arrival_airport, expensive.amount DESC",572,2,3,2,False,True,True,3,2,8,0,1,0,0,0,1,42982.53,1921704.46,300.0,28,355024.0,2253.128,12,7,2,Incremental Sort,2,1,0,0,0,0,2,2,0,234998,340308,20934,33036,1050000.0,1000000.0,136249344,63668224,3,0.0003
prod_route_peer_comparison,"SELECT f.departure_airport, f.arrival_airport, AVG(tf.amount) AS avg_fare FROM aviation.flights f JOIN aviation.ticket_flights tf ON tf.flight_id = f.flight_id GROUP BY f.departure_airport, f.arrival_airport HAVING AVG(tf.amount) > 1.05 * ( SELECT AVG(tf2.amount) FROM aviation.flights f2 JOIN aviation.ticket_flights tf2 ON tf2.flight_id = f2.flight_id WHERE f2.departure_airport = f.departure_airport ) ORDER BY avg_fare DESC",427,2,1,1,True,True,False,4,2,4,3,2,0,0,0,0,2271376.3,2271376.39,33.0,40,3210067.0,3309.613,11,6,2,Sort,4,0,0,0,2,0,0,1,2,225814,257762,0,0,1050000.0,1000000.0,136249344,63668224,3,3.3e-05
prod_route_peer_comparison,"SELECT f.departure_airport, f.arrival_airport, AVG(tf.amount) AS avg_fare FROM aviation.flights f JOIN aviation.ticket_flights tf ON tf.flight_id = f.flight_id GROUP BY f.departure_airport, f.arrival_airport HAVING AVG(tf.amount) > 1.05 * ( SELECT AVG(tf2.amount) FROM aviation.flights f2 JOIN aviation.ticket_flights tf2 ON tf2.flight_id = f2.flight_id WHERE f2.departure_airport = f.departure_airport ) ORDER BY avg_fare DESC",427,2,1,1,True,True,False,4,2,4,3,2,0,0,0,0,2271376.3,2271376.39,33.0,40,3210067.0,3534.915,11,6,2,Sort,4,0,0,0,2,0,0,1,2,229270,254306,0,0,1050000.0,1000000.0,136249344,63668224,3,3.3e-05
prod_booking_cohort_retention,"WITH first_booking AS ( SELECT t.passenger_id, MIN(date_trunc('month', b.book_date)) AS cohort_month FROM aviation.tickets t JOIN aviation.bookings b ON b.book_ref = t.book_ref GROUP BY t.passenger_id ), activity AS ( SELECT DISTINCT t.passenger_id, date_trunc('month', b.book_date) AS activity_month FROM aviation.tickets t JOIN aviation.bookings b ON b.book_ref = t.book_ref JOIN aviation.ticket_flights tf ON tf.ticket_no = t.ticket_no WHERE tf.fare_conditions = 'Comfort' ) SELECT f.cohort_month, EXTRACT(YEAR FROM age(a.activity_month, f.cohort_month)) * 12 + EXTRACT(MONTH FROM age(a.activity_month, f.cohort_month)) AS month_number, COUNT(DISTINCT a.passenger_id) AS retained_passengers FROM first_booking f JOIN activity a ON a.passenger_id = f.passenger_id GROUP BY f.cohort_month, month_number ORDER BY f.cohort_month, month_number",841,4,1,2,True,True,True,5,3,7,2,4,0,0,0,0,58911308.75,60941233.75,40000.0,48,409816121.0,3184.477,21,12,3,Aggregate,5,0,0,0,4,0,0,1,4,170452,56100,37065,58728,1750000.0,1000000.0,205963264,82354176,3,0.04
prod_booking_cohort_retention,"WITH first_booking AS ( SELECT t.passenger_id, MIN(date_trunc('month', b.book_date)) AS cohort_month FROM aviation.tickets t JOIN aviation.bookings b ON b.book_ref = t.book_ref GROUP BY t.passenger_id ), activity AS ( SELECT DISTINCT t.passenger_id, date_trunc('month', b.book_date) AS activity_month FROM aviation.tickets t JOIN aviation.bookings b ON b.book_ref = t.book_ref JOIN aviation.ticket_flights tf ON tf.ticket_no = t.ticket_no WHERE tf.fare_conditions = 'Comfort' ) SELECT f.cohort_month, EXTRACT(YEAR FROM age(a.activity_month, f.cohort_month)) * 12 + EXTRACT(MONTH FROM age(a.activity_month, f.cohort_month)) AS month_number, COUNT(DISTINCT a.passenger_id) AS retained_passengers FROM first_booking f JOIN activity a ON a.passenger_id = f.passenger_id GROUP BY f.cohort_month, month_number ORDER BY f.cohort_month, month_number",841,4,1,2,True,True,True,5,3,7,2,4,0,0,0,0,58911308.75,60941233.75,40000.0,48,409816121.0,3089.177,21,12,3,Aggregate,5,0,0,0,4,0,0,1,4,170836,55716,37060,58733,1750000.0,1000000.0,205963264,82354176,3,0.04
prod_route_concentration,"WITH route_counts AS ( SELECT departure_airport, arrival_airport, COUNT(*)::numeric AS flights FROM aviation.flights WHERE status = 'Arrived' GROUP BY departure_airport, arrival_airport ), shares AS ( SELECT *, flights / SUM(flights) OVER (PARTITION BY departure_airport) AS share FROM route_counts ) SELECT departure_airport, SUM(share * share) AS hhi, COUNT(*) AS served_destinations FROM shares GROUP BY departure_airport ORDER BY hhi DESC",442,0,1,2,True,True,False,1,1,8,4,0,0,0,0,0,1249.82,1250.07,100.0,44,13223.0,9.615,7,7,1,Sort,1,0,0,0,0,0,0,2,2,3612,0,0,0,50000.0,50000.0,6987776,2727936,2,0.002
prod_route_concentration,"WITH route_counts AS ( SELECT departure_airport, arrival_airport, COUNT(*)::numeric AS flights FROM aviation.flights WHERE status = 'Arrived' GROUP BY departure_airport, arrival_airport ), shares AS ( SELECT *, flights / SUM(flights) OVER (PARTITION BY departure_airport) AS share FROM route_counts ) SELECT departure_airport, SUM(share * share) AS hhi, COUNT(*) AS served_destinations FROM shares GROUP BY departure_airport ORDER BY hhi DESC",442,0,1,2,True,True,False,1,1,8,4,0,0,0,0,0,1249.82,1250.07,100.0,44,13223.0,9.697,7,7,1,Sort,1,0,0,0,0,0,0,2,2,3612,0,0,0,50000.0,50000.0,6987776,2727936,2,0.002
prod_multi_segment_bookings,"SELECT b.book_ref, b.book_date, COUNT(DISTINCT t.ticket_no) AS passengers, COUNT(tf.flight_id) AS segments, SUM(tf.amount) AS revenue FROM aviation.bookings b JOIN aviation.tickets t ON t.book_ref = b.book_ref JOIN aviation.ticket_flights tf ON tf.ticket_no = t.ticket_no WHERE EXISTS ( SELECT 1 FROM aviation.ticket_flights x WHERE x.ticket_no = t.ticket_no GROUP BY x.ticket_no HAVING COUNT(*) >= 4 ) GROUP BY b.book_ref, b.book_date ORDER BY segments DESC, revenue DESC LIMIT 200",482,2,2,1,True,True,False,4,3,6,4,2,0,0,0,0,2395367.21,2395367.71,200.0,63,4500203.0,2178.412,13,9,3,Limit,3,0,1,0,2,0,0,2,2,13482780,53251,0,0,1750000.0,1000000.0,205963264,82354176,3,0.0002
prod_multi_segment_bookings,"SELECT b.book_ref, b.book_date, COUNT(DISTINCT t.ticket_no) AS passengers, COUNT(tf.flight_id) AS segments, SUM(tf.amount) AS revenue FROM aviation.bookings b JOIN aviation.tickets t ON t.book_ref = b.book_ref JOIN aviation.ticket_flights tf ON tf.ticket_no = t.ticket_no WHERE EXISTS ( SELECT 1 FROM aviation.ticket_flights x WHERE x.ticket_no = t.ticket_no GROUP BY x.ticket_no HAVING COUNT(*) >= 4 ) GROUP BY b.book_ref, b.book_date ORDER BY segments DESC, revenue DESC LIMIT 200",482,2,2,1,True,True,False,4,3,6,4,2,0,0,0,0,2395367.21,2395367.71,200.0,63,4500203.0,2392.039,13,9,3,Limit,3,0,1,0,2,0,0,2,2,13533827,2204,0,0,1750000.0,1000000.0,205963264,82354176,3,0.0002
prod_unsold_business_inventory,"SELECT f.flight_id, f.departure_airport, f.arrival_airport, COUNT(DISTINCT s.seat_no) AS business_capacity, COUNT(DISTINCT tf.ticket_no) AS business_sold FROM aviation.flights f JOIN aviation.seats s ON s.aircraft_code = f.aircraft_code AND s.fare_conditions = 'Business' LEFT JOIN aviation.ticket_flights tf ON tf.flight_id = f.flight_id AND tf.fare_conditions = 'Business' WHERE f.scheduled_departure >= DATE '2025-11-01' AND f.scheduled_departure < DATE '2025-11-01' + INTERVAL '7 days' GROUP BY f.flight_id HAVING COUNT(DISTINCT tf.ticket_no) < COUNT(DISTINCT s.seat_no) ORDER BY COUNT(DISTINCT s.seat_no) - COUNT(DISTINCT tf.ticket_no) DESC LIMIT 200",655,2,2,0,True,True,False,3,3,5,6,1,1,0,0,0,22107.8,22108.3,200.0,36,98341.0,120.919,12,8,3,Limit,2,1,0,0,1,0,1,2,1,4499,66749,0,0,1050900.0,1000000.0,136372224,63725568,4,0.0002
prod_unsold_business_inventory,"SELECT f.flight_id, f.departure_airport, f.arrival_airport, COUNT(DISTINCT s.seat_no) AS business_capacity, COUNT(DISTINCT tf.ticket_no) AS business_sold FROM aviation.flights f JOIN aviation.seats s ON s.aircraft_code = f.aircraft_code AND s.fare_conditions = 'Business' LEFT JOIN aviation.ticket_flights tf ON tf.flight_id = f.flight_id AND tf.fare_conditions = 'Business' WHERE f.scheduled_departure >= DATE '2025-11-01' AND f.scheduled_departure < DATE '2025-11-01' + INTERVAL '7 days' GROUP BY f.flight_id HAVING COUNT(DISTINCT tf.ticket_no) < COUNT(DISTINCT s.seat_no) ORDER BY COUNT(DISTINCT s.seat_no) - COUNT(DISTINCT tf.ticket_no) DESC LIMIT 200",655,2,2,0,True,True,False,3,3,5,6,1,1,0,0,0,22107.8,22108.3,200.0,36,98341.0,108.047,12,8,3,Limit,2,1,0,0,1,0,1,2,1,5344,65904,0,0,1050900.0,1000000.0,136372224,63725568,4,0.0002
prod_network_two_hop,"WITH RECURSIVE network(origin, destination, depth, path) AS ( SELECT departure_airport, arrival_airport, 1, ARRAY[departure_airport::text, arrival_airport::text] FROM aviation.flights WHERE departure_airport = 'SVO' UNION SELECT n.origin, f.arrival_airport, n.depth + 1, n.path || f.arrival_airport FROM network n JOIN aviation.flights f ON f.departure_airport = n.destination WHERE n.depth < 2 AND NOT f.arrival_airport = ANY(n.path) ) SELECT destination, MIN(depth) AS hops, COUNT(*) AS alternatives FROM network GROUP BY destination ORDER BY hops, alternatives DESC",568,1,3,2,True,True,False,2,1,11,2,1,0,0,0,0,3145513.93,3145514.43,200.0,28,84401752.0,468.17,10,5,1,Sort,2,0,0,0,0,1,0,3,1,6192,0,0,0,50000.0,50000.0,6987776,2727936,2,0.004
prod_network_two_hop,"WITH RECURSIVE network(origin, destination, depth, path) AS ( SELECT departure_airport, arrival_airport, 1, ARRAY[departure_airport::text, arrival_airport::text] FROM aviation.flights WHERE departure_airport = 'SVO' UNION SELECT n.origin, f.arrival_airport, n.depth + 1, n.path || f.arrival_airport FROM network n JOIN aviation.flights f ON f.departure_airport = n.destination WHERE n.depth < 2 AND NOT f.arrival_airport = ANY(n.path) ) SELECT destination, MIN(depth) AS hops, COUNT(*) AS alternatives FROM network GROUP BY destination ORDER BY hops, alternatives DESC",568,1,3,2,True,True,False,2,1,11,2,1,0,0,0,0,3145513.93,3145514.43,200.0,28,84401752.0,445.817,10,5,1,Sort,2,0,0,0,0,1,0,3,1,6192,0,0,0,50000.0,50000.0,6987776,2727936,2,0.004
prod_passenger_no_show_streak,"WITH attendance AS ( SELECT t.passenger_id, f.scheduled_departure, CASE WHEN bp.ticket_no IS NULL THEN 1 ELSE 0 END AS no_show FROM aviation.tickets t JOIN aviation.ticket_flights tf ON tf.ticket_no = t.ticket_no JOIN aviation.flights f ON f.flight_id = tf.flight_id LEFT JOIN aviation.boarding_passes bp ON bp.ticket_no = tf.ticket_no AND bp.flight_id = tf.flight_id ), runs AS ( SELECT *, SUM(CASE WHEN no_show = 0 THEN 1 ELSE 0 END) OVER (PARTITION BY passenger_id ORDER BY scheduled_departure) AS run_id FROM attendance ) SELECT passenger_id, run_id, COUNT(*) AS consecutive_no_shows FROM runs WHERE no_show = 1 GROUP BY passenger_id, run_id HAVING COUNT(*) >= 2 ORDER BY consecutive_no_shows DESC LIMIT 200",711,3,1,2,True,True,False,4,4,8,3,2,1,0,0,0,260558.96,260559.46,200.0,28,5280201.0,3544.843,18,13,4,Limit,4,0,0,0,3,0,0,2,1,84085,171945,223268,230904,2350000.0,1000000.0,317857792,154836992,7,0.0002
prod_passenger_no_show_streak,"WITH attendance AS ( SELECT t.passenger_id, f.scheduled_departure, CASE WHEN bp.ticket_no IS NULL THEN 1 ELSE 0 END AS no_show FROM aviation.tickets t JOIN aviation.ticket_flights tf ON tf.ticket_no = t.ticket_no JOIN aviation.flights f ON f.flight_id = tf.flight_id LEFT JOIN aviation.boarding_passes bp ON bp.ticket_no = tf.ticket_no AND bp.flight_id = tf.flight_id ), runs AS ( SELECT *, SUM(CASE WHEN no_show = 0 THEN 1 ELSE 0 END) OVER (PARTITION BY passenger_id ORDER BY scheduled_departure) AS run_id FROM attendance ) SELECT passenger_id, run_id, COUNT(*) AS consecutive_no_shows FROM runs WHERE no_show = 1 GROUP BY passenger_id, run_id HAVING COUNT(*) >= 2 ORDER BY consecutive_no_shows DESC LIMIT 200",711,3,1,2,True,True,False,4,4,8,3,2,1,0,0,0,260558.96,260559.46,200.0,28,5280201.0,3854.945,18,13,4,Limit,4,0,0,0,3,0,0,2,1,87772,168258,223234,230644,2350000.0,1000000.0,317857792,154836992,7,0.0002
prod_customer_value_deciles,"WITH passenger_value AS ( SELECT t.passenger_id, COUNT(DISTINCT t.ticket_no) AS tickets, SUM(tf.amount) AS revenue FROM aviation.tickets t JOIN aviation.ticket_flights tf ON tf.ticket_no = t.ticket_no GROUP BY t.passenger_id HAVING COUNT(DISTINCT t.ticket_no) >= 2 ), scored AS ( SELECT *, NTILE(10) OVER (ORDER BY revenue DESC) AS value_decile FROM passenger_value ) SELECT value_decile, COUNT(*) AS passengers, AVG(revenue) AS avg_revenue FROM scored GROUP BY value_decile ORDER BY value_decile",496,1,0,2,True,True,False,2,2,8,6,1,0,0,0,0,222950.56,222951.06,200.0,44,4667068.0,3986.759,11,10,2,Sort,2,0,0,0,1,0,0,3,2,54136,72330,128186,130774,1500000.0,1000000.0,187252736,76726272,2,0.0002
prod_customer_value_deciles,"WITH passenger_value AS ( SELECT t.passenger_id, COUNT(DISTINCT t.ticket_no) AS tickets, SUM(tf.amount) AS revenue FROM aviation.tickets t JOIN aviation.ticket_flights tf ON tf.ticket_no = t.ticket_no GROUP BY t.passenger_id HAVING COUNT(DISTINCT t.ticket_no) >= 2 ), scored AS ( SELECT *, NTILE(10) OVER (ORDER BY revenue DESC) AS value_decile FROM passenger_value ) SELECT value_decile, COUNT(*) AS passengers, AVG(revenue) AS avg_revenue FROM scored GROUP BY value_decile ORDER BY value_decile",496,1,0,2,True,True,False,2,2,8,6,1,0,0,0,0,222950.56,222951.06,200.0,44,4667068.0,3834.639,11,10,2,Sort,2,0,0,0,1,0,0,3,2,54744,71722,128186,130774,1500000.0,1000000.0,187252736,76726272,2,0.0002
prod_recursive_calendar_gaps,"WITH RECURSIVE calendar(day) AS ( SELECT DATE '2025-04-25' UNION ALL SELECT day + 1 FROM calendar WHERE day < DATE '2025-04-25' + 90 ), traffic AS ( SELECT scheduled_departure::date AS day, COUNT(*) AS flights FROM aviation.flights GROUP BY scheduled_departure::date ) SELECT c.day, COALESCE(t.flights, 0) AS flights, AVG(COALESCE(t.flights, 0)) OVER (ORDER BY c.day ROWS BETWEEN 6 PRECEDING AND CURRENT ROW) AS weekly_average FROM calendar c LEFT JOIN traffic t USING (day) ORDER BY c.day",489,1,1,3,True,True,False,1,1,7,2,0,1,0,0,0,1708.94,1732.69,1358.0,44,62934.0,20.486,10,5,1,WindowAgg,1,0,0,0,1,0,0,1,1,2580,0,0,0,50000.0,50000.0,6987776,2727936,2,0.02716
prod_recursive_calendar_gaps,"WITH RECURSIVE calendar(day) AS ( SELECT DATE '2025-04-25' UNION ALL SELECT day + 1 FROM calendar WHERE day < DATE '2025-04-25' + 90 ), traffic AS ( SELECT scheduled_departure::date AS day, COUNT(*) AS flights FROM aviation.flights GROUP BY scheduled_departure::date ) SELECT c.day, COALESCE(t.flights, 0) AS flights, AVG(COALESCE(t.flights, 0)) OVER (ORDER BY c.day ROWS BETWEEN 6 PRECEDING AND CURRENT ROW) AS weekly_average FROM calendar c LEFT JOIN traffic t USING (day) ORDER BY c.day",489,1,1,3,True,True,False,1,1,7,2,0,1,0,0,0,1708.94,1732.69,1358.0,44,62934.0,21.484,10,5,1,WindowAgg,1,0,0,0,1,0,0,1,1,2580,0,0,0,50000.0,50000.0,6987776,2727936,2,0.02716
prod_revenue_iqr_outliers,"WITH route_stats AS ( SELECT f.departure_airport, f.arrival_airport, percentile_cont(0.25) WITHIN GROUP (ORDER BY tf.amount) AS q1, percentile_cont(0.75) WITHIN GROUP (ORDER BY tf.amount) AS q3 FROM aviation.flights f JOIN aviation.ticket_flights tf ON tf.flight_id = f.flight_id WHERE tf.fare_conditions = 'Economy' GROUP BY f.departure_airport, f.arrival_airport ) SELECT f.flight_id, tf.ticket_no, tf.amount, s.q1, s.q3 FROM aviation.ticket_flights tf JOIN aviation.flights f ON f.flight_id = tf.flight_id JOIN route_stats s USING (departure_airport, arrival_airport) WHERE tf.fare_conditions = 'Economy' AND (tf.amount < s.q1 - 1.5 * (s.q3 - s.q1) OR tf.amount > s.q3 + 1.5 * (s.q3 - s.q1)) ORDER BY tf.amount DESC LIMIT 200",728,3,3,1,True,True,False,4,2,9,2,3,0,0,0,0,145551.41,145574.74,200.0,40,2931295.0,2615.206,16,13,2,Limit,4,0,0,0,3,0,0,2,1,93972,279378,74580,74910,1050000.0,1000000.0,136249344,63668224,3,0.0002
prod_revenue_iqr_outliers,"WITH route_stats AS ( SELECT f.departure_airport, f.arrival_airport, percentile_cont(0.25) WITHIN GROUP (ORDER BY tf.amount) AS q1, percentile_cont(0.75) WITHIN GROUP (ORDER BY tf.amount) AS q3 FROM aviation.flights f JOIN aviation.ticket_flights tf ON tf.flight_id = f.flight_id WHERE tf.fare_conditions = 'Economy' GROUP BY f.departure_airport, f.arrival_airport ) SELECT f.flight_id, tf.ticket_no, tf.amount, s.q1, s.q3 FROM aviation.ticket_flights tf JOIN aviation.flights f ON f.flight_id = tf.flight_id JOIN route_stats s USING (departure_airport, arrival_airport) WHERE tf.fare_conditions = 'Economy' AND (tf.amount < s.q1 - 1.5 * (s.q3 - s.q1) OR tf.amount > s.q3 + 1.5 * (s.q3 - s.q1)) ORDER BY tf.amount DESC LIMIT 200",728,3,3,1,True,True,False,4,2,9,2,3,0,0,0,0,145551.41,145574.74,200.0,40,2931295.0,2467.783,16,13,2,Limit,4,0,0,0,3,0,0,2,1,110695,262655,74580,74910,1050000.0,1000000.0,136249344,63668224,3,0.0002
prod_booking_funnel,"WITH cohort AS ( SELECT book_ref FROM aviation.bookings WHERE book_date >= DATE '2024-10-07' AND book_date < DATE '2024-10-07' + INTERVAL '30 days' ), ticketed AS ( SELECT c.book_ref, COUNT(DISTINCT t.ticket_no) AS tickets FROM cohort c LEFT JOIN aviation.tickets t ON t.book_ref = c.book_ref GROUP BY c.book_ref ), segmented AS ( SELECT x.book_ref, x.tickets, COUNT(tf.flight_id) AS segments, COUNT(bp.ticket_no) AS boarded FROM ticketed x LEFT JOIN aviation.tickets t ON t.book_ref = x.book_ref LEFT JOIN aviation.ticket_flights tf ON tf.ticket_no = t.ticket_no LEFT JOIN aviation.boarding_passes bp ON bp.ticket_no = tf.ticket_no AND bp.flight_id = tf.flight_id GROUP BY x.book_ref, x.tickets ) SELECT COUNT(*) AS bookings, COUNT(*) FILTER (WHERE tickets > 0) AS with_tickets, COUNT(*) FILTER (WHERE segments > 0) AS with_segments, COUNT(*) FILTER (WHERE boarded > 0) AS with_boarding FROM segmented",902,4,5,3,True,False,False,5,4,11,7,0,4,0,0,0,75796.95,75796.96,1.0,32,1940717.0,845.369,17,13,4,Aggregate,4,0,1,0,3,0,1,1,3,839258,44361,0,0,2550000.0,1000000.0,329580544,157736960,6,1e-06
prod_booking_funnel,"WITH cohort AS ( SELECT book_ref FROM aviation.bookings WHERE book_date >= DATE '2024-10-07' AND book_date < DATE '2024-10-07' + INTERVAL '30 days' ), ticketed AS ( SELECT c.book_ref, COUNT(DISTINCT t.ticket_no) AS tickets FROM cohort c LEFT JOIN aviation.tickets t ON t.book_ref = c.book_ref GROUP BY c.book_ref ), segmented AS ( SELECT x.book_ref, x.tickets, COUNT(tf.flight_id) AS segments, COUNT(bp.ticket_no) AS boarded FROM ticketed x LEFT JOIN aviation.tickets t ON t.book_ref = x.book_ref LEFT JOIN aviation.ticket_flights tf ON tf.ticket_no = t.ticket_no LEFT JOIN aviation.boarding_passes bp ON bp.ticket_no = tf.ticket_no AND bp.flight_id = tf.flight_id GROUP BY x.book_ref, x.tickets ) SELECT COUNT(*) AS bookings, COUNT(*) FILTER (WHERE tickets > 0) AS with_tickets, COUNT(*) FILTER (WHERE segments > 0) AS with_segments, COUNT(*) FILTER (WHERE boarded > 0) AS with_boarding FROM segmented",902,4,5,3,True,False,False,5,4,11,7,0,4,0,0,0,75796.95,75796.96,1.0,32,1940717.0,884.838,17,13,4,Aggregate,4,0,1,0,3,0,1,1,3,860983,22636,0,0,2550000.0,1000000.0,329580544,157736960,6,1e-06
prod_load_factor_percentile,"WITH capacity AS ( SELECT aircraft_code, COUNT(*) AS seats FROM aviation.seats GROUP BY aircraft_code ), loads AS ( SELECT f.flight_id, f.arrival_airport, COUNT(tf.ticket_no)::numeric / c.seats AS load_factor FROM aviation.flights f JOIN capacity c ON c.aircraft_code = f.aircraft_code LEFT JOIN aviation.ticket_flights tf ON tf.flight_id = f.flight_id WHERE f.departure_airport = 'IST' GROUP BY f.flight_id, f.arrival_airport, c.seats ) SELECT *, PERCENT_RANK() OVER (PARTITION BY arrival_airport ORDER BY load_factor) AS route_percentile FROM loads ORDER BY route_percentile DESC, load_factor DESC LIMIT 200",609,2,1,2,True,True,False,3,3,7,3,1,1,0,0,0,27557.38,27557.88,200.0,48,1338929.0,329.404,15,11,3,Limit,3,0,0,0,2,0,0,2,2,16177,64044,0,0,1050900.0,1000000.0,136372224,63725568,4,0.0002
prod_load_factor_percentile,"WITH capacity AS ( SELECT aircraft_code, COUNT(*) AS seats FROM aviation.seats GROUP BY aircraft_code ), loads AS ( SELECT f.flight_id, f.arrival_airport, COUNT(tf.ticket_no)::numeric / c.seats AS load_factor FROM aviation.flights f JOIN capacity c ON c.aircraft_code = f.aircraft_code LEFT JOIN aviation.ticket_flights tf ON tf.flight_id = f.flight_id WHERE f.departure_airport = 'IST' GROUP BY f.flight_id, f.arrival_airport, c.seats ) SELECT *, PERCENT_RANK() OVER (PARTITION BY arrival_airport ORDER BY load_factor) AS route_percentile FROM loads ORDER BY route_percentile DESC, load_factor DESC LIMIT 200",609,2,1,2,True,True,False,3,3,7,3,1,1,0,0,0,27557.38,27557.88,200.0,48,1338929.0,308.613,15,11,3,Limit,3,0,0,0,2,0,0,2,2,16222,63999,0,0,1050900.0,1000000.0,136372224,63725568,4,0.0002
prod_route_status_cube,"SELECT departure_airport, arrival_airport, status, aircraft_code, COUNT(*) AS flights, AVG(EXTRACT(EPOCH FROM (scheduled_arrival - scheduled_departure)) / 60) AS avg_minutes FROM aviation.flights WHERE scheduled_departure >= DATE '2025-04-28' - INTERVAL '60 days' AND scheduled_departure < DATE '2025-04-28' + INTERVAL '60 days' GROUP BY CUBE (departure_airport, arrival_airport, status, aircraft_code) HAVING COUNT(*) >= 2 ORDER BY flights DESC NULLS LAST LIMIT 500",466,0,2,0,True,True,False,1,1,6,3,0,0,0,0,0,6008.07,6009.32,500.0,60,19448.0,91.494,4,4,1,Limit,1,0,0,0,0,0,0,1,1,2064,0,0,0,50000.0,50000.0,6987776,2727936,2,0.01
prod_route_status_cube,"SELECT departure_airport, arrival_airport, status, aircraft_code, COUNT(*) AS flights, AVG(EXTRACT(EPOCH FROM (scheduled_arrival - scheduled_departure)) / 60) AS avg_minutes FROM aviation.flights WHERE scheduled_departure >= DATE '2025-04-28' - INTERVAL '60 days' AND scheduled_departure < DATE '2025-04-28' + INTERVAL '60 days' GROUP BY CUBE (departure_airport, arrival_airport, status, aircraft_code) HAVING COUNT(*) >= 2 ORDER BY flights DESC NULLS LAST LIMIT 500",466,0,2,0,True,True,False,1,1,6,3,0,0,0,0,0,6008.07,6009.32,500.0,60,19448.0,92.489,4,4,1,Limit,1,0,0,0,0,0,0,1,1,2064,0,0,0,50000.0,50000.0,6987776,2727936,2,0.01
prod_route_top_n_per_month,"WITH monthly_routes AS ( SELECT date_trunc('month', f.scheduled_departure) AS month_start, f.departure_airport, f.arrival_airport, COUNT(*) AS tickets, SUM(tf.amount) AS revenue FROM aviation.flights f JOIN aviation.ticket_flights tf ON tf.flight_id = f.flight_id GROUP BY date_trunc('month', f.scheduled_departure), f.departure_airport, f.arrival_airport ), ranked AS ( SELECT *, ROW_NUMBER() OVER (PARTITION BY month_start, departure_airport ORDER BY revenue DESC) AS position FROM monthly_routes ) SELECT * FROM ranked WHERE position <= 10 ORDER BY month_start, departure_airport, position",592,1,1,2,True,True,False,2,2,8,2,1,0,0,0,0,25338.16,25807.54,8763.0,64,1003438.0,546.641,11,10,2,Incremental Sort,2,0,0,0,1,0,0,1,2,26999,63711,0,0,1050000.0,1000000.0,136249344,63668224,3,0.008763
prod_route_top_n_per_month,"WITH monthly_routes AS ( SELECT date_trunc('month', f.scheduled_departure) AS month_start, f.departure_airport, f.arrival_airport, COUNT(*) AS tickets, SUM(tf.amount) AS revenue FROM aviation.flights f JOIN aviation.ticket_flights tf ON tf.flight_id = f.flight_id GROUP BY date_trunc('month', f.scheduled_departure), f.departure_airport, f.arrival_airport ), ranked AS ( SELECT *, ROW_NUMBER() OVER (PARTITION BY month_start, departure_airport ORDER BY revenue DESC) AS position FROM monthly_routes ) SELECT * FROM ranked WHERE position <= 10 ORDER BY month_start, departure_airport, position",592,1,1,2,True,True,False,2,2,8,2,1,0,0,0,0,25338.16,25807.54,8763.0,64,1003438.0,523.421,11,10,2,Incremental Sort,2,0,0,0,1,0,0,1,2,27863,62847,0,0,1050000.0,1000000.0,136249344,63668224,3,0.008763
prod_integrity_audit,"SELECT 'tickets_without_booking' AS check_name, COUNT(*) AS failures FROM aviation.tickets t LEFT JOIN aviation.bookings b ON b.book_ref = t.book_ref WHERE b.book_ref IS NULL UNION ALL SELECT 'segments_without_ticket', COUNT(*) FROM aviation.ticket_flights tf LEFT JOIN aviation.tickets t ON t.ticket_no = tf.ticket_no WHERE t.ticket_no IS NULL UNION ALL SELECT 'boarding_without_segment', COUNT(*) FROM aviation.boarding_passes bp LEFT JOIN aviation.ticket_flights tf ON tf.ticket_no = bp.ticket_no AND tf.flight_id = bp.flight_id WHERE tf.ticket_no IS NULL UNION ALL SELECT 'flight_without_aircraft', COUNT(*) FROM aviation.flights f LEFT JOIN aviation.aircrafts a ON a.aircraft_code = f.aircraft_code WHERE a.aircraft_code IS NULL AND f.flight_id >= 19001",758,4,5,3,False,False,False,8,6,8,4,0,4,0,0,0,54450.01,79551.44,4.0,40,5831103.0,1491.813,22,6,6,Gather,8,0,0,0,4,0,0,0,4,84304,106443,54416,60650,2600005.0,1000000.0,336601088,160481280,9,4e-06
prod_integrity_audit,"SELECT 'tickets_without_booking' AS check_name, COUNT(*) AS failures FROM aviation.tickets t LEFT JOIN aviation.bookings b ON b.book_ref = t.book_ref WHERE b.book_ref IS NULL UNION ALL SELECT 'segments_without_ticket', COUNT(*) FROM aviation.ticket_flights tf LEFT JOIN aviation.tickets t ON t.ticket_no = tf.ticket_no WHERE t.ticket_no IS NULL UNION ALL SELECT 'boarding_without_segment', COUNT(*) FROM aviation.boarding_passes bp LEFT JOIN aviation.ticket_flights tf ON tf.ticket_no = bp.ticket_no AND tf.flight_id = bp.flight_id WHERE tf.ticket_no IS NULL UNION ALL SELECT 'flight_without_aircraft', COUNT(*) FROM aviation.flights f LEFT JOIN aviation.aircrafts a ON a.aircraft_code = f.aircraft_code WHERE a.aircraft_code IS NULL AND f.flight_id >= 19001",758,4,5,3,False,False,False,8,6,8,4,0,4,0,0,0,54450.01,79551.44,4.0,40,5831103.0,1644.519,22,6,6,Gather,8,0,0,0,4,0,0,0,4,84737,106010,54416,60650,2600005.0,1000000.0,336601088,160481280,9,4e-06
prod_airport_hourly_pressure,"WITH hourly AS ( SELECT date_trunc('hour', scheduled_departure) AS hour_start, COUNT(*) AS departures FROM aviation.flights WHERE departure_airport = 'LED' AND scheduled_departure >= DATE '2025-01-08' - INTERVAL '14 days' AND scheduled_departure < DATE '2025-01-08' + INTERVAL '14 days' GROUP BY date_trunc('hour', scheduled_departure) ) SELECT hour_start, departures, SUM(departures) OVER (ORDER BY hour_start ROWS BETWEEN 3 PRECEDING AND 3 FOLLOWING) AS seven_hour_pressure, CUME_DIST() OVER (ORDER BY departures) AS pressure_percentile FROM hourly ORDER BY seven_hour_pressure DESC LIMIT 100",594,0,3,1,True,True,False,1,1,6,3,0,0,0,0,0,1451.7,1451.95,100.0,56,2332.0,11.371,9,9,1,Limit,1,0,0,0,0,0,0,4,1,4644,0,0,0,50000.0,50000.0,6987776,2727936,2,0.002
prod_airport_hourly_pressure,"WITH hourly AS ( SELECT date_trunc('hour', scheduled_departure) AS hour_start, COUNT(*) AS departures FROM aviation.flights WHERE departure_airport = 'LED' AND scheduled_departure >= DATE '2025-01-08' - INTERVAL '14 days' AND scheduled_departure < DATE '2025-01-08' + INTERVAL '14 days' GROUP BY date_trunc('hour', scheduled_departure) ) SELECT hour_start, departures, SUM(departures) OVER (ORDER BY hour_start ROWS BETWEEN 3 PRECEDING AND 3 FOLLOWING) AS seven_hour_pressure, CUME_DIST() OVER (ORDER BY departures) AS pressure_percentile FROM hourly ORDER BY seven_hour_pressure DESC LIMIT 100",594,0,3,1,True,True,False,1,1,6,3,0,0,0,0,0,1451.7,1451.95,100.0,56,2332.0,11.159,9,9,1,Limit,1,0,0,0,0,0,0,4,1,4644,0,0,0,50000.0,50000.0,6987776,2727936,2,0.002
prod_latest_booking_per_passenger,"SELECT DISTINCT ON (t.passenger_id) t.passenger_id, t.passenger_name, b.book_ref, b.book_date, b.total_amount FROM aviation.tickets t JOIN aviation.bookings b ON b.book_ref = t.book_ref WHERE t.passenger_id LIKE '64%' ORDER BY t.passenger_id, b.book_date DESC, b.book_ref DESC",276,1,1,0,False,True,True,2,2,5,0,1,0,0,0,0,12575.31,13163.6,5051.0,49,167313.0,100.899,7,6,2,Unique,2,0,0,0,1,0,0,1,0,38356,837,0,0,750000.0,500000.0,76701696,21413888,2,0.010102
prod_latest_booking_per_passenger,"SELECT DISTINCT ON (t.passenger_id) t.passenger_id, t.passenger_name, b.book_ref, b.book_date, b.total_amount FROM aviation.tickets t JOIN aviation.bookings b ON b.book_ref = t.book_ref WHERE t.passenger_id LIKE '64%' ORDER BY t.passenger_id, b.book_date DESC, b.book_ref DESC",276,1,1,0,False,True,True,2,2,5,0,1,0,0,0,0,12575.31,13163.6,5051.0,49,167313.0,100.046,7,6,2,Unique,2,0,0,0,1,0,0,1,0,38743,450,0,0,750000.0,500000.0,76701696,21413888,2,0.010102
prod_fare_mix_change,"WITH monthly AS ( SELECT date_trunc('month', f.scheduled_departure) AS month_start, tf.fare_conditions, COUNT(*) AS sold FROM aviation.flights f JOIN aviation.ticket_flights tf ON tf.flight_id = f.flight_id WHERE f.departure_airport = 'MSQ' GROUP BY date_trunc('month', f.scheduled_departure), tf.fare_conditions ), shares AS ( SELECT *, sold::numeric / SUM(sold) OVER (PARTITION BY month_start) AS share FROM monthly ) SELECT *, share - LAG(share) OVER (PARTITION BY fare_conditions ORDER BY month_start) AS share_change FROM shares ORDER BY ABS(share - LAG(share) OVER (PARTITION BY fare_conditions ORDER BY month_start)) DESC NULLS LAST",639,1,1,2,True,True,False,2,2,7,4,1,0,0,0,0,22041.56,22071.12,11826.0,120,574478.0,157.756,12,11,2,Sort,2,0,0,0,1,0,0,3,2,32780,67840,0,0,1050000.0,1000000.0,136249344,63668224,3,0.011826
prod_fare_mix_change,"WITH monthly AS ( SELECT date_trunc('month', f.scheduled_departure) AS month_start, tf.fare_conditions, COUNT(*) AS sold FROM aviation.flights f JOIN aviation.ticket_flights tf ON tf.flight_id = f.flight_id WHERE f.departure_airport = 'MSQ' GROUP BY date_trunc('month', f.scheduled_departure), tf.fare_conditions ), shares AS ( SELECT *, sold::numeric / SUM(sold) OVER (PARTITION BY month_start) AS share FROM monthly ) SELECT *, share - LAG(share) OVER (PARTITION BY fare_conditions ORDER BY month_start) AS share_change FROM shares ORDER BY ABS(share - LAG(share) OVER (PARTITION BY fare_conditions ORDER BY month_start)) DESC NULLS LAST",639,1,1,2,True,True,False,2,2,7,4,1,0,0,0,0,22041.56,22071.12,11826.0,120,574478.0,175.936,12,11,2,Sort,2,0,0,0,1,0,0,3,2,33740,66880,0,0,1050000.0,1000000.0,136249344,63668224,3,0.011826
prod_materialized_route_comparison,"WITH route_sales AS MATERIALIZED ( SELECT f.departure_airport, f.arrival_airport, COUNT(*) AS tickets, SUM(tf.amount) AS revenue FROM aviation.flights f JOIN aviation.ticket_flights tf ON tf.flight_id = f.flight_id GROUP BY f.departure_airport, f.arrival_airport ) SELECT current.arrival_airport, current.tickets, current.revenue, AVG(peer.revenue) AS peer_average FROM route_sales current JOIN route_sales peer ON peer.departure_airport <> current.departure_airport AND peer.arrival_airport = current.arrival_airport WHERE current.departure_airport = 'SVO' GROUP BY current.arrival_airport, current.tickets, current.revenue ORDER BY current.revenue - AVG(peer.revenue) DESC",674,2,1,1,True,True,False,2,2,8,4,2,0,0,0,0,20438.56,20438.56,1.0,120,933940.0,423.892,15,8,2,Sort,2,0,0,0,2,0,0,3,3,29214,55804,0,0,1050000.0,1000000.0,136249344,63668224,3,1e-06
prod_materialized_route_comparison,"WITH route_sales AS MATERIALIZED ( SELECT f.departure_airport, f.arrival_airport, COUNT(*) AS tickets, SUM(tf.amount) AS revenue FROM aviation.flights f JOIN aviation.ticket_flights tf ON tf.flight_id = f.flight_id GROUP BY f.departure_airport, f.arrival_airport ) SELECT current.arrival_airport, current.tickets, current.revenue, AVG(peer.revenue) AS peer_average FROM route_sales current JOIN route_sales peer ON peer.departure_airport <> current.departure_airport AND peer.arrival_airport = current.arrival_airport WHERE current.departure_airport = 'SVO' GROUP BY current.arrival_airport, current.tickets, current.revenue ORDER BY current.revenue - AVG(peer.revenue) DESC",674,2,1,1,True,True,False,2,2,8,4,2,0,0,0,0,20438.56,20438.56,1.0,120,933940.0,451.401,15,8,2,Sort,2,0,0,0,2,0,0,3,3,30250,54832,0,0,1050000.0,1000000.0,136249344,63668224,3,1e-06
prod_unsold_business_inventory,"SELECT f.flight_id, f.departure_airport, f.arrival_airport, COUNT(DISTINCT s.seat_no) AS business_capacity, COUNT(DISTINCT tf.ticket_no) AS business_sold FROM aviation.flights f JOIN aviation.seats s ON s.aircraft_code = f.aircraft_code AND s.fare_conditions = 'Business' LEFT JOIN aviation.ticket_flights tf ON tf.flight_id = f.flight_id AND tf.fare_conditions = 'Business' WHERE f.scheduled_departure >= DATE '2025-05-02' AND f.scheduled_departure < DATE '2025-05-02' + INTERVAL '7 days' GROUP BY f.flight_id HAVING COUNT(DISTINCT tf.ticket_no) < COUNT(DISTINCT s.seat_no) ORDER BY COUNT(DISTINCT s.seat_no) - COUNT(DISTINCT tf.ticket_no) DESC LIMIT 200",655,2,2,0,True,True,False,3,3,5,6,1,1,0,0,0,22091.79,22092.29,200.0,36,97978.0,114.859,12,8,3,Limit,2,1,0,0,1,0,1,2,1,20027,51221,0,0,1050900.0,1000000.0,136372224,63725568,4,0.0002
prod_unsold_business_inventory,"SELECT f.flight_id, f.departure_airport, f.arrival_airport, COUNT(DISTINCT s.seat_no) AS business_capacity, COUNT(DISTINCT tf.ticket_no) AS business_sold FROM aviation.flights f JOIN aviation.seats s ON s.aircraft_code = f.aircraft_code AND s.fare_conditions = 'Business' LEFT JOIN aviation.ticket_flights tf ON tf.flight_id = f.flight_id AND tf.fare_conditions = 'Business' WHERE f.scheduled_departure >= DATE '2025-05-02' AND f.scheduled_departure < DATE '2025-05-02' + INTERVAL '7 days' GROUP BY f.flight_id HAVING COUNT(DISTINCT tf.ticket_no) < COUNT(DISTINCT s.seat_no) ORDER BY COUNT(DISTINCT s.seat_no) - COUNT(DISTINCT tf.ticket_no) DESC LIMIT 200",655,2,2,0,True,True,False,3,3,5,6,1,1,0,0,0,22091.79,22092.29,200.0,36,97978.0,133.789,12,8,3,Limit,2,1,0,0,1,0,1,2,1,20816,50432,0,0,1050900.0,1000000.0,136372224,63725568,4,0.0002
prod_booking_cohort_retention,"WITH first_booking AS ( SELECT t.passenger_id, MIN(date_trunc('month', b.book_date)) AS cohort_month FROM aviation.tickets t JOIN aviation.bookings b ON b.book_ref = t.book_ref GROUP BY t.passenger_id ), activity AS ( SELECT DISTINCT t.passenger_id, date_trunc('month', b.book_date) AS activity_month FROM aviation.tickets t JOIN aviation.bookings b ON b.book_ref = t.book_ref JOIN aviation.ticket_flights tf ON tf.ticket_no = t.ticket_no WHERE tf.fare_conditions = 'Economy' ) SELECT f.cohort_month, EXTRACT(YEAR FROM age(a.activity_month, f.cohort_month)) * 12 + EXTRACT(MONTH FROM age(a.activity_month, f.cohort_month)) AS month_number, COUNT(DISTINCT a.passenger_id) AS retained_passengers FROM first_booking f JOIN activity a ON a.passenger_id = f.passenger_id GROUP BY f.cohort_month, month_number ORDER BY f.cohort_month, month_number",841,4,1,2,True,True,True,5,3,7,2,4,0,0,0,0,621613268.57,641899268.57,40000.0,48,4065597000.0,7465.811,19,9,3,Aggregate,5,0,0,0,4,0,0,1,3,131179,50056,114488,154255,1750000.0,1000000.0,205963264,82354176,3,0.04
prod_booking_cohort_retention,"WITH first_booking AS ( SELECT t.passenger_id, MIN(date_trunc('month', b.book_date)) AS cohort_month FROM aviation.tickets t JOIN aviation.bookings b ON b.book_ref = t.book_ref GROUP BY t.passenger_id ), activity AS ( SELECT DISTINCT t.passenger_id, date_trunc('month', b.book_date) AS activity_month FROM aviation.tickets t JOIN aviation.bookings b ON b.book_ref = t.book_ref JOIN aviation.ticket_flights tf ON tf.ticket_no = t.ticket_no WHERE tf.fare_conditions = 'Economy' ) SELECT f.cohort_month, EXTRACT(YEAR FROM age(a.activity_month, f.cohort_month)) * 12 + EXTRACT(MONTH FROM age(a.activity_month, f.cohort_month)) AS month_number, COUNT(DISTINCT a.passenger_id) AS retained_passengers FROM first_booking f JOIN activity a ON a.passenger_id = f.passenger_id GROUP BY f.cohort_month, month_number ORDER BY f.cohort_month, month_number",841,4,1,2,True,True,True,5,3,7,2,4,0,0,0,0,621613268.57,641899268.57,40000.0,48,4065597000.0,7022.629,19,9,3,Aggregate,5,0,0,0,4,0,0,1,3,131827,49408,114488,154255,1750000.0,1000000.0,205963264,82354176,3,0.04
prod_passenger_itinerary_gaps,"WITH itinerary AS ( SELECT t.passenger_id, f.flight_id, f.departure_airport, f.arrival_airport, f.scheduled_departure, f.scheduled_arrival, LAG(f.scheduled_arrival) OVER ( PARTITION BY t.passenger_id ORDER BY f.scheduled_departure ) AS previous_arrival FROM aviation.tickets t JOIN aviation.ticket_flights tf ON tf.ticket_no = t.ticket_no JOIN aviation.flights f ON f.flight_id = tf.flight_id ) SELECT * FROM itinerary WHERE scheduled_departure - previous_arrival < INTERVAL '4 hours' ORDER BY scheduled_departure - previous_arrival LIMIT 200",542,2,1,1,False,True,False,3,3,8,1,2,0,0,0,0,249391.83,249392.33,200.0,64,4850200.0,3060.571,13,10,3,Limit,3,0,0,0,2,0,0,2,0,86254,55296,101578,104792,1550000.0,1000000.0,194240512,79454208,4,0.0002
prod_passenger_itinerary_gaps,"WITH itinerary AS ( SELECT t.passenger_id, f.flight_id, f.departure_airport, f.arrival_airport, f.scheduled_departure, f.scheduled_arrival, LAG(f.scheduled_arrival) OVER ( PARTITION BY t.passenger_id ORDER BY f.scheduled_departure ) AS previous_arrival FROM aviation.tickets t JOIN aviation.ticket_flights tf ON tf.ticket_no = t.ticket_no JOIN aviation.flights f ON f.flight_id = tf.flight_id ) SELECT * FROM itinerary WHERE scheduled_departure - previous_arrival < INTERVAL '4 hours' ORDER BY scheduled_departure - previous_arrival LIMIT 200",542,2,1,1,False,True,False,3,3,8,1,2,0,0,0,0,249391.83,249392.33,200.0,64,4850200.0,2911.18,13,10,3,Limit,3,0,0,0,2,0,0,2,0,87118,54432,101608,104934,1550000.0,1000000.0,194240512,79454208,4,0.0002
prod_route_top_passengers,"SELECT r.arrival_airport, p.passenger_id, p.route_revenue FROM (SELECT DISTINCT arrival_airport FROM aviation.flights WHERE departure_airport = 'WAW') r CROSS JOIN LATERAL ( SELECT t.passenger_id, SUM(tf.amount) AS route_revenue FROM aviation.flights f JOIN aviation.ticket_flights tf ON tf.flight_id = f.flight_id JOIN aviation.tickets t ON t.ticket_no = tf.ticket_no WHERE f.departure_airport = 'WAW' AND f.arrival_airport = r.arrival_airport GROUP BY t.passenger_id ORDER BY route_revenue DESC LIMIT 5 ) p ORDER BY r.arrival_airport, p.route_revenue DESC",557,3,3,2,True,True,True,4,3,6,1,2,0,0,0,1,53255.91,274131.31,50.0,48,1051214.0,882.737,14,9,3,Incremental Sort,3,1,0,0,1,0,2,2,1,2812833,61063,2235,3990,1550000.0,1000000.0,194240512,79454208,4,5e-05
prod_route_top_passengers,"SELECT r.arrival_airport, p.passenger_id, p.route_revenue FROM (SELECT DISTINCT arrival_airport FROM aviation.flights WHERE departure_airport = 'WAW') r CROSS JOIN LATERAL ( SELECT t.passenger_id, SUM(tf.amount) AS route_revenue FROM aviation.flights f JOIN aviation.ticket_flights tf ON tf.flight_id = f.flight_id JOIN aviation.tickets t ON t.ticket_no = tf.ticket_no WHERE f.departure_airport = 'WAW' AND f.arrival_airport = r.arrival_airport GROUP BY t.passenger_id ORDER BY route_revenue DESC LIMIT 5 ) p ORDER BY r.arrival_airport, p.route_revenue DESC",557,3,3,2,True,True,True,4,3,6,1,2,0,0,0,1,53255.91,274131.31,50.0,48,1051214.0,827.868,14,9,3,Incremental Sort,3,1,0,0,1,0,2,2,1,2826536,47360,2235,3990,1550000.0,1000000.0,194240512,79454208,4,5e-05
prod_aircraft_duration_fit,"SELECT a.aircraft_code, a.model, f.departure_airport, f.arrival_airport, COUNT(*) AS flights, AVG(EXTRACT(EPOCH FROM (f.scheduled_arrival - f.scheduled_departure)) / 3600) AS avg_hours FROM aviation.aircrafts a JOIN aviation.flights f ON f.aircraft_code = a.aircraft_code GROUP BY a.aircraft_code, a.model, f.departure_airport, f.arrival_airport, a.range_km HAVING AVG(EXTRACT(EPOCH FROM (f.scheduled_arrival - f.scheduled_departure)) / 3600) * 800 > a.range_km * 0.8 ORDER BY avg_hours DESC",491,1,0,0,True,True,False,2,2,6,3,1,0,0,0,0,2277.03,2277.45,167.0,71,100344.0,61.749,6,5,2,Sort,2,0,0,0,1,0,0,1,1,2069,0,0,0,50005.0,50000.0,7020544,2744320,3,0.00334
prod_aircraft_duration_fit,"SELECT a.aircraft_code, a.model, f.departure_airport, f.arrival_airport, COUNT(*) AS flights, AVG(EXTRACT(EPOCH FROM (f.scheduled_arrival - f.scheduled_departure)) / 3600) AS avg_hours FROM aviation.aircrafts a JOIN aviation.flights f ON f.aircraft_code = a.aircraft_code GROUP BY a.aircraft_code, a.model, f.departure_airport, f.arrival_airport, a.range_km HAVING AVG(EXTRACT(EPOCH FROM (f.scheduled_arrival - f.scheduled_departure)) / 3600) * 800 > a.range_km * 0.8 ORDER BY avg_hours DESC",491,1,0,0,True,True,False,2,2,6,3,1,0,0,0,0,2277.03,2277.45,167.0,71,100344.0,61.547,6,5,2,Sort,2,0,0,0,1,0,0,1,1,2069,0,0,0,50005.0,50000.0,7020544,2744320,3,0.00334
prod_multi_segment_bookings,"SELECT b.book_ref, b.book_date, COUNT(DISTINCT t.ticket_no) AS passengers, COUNT(tf.flight_id) AS segments, SUM(tf.amount) AS revenue FROM aviation.bookings b JOIN aviation.tickets t ON t.book_ref = b.book_ref JOIN aviation.ticket_flights tf ON tf.ticket_no = t.ticket_no WHERE EXISTS ( SELECT 1 FROM aviation.ticket_flights x WHERE x.ticket_no = t.ticket_no GROUP BY x.ticket_no HAVING COUNT(*) >= 2 ) GROUP BY b.book_ref, b.book_date ORDER BY segments DESC, revenue DESC LIMIT 200",482,2,2,1,True,True,False,4,3,6,4,2,0,0,0,0,2395367.21,2395367.71,200.0,63,4500203.0,6581.942,13,9,3,Limit,3,0,1,0,2,0,0,2,2,13525741,81372,99967,105394,1750000.0,1000000.0,205963264,82354176,3,0.0002
prod_multi_segment_bookings,"SELECT b.book_ref, b.book_date, COUNT(DISTINCT t.ticket_no) AS passengers, COUNT(tf.flight_id) AS segments, SUM(tf.amount) AS revenue FROM aviation.bookings b JOIN aviation.tickets t ON t.book_ref = b.book_ref JOIN aviation.ticket_flights tf ON tf.ticket_no = t.ticket_no WHERE EXISTS ( SELECT 1 FROM aviation.ticket_flights x WHERE x.ticket_no = t.ticket_no GROUP BY x.ticket_no HAVING COUNT(*) >= 2 ) GROUP BY b.book_ref, b.book_date ORDER BY segments DESC, revenue DESC LIMIT 200",482,2,2,1,True,True,False,4,3,6,4,2,0,0,0,0,2395367.21,2395367.71,200.0,63,4500203.0,6729.507,13,9,3,Limit,3,0,1,0,2,0,0,2,2,13525293,81820,99967,105394,1750000.0,1000000.0,205963264,82354176,3,0.0002
prod_route_peer_comparison,"SELECT f.departure_airport, f.arrival_airport, AVG(tf.amount) AS avg_fare FROM aviation.flights f JOIN aviation.ticket_flights tf ON tf.flight_id = f.flight_id GROUP BY f.departure_airport, f.arrival_airport HAVING AVG(tf.amount) > 1.3 * ( SELECT AVG(tf2.amount) FROM aviation.flights f2 JOIN aviation.ticket_flights tf2 ON tf2.flight_id = f2.flight_id WHERE f2.departure_airport = f.departure_airport ) ORDER BY avg_fare DESC",426,2,1,1,True,True,False,4,2,4,3,2,0,0,0,0,2271376.3,2271376.39,33.0,40,3210067.0,4369.842,11,6,2,Sort,4,0,0,0,2,0,0,1,2,36868,446708,0,0,1050000.0,1000000.0,136249344,63668224,3,3.3e-05
prod_route_peer_comparison,"SELECT f.departure_airport, f.arrival_airport, AVG(tf.amount) AS avg_fare FROM aviation.flights f JOIN aviation.ticket_flights tf ON tf.flight_id = f.flight_id GROUP BY f.departure_airport, f.arrival_airport HAVING AVG(tf.amount) > 1.3 * ( SELECT AVG(tf2.amount) FROM aviation.flights f2 JOIN aviation.ticket_flights tf2 ON tf2.flight_id = f2.flight_id WHERE f2.departure_airport = f.departure_airport ) ORDER BY avg_fare DESC",426,2,1,1,True,True,False,4,2,4,3,2,0,0,0,0,2271376.3,2271376.39,33.0,40,3210067.0,3380.155,11,6,2,Sort,4,0,0,0,2,0,0,1,2,40324,443252,0,0,1050000.0,1000000.0,136249344,63668224,3,3.3e-05
prod_booking_funnel,"WITH cohort AS ( SELECT book_ref FROM aviation.bookings WHERE book_date >= DATE '2024-12-10' AND book_date < DATE '2024-12-10' + INTERVAL '30 days' ), ticketed AS ( SELECT c.book_ref, COUNT(DISTINCT t.ticket_no) AS tickets FROM cohort c LEFT JOIN aviation.tickets t ON t.book_ref = c.book_ref GROUP BY c.book_ref ), segmented AS ( SELECT x.book_ref, x.tickets, COUNT(tf.flight_id) AS segments, COUNT(bp.ticket_no) AS boarded FROM ticketed x LEFT JOIN aviation.tickets t ON t.book_ref = x.book_ref LEFT JOIN aviation.ticket_flights tf ON tf.ticket_no = t.ticket_no LEFT JOIN aviation.boarding_passes bp ON bp.ticket_no = tf.ticket_no AND bp.flight_id = tf.flight_id GROUP BY x.book_ref, x.tickets ) SELECT COUNT(*) AS bookings, COUNT(*) FILTER (WHERE tickets > 0) AS with_tickets, COUNT(*) FILTER (WHERE segments > 0) AS with_segments, COUNT(*) FILTER (WHERE boarded > 0) AS with_boarding FROM segmented",902,4,5,3,True,False,False,5,4,11,7,0,4,0,0,0,74581.51,74581.52,1.0,32,1924296.0,918.113,17,13,4,Aggregate,4,0,1,0,3,0,1,1,3,853558,30061,0,0,2550000.0,1000000.0,329580544,157736960,6,1e-06
prod_booking_funnel,"WITH cohort AS ( SELECT book_ref FROM aviation.bookings WHERE book_date >= DATE '2024-12-10' AND book_date < DATE '2024-12-10' + INTERVAL '30 days' ), ticketed AS ( SELECT c.book_ref, COUNT(DISTINCT t.ticket_no) AS tickets FROM cohort c LEFT JOIN aviation.tickets t ON t.book_ref = c.book_ref GROUP BY c.book_ref ), segmented AS ( SELECT x.book_ref, x.tickets, COUNT(tf.flight_id) AS segments, COUNT(bp.ticket_no) AS boarded FROM ticketed x LEFT JOIN aviation.tickets t ON t.book_ref = x.book_ref LEFT JOIN aviation.ticket_flights tf ON tf.ticket_no = t.ticket_no LEFT JOIN aviation.boarding_passes bp ON bp.ticket_no = tf.ticket_no AND bp.flight_id = tf.flight_id GROUP BY x.book_ref, x.tickets ) SELECT COUNT(*) AS bookings, COUNT(*) FILTER (WHERE tickets > 0) AS with_tickets, COUNT(*) FILTER (WHERE segments > 0) AS with_segments, COUNT(*) FILTER (WHERE boarded > 0) AS with_boarding FROM segmented",902,4,5,3,True,False,False,5,4,11,7,0,4,0,0,0,74581.51,74581.52,1.0,32,1924296.0,908.709,17,13,4,Aggregate,4,0,1,0,3,0,1,1,3,856289,27330,0,0,2550000.0,1000000.0,329580544,157736960,6,1e-06
prod_boarded_frequent_flyers,SELECT passenger_id FROM aviation.tickets GROUP BY passenger_id HAVING COUNT(*) >= 3 INTERSECT SELECT t.passenger_id FROM aviation.tickets t JOIN aviation.boarding_passes bp ON bp.ticket_no = t.ticket_no GROUP BY t.passenger_id HAVING COUNT(*) >= 3 ORDER BY passenger_id LIMIT 500,280,1,0,1,True,True,False,3,2,2,2,1,0,0,0,0,213762.84,213767.84,500.0,62,4600503.0,2412.802,13,9,2,Limit,3,0,0,0,1,0,0,1,2,81312,48088,62696,91035,1300000.0,800000.0,181608448,91168768,4,0.000625
prod_boarded_frequent_flyers,SELECT passenger_id FROM aviation.tickets GROUP BY passenger_id HAVING COUNT(*) >= 3 INTERSECT SELECT t.passenger_id FROM aviation.tickets t JOIN aviation.boarding_passes bp ON bp.ticket_no = t.ticket_no GROUP BY t.passenger_id HAVING COUNT(*) >= 3 ORDER BY passenger_id LIMIT 500,280,1,0,1,True,True,False,3,2,2,2,1,0,0,0,0,213762.84,213767.84,500.0,62,4600503.0,2353.584,13,9,2,Limit,3,0,0,0,1,0,0,1,2,82592,46808,62696,91035,1300000.0,800000.0,181608448,91168768,4,0.000625
prod_tickets_without_boarding,SELECT tf.ticket_no FROM aviation.ticket_flights tf WHERE tf.fare_conditions = 'Comfort' EXCEPT SELECT bp.ticket_no FROM aviation.boarding_passes bp ORDER BY ticket_no LIMIT 500,177,0,1,1,False,True,False,2,2,2,0,0,0,0,0,0,212360.97,212379.14,500.0,60,3881473.0,1867.254,8,6,2,Limit,2,0,0,0,0,0,0,1,0,1728,83574,1440,10377,1800000.0,1000000.0,252878848,136323072,4,0.0005
prod_tickets_without_boarding,SELECT tf.ticket_no FROM aviation.ticket_flights tf WHERE tf.fare_conditions = 'Comfort' EXCEPT SELECT bp.ticket_no FROM aviation.boarding_passes bp ORDER BY ticket_no LIMIT 500,177,0,1,1,False,True,False,2,2,2,0,0,0,0,0,0,212360.97,212379.14,500.0,60,3881473.0,1882.477,8,6,2,Limit,2,0,0,0,0,0,0,1,0,2112,83190,1440,10377,1800000.0,1000000.0,252878848,136323072,4,0.0005
prod_route_top_n_per_month,"WITH monthly_routes AS ( SELECT date_trunc('month', f.scheduled_departure) AS month_start, f.departure_airport, f.arrival_airport, COUNT(*) AS tickets, SUM(tf.amount) AS revenue FROM aviation.flights f JOIN aviation.ticket_flights tf ON tf.flight_id = f.flight_id GROUP BY date_trunc('month', f.scheduled_departure), f.departure_airport, f.arrival_airport ), ranked AS ( SELECT *, ROW_NUMBER() OVER (PARTITION BY month_start, departure_airport ORDER BY revenue DESC) AS position FROM monthly_routes ) SELECT * FROM ranked WHERE position <= 10 ORDER BY month_start, departure_airport, position",592,1,1,2,True,True,False,2,2,8,2,1,0,0,0,0,25338.16,25807.54,8763.0,64,1003438.0,570.32,11,10,2,Incremental Sort,2,0,0,0,1,0,0,1,2,17664,73046,0,0,1050000.0,1000000.0,136249344,63668224,3,0.008763
prod_route_top_n_per_month,"WITH monthly_routes AS ( SELECT date_trunc('month', f.scheduled_departure) AS month_start, f.departure_airport, f.arrival_airport, COUNT(*) AS tickets, SUM(tf.amount) AS revenue FROM aviation.flights f JOIN aviation.ticket_flights tf ON tf.flight_id = f.flight_id GROUP BY date_trunc('month', f.scheduled_departure), f.departure_airport, f.arrival_airport ), ranked AS ( SELECT *, ROW_NUMBER() OVER (PARTITION BY month_start, departure_airport ORDER BY revenue DESC) AS position FROM monthly_routes ) SELECT * FROM ranked WHERE position <= 10 ORDER BY month_start, departure_airport, position",592,1,1,2,True,True,False,2,2,8,2,1,0,0,0,0,25338.16,25807.54,8763.0,64,1003438.0,598.755,11,10,2,Incremental Sort,2,0,0,0,1,0,0,1,2,18584,72126,0,0,1050000.0,1000000.0,136249344,63668224,3,0.008763
prod_route_concentration,"WITH route_counts AS ( SELECT departure_airport, arrival_airport, COUNT(*)::numeric AS flights FROM aviation.flights WHERE status = 'Scheduled' GROUP BY departure_airport, arrival_airport ), shares AS ( SELECT *, flights / SUM(flights) OVER (PARTITION BY departure_airport) AS share FROM route_counts ) SELECT departure_airport, SUM(share * share) AS hhi, COUNT(*) AS served_destinations FROM shares GROUP BY departure_airport ORDER BY hhi DESC",444,0,1,2,True,True,False,1,1,8,4,0,0,0,0,0,1247.77,1248.02,100.0,44,12950.0,10.07,7,7,1,Sort,1,0,0,0,0,0,0,2,2,3612,0,0,0,50000.0,50000.0,6987776,2727936,2,0.002
prod_route_concentration,"WITH route_counts AS ( SELECT departure_airport, arrival_airport, COUNT(*)::numeric AS flights FROM aviation.flights WHERE status = 'Scheduled' GROUP BY departure_airport, arrival_airport ), shares AS ( SELECT *, flights / SUM(flights) OVER (PARTITION BY departure_airport) AS share FROM route_counts ) SELECT departure_airport, SUM(share * share) AS hhi, COUNT(*) AS served_destinations FROM shares GROUP BY departure_airport ORDER BY hhi DESC",444,0,1,2,True,True,False,1,1,8,4,0,0,0,0,0,1247.77,1248.02,100.0,44,12950.0,9.662,7,7,1,Sort,1,0,0,0,0,0,0,2,2,3612,0,0,0,50000.0,50000.0,6987776,2727936,2,0.002
prod_lateral_top_fares,"SELECT route.departure_airport, route.arrival_airport, expensive.ticket_no, expensive.amount FROM (SELECT DISTINCT departure_airport, arrival_airport FROM aviation.flights) route CROSS JOIN LATERAL ( SELECT tf.ticket_no, tf.amount FROM aviation.flights f JOIN aviation.ticket_flights tf ON tf.flight_id = f.flight_id WHERE f.departure_airport = route.departure_airport AND f.arrival_airport = route.arrival_airport AND tf.fare_conditions = 'Economy' ORDER BY tf.amount DESC LIMIT 3 ) expensive ORDER BY route.departure_airport, route.arrival_airport, expensive.amount DESC",572,2,3,2,False,True,True,3,2,8,0,1,0,0,0,1,53361.26,2439427.78,300.0,28,929331.0,2861.353,11,7,2,Incremental Sort,3,0,0,0,1,0,1,2,0,63660,475080,0,0,1050000.0,1000000.0,136249344,63668224,3,0.0003
prod_lateral_top_fares,"SELECT route.departure_airport, route.arrival_airport, expensive.ticket_no, expensive.amount FROM (SELECT DISTINCT departure_airport, arrival_airport FROM aviation.flights) route CROSS JOIN LATERAL ( SELECT tf.ticket_no, tf.amount FROM aviation.flights f JOIN aviation.ticket_flights tf ON tf.flight_id = f.flight_id WHERE f.departure_airport = route.departure_airport AND f.arrival_airport = route.arrival_airport AND tf.fare_conditions = 'Economy' ORDER BY tf.amount DESC LIMIT 3 ) expensive ORDER BY route.departure_airport, route.arrival_airport, expensive.amount DESC",572,2,3,2,False,True,True,3,2,8,0,1,0,0,0,1,53361.26,2439427.78,300.0,28,929331.0,2893.605,11,7,2,Incremental Sort,3,0,0,0,1,0,1,2,0,65580,473160,0,0,1050000.0,1000000.0,136249344,63668224,3,0.0003
prod_recursive_calendar_gaps,"WITH RECURSIVE calendar(day) AS ( SELECT DATE '2025-10-29' UNION ALL SELECT day + 1 FROM calendar WHERE day < DATE '2025-10-29' + 90 ), traffic AS ( SELECT scheduled_departure::date AS day, COUNT(*) AS flights FROM aviation.flights GROUP BY scheduled_departure::date ) SELECT c.day, COALESCE(t.flights, 0) AS flights, AVG(COALESCE(t.flights, 0)) OVER (ORDER BY c.day ROWS BETWEEN 6 PRECEDING AND CURRENT ROW) AS weekly_average FROM calendar c LEFT JOIN traffic t USING (day) ORDER BY c.day",489,1,1,3,True,True,False,1,1,7,2,0,1,0,0,0,1708.94,1732.69,1358.0,44,62934.0,22.895,10,5,1,WindowAgg,1,0,0,0,1,0,0,1,1,2580,0,0,0,50000.0,50000.0,6987776,2727936,2,0.02716
prod_recursive_calendar_gaps,"WITH RECURSIVE calendar(day) AS ( SELECT DATE '2025-10-29' UNION ALL SELECT day + 1 FROM calendar WHERE day < DATE '2025-10-29' + 90 ), traffic AS ( SELECT scheduled_departure::date AS day, COUNT(*) AS flights FROM aviation.flights GROUP BY scheduled_departure::date ) SELECT c.day, COALESCE(t.flights, 0) AS flights, AVG(COALESCE(t.flights, 0)) OVER (ORDER BY c.day ROWS BETWEEN 6 PRECEDING AND CURRENT ROW) AS weekly_average FROM calendar c LEFT JOIN traffic t USING (day) ORDER BY c.day",489,1,1,3,True,True,False,1,1,7,2,0,1,0,0,0,1708.94,1732.69,1358.0,44,62934.0,25.244,10,5,1,WindowAgg,1,0,0,0,1,0,0,1,1,2580,0,0,0,50000.0,50000.0,6987776,2727936,2,0.02716
prod_booking_reconciliation,"SELECT b.book_ref, b.total_amount, COALESCE(SUM(tf.amount), 0) AS sold_amount, b.total_amount - COALESCE(SUM(tf.amount), 0) AS difference FROM aviation.bookings b LEFT JOIN aviation.tickets t ON t.book_ref = b.book_ref LEFT JOIN aviation.ticket_flights tf ON tf.ticket_no = t.ticket_no GROUP BY b.book_ref, b.total_amount HAVING ABS(b.total_amount - COALESCE(SUM(tf.amount), 0)) > 2500 ORDER BY ABS(b.total_amount - COALESCE(SUM(tf.amount), 0)) DESC LIMIT 200",459,2,0,0,True,True,False,3,3,4,4,0,2,0,0,0,160159.46,160159.96,200.0,109,3249246.0,2499.382,13,10,3,Limit,3,0,0,0,2,0,0,2,2,70675,70686,77768,80098,1750000.0,1000000.0,205963264,82354176,3,0.0002
prod_booking_reconciliation,"SELECT b.book_ref, b.total_amount, COALESCE(SUM(tf.amount), 0) AS sold_amount, b.total_amount - COALESCE(SUM(tf.amount), 0) AS difference FROM aviation.bookings b LEFT JOIN aviation.tickets t ON t.book_ref = b.book_ref LEFT JOIN aviation.ticket_flights tf ON tf.ticket_no = t.ticket_no GROUP BY b.book_ref, b.total_amount HAVING ABS(b.total_amount - COALESCE(SUM(tf.amount), 0)) > 2500 ORDER BY ABS(b.total_amount - COALESCE(SUM(tf.amount), 0)) DESC LIMIT 200",459,2,0,0,True,True,False,3,3,4,4,0,2,0,0,0,160159.46,160159.96,200.0,109,3249246.0,2582.226,13,10,3,Limit,3,0,0,0,2,0,0,2,2,71539,69822,77782,80000,1750000.0,1000000.0,205963264,82354176,3,0.0002
prod_network_two_hop,"WITH RECURSIVE network(origin, destination, depth, path) AS ( SELECT departure_airport, arrival_airport, 1, ARRAY[departure_airport::text, arrival_airport::text] FROM aviation.flights WHERE departure_airport = 'WAW' UNION SELECT n.origin, f.arrival_airport, n.depth + 1, n.path || f.arrival_airport FROM network n JOIN aviation.flights f ON f.departure_airport = n.destination WHERE n.depth < 2 AND NOT f.arrival_airport = ANY(n.path) ) SELECT destination, MIN(depth) AS hops, COUNT(*) AS alternatives FROM network GROUP BY destination ORDER BY hops, alternatives DESC",568,1,3,2,True,True,False,2,1,11,2,1,0,0,0,0,3112481.83,3112482.33,200.0,28,83502430.0,402.704,10,5,1,Sort,2,0,0,0,0,1,0,3,1,6192,0,0,0,50000.0,50000.0,6987776,2727936,2,0.004
prod_network_two_hop,"WITH RECURSIVE network(origin, destination, depth, path) AS ( SELECT departure_airport, arrival_airport, 1, ARRAY[departure_airport::text, arrival_airport::text] FROM aviation.flights WHERE departure_airport = 'WAW' UNION SELECT n.origin, f.arrival_airport, n.depth + 1, n.path || f.arrival_airport FROM network n JOIN aviation.flights f ON f.departure_airport = n.destination WHERE n.depth < 2 AND NOT f.arrival_airport = ANY(n.path) ) SELECT destination, MIN(depth) AS hops, COUNT(*) AS alternatives FROM network GROUP BY destination ORDER BY hops, alternatives DESC",568,1,3,2,True,True,False,2,1,11,2,1,0,0,0,0,3112481.83,3112482.33,200.0,28,83502430.0,618.641,10,5,1,Sort,2,0,0,0,0,1,0,3,1,6192,0,0,0,50000.0,50000.0,6987776,2727936,2,0.004
prod_passenger_no_show_streak,"WITH attendance AS ( SELECT t.passenger_id, f.scheduled_departure, CASE WHEN bp.ticket_no IS NULL THEN 1 ELSE 0 END AS no_show FROM aviation.tickets t JOIN aviation.ticket_flights tf ON tf.ticket_no = t.ticket_no JOIN aviation.flights f ON f.flight_id = tf.flight_id LEFT JOIN aviation.boarding_passes bp ON bp.ticket_no = tf.ticket_no AND bp.flight_id = tf.flight_id ), runs AS ( SELECT *, SUM(CASE WHEN no_show = 0 THEN 1 ELSE 0 END) OVER (PARTITION BY passenger_id ORDER BY scheduled_departure) AS run_id FROM attendance ) SELECT passenger_id, run_id, COUNT(*) AS consecutive_no_shows FROM runs WHERE no_show = 1 GROUP BY passenger_id, run_id HAVING COUNT(*) >= 4 ORDER BY consecutive_no_shows DESC LIMIT 200",711,3,1,2,True,True,False,4,4,8,3,2,1,0,0,0,260558.96,260559.46,200.0,28,5280201.0,3594.964,18,13,4,Limit,4,0,0,0,3,0,0,2,1,95786,160244,223226,230828,2350000.0,1000000.0,317857792,154836992,7,0.0002
prod_passenger_no_show_streak,"WITH attendance AS ( SELECT t.passenger_id, f.scheduled_departure, CASE WHEN bp.ticket_no IS NULL THEN 1 ELSE 0 END AS no_show FROM aviation.tickets t JOIN aviation.ticket_flights tf ON tf.ticket_no = t.ticket_no JOIN aviation.flights f ON f.flight_id = tf.flight_id LEFT JOIN aviation.boarding_passes bp ON bp.ticket_no = tf.ticket_no AND bp.flight_id = tf.flight_id ), runs AS ( SELECT *, SUM(CASE WHEN no_show = 0 THEN 1 ELSE 0 END) OVER (PARTITION BY passenger_id ORDER BY scheduled_departure) AS run_id FROM attendance ) SELECT passenger_id, run_id, COUNT(*) AS consecutive_no_shows FROM runs WHERE no_show = 1 GROUP BY passenger_id, run_id HAVING COUNT(*) >= 4 ORDER BY consecutive_no_shows DESC LIMIT 200",711,3,1,2,True,True,False,4,4,8,3,2,1,0,0,0,260558.96,260559.46,200.0,28,5280201.0,3376.957,18,13,4,Limit,4,0,0,0,3,0,0,2,1,98098,157932,223259,230764,2350000.0,1000000.0,317857792,154836992,7,0.0002
prod_airport_hourly_pressure,"WITH hourly AS ( SELECT date_trunc('hour', scheduled_departure) AS hour_start, COUNT(*) AS departures FROM aviation.flights WHERE departure_airport = 'BQT' AND scheduled_departure >= DATE '2025-05-17' - INTERVAL '14 days' AND scheduled_departure < DATE '2025-05-17' + INTERVAL '14 days' GROUP BY date_trunc('hour', scheduled_departure) ) SELECT hour_start, departures, SUM(departures) OVER (ORDER BY hour_start ROWS BETWEEN 3 PRECEDING AND 3 FOLLOWING) AS seven_hour_pressure, CUME_DIST() OVER (ORDER BY departures) AS pressure_percentile FROM hourly ORDER BY seven_hour_pressure DESC LIMIT 100",594,0,3,1,True,True,False,1,1,6,3,0,0,0,0,0,1458.27,1458.52,100.0,56,2739.0,8.655,8,8,1,Limit,1,0,0,0,0,0,0,3,1,4128,0,0,0,50000.0,50000.0,6987776,2727936,2,0.002
prod_airport_hourly_pressure,"WITH hourly AS ( SELECT date_trunc('hour', scheduled_departure) AS hour_start, COUNT(*) AS departures FROM aviation.flights WHERE departure_airport = 'BQT' AND scheduled_departure >= DATE '2025-05-17' - INTERVAL '14 days' AND scheduled_departure < DATE '2025-05-17' + INTERVAL '14 days' GROUP BY date_trunc('hour', scheduled_departure) ) SELECT hour_start, departures, SUM(departures) OVER (ORDER BY hour_start ROWS BETWEEN 3 PRECEDING AND 3 FOLLOWING) AS seven_hour_pressure, CUME_DIST() OVER (ORDER BY departures) AS pressure_percentile FROM hourly ORDER BY seven_hour_pressure DESC LIMIT 100",594,0,3,1,True,True,False,1,1,6,3,0,0,0,0,0,1458.27,1458.52,100.0,56,2739.0,9.061,8,8,1,Limit,1,0,0,0,0,0,0,3,1,4128,0,0,0,50000.0,50000.0,6987776,2727936,2,0.002
prod_rolling_booking_revenue,"WITH daily AS ( SELECT book_date::date AS day, SUM(total_amount) AS revenue, COUNT(*) AS bookings FROM aviation.bookings GROUP BY book_date::date ) SELECT day, revenue, bookings, SUM(revenue) OVER (ORDER BY day ROWS BETWEEN 55 PRECEDING AND CURRENT ROW) AS rolling_revenue, AVG(bookings) OVER (ORDER BY day ROWS BETWEEN 55 PRECEDING AND CURRENT ROW) AS rolling_bookings FROM daily ORDER BY day",393,0,0,1,True,True,False,1,1,8,4,0,0,0,0,0,5555.35,5612.68,365.0,108,148884.0,92.877,6,6,1,WindowAgg,1,0,0,0,0,0,0,1,2,9590,0,0,0,250000.0,250000.0,18710528,5627904,1,0.00146
prod_rolling_booking_revenue,"WITH daily AS ( SELECT book_date::date AS day, SUM(total_amount) AS revenue, COUNT(*) AS bookings FROM aviation.bookings GROUP BY book_date::date ) SELECT day, revenue, bookings, SUM(revenue) OVER (ORDER BY day ROWS BETWEEN 55 PRECEDING AND CURRENT ROW) AS rolling_revenue, AVG(bookings) OVER (ORDER BY day ROWS BETWEEN 55 PRECEDING AND CURRENT ROW) AS rolling_bookings FROM daily ORDER BY day",393,0,0,1,True,True,False,1,1,8,4,0,0,0,0,0,5555.35,5612.68,365.0,108,148884.0,93.81,6,6,1,WindowAgg,1,0,0,0,0,0,0,1,2,9590,0,0,0,250000.0,250000.0,18710528,5627904,1,0.00146
prod_latest_booking_per_passenger,"SELECT DISTINCT ON (t.passenger_id) t.passenger_id, t.passenger_name, b.book_ref, b.book_date, b.total_amount FROM aviation.tickets t JOIN aviation.bookings b ON b.book_ref = t.book_ref WHERE t.passenger_id LIKE '95%' ORDER BY t.passenger_id, b.book_date DESC, b.book_ref DESC",276,1,1,0,False,True,True,2,2,5,0,1,0,0,0,0,12575.31,13163.6,5051.0,49,167313.0,96.625,7,6,2,Unique,2,0,0,0,1,0,0,1,0,39193,0,0,0,750000.0,500000.0,76701696,21413888,2,0.010102
prod_latest_booking_per_passenger,"SELECT DISTINCT ON (t.passenger_id) t.passenger_id, t.passenger_name, b.book_ref, b.book_date, b.total_amount FROM aviation.tickets t JOIN aviation.bookings b ON b.book_ref = t.book_ref WHERE t.passenger_id LIKE '95%' ORDER BY t.passenger_id, b.book_date DESC, b.book_ref DESC",276,1,1,0,False,True,True,2,2,5,0,1,0,0,0,0,12575.31,13163.6,5051.0,49,167313.0,96.573,7,6,2,Unique,2,0,0,0,1,0,0,1,0,39193,0,0,0,750000.0,500000.0,76701696,21413888,2,0.010102
prod_revenue_iqr_outliers,"WITH route_stats AS ( SELECT f.departure_airport, f.arrival_airport, percentile_cont(0.25) WITHIN GROUP (ORDER BY tf.amount) AS q1, percentile_cont(0.75) WITHIN GROUP (ORDER BY tf.amount) AS q3 FROM aviation.flights f JOIN aviation.ticket_flights tf ON tf.flight_id = f.flight_id WHERE tf.fare_conditions = 'Business' GROUP BY f.departure_airport, f.arrival_airport ) SELECT f.flight_id, tf.ticket_no, tf.amount, s.q1, s.q3 FROM aviation.ticket_flights tf JOIN aviation.flights f ON f.flight_id = tf.flight_id JOIN route_stats s USING (departure_airport, arrival_airport) WHERE tf.fare_conditions = 'Business' AND (tf.amount < s.q1 - 1.5 * (s.q3 - s.q1) OR tf.amount > s.q3 + 1.5 * (s.q3 - s.q1)) ORDER BY tf.amount DESC LIMIT 200",730,3,3,1,True,True,False,4,2,9,2,3,0,0,0,0,45270.73,45271.23,200.0,40,337716.0,258.723,17,13,2,Limit,4,0,0,0,3,0,0,2,1,41550,125124,0,0,1050000.0,1000000.0,136249344,63668224,3,0.0002
prod_revenue_iqr_outliers,"WITH route_stats AS ( SELECT f.departure_airport, f.arrival_airport, percentile_cont(0.25) WITHIN GROUP (ORDER BY tf.amount) AS q1, percentile_cont(0.75) WITHIN GROUP (ORDER BY tf.amount) AS q3 FROM aviation.flights f JOIN aviation.ticket_flights tf ON tf.flight_id = f.flight_id WHERE tf.fare_conditions = 'Business' GROUP BY f.departure_airport, f.arrival_airport ) SELECT f.flight_id, tf.ticket_no, tf.amount, s.q1, s.q3 FROM aviation.ticket_flights tf JOIN aviation.flights f ON f.flight_id = tf.flight_id JOIN route_stats s USING (departure_airport, arrival_airport) WHERE tf.fare_conditions = 'Business' AND (tf.amount < s.q1 - 1.5 * (s.q3 - s.q1) OR tf.amount > s.q3 + 1.5 * (s.q3 - s.q1)) ORDER BY tf.amount DESC LIMIT 200",730,3,3,1,True,True,False,4,2,9,2,3,0,0,0,0,45270.73,45271.23,200.0,40,337716.0,231.279,17,13,2,Limit,4,0,0,0,3,0,0,2,1,43722,122952,0,0,1050000.0,1000000.0,136249344,63668224,3,0.0002
prod_seat_heatmap,"SELECT s.seat_no, s.fare_conditions, COUNT(DISTINCT f.flight_id) AS operated_flights, COUNT(bp.ticket_no) AS occupied, COUNT(bp.ticket_no)::numeric / NULLIF(COUNT(DISTINCT f.flight_id), 0) AS utilization FROM aviation.seats s JOIN aviation.flights f ON f.aircraft_code = s.aircraft_code LEFT JOIN aviation.boarding_passes bp ON bp.flight_id = f.flight_id AND bp.seat_no = s.seat_no WHERE s.aircraft_code = '320' GROUP BY s.seat_no, s.fare_conditions ORDER BY utilization DESC, s.seat_no",486,2,1,0,True,True,False,3,3,5,4,1,1,0,0,0,376303.96,376304.26,121.0,59,6930534.0,7614.897,10,7,3,Sort,3,0,0,0,1,0,1,2,1,5400,33029,78303,82049,850900.0,800000.0,130727936,78168064,6,0.00015125
prod_seat_heatmap,"SELECT s.seat_no, s.fare_conditions, COUNT(DISTINCT f.flight_id) AS operated_flights, COUNT(bp.ticket_no) AS occupied, COUNT(bp.ticket_no)::numeric / NULLIF(COUNT(DISTINCT f.flight_id), 0) AS utilization FROM aviation.seats s JOIN aviation.flights f ON f.aircraft_code = s.aircraft_code LEFT JOIN aviation.boarding_passes bp ON bp.flight_id = f.flight_id AND bp.seat_no = s.seat_no WHERE s.aircraft_code = '320' GROUP BY s.seat_no, s.fare_conditions ORDER BY utilization DESC, s.seat_no",486,2,1,0,True,True,False,3,3,5,4,1,1,0,0,0,376303.96,376304.26,121.0,59,6930534.0,7710.634,10,7,3,Sort,3,0,0,0,1,0,1,2,1,5627,32802,78303,82049,850900.0,800000.0,130727936,78168064,6,0.00015125
prod_load_factor_percentile,"WITH capacity AS ( SELECT aircraft_code, COUNT(*) AS seats FROM aviation.seats GROUP BY aircraft_code ), loads AS ( SELECT f.flight_id, f.arrival_airport, COUNT(tf.ticket_no)::numeric / c.seats AS load_factor FROM aviation.flights f JOIN capacity c ON c.aircraft_code = f.aircraft_code LEFT JOIN aviation.ticket_flights tf ON tf.flight_id = f.flight_id WHERE f.departure_airport = 'IST' GROUP BY f.flight_id, f.arrival_airport, c.seats ) SELECT *, PERCENT_RANK() OVER (PARTITION BY arrival_airport ORDER BY load_factor) AS route_percentile FROM loads ORDER BY route_percentile DESC, load_factor DESC LIMIT 200",609,2,1,2,True,True,False,3,3,7,3,1,1,0,0,0,27557.38,27557.88,200.0,48,1338929.0,320.787,15,11,3,Limit,3,0,0,0,2,0,0,2,2,16591,63630,0,0,1050900.0,1000000.0,136372224,63725568,4,0.0002
prod_load_factor_percentile,"WITH capacity AS ( SELECT aircraft_code, COUNT(*) AS seats FROM aviation.seats GROUP BY aircraft_code ), loads AS ( SELECT f.flight_id, f.arrival_airport, COUNT(tf.ticket_no)::numeric / c.seats AS load_factor FROM aviation.flights f JOIN capacity c ON c.aircraft_code = f.aircraft_code LEFT JOIN aviation.ticket_flights tf ON tf.flight_id = f.flight_id WHERE f.departure_airport = 'IST' GROUP BY f.flight_id, f.arrival_airport, c.seats ) SELECT *, PERCENT_RANK() OVER (PARTITION BY arrival_airport ORDER BY load_factor) AS route_percentile FROM loads ORDER BY route_percentile DESC, load_factor DESC LIMIT 200",609,2,1,2,True,True,False,3,3,7,3,1,1,0,0,0,27557.38,27557.88,200.0,48,1338929.0,309.275,15,11,3,Limit,3,0,0,0,2,0,0,2,2,16879,63342,0,0,1050900.0,1000000.0,136372224,63725568,4,0.0002
prod_route_status_cube,"SELECT departure_airport, arrival_airport, status, aircraft_code, COUNT(*) AS flights, AVG(EXTRACT(EPOCH FROM (scheduled_arrival - scheduled_departure)) / 60) AS avg_minutes FROM aviation.flights WHERE scheduled_departure >= DATE '2025-05-21' - INTERVAL '60 days' AND scheduled_departure < DATE '2025-05-21' + INTERVAL '60 days' GROUP BY CUBE (departure_airport, arrival_airport, status, aircraft_code) HAVING COUNT(*) >= 2 ORDER BY flights DESC NULLS LAST LIMIT 500",466,0,2,0,True,True,False,1,1,6,3,0,0,0,0,0,5994.63,5995.88,500.0,60,19400.0,104.109,4,4,1,Limit,1,0,0,0,0,0,0,1,1,2064,0,0,0,50000.0,50000.0,6987776,2727936,2,0.01
prod_route_status_cube,"SELECT departure_airport, arrival_airport, status, aircraft_code, COUNT(*) AS flights, AVG(EXTRACT(EPOCH FROM (scheduled_arrival - scheduled_departure)) / 60) AS avg_minutes FROM aviation.flights WHERE scheduled_departure >= DATE '2025-05-21' - INTERVAL '60 days' AND scheduled_departure < DATE '2025-05-21' + INTERVAL '60 days' GROUP BY CUBE (departure_airport, arrival_airport, status, aircraft_code) HAVING COUNT(*) >= 2 ORDER BY flights DESC NULLS LAST LIMIT 500",466,0,2,0,True,True,False,1,1,6,3,0,0,0,0,0,5994.63,5995.88,500.0,60,19400.0,92.49,4,4,1,Limit,1,0,0,0,0,0,0,1,1,2064,0,0,0,50000.0,50000.0,6987776,2727936,2,0.01
prod_customer_value_deciles,"WITH passenger_value AS ( SELECT t.passenger_id, COUNT(DISTINCT t.ticket_no) AS tickets, SUM(tf.amount) AS revenue FROM aviation.tickets t JOIN aviation.ticket_flights tf ON tf.ticket_no = t.ticket_no GROUP BY t.passenger_id HAVING COUNT(DISTINCT t.ticket_no) >= 5 ), scored AS ( SELECT *, NTILE(10) OVER (ORDER BY revenue DESC) AS value_decile FROM passenger_value ) SELECT value_decile, COUNT(*) AS passengers, AVG(revenue) AS avg_revenue FROM scored GROUP BY value_decile ORDER BY value_decile",496,1,0,2,True,True,False,2,2,8,6,1,0,0,0,0,222950.56,222951.06,200.0,44,4667068.0,3789.883,11,10,2,Sort,2,0,0,0,1,0,0,3,2,59786,66680,128186,130774,1500000.0,1000000.0,187252736,76726272,2,0.0002
prod_customer_value_deciles,"WITH passenger_value AS ( SELECT t.passenger_id, COUNT(DISTINCT t.ticket_no) AS tickets, SUM(tf.amount) AS revenue FROM aviation.tickets t JOIN aviation.ticket_flights tf ON tf.ticket_no = t.ticket_no GROUP BY t.passenger_id HAVING COUNT(DISTINCT t.ticket_no) >= 5 ), scored AS ( SELECT *, NTILE(10) OVER (ORDER BY revenue DESC) AS value_decile FROM passenger_value ) SELECT value_decile, COUNT(*) AS passengers, AVG(revenue) AS avg_revenue FROM scored GROUP BY value_decile ORDER BY value_decile",496,1,0,2,True,True,False,2,2,8,6,1,0,0,0,0,222950.56,222951.06,200.0,44,4667068.0,4357.747,11,10,2,Sort,2,0,0,0,1,0,0,3,2,60044,66422,128186,130774,1500000.0,1000000.0,187252736,76726272,2,0.0002
prod_duplicate_passenger_summary,"SELECT passenger_id, MIN(passenger_name) AS canonical_name, COUNT(DISTINCT passenger_name) AS name_versions, COUNT(DISTINCT book_ref) AS bookings FROM aviation.tickets GROUP BY passenger_id HAVING COUNT(DISTINCT book_ref) >= 4 ORDER BY name_versions DESC, bookings DESC LIMIT 200",279,0,0,0,True,True,False,1,1,4,4,0,0,0,0,0,90852.65,90853.15,200.0,60,1333534.0,1885.879,5,5,1,Limit,1,0,0,0,0,0,0,2,1,24125,1605,11216,11252,500000.0,500000.0,57991168,15785984,1,0.0004
prod_duplicate_passenger_summary,"SELECT passenger_id, MIN(passenger_name) AS canonical_name, COUNT(DISTINCT passenger_name) AS name_versions, COUNT(DISTINCT book_ref) AS bookings FROM aviation.tickets GROUP BY passenger_id HAVING COUNT(DISTINCT book_ref) >= 4 ORDER BY name_versions DESC, bookings DESC LIMIT 200",279,0,0,0,True,True,False,1,1,4,4,0,0,0,0,0,90852.65,90853.15,200.0,60,1333534.0,1637.569,5,5,1,Limit,1,0,0,0,0,0,0,2,1,24285,1445,11216,11252,500000.0,500000.0,57991168,15785984,1,0.0004
prod_integrity_audit,"SELECT 'tickets_without_booking' AS check_name, COUNT(*) AS failures FROM aviation.tickets t LEFT JOIN aviation.bookings b ON b.book_ref = t.book_ref WHERE b.book_ref IS NULL UNION ALL SELECT 'segments_without_ticket', COUNT(*) FROM aviation.ticket_flights tf LEFT JOIN aviation.tickets t ON t.ticket_no = tf.ticket_no WHERE t.ticket_no IS NULL UNION ALL SELECT 'boarding_without_segment', COUNT(*) FROM aviation.boarding_passes bp LEFT JOIN aviation.ticket_flights tf ON tf.ticket_no = bp.ticket_no AND tf.flight_id = bp.flight_id WHERE tf.ticket_no IS NULL UNION ALL SELECT 'flight_without_aircraft', COUNT(*) FROM aviation.flights f LEFT JOIN aviation.aircrafts a ON a.aircraft_code = f.aircraft_code WHERE a.aircraft_code IS NULL AND f.flight_id >= 15001",758,4,5,3,False,False,False,8,6,8,4,0,4,0,0,0,54450.01,79551.44,4.0,40,5834999.0,1484.135,22,6,6,Gather,8,0,0,0,4,0,0,0,4,83303,107444,54416,60650,2600005.0,1000000.0,336601088,160481280,9,4e-06
prod_integrity_audit,"SELECT 'tickets_without_booking' AS check_name, COUNT(*) AS failures FROM aviation.tickets t LEFT JOIN aviation.bookings b ON b.book_ref = t.book_ref WHERE b.book_ref IS NULL UNION ALL SELECT 'segments_without_ticket', COUNT(*) FROM aviation.ticket_flights tf LEFT JOIN aviation.tickets t ON t.ticket_no = tf.ticket_no WHERE t.ticket_no IS NULL UNION ALL SELECT 'boarding_without_segment', COUNT(*) FROM aviation.boarding_passes bp LEFT JOIN aviation.ticket_flights tf ON tf.ticket_no = bp.ticket_no AND tf.flight_id = bp.flight_id WHERE tf.ticket_no IS NULL UNION ALL SELECT 'flight_without_aircraft', COUNT(*) FROM aviation.flights f LEFT JOIN aviation.aircrafts a ON a.aircraft_code = f.aircraft_code WHERE a.aircraft_code IS NULL AND f.flight_id >= 15001",758,4,5,3,False,False,False,8,6,8,4,0,4,0,0,0,54450.01,79551.44,4.0,40,5834999.0,1475.301,22,6,6,Gather,8,0,0,0,4,0,0,0,4,83651,107096,54416,60650,2600005.0,1000000.0,336601088,160481280,9,4e-06
prod_aircraft_turnaround,"WITH rotations AS ( SELECT flight_id, departure_airport, arrival_airport, scheduled_departure, LAG(scheduled_arrival) OVER ( PARTITION BY aircraft_code ORDER BY scheduled_departure ) AS prior_arrival FROM aviation.flights WHERE aircraft_code = '738' ) SELECT departure_airport, COUNT(*) AS rotations, AVG(scheduled_departure - prior_arrival) AS avg_turnaround, MIN(scheduled_departure - prior_arrival) AS min_turnaround FROM rotations WHERE prior_arrival IS NOT NULL GROUP BY departure_airport ORDER BY min_turnaround",517,0,2,1,True,True,False,1,1,9,4,0,0,0,0,0,2239.45,2239.48,10.0,44,40298.0,22.507,6,6,1,Sort,1,0,0,0,0,0,0,2,1,3096,0,0,0,50000.0,50000.0,6987776,2727936,2,0.0002
prod_aircraft_turnaround,"WITH rotations AS ( SELECT flight_id, departure_airport, arrival_airport, scheduled_departure, LAG(scheduled_arrival) OVER ( PARTITION BY aircraft_code ORDER BY scheduled_departure ) AS prior_arrival FROM aviation.flights WHERE aircraft_code = '738' ) SELECT departure_airport, COUNT(*) AS rotations, AVG(scheduled_departure - prior_arrival) AS avg_turnaround, MIN(scheduled_departure - prior_arrival) AS min_turnaround FROM rotations WHERE prior_arrival IS NOT NULL GROUP BY departure_airport ORDER BY min_turnaround",517,0,2,1,True,True,False,1,1,9,4,0,0,0,0,0,2239.45,2239.48,10.0,44,40298.0,24.246,6,6,1,Sort,1,0,0,0,0,0,0,2,1,3096,0,0,0,50000.0,50000.0,6987776,2727936,2,0.0002
prod_fare_mix_change,"WITH monthly AS ( SELECT date_trunc('month', f.scheduled_departure) AS month_start, tf.fare_conditions, COUNT(*) AS sold FROM aviation.flights f JOIN aviation.ticket_flights tf ON tf.flight_id = f.flight_id WHERE f.departure_airport = 'GNA' GROUP BY date_trunc('month', f.scheduled_departure), tf.fare_conditions ), shares AS ( SELECT *, sold::numeric / SUM(sold) OVER (PARTITION BY month_start) AS share FROM monthly ) SELECT *, share - LAG(share) OVER (PARTITION BY fare_conditions ORDER BY month_start) AS share_change FROM shares ORDER BY ABS(share - LAG(share) OVER (PARTITION BY fare_conditions ORDER BY month_start)) DESC NULLS LAST",639,1,1,2,True,True,False,2,2,7,4,1,0,0,0,0,22174.29,22204.44,12060.0,120,577907.0,154.815,12,11,2,Sort,2,0,0,0,1,0,0,3,2,32210,68410,0,0,1050000.0,1000000.0,136249344,63668224,3,0.01206
prod_fare_mix_change,"WITH monthly AS ( SELECT date_trunc('month', f.scheduled_departure) AS month_start, tf.fare_conditions, COUNT(*) AS sold FROM aviation.flights f JOIN aviation.ticket_flights tf ON tf.flight_id = f.flight_id WHERE f.departure_airport = 'GNA' GROUP BY date_trunc('month', f.scheduled_departure), tf.fare_conditions ), shares AS ( SELECT *, sold::numeric / SUM(sold) OVER (PARTITION BY month_start) AS share FROM monthly ) SELECT *, share - LAG(share) OVER (PARTITION BY fare_conditions ORDER BY month_start) AS share_change FROM shares ORDER BY ABS(share - LAG(share) OVER (PARTITION BY fare_conditions ORDER BY month_start)) DESC NULLS LAST",639,1,1,2,True,True,False,2,2,7,4,1,0,0,0,0,22174.29,22204.44,12060.0,120,577907.0,157.474,12,11,2,Sort,2,0,0,0,1,0,0,3,2,33170,67450,0,0,1050000.0,1000000.0,136249344,63668224,3,0.01206
prod_load_factor_percentile,"WITH capacity AS ( SELECT aircraft_code, COUNT(*) AS seats FROM aviation.seats GROUP BY aircraft_code ), loads AS ( SELECT f.flight_id, f.arrival_airport, COUNT(tf.ticket_no)::numeric / c.seats AS load_factor FROM aviation.flights f JOIN capacity c ON c.aircraft_code = f.aircraft_code LEFT JOIN aviation.ticket_flights tf ON tf.flight_id = f.flight_id WHERE f.departure_airport = 'MSQ' GROUP BY f.flight_id, f.arrival_airport, c.seats ) SELECT *, PERCENT_RANK() OVER (PARTITION BY arrival_airport ORDER BY load_factor) AS route_percentile FROM loads ORDER BY route_percentile DESC, load_factor DESC LIMIT 200",609,2,1,2,True,True,False,3,3,7,3,1,1,0,0,0,27479.37,27479.87,200.0,48,1334239.0,544.239,15,11,3,Limit,3,0,0,0,2,0,0,2,2,20380,59841,0,0,1050900.0,1000000.0,136372224,63725568,4,0.0002
prod_load_factor_percentile,"WITH capacity AS ( SELECT aircraft_code, COUNT(*) AS seats FROM aviation.seats GROUP BY aircraft_code ), loads AS ( SELECT f.flight_id, f.arrival_airport, COUNT(tf.ticket_no)::numeric / c.seats AS load_factor FROM aviation.flights f JOIN capacity c ON c.aircraft_code = f.aircraft_code LEFT JOIN aviation.ticket_flights tf ON tf.flight_id = f.flight_id WHERE f.departure_airport = 'MSQ' GROUP BY f.flight_id, f.arrival_airport, c.seats ) SELECT *, PERCENT_RANK() OVER (PARTITION BY arrival_airport ORDER BY load_factor) AS route_percentile FROM loads ORDER BY route_percentile DESC, load_factor DESC LIMIT 200",609,2,1,2,True,True,False,3,3,7,3,1,1,0,0,0,27479.37,27479.87,200.0,48,1334239.0,304.369,15,11,3,Limit,3,0,0,0,2,0,0,2,2,20668,59553,0,0,1050900.0,1000000.0,136372224,63725568,4,0.0002
prod_rolling_booking_revenue,"WITH daily AS ( SELECT book_date::date AS day, SUM(total_amount) AS revenue, COUNT(*) AS bookings FROM aviation.bookings GROUP BY book_date::date ) SELECT day, revenue, bookings, SUM(revenue) OVER (ORDER BY day ROWS BETWEEN 27 PRECEDING AND CURRENT ROW) AS rolling_revenue, AVG(bookings) OVER (ORDER BY day ROWS BETWEEN 27 PRECEDING AND CURRENT ROW) AS rolling_bookings FROM daily ORDER BY day",393,0,0,1,True,True,False,1,1,8,4,0,0,0,0,0,5555.35,5612.68,365.0,108,148884.0,104.822,6,6,1,WindowAgg,1,0,0,0,0,0,0,1,2,9590,0,0,0,250000.0,250000.0,18710528,5627904,1,0.00146
prod_rolling_booking_revenue,"WITH daily AS ( SELECT book_date::date AS day, SUM(total_amount) AS revenue, COUNT(*) AS bookings FROM aviation.bookings GROUP BY book_date::date ) SELECT day, revenue, bookings, SUM(revenue) OVER (ORDER BY day ROWS BETWEEN 27 PRECEDING AND CURRENT ROW) AS rolling_revenue, AVG(bookings) OVER (ORDER BY day ROWS BETWEEN 27 PRECEDING AND CURRENT ROW) AS rolling_bookings FROM daily ORDER BY day",393,0,0,1,True,True,False,1,1,8,4,0,0,0,0,0,5555.35,5612.68,365.0,108,148884.0,96.693,6,6,1,WindowAgg,1,0,0,0,0,0,0,1,2,9590,0,0,0,250000.0,250000.0,18710528,5627904,1,0.00146
prod_latest_booking_per_passenger,"SELECT DISTINCT ON (t.passenger_id) t.passenger_id, t.passenger_name, b.book_ref, b.book_date, b.total_amount FROM aviation.tickets t JOIN aviation.bookings b ON b.book_ref = t.book_ref WHERE t.passenger_id LIKE '63%' ORDER BY t.passenger_id, b.book_date DESC, b.book_ref DESC",276,1,1,0,False,True,True,2,2,5,0,1,0,0,0,0,12575.31,13163.6,5051.0,49,167313.0,105.926,7,6,2,Unique,2,0,0,0,1,0,0,1,0,37981,1212,0,0,750000.0,500000.0,76701696,21413888,2,0.010102
prod_latest_booking_per_passenger,"SELECT DISTINCT ON (t.passenger_id) t.passenger_id, t.passenger_name, b.book_ref, b.book_date, b.total_amount FROM aviation.tickets t JOIN aviation.bookings b ON b.book_ref = t.book_ref WHERE t.passenger_id LIKE '63%' ORDER BY t.passenger_id, b.book_date DESC, b.book_ref DESC",276,1,1,0,False,True,True,2,2,5,0,1,0,0,0,0,12575.31,13163.6,5051.0,49,167313.0,92.669,7,6,2,Unique,2,0,0,0,1,0,0,1,0,38365,828,0,0,750000.0,500000.0,76701696,21413888,2,0.010102
prod_route_top_n_per_month,"WITH monthly_routes AS ( SELECT date_trunc('month', f.scheduled_departure) AS month_start, f.departure_airport, f.arrival_airport, COUNT(*) AS tickets, SUM(tf.amount) AS revenue FROM aviation.flights f JOIN aviation.ticket_flights tf ON tf.flight_id = f.flight_id GROUP BY date_trunc('month', f.scheduled_departure), f.departure_airport, f.arrival_airport ), ranked AS ( SELECT *, ROW_NUMBER() OVER (PARTITION BY month_start, departure_airport ORDER BY revenue DESC) AS position FROM monthly_routes ) SELECT * FROM ranked WHERE position <= 5 ORDER BY month_start, departure_airport, position",591,1,1,2,True,True,False,2,2,8,2,1,0,0,0,0,25338.16,25807.54,8763.0,64,1003438.0,543.726,11,10,2,Incremental Sort,2,0,0,0,1,0,0,1,2,31445,59265,0,0,1050000.0,1000000.0,136249344,63668224,3,0.008763
prod_route_top_n_per_month,"WITH monthly_routes AS ( SELECT date_trunc('month', f.scheduled_departure) AS month_start, f.departure_airport, f.arrival_airport, COUNT(*) AS tickets, SUM(tf.amount) AS revenue FROM aviation.flights f JOIN aviation.ticket_flights tf ON tf.flight_id = f.flight_id GROUP BY date_trunc('month', f.scheduled_departure), f.departure_airport, f.arrival_airport ), ranked AS ( SELECT *, ROW_NUMBER() OVER (PARTITION BY month_start, departure_airport ORDER BY revenue DESC) AS position FROM monthly_routes ) SELECT * FROM ranked WHERE position <= 5 ORDER BY month_start, departure_airport, position",591,1,1,2,True,True,False,2,2,8,2,1,0,0,0,0,25338.16,25807.54,8763.0,64,1003438.0,563.001,11,10,2,Incremental Sort,2,0,0,0,1,0,0,1,2,32309,58401,0,0,1050000.0,1000000.0,136249344,63668224,3,0.008763
prod_booking_reconciliation,"SELECT b.book_ref, b.total_amount, COALESCE(SUM(tf.amount), 0) AS sold_amount, b.total_amount - COALESCE(SUM(tf.amount), 0) AS difference FROM aviation.bookings b LEFT JOIN aviation.tickets t ON t.book_ref = b.book_ref LEFT JOIN aviation.ticket_flights tf ON tf.ticket_no = t.ticket_no GROUP BY b.book_ref, b.total_amount HAVING ABS(b.total_amount - COALESCE(SUM(tf.amount), 0)) > 5000 ORDER BY ABS(b.total_amount - COALESCE(SUM(tf.amount), 0)) DESC LIMIT 200",459,2,0,0,True,True,False,3,3,4,4,0,2,0,0,0,160159.46,160159.96,200.0,109,3249246.0,2623.743,13,10,3,Limit,3,0,0,0,2,0,0,2,2,82764,58597,77768,80098,1750000.0,1000000.0,205963264,82354176,3,0.0002
prod_booking_reconciliation,"SELECT b.book_ref, b.total_amount, COALESCE(SUM(tf.amount), 0) AS sold_amount, b.total_amount - COALESCE(SUM(tf.amount), 0) AS difference FROM aviation.bookings b LEFT JOIN aviation.tickets t ON t.book_ref = b.book_ref LEFT JOIN aviation.ticket_flights tf ON tf.ticket_no = t.ticket_no GROUP BY b.book_ref, b.total_amount HAVING ABS(b.total_amount - COALESCE(SUM(tf.amount), 0)) > 5000 ORDER BY ABS(b.total_amount - COALESCE(SUM(tf.amount), 0)) DESC LIMIT 200",459,2,0,0,True,True,False,3,3,4,4,0,2,0,0,0,160159.46,160159.96,200.0,109,3249246.0,2456.458,13,10,3,Limit,3,0,0,0,2,0,0,2,2,84578,56783,77766,80000,1750000.0,1000000.0,205963264,82354176,3,0.0002
prod_tickets_without_boarding,SELECT tf.ticket_no FROM aviation.ticket_flights tf WHERE tf.fare_conditions = 'Comfort' EXCEPT SELECT bp.ticket_no FROM aviation.boarding_passes bp ORDER BY ticket_no LIMIT 500,177,0,1,1,False,True,False,2,2,2,0,0,0,0,0,0,212360.97,212379.14,500.0,60,3881473.0,1998.643,8,6,2,Limit,2,0,0,0,0,0,0,1,0,14046,71256,1440,10377,1800000.0,1000000.0,252878848,136323072,4,0.0005
prod_tickets_without_boarding,SELECT tf.ticket_no FROM aviation.ticket_flights tf WHERE tf.fare_conditions = 'Comfort' EXCEPT SELECT bp.ticket_no FROM aviation.boarding_passes bp ORDER BY ticket_no LIMIT 500,177,0,1,1,False,True,False,2,2,2,0,0,0,0,0,0,212360.97,212379.14,500.0,60,3881473.0,2127.382,8,6,2,Limit,2,0,0,0,0,0,0,1,0,14430,70872,1440,10377,1800000.0,1000000.0,252878848,136323072,4,0.0005
prod_aircraft_duration_fit,"SELECT a.aircraft_code, a.model, f.departure_airport, f.arrival_airport, COUNT(*) AS flights, AVG(EXTRACT(EPOCH FROM (f.scheduled_arrival - f.scheduled_departure)) / 3600) AS avg_hours FROM aviation.aircrafts a JOIN aviation.flights f ON f.aircraft_code = a.aircraft_code GROUP BY a.aircraft_code, a.model, f.departure_airport, f.arrival_airport, a.range_km HAVING AVG(EXTRACT(EPOCH FROM (f.scheduled_arrival - f.scheduled_departure)) / 3600) * 800 > a.range_km * 0.9 ORDER BY avg_hours DESC",491,1,0,0,True,True,False,2,2,6,3,1,0,0,0,0,2277.03,2277.45,167.0,71,100344.0,60.707,6,5,2,Sort,2,0,0,0,1,0,0,1,1,2069,0,0,0,50005.0,50000.0,7020544,2744320,3,0.00334
prod_aircraft_duration_fit,"SELECT a.aircraft_code, a.model, f.departure_airport, f.arrival_airport, COUNT(*) AS flights, AVG(EXTRACT(EPOCH FROM (f.scheduled_arrival - f.scheduled_departure)) / 3600) AS avg_hours FROM aviation.aircrafts a JOIN aviation.flights f ON f.aircraft_code = a.aircraft_code GROUP BY a.aircraft_code, a.model, f.departure_airport, f.arrival_airport, a.range_km HAVING AVG(EXTRACT(EPOCH FROM (f.scheduled_arrival - f.scheduled_departure)) / 3600) * 800 > a.range_km * 0.9 ORDER BY avg_hours DESC",491,1,0,0,True,True,False,2,2,6,3,1,0,0,0,0,2277.03,2277.45,167.0,71,100344.0,56.53,6,5,2,Sort,2,0,0,0,1,0,0,1,1,2069,0,0,0,50005.0,50000.0,7020544,2744320,3,0.00334
prod_customer_value_deciles,"WITH passenger_value AS ( SELECT t.passenger_id, COUNT(DISTINCT t.ticket_no) AS tickets, SUM(tf.amount) AS revenue FROM aviation.tickets t JOIN aviation.ticket_flights tf ON tf.ticket_no = t.ticket_no GROUP BY t.passenger_id HAVING COUNT(DISTINCT t.ticket_no) >= 3 ), scored AS ( SELECT *, NTILE(10) OVER (ORDER BY revenue DESC) AS value_decile FROM passenger_value ) SELECT value_decile, COUNT(*) AS passengers, AVG(revenue) AS avg_revenue FROM scored GROUP BY value_decile ORDER BY value_decile",496,1,0,2,True,True,False,2,2,8,6,1,0,0,0,0,222950.56,222951.06,200.0,44,4667068.0,3867.778,11,10,2,Sort,2,0,0,0,1,0,0,3,2,71233,55233,128186,130774,1500000.0,1000000.0,187252736,76726272,2,0.0002
prod_customer_value_deciles,"WITH passenger_value AS ( SELECT t.passenger_id, COUNT(DISTINCT t.ticket_no) AS tickets, SUM(tf.amount) AS revenue FROM aviation.tickets t JOIN aviation.ticket_flights tf ON tf.ticket_no = t.ticket_no GROUP BY t.passenger_id HAVING COUNT(DISTINCT t.ticket_no) >= 3 ), scored AS ( SELECT *, NTILE(10) OVER (ORDER BY revenue DESC) AS value_decile FROM passenger_value ) SELECT value_decile, COUNT(*) AS passengers, AVG(revenue) AS avg_revenue FROM scored GROUP BY value_decile ORDER BY value_decile",496,1,0,2,True,True,False,2,2,8,6,1,0,0,0,0,222950.56,222951.06,200.0,44,4667068.0,3739.722,11,10,2,Sort,2,0,0,0,1,0,0,3,2,71521,54945,128186,130774,1500000.0,1000000.0,187252736,76726272,2,0.0002
prod_aircraft_turnaround,"WITH rotations AS ( SELECT flight_id, departure_airport, arrival_airport, scheduled_departure, LAG(scheduled_arrival) OVER ( PARTITION BY aircraft_code ORDER BY scheduled_departure ) AS prior_arrival FROM aviation.flights WHERE aircraft_code = '738' ) SELECT departure_airport, COUNT(*) AS rotations, AVG(scheduled_departure - prior_arrival) AS avg_turnaround, MIN(scheduled_departure - prior_arrival) AS min_turnaround FROM rotations WHERE prior_arrival IS NOT NULL GROUP BY departure_airport ORDER BY min_turnaround",517,0,2,1,True,True,False,1,1,9,4,0,0,0,0,0,2239.45,2239.48,10.0,44,40298.0,21.068,6,6,1,Sort,1,0,0,0,0,0,0,2,1,3096,0,0,0,50000.0,50000.0,6987776,2727936,2,0.0002
prod_aircraft_turnaround,"WITH rotations AS ( SELECT flight_id, departure_airport, arrival_airport, scheduled_departure, LAG(scheduled_arrival) OVER ( PARTITION BY aircraft_code ORDER BY scheduled_departure ) AS prior_arrival FROM aviation.flights WHERE aircraft_code = '738' ) SELECT departure_airport, COUNT(*) AS rotations, AVG(scheduled_departure - prior_arrival) AS avg_turnaround, MIN(scheduled_departure - prior_arrival) AS min_turnaround FROM rotations WHERE prior_arrival IS NOT NULL GROUP BY departure_airport ORDER BY min_turnaround",517,0,2,1,True,True,False,1,1,9,4,0,0,0,0,0,2239.45,2239.48,10.0,44,40298.0,21.167,6,6,1,Sort,1,0,0,0,0,0,0,2,1,3096,0,0,0,50000.0,50000.0,6987776,2727936,2,0.0002
prod_route_concentration,"WITH route_counts AS ( SELECT departure_airport, arrival_airport, COUNT(*)::numeric AS flights FROM aviation.flights WHERE status = 'On Time' GROUP BY departure_airport, arrival_airport ), shares AS ( SELECT *, flights / SUM(flights) OVER (PARTITION BY departure_airport) AS share FROM route_counts ) SELECT departure_airport, SUM(share * share) AS hhi, COUNT(*) AS served_destinations FROM shares GROUP BY departure_airport ORDER BY hhi DESC",442,0,1,2,True,True,False,1,1,8,4,0,0,0,0,0,1248.98,1249.23,100.0,44,13112.0,11.67,7,7,1,Sort,1,0,0,0,0,0,0,2,2,3612,0,0,0,50000.0,50000.0,6987776,2727936,2,0.002
prod_route_concentration,"WITH route_counts AS ( SELECT departure_airport, arrival_airport, COUNT(*)::numeric AS flights FROM aviation.flights WHERE status = 'On Time' GROUP BY departure_airport, arrival_airport ), shares AS ( SELECT *, flights / SUM(flights) OVER (PARTITION BY departure_airport) AS share FROM route_counts ) SELECT departure_airport, SUM(share * share) AS hhi, COUNT(*) AS served_destinations FROM shares GROUP BY departure_airport ORDER BY hhi DESC",442,0,1,2,True,True,False,1,1,8,4,0,0,0,0,0,1248.98,1249.23,100.0,44,13112.0,9.803,7,7,1,Sort,1,0,0,0,0,0,0,2,2,3612,0,0,0,50000.0,50000.0,6987776,2727936,2,0.002
prod_booking_funnel,"WITH cohort AS ( SELECT book_ref FROM aviation.bookings WHERE book_date >= DATE '2025-07-09' AND book_date < DATE '2025-07-09' + INTERVAL '30 days' ), ticketed AS ( SELECT c.book_ref, COUNT(DISTINCT t.ticket_no) AS tickets FROM cohort c LEFT JOIN aviation.tickets t ON t.book_ref = c.book_ref GROUP BY c.book_ref ), segmented AS ( SELECT x.book_ref, x.tickets, COUNT(tf.flight_id) AS segments, COUNT(bp.ticket_no) AS boarded FROM ticketed x LEFT JOIN aviation.tickets t ON t.book_ref = x.book_ref LEFT JOIN aviation.ticket_flights tf ON tf.ticket_no = t.ticket_no LEFT JOIN aviation.boarding_passes bp ON bp.ticket_no = tf.ticket_no AND bp.flight_id = tf.flight_id GROUP BY x.book_ref, x.tickets ) SELECT COUNT(*) AS bookings, COUNT(*) FILTER (WHERE tickets > 0) AS with_tickets, COUNT(*) FILTER (WHERE segments > 0) AS with_segments, COUNT(*) FILTER (WHERE boarded > 0) AS with_boarding FROM segmented",902,4,5,3,True,False,False,5,4,11,7,0,4,0,0,0,74188.83,74188.84,1.0,32,1918988.0,1090.951,17,13,4,Aggregate,4,0,1,0,3,0,1,1,3,859123,24496,0,0,2550000.0,1000000.0,329580544,157736960,6,1e-06
prod_booking_funnel,"WITH cohort AS ( SELECT book_ref FROM aviation.bookings WHERE book_date >= DATE '2025-07-09' AND book_date < DATE '2025-07-09' + INTERVAL '30 days' ), ticketed AS ( SELECT c.book_ref, COUNT(DISTINCT t.ticket_no) AS tickets FROM cohort c LEFT JOIN aviation.tickets t ON t.book_ref = c.book_ref GROUP BY c.book_ref ), segmented AS ( SELECT x.book_ref, x.tickets, COUNT(tf.flight_id) AS segments, COUNT(bp.ticket_no) AS boarded FROM ticketed x LEFT JOIN aviation.tickets t ON t.book_ref = x.book_ref LEFT JOIN aviation.ticket_flights tf ON tf.ticket_no = t.ticket_no LEFT JOIN aviation.boarding_passes bp ON bp.ticket_no = tf.ticket_no AND bp.flight_id = tf.flight_id GROUP BY x.book_ref, x.tickets ) SELECT COUNT(*) AS bookings, COUNT(*) FILTER (WHERE tickets > 0) AS with_tickets, COUNT(*) FILTER (WHERE segments > 0) AS with_segments, COUNT(*) FILTER (WHERE boarded > 0) AS with_boarding FROM segmented",902,4,5,3,True,False,False,5,4,11,7,0,4,0,0,0,74188.83,74188.84,1.0,32,1918988.0,865.163,17,13,4,Aggregate,4,0,1,0,3,0,1,1,3,861303,22316,0,0,2550000.0,1000000.0,329580544,157736960,6,1e-06
prod_lateral_top_fares,"SELECT route.departure_airport, route.arrival_airport, expensive.ticket_no, expensive.amount FROM (SELECT DISTINCT departure_airport, arrival_airport FROM aviation.flights) route CROSS JOIN LATERAL ( SELECT tf.ticket_no, tf.amount FROM aviation.flights f JOIN aviation.ticket_flights tf ON tf.flight_id = f.flight_id WHERE f.departure_airport = route.departure_airport AND f.arrival_airport = route.arrival_airport AND tf.fare_conditions = 'Economy' ORDER BY tf.amount DESC LIMIT 3 ) expensive ORDER BY route.departure_airport, route.arrival_airport, expensive.amount DESC",572,2,3,2,False,True,True,3,2,8,0,1,0,0,0,1,53361.26,2439427.78,300.0,28,929331.0,2835.54,11,7,2,Incremental Sort,3,0,0,0,1,0,1,2,0,174360,364380,0,0,1050000.0,1000000.0,136249344,63668224,3,0.0003
prod_lateral_top_fares,"SELECT route.departure_airport, route.arrival_airport, expensive.ticket_no, expensive.amount FROM (SELECT DISTINCT departure_airport, arrival_airport FROM aviation.flights) route CROSS JOIN LATERAL ( SELECT tf.ticket_no, tf.amount FROM aviation.flights f JOIN aviation.ticket_flights tf ON tf.flight_id = f.flight_id WHERE f.departure_airport = route.departure_airport AND f.arrival_airport = route.arrival_airport AND tf.fare_conditions = 'Economy' ORDER BY tf.amount DESC LIMIT 3 ) expensive ORDER BY route.departure_airport, route.arrival_airport, expensive.amount DESC",572,2,3,2,False,True,True,3,2,8,0,1,0,0,0,1,53361.26,2439427.78,300.0,28,929331.0,2723.547,11,7,2,Incremental Sort,3,0,0,0,1,0,1,2,0,176280,362460,0,0,1050000.0,1000000.0,136249344,63668224,3,0.0003
prod_passenger_no_show_streak,"WITH attendance AS ( SELECT t.passenger_id, f.scheduled_departure, CASE WHEN bp.ticket_no IS NULL THEN 1 ELSE 0 END AS no_show FROM aviation.tickets t JOIN aviation.ticket_flights tf ON tf.ticket_no = t.ticket_no JOIN aviation.flights f ON f.flight_id = tf.flight_id LEFT JOIN aviation.boarding_passes bp ON bp.ticket_no = tf.ticket_no AND bp.flight_id = tf.flight_id ), runs AS ( SELECT *, SUM(CASE WHEN no_show = 0 THEN 1 ELSE 0 END) OVER (PARTITION BY passenger_id ORDER BY scheduled_departure) AS run_id FROM attendance ) SELECT passenger_id, run_id, COUNT(*) AS consecutive_no_shows FROM runs WHERE no_show = 1 GROUP BY passenger_id, run_id HAVING COUNT(*) >= 3 ORDER BY consecutive_no_shows DESC LIMIT 200",711,3,1,2,True,True,False,4,4,8,3,2,1,0,0,0,260558.96,260559.46,200.0,28,5280201.0,3705.967,18,13,4,Limit,4,0,0,0,3,0,0,2,1,117358,138672,223173,230436,2350000.0,1000000.0,317857792,154836992,7,0.0002
prod_passenger_no_show_streak,"WITH attendance AS ( SELECT t.passenger_id, f.scheduled_departure, CASE WHEN bp.ticket_no IS NULL THEN 1 ELSE 0 END AS no_show FROM aviation.tickets t JOIN aviation.ticket_flights tf ON tf.ticket_no = t.ticket_no JOIN aviation.flights f ON f.flight_id = tf.flight_id LEFT JOIN aviation.boarding_passes bp ON bp.ticket_no = tf.ticket_no AND bp.flight_id = tf.flight_id ), runs AS ( SELECT *, SUM(CASE WHEN no_show = 0 THEN 1 ELSE 0 END) OVER (PARTITION BY passenger_id ORDER BY scheduled_departure) AS run_id FROM attendance ) SELECT passenger_id, run_id, COUNT(*) AS consecutive_no_shows FROM runs WHERE no_show = 1 GROUP BY passenger_id, run_id HAVING COUNT(*) >= 3 ORDER BY consecutive_no_shows DESC LIMIT 200",711,3,1,2,True,True,False,4,4,8,3,2,1,0,0,0,260558.96,260559.46,200.0,28,5280201.0,3689.566,18,13,4,Limit,4,0,0,0,3,0,0,2,1,119662,136368,223319,230728,2350000.0,1000000.0,317857792,154836992,7,0.0002
prod_boarded_frequent_flyers,SELECT passenger_id FROM aviation.tickets GROUP BY passenger_id HAVING COUNT(*) >= 4 INTERSECT SELECT t.passenger_id FROM aviation.tickets t JOIN aviation.boarding_passes bp ON bp.ticket_no = t.ticket_no GROUP BY t.passenger_id HAVING COUNT(*) >= 4 ORDER BY passenger_id LIMIT 500,280,1,0,1,True,True,False,3,2,2,2,1,0,0,0,0,213762.84,213767.84,500.0,62,4600503.0,2202.736,13,9,2,Limit,3,0,0,0,1,0,0,1,2,86560,42840,62696,91035,1300000.0,800000.0,181608448,91168768,4,0.000625
prod_boarded_frequent_flyers,SELECT passenger_id FROM aviation.tickets GROUP BY passenger_id HAVING COUNT(*) >= 4 INTERSECT SELECT t.passenger_id FROM aviation.tickets t JOIN aviation.boarding_passes bp ON bp.ticket_no = t.ticket_no GROUP BY t.passenger_id HAVING COUNT(*) >= 4 ORDER BY passenger_id LIMIT 500,280,1,0,1,True,True,False,3,2,2,2,1,0,0,0,0,213762.84,213767.84,500.0,62,4600503.0,2202.608,13,9,2,Limit,3,0,0,0,1,0,0,1,2,86816,42584,62696,91035,1300000.0,800000.0,181608448,91168768,4,0.000625
prod_materialized_route_comparison,"WITH route_sales AS MATERIALIZED ( SELECT f.departure_airport, f.arrival_airport, COUNT(*) AS tickets, SUM(tf.amount) AS revenue FROM aviation.flights f JOIN aviation.ticket_flights tf ON tf.flight_id = f.flight_id GROUP BY f.departure_airport, f.arrival_airport ) SELECT current.arrival_airport, current.tickets, current.revenue, AVG(peer.revenue) AS peer_average FROM route_sales current JOIN route_sales peer ON peer.departure_airport <> current.departure_airport AND peer.arrival_airport = current.arrival_airport WHERE current.departure_airport = 'WAW' GROUP BY current.arrival_airport, current.tickets, current.revenue ORDER BY current.revenue - AVG(peer.revenue) DESC",674,2,1,1,True,True,False,2,2,8,4,2,0,0,0,0,20438.56,20438.56,1.0,120,933940.0,448.534,15,8,2,Sort,2,0,0,0,2,0,0,3,3,35863,49015,0,0,1050000.0,1000000.0,136249344,63668224,3,1e-06
prod_materialized_route_comparison,"WITH route_sales AS MATERIALIZED ( SELECT f.departure_airport, f.arrival_airport, COUNT(*) AS tickets, SUM(tf.amount) AS revenue FROM aviation.flights f JOIN aviation.ticket_flights tf ON tf.flight_id = f.flight_id GROUP BY f.departure_airport, f.arrival_airport ) SELECT current.arrival_airport, current.tickets, current.revenue, AVG(peer.revenue) AS peer_average FROM route_sales current JOIN route_sales peer ON peer.departure_airport <> current.departure_airport AND peer.arrival_airport = current.arrival_airport WHERE current.departure_airport = 'WAW' GROUP BY current.arrival_airport, current.tickets, current.revenue ORDER BY current.revenue - AVG(peer.revenue) DESC",674,2,1,1,True,True,False,2,2,8,4,2,0,0,0,0,20438.56,20438.56,1.0,120,933940.0,410.133,15,8,2,Sort,2,0,0,0,2,0,0,3,3,36487,48167,0,0,1050000.0,1000000.0,136249344,63668224,3,1e-06
prod_route_top_passengers,"SELECT r.arrival_airport, p.passenger_id, p.route_revenue FROM (SELECT DISTINCT arrival_airport FROM aviation.flights WHERE departure_airport = 'SVO') r CROSS JOIN LATERAL ( SELECT t.passenger_id, SUM(tf.amount) AS route_revenue FROM aviation.flights f JOIN aviation.ticket_flights tf ON tf.flight_id = f.flight_id JOIN aviation.tickets t ON t.ticket_no = tf.ticket_no WHERE f.departure_airport = 'SVO' AND f.arrival_airport = r.arrival_airport GROUP BY t.passenger_id ORDER BY route_revenue DESC LIMIT 5 ) p ORDER BY r.arrival_airport, p.route_revenue DESC",557,3,3,2,True,True,True,4,3,6,1,2,0,0,0,1,53355.22,274638.31,50.0,48,1051732.0,1096.941,14,9,3,Incremental Sort,3,1,0,0,1,0,2,2,1,2815449,58447,2280,4030,1550000.0,1000000.0,194240512,79454208,4,5e-05
prod_route_top_passengers,"SELECT r.arrival_airport, p.passenger_id, p.route_revenue FROM (SELECT DISTINCT arrival_airport FROM aviation.flights WHERE departure_airport = 'SVO') r CROSS JOIN LATERAL ( SELECT t.passenger_id, SUM(tf.amount) AS route_revenue FROM aviation.flights f JOIN aviation.ticket_flights tf ON tf.flight_id = f.flight_id JOIN aviation.tickets t ON t.ticket_no = tf.ticket_no WHERE f.departure_airport = 'SVO' AND f.arrival_airport = r.arrival_airport GROUP BY t.passenger_id ORDER BY route_revenue DESC LIMIT 5 ) p ORDER BY r.arrival_airport, p.route_revenue DESC",557,3,3,2,True,True,True,4,3,6,1,2,0,0,0,1,53355.22,274638.31,50.0,48,1051732.0,923.124,14,9,3,Incremental Sort,3,1,0,0,1,0,2,2,1,2829152,44744,2280,4030,1550000.0,1000000.0,194240512,79454208,4,5e-05
prod_unsold_business_inventory,"SELECT f.flight_id, f.departure_airport, f.arrival_airport, COUNT(DISTINCT s.seat_no) AS business_capacity, COUNT(DISTINCT tf.ticket_no) AS business_sold FROM aviation.flights f JOIN aviation.seats s ON s.aircraft_code = f.aircraft_code AND s.fare_conditions = 'Business' LEFT JOIN aviation.ticket_flights tf ON tf.flight_id = f.flight_id AND tf.fare_conditions = 'Business' WHERE f.scheduled_departure >= DATE '2025-05-11' AND f.scheduled_departure < DATE '2025-05-11' + INTERVAL '7 days' GROUP BY f.flight_id HAVING COUNT(DISTINCT tf.ticket_no) < COUNT(DISTINCT s.seat_no) ORDER BY COUNT(DISTINCT s.seat_no) - COUNT(DISTINCT tf.ticket_no) DESC LIMIT 200",655,2,2,0,True,True,False,3,3,5,6,1,1,0,0,0,22180.87,22181.37,200.0,36,99993.0,103.115,12,8,3,Limit,2,1,0,0,1,0,1,2,1,26718,44530,0,0,1050900.0,1000000.0,136372224,63725568,4,0.0002
prod_unsold_business_inventory,"SELECT f.flight_id, f.departure_airport, f.arrival_airport, COUNT(DISTINCT s.seat_no) AS business_capacity, COUNT(DISTINCT tf.ticket_no) AS business_sold FROM aviation.flights f JOIN aviation.seats s ON s.aircraft_code = f.aircraft_code AND s.fare_conditions = 'Business' LEFT JOIN aviation.ticket_flights tf ON tf.flight_id = f.flight_id AND tf.fare_conditions = 'Business' WHERE f.scheduled_departure >= DATE '2025-05-11' AND f.scheduled_departure < DATE '2025-05-11' + INTERVAL '7 days' GROUP BY f.flight_id HAVING COUNT(DISTINCT tf.ticket_no) < COUNT(DISTINCT s.seat_no) ORDER BY COUNT(DISTINCT s.seat_no) - COUNT(DISTINCT tf.ticket_no) DESC LIMIT 200",655,2,2,0,True,True,False,3,3,5,6,1,1,0,0,0,22180.87,22181.37,200.0,36,99993.0,107.154,12,8,3,Limit,2,1,0,0,1,0,1,2,1,27528,43720,0,0,1050900.0,1000000.0,136372224,63725568,4,0.0002
prod_booking_cohort_retention,"WITH first_booking AS ( SELECT t.passenger_id, MIN(date_trunc('month', b.book_date)) AS cohort_month FROM aviation.tickets t JOIN aviation.bookings b ON b.book_ref = t.book_ref GROUP BY t.passenger_id ), activity AS ( SELECT DISTINCT t.passenger_id, date_trunc('month', b.book_date) AS activity_month FROM aviation.tickets t JOIN aviation.bookings b ON b.book_ref = t.book_ref JOIN aviation.ticket_flights tf ON tf.ticket_no = t.ticket_no WHERE tf.fare_conditions = 'Economy' ) SELECT f.cohort_month, EXTRACT(YEAR FROM age(a.activity_month, f.cohort_month)) * 12 + EXTRACT(MONTH FROM age(a.activity_month, f.cohort_month)) AS month_number, COUNT(DISTINCT a.passenger_id) AS retained_passengers FROM first_booking f JOIN activity a ON a.passenger_id = f.passenger_id GROUP BY f.cohort_month, month_number ORDER BY f.cohort_month, month_number",841,4,1,2,True,True,True,5,3,7,2,4,0,0,0,0,621613268.57,641899268.57,40000.0,48,4065597000.0,6992.524,19,9,3,Aggregate,5,0,0,0,4,0,0,1,3,138283,42952,114488,154230,1750000.0,1000000.0,205963264,82354176,3,0.04
prod_booking_cohort_retention,"WITH first_booking AS ( SELECT t.passenger_id, MIN(date_trunc('month', b.book_date)) AS cohort_month FROM aviation.tickets t JOIN aviation.bookings b ON b.book_ref = t.book_ref GROUP BY t.passenger_id ), activity AS ( SELECT DISTINCT t.passenger_id, date_trunc('month', b.book_date) AS activity_month FROM aviation.tickets t JOIN aviation.bookings b ON b.book_ref = t.book_ref JOIN aviation.ticket_flights tf ON tf.ticket_no = t.ticket_no WHERE tf.fare_conditions = 'Economy' ) SELECT f.cohort_month, EXTRACT(YEAR FROM age(a.activity_month, f.cohort_month)) * 12 + EXTRACT(MONTH FROM age(a.activity_month, f.cohort_month)) AS month_number, COUNT(DISTINCT a.passenger_id) AS retained_passengers FROM first_booking f JOIN activity a ON a.passenger_id = f.passenger_id GROUP BY f.cohort_month, month_number ORDER BY f.cohort_month, month_number",841,4,1,2,True,True,True,5,3,7,2,4,0,0,0,0,621613268.57,641899268.57,40000.0,48,4065597000.0,7155.37,19,9,3,Aggregate,5,0,0,0,4,0,0,1,3,138539,42696,114488,154230,1750000.0,1000000.0,205963264,82354176,3,0.04
prod_route_status_cube,"SELECT departure_airport, arrival_airport, status, aircraft_code, COUNT(*) AS flights, AVG(EXTRACT(EPOCH FROM (scheduled_arrival - scheduled_departure)) / 60) AS avg_minutes FROM aviation.flights WHERE scheduled_departure >= DATE '2025-05-26' - INTERVAL '60 days' AND scheduled_departure < DATE '2025-05-26' + INTERVAL '60 days' GROUP BY CUBE (departure_airport, arrival_airport, status, aircraft_code) HAVING COUNT(*) >= 2 ORDER BY flights DESC NULLS LAST LIMIT 500",466,0,2,0,True,True,False,1,1,6,3,0,0,0,0,0,5993.23,5994.48,500.0,60,19395.0,93.156,4,4,1,Limit,1,0,0,0,0,0,0,1,1,2064,0,0,0,50000.0,50000.0,6987776,2727936,2,0.01
prod_route_status_cube,"SELECT departure_airport, arrival_airport, status, aircraft_code, COUNT(*) AS flights, AVG(EXTRACT(EPOCH FROM (scheduled_arrival - scheduled_departure)) / 60) AS avg_minutes FROM aviation.flights WHERE scheduled_departure >= DATE '2025-05-26' - INTERVAL '60 days' AND scheduled_departure < DATE '2025-05-26' + INTERVAL '60 days' GROUP BY CUBE (departure_airport, arrival_airport, status, aircraft_code) HAVING COUNT(*) >= 2 ORDER BY flights DESC NULLS LAST LIMIT 500",466,0,2,0,True,True,False,1,1,6,3,0,0,0,0,0,5993.23,5994.48,500.0,60,19395.0,103.834,4,4,1,Limit,1,0,0,0,0,0,0,1,1,2064,0,0,0,50000.0,50000.0,6987776,2727936,2,0.01
prod_passenger_itinerary_gaps,"WITH itinerary AS ( SELECT t.passenger_id, f.flight_id, f.departure_airport, f.arrival_airport, f.scheduled_departure, f.scheduled_arrival, LAG(f.scheduled_arrival) OVER ( PARTITION BY t.passenger_id ORDER BY f.scheduled_departure ) AS previous_arrival FROM aviation.tickets t JOIN aviation.ticket_flights tf ON tf.ticket_no = t.ticket_no JOIN aviation.flights f ON f.flight_id = tf.flight_id ) SELECT * FROM itinerary WHERE scheduled_departure - previous_arrival < INTERVAL '12 hours' ORDER BY scheduled_departure - previous_arrival LIMIT 200",543,2,1,1,False,True,False,3,3,8,1,2,0,0,0,0,249391.83,249392.33,200.0,64,4850200.0,2771.927,13,10,3,Limit,3,0,0,0,2,0,0,2,0,93805,47745,101576,104734,1550000.0,1000000.0,194240512,79454208,4,0.0002
prod_passenger_itinerary_gaps,"WITH itinerary AS ( SELECT t.passenger_id, f.flight_id, f.departure_airport, f.arrival_airport, f.scheduled_departure, f.scheduled_arrival, LAG(f.scheduled_arrival) OVER ( PARTITION BY t.passenger_id ORDER BY f.scheduled_departure ) AS previous_arrival FROM aviation.tickets t JOIN aviation.ticket_flights tf ON tf.ticket_no = t.ticket_no JOIN aviation.flights f ON f.flight_id = tf.flight_id ) SELECT * FROM itinerary WHERE scheduled_departure - previous_arrival < INTERVAL '12 hours' ORDER BY scheduled_departure - previous_arrival LIMIT 200",543,2,1,1,False,True,False,3,3,8,1,2,0,0,0,0,249391.83,249392.33,200.0,64,4850200.0,3013.514,13,10,3,Limit,3,0,0,0,2,0,0,2,0,94669,46881,101586,104720,1550000.0,1000000.0,194240512,79454208,4,0.0002
prod_recursive_calendar_gaps,"WITH RECURSIVE calendar(day) AS ( SELECT DATE '2025-01-12' UNION ALL SELECT day + 1 FROM calendar WHERE day < DATE '2025-01-12' + 60 ), traffic AS ( SELECT scheduled_departure::date AS day, COUNT(*) AS flights FROM aviation.flights GROUP BY scheduled_departure::date ) SELECT c.day, COALESCE(t.flights, 0) AS flights, AVG(COALESCE(t.flights, 0)) OVER (ORDER BY c.day ROWS BETWEEN 6 PRECEDING AND CURRENT ROW) AS weekly_average FROM calendar c LEFT JOIN traffic t USING (day) ORDER BY c.day",489,1,1,3,True,True,False,1,1,7,2,0,1,0,0,0,1708.94,1732.69,1358.0,44,62934.0,21.312,10,5,1,WindowAgg,1,0,0,0,1,0,0,1,1,2580,0,0,0,50000.0,50000.0,6987776,2727936,2,0.02716
prod_recursive_calendar_gaps,"WITH RECURSIVE calendar(day) AS ( SELECT DATE '2025-01-12' UNION ALL SELECT day + 1 FROM calendar WHERE day < DATE '2025-01-12' + 60 ), traffic AS ( SELECT scheduled_departure::date AS day, COUNT(*) AS flights FROM aviation.flights GROUP BY scheduled_departure::date ) SELECT c.day, COALESCE(t.flights, 0) AS flights, AVG(COALESCE(t.flights, 0)) OVER (ORDER BY c.day ROWS BETWEEN 6 PRECEDING AND CURRENT ROW) AS weekly_average FROM calendar c LEFT JOIN traffic t USING (day) ORDER BY c.day",489,1,1,3,True,True,False,1,1,7,2,0,1,0,0,0,1708.94,1732.69,1358.0,44,62934.0,20.586,10,5,1,WindowAgg,1,0,0,0,1,0,0,1,1,2580,0,0,0,50000.0,50000.0,6987776,2727936,2,0.02716
prod_duplicate_passenger_summary,"SELECT passenger_id, MIN(passenger_name) AS canonical_name, COUNT(DISTINCT passenger_name) AS name_versions, COUNT(DISTINCT book_ref) AS bookings FROM aviation.tickets GROUP BY passenger_id HAVING COUNT(DISTINCT book_ref) >= 3 ORDER BY name_versions DESC, bookings DESC LIMIT 200",279,0,0,0,True,True,False,1,1,4,4,0,0,0,0,0,90852.65,90853.15,200.0,60,1333534.0,1636.325,5,5,1,Limit,1,0,0,0,0,0,0,2,1,25730,0,11216,11252,500000.0,500000.0,57991168,15785984,1,0.0004
prod_duplicate_passenger_summary,"SELECT passenger_id, MIN(passenger_name) AS canonical_name, COUNT(DISTINCT passenger_name) AS name_versions, COUNT(DISTINCT book_ref) AS bookings FROM aviation.tickets GROUP BY passenger_id HAVING COUNT(DISTINCT book_ref) >= 3 ORDER BY name_versions DESC, bookings DESC LIMIT 200",279,0,0,0,True,True,False,1,1,4,4,0,0,0,0,0,90852.65,90853.15,200.0,60,1333534.0,1550.846,5,5,1,Limit,1,0,0,0,0,0,0,2,1,25730,0,11216,11252,500000.0,500000.0,57991168,15785984,1,0.0004
prod_seat_heatmap,"SELECT s.seat_no, s.fare_conditions, COUNT(DISTINCT f.flight_id) AS operated_flights, COUNT(bp.ticket_no) AS occupied, COUNT(bp.ticket_no)::numeric / NULLIF(COUNT(DISTINCT f.flight_id), 0) AS utilization FROM aviation.seats s JOIN aviation.flights f ON f.aircraft_code = s.aircraft_code LEFT JOIN aviation.boarding_passes bp ON bp.flight_id = f.flight_id AND bp.seat_no = s.seat_no WHERE s.aircraft_code = 'SU9' GROUP BY s.seat_no, s.fare_conditions ORDER BY utilization DESC, s.seat_no",486,2,1,0,True,True,False,3,3,5,4,1,1,0,0,0,382789.15,382789.45,121.0,59,7028455.0,7669.758,10,7,3,Sort,3,0,0,0,1,0,1,2,1,6683,31746,78305,82051,850900.0,800000.0,130727936,78168064,6,0.00015125
prod_seat_heatmap,"SELECT s.seat_no, s.fare_conditions, COUNT(DISTINCT f.flight_id) AS operated_flights, COUNT(bp.ticket_no) AS occupied, COUNT(bp.ticket_no)::numeric / NULLIF(COUNT(DISTINCT f.flight_id), 0) AS utilization FROM aviation.seats s JOIN aviation.flights f ON f.aircraft_code = s.aircraft_code LEFT JOIN aviation.boarding_passes bp ON bp.flight_id = f.flight_id AND bp.seat_no = s.seat_no WHERE s.aircraft_code = 'SU9' GROUP BY s.seat_no, s.fare_conditions ORDER BY utilization DESC, s.seat_no",486,2,1,0,True,True,False,3,3,5,4,1,1,0,0,0,382789.15,382789.45,121.0,59,7028455.0,7550.579,10,7,3,Sort,3,0,0,0,1,0,1,2,1,6875,31554,78305,82051,850900.0,800000.0,130727936,78168064,6,0.00015125
prod_network_two_hop,"WITH RECURSIVE network(origin, destination, depth, path) AS ( SELECT departure_airport, arrival_airport, 1, ARRAY[departure_airport::text, arrival_airport::text] FROM aviation.flights WHERE departure_airport = 'BQT' UNION SELECT n.origin, f.arrival_airport, n.depth + 1, n.path || f.arrival_airport FROM network n JOIN aviation.flights f ON f.departure_airport = n.destination WHERE n.depth < 2 AND NOT f.arrival_airport = ANY(n.path) ) SELECT destination, MIN(depth) AS hops, COUNT(*) AS alternatives FROM network GROUP BY destination ORDER BY hops, alternatives DESC",568,1,3,2,True,True,False,2,1,11,2,1,0,0,0,0,3080183.87,3080184.37,200.0,28,82623111.0,413.306,10,5,1,Sort,2,0,0,0,0,1,0,3,1,6192,0,0,0,50000.0,50000.0,6987776,2727936,2,0.004
prod_network_two_hop,"WITH RECURSIVE network(origin, destination, depth, path) AS ( SELECT departure_airport, arrival_airport, 1, ARRAY[departure_airport::text, arrival_airport::text] FROM aviation.flights WHERE departure_airport = 'BQT' UNION SELECT n.origin, f.arrival_airport, n.depth + 1, n.path || f.arrival_airport FROM network n JOIN aviation.flights f ON f.departure_airport = n.destination WHERE n.depth < 2 AND NOT f.arrival_airport = ANY(n.path) ) SELECT destination, MIN(depth) AS hops, COUNT(*) AS alternatives FROM network GROUP BY destination ORDER BY hops, alternatives DESC",568,1,3,2,True,True,False,2,1,11,2,1,0,0,0,0,3080183.87,3080184.37,200.0,28,82623111.0,397.055,10,5,1,Sort,2,0,0,0,0,1,0,3,1,6192,0,0,0,50000.0,50000.0,6987776,2727936,2,0.004
prod_revenue_iqr_outliers,"WITH route_stats AS ( SELECT f.departure_airport, f.arrival_airport, percentile_cont(0.25) WITHIN GROUP (ORDER BY tf.amount) AS q1, percentile_cont(0.75) WITHIN GROUP (ORDER BY tf.amount) AS q3 FROM aviation.flights f JOIN aviation.ticket_flights tf ON tf.flight_id = f.flight_id WHERE tf.fare_conditions = 'Economy' GROUP BY f.departure_airport, f.arrival_airport ) SELECT f.flight_id, tf.ticket_no, tf.amount, s.q1, s.q3 FROM aviation.ticket_flights tf JOIN aviation.flights f ON f.flight_id = tf.flight_id JOIN route_stats s USING (departure_airport, arrival_airport) WHERE tf.fare_conditions = 'Economy' AND (tf.amount < s.q1 - 1.5 * (s.q3 - s.q1) OR tf.amount > s.q3 + 1.5 * (s.q3 - s.q1)) ORDER BY tf.amount DESC LIMIT 200",728,3,3,1,True,True,False,4,2,9,2,3,0,0,0,0,145551.41,145574.74,200.0,40,2931295.0,2508.782,16,13,2,Limit,4,0,0,0,3,0,0,2,1,232400,140950,74580,74910,1050000.0,1000000.0,136249344,63668224,3,0.0002
prod_revenue_iqr_outliers,"WITH route_stats AS ( SELECT f.departure_airport, f.arrival_airport, percentile_cont(0.25) WITHIN GROUP (ORDER BY tf.amount) AS q1, percentile_cont(0.75) WITHIN GROUP (ORDER BY tf.amount) AS q3 FROM aviation.flights f JOIN aviation.ticket_flights tf ON tf.flight_id = f.flight_id WHERE tf.fare_conditions = 'Economy' GROUP BY f.departure_airport, f.arrival_airport ) SELECT f.flight_id, tf.ticket_no, tf.amount, s.q1, s.q3 FROM aviation.ticket_flights tf JOIN aviation.flights f ON f.flight_id = tf.flight_id JOIN route_stats s USING (departure_airport, arrival_airport) WHERE tf.fare_conditions = 'Economy' AND (tf.amount < s.q1 - 1.5 * (s.q3 - s.q1) OR tf.amount > s.q3 + 1.5 * (s.q3 - s.q1)) ORDER BY tf.amount DESC LIMIT 200",728,3,3,1,True,True,False,4,2,9,2,3,0,0,0,0,145551.41,145574.74,200.0,40,2931295.0,2381.252,16,13,2,Limit,4,0,0,0,3,0,0,2,1,214018,159332,74580,74910,1050000.0,1000000.0,136249344,63668224,3,0.0002
prod_multi_segment_bookings,"SELECT b.book_ref, b.book_date, COUNT(DISTINCT t.ticket_no) AS passengers, COUNT(tf.flight_id) AS segments, SUM(tf.amount) AS revenue FROM aviation.bookings b JOIN aviation.tickets t ON t.book_ref = b.book_ref JOIN aviation.ticket_flights tf ON tf.ticket_no = t.ticket_no WHERE EXISTS ( SELECT 1 FROM aviation.ticket_flights x WHERE x.ticket_no = t.ticket_no GROUP BY x.ticket_no HAVING COUNT(*) >= 2 ) GROUP BY b.book_ref, b.book_date ORDER BY segments DESC, revenue DESC LIMIT 200",482,2,2,1,True,True,False,4,3,6,4,2,0,0,0,0,2395367.21,2395367.71,200.0,63,4500203.0,6689.677,13,9,3,Limit,3,0,1,0,2,0,0,2,2,13525230,81883,99967,105394,1750000.0,1000000.0,205963264,82354176,3,0.0002
prod_multi_segment_bookings,"SELECT b.book_ref, b.book_date, COUNT(DISTINCT t.ticket_no) AS passengers, COUNT(tf.flight_id) AS segments, SUM(tf.amount) AS revenue FROM aviation.bookings b JOIN aviation.tickets t ON t.book_ref = b.book_ref JOIN aviation.ticket_flights tf ON tf.ticket_no = t.ticket_no WHERE EXISTS ( SELECT 1 FROM aviation.ticket_flights x WHERE x.ticket_no = t.ticket_no GROUP BY x.ticket_no HAVING COUNT(*) >= 2 ) GROUP BY b.book_ref, b.book_date ORDER BY segments DESC, revenue DESC LIMIT 200",482,2,2,1,True,True,False,4,3,6,4,2,0,0,0,0,2395367.21,2395367.71,200.0,63,4500203.0,6358.222,13,9,3,Limit,3,0,1,0,2,0,0,2,2,13545429,61684,99967,105394,1750000.0,1000000.0,205963264,82354176,3,0.0002
prod_route_peer_comparison,"SELECT f.departure_airport, f.arrival_airport, AVG(tf.amount) AS avg_fare FROM aviation.flights f JOIN aviation.ticket_flights tf ON tf.flight_id = f.flight_id GROUP BY f.departure_airport, f.arrival_airport HAVING AVG(tf.amount) > 1.1 * ( SELECT AVG(tf2.amount) FROM aviation.flights f2 JOIN aviation.ticket_flights tf2 ON tf2.flight_id = f2.flight_id WHERE f2.departure_airport = f.departure_airport ) ORDER BY avg_fare DESC",426,2,1,1,True,True,False,4,2,4,3,2,0,0,0,0,2271376.3,2271376.39,33.0,40,3210067.0,3756.659,11,6,2,Sort,4,0,0,0,2,0,0,1,2,36868,446708,0,0,1050000.0,1000000.0,136249344,63668224,3,3.3e-05
prod_route_peer_comparison,"SELECT f.departure_airport, f.arrival_airport, AVG(tf.amount) AS avg_fare FROM aviation.flights f JOIN aviation.ticket_flights tf ON tf.flight_id = f.flight_id GROUP BY f.departure_airport, f.arrival_airport HAVING AVG(tf.amount) > 1.1 * ( SELECT AVG(tf2.amount) FROM aviation.flights f2 JOIN aviation.ticket_flights tf2 ON tf2.flight_id = f2.flight_id WHERE f2.departure_airport = f.departure_airport ) ORDER BY avg_fare DESC",426,2,1,1,True,True,False,4,2,4,3,2,0,0,0,0,2271376.3,2271376.39,33.0,40,3210067.0,3411.679,11,6,2,Sort,4,0,0,0,2,0,0,1,2,40324,443252,0,0,1050000.0,1000000.0,136249344,63668224,3,3.3e-05
prod_integrity_audit,"SELECT 'tickets_without_booking' AS check_name, COUNT(*) AS failures FROM aviation.tickets t LEFT JOIN aviation.bookings b ON b.book_ref = t.book_ref WHERE b.book_ref IS NULL UNION ALL SELECT 'segments_without_ticket', COUNT(*) FROM aviation.ticket_flights tf LEFT JOIN aviation.tickets t ON t.ticket_no = tf.ticket_no WHERE t.ticket_no IS NULL UNION ALL SELECT 'boarding_without_segment', COUNT(*) FROM aviation.boarding_passes bp LEFT JOIN aviation.ticket_flights tf ON tf.ticket_no = bp.ticket_no AND tf.flight_id = bp.flight_id WHERE tf.ticket_no IS NULL UNION ALL SELECT 'flight_without_aircraft', COUNT(*) FROM aviation.flights f LEFT JOIN aviation.aircrafts a ON a.aircraft_code = f.aircraft_code WHERE a.aircraft_code IS NULL AND f.flight_id >= 38001",758,4,5,3,False,False,False,8,6,8,4,0,4,0,0,0,54450.01,79551.44,4.0,40,5812122.0,1450.339,22,6,6,Gather,7,1,0,0,4,0,0,0,4,64719,124016,54416,60650,2600005.0,1000000.0,336601088,160481280,9,4e-06
prod_integrity_audit,"SELECT 'tickets_without_booking' AS check_name, COUNT(*) AS failures FROM aviation.tickets t LEFT JOIN aviation.bookings b ON b.book_ref = t.book_ref WHERE b.book_ref IS NULL UNION ALL SELECT 'segments_without_ticket', COUNT(*) FROM aviation.ticket_flights tf LEFT JOIN aviation.tickets t ON t.ticket_no = tf.ticket_no WHERE t.ticket_no IS NULL UNION ALL SELECT 'boarding_without_segment', COUNT(*) FROM aviation.boarding_passes bp LEFT JOIN aviation.ticket_flights tf ON tf.ticket_no = bp.ticket_no AND tf.flight_id = bp.flight_id WHERE tf.ticket_no IS NULL UNION ALL SELECT 'flight_without_aircraft', COUNT(*) FROM aviation.flights f LEFT JOIN aviation.aircrafts a ON a.aircraft_code = f.aircraft_code WHERE a.aircraft_code IS NULL AND f.flight_id >= 38001",758,4,5,3,False,False,False,8,6,8,4,0,4,0,0,0,54450.01,79551.44,4.0,40,5812122.0,1736.817,22,6,6,Gather,7,1,0,0,4,0,0,0,4,66564,122171,54416,60650,2600005.0,1000000.0,336601088,160481280,9,4e-06
prod_airport_hourly_pressure,"WITH hourly AS ( SELECT date_trunc('hour', scheduled_departure) AS hour_start, COUNT(*) AS departures FROM aviation.flights WHERE departure_airport = 'MSQ' AND scheduled_departure >= DATE '2025-11-02' - INTERVAL '14 days' AND scheduled_departure < DATE '2025-11-02' + INTERVAL '14 days' GROUP BY date_trunc('hour', scheduled_departure) ) SELECT hour_start, departures, SUM(departures) OVER (ORDER BY hour_start ROWS BETWEEN 3 PRECEDING AND 3 FOLLOWING) AS seven_hour_pressure, CUME_DIST() OVER (ORDER BY departures) AS pressure_percentile FROM hourly ORDER BY seven_hour_pressure DESC LIMIT 100",594,0,3,1,True,True,False,1,1,6,3,0,0,0,0,0,1457.3,1457.55,100.0,56,2704.0,8.251,8,8,1,Limit,1,0,0,0,0,0,0,3,1,4128,0,0,0,50000.0,50000.0,6987776,2727936,2,0.002
prod_airport_hourly_pressure,"WITH hourly AS ( SELECT date_trunc('hour', scheduled_departure) AS hour_start, COUNT(*) AS departures FROM aviation.flights WHERE departure_airport = 'MSQ' AND scheduled_departure >= DATE '2025-11-02' - INTERVAL '14 days' AND scheduled_departure < DATE '2025-11-02' + INTERVAL '14 days' GROUP BY date_trunc('hour', scheduled_departure) ) SELECT hour_start, departures, SUM(departures) OVER (ORDER BY hour_start ROWS BETWEEN 3 PRECEDING AND 3 FOLLOWING) AS seven_hour_pressure, CUME_DIST() OVER (ORDER BY departures) AS pressure_percentile FROM hourly ORDER BY seven_hour_pressure DESC LIMIT 100",594,0,3,1,True,True,False,1,1,6,3,0,0,0,0,0,1457.3,1457.55,100.0,56,2704.0,8.241,8,8,1,Limit,1,0,0,0,0,0,0,3,1,4128,0,0,0,50000.0,50000.0,6987776,2727936,2,0.002
prod_booking_funnel,"WITH cohort AS ( SELECT book_ref FROM aviation.bookings WHERE book_date >= DATE '2025-06-23' AND book_date < DATE '2025-06-23' + INTERVAL '30 days' ), ticketed AS ( SELECT c.book_ref, COUNT(DISTINCT t.ticket_no) AS tickets FROM cohort c LEFT JOIN aviation.tickets t ON t.book_ref = c.book_ref GROUP BY c.book_ref ), segmented AS ( SELECT x.book_ref, x.tickets, COUNT(tf.flight_id) AS segments, COUNT(bp.ticket_no) AS boarded FROM ticketed x LEFT JOIN aviation.tickets t ON t.book_ref = x.book_ref LEFT JOIN aviation.ticket_flights tf ON tf.ticket_no = t.ticket_no LEFT JOIN aviation.boarding_passes bp ON bp.ticket_no = tf.ticket_no AND bp.flight_id = tf.flight_id GROUP BY x.book_ref, x.tickets ) SELECT COUNT(*) AS bookings, COUNT(*) FILTER (WHERE tickets > 0) AS with_tickets, COUNT(*) FILTER (WHERE segments > 0) AS with_segments, COUNT(*) FILTER (WHERE boarded > 0) AS with_boarding FROM segmented",902,4,5,3,True,False,False,5,4,11,7,0,4,0,0,0,74856.24,74856.25,1.0,32,1928009.0,1446.123,17,13,4,Aggregate,4,0,1,0,3,0,1,1,3,854973,28646,0,0,2550000.0,1000000.0,329580544,157736960,6,1e-06
prod_booking_funnel,"WITH cohort AS ( SELECT book_ref FROM aviation.bookings WHERE book_date >= DATE '2025-06-23' AND book_date < DATE '2025-06-23' + INTERVAL '30 days' ), ticketed AS ( SELECT c.book_ref, COUNT(DISTINCT t.ticket_no) AS tickets FROM cohort c LEFT JOIN aviation.tickets t ON t.book_ref = c.book_ref GROUP BY c.book_ref ), segmented AS ( SELECT x.book_ref, x.tickets, COUNT(tf.flight_id) AS segments, COUNT(bp.ticket_no) AS boarded FROM ticketed x LEFT JOIN aviation.tickets t ON t.book_ref = x.book_ref LEFT JOIN aviation.ticket_flights tf ON tf.ticket_no = t.ticket_no LEFT JOIN aviation.boarding_passes bp ON bp.ticket_no = tf.ticket_no AND bp.flight_id = tf.flight_id GROUP BY x.book_ref, x.tickets ) SELECT COUNT(*) AS bookings, COUNT(*) FILTER (WHERE tickets > 0) AS with_tickets, COUNT(*) FILTER (WHERE segments > 0) AS with_segments, COUNT(*) FILTER (WHERE boarded > 0) AS with_boarding FROM segmented",902,4,5,3,True,False,False,5,4,11,7,0,4,0,0,0,74856.24,74856.25,1.0,32,1928009.0,1314.146,17,13,4,Aggregate,4,0,1,0,3,0,1,1,3,857463,26156,0,0,2550000.0,1000000.0,329580544,157736960,6,1e-06
prod_integrity_audit,"SELECT 'tickets_without_booking' AS check_name, COUNT(*) AS failures FROM aviation.tickets t LEFT JOIN aviation.bookings b ON b.book_ref = t.book_ref WHERE b.book_ref IS NULL UNION ALL SELECT 'segments_without_ticket', COUNT(*) FROM aviation.ticket_flights tf LEFT JOIN aviation.tickets t ON t.ticket_no = tf.ticket_no WHERE t.ticket_no IS NULL UNION ALL SELECT 'boarding_without_segment', COUNT(*) FROM aviation.boarding_passes bp LEFT JOIN aviation.ticket_flights tf ON tf.ticket_no = bp.ticket_no AND tf.flight_id = bp.flight_id WHERE tf.ticket_no IS NULL UNION ALL SELECT 'flight_without_aircraft', COUNT(*) FROM aviation.flights f LEFT JOIN aviation.aircrafts a ON a.aircraft_code = f.aircraft_code WHERE a.aircraft_code IS NULL AND f.flight_id >= 25001",758,4,5,3,False,False,False,8,6,8,4,0,4,0,0,0,54450.01,79551.44,4.0,40,5825116.0,1682.963,22,6,6,Gather,7,1,0,0,4,0,0,0,4,71658,117922,54416,60650,2600005.0,1000000.0,336601088,160481280,9,4e-06
prod_integrity_audit,"SELECT 'tickets_without_booking' AS check_name, COUNT(*) AS failures FROM aviation.tickets t LEFT JOIN aviation.bookings b ON b.book_ref = t.book_ref WHERE b.book_ref IS NULL UNION ALL SELECT 'segments_without_ticket', COUNT(*) FROM aviation.ticket_flights tf LEFT JOIN aviation.tickets t ON t.ticket_no = tf.ticket_no WHERE t.ticket_no IS NULL UNION ALL SELECT 'boarding_without_segment', COUNT(*) FROM aviation.boarding_passes bp LEFT JOIN aviation.ticket_flights tf ON tf.ticket_no = bp.ticket_no AND tf.flight_id = bp.flight_id WHERE tf.ticket_no IS NULL UNION ALL SELECT 'flight_without_aircraft', COUNT(*) FROM aviation.flights f LEFT JOIN aviation.aircrafts a ON a.aircraft_code = f.aircraft_code WHERE a.aircraft_code IS NULL AND f.flight_id >= 25001",758,4,5,3,False,False,False,8,6,8,4,0,4,0,0,0,54450.01,79551.44,4.0,40,5825116.0,1502.233,22,6,6,Gather,7,1,0,0,4,0,0,0,4,73281,116299,54416,60650,2600005.0,1000000.0,336601088,160481280,9,4e-06
prod_route_peer_comparison,"SELECT f.departure_airport, f.arrival_airport, AVG(tf.amount) AS avg_fare FROM aviation.flights f JOIN aviation.ticket_flights tf ON tf.flight_id = f.flight_id GROUP BY f.departure_airport, f.arrival_airport HAVING AVG(tf.amount) > 1.3 * ( SELECT AVG(tf2.amount) FROM aviation.flights f2 JOIN aviation.ticket_flights tf2 ON tf2.flight_id = f2.flight_id WHERE f2.departure_airport = f.departure_airport ) ORDER BY avg_fare DESC",426,2,1,1,True,True,False,4,2,4,3,2,0,0,0,0,2271376.3,2271376.39,33.0,40,3210067.0,3398.997,11,6,2,Sort,4,0,0,0,2,0,0,1,2,57604,425972,0,0,1050000.0,1000000.0,136249344,63668224,3,3.3e-05
prod_route_peer_comparison,"SELECT f.departure_airport, f.arrival_airport, AVG(tf.amount) AS avg_fare FROM aviation.flights f JOIN aviation.ticket_flights tf ON tf.flight_id = f.flight_id GROUP BY f.departure_airport, f.arrival_airport HAVING AVG(tf.amount) > 1.3 * ( SELECT AVG(tf2.amount) FROM aviation.flights f2 JOIN aviation.ticket_flights tf2 ON tf2.flight_id = f2.flight_id WHERE f2.departure_airport = f.departure_airport ) ORDER BY avg_fare DESC",426,2,1,1,True,True,False,4,2,4,3,2,0,0,0,0,2271376.3,2271376.39,33.0,40,3210067.0,3860.759,11,6,2,Sort,4,0,0,0,2,0,0,1,2,61060,422516,0,0,1050000.0,1000000.0,136249344,63668224,3,3.3e-05
prod_route_status_cube,"SELECT departure_airport, arrival_airport, status, aircraft_code, COUNT(*) AS flights, AVG(EXTRACT(EPOCH FROM (scheduled_arrival - scheduled_departure)) / 60) AS avg_minutes FROM aviation.flights WHERE scheduled_departure >= DATE '2025-02-25' - INTERVAL '60 days' AND scheduled_departure < DATE '2025-02-25' + INTERVAL '60 days' GROUP BY CUBE (departure_airport, arrival_airport, status, aircraft_code) HAVING COUNT(*) >= 2 ORDER BY flights DESC NULLS LAST LIMIT 500",466,0,2,0,True,True,False,1,1,6,3,0,0,0,0,0,5801.15,5802.4,500.0,60,18709.0,94.514,4,4,1,Limit,1,0,0,0,0,0,0,1,1,2064,0,0,0,50000.0,50000.0,6987776,2727936,2,0.01
prod_route_status_cube,"SELECT departure_airport, arrival_airport, status, aircraft_code, COUNT(*) AS flights, AVG(EXTRACT(EPOCH FROM (scheduled_arrival - scheduled_departure)) / 60) AS avg_minutes FROM aviation.flights WHERE scheduled_departure >= DATE '2025-02-25' - INTERVAL '60 days' AND scheduled_departure < DATE '2025-02-25' + INTERVAL '60 days' GROUP BY CUBE (departure_airport, arrival_airport, status, aircraft_code) HAVING COUNT(*) >= 2 ORDER BY flights DESC NULLS LAST LIMIT 500",466,0,2,0,True,True,False,1,1,6,3,0,0,0,0,0,5801.15,5802.4,500.0,60,18709.0,91.173,4,4,1,Limit,1,0,0,0,0,0,0,1,1,2064,0,0,0,50000.0,50000.0,6987776,2727936,2,0.01
prod_latest_booking_per_passenger,"SELECT DISTINCT ON (t.passenger_id) t.passenger_id, t.passenger_name, b.book_ref, b.book_date, b.total_amount FROM aviation.tickets t JOIN aviation.bookings b ON b.book_ref = t.book_ref WHERE t.passenger_id LIKE '48%' ORDER BY t.passenger_id, b.book_date DESC, b.book_ref DESC",276,1,1,0,False,True,True,2,2,5,0,1,0,0,0,0,12575.31,13163.6,5051.0,49,167313.0,87.959,7,6,2,Unique,2,0,0,0,1,0,0,1,0,39187,6,0,0,750000.0,500000.0,76701696,21413888,2,0.010102
prod_latest_booking_per_passenger,"SELECT DISTINCT ON (t.passenger_id) t.passenger_id, t.passenger_name, b.book_ref, b.book_date, b.total_amount FROM aviation.tickets t JOIN aviation.bookings b ON b.book_ref = t.book_ref WHERE t.passenger_id LIKE '48%' ORDER BY t.passenger_id, b.book_date DESC, b.book_ref DESC",276,1,1,0,False,True,True,2,2,5,0,1,0,0,0,0,12575.31,13163.6,5051.0,49,167313.0,97.302,7,6,2,Unique,2,0,0,0,1,0,0,1,0,39193,0,0,0,750000.0,500000.0,76701696,21413888,2,0.010102
prod_aircraft_duration_fit,"SELECT a.aircraft_code, a.model, f.departure_airport, f.arrival_airport, COUNT(*) AS flights, AVG(EXTRACT(EPOCH FROM (f.scheduled_arrival - f.scheduled_departure)) / 3600) AS avg_hours FROM aviation.aircrafts a JOIN aviation.flights f ON f.aircraft_code = a.aircraft_code GROUP BY a.aircraft_code, a.model, f.departure_airport, f.arrival_airport, a.range_km HAVING AVG(EXTRACT(EPOCH FROM (f.scheduled_arrival - f.scheduled_departure)) / 3600) * 800 > a.range_km * 0.9 ORDER BY avg_hours DESC",491,1,0,0,True,True,False,2,2,6,3,1,0,0,0,0,2277.03,2277.45,167.0,71,100344.0,72.174,6,5,2,Sort,2,0,0,0,1,0,0,1,1,2069,0,0,0,50005.0,50000.0,7020544,2744320,3,0.00334
prod_aircraft_duration_fit,"SELECT a.aircraft_code, a.model, f.departure_airport, f.arrival_airport, COUNT(*) AS flights, AVG(EXTRACT(EPOCH FROM (f.scheduled_arrival - f.scheduled_departure)) / 3600) AS avg_hours FROM aviation.aircrafts a JOIN aviation.flights f ON f.aircraft_code = a.aircraft_code GROUP BY a.aircraft_code, a.model, f.departure_airport, f.arrival_airport, a.range_km HAVING AVG(EXTRACT(EPOCH FROM (f.scheduled_arrival - f.scheduled_departure)) / 3600) * 800 > a.range_km * 0.9 ORDER BY avg_hours DESC",491,1,0,0,True,True,False,2,2,6,3,1,0,0,0,0,2277.03,2277.45,167.0,71,100344.0,60.186,6,5,2,Sort,2,0,0,0,1,0,0,1,1,2069,0,0,0,50005.0,50000.0,7020544,2744320,3,0.00334
prod_route_top_passengers,"SELECT r.arrival_airport, p.passenger_id, p.route_revenue FROM (SELECT DISTINCT arrival_airport FROM aviation.flights WHERE departure_airport = 'VTB') r CROSS JOIN LATERAL ( SELECT t.passenger_id, SUM(tf.amount) AS route_revenue FROM aviation.flights f JOIN aviation.ticket_flights tf ON tf.flight_id = f.flight_id JOIN aviation.tickets t ON t.ticket_no = tf.ticket_no WHERE f.departure_airport = 'VTB' AND f.arrival_airport = r.arrival_airport GROUP BY t.passenger_id ORDER BY route_revenue DESC LIMIT 5 ) p ORDER BY r.arrival_airport, p.route_revenue DESC",557,3,3,2,True,True,True,4,3,6,1,2,0,0,0,1,53374.75,274739.36,50.0,48,1051826.0,899.622,14,9,3,Incremental Sort,3,1,0,0,1,0,2,2,1,2785307,88589,2125,3875,1550000.0,1000000.0,194240512,79454208,4,5e-05
prod_route_top_passengers,"SELECT r.arrival_airport, p.passenger_id, p.route_revenue FROM (SELECT DISTINCT arrival_airport FROM aviation.flights WHERE departure_airport = 'VTB') r CROSS JOIN LATERAL ( SELECT t.passenger_id, SUM(tf.amount) AS route_revenue FROM aviation.flights f JOIN aviation.ticket_flights tf ON tf.flight_id = f.flight_id JOIN aviation.tickets t ON t.ticket_no = tf.ticket_no WHERE f.departure_airport = 'VTB' AND f.arrival_airport = r.arrival_airport GROUP BY t.passenger_id ORDER BY route_revenue DESC LIMIT 5 ) p ORDER BY r.arrival_airport, p.route_revenue DESC",557,3,3,2,True,True,True,4,3,6,1,2,0,0,0,1,53374.75,274739.36,50.0,48,1051826.0,858.661,14,9,3,Incremental Sort,3,1,0,0,1,0,2,2,1,2807480,66416,2125,3875,1550000.0,1000000.0,194240512,79454208,4,5e-05
prod_load_factor_percentile,"WITH capacity AS ( SELECT aircraft_code, COUNT(*) AS seats FROM aviation.seats GROUP BY aircraft_code ), loads AS ( SELECT f.flight_id, f.arrival_airport, COUNT(tf.ticket_no)::numeric / c.seats AS load_factor FROM aviation.flights f JOIN capacity c ON c.aircraft_code = f.aircraft_code LEFT JOIN aviation.ticket_flights tf ON tf.flight_id = f.flight_id WHERE f.departure_airport = 'LED' GROUP BY f.flight_id, f.arrival_airport, c.seats ) SELECT *, PERCENT_RANK() OVER (PARTITION BY arrival_airport ORDER BY load_factor) AS route_percentile FROM loads ORDER BY route_percentile DESC, load_factor DESC LIMIT 200",609,2,1,2,True,True,False,3,3,7,3,1,1,0,0,0,27395.83,27396.33,200.0,48,1329214.0,330.422,15,11,3,Limit,3,0,0,0,2,0,0,2,2,5736,74485,0,0,1050900.0,1000000.0,136372224,63725568,4,0.0002
prod_load_factor_percentile,"WITH capacity AS ( SELECT aircraft_code, COUNT(*) AS seats FROM aviation.seats GROUP BY aircraft_code ), loads AS ( SELECT f.flight_id, f.arrival_airport, COUNT(tf.ticket_no)::numeric / c.seats AS load_factor FROM aviation.flights f JOIN capacity c ON c.aircraft_code = f.aircraft_code LEFT JOIN aviation.ticket_flights tf ON tf.flight_id = f.flight_id WHERE f.departure_airport = 'LED' GROUP BY f.flight_id, f.arrival_airport, c.seats ) SELECT *, PERCENT_RANK() OVER (PARTITION BY arrival_airport ORDER BY load_factor) AS route_percentile FROM loads ORDER BY route_percentile DESC, load_factor DESC LIMIT 200",609,2,1,2,True,True,False,3,3,7,3,1,1,0,0,0,27395.83,27396.33,200.0,48,1329214.0,310.843,15,11,3,Limit,3,0,0,0,2,0,0,2,2,6079,74142,0,0,1050900.0,1000000.0,136372224,63725568,4,0.0002
prod_rolling_booking_revenue,"WITH daily AS ( SELECT book_date::date AS day, SUM(total_amount) AS revenue, COUNT(*) AS bookings FROM aviation.bookings GROUP BY book_date::date ) SELECT day, revenue, bookings, SUM(revenue) OVER (ORDER BY day ROWS BETWEEN 27 PRECEDING AND CURRENT ROW) AS rolling_revenue, AVG(bookings) OVER (ORDER BY day ROWS BETWEEN 27 PRECEDING AND CURRENT ROW) AS rolling_bookings FROM daily ORDER BY day",393,0,0,1,True,True,False,1,1,8,4,0,0,0,0,0,5555.35,5612.68,365.0,108,148884.0,88.564,6,6,1,WindowAgg,1,0,0,0,0,0,0,1,2,9590,0,0,0,250000.0,250000.0,18710528,5627904,1,0.00146
prod_rolling_booking_revenue,"WITH daily AS ( SELECT book_date::date AS day, SUM(total_amount) AS revenue, COUNT(*) AS bookings FROM aviation.bookings GROUP BY book_date::date ) SELECT day, revenue, bookings, SUM(revenue) OVER (ORDER BY day ROWS BETWEEN 27 PRECEDING AND CURRENT ROW) AS rolling_revenue, AVG(bookings) OVER (ORDER BY day ROWS BETWEEN 27 PRECEDING AND CURRENT ROW) AS rolling_bookings FROM daily ORDER BY day",393,0,0,1,True,True,False,1,1,8,4,0,0,0,0,0,5555.35,5612.68,365.0,108,148884.0,88.918,6,6,1,WindowAgg,1,0,0,0,0,0,0,1,2,9590,0,0,0,250000.0,250000.0,18710528,5627904,1,0.00146
prod_airport_hourly_pressure,"WITH hourly AS ( SELECT date_trunc('hour', scheduled_departure) AS hour_start, COUNT(*) AS departures FROM aviation.flights WHERE departure_airport = 'SVO' AND scheduled_departure >= DATE '2025-01-01' - INTERVAL '14 days' AND scheduled_departure < DATE '2025-01-01' + INTERVAL '14 days' GROUP BY date_trunc('hour', scheduled_departure) ) SELECT hour_start, departures, SUM(departures) OVER (ORDER BY hour_start ROWS BETWEEN 3 PRECEDING AND 3 FOLLOWING) AS seven_hour_pressure, CUME_DIST() OVER (ORDER BY departures) AS pressure_percentile FROM hourly ORDER BY seven_hour_pressure DESC LIMIT 100",594,0,3,1,True,True,False,1,1,6,3,0,0,0,0,0,1432.71,1432.96,100.0,56,1688.0,10.091,9,9,1,Limit,1,0,0,0,0,0,0,4,1,4644,0,0,0,50000.0,50000.0,6987776,2727936,2,0.002
prod_airport_hourly_pressure,"WITH hourly AS ( SELECT date_trunc('hour', scheduled_departure) AS hour_start, COUNT(*) AS departures FROM aviation.flights WHERE departure_airport = 'SVO' AND scheduled_departure >= DATE '2025-01-01' - INTERVAL '14 days' AND scheduled_departure < DATE '2025-01-01' + INTERVAL '14 days' GROUP BY date_trunc('hour', scheduled_departure) ) SELECT hour_start, departures, SUM(departures) OVER (ORDER BY hour_start ROWS BETWEEN 3 PRECEDING AND 3 FOLLOWING) AS seven_hour_pressure, CUME_DIST() OVER (ORDER BY departures) AS pressure_percentile FROM hourly ORDER BY seven_hour_pressure DESC LIMIT 100",594,0,3,1,True,True,False,1,1,6,3,0,0,0,0,0,1432.71,1432.96,100.0,56,1688.0,9.776,9,9,1,Limit,1,0,0,0,0,0,0,4,1,4644,0,0,0,50000.0,50000.0,6987776,2727936,2,0.002
prod_unsold_business_inventory,"SELECT f.flight_id, f.departure_airport, f.arrival_airport, COUNT(DISTINCT s.seat_no) AS business_capacity, COUNT(DISTINCT tf.ticket_no) AS business_sold FROM aviation.flights f JOIN aviation.seats s ON s.aircraft_code = f.aircraft_code AND s.fare_conditions = 'Business' LEFT JOIN aviation.ticket_flights tf ON tf.flight_id = f.flight_id AND tf.fare_conditions = 'Business' WHERE f.scheduled_departure >= DATE '2025-11-11' AND f.scheduled_departure < DATE '2025-11-11' + INTERVAL '7 days' GROUP BY f.flight_id HAVING COUNT(DISTINCT tf.ticket_no) < COUNT(DISTINCT s.seat_no) ORDER BY COUNT(DISTINCT s.seat_no) - COUNT(DISTINCT tf.ticket_no) DESC LIMIT 200",655,2,2,0,True,True,False,3,3,5,6,1,1,0,0,0,22147.32,22147.82,200.0,36,99237.0,126.592,12,8,3,Limit,2,1,0,0,1,0,1,2,1,5558,65690,0,0,1050900.0,1000000.0,136372224,63725568,4,0.0002
prod_unsold_business_inventory,"SELECT f.flight_id, f.departure_airport, f.arrival_airport, COUNT(DISTINCT s.seat_no) AS business_capacity, COUNT(DISTINCT tf.ticket_no) AS business_sold FROM aviation.flights f JOIN aviation.seats s ON s.aircraft_code = f.aircraft_code AND s.fare_conditions = 'Business' LEFT JOIN aviation.ticket_flights tf ON tf.flight_id = f.flight_id AND tf.fare_conditions = 'Business' WHERE f.scheduled_departure >= DATE '2025-11-11' AND f.scheduled_departure < DATE '2025-11-11' + INTERVAL '7 days' GROUP BY f.flight_id HAVING COUNT(DISTINCT tf.ticket_no) < COUNT(DISTINCT s.seat_no) ORDER BY COUNT(DISTINCT s.seat_no) - COUNT(DISTINCT tf.ticket_no) DESC LIMIT 200",655,2,2,0,True,True,False,3,3,5,6,1,1,0,0,0,22147.32,22147.82,200.0,36,99237.0,120.086,12,8,3,Limit,2,1,0,0,1,0,1,2,1,6368,64880,0,0,1050900.0,1000000.0,136372224,63725568,4,0.0002
prod_recursive_calendar_gaps,"WITH RECURSIVE calendar(day) AS ( SELECT DATE '2025-01-24' UNION ALL SELECT day + 1 FROM calendar WHERE day < DATE '2025-01-24' + 14 ), traffic AS ( SELECT scheduled_departure::date AS day, COUNT(*) AS flights FROM aviation.flights GROUP BY scheduled_departure::date ) SELECT c.day, COALESCE(t.flights, 0) AS flights, AVG(COALESCE(t.flights, 0)) OVER (ORDER BY c.day ROWS BETWEEN 6 PRECEDING AND CURRENT ROW) AS weekly_average FROM calendar c LEFT JOIN traffic t USING (day) ORDER BY c.day",489,1,1,3,True,True,False,1,1,7,2,0,1,0,0,0,1708.94,1732.69,1358.0,44,62934.0,20.373,10,5,1,WindowAgg,1,0,0,0,1,0,0,1,1,2580,0,0,0,50000.0,50000.0,6987776,2727936,2,0.02716
prod_recursive_calendar_gaps,"WITH RECURSIVE calendar(day) AS ( SELECT DATE '2025-01-24' UNION ALL SELECT day + 1 FROM calendar WHERE day < DATE '2025-01-24' + 14 ), traffic AS ( SELECT scheduled_departure::date AS day, COUNT(*) AS flights FROM aviation.flights GROUP BY scheduled_departure::date ) SELECT c.day, COALESCE(t.flights, 0) AS flights, AVG(COALESCE(t.flights, 0)) OVER (ORDER BY c.day ROWS BETWEEN 6 PRECEDING AND CURRENT ROW) AS weekly_average FROM calendar c LEFT JOIN traffic t USING (day) ORDER BY c.day",489,1,1,3,True,True,False,1,1,7,2,0,1,0,0,0,1708.94,1732.69,1358.0,44,62934.0,19.589,10,5,1,WindowAgg,1,0,0,0,1,0,0,1,1,2580,0,0,0,50000.0,50000.0,6987776,2727936,2,0.02716
prod_route_top_n_per_month,"WITH monthly_routes AS ( SELECT date_trunc('month', f.scheduled_departure) AS month_start, f.departure_airport, f.arrival_airport, COUNT(*) AS tickets, SUM(tf.amount) AS revenue FROM aviation.flights f JOIN aviation.ticket_flights tf ON tf.flight_id = f.flight_id GROUP BY date_trunc('month', f.scheduled_departure), f.departure_airport, f.arrival_airport ), ranked AS ( SELECT *, ROW_NUMBER() OVER (PARTITION BY month_start, departure_airport ORDER BY revenue DESC) AS position FROM monthly_routes ) SELECT * FROM ranked WHERE position <= 3 ORDER BY month_start, departure_airport, position",591,1,1,2,True,True,False,2,2,8,2,1,0,0,0,0,25338.16,25807.54,8763.0,64,1003438.0,558.011,11,10,2,Incremental Sort,2,0,0,0,1,0,0,1,2,18584,72126,0,0,1050000.0,1000000.0,136249344,63668224,3,0.008763
prod_route_top_n_per_month,"WITH monthly_routes AS ( SELECT date_trunc('month', f.scheduled_departure) AS month_start, f.departure_airport, f.arrival_airport, COUNT(*) AS tickets, SUM(tf.amount) AS revenue FROM aviation.flights f JOIN aviation.ticket_flights tf ON tf.flight_id = f.flight_id GROUP BY date_trunc('month', f.scheduled_departure), f.departure_airport, f.arrival_airport ), ranked AS ( SELECT *, ROW_NUMBER() OVER (PARTITION BY month_start, departure_airport ORDER BY revenue DESC) AS position FROM monthly_routes ) SELECT * FROM ranked WHERE position <= 3 ORDER BY month_start, departure_airport, position",591,1,1,2,True,True,False,2,2,8,2,1,0,0,0,0,25338.16,25807.54,8763.0,64,1003438.0,521.928,11,10,2,Incremental Sort,2,0,0,0,1,0,0,1,2,19448,71262,0,0,1050000.0,1000000.0,136249344,63668224,3,0.008763
prod_customer_value_deciles,"WITH passenger_value AS ( SELECT t.passenger_id, COUNT(DISTINCT t.ticket_no) AS tickets, SUM(tf.amount) AS revenue FROM aviation.tickets t JOIN aviation.ticket_flights tf ON tf.ticket_no = t.ticket_no GROUP BY t.passenger_id HAVING COUNT(DISTINCT t.ticket_no) >= 5 ), scored AS ( SELECT *, NTILE(10) OVER (ORDER BY revenue DESC) AS value_decile FROM passenger_value ) SELECT value_decile, COUNT(*) AS passengers, AVG(revenue) AS avg_revenue FROM scored GROUP BY value_decile ORDER BY value_decile",496,1,0,2,True,True,False,2,2,8,6,1,0,0,0,0,222950.56,222951.06,200.0,44,4667068.0,3991.166,11,10,2,Sort,2,0,0,0,1,0,0,3,2,56058,70408,128186,130774,1500000.0,1000000.0,187252736,76726272,2,0.0002
prod_customer_value_deciles,"WITH passenger_value AS ( SELECT t.passenger_id, COUNT(DISTINCT t.ticket_no) AS tickets, SUM(tf.amount) AS revenue FROM aviation.tickets t JOIN aviation.ticket_flights tf ON tf.ticket_no = t.ticket_no GROUP BY t.passenger_id HAVING COUNT(DISTINCT t.ticket_no) >= 5 ), scored AS ( SELECT *, NTILE(10) OVER (ORDER BY revenue DESC) AS value_decile FROM passenger_value ) SELECT value_decile, COUNT(*) AS passengers, AVG(revenue) AS avg_revenue FROM scored GROUP BY value_decile ORDER BY value_decile",496,1,0,2,True,True,False,2,2,8,6,1,0,0,0,0,222950.56,222951.06,200.0,44,4667068.0,3764.824,11,10,2,Sort,2,0,0,0,1,0,0,3,2,56356,70110,128186,130774,1500000.0,1000000.0,187252736,76726272,2,0.0002
prod_booking_reconciliation,"SELECT b.book_ref, b.total_amount, COALESCE(SUM(tf.amount), 0) AS sold_amount, b.total_amount - COALESCE(SUM(tf.amount), 0) AS difference FROM aviation.bookings b LEFT JOIN aviation.tickets t ON t.book_ref = b.book_ref LEFT JOIN aviation.ticket_flights tf ON tf.ticket_no = t.ticket_no GROUP BY b.book_ref, b.total_amount HAVING ABS(b.total_amount - COALESCE(SUM(tf.amount), 0)) > 2500 ORDER BY ABS(b.total_amount - COALESCE(SUM(tf.amount), 0)) DESC LIMIT 200",459,2,0,0,True,True,False,3,3,4,4,0,2,0,0,0,160159.46,160159.96,200.0,109,3249246.0,2486.522,13,10,3,Limit,3,0,0,0,2,0,0,2,2,71539,69822,77784,80030,1750000.0,1000000.0,205963264,82354176,3,0.0002
prod_booking_reconciliation,"SELECT b.book_ref, b.total_amount, COALESCE(SUM(tf.amount), 0) AS sold_amount, b.total_amount - COALESCE(SUM(tf.amount), 0) AS difference FROM aviation.bookings b LEFT JOIN aviation.tickets t ON t.book_ref = b.book_ref LEFT JOIN aviation.ticket_flights tf ON tf.ticket_no = t.ticket_no GROUP BY b.book_ref, b.total_amount HAVING ABS(b.total_amount - COALESCE(SUM(tf.amount), 0)) > 2500 ORDER BY ABS(b.total_amount - COALESCE(SUM(tf.amount), 0)) DESC LIMIT 200",459,2,0,0,True,True,False,3,3,4,4,0,2,0,0,0,160159.46,160159.96,200.0,109,3249246.0,2742.953,13,10,3,Limit,3,0,0,0,2,0,0,2,2,72403,68958,77774,80072,1750000.0,1000000.0,205963264,82354176,3,0.0002
prod_materialized_route_comparison,"WITH route_sales AS MATERIALIZED ( SELECT f.departure_airport, f.arrival_airport, COUNT(*) AS tickets, SUM(tf.amount) AS revenue FROM aviation.flights f JOIN aviation.ticket_flights tf ON tf.flight_id = f.flight_id GROUP BY f.departure_airport, f.arrival_airport ) SELECT current.arrival_airport, current.tickets, current.revenue, AVG(peer.revenue) AS peer_average FROM route_sales current JOIN route_sales peer ON peer.departure_airport <> current.departure_airport AND peer.arrival_airport = current.arrival_airport WHERE current.departure_airport = 'SVO' GROUP BY current.arrival_airport, current.tickets, current.revenue ORDER BY current.revenue - AVG(peer.revenue) DESC",674,2,1,1,True,True,False,2,2,8,4,2,0,0,0,0,20438.56,20438.56,1.0,120,933940.0,415.9,15,8,2,Sort,2,0,0,0,2,0,0,3,3,21108,63666,0,0,1050000.0,1000000.0,136249344,63668224,3,1e-06
prod_materialized_route_comparison,"WITH route_sales AS MATERIALIZED ( SELECT f.departure_airport, f.arrival_airport, COUNT(*) AS tickets, SUM(tf.amount) AS revenue FROM aviation.flights f JOIN aviation.ticket_flights tf ON tf.flight_id = f.flight_id GROUP BY f.departure_airport, f.arrival_airport ) SELECT current.arrival_airport, current.tickets, current.revenue, AVG(peer.revenue) AS peer_average FROM route_sales current JOIN route_sales peer ON peer.departure_airport <> current.departure_airport AND peer.arrival_airport = current.arrival_airport WHERE current.departure_airport = 'SVO' GROUP BY current.arrival_airport, current.tickets, current.revenue ORDER BY current.revenue - AVG(peer.revenue) DESC",674,2,1,1,True,True,False,2,2,8,4,2,0,0,0,0,20438.56,20438.56,1.0,120,933940.0,485.944,15,8,2,Sort,2,0,0,0,2,0,0,3,3,21840,63010,0,0,1050000.0,1000000.0,136249344,63668224,3,1e-06
prod_lateral_top_fares,"SELECT route.departure_airport, route.arrival_airport, expensive.ticket_no, expensive.amount FROM (SELECT DISTINCT departure_airport, arrival_airport FROM aviation.flights) route CROSS JOIN LATERAL ( SELECT tf.ticket_no, tf.amount FROM aviation.flights f JOIN aviation.ticket_flights tf ON tf.flight_id = f.flight_id WHERE f.departure_airport = route.departure_airport AND f.arrival_airport = route.arrival_airport AND tf.fare_conditions = 'Business' ORDER BY tf.amount DESC LIMIT 3 ) expensive ORDER BY route.departure_airport, route.arrival_airport, expensive.amount DESC",573,2,3,2,False,True,True,3,2,8,0,1,0,0,0,1,36989.94,1622342.34,300.0,28,194038.0,2341.458,12,7,2,Incremental Sort,2,1,0,0,0,0,2,2,0,794834,514168,0,0,1050000.0,1000000.0,136249344,63668224,3,0.0003
prod_lateral_top_fares,"SELECT route.departure_airport, route.arrival_airport, expensive.ticket_no, expensive.amount FROM (SELECT DISTINCT departure_airport, arrival_airport FROM aviation.flights) route CROSS JOIN LATERAL ( SELECT tf.ticket_no, tf.amount FROM aviation.flights f JOIN aviation.ticket_flights tf ON tf.flight_id = f.flight_id WHERE f.departure_airport = route.departure_airport AND f.arrival_airport = route.arrival_airport AND tf.fare_conditions = 'Business' ORDER BY tf.amount DESC LIMIT 3 ) expensive ORDER BY route.departure_airport, route.arrival_airport, expensive.amount DESC",573,2,3,2,False,True,True,3,2,8,0,1,0,0,0,1,36989.94,1622342.34,300.0,28,194038.0,2216.554,12,7,2,Incremental Sort,2,1,0,0,0,0,2,2,0,802190,506884,0,0,1050000.0,1000000.0,136249344,63668224,3,0.0003
prod_booking_cohort_retention,"WITH first_booking AS ( SELECT t.passenger_id, MIN(date_trunc('month', b.book_date)) AS cohort_month FROM aviation.tickets t JOIN aviation.bookings b ON b.book_ref = t.book_ref GROUP BY t.passenger_id ), activity AS ( SELECT DISTINCT t.passenger_id, date_trunc('month', b.book_date) AS activity_month FROM aviation.tickets t JOIN aviation.bookings b ON b.book_ref = t.book_ref JOIN aviation.ticket_flights tf ON tf.ticket_no = t.ticket_no WHERE tf.fare_conditions = 'Economy' ) SELECT f.cohort_month, EXTRACT(YEAR FROM age(a.activity_month, f.cohort_month)) * 12 + EXTRACT(MONTH FROM age(a.activity_month, f.cohort_month)) AS month_number, COUNT(DISTINCT a.passenger_id) AS retained_passengers FROM first_booking f JOIN activity a ON a.passenger_id = f.passenger_id GROUP BY f.cohort_month, month_number ORDER BY f.cohort_month, month_number",841,4,1,2,True,True,True,5,3,7,2,4,0,0,0,0,621613268.57,641899268.57,40000.0,48,4065597000.0,7075.381,19,9,3,Aggregate,5,0,0,0,4,0,0,1,3,123843,57392,114488,154236,1750000.0,1000000.0,205963264,82354176,3,0.04
prod_booking_cohort_retention,"WITH first_booking AS ( SELECT t.passenger_id, MIN(date_trunc('month', b.book_date)) AS cohort_month FROM aviation.tickets t JOIN aviation.bookings b ON b.book_ref = t.book_ref GROUP BY t.passenger_id ), activity AS ( SELECT DISTINCT t.passenger_id, date_trunc('month', b.book_date) AS activity_month FROM aviation.tickets t JOIN aviation.bookings b ON b.book_ref = t.book_ref JOIN aviation.ticket_flights tf ON tf.ticket_no = t.ticket_no WHERE tf.fare_conditions = 'Economy' ) SELECT f.cohort_month, EXTRACT(YEAR FROM age(a.activity_month, f.cohort_month)) * 12 + EXTRACT(MONTH FROM age(a.activity_month, f.cohort_month)) AS month_number, COUNT(DISTINCT a.passenger_id) AS retained_passengers FROM first_booking f JOIN activity a ON a.passenger_id = f.passenger_id GROUP BY f.cohort_month, month_number ORDER BY f.cohort_month, month_number",841,4,1,2,True,True,True,5,3,7,2,4,0,0,0,0,621613268.57,641899268.57,40000.0,48,4065597000.0,7183.6,19,9,3,Aggregate,5,0,0,0,4,0,0,1,3,124099,57136,114488,154236,1750000.0,1000000.0,205963264,82354176,3,0.04
prod_seat_heatmap,"SELECT s.seat_no, s.fare_conditions, COUNT(DISTINCT f.flight_id) AS operated_flights, COUNT(bp.ticket_no) AS occupied, COUNT(bp.ticket_no)::numeric / NULLIF(COUNT(DISTINCT f.flight_id), 0) AS utilization FROM aviation.seats s JOIN aviation.flights f ON f.aircraft_code = s.aircraft_code LEFT JOIN aviation.boarding_passes bp ON bp.flight_id = f.flight_id AND bp.seat_no = s.seat_no WHERE s.aircraft_code = '321' GROUP BY s.seat_no, s.fare_conditions ORDER BY utilization DESC, s.seat_no",486,2,1,0,True,True,False,3,3,5,4,1,1,0,0,0,377736.09,377736.39,121.0,59,6952174.0,7572.121,10,7,3,Sort,3,0,0,0,1,0,1,2,1,3131,35298,78317,82063,850900.0,800000.0,130727936,78168064,6,0.00015125
prod_seat_heatmap,"SELECT s.seat_no, s.fare_conditions, COUNT(DISTINCT f.flight_id) AS operated_flights, COUNT(bp.ticket_no) AS occupied, COUNT(bp.ticket_no)::numeric / NULLIF(COUNT(DISTINCT f.flight_id), 0) AS utilization FROM aviation.seats s JOIN aviation.flights f ON f.aircraft_code = s.aircraft_code LEFT JOIN aviation.boarding_passes bp ON bp.flight_id = f.flight_id AND bp.seat_no = s.seat_no WHERE s.aircraft_code = '321' GROUP BY s.seat_no, s.fare_conditions ORDER BY utilization DESC, s.seat_no",486,2,1,0,True,True,False,3,3,5,4,1,1,0,0,0,377736.09,377736.39,121.0,59,6952174.0,7771.171,10,7,3,Sort,3,0,0,0,1,0,1,2,1,3323,35106,78317,82063,850900.0,800000.0,130727936,78168064,6,0.00015125
prod_multi_segment_bookings,"SELECT b.book_ref, b.book_date, COUNT(DISTINCT t.ticket_no) AS passengers, COUNT(tf.flight_id) AS segments, SUM(tf.amount) AS revenue FROM aviation.bookings b JOIN aviation.tickets t ON t.book_ref = b.book_ref JOIN aviation.ticket_flights tf ON tf.ticket_no = t.ticket_no WHERE EXISTS ( SELECT 1 FROM aviation.ticket_flights x WHERE x.ticket_no = t.ticket_no GROUP BY x.ticket_no HAVING COUNT(*) >= 4 ) GROUP BY b.book_ref, b.book_date ORDER BY segments DESC, revenue DESC LIMIT 200",482,2,2,1,True,True,False,4,3,6,4,2,0,0,0,0,2395367.21,2395367.71,200.0,63,4500203.0,2182.368,13,9,3,Limit,3,0,1,0,2,0,0,2,2,13478818,57213,0,0,1750000.0,1000000.0,205963264,82354176,3,0.0002
prod_multi_segment_bookings,"SELECT b.book_ref, b.book_date, COUNT(DISTINCT t.ticket_no) AS passengers, COUNT(tf.flight_id) AS segments, SUM(tf.amount) AS revenue FROM aviation.bookings b JOIN aviation.tickets t ON t.book_ref = b.book_ref JOIN aviation.ticket_flights tf ON tf.ticket_no = t.ticket_no WHERE EXISTS ( SELECT 1 FROM aviation.ticket_flights x WHERE x.ticket_no = t.ticket_no GROUP BY x.ticket_no HAVING COUNT(*) >= 4 ) GROUP BY b.book_ref, b.book_date ORDER BY segments DESC, revenue DESC LIMIT 200",482,2,2,1,True,True,False,4,3,6,4,2,0,0,0,0,2395367.21,2395367.71,200.0,63,4500203.0,2639.895,13,9,3,Limit,3,0,1,0,2,0,0,2,2,13533728,2303,0,0,1750000.0,1000000.0,205963264,82354176,3,0.0002
prod_route_concentration,"WITH route_counts AS ( SELECT departure_airport, arrival_airport, COUNT(*)::numeric AS flights FROM aviation.flights WHERE status = 'Departed' GROUP BY departure_airport, arrival_airport ), shares AS ( SELECT *, flights / SUM(flights) OVER (PARTITION BY departure_airport) AS share FROM route_counts ) SELECT departure_airport, SUM(share * share) AS hhi, COUNT(*) AS served_destinations FROM shares GROUP BY departure_airport ORDER BY hhi DESC",443,0,1,2,True,True,False,1,1,8,4,0,0,0,0,0,1249.01,1249.26,100.0,44,13115.0,9.703,7,7,1,Sort,1,0,0,0,0,0,0,2,2,3612,0,0,0,50000.0,50000.0,6987776,2727936,2,0.002
prod_route_concentration,"WITH route_counts AS ( SELECT departure_airport, arrival_airport, COUNT(*)::numeric AS flights FROM aviation.flights WHERE status = 'Departed' GROUP BY departure_airport, arrival_airport ), shares AS ( SELECT *, flights / SUM(flights) OVER (PARTITION BY departure_airport) AS share FROM route_counts ) SELECT departure_airport, SUM(share * share) AS hhi, COUNT(*) AS served_destinations FROM shares GROUP BY departure_airport ORDER BY hhi DESC",443,0,1,2,True,True,False,1,1,8,4,0,0,0,0,0,1249.01,1249.26,100.0,44,13115.0,9.756,7,7,1,Sort,1,0,0,0,0,0,0,2,2,3612,0,0,0,50000.0,50000.0,6987776,2727936,2,0.002
prod_boarded_frequent_flyers,SELECT passenger_id FROM aviation.tickets GROUP BY passenger_id HAVING COUNT(*) >= 4 INTERSECT SELECT t.passenger_id FROM aviation.tickets t JOIN aviation.boarding_passes bp ON bp.ticket_no = t.ticket_no GROUP BY t.passenger_id HAVING COUNT(*) >= 4 ORDER BY passenger_id LIMIT 500,280,1,0,1,True,True,False,3,2,2,2,1,0,0,0,0,213762.84,213767.84,500.0,62,4600503.0,2261.079,13,9,2,Limit,3,0,0,0,1,0,0,1,2,77872,51528,62696,91059,1300000.0,800000.0,181608448,91168768,4,0.000625
prod_boarded_frequent_flyers,SELECT passenger_id FROM aviation.tickets GROUP BY passenger_id HAVING COUNT(*) >= 4 INTERSECT SELECT t.passenger_id FROM aviation.tickets t JOIN aviation.boarding_passes bp ON bp.ticket_no = t.ticket_no GROUP BY t.passenger_id HAVING COUNT(*) >= 4 ORDER BY passenger_id LIMIT 500,280,1,0,1,True,True,False,3,2,2,2,1,0,0,0,0,213762.84,213767.84,500.0,62,4600503.0,2152.333,13,9,2,Limit,3,0,0,0,1,0,0,1,2,79152,50248,62696,91059,1300000.0,800000.0,181608448,91168768,4,0.000625
prod_aircraft_turnaround,"WITH rotations AS ( SELECT flight_id, departure_airport, arrival_airport, scheduled_departure, LAG(scheduled_arrival) OVER ( PARTITION BY aircraft_code ORDER BY scheduled_departure ) AS prior_arrival FROM aviation.flights WHERE aircraft_code = '320' ) SELECT departure_airport, COUNT(*) AS rotations, AVG(scheduled_departure - prior_arrival) AS avg_turnaround, MIN(scheduled_departure - prior_arrival) AS min_turnaround FROM rotations WHERE prior_arrival IS NOT NULL GROUP BY departure_airport ORDER BY min_turnaround",517,0,2,1,True,True,False,1,1,9,4,0,0,0,0,0,2212.76,2212.78,10.0,44,39379.0,21.79,6,6,1,Sort,1,0,0,0,0,0,0,2,1,3096,0,0,0,50000.0,50000.0,6987776,2727936,2,0.0002
prod_aircraft_turnaround,"WITH rotations AS ( SELECT flight_id, departure_airport, arrival_airport, scheduled_departure, LAG(scheduled_arrival) OVER ( PARTITION BY aircraft_code ORDER BY scheduled_departure ) AS prior_arrival FROM aviation.flights WHERE aircraft_code = '320' ) SELECT departure_airport, COUNT(*) AS rotations, AVG(scheduled_departure - prior_arrival) AS avg_turnaround, MIN(scheduled_departure - prior_arrival) AS min_turnaround FROM rotations WHERE prior_arrival IS NOT NULL GROUP BY departure_airport ORDER BY min_turnaround",517,0,2,1,True,True,False,1,1,9,4,0,0,0,0,0,2212.76,2212.78,10.0,44,39379.0,21.746,6,6,1,Sort,1,0,0,0,0,0,0,2,1,3096,0,0,0,50000.0,50000.0,6987776,2727936,2,0.0002
prod_duplicate_passenger_summary,"SELECT passenger_id, MIN(passenger_name) AS canonical_name, COUNT(DISTINCT passenger_name) AS name_versions, COUNT(DISTINCT book_ref) AS bookings FROM aviation.tickets GROUP BY passenger_id HAVING COUNT(DISTINCT book_ref) >= 4 ORDER BY name_versions DESC, bookings DESC LIMIT 200",279,0,0,0,True,True,False,1,1,4,4,0,0,0,0,0,90852.65,90853.15,200.0,60,1333534.0,1588.106,5,5,1,Limit,1,0,0,0,0,0,0,2,1,24885,845,11216,11252,500000.0,500000.0,57991168,15785984,1,0.0004
prod_duplicate_passenger_summary,"SELECT passenger_id, MIN(passenger_name) AS canonical_name, COUNT(DISTINCT passenger_name) AS name_versions, COUNT(DISTINCT book_ref) AS bookings FROM aviation.tickets GROUP BY passenger_id HAVING COUNT(DISTINCT book_ref) >= 4 ORDER BY name_versions DESC, bookings DESC LIMIT 200",279,0,0,0,True,True,False,1,1,4,4,0,0,0,0,0,90852.65,90853.15,200.0,60,1333534.0,1557.598,5,5,1,Limit,1,0,0,0,0,0,0,2,1,25045,685,11216,11252,500000.0,500000.0,57991168,15785984,1,0.0004
prod_tickets_without_boarding,SELECT tf.ticket_no FROM aviation.ticket_flights tf WHERE tf.fare_conditions = 'Economy' EXCEPT SELECT bp.ticket_no FROM aviation.boarding_passes bp ORDER BY ticket_no LIMIT 500,177,0,1,1,False,True,False,2,2,2,0,0,0,0,0,0,346192.4,346200.49,500.0,60,6943994.0,3168.584,8,6,2,Limit,2,0,0,0,0,0,0,1,0,384,84918,19275,35646,1800000.0,1000000.0,252878848,136323072,4,0.0005
prod_tickets_without_boarding,SELECT tf.ticket_no FROM aviation.ticket_flights tf WHERE tf.fare_conditions = 'Economy' EXCEPT SELECT bp.ticket_no FROM aviation.boarding_passes bp ORDER BY ticket_no LIMIT 500,177,0,1,1,False,True,False,2,2,2,0,0,0,0,0,0,346192.4,346200.49,500.0,60,6943994.0,2888.56,8,6,2,Limit,2,0,0,0,0,0,0,1,0,768,84534,19275,35646,1800000.0,1000000.0,252878848,136323072,4,0.0005
prod_fare_mix_change,"WITH monthly AS ( SELECT date_trunc('month', f.scheduled_departure) AS month_start, tf.fare_conditions, COUNT(*) AS sold FROM aviation.flights f JOIN aviation.ticket_flights tf ON tf.flight_id = f.flight_id WHERE f.departure_airport = 'GNA' GROUP BY date_trunc('month', f.scheduled_departure), tf.fare_conditions ), shares AS ( SELECT *, sold::numeric / SUM(sold) OVER (PARTITION BY month_start) AS share FROM monthly ) SELECT *, share - LAG(share) OVER (PARTITION BY fare_conditions ORDER BY month_start) AS share_change FROM shares ORDER BY ABS(share - LAG(share) OVER (PARTITION BY fare_conditions ORDER BY month_start)) DESC NULLS LAST",639,1,1,2,True,True,False,2,2,7,4,1,0,0,0,0,22174.29,22204.44,12060.0,120,577907.0,152.161,12,11,2,Sort,2,0,0,0,1,0,0,3,2,17920,82700,0,0,1050000.0,1000000.0,136249344,63668224,3,0.01206
prod_fare_mix_change,"WITH monthly AS ( SELECT date_trunc('month', f.scheduled_departure) AS month_start, tf.fare_conditions, COUNT(*) AS sold FROM aviation.flights f JOIN aviation.ticket_flights tf ON tf.flight_id = f.flight_id WHERE f.departure_airport = 'GNA' GROUP BY date_trunc('month', f.scheduled_departure), tf.fare_conditions ), shares AS ( SELECT *, sold::numeric / SUM(sold) OVER (PARTITION BY month_start) AS share FROM monthly ) SELECT *, share - LAG(share) OVER (PARTITION BY fare_conditions ORDER BY month_start) AS share_change FROM shares ORDER BY ABS(share - LAG(share) OVER (PARTITION BY fare_conditions ORDER BY month_start)) DESC NULLS LAST",639,1,1,2,True,True,False,2,2,7,4,1,0,0,0,0,22174.29,22204.44,12060.0,120,577907.0,158.787,12,11,2,Sort,2,0,0,0,1,0,0,3,2,18880,81740,0,0,1050000.0,1000000.0,136249344,63668224,3,0.01206
prod_passenger_no_show_streak,"WITH attendance AS ( SELECT t.passenger_id, f.scheduled_departure, CASE WHEN bp.ticket_no IS NULL THEN 1 ELSE 0 END AS no_show FROM aviation.tickets t JOIN aviation.ticket_flights tf ON tf.ticket_no = t.ticket_no JOIN aviation.flights f ON f.flight_id = tf.flight_id LEFT JOIN aviation.boarding_passes bp ON bp.ticket_no = tf.ticket_no AND bp.flight_id = tf.flight_id ), runs AS ( SELECT *, SUM(CASE WHEN no_show = 0 THEN 1 ELSE 0 END) OVER (PARTITION BY passenger_id ORDER BY scheduled_departure) AS run_id FROM attendance ) SELECT passenger_id, run_id, COUNT(*) AS consecutive_no_shows FROM runs WHERE no_show = 1 GROUP BY passenger_id, run_id HAVING COUNT(*) >= 2 ORDER BY consecutive_no_shows DESC LIMIT 200",711,3,1,2,True,True,False,4,4,8,3,2,1,0,0,0,260558.96,260559.46,200.0,28,5280201.0,3496.934,18,13,4,Limit,4,0,0,0,3,0,0,2,1,88669,167361,223198,230704,2350000.0,1000000.0,317857792,154836992,7,0.0002
prod_passenger_no_show_streak,"WITH attendance AS ( SELECT t.passenger_id, f.scheduled_departure, CASE WHEN bp.ticket_no IS NULL THEN 1 ELSE 0 END AS no_show FROM aviation.tickets t JOIN aviation.ticket_flights tf ON tf.ticket_no = t.ticket_no JOIN aviation.flights f ON f.flight_id = tf.flight_id LEFT JOIN aviation.boarding_passes bp ON bp.ticket_no = tf.ticket_no AND bp.flight_id = tf.flight_id ), runs AS ( SELECT *, SUM(CASE WHEN no_show = 0 THEN 1 ELSE 0 END) OVER (PARTITION BY passenger_id ORDER BY scheduled_departure) AS run_id FROM attendance ) SELECT passenger_id, run_id, COUNT(*) AS consecutive_no_shows FROM runs WHERE no_show = 1 GROUP BY passenger_id, run_id HAVING COUNT(*) >= 2 ORDER BY consecutive_no_shows DESC LIMIT 200",711,3,1,2,True,True,False,4,4,8,3,2,1,0,0,0,260558.96,260559.46,200.0,28,5280201.0,3765.735,18,13,4,Limit,4,0,0,0,3,0,0,2,1,92169,163861,223215,230460,2350000.0,1000000.0,317857792,154836992,7,0.0002
prod_passenger_itinerary_gaps,"WITH itinerary AS ( SELECT t.passenger_id, f.flight_id, f.departure_airport, f.arrival_airport, f.scheduled_departure, f.scheduled_arrival, LAG(f.scheduled_arrival) OVER ( PARTITION BY t.passenger_id ORDER BY f.scheduled_departure ) AS previous_arrival FROM aviation.tickets t JOIN aviation.ticket_flights tf ON tf.ticket_no = t.ticket_no JOIN aviation.flights f ON f.flight_id = tf.flight_id ) SELECT * FROM itinerary WHERE scheduled_departure - previous_arrival < INTERVAL '12 hours' ORDER BY scheduled_departure - previous_arrival LIMIT 200",543,2,1,1,False,True,False,3,3,8,1,2,0,0,0,0,249391.83,249392.33,200.0,64,4850200.0,2851.938,13,10,3,Limit,3,0,0,0,2,0,0,2,0,70576,70974,101594,104684,1550000.0,1000000.0,194240512,79454208,4,0.0002
prod_passenger_itinerary_gaps,"WITH itinerary AS ( SELECT t.passenger_id, f.flight_id, f.departure_airport, f.arrival_airport, f.scheduled_departure, f.scheduled_arrival, LAG(f.scheduled_arrival) OVER ( PARTITION BY t.passenger_id ORDER BY f.scheduled_departure ) AS previous_arrival FROM aviation.tickets t JOIN aviation.ticket_flights tf ON tf.ticket_no = t.ticket_no JOIN aviation.flights f ON f.flight_id = tf.flight_id ) SELECT * FROM itinerary WHERE scheduled_departure - previous_arrival < INTERVAL '12 hours' ORDER BY scheduled_departure - previous_arrival LIMIT 200",543,2,1,1,False,True,False,3,3,8,1,2,0,0,0,0,249391.83,249392.33,200.0,64,4850200.0,2762.644,13,10,3,Limit,3,0,0,0,2,0,0,2,0,71440,70110,101554,104788,1550000.0,1000000.0,194240512,79454208,4,0.0002
prod_network_two_hop,"WITH RECURSIVE network(origin, destination, depth, path) AS ( SELECT departure_airport, arrival_airport, 1, ARRAY[departure_airport::text, arrival_airport::text] FROM aviation.flights WHERE departure_airport = 'IST' UNION SELECT n.origin, f.arrival_airport, n.depth + 1, n.path || f.arrival_airport FROM network n JOIN aviation.flights f ON f.departure_airport = n.destination WHERE n.depth < 2 AND NOT f.arrival_airport = ANY(n.path) ) SELECT destination, MIN(depth) AS hops, COUNT(*) AS alternatives FROM network GROUP BY destination ORDER BY hops, alternatives DESC",568,1,3,2,True,True,False,2,1,11,2,1,0,0,0,0,3133401.83,3133402.33,200.0,28,84072007.0,395.423,10,5,1,Sort,2,0,0,0,0,1,0,3,1,6192,0,0,0,50000.0,50000.0,6987776,2727936,2,0.004
prod_network_two_hop,"WITH RECURSIVE network(origin, destination, depth, path) AS ( SELECT departure_airport, arrival_airport, 1, ARRAY[departure_airport::text, arrival_airport::text] FROM aviation.flights WHERE departure_airport = 'IST' UNION SELECT n.origin, f.arrival_airport, n.depth + 1, n.path || f.arrival_airport FROM network n JOIN aviation.flights f ON f.departure_airport = n.destination WHERE n.depth < 2 AND NOT f.arrival_airport = ANY(n.path) ) SELECT destination, MIN(depth) AS hops, COUNT(*) AS alternatives FROM network GROUP BY destination ORDER BY hops, alternatives DESC",568,1,3,2,True,True,False,2,1,11,2,1,0,0,0,0,3133401.83,3133402.33,200.0,28,84072007.0,395.114,10,5,1,Sort,2,0,0,0,0,1,0,3,1,6192,0,0,0,50000.0,50000.0,6987776,2727936,2,0.004
prod_revenue_iqr_outliers,"WITH route_stats AS ( SELECT f.departure_airport, f.arrival_airport, percentile_cont(0.25) WITHIN GROUP (ORDER BY tf.amount) AS q1, percentile_cont(0.75) WITHIN GROUP (ORDER BY tf.amount) AS q3 FROM aviation.flights f JOIN aviation.ticket_flights tf ON tf.flight_id = f.flight_id WHERE tf.fare_conditions = 'Business' GROUP BY f.departure_airport, f.arrival_airport ) SELECT f.flight_id, tf.ticket_no, tf.amount, s.q1, s.q3 FROM aviation.ticket_flights tf JOIN aviation.flights f ON f.flight_id = tf.flight_id JOIN route_stats s USING (departure_airport, arrival_airport) WHERE tf.fare_conditions = 'Business' AND (tf.amount < s.q1 - 1.5 * (s.q3 - s.q1) OR tf.amount > s.q3 + 1.5 * (s.q3 - s.q1)) ORDER BY tf.amount DESC LIMIT 200",730,3,3,1,True,True,False,4,2,9,2,3,0,0,0,0,45270.73,45271.23,200.0,40,337716.0,432.3,17,13,2,Limit,4,0,0,0,3,0,0,2,1,38384,128290,0,0,1050000.0,1000000.0,136249344,63668224,3,0.0002
prod_revenue_iqr_outliers,"WITH route_stats AS ( SELECT f.departure_airport, f.arrival_airport, percentile_cont(0.25) WITHIN GROUP (ORDER BY tf.amount) AS q1, percentile_cont(0.75) WITHIN GROUP (ORDER BY tf.amount) AS q3 FROM aviation.flights f JOIN aviation.ticket_flights tf ON tf.flight_id = f.flight_id WHERE tf.fare_conditions = 'Business' GROUP BY f.departure_airport, f.arrival_airport ) SELECT f.flight_id, tf.ticket_no, tf.amount, s.q1, s.q3 FROM aviation.ticket_flights tf JOIN aviation.flights f ON f.flight_id = tf.flight_id JOIN route_stats s USING (departure_airport, arrival_airport) WHERE tf.fare_conditions = 'Business' AND (tf.amount < s.q1 - 1.5 * (s.q3 - s.q1) OR tf.amount > s.q3 + 1.5 * (s.q3 - s.q1)) ORDER BY tf.amount DESC LIMIT 200",730,3,3,1,True,True,False,4,2,9,2,3,0,0,0,0,45270.73,45271.23,200.0,40,337716.0,246.822,17,13,2,Limit,4,0,0,0,3,0,0,2,1,40505,126169,0,0,1050000.0,1000000.0,136249344,63668224,3,0.0002
