template_id,sql_text,query_length,join_count,where_condition_count,subquery_count,has_group_by,has_order_by,has_distinct,table_reference_count,unique_table_count,select_expression_count,aggregate_function_count,inner_join_count,left_join_count,right_join_count,full_join_count,cross_join_count,estimated_startup_cost,estimated_total_cost,estimated_plan_rows,estimated_plan_width,estimated_rows_all_nodes,actual_total_time_ms,node_count,max_plan_depth,relation_count,root_node_type,seq_scan_count,index_scan_count,index_only_scan_count,bitmap_heap_scan_count,hash_join_count,merge_join_count,nested_loop_count,sort_node_count,aggregate_node_count,shared_hit_blocks,shared_read_blocks,temp_read_blocks,temp_written_blocks,relation_row_estimate_sum,largest_relation_rows,relation_size_bytes,index_size_bytes,existing_index_count,estimated_selectivity
retail_shipment_sla,"SELECT carrier, shipment_status, COUNT(*) AS shipments, AVG(delivered_at - shipped_at) AS avg_delivery_time FROM retail.shipments WHERE carrier = 'FedEx' AND shipped_at IS NOT NULL AND (delivered_at IS NULL OR delivered_at - shipped_at > INTERVAL '72 hours') GROUP BY carrier, shipment_status ORDER BY shipments DESC",316,0,3,0,True,True,False,1,1,4,2,0,0,0,0,0,2311.71,2311.72,4.0,39,8420.0,18.654,3,3,1,Sort,1,0,0,0,0,0,0,1,1,2748,0,0,0,75000.0,75000.0,12288000,4759552,2,5.333333333333333e-05
retail_shipment_sla,"SELECT carrier, shipment_status, COUNT(*) AS shipments, AVG(delivered_at - shipped_at) AS avg_delivery_time FROM retail.shipments WHERE carrier = 'FedEx' AND shipped_at IS NOT NULL AND (delivered_at IS NULL OR delivered_at - shipped_at > INTERVAL '72 hours') GROUP BY carrier, shipment_status ORDER BY shipments DESC",316,0,3,0,True,True,False,1,1,4,2,0,0,0,0,0,2311.71,2311.72,4.0,39,8420.0,14.443,3,3,1,Sort,1,0,0,0,0,0,0,1,1,2745,0,0,0,75000.0,75000.0,12288000,4759552,2,5.333333333333333e-05
retail_brand_performance,"SELECT p.brand, o.sales_channel, COUNT(DISTINCT o.order_id) AS orders, SUM(i.quantity) AS units, AVG(i.unit_price) AS avg_price FROM retail.products p JOIN retail.order_items i ON i.product_id = p.product_id JOIN retail.customer_orders o ON o.order_id = i.order_id WHERE p.brand = 'Brand 1' AND o.order_status <> 'cancelled' GROUP BY p.brand, o.sales_channel ORDER BY units DESC",378,2,2,0,True,True,False,3,3,5,3,2,0,0,0,0,10351.55,10351.56,4.0,64,254794.0,68.476,10,8,3,Sort,2,1,0,0,1,0,1,2,1,99544,0,0,0,765000.0,600000.0,90284032,32628736,4,6.666666666666667e-06
retail_brand_performance,"SELECT p.brand, o.sales_channel, COUNT(DISTINCT o.order_id) AS orders, SUM(i.quantity) AS units, AVG(i.unit_price) AS avg_price FROM retail.products p JOIN retail.order_items i ON i.product_id = p.product_id JOIN retail.customer_orders o ON o.order_id = i.order_id WHERE p.brand = 'Brand 1' AND o.order_status <> 'cancelled' GROUP BY p.brand, o.sales_channel ORDER BY units DESC",378,2,2,0,True,True,False,3,3,5,3,2,0,0,0,0,10351.55,10351.56,4.0,64,254794.0,64.935,10,8,3,Sort,2,1,0,0,1,0,1,2,1,99544,0,0,0,765000.0,600000.0,90284032,32628736,4,6.666666666666667e-06
retail_customer_history,"SELECT o.order_id, o.ordered_at, o.order_status, o.total_amount, COUNT(i.line_no) AS line_count, SUM(i.quantity) AS units FROM retail.customer_orders o JOIN retail.order_items i ON i.order_id = o.order_id WHERE o.customer_id = 42777 GROUP BY o.order_id ORDER BY o.ordered_at DESC",279,1,1,0,True,True,False,2,2,6,2,1,0,0,0,0,3700.81,3700.81,3.0,46,37.0,13.755,6,5,2,Sort,1,1,0,0,0,0,1,2,1,8933,0,0,0,750000.0,600000.0,87277568,31784960,2,5e-06
retail_customer_history,"SELECT o.order_id, o.ordered_at, o.order_status, o.total_amount, COUNT(i.line_no) AS line_count, SUM(i.quantity) AS units FROM retail.customer_orders o JOIN retail.order_items i ON i.order_id = o.order_id WHERE o.customer_id = 42777 GROUP BY o.order_id ORDER BY o.ordered_at DESC",279,1,1,0,True,True,False,2,2,6,2,1,0,0,0,0,3700.81,3700.81,3.0,46,37.0,12.907,6,5,2,Sort,1,1,0,0,0,0,1,2,1,8930,0,0,0,750000.0,600000.0,87277568,31784960,2,5e-06
retail_regional_sales,"SELECT a.city, COUNT(DISTINCT o.order_id) AS orders, SUM(o.total_amount) AS gross_sales FROM retail.addresses a JOIN retail.customer_orders o ON o.shipping_address_id = a.address_id WHERE a.region = 'Region 8' AND o.ordered_at >= DATE '2024-04-21' - INTERVAL '180 days' GROUP BY a.city ORDER BY gross_sales DESC",311,1,2,0,True,True,False,2,2,3,2,1,0,0,0,0,6095.49,6096.24,300.0,48,128628.0,53.355,7,6,2,Sort,2,0,0,0,1,0,0,2,1,12902,528,0,0,225000.0,150000.0,25903104,5087232,2,0.002
retail_regional_sales,"SELECT a.city, COUNT(DISTINCT o.order_id) AS orders, SUM(o.total_amount) AS gross_sales FROM retail.addresses a JOIN retail.customer_orders o ON o.shipping_address_id = a.address_id WHERE a.region = 'Region 8' AND o.ordered_at >= DATE '2024-04-21' - INTERVAL '180 days' GROUP BY a.city ORDER BY gross_sales DESC",311,1,2,0,True,True,False,2,2,3,2,1,0,0,0,0,6095.49,6096.24,300.0,48,128628.0,53.241,7,6,2,Sort,2,0,0,0,1,0,0,2,1,13427,0,0,0,225000.0,150000.0,25903104,5087232,2,0.002
retail_stale_pending_orders,"SELECT o.order_id, o.customer_id, o.ordered_at, o.total_amount FROM retail.customer_orders o LEFT JOIN retail.payments p ON p.order_id = o.order_id WHERE o.order_status = 'pending' AND o.ordered_at < DATE '2024-12-26' AND (p.payment_id IS NULL OR p.payment_status = 'failed') ORDER BY o.ordered_at LIMIT 250",307,1,3,0,False,True,False,2,2,4,0,0,1,0,0,0,6832.94,6861.69,250.0,30,115088.0,48.496,7,6,2,Limit,2,0,0,0,1,0,0,1,0,17907,0,0,0,300000.0,150000.0,32792576,6782976,2,0.0016666666666666668
retail_stale_pending_orders,"SELECT o.order_id, o.customer_id, o.ordered_at, o.total_amount FROM retail.customer_orders o LEFT JOIN retail.payments p ON p.order_id = o.order_id WHERE o.order_status = 'pending' AND o.ordered_at < DATE '2024-12-26' AND (p.payment_id IS NULL OR p.payment_status = 'failed') ORDER BY o.ordered_at LIMIT 250",307,1,3,0,False,True,False,2,2,4,0,0,1,0,0,0,6832.94,6861.69,250.0,30,115088.0,47.842,7,6,2,Limit,2,0,0,0,1,0,0,1,0,17907,0,0,0,300000.0,150000.0,32792576,6782976,2,0.0016666666666666668
retail_product_affinity,"SELECT second.product_id, p.product_name, COUNT(*) AS together_count FROM retail.order_items first JOIN retail.order_items second ON second.order_id = first.order_id AND second.product_id <> first.product_id JOIN retail.products p ON p.product_id = second.product_id WHERE first.product_id = 3528 GROUP BY second.product_id, p.product_name ORDER BY together_count DESC LIMIT 30",377,2,1,0,True,True,False,3,2,3,1,2,0,0,0,0,9510.84,9510.92,30.0,29,774.0,32.58,11,9,2,Limit,1,2,0,0,0,0,2,2,2,50608,18,0,0,615000.0,600000.0,72400896,29237248,3,5e-05
retail_product_affinity,"SELECT second.product_id, p.product_name, COUNT(*) AS together_count FROM retail.order_items first JOIN retail.order_items second ON second.order_id = first.order_id AND second.product_id <> first.product_id JOIN retail.products p ON p.product_id = second.product_id WHERE first.product_id = 3528 GROUP BY second.product_id, p.product_name ORDER BY together_count DESC LIMIT 30",377,2,1,0,True,True,False,3,2,3,1,2,0,0,0,0,9510.84,9510.92,30.0,29,774.0,32.007,11,9,2,Limit,1,2,0,0,0,0,2,2,2,50626,0,0,0,615000.0,600000.0,72400896,29237248,3,5e-05
retail_customer_lifetime_value,"SELECT c.customer_id, c.full_name, COUNT(o.order_id) AS orders, SUM(o.total_amount - o.discount_amount) AS lifetime_value, MAX(o.ordered_at) AS last_order FROM retail.customers c JOIN retail.customer_orders o ON o.customer_id = c.customer_id WHERE c.segment = 'vip' AND o.order_status <> 'cancelled' GROUP BY c.customer_id HAVING COUNT(o.order_id) >= 2 ORDER BY lifetime_value DESC LIMIT 200",391,1,2,0,True,True,False,2,2,5,4,1,0,0,0,0,6464.56,6465.06,200.0,70,211481.0,111.334,7,6,2,Limit,2,0,0,0,1,0,0,1,1,12719,0,36,105,200000.0,150000.0,28786688,8937472,3,0.0013333333333333333
retail_customer_lifetime_value,"SELECT c.customer_id, c.full_name, COUNT(o.order_id) AS orders, SUM(o.total_amount - o.discount_amount) AS lifetime_value, MAX(o.ordered_at) AS last_order FROM retail.customers c JOIN retail.customer_orders o ON o.customer_id = c.customer_id WHERE c.segment = 'vip' AND o.order_status <> 'cancelled' GROUP BY c.customer_id HAVING COUNT(o.order_id) >= 2 ORDER BY lifetime_value DESC LIMIT 200",391,1,2,0,True,True,False,2,2,5,4,1,0,0,0,0,6464.56,6465.06,200.0,70,211481.0,119.982,7,6,2,Limit,2,0,0,0,1,0,0,1,1,12719,0,36,105,200000.0,150000.0,28786688,8937472,3,0.0013333333333333333
retail_low_inventory,"SELECT w.warehouse_name, p.sku, p.product_name, i.quantity - i.reserved_quantity AS available FROM retail.inventory i JOIN retail.warehouses w ON w.warehouse_id = i.warehouse_id JOIN retail.products p ON p.product_id = i.product_id WHERE w.region = 'Region 3' AND i.quantity - i.reserved_quantity < 20 AND p.is_active ORDER BY available, p.sku LIMIT 300",353,2,3,0,False,True,False,3,3,4,0,2,0,0,0,0,3157.71,3158.46,300.0,42,64373.0,12.626,9,6,3,Limit,2,0,0,1,1,0,1,1,0,1306,921,0,0,240015.0,225000.0,23756800,7987200,5,0.0013333333333333333
retail_low_inventory,"SELECT w.warehouse_name, p.sku, p.product_name, i.quantity - i.reserved_quantity AS available FROM retail.inventory i JOIN retail.warehouses w ON w.warehouse_id = i.warehouse_id JOIN retail.products p ON p.product_id = i.product_id WHERE w.region = 'Region 3' AND i.quantity - i.reserved_quantity < 20 AND p.is_active ORDER BY available, p.sku LIMIT 300",353,2,3,0,False,True,False,3,3,4,0,2,0,0,0,0,3157.71,3158.46,300.0,42,64373.0,11.522,9,6,3,Limit,2,0,0,1,1,0,1,1,0,2221,0,0,0,240015.0,225000.0,23756800,7987200,5,0.0013333333333333333
retail_basket_statistics,"SELECT o.sales_channel, COUNT(DISTINCT o.order_id) AS orders, AVG(b.units) AS avg_units, AVG(b.lines) AS avg_lines FROM retail.customer_orders o JOIN (SELECT order_id, SUM(quantity) AS units, COUNT(*) AS lines FROM retail.order_items GROUP BY order_id) b ON b.order_id = o.order_id WHERE o.sales_channel = 'web' AND o.order_status <> 'cancelled' GROUP BY o.sales_channel",370,1,2,1,True,False,False,2,2,7,5,1,0,0,0,0,0.84,57302.31,1.0,79,812923.0,398.015,5,4,2,Aggregate,0,2,0,0,0,1,0,0,2,2415799,4536,0,0,750000.0,600000.0,87277568,31784960,2,1.6666666666666667e-06
retail_basket_statistics,"SELECT o.sales_channel, COUNT(DISTINCT o.order_id) AS orders, AVG(b.units) AS avg_units, AVG(b.lines) AS avg_lines FROM retail.customer_orders o JOIN (SELECT order_id, SUM(quantity) AS units, COUNT(*) AS lines FROM retail.order_items GROUP BY order_id) b ON b.order_id = o.order_id WHERE o.sales_channel = 'web' AND o.order_status <> 'cancelled' GROUP BY o.sales_channel",370,1,2,1,True,False,False,2,2,7,5,1,0,0,0,0,0.84,57302.31,1.0,79,812923.0,402.931,5,4,2,Aggregate,0,2,0,0,0,1,0,0,2,2420335,0,0,0,750000.0,600000.0,87277568,31784960,2,1.6666666666666667e-06
retail_failed_payments,"SELECT p.payment_id, p.order_id, p.amount, o.customer_id, o.ordered_at FROM retail.payments p JOIN retail.customer_orders o ON o.order_id = p.order_id WHERE p.payment_status = 'failed' AND p.payment_method = 'wallet' ORDER BY o.ordered_at DESC LIMIT 500",253,1,2,0,False,True,False,2,2,5,0,1,0,0,0,0,7076.07,7133.57,500.0,38,116025.0,17.209,7,6,2,Limit,2,0,0,0,1,0,0,1,0,8719,0,0,0,300000.0,150000.0,32792576,6782976,2,0.0033333333333333335
retail_failed_payments,"SELECT p.payment_id, p.order_id, p.amount, o.customer_id, o.ordered_at FROM retail.payments p JOIN retail.customer_orders o ON o.order_id = p.order_id WHERE p.payment_status = 'failed' AND p.payment_method = 'wallet' ORDER BY o.ordered_at DESC LIMIT 500",253,1,2,0,False,True,False,2,2,5,0,1,0,0,0,0,7076.07,7133.57,500.0,38,116025.0,17.158,7,6,2,Limit,2,0,0,0,1,0,0,1,0,8719,0,0,0,300000.0,150000.0,32792576,6782976,2,0.0033333333333333335
retail_repeat_customers,"SELECT customer_id, COUNT(*) AS order_count, MIN(ordered_at) AS first_order, MAX(ordered_at) AS last_order FROM retail.customer_orders WHERE ordered_at >= DATE '2023-02-27' - INTERVAL '365 days' AND order_status = 'delivered' GROUP BY customer_id HAVING COUNT(*) >= 3 ORDER BY order_count DESC, last_order DESC LIMIT 300",320,0,2,0,True,True,False,1,1,4,4,0,0,0,0,0,4853.04,4853.79,300.0,32,39363.0,41.551,4,4,1,Limit,1,0,0,0,0,0,0,1,1,7060,0,0,0,150000.0,150000.0,17883136,3391488,1,0.002
retail_repeat_customers,"SELECT customer_id, COUNT(*) AS order_count, MIN(ordered_at) AS first_order, MAX(ordered_at) AS last_order FROM retail.customer_orders WHERE ordered_at >= DATE '2023-02-27' - INTERVAL '365 days' AND order_status = 'delivered' GROUP BY customer_id HAVING COUNT(*) >= 3 ORDER BY order_count DESC, last_order DESC LIMIT 300",320,0,2,0,True,True,False,1,1,4,4,0,0,0,0,0,4853.04,4853.79,300.0,32,39363.0,41.182,4,4,1,Limit,1,0,0,0,0,0,0,1,1,7060,0,0,0,150000.0,150000.0,17883136,3391488,1,0.002
retail_top_products,"SELECT p.product_id, p.product_name, SUM(i.quantity) AS units, SUM(i.quantity * i.unit_price) AS revenue FROM retail.customer_orders o JOIN retail.order_items i ON i.order_id = o.order_id JOIN retail.products p ON p.product_id = i.product_id WHERE o.ordered_at >= DATE '2024-06-21' - INTERVAL '120 days' AND o.order_status IN ('paid', 'processing', 'shipped', 'delivered') GROUP BY p.product_id ORDER BY revenue DESC LIMIT 25",425,2,2,0,True,True,False,3,3,4,2,2,0,0,0,0,19175.14,19175.21,25.0,61,634091.0,400.625,12,9,3,Limit,3,0,0,0,2,0,0,1,2,62137,0,12,78,765000.0,600000.0,90284032,32628736,4,4.1666666666666665e-05
retail_top_products,"SELECT p.product_id, p.product_name, SUM(i.quantity) AS units, SUM(i.quantity * i.unit_price) AS revenue FROM retail.customer_orders o JOIN retail.order_items i ON i.order_id = o.order_id JOIN retail.products p ON p.product_id = i.product_id WHERE o.ordered_at >= DATE '2024-06-21' - INTERVAL '120 days' AND o.order_status IN ('paid', 'processing', 'shipped', 'delivered') GROUP BY p.product_id ORDER BY revenue DESC LIMIT 25",425,2,2,0,True,True,False,3,3,4,2,2,0,0,0,0,19175.14,19175.21,25.0,61,634091.0,399.3,12,9,3,Limit,3,0,0,0,2,0,0,1,2,62137,0,12,81,765000.0,600000.0,90284032,32628736,4,4.1666666666666665e-05
retail_refund_report,"SELECT p.payment_method, COUNT(*) AS refunds, SUM(p.amount) AS refunded, AVG(o.total_amount) AS avg_order_value FROM retail.payments p JOIN retail.customer_orders o ON o.order_id = p.order_id WHERE p.payment_status = 'refunded' AND o.ordered_at >= DATE '2023-10-07' - INTERVAL '365 days' GROUP BY p.payment_method ORDER BY refunded DESC",336,1,2,0,True,True,False,2,2,4,3,1,0,0,0,0,7336.76,7336.77,4.0,79,155081.0,68.821,9,8,2,Sort,2,0,0,0,1,0,0,2,2,23693,0,0,0,300000.0,150000.0,32792576,6782976,2,2.6666666666666667e-05
retail_refund_report,"SELECT p.payment_method, COUNT(*) AS refunds, SUM(p.amount) AS refunded, AVG(o.total_amount) AS avg_order_value FROM retail.payments p JOIN retail.customer_orders o ON o.order_id = p.order_id WHERE p.payment_status = 'refunded' AND o.ordered_at >= DATE '2023-10-07' - INTERVAL '365 days' GROUP BY p.payment_method ORDER BY refunded DESC",336,1,2,0,True,True,False,2,2,4,3,1,0,0,0,0,7336.76,7336.77,4.0,79,155081.0,64.801,9,8,2,Sort,2,0,0,0,1,0,0,2,2,23693,0,0,0,300000.0,150000.0,32792576,6782976,2,2.6666666666666667e-05
retail_inventory_imbalance,"SELECT product_id, MAX(quantity) - MIN(quantity) AS stock_spread, AVG(quantity) AS avg_stock, SUM(reserved_quantity) AS reserved FROM retail.inventory GROUP BY product_id HAVING MAX(quantity) - MIN(quantity) > 150 ORDER BY stock_spread DESC LIMIT 200",250,0,0,0,True,True,False,1,1,4,6,0,0,0,0,0,7207.14,7207.64,200.0,52,235170.0,115.031,4,4,1,Limit,1,0,0,0,0,0,0,1,1,444,6176,0,0,225000.0,225000.0,20701184,7110656,1,0.0008888888888888889
retail_inventory_imbalance,"SELECT product_id, MAX(quantity) - MIN(quantity) AS stock_spread, AVG(quantity) AS avg_stock, SUM(reserved_quantity) AS reserved FROM retail.inventory GROUP BY product_id HAVING MAX(quantity) - MIN(quantity) > 150 ORDER BY stock_spread DESC LIMIT 200",250,0,0,0,True,True,False,1,1,4,6,0,0,0,0,0,7207.14,7207.64,200.0,52,235170.0,141.203,4,4,1,Limit,1,0,0,0,0,0,0,1,1,6620,0,0,0,225000.0,225000.0,20701184,7110656,1,0.0008888888888888889
retail_stock_by_region,"SELECT w.region, SUM(i.quantity) AS stock, SUM(i.reserved_quantity) AS reserved FROM retail.inventory i JOIN retail.warehouses w ON w.warehouse_id = i.warehouse_id JOIN retail.products p ON p.product_id = i.product_id WHERE p.category_id = 3 GROUP BY w.region ORDER BY stock DESC",279,2,1,0,True,True,False,3,3,3,2,2,0,0,0,0,4803.72,4803.76,15.0,25,137370.0,33.376,12,9,3,Sort,3,0,0,0,2,0,0,2,2,18139,0,0,0,240015.0,225000.0,23756800,7987200,5,6.666666666666667e-05
retail_stock_by_region,"SELECT w.region, SUM(i.quantity) AS stock, SUM(i.reserved_quantity) AS reserved FROM retail.inventory i JOIN retail.warehouses w ON w.warehouse_id = i.warehouse_id JOIN retail.products p ON p.product_id = i.product_id WHERE p.category_id = 3 GROUP BY w.region ORDER BY stock DESC",279,2,1,0,True,True,False,3,3,3,2,2,0,0,0,0,4803.72,4803.76,15.0,25,137370.0,32.765,12,9,3,Sort,3,0,0,0,2,0,0,2,2,18139,0,0,0,240015.0,225000.0,23756800,7987200,5,6.666666666666667e-05
retail_orders_by_status,"SELECT order_id, customer_id, ordered_at, total_amount FROM retail.customer_orders WHERE order_status = 'processing' AND ordered_at >= DATE '2024-07-08' AND ordered_at < DATE '2024-07-08' + INTERVAL '30 days' ORDER BY ordered_at DESC LIMIT 250",243,0,3,0,False,True,False,1,1,4,0,0,0,0,0,0,4326.16,4354.91,250.0,30,1435.0,20.797,4,4,1,Limit,1,0,0,0,0,0,0,1,0,7171,0,0,0,150000.0,150000.0,17883136,3391488,1,0.0016666666666666668
retail_orders_by_status,"SELECT order_id, customer_id, ordered_at, total_amount FROM retail.customer_orders WHERE order_status = 'processing' AND ordered_at >= DATE '2024-07-08' AND ordered_at < DATE '2024-07-08' + INTERVAL '30 days' ORDER BY ordered_at DESC LIMIT 250",243,0,3,0,False,True,False,1,1,4,0,0,0,0,0,0,4326.16,4354.91,250.0,30,1435.0,22.827,4,4,1,Limit,1,0,0,0,0,0,0,1,0,7171,0,0,0,150000.0,150000.0,17883136,3391488,1,0.0016666666666666668
retail_category_revenue,"SELECT c.category_name, COUNT(DISTINCT o.order_id) AS orders, SUM(i.quantity * i.unit_price) AS revenue FROM retail.categories c JOIN retail.products p ON p.category_id = c.category_id JOIN retail.order_items i ON i.product_id = p.product_id JOIN retail.customer_orders o ON o.order_id = i.order_id WHERE c.category_id = 31 AND o.ordered_at >= DATE '2024-04-16' - INTERVAL '180 days' GROUP BY c.category_name",408,3,2,0,True,False,False,4,4,3,2,3,0,0,0,0,12003.98,12949.97,1.0,51,268367.0,99.505,11,8,4,Aggregate,3,1,0,0,1,0,2,1,1,236828,8,0,0,765060.0,600000.0,90333184,32661504,6,1.6666666666666667e-06
retail_category_revenue,"SELECT c.category_name, COUNT(DISTINCT o.order_id) AS orders, SUM(i.quantity * i.unit_price) AS revenue FROM retail.categories c JOIN retail.products p ON p.category_id = c.category_id JOIN retail.order_items i ON i.product_id = p.product_id JOIN retail.customer_orders o ON o.order_id = i.order_id WHERE c.category_id = 31 AND o.ordered_at >= DATE '2024-04-16' - INTERVAL '180 days' GROUP BY c.category_name",408,3,2,0,True,False,False,4,4,3,2,3,0,0,0,0,12003.98,12949.97,1.0,51,268367.0,98.743,11,8,4,Aggregate,3,1,0,0,1,0,2,1,1,236836,0,0,0,765060.0,600000.0,90333184,32661504,6,1.6666666666666667e-06
retail_daily_channel_revenue,"SELECT ordered_at::date AS day, COUNT(*) AS orders, SUM(total_amount) AS revenue, AVG(discount_amount) AS avg_discount FROM retail.customer_orders WHERE sales_channel = 'marketplace' AND ordered_at >= DATE '2023-11-13' - INTERVAL '90 days' AND ordered_at < DATE '2023-11-13' + INTERVAL '90 days' AND order_status <> 'cancelled' GROUP BY ordered_at::date ORDER BY day",366,0,4,0,True,True,False,1,1,4,3,0,0,0,0,0,5098.45,5254.24,5193.0,76,15579.0,31.097,3,3,1,Aggregate,1,0,0,0,0,0,0,1,1,5301,0,0,0,150000.0,150000.0,17883136,3391488,1,0.03462
retail_daily_channel_revenue,"SELECT ordered_at::date AS day, COUNT(*) AS orders, SUM(total_amount) AS revenue, AVG(discount_amount) AS avg_discount FROM retail.customer_orders WHERE sales_channel = 'marketplace' AND ordered_at >= DATE '2023-11-13' - INTERVAL '90 days' AND ordered_at < DATE '2023-11-13' + INTERVAL '90 days' AND order_status <> 'cancelled' GROUP BY ordered_at::date ORDER BY day",366,0,4,0,True,True,False,1,1,4,3,0,0,0,0,0,5098.45,5254.24,5193.0,76,15579.0,30.221,3,3,1,Aggregate,1,0,0,0,0,0,0,1,1,5295,0,0,0,150000.0,150000.0,17883136,3391488,1,0.03462
retail_customer_lifetime_value,"SELECT c.customer_id, c.full_name, COUNT(o.order_id) AS orders, SUM(o.total_amount - o.discount_amount) AS lifetime_value, MAX(o.ordered_at) AS last_order FROM retail.customers c JOIN retail.customer_orders o ON o.customer_id = c.customer_id WHERE c.segment = 'consumer' AND o.order_status <> 'cancelled' GROUP BY c.customer_id HAVING COUNT(o.order_id) >= 6 ORDER BY lifetime_value DESC LIMIT 200",396,1,2,0,True,True,False,2,2,5,4,1,0,0,0,0,6458.92,6459.42,200.0,70,211083.0,185.866,7,6,2,Limit,2,0,0,0,1,0,0,1,1,8825,3894,36,105,200000.0,150000.0,28786688,8937472,3,0.0013333333333333333
retail_customer_lifetime_value,"SELECT c.customer_id, c.full_name, COUNT(o.order_id) AS orders, SUM(o.total_amount - o.discount_amount) AS lifetime_value, MAX(o.ordered_at) AS last_order FROM retail.customers c JOIN retail.customer_orders o ON o.customer_id = c.customer_id WHERE c.segment = 'consumer' AND o.order_status <> 'cancelled' GROUP BY c.customer_id HAVING COUNT(o.order_id) >= 6 ORDER BY lifetime_value DESC LIMIT 200",396,1,2,0,True,True,False,2,2,5,4,1,0,0,0,0,6458.92,6459.42,200.0,70,211083.0,192.58,7,6,2,Limit,2,0,0,0,1,0,0,1,1,12719,0,36,105,200000.0,150000.0,28786688,8937472,3,0.0013333333333333333
retail_inventory_imbalance,"SELECT product_id, MAX(quantity) - MIN(quantity) AS stock_spread, AVG(quantity) AS avg_stock, SUM(reserved_quantity) AS reserved FROM retail.inventory GROUP BY product_id HAVING MAX(quantity) - MIN(quantity) > 200 ORDER BY stock_spread DESC LIMIT 200",250,0,0,0,True,True,False,1,1,4,6,0,0,0,0,0,7207.14,7207.64,200.0,52,235170.0,121.675,4,4,1,Limit,1,0,0,0,0,0,0,1,1,6620,0,0,0,225000.0,225000.0,20701184,7110656,1,0.0008888888888888889
retail_inventory_imbalance,"SELECT product_id, MAX(quantity) - MIN(quantity) AS stock_spread, AVG(quantity) AS avg_stock, SUM(reserved_quantity) AS reserved FROM retail.inventory GROUP BY product_id HAVING MAX(quantity) - MIN(quantity) > 200 ORDER BY stock_spread DESC LIMIT 200",250,0,0,0,True,True,False,1,1,4,6,0,0,0,0,0,7207.14,7207.64,200.0,52,235170.0,107.097,4,4,1,Limit,1,0,0,0,0,0,0,1,1,6620,0,0,0,225000.0,225000.0,20701184,7110656,1,0.0008888888888888889
retail_shipment_sla,"SELECT carrier, shipment_status, COUNT(*) AS shipments, AVG(delivered_at - shipped_at) AS avg_delivery_time FROM retail.shipments WHERE carrier = 'DHL' AND shipped_at IS NOT NULL AND (delivered_at IS NULL OR delivered_at - shipped_at > INTERVAL '24 hours') GROUP BY carrier, shipment_status ORDER BY shipments DESC",314,0,3,0,True,True,False,1,1,4,2,0,0,0,0,0,2309.67,2309.68,4.0,39,8216.0,15.025,3,3,1,Sort,1,0,0,0,0,0,0,1,1,2745,0,0,0,75000.0,75000.0,12288000,4759552,2,5.333333333333333e-05
retail_shipment_sla,"SELECT carrier, shipment_status, COUNT(*) AS shipments, AVG(delivered_at - shipped_at) AS avg_delivery_time FROM retail.shipments WHERE carrier = 'DHL' AND shipped_at IS NOT NULL AND (delivered_at IS NULL OR delivered_at - shipped_at > INTERVAL '24 hours') GROUP BY carrier, shipment_status ORDER BY shipments DESC",314,0,3,0,True,True,False,1,1,4,2,0,0,0,0,0,2309.67,2309.68,4.0,39,8216.0,15.545,3,3,1,Sort,1,0,0,0,0,0,0,1,1,2745,0,0,0,75000.0,75000.0,12288000,4759552,2,5.333333333333333e-05
retail_top_products,"SELECT p.product_id, p.product_name, SUM(i.quantity) AS units, SUM(i.quantity * i.unit_price) AS revenue FROM retail.customer_orders o JOIN retail.order_items i ON i.order_id = o.order_id JOIN retail.products p ON p.product_id = i.product_id WHERE o.ordered_at >= DATE '2025-04-28' - INTERVAL '120 days' AND o.order_status IN ('paid', 'processing', 'shipped', 'delivered') GROUP BY p.product_id ORDER BY revenue DESC LIMIT 50",425,2,2,0,True,True,False,3,3,4,2,2,0,0,0,0,18321.66,18321.79,50.0,61,505524.0,271.965,12,9,3,Limit,3,0,0,0,2,0,0,1,2,62137,0,9,54,765000.0,600000.0,90284032,32628736,4,8.333333333333333e-05
retail_top_products,"SELECT p.product_id, p.product_name, SUM(i.quantity) AS units, SUM(i.quantity * i.unit_price) AS revenue FROM retail.customer_orders o JOIN retail.order_items i ON i.order_id = o.order_id JOIN retail.products p ON p.product_id = i.product_id WHERE o.ordered_at >= DATE '2025-04-28' - INTERVAL '120 days' AND o.order_status IN ('paid', 'processing', 'shipped', 'delivered') GROUP BY p.product_id ORDER BY revenue DESC LIMIT 50",425,2,2,0,True,True,False,3,3,4,2,2,0,0,0,0,18321.66,18321.79,50.0,61,505524.0,235.001,12,9,3,Limit,3,0,0,0,2,0,0,1,2,62137,0,0,0,765000.0,600000.0,90284032,32628736,4,8.333333333333333e-05
retail_stock_by_region,"SELECT w.region, SUM(i.quantity) AS stock, SUM(i.reserved_quantity) AS reserved FROM retail.inventory i JOIN retail.warehouses w ON w.warehouse_id = i.warehouse_id JOIN retail.products p ON p.product_id = i.product_id WHERE p.category_id = 37 GROUP BY w.region ORDER BY stock DESC",280,2,1,0,True,True,False,3,3,3,2,2,0,0,0,0,4803.72,4803.76,15.0,25,137370.0,34.449,12,9,3,Sort,3,0,0,0,2,0,0,2,2,18139,0,0,0,240015.0,225000.0,23756800,7987200,5,6.666666666666667e-05
retail_stock_by_region,"SELECT w.region, SUM(i.quantity) AS stock, SUM(i.reserved_quantity) AS reserved FROM retail.inventory i JOIN retail.warehouses w ON w.warehouse_id = i.warehouse_id JOIN retail.products p ON p.product_id = i.product_id WHERE p.category_id = 37 GROUP BY w.region ORDER BY stock DESC",280,2,1,0,True,True,False,3,3,3,2,2,0,0,0,0,4803.72,4803.76,15.0,25,137370.0,32.714,12,9,3,Sort,3,0,0,0,2,0,0,2,2,18139,0,0,0,240015.0,225000.0,23756800,7987200,5,6.666666666666667e-05
retail_failed_payments,"SELECT p.payment_id, p.order_id, p.amount, o.customer_id, o.ordered_at FROM retail.payments p JOIN retail.customer_orders o ON o.order_id = p.order_id WHERE p.payment_status = 'failed' AND p.payment_method = 'bank_transfer' ORDER BY o.ordered_at DESC LIMIT 500",260,1,2,0,False,True,False,2,2,5,0,1,0,0,0,0,7064.96,7122.46,500.0,38,115210.0,53.598,7,6,2,Limit,2,0,0,0,1,0,0,1,0,17544,0,0,0,300000.0,150000.0,32792576,6782976,2,0.0033333333333333335
retail_failed_payments,"SELECT p.payment_id, p.order_id, p.amount, o.customer_id, o.ordered_at FROM retail.payments p JOIN retail.customer_orders o ON o.order_id = p.order_id WHERE p.payment_status = 'failed' AND p.payment_method = 'bank_transfer' ORDER BY o.ordered_at DESC LIMIT 500",260,1,2,0,False,True,False,2,2,5,0,1,0,0,0,0,7064.96,7122.46,500.0,38,115210.0,56.614,7,6,2,Limit,2,0,0,0,1,0,0,1,0,17544,0,0,0,300000.0,150000.0,32792576,6782976,2,0.0033333333333333335
retail_product_affinity,"SELECT second.product_id, p.product_name, COUNT(*) AS together_count FROM retail.order_items first JOIN retail.order_items second ON second.order_id = first.order_id AND second.product_id <> first.product_id JOIN retail.products p ON p.product_id = second.product_id WHERE first.product_id = 12311 GROUP BY second.product_id, p.product_name ORDER BY together_count DESC LIMIT 30",378,2,1,0,True,True,False,3,2,3,1,2,0,0,0,0,9510.84,9510.92,30.0,29,774.0,37.209,11,9,2,Limit,1,2,0,0,0,0,2,2,2,50521,105,0,0,615000.0,600000.0,72400896,29237248,3,5e-05
retail_product_affinity,"SELECT second.product_id, p.product_name, COUNT(*) AS together_count FROM retail.order_items first JOIN retail.order_items second ON second.order_id = first.order_id AND second.product_id <> first.product_id JOIN retail.products p ON p.product_id = second.product_id WHERE first.product_id = 12311 GROUP BY second.product_id, p.product_name ORDER BY together_count DESC LIMIT 30",378,2,1,0,True,True,False,3,2,3,1,2,0,0,0,0,9510.84,9510.92,30.0,29,774.0,32.275,11,9,2,Limit,1,2,0,0,0,0,2,2,2,50626,0,0,0,615000.0,600000.0,72400896,29237248,3,5e-05
retail_orders_by_status,"SELECT order_id, customer_id, ordered_at, total_amount FROM retail.customer_orders WHERE order_status = 'cancelled' AND ordered_at >= DATE '2024-05-02' AND ordered_at < DATE '2024-05-02' + INTERVAL '30 days' ORDER BY ordered_at DESC LIMIT 250",242,0,3,0,False,True,False,1,1,4,0,0,0,0,0,0,4325.66,4354.41,250.0,30,1405.0,21.636,4,4,1,Limit,1,0,0,0,0,0,0,1,0,7171,0,0,0,150000.0,150000.0,17883136,3391488,1,0.0016666666666666668
retail_orders_by_status,"SELECT order_id, customer_id, ordered_at, total_amount FROM retail.customer_orders WHERE order_status = 'cancelled' AND ordered_at >= DATE '2024-05-02' AND ordered_at < DATE '2024-05-02' + INTERVAL '30 days' ORDER BY ordered_at DESC LIMIT 250",242,0,3,0,False,True,False,1,1,4,0,0,0,0,0,0,4325.66,4354.41,250.0,30,1405.0,21.333,4,4,1,Limit,1,0,0,0,0,0,0,1,0,7171,0,0,0,150000.0,150000.0,17883136,3391488,1,0.0016666666666666668
retail_category_revenue,"SELECT c.category_name, COUNT(DISTINCT o.order_id) AS orders, SUM(i.quantity * i.unit_price) AS revenue FROM retail.categories c JOIN retail.products p ON p.category_id = c.category_id JOIN retail.order_items i ON i.product_id = p.product_id JOIN retail.customer_orders o ON o.order_id = i.order_id WHERE c.category_id = 23 AND o.ordered_at >= DATE '2023-05-31' - INTERVAL '180 days' GROUP BY c.category_name",408,3,2,0,True,False,False,4,4,3,2,3,0,0,0,0,12077.55,13367.1,1.0,51,273251.0,87.549,11,8,4,Aggregate,3,1,0,0,1,0,2,1,1,236836,0,0,0,765060.0,600000.0,90333184,32661504,6,1.6666666666666667e-06
retail_category_revenue,"SELECT c.category_name, COUNT(DISTINCT o.order_id) AS orders, SUM(i.quantity * i.unit_price) AS revenue FROM retail.categories c JOIN retail.products p ON p.category_id = c.category_id JOIN retail.order_items i ON i.product_id = p.product_id JOIN retail.customer_orders o ON o.order_id = i.order_id WHERE c.category_id = 23 AND o.ordered_at >= DATE '2023-05-31' - INTERVAL '180 days' GROUP BY c.category_name",408,3,2,0,True,False,False,4,4,3,2,3,0,0,0,0,12077.55,13367.1,1.0,51,273251.0,80.927,11,8,4,Aggregate,3,1,0,0,1,0,2,1,1,236836,0,0,0,765060.0,600000.0,90333184,32661504,6,1.6666666666666667e-06
retail_daily_channel_revenue,"SELECT ordered_at::date AS day, COUNT(*) AS orders, SUM(total_amount) AS revenue, AVG(discount_amount) AS avg_discount FROM retail.customer_orders WHERE sales_channel = 'web' AND ordered_at >= DATE '2024-04-29' - INTERVAL '90 days' AND ordered_at < DATE '2024-04-29' + INTERVAL '90 days' AND order_status <> 'cancelled' GROUP BY ordered_at::date ORDER BY day",358,0,4,0,True,True,False,1,1,4,3,0,0,0,0,0,5092.81,5246.23,5114.0,76,15342.0,31.09,3,3,1,Aggregate,1,0,0,0,0,0,0,1,1,5295,0,0,0,150000.0,150000.0,17883136,3391488,1,0.03409333333333334
retail_daily_channel_revenue,"SELECT ordered_at::date AS day, COUNT(*) AS orders, SUM(total_amount) AS revenue, AVG(discount_amount) AS avg_discount FROM retail.customer_orders WHERE sales_channel = 'web' AND ordered_at >= DATE '2024-04-29' - INTERVAL '90 days' AND ordered_at < DATE '2024-04-29' + INTERVAL '90 days' AND order_status <> 'cancelled' GROUP BY ordered_at::date ORDER BY day",358,0,4,0,True,True,False,1,1,4,3,0,0,0,0,0,5092.81,5246.23,5114.0,76,15342.0,30.423,3,3,1,Aggregate,1,0,0,0,0,0,0,1,1,5295,0,0,0,150000.0,150000.0,17883136,3391488,1,0.03409333333333334
retail_brand_performance,"SELECT p.brand, o.sales_channel, COUNT(DISTINCT o.order_id) AS orders, SUM(i.quantity) AS units, AVG(i.unit_price) AS avg_price FROM retail.products p JOIN retail.order_items i ON i.product_id = p.product_id JOIN retail.customer_orders o ON o.order_id = i.order_id WHERE p.brand = 'Brand 139' AND o.order_status <> 'cancelled' GROUP BY p.brand, o.sales_channel ORDER BY units DESC",380,2,2,0,True,True,False,3,3,5,3,2,0,0,0,0,10351.55,10351.56,4.0,64,254794.0,70.386,10,8,3,Sort,2,1,0,0,1,0,1,2,1,99544,0,0,0,765000.0,600000.0,90284032,32628736,4,6.666666666666667e-06
retail_brand_performance,"SELECT p.brand, o.sales_channel, COUNT(DISTINCT o.order_id) AS orders, SUM(i.quantity) AS units, AVG(i.unit_price) AS avg_price FROM retail.products p JOIN retail.order_items i ON i.product_id = p.product_id JOIN retail.customer_orders o ON o.order_id = i.order_id WHERE p.brand = 'Brand 139' AND o.order_status <> 'cancelled' GROUP BY p.brand, o.sales_channel ORDER BY units DESC",380,2,2,0,True,True,False,3,3,5,3,2,0,0,0,0,10351.55,10351.56,4.0,64,254794.0,69.78,10,8,3,Sort,2,1,0,0,1,0,1,2,1,99544,0,0,0,765000.0,600000.0,90284032,32628736,4,6.666666666666667e-06
retail_stale_pending_orders,"SELECT o.order_id, o.customer_id, o.ordered_at, o.total_amount FROM retail.customer_orders o LEFT JOIN retail.payments p ON p.order_id = o.order_id WHERE o.order_status = 'pending' AND o.ordered_at < DATE '2025-06-30' AND (p.payment_id IS NULL OR p.payment_status = 'failed') ORDER BY o.ordered_at LIMIT 250",307,1,3,0,False,True,False,2,2,4,0,0,1,0,0,0,6891.07,6919.82,250.0,30,121860.0,68.15,7,6,2,Limit,2,0,0,0,1,0,0,1,0,17907,0,0,0,300000.0,150000.0,32792576,6782976,2,0.0016666666666666668
retail_stale_pending_orders,"SELECT o.order_id, o.customer_id, o.ordered_at, o.total_amount FROM retail.customer_orders o LEFT JOIN retail.payments p ON p.order_id = o.order_id WHERE o.order_status = 'pending' AND o.ordered_at < DATE '2025-06-30' AND (p.payment_id IS NULL OR p.payment_status = 'failed') ORDER BY o.ordered_at LIMIT 250",307,1,3,0,False,True,False,2,2,4,0,0,1,0,0,0,6891.07,6919.82,250.0,30,121860.0,58.166,7,6,2,Limit,2,0,0,0,1,0,0,1,0,17907,0,0,0,300000.0,150000.0,32792576,6782976,2,0.0016666666666666668
retail_low_inventory,"SELECT w.warehouse_name, p.sku, p.product_name, i.quantity - i.reserved_quantity AS available FROM retail.inventory i JOIN retail.warehouses w ON w.warehouse_id = i.warehouse_id JOIN retail.products p ON p.product_id = i.product_id WHERE w.region = 'Region 9' AND i.quantity - i.reserved_quantity < 5 AND p.is_active ORDER BY available, p.sku LIMIT 300",352,2,3,0,False,True,False,3,3,4,0,2,0,0,0,0,3157.71,3158.46,300.0,42,64373.0,16.527,9,6,3,Limit,2,0,0,1,1,0,1,1,0,1855,366,0,0,240015.0,225000.0,23756800,7987200,5,0.0013333333333333333
retail_low_inventory,"SELECT w.warehouse_name, p.sku, p.product_name, i.quantity - i.reserved_quantity AS available FROM retail.inventory i JOIN retail.warehouses w ON w.warehouse_id = i.warehouse_id JOIN retail.products p ON p.product_id = i.product_id WHERE w.region = 'Region 9' AND i.quantity - i.reserved_quantity < 5 AND p.is_active ORDER BY available, p.sku LIMIT 300",352,2,3,0,False,True,False,3,3,4,0,2,0,0,0,0,3157.71,3158.46,300.0,42,64373.0,12.202,9,6,3,Limit,2,0,0,1,1,0,1,1,0,2221,0,0,0,240015.0,225000.0,23756800,7987200,5,0.0013333333333333333
retail_regional_sales,"SELECT a.city, COUNT(DISTINCT o.order_id) AS orders, SUM(o.total_amount) AS gross_sales FROM retail.addresses a JOIN retail.customer_orders o ON o.shipping_address_id = a.address_id WHERE a.region = 'Region 16' AND o.ordered_at >= DATE '2024-10-27' - INTERVAL '180 days' GROUP BY a.city ORDER BY gross_sales DESC",312,1,2,0,True,True,False,2,2,3,2,1,0,0,0,0,5925.58,5926.33,300.0,48,99987.0,51.94,7,6,2,Sort,2,0,0,0,1,0,0,2,1,8825,4602,0,0,225000.0,150000.0,25903104,5087232,2,0.002
retail_regional_sales,"SELECT a.city, COUNT(DISTINCT o.order_id) AS orders, SUM(o.total_amount) AS gross_sales FROM retail.addresses a JOIN retail.customer_orders o ON o.shipping_address_id = a.address_id WHERE a.region = 'Region 16' AND o.ordered_at >= DATE '2024-10-27' - INTERVAL '180 days' GROUP BY a.city ORDER BY gross_sales DESC",312,1,2,0,True,True,False,2,2,3,2,1,0,0,0,0,5925.58,5926.33,300.0,48,99987.0,49.978,7,6,2,Sort,2,0,0,0,1,0,0,2,1,13427,0,0,0,225000.0,150000.0,25903104,5087232,2,0.002
retail_basket_statistics,"SELECT o.sales_channel, COUNT(DISTINCT o.order_id) AS orders, AVG(b.units) AS avg_units, AVG(b.lines) AS avg_lines FROM retail.customer_orders o JOIN (SELECT order_id, SUM(quantity) AS units, COUNT(*) AS lines FROM retail.order_items GROUP BY order_id) b ON b.order_id = o.order_id WHERE o.sales_channel = 'mobile' AND o.order_status <> 'cancelled' GROUP BY o.sales_channel",373,1,2,1,True,False,False,2,2,7,5,1,0,0,0,0,0.84,57307.91,1.0,79,813482.0,457.891,5,4,2,Aggregate,0,2,0,0,0,1,0,0,2,2408459,11832,0,0,750000.0,600000.0,87277568,31784960,2,1.6666666666666667e-06
retail_basket_statistics,"SELECT o.sales_channel, COUNT(DISTINCT o.order_id) AS orders, AVG(b.units) AS avg_units, AVG(b.lines) AS avg_lines FROM retail.customer_orders o JOIN (SELECT order_id, SUM(quantity) AS units, COUNT(*) AS lines FROM retail.order_items GROUP BY order_id) b ON b.order_id = o.order_id WHERE o.sales_channel = 'mobile' AND o.order_status <> 'cancelled' GROUP BY o.sales_channel",373,1,2,1,True,False,False,2,2,7,5,1,0,0,0,0,0.84,57307.91,1.0,79,813482.0,399.677,5,4,2,Aggregate,0,2,0,0,0,1,0,0,2,2418623,1668,0,0,750000.0,600000.0,87277568,31784960,2,1.6666666666666667e-06
retail_refund_report,"SELECT p.payment_method, COUNT(*) AS refunds, SUM(p.amount) AS refunded, AVG(o.total_amount) AS avg_order_value FROM retail.payments p JOIN retail.customer_orders o ON o.order_id = p.order_id WHERE p.payment_status = 'refunded' AND o.ordered_at >= DATE '2025-09-06' - INTERVAL '365 days' GROUP BY p.payment_method ORDER BY refunded DESC",336,1,2,0,True,True,False,2,2,4,3,1,0,0,0,0,6952.43,6952.44,4.0,79,93052.0,54.472,9,8,2,Sort,2,0,0,0,1,0,0,2,2,23693,0,0,0,300000.0,150000.0,32792576,6782976,2,2.6666666666666667e-05
retail_refund_report,"SELECT p.payment_method, COUNT(*) AS refunds, SUM(p.amount) AS refunded, AVG(o.total_amount) AS avg_order_value FROM retail.payments p JOIN retail.customer_orders o ON o.order_id = p.order_id WHERE p.payment_status = 'refunded' AND o.ordered_at >= DATE '2025-09-06' - INTERVAL '365 days' GROUP BY p.payment_method ORDER BY refunded DESC",336,1,2,0,True,True,False,2,2,4,3,1,0,0,0,0,6952.43,6952.44,4.0,79,93052.0,54.301,9,8,2,Sort,2,0,0,0,1,0,0,2,2,23693,0,0,0,300000.0,150000.0,32792576,6782976,2,2.6666666666666667e-05
retail_customer_history,"SELECT o.order_id, o.ordered_at, o.order_status, o.total_amount, COUNT(i.line_no) AS line_count, SUM(i.quantity) AS units FROM retail.customer_orders o JOIN retail.order_items i ON i.order_id = o.order_id WHERE o.customer_id = 32970 GROUP BY o.order_id ORDER BY o.ordered_at DESC",279,1,1,0,True,True,False,2,2,6,2,1,0,0,0,0,3700.81,3700.81,3.0,46,37.0,12.648,6,5,2,Sort,1,1,0,0,0,0,1,2,1,8930,0,0,0,750000.0,600000.0,87277568,31784960,2,5e-06
retail_customer_history,"SELECT o.order_id, o.ordered_at, o.order_status, o.total_amount, COUNT(i.line_no) AS line_count, SUM(i.quantity) AS units FROM retail.customer_orders o JOIN retail.order_items i ON i.order_id = o.order_id WHERE o.customer_id = 32970 GROUP BY o.order_id ORDER BY o.ordered_at DESC",279,1,1,0,True,True,False,2,2,6,2,1,0,0,0,0,3700.81,3700.81,3.0,46,37.0,12.198,6,5,2,Sort,1,1,0,0,0,0,1,2,1,8930,0,0,0,750000.0,600000.0,87277568,31784960,2,5e-06
retail_repeat_customers,"SELECT customer_id, COUNT(*) AS order_count, MIN(ordered_at) AS first_order, MAX(ordered_at) AS last_order FROM retail.customer_orders WHERE ordered_at >= DATE '2023-06-19' - INTERVAL '365 days' AND order_status = 'delivered' GROUP BY customer_id HAVING COUNT(*) >= 3 ORDER BY order_count DESC, last_order DESC LIMIT 300",320,0,2,0,True,True,False,1,1,4,4,0,0,0,0,0,4853.04,4853.79,300.0,32,39363.0,42.418,4,4,1,Limit,1,0,0,0,0,0,0,1,1,7060,0,0,0,150000.0,150000.0,17883136,3391488,1,0.002
retail_repeat_customers,"SELECT customer_id, COUNT(*) AS order_count, MIN(ordered_at) AS first_order, MAX(ordered_at) AS last_order FROM retail.customer_orders WHERE ordered_at >= DATE '2023-06-19' - INTERVAL '365 days' AND order_status = 'delivered' GROUP BY customer_id HAVING COUNT(*) >= 3 ORDER BY order_count DESC, last_order DESC LIMIT 300",320,0,2,0,True,True,False,1,1,4,4,0,0,0,0,0,4853.04,4853.79,300.0,32,39363.0,41.993,4,4,1,Limit,1,0,0,0,0,0,0,1,1,7060,0,0,0,150000.0,150000.0,17883136,3391488,1,0.002
retail_low_inventory,"SELECT w.warehouse_name, p.sku, p.product_name, i.quantity - i.reserved_quantity AS available FROM retail.inventory i JOIN retail.warehouses w ON w.warehouse_id = i.warehouse_id JOIN retail.products p ON p.product_id = i.product_id WHERE w.region = 'Region 14' AND i.quantity - i.reserved_quantity < 20 AND p.is_active ORDER BY available, p.sku LIMIT 300",354,2,3,0,False,True,False,3,3,4,0,2,0,0,0,0,3157.71,3158.46,300.0,42,64373.0,10.106,9,6,3,Limit,2,0,0,1,1,0,1,1,0,1866,354,0,0,240015.0,225000.0,23756800,7987200,5,0.0013333333333333333
retail_low_inventory,"SELECT w.warehouse_name, p.sku, p.product_name, i.quantity - i.reserved_quantity AS available FROM retail.inventory i JOIN retail.warehouses w ON w.warehouse_id = i.warehouse_id JOIN retail.products p ON p.product_id = i.product_id WHERE w.region = 'Region 14' AND i.quantity - i.reserved_quantity < 20 AND p.is_active ORDER BY available, p.sku LIMIT 300",354,2,3,0,False,True,False,3,3,4,0,2,0,0,0,0,3157.71,3158.46,300.0,42,64373.0,10.009,9,6,3,Limit,2,0,0,1,1,0,1,1,0,2220,0,0,0,240015.0,225000.0,23756800,7987200,5,0.0013333333333333333
retail_customer_history,"SELECT o.order_id, o.ordered_at, o.order_status, o.total_amount, COUNT(i.line_no) AS line_count, SUM(i.quantity) AS units FROM retail.customer_orders o JOIN retail.order_items i ON i.order_id = o.order_id WHERE o.customer_id = 17052 GROUP BY o.order_id ORDER BY o.ordered_at DESC",279,1,1,0,True,True,False,2,2,6,2,1,0,0,0,0,3700.81,3700.81,3.0,46,37.0,12.16,6,5,2,Sort,1,1,0,0,0,0,1,2,1,8925,5,0,0,750000.0,600000.0,87277568,31784960,2,5e-06
retail_customer_history,"SELECT o.order_id, o.ordered_at, o.order_status, o.total_amount, COUNT(i.line_no) AS line_count, SUM(i.quantity) AS units FROM retail.customer_orders o JOIN retail.order_items i ON i.order_id = o.order_id WHERE o.customer_id = 17052 GROUP BY o.order_id ORDER BY o.ordered_at DESC",279,1,1,0,True,True,False,2,2,6,2,1,0,0,0,0,3700.81,3700.81,3.0,46,37.0,12.523,6,5,2,Sort,1,1,0,0,0,0,1,2,1,8930,0,0,0,750000.0,600000.0,87277568,31784960,2,5e-06
retail_regional_sales,"SELECT a.city, COUNT(DISTINCT o.order_id) AS orders, SUM(o.total_amount) AS gross_sales FROM retail.addresses a JOIN retail.customer_orders o ON o.shipping_address_id = a.address_id WHERE a.region = 'Region 7' AND o.ordered_at >= DATE '2024-07-12' - INTERVAL '180 days' GROUP BY a.city ORDER BY gross_sales DESC",311,1,2,0,True,True,False,2,2,3,2,1,0,0,0,0,6034.94,6035.69,300.0,48,116683.0,50.501,7,6,2,Sort,2,0,0,0,1,0,0,2,1,13427,0,0,0,225000.0,150000.0,25903104,5087232,2,0.002
retail_regional_sales,"SELECT a.city, COUNT(DISTINCT o.order_id) AS orders, SUM(o.total_amount) AS gross_sales FROM retail.addresses a JOIN retail.customer_orders o ON o.shipping_address_id = a.address_id WHERE a.region = 'Region 7' AND o.ordered_at >= DATE '2024-07-12' - INTERVAL '180 days' GROUP BY a.city ORDER BY gross_sales DESC",311,1,2,0,True,True,False,2,2,3,2,1,0,0,0,0,6034.94,6035.69,300.0,48,116683.0,48.796,7,6,2,Sort,2,0,0,0,1,0,0,2,1,13427,0,0,0,225000.0,150000.0,25903104,5087232,2,0.002
retail_stale_pending_orders,"SELECT o.order_id, o.customer_id, o.ordered_at, o.total_amount FROM retail.customer_orders o LEFT JOIN retail.payments p ON p.order_id = o.order_id WHERE o.order_status = 'pending' AND o.ordered_at < DATE '2024-05-26' AND (p.payment_id IS NULL OR p.payment_status = 'failed') ORDER BY o.ordered_at LIMIT 250",307,1,3,0,False,True,False,2,2,4,0,0,1,0,0,0,6765.62,6794.37,250.0,30,107246.0,42.421,7,6,2,Limit,2,0,0,0,1,0,0,1,0,17907,0,0,0,300000.0,150000.0,32792576,6782976,2,0.0016666666666666668
retail_stale_pending_orders,"SELECT o.order_id, o.customer_id, o.ordered_at, o.total_amount FROM retail.customer_orders o LEFT JOIN retail.payments p ON p.order_id = o.order_id WHERE o.order_status = 'pending' AND o.ordered_at < DATE '2024-05-26' AND (p.payment_id IS NULL OR p.payment_status = 'failed') ORDER BY o.ordered_at LIMIT 250",307,1,3,0,False,True,False,2,2,4,0,0,1,0,0,0,6765.62,6794.37,250.0,30,107246.0,42.083,7,6,2,Limit,2,0,0,0,1,0,0,1,0,17907,0,0,0,300000.0,150000.0,32792576,6782976,2,0.0016666666666666668
retail_stock_by_region,"SELECT w.region, SUM(i.quantity) AS stock, SUM(i.reserved_quantity) AS reserved FROM retail.inventory i JOIN retail.warehouses w ON w.warehouse_id = i.warehouse_id JOIN retail.products p ON p.product_id = i.product_id WHERE p.category_id = 12 GROUP BY w.region ORDER BY stock DESC",280,2,1,0,True,True,False,3,3,3,2,2,0,0,0,0,4803.72,4803.76,15.0,25,137370.0,31.906,12,9,3,Sort,3,0,0,0,2,0,0,2,2,18139,0,0,0,240015.0,225000.0,23756800,7987200,5,6.666666666666667e-05
retail_stock_by_region,"SELECT w.region, SUM(i.quantity) AS stock, SUM(i.reserved_quantity) AS reserved FROM retail.inventory i JOIN retail.warehouses w ON w.warehouse_id = i.warehouse_id JOIN retail.products p ON p.product_id = i.product_id WHERE p.category_id = 12 GROUP BY w.region ORDER BY stock DESC",280,2,1,0,True,True,False,3,3,3,2,2,0,0,0,0,4803.72,4803.76,15.0,25,137370.0,32.07,12,9,3,Sort,3,0,0,0,2,0,0,2,2,18139,0,0,0,240015.0,225000.0,23756800,7987200,5,6.666666666666667e-05
retail_repeat_customers,"SELECT customer_id, COUNT(*) AS order_count, MIN(ordered_at) AS first_order, MAX(ordered_at) AS last_order FROM retail.customer_orders WHERE ordered_at >= DATE '2023-11-29' - INTERVAL '365 days' AND order_status = 'delivered' GROUP BY customer_id HAVING COUNT(*) >= 3 ORDER BY order_count DESC, last_order DESC LIMIT 300",320,0,2,0,True,True,False,1,1,4,4,0,0,0,0,0,4853.04,4853.79,300.0,32,39363.0,41.062,4,4,1,Limit,1,0,0,0,0,0,0,1,1,7060,0,0,0,150000.0,150000.0,17883136,3391488,1,0.002
retail_repeat_customers,"SELECT customer_id, COUNT(*) AS order_count, MIN(ordered_at) AS first_order, MAX(ordered_at) AS last_order FROM retail.customer_orders WHERE ordered_at >= DATE '2023-11-29' - INTERVAL '365 days' AND order_status = 'delivered' GROUP BY customer_id HAVING COUNT(*) >= 3 ORDER BY order_count DESC, last_order DESC LIMIT 300",320,0,2,0,True,True,False,1,1,4,4,0,0,0,0,0,4853.04,4853.79,300.0,32,39363.0,39.898,4,4,1,Limit,1,0,0,0,0,0,0,1,1,7060,0,0,0,150000.0,150000.0,17883136,3391488,1,0.002
retail_basket_statistics,"SELECT o.sales_channel, COUNT(DISTINCT o.order_id) AS orders, AVG(b.units) AS avg_units, AVG(b.lines) AS avg_lines FROM retail.customer_orders o JOIN (SELECT order_id, SUM(quantity) AS units, COUNT(*) AS lines FROM retail.order_items GROUP BY order_id) b ON b.order_id = o.order_id WHERE o.sales_channel = 'web' AND o.order_status <> 'cancelled' GROUP BY o.sales_channel",370,1,2,1,True,False,False,2,2,7,5,1,0,0,0,0,0.84,57302.31,1.0,79,812923.0,381.877,5,4,2,Aggregate,0,2,0,0,0,1,0,0,2,2420335,0,0,0,750000.0,600000.0,87277568,31784960,2,1.6666666666666667e-06
retail_basket_statistics,"SELECT o.sales_channel, COUNT(DISTINCT o.order_id) AS orders, AVG(b.units) AS avg_units, AVG(b.lines) AS avg_lines FROM retail.customer_orders o JOIN (SELECT order_id, SUM(quantity) AS units, COUNT(*) AS lines FROM retail.order_items GROUP BY order_id) b ON b.order_id = o.order_id WHERE o.sales_channel = 'web' AND o.order_status <> 'cancelled' GROUP BY o.sales_channel",370,1,2,1,True,False,False,2,2,7,5,1,0,0,0,0,0.84,57302.31,1.0,79,812923.0,414.514,5,4,2,Aggregate,0,2,0,0,0,1,0,0,2,2420335,0,0,0,750000.0,600000.0,87277568,31784960,2,1.6666666666666667e-06
retail_brand_performance,"SELECT p.brand, o.sales_channel, COUNT(DISTINCT o.order_id) AS orders, SUM(i.quantity) AS units, AVG(i.unit_price) AS avg_price FROM retail.products p JOIN retail.order_items i ON i.product_id = p.product_id JOIN retail.customer_orders o ON o.order_id = i.order_id WHERE p.brand = 'Brand 219' AND o.order_status <> 'cancelled' GROUP BY p.brand, o.sales_channel ORDER BY units DESC",380,2,2,0,True,True,False,3,3,5,3,2,0,0,0,0,10351.55,10351.56,4.0,64,254794.0,58.786,10,8,3,Sort,2,1,0,0,1,0,1,2,1,99544,0,0,0,765000.0,600000.0,90284032,32628736,4,6.666666666666667e-06
retail_brand_performance,"SELECT p.brand, o.sales_channel, COUNT(DISTINCT o.order_id) AS orders, SUM(i.quantity) AS units, AVG(i.unit_price) AS avg_price FROM retail.products p JOIN retail.order_items i ON i.product_id = p.product_id JOIN retail.customer_orders o ON o.order_id = i.order_id WHERE p.brand = 'Brand 219' AND o.order_status <> 'cancelled' GROUP BY p.brand, o.sales_channel ORDER BY units DESC",380,2,2,0,True,True,False,3,3,5,3,2,0,0,0,0,10351.55,10351.56,4.0,64,254794.0,60.518,10,8,3,Sort,2,1,0,0,1,0,1,2,1,99544,0,0,0,765000.0,600000.0,90284032,32628736,4,6.666666666666667e-06
retail_category_revenue,"SELECT c.category_name, COUNT(DISTINCT o.order_id) AS orders, SUM(i.quantity * i.unit_price) AS revenue FROM retail.categories c JOIN retail.products p ON p.category_id = c.category_id JOIN retail.order_items i ON i.product_id = p.product_id JOIN retail.customer_orders o ON o.order_id = i.order_id WHERE c.category_id = 22 AND o.ordered_at >= DATE '2024-08-01' - INTERVAL '180 days' GROUP BY c.category_name",408,3,2,0,True,False,False,4,4,3,2,3,0,0,0,0,11977.44,12796.13,1.0,51,266558.0,83.786,11,8,4,Aggregate,3,1,0,0,1,0,2,1,1,236836,0,0,0,765060.0,600000.0,90333184,32661504,6,1.6666666666666667e-06
retail_category_revenue,"SELECT c.category_name, COUNT(DISTINCT o.order_id) AS orders, SUM(i.quantity * i.unit_price) AS revenue FROM retail.categories c JOIN retail.products p ON p.category_id = c.category_id JOIN retail.order_items i ON i.product_id = p.product_id JOIN retail.customer_orders o ON o.order_id = i.order_id WHERE c.category_id = 22 AND o.ordered_at >= DATE '2024-08-01' - INTERVAL '180 days' GROUP BY c.category_name",408,3,2,0,True,False,False,4,4,3,2,3,0,0,0,0,11977.44,12796.13,1.0,51,266558.0,79.872,11,8,4,Aggregate,3,1,0,0,1,0,2,1,1,236836,0,0,0,765060.0,600000.0,90333184,32661504,6,1.6666666666666667e-06
retail_product_affinity,"SELECT second.product_id, p.product_name, COUNT(*) AS together_count FROM retail.order_items first JOIN retail.order_items second ON second.order_id = first.order_id AND second.product_id <> first.product_id JOIN retail.products p ON p.product_id = second.product_id WHERE first.product_id = 3615 GROUP BY second.product_id, p.product_name ORDER BY together_count DESC LIMIT 30",377,2,1,0,True,True,False,3,2,3,1,2,0,0,0,0,9510.84,9510.92,30.0,29,774.0,36.646,11,9,2,Limit,1,2,0,0,0,0,2,2,2,50601,25,0,0,615000.0,600000.0,72400896,29237248,3,5e-05
retail_product_affinity,"SELECT second.product_id, p.product_name, COUNT(*) AS together_count FROM retail.order_items first JOIN retail.order_items second ON second.order_id = first.order_id AND second.product_id <> first.product_id JOIN retail.products p ON p.product_id = second.product_id WHERE first.product_id = 3615 GROUP BY second.product_id, p.product_name ORDER BY together_count DESC LIMIT 30",377,2,1,0,True,True,False,3,2,3,1,2,0,0,0,0,9510.84,9510.92,30.0,29,774.0,34.804,11,9,2,Limit,1,2,0,0,0,0,2,2,2,50626,0,0,0,615000.0,600000.0,72400896,29237248,3,5e-05
retail_inventory_imbalance,"SELECT product_id, MAX(quantity) - MIN(quantity) AS stock_spread, AVG(quantity) AS avg_stock, SUM(reserved_quantity) AS reserved FROM retail.inventory GROUP BY product_id HAVING MAX(quantity) - MIN(quantity) > 150 ORDER BY stock_spread DESC LIMIT 200",250,0,0,0,True,True,False,1,1,4,6,0,0,0,0,0,7207.14,7207.64,200.0,52,235170.0,116.344,4,4,1,Limit,1,0,0,0,0,0,0,1,1,6620,0,0,0,225000.0,225000.0,20701184,7110656,1,0.0008888888888888889
retail_inventory_imbalance,"SELECT product_id, MAX(quantity) - MIN(quantity) AS stock_spread, AVG(quantity) AS avg_stock, SUM(reserved_quantity) AS reserved FROM retail.inventory GROUP BY product_id HAVING MAX(quantity) - MIN(quantity) > 150 ORDER BY stock_spread DESC LIMIT 200",250,0,0,0,True,True,False,1,1,4,6,0,0,0,0,0,7207.14,7207.64,200.0,52,235170.0,125.079,4,4,1,Limit,1,0,0,0,0,0,0,1,1,6620,0,0,0,225000.0,225000.0,20701184,7110656,1,0.0008888888888888889
retail_refund_report,"SELECT p.payment_method, COUNT(*) AS refunds, SUM(p.amount) AS refunded, AVG(o.total_amount) AS avg_order_value FROM retail.payments p JOIN retail.customer_orders o ON o.order_id = p.order_id WHERE p.payment_status = 'refunded' AND o.ordered_at >= DATE '2024-10-19' - INTERVAL '365 days' GROUP BY p.payment_method ORDER BY refunded DESC",336,1,2,0,True,True,False,2,2,4,3,1,0,0,0,0,7153.69,7153.7,4.0,79,125535.0,64.17,9,8,2,Sort,2,0,0,0,1,0,0,2,2,23693,0,0,0,300000.0,150000.0,32792576,6782976,2,2.6666666666666667e-05
retail_refund_report,"SELECT p.payment_method, COUNT(*) AS refunds, SUM(p.amount) AS refunded, AVG(o.total_amount) AS avg_order_value FROM retail.payments p JOIN retail.customer_orders o ON o.order_id = p.order_id WHERE p.payment_status = 'refunded' AND o.ordered_at >= DATE '2024-10-19' - INTERVAL '365 days' GROUP BY p.payment_method ORDER BY refunded DESC",336,1,2,0,True,True,False,2,2,4,3,1,0,0,0,0,7153.69,7153.7,4.0,79,125535.0,56.998,9,8,2,Sort,2,0,0,0,1,0,0,2,2,23693,0,0,0,300000.0,150000.0,32792576,6782976,2,2.6666666666666667e-05
retail_orders_by_status,"SELECT order_id, customer_id, ordered_at, total_amount FROM retail.customer_orders WHERE order_status = 'shipped' AND ordered_at >= DATE '2024-04-14' AND ordered_at < DATE '2024-04-14' + INTERVAL '30 days' ORDER BY ordered_at DESC LIMIT 250",240,0,3,0,False,True,False,1,1,4,0,0,0,0,0,0,4326.92,4355.67,250.0,30,1480.0,24.282,4,4,1,Limit,1,0,0,0,0,0,0,1,0,7171,0,0,0,150000.0,150000.0,17883136,3391488,1,0.0016666666666666668
retail_orders_by_status,"SELECT order_id, customer_id, ordered_at, total_amount FROM retail.customer_orders WHERE order_status = 'shipped' AND ordered_at >= DATE '2024-04-14' AND ordered_at < DATE '2024-04-14' + INTERVAL '30 days' ORDER BY ordered_at DESC LIMIT 250",240,0,3,0,False,True,False,1,1,4,0,0,0,0,0,0,4326.92,4355.67,250.0,30,1480.0,22.803,4,4,1,Limit,1,0,0,0,0,0,0,1,0,7171,0,0,0,150000.0,150000.0,17883136,3391488,1,0.0016666666666666668
retail_failed_payments,"SELECT p.payment_id, p.order_id, p.amount, o.customer_id, o.ordered_at FROM retail.payments p JOIN retail.customer_orders o ON o.order_id = p.order_id WHERE p.payment_status = 'failed' AND p.payment_method = 'wallet' ORDER BY o.ordered_at DESC LIMIT 500",253,1,2,0,False,True,False,2,2,5,0,1,0,0,0,0,7076.07,7133.57,500.0,38,116025.0,19.106,7,6,2,Limit,2,0,0,0,1,0,0,1,0,8719,0,0,0,300000.0,150000.0,32792576,6782976,2,0.0033333333333333335
retail_failed_payments,"SELECT p.payment_id, p.order_id, p.amount, o.customer_id, o.ordered_at FROM retail.payments p JOIN retail.customer_orders o ON o.order_id = p.order_id WHERE p.payment_status = 'failed' AND p.payment_method = 'wallet' ORDER BY o.ordered_at DESC LIMIT 500",253,1,2,0,False,True,False,2,2,5,0,1,0,0,0,0,7076.07,7133.57,500.0,38,116025.0,19.084,7,6,2,Limit,2,0,0,0,1,0,0,1,0,8719,0,0,0,300000.0,150000.0,32792576,6782976,2,0.0033333333333333335
retail_daily_channel_revenue,"SELECT ordered_at::date AS day, COUNT(*) AS orders, SUM(total_amount) AS revenue, AVG(discount_amount) AS avg_discount FROM retail.customer_orders WHERE sales_channel = 'mobile' AND ordered_at >= DATE '2024-07-24' - INTERVAL '90 days' AND ordered_at < DATE '2024-07-24' + INTERVAL '90 days' AND order_status <> 'cancelled' GROUP BY ordered_at::date ORDER BY day",361,0,4,0,True,True,False,1,1,4,3,0,0,0,0,0,5093.88,5247.75,5129.0,76,15387.0,32.459,3,3,1,Aggregate,1,0,0,0,0,0,0,1,1,5295,0,0,0,150000.0,150000.0,17883136,3391488,1,0.03419333333333333
retail_daily_channel_revenue,"SELECT ordered_at::date AS day, COUNT(*) AS orders, SUM(total_amount) AS revenue, AVG(discount_amount) AS avg_discount FROM retail.customer_orders WHERE sales_channel = 'mobile' AND ordered_at >= DATE '2024-07-24' - INTERVAL '90 days' AND ordered_at < DATE '2024-07-24' + INTERVAL '90 days' AND order_status <> 'cancelled' GROUP BY ordered_at::date ORDER BY day",361,0,4,0,True,True,False,1,1,4,3,0,0,0,0,0,5093.88,5247.75,5129.0,76,15387.0,29.907,3,3,1,Aggregate,1,0,0,0,0,0,0,1,1,5295,0,0,0,150000.0,150000.0,17883136,3391488,1,0.03419333333333333
retail_customer_lifetime_value,"SELECT c.customer_id, c.full_name, COUNT(o.order_id) AS orders, SUM(o.total_amount - o.discount_amount) AS lifetime_value, MAX(o.ordered_at) AS last_order FROM retail.customers c JOIN retail.customer_orders o ON o.customer_id = c.customer_id WHERE c.segment = 'business' AND o.order_status <> 'cancelled' GROUP BY c.customer_id HAVING COUNT(o.order_id) >= 2 ORDER BY lifetime_value DESC LIMIT 200",396,1,2,0,True,True,False,2,2,5,4,1,0,0,0,0,6459.58,6460.08,200.0,70,211130.0,100.289,7,6,2,Limit,2,0,0,0,1,0,0,1,1,8825,3894,36,105,200000.0,150000.0,28786688,8937472,3,0.0013333333333333333
retail_customer_lifetime_value,"SELECT c.customer_id, c.full_name, COUNT(o.order_id) AS orders, SUM(o.total_amount - o.discount_amount) AS lifetime_value, MAX(o.ordered_at) AS last_order FROM retail.customers c JOIN retail.customer_orders o ON o.customer_id = c.customer_id WHERE c.segment = 'business' AND o.order_status <> 'cancelled' GROUP BY c.customer_id HAVING COUNT(o.order_id) >= 2 ORDER BY lifetime_value DESC LIMIT 200",396,1,2,0,True,True,False,2,2,5,4,1,0,0,0,0,6459.58,6460.08,200.0,70,211130.0,98.92,7,6,2,Limit,2,0,0,0,1,0,0,1,1,12719,0,36,105,200000.0,150000.0,28786688,8937472,3,0.0013333333333333333
retail_shipment_sla,"SELECT carrier, shipment_status, COUNT(*) AS shipments, AVG(delivered_at - shipped_at) AS avg_delivery_time FROM retail.shipments WHERE carrier = 'LocalPost' AND shipped_at IS NOT NULL AND (delivered_at IS NULL OR delivered_at - shipped_at > INTERVAL '48 hours') GROUP BY carrier, shipment_status ORDER BY shipments DESC",320,0,3,0,True,True,False,1,1,4,2,0,0,0,0,0,2394.82,2394.83,4.0,39,16731.0,15.764,3,3,1,Sort,1,0,0,0,0,0,0,1,1,366,2379,0,0,75000.0,75000.0,12288000,4759552,2,5.333333333333333e-05
retail_shipment_sla,"SELECT carrier, shipment_status, COUNT(*) AS shipments, AVG(delivered_at - shipped_at) AS avg_delivery_time FROM retail.shipments WHERE carrier = 'LocalPost' AND shipped_at IS NOT NULL AND (delivered_at IS NULL OR delivered_at - shipped_at > INTERVAL '48 hours') GROUP BY carrier, shipment_status ORDER BY shipments DESC",320,0,3,0,True,True,False,1,1,4,2,0,0,0,0,0,2394.82,2394.83,4.0,39,16731.0,12.128,3,3,1,Sort,1,0,0,0,0,0,0,1,1,2745,0,0,0,75000.0,75000.0,12288000,4759552,2,5.333333333333333e-05
retail_top_products,"SELECT p.product_id, p.product_name, SUM(i.quantity) AS units, SUM(i.quantity * i.unit_price) AS revenue FROM retail.customer_orders o JOIN retail.order_items i ON i.order_id = o.order_id JOIN retail.products p ON p.product_id = i.product_id WHERE o.ordered_at >= DATE '2023-07-25' - INTERVAL '120 days' AND o.order_status IN ('paid', 'processing', 'shipped', 'delivered') GROUP BY p.product_id ORDER BY revenue DESC LIMIT 100",426,2,2,0,True,True,False,3,3,4,2,2,0,0,0,0,20321.65,20321.9,100.0,61,772180.0,380.738,12,9,3,Limit,3,0,0,0,2,0,0,1,2,62137,0,0,0,765000.0,600000.0,90284032,32628736,4,0.00016666666666666666
retail_top_products,"SELECT p.product_id, p.product_name, SUM(i.quantity) AS units, SUM(i.quantity * i.unit_price) AS revenue FROM retail.customer_orders o JOIN retail.order_items i ON i.order_id = o.order_id JOIN retail.products p ON p.product_id = i.product_id WHERE o.ordered_at >= DATE '2023-07-25' - INTERVAL '120 days' AND o.order_status IN ('paid', 'processing', 'shipped', 'delivered') GROUP BY p.product_id ORDER BY revenue DESC LIMIT 100",426,2,2,0,True,True,False,3,3,4,2,2,0,0,0,0,20321.65,20321.9,100.0,61,772180.0,469.219,12,9,3,Limit,3,0,0,0,2,0,0,1,2,62137,0,0,0,765000.0,600000.0,90284032,32628736,4,0.00016666666666666666
retail_refund_report,"SELECT p.payment_method, COUNT(*) AS refunds, SUM(p.amount) AS refunded, AVG(o.total_amount) AS avg_order_value FROM retail.payments p JOIN retail.customer_orders o ON o.order_id = p.order_id WHERE p.payment_status = 'refunded' AND o.ordered_at >= DATE '2023-06-26' - INTERVAL '365 days' GROUP BY p.payment_method ORDER BY refunded DESC",336,1,2,0,True,True,False,2,2,4,3,1,0,0,0,0,7336.76,7336.77,4.0,79,155081.0,80.664,9,8,2,Sort,2,0,0,0,1,0,0,2,2,23693,0,0,0,300000.0,150000.0,32792576,6782976,2,2.6666666666666667e-05
retail_refund_report,"SELECT p.payment_method, COUNT(*) AS refunds, SUM(p.amount) AS refunded, AVG(o.total_amount) AS avg_order_value FROM retail.payments p JOIN retail.customer_orders o ON o.order_id = p.order_id WHERE p.payment_status = 'refunded' AND o.ordered_at >= DATE '2023-06-26' - INTERVAL '365 days' GROUP BY p.payment_method ORDER BY refunded DESC",336,1,2,0,True,True,False,2,2,4,3,1,0,0,0,0,7336.76,7336.77,4.0,79,155081.0,63.189,9,8,2,Sort,2,0,0,0,1,0,0,2,2,23693,0,0,0,300000.0,150000.0,32792576,6782976,2,2.6666666666666667e-05
retail_daily_channel_revenue,"SELECT ordered_at::date AS day, COUNT(*) AS orders, SUM(total_amount) AS revenue, AVG(discount_amount) AS avg_discount FROM retail.customer_orders WHERE sales_channel = 'mobile' AND ordered_at >= DATE '2025-07-24' - INTERVAL '90 days' AND ordered_at < DATE '2025-07-24' + INTERVAL '90 days' AND order_status <> 'cancelled' GROUP BY ordered_at::date ORDER BY day",361,0,4,0,True,True,False,1,1,4,3,0,0,0,0,0,5095.67,5250.29,5154.0,76,15462.0,25.742,3,3,1,Aggregate,1,0,0,0,0,0,0,1,1,5295,0,0,0,150000.0,150000.0,17883136,3391488,1,0.03436
retail_daily_channel_revenue,"SELECT ordered_at::date AS day, COUNT(*) AS orders, SUM(total_amount) AS revenue, AVG(discount_amount) AS avg_discount FROM retail.customer_orders WHERE sales_channel = 'mobile' AND ordered_at >= DATE '2025-07-24' - INTERVAL '90 days' AND ordered_at < DATE '2025-07-24' + INTERVAL '90 days' AND order_status <> 'cancelled' GROUP BY ordered_at::date ORDER BY day",361,0,4,0,True,True,False,1,1,4,3,0,0,0,0,0,5095.67,5250.29,5154.0,76,15462.0,25.445,3,3,1,Aggregate,1,0,0,0,0,0,0,1,1,5295,0,0,0,150000.0,150000.0,17883136,3391488,1,0.03436
retail_shipment_sla,"SELECT carrier, shipment_status, COUNT(*) AS shipments, AVG(delivered_at - shipped_at) AS avg_delivery_time FROM retail.shipments WHERE carrier = 'DHL' AND shipped_at IS NOT NULL AND (delivered_at IS NULL OR delivered_at - shipped_at > INTERVAL '72 hours') GROUP BY carrier, shipment_status ORDER BY shipments DESC",314,0,3,0,True,True,False,1,1,4,2,0,0,0,0,0,2309.67,2309.68,4.0,39,8216.0,10.78,3,3,1,Sort,1,0,0,0,0,0,0,1,1,2745,0,0,0,75000.0,75000.0,12288000,4759552,2,5.333333333333333e-05
retail_shipment_sla,"SELECT carrier, shipment_status, COUNT(*) AS shipments, AVG(delivered_at - shipped_at) AS avg_delivery_time FROM retail.shipments WHERE carrier = 'DHL' AND shipped_at IS NOT NULL AND (delivered_at IS NULL OR delivered_at - shipped_at > INTERVAL '72 hours') GROUP BY carrier, shipment_status ORDER BY shipments DESC",314,0,3,0,True,True,False,1,1,4,2,0,0,0,0,0,2309.67,2309.68,4.0,39,8216.0,10.719,3,3,1,Sort,1,0,0,0,0,0,0,1,1,2745,0,0,0,75000.0,75000.0,12288000,4759552,2,5.333333333333333e-05
retail_brand_performance,"SELECT p.brand, o.sales_channel, COUNT(DISTINCT o.order_id) AS orders, SUM(i.quantity) AS units, AVG(i.unit_price) AS avg_price FROM retail.products p JOIN retail.order_items i ON i.product_id = p.product_id JOIN retail.customer_orders o ON o.order_id = i.order_id WHERE p.brand = 'Brand 203' AND o.order_status <> 'cancelled' GROUP BY p.brand, o.sales_channel ORDER BY units DESC",380,2,2,0,True,True,False,3,3,5,3,2,0,0,0,0,10351.55,10351.56,4.0,64,254794.0,59.897,10,8,3,Sort,2,1,0,0,1,0,1,2,1,99544,0,0,0,765000.0,600000.0,90284032,32628736,4,6.666666666666667e-06
retail_brand_performance,"SELECT p.brand, o.sales_channel, COUNT(DISTINCT o.order_id) AS orders, SUM(i.quantity) AS units, AVG(i.unit_price) AS avg_price FROM retail.products p JOIN retail.order_items i ON i.product_id = p.product_id JOIN retail.customer_orders o ON o.order_id = i.order_id WHERE p.brand = 'Brand 203' AND o.order_status <> 'cancelled' GROUP BY p.brand, o.sales_channel ORDER BY units DESC",380,2,2,0,True,True,False,3,3,5,3,2,0,0,0,0,10351.55,10351.56,4.0,64,254794.0,64.321,10,8,3,Sort,2,1,0,0,1,0,1,2,1,99544,0,0,0,765000.0,600000.0,90284032,32628736,4,6.666666666666667e-06
retail_failed_payments,"SELECT p.payment_id, p.order_id, p.amount, o.customer_id, o.ordered_at FROM retail.payments p JOIN retail.customer_orders o ON o.order_id = p.order_id WHERE p.payment_status = 'failed' AND p.payment_method = 'cash' ORDER BY o.ordered_at DESC LIMIT 500",251,1,2,0,False,True,False,2,2,5,0,1,0,0,0,0,7070.68,7128.18,500.0,38,115630.0,18.371,7,6,2,Limit,2,0,0,0,1,0,0,1,0,8719,0,0,0,300000.0,150000.0,32792576,6782976,2,0.0033333333333333335
retail_failed_payments,"SELECT p.payment_id, p.order_id, p.amount, o.customer_id, o.ordered_at FROM retail.payments p JOIN retail.customer_orders o ON o.order_id = p.order_id WHERE p.payment_status = 'failed' AND p.payment_method = 'cash' ORDER BY o.ordered_at DESC LIMIT 500",251,1,2,0,False,True,False,2,2,5,0,1,0,0,0,0,7070.68,7128.18,500.0,38,115630.0,16.792,7,6,2,Limit,2,0,0,0,1,0,0,1,0,8719,0,0,0,300000.0,150000.0,32792576,6782976,2,0.0033333333333333335
retail_repeat_customers,"SELECT customer_id, COUNT(*) AS order_count, MIN(ordered_at) AS first_order, MAX(ordered_at) AS last_order FROM retail.customer_orders WHERE ordered_at >= DATE '2024-11-10' - INTERVAL '365 days' AND order_status = 'delivered' GROUP BY customer_id HAVING COUNT(*) >= 3 ORDER BY order_count DESC, last_order DESC LIMIT 300",320,0,2,0,True,True,False,1,1,4,4,0,0,0,0,0,4633.41,4634.16,300.0,32,28639.0,35.23,4,4,1,Limit,1,0,0,0,0,0,0,1,1,7060,0,0,0,150000.0,150000.0,17883136,3391488,1,0.002
retail_repeat_customers,"SELECT customer_id, COUNT(*) AS order_count, MIN(ordered_at) AS first_order, MAX(ordered_at) AS last_order FROM retail.customer_orders WHERE ordered_at >= DATE '2024-11-10' - INTERVAL '365 days' AND order_status = 'delivered' GROUP BY customer_id HAVING COUNT(*) >= 3 ORDER BY order_count DESC, last_order DESC LIMIT 300",320,0,2,0,True,True,False,1,1,4,4,0,0,0,0,0,4633.41,4634.16,300.0,32,28639.0,35.119,4,4,1,Limit,1,0,0,0,0,0,0,1,1,7060,0,0,0,150000.0,150000.0,17883136,3391488,1,0.002
retail_customer_lifetime_value,"SELECT c.customer_id, c.full_name, COUNT(o.order_id) AS orders, SUM(o.total_amount - o.discount_amount) AS lifetime_value, MAX(o.ordered_at) AS last_order FROM retail.customers c JOIN retail.customer_orders o ON o.customer_id = c.customer_id WHERE c.segment = 'business' AND o.order_status <> 'cancelled' GROUP BY c.customer_id HAVING COUNT(o.order_id) >= 6 ORDER BY lifetime_value DESC LIMIT 200",396,1,2,0,True,True,False,2,2,5,4,1,0,0,0,0,6459.58,6460.08,200.0,70,211130.0,96.249,7,6,2,Limit,2,0,0,0,1,0,0,1,1,12719,0,36,105,200000.0,150000.0,28786688,8937472,3,0.0013333333333333333
retail_customer_lifetime_value,"SELECT c.customer_id, c.full_name, COUNT(o.order_id) AS orders, SUM(o.total_amount - o.discount_amount) AS lifetime_value, MAX(o.ordered_at) AS last_order FROM retail.customers c JOIN retail.customer_orders o ON o.customer_id = c.customer_id WHERE c.segment = 'business' AND o.order_status <> 'cancelled' GROUP BY c.customer_id HAVING COUNT(o.order_id) >= 6 ORDER BY lifetime_value DESC LIMIT 200",396,1,2,0,True,True,False,2,2,5,4,1,0,0,0,0,6459.58,6460.08,200.0,70,211130.0,99.93,7,6,2,Limit,2,0,0,0,1,0,0,1,1,12719,0,36,105,200000.0,150000.0,28786688,8937472,3,0.0013333333333333333
retail_product_affinity,"SELECT second.product_id, p.product_name, COUNT(*) AS together_count FROM retail.order_items first JOIN retail.order_items second ON second.order_id = first.order_id AND second.product_id <> first.product_id JOIN retail.products p ON p.product_id = second.product_id WHERE first.product_id = 4305 GROUP BY second.product_id, p.product_name ORDER BY together_count DESC LIMIT 30",377,2,1,0,True,True,False,3,2,3,1,2,0,0,0,0,9510.84,9510.92,30.0,29,774.0,32.065,11,9,2,Limit,1,2,0,0,0,0,2,2,2,50610,16,0,0,615000.0,600000.0,72400896,29237248,3,5e-05
retail_product_affinity,"SELECT second.product_id, p.product_name, COUNT(*) AS together_count FROM retail.order_items first JOIN retail.order_items second ON second.order_id = first.order_id AND second.product_id <> first.product_id JOIN retail.products p ON p.product_id = second.product_id WHERE first.product_id = 4305 GROUP BY second.product_id, p.product_name ORDER BY together_count DESC LIMIT 30",377,2,1,0,True,True,False,3,2,3,1,2,0,0,0,0,9510.84,9510.92,30.0,29,774.0,34.209,11,9,2,Limit,1,2,0,0,0,0,2,2,2,50626,0,0,0,615000.0,600000.0,72400896,29237248,3,5e-05
retail_orders_by_status,"SELECT order_id, customer_id, ordered_at, total_amount FROM retail.customer_orders WHERE order_status = 'pending' AND ordered_at >= DATE '2024-02-01' AND ordered_at < DATE '2024-02-01' + INTERVAL '30 days' ORDER BY ordered_at DESC LIMIT 250",240,0,3,0,False,True,False,1,1,4,0,0,0,0,0,0,4325.81,4354.56,250.0,30,1414.0,22.412,4,4,1,Limit,1,0,0,0,0,0,0,1,0,7171,0,0,0,150000.0,150000.0,17883136,3391488,1,0.0016666666666666668
retail_orders_by_status,"SELECT order_id, customer_id, ordered_at, total_amount FROM retail.customer_orders WHERE order_status = 'pending' AND ordered_at >= DATE '2024-02-01' AND ordered_at < DATE '2024-02-01' + INTERVAL '30 days' ORDER BY ordered_at DESC LIMIT 250",240,0,3,0,False,True,False,1,1,4,0,0,0,0,0,0,4325.81,4354.56,250.0,30,1414.0,21.878,4,4,1,Limit,1,0,0,0,0,0,0,1,0,7171,0,0,0,150000.0,150000.0,17883136,3391488,1,0.0016666666666666668
retail_inventory_imbalance,"SELECT product_id, MAX(quantity) - MIN(quantity) AS stock_spread, AVG(quantity) AS avg_stock, SUM(reserved_quantity) AS reserved FROM retail.inventory GROUP BY product_id HAVING MAX(quantity) - MIN(quantity) > 200 ORDER BY stock_spread DESC LIMIT 200",250,0,0,0,True,True,False,1,1,4,6,0,0,0,0,0,7207.14,7207.64,200.0,52,235170.0,114.328,4,4,1,Limit,1,0,0,0,0,0,0,1,1,6620,0,0,0,225000.0,225000.0,20701184,7110656,1,0.0008888888888888889
retail_inventory_imbalance,"SELECT product_id, MAX(quantity) - MIN(quantity) AS stock_spread, AVG(quantity) AS avg_stock, SUM(reserved_quantity) AS reserved FROM retail.inventory GROUP BY product_id HAVING MAX(quantity) - MIN(quantity) > 200 ORDER BY stock_spread DESC LIMIT 200",250,0,0,0,True,True,False,1,1,4,6,0,0,0,0,0,7207.14,7207.64,200.0,52,235170.0,128.871,4,4,1,Limit,1,0,0,0,0,0,0,1,1,6620,0,0,0,225000.0,225000.0,20701184,7110656,1,0.0008888888888888889
retail_low_inventory,"SELECT w.warehouse_name, p.sku, p.product_name, i.quantity - i.reserved_quantity AS available FROM retail.inventory i JOIN retail.warehouses w ON w.warehouse_id = i.warehouse_id JOIN retail.products p ON p.product_id = i.product_id WHERE w.region = 'Region 3' AND i.quantity - i.reserved_quantity < 10 AND p.is_active ORDER BY available, p.sku LIMIT 300",353,2,3,0,False,True,False,3,3,4,0,2,0,0,0,0,3157.71,3158.46,300.0,42,64373.0,10.876,9,6,3,Limit,2,0,0,1,1,0,1,1,0,1855,366,0,0,240015.0,225000.0,23756800,7987200,5,0.0013333333333333333
retail_low_inventory,"SELECT w.warehouse_name, p.sku, p.product_name, i.quantity - i.reserved_quantity AS available FROM retail.inventory i JOIN retail.warehouses w ON w.warehouse_id = i.warehouse_id JOIN retail.products p ON p.product_id = i.product_id WHERE w.region = 'Region 3' AND i.quantity - i.reserved_quantity < 10 AND p.is_active ORDER BY available, p.sku LIMIT 300",353,2,3,0,False,True,False,3,3,4,0,2,0,0,0,0,3157.71,3158.46,300.0,42,64373.0,10.652,9,6,3,Limit,2,0,0,1,1,0,1,1,0,2221,0,0,0,240015.0,225000.0,23756800,7987200,5,0.0013333333333333333
retail_stale_pending_orders,"SELECT o.order_id, o.customer_id, o.ordered_at, o.total_amount FROM retail.customer_orders o LEFT JOIN retail.payments p ON p.order_id = o.order_id WHERE o.order_status = 'pending' AND o.ordered_at < DATE '2024-05-31' AND (p.payment_id IS NULL OR p.payment_status = 'failed') ORDER BY o.ordered_at LIMIT 250",307,1,3,0,False,True,False,2,2,4,0,0,1,0,0,0,6767.09,6795.84,250.0,30,107419.0,48.259,7,6,2,Limit,2,0,0,0,1,0,0,1,0,17907,0,0,0,300000.0,150000.0,32792576,6782976,2,0.0016666666666666668
retail_stale_pending_orders,"SELECT o.order_id, o.customer_id, o.ordered_at, o.total_amount FROM retail.customer_orders o LEFT JOIN retail.payments p ON p.order_id = o.order_id WHERE o.order_status = 'pending' AND o.ordered_at < DATE '2024-05-31' AND (p.payment_id IS NULL OR p.payment_status = 'failed') ORDER BY o.ordered_at LIMIT 250",307,1,3,0,False,True,False,2,2,4,0,0,1,0,0,0,6767.09,6795.84,250.0,30,107419.0,48.437,7,6,2,Limit,2,0,0,0,1,0,0,1,0,17907,0,0,0,300000.0,150000.0,32792576,6782976,2,0.0016666666666666668
retail_stock_by_region,"SELECT w.region, SUM(i.quantity) AS stock, SUM(i.reserved_quantity) AS reserved FROM retail.inventory i JOIN retail.warehouses w ON w.warehouse_id = i.warehouse_id JOIN retail.products p ON p.product_id = i.product_id WHERE p.category_id = 27 GROUP BY w.region ORDER BY stock DESC",280,2,1,0,True,True,False,3,3,3,2,2,0,0,0,0,4803.72,4803.76,15.0,25,137370.0,36.444,12,9,3,Sort,3,0,0,0,2,0,0,2,2,18139,0,0,0,240015.0,225000.0,23756800,7987200,5,6.666666666666667e-05
retail_stock_by_region,"SELECT w.region, SUM(i.quantity) AS stock, SUM(i.reserved_quantity) AS reserved FROM retail.inventory i JOIN retail.warehouses w ON w.warehouse_id = i.warehouse_id JOIN retail.products p ON p.product_id = i.product_id WHERE p.category_id = 27 GROUP BY w.region ORDER BY stock DESC",280,2,1,0,True,True,False,3,3,3,2,2,0,0,0,0,4803.72,4803.76,15.0,25,137370.0,34.334,12,9,3,Sort,3,0,0,0,2,0,0,2,2,18139,0,0,0,240015.0,225000.0,23756800,7987200,5,6.666666666666667e-05
retail_regional_sales,"SELECT a.city, COUNT(DISTINCT o.order_id) AS orders, SUM(o.total_amount) AS gross_sales FROM retail.addresses a JOIN retail.customer_orders o ON o.shipping_address_id = a.address_id WHERE a.region = 'Region 5' AND o.ordered_at >= DATE '2025-03-20' - INTERVAL '180 days' GROUP BY a.city ORDER BY gross_sales DESC",311,1,2,0,True,True,False,2,2,3,2,1,0,0,0,0,5787.42,5788.17,300.0,48,77977.0,55.095,7,6,2,Sort,2,0,0,0,1,0,0,2,1,8825,4602,0,0,225000.0,150000.0,25903104,5087232,2,0.002
retail_regional_sales,"SELECT a.city, COUNT(DISTINCT o.order_id) AS orders, SUM(o.total_amount) AS gross_sales FROM retail.addresses a JOIN retail.customer_orders o ON o.shipping_address_id = a.address_id WHERE a.region = 'Region 5' AND o.ordered_at >= DATE '2025-03-20' - INTERVAL '180 days' GROUP BY a.city ORDER BY gross_sales DESC",311,1,2,0,True,True,False,2,2,3,2,1,0,0,0,0,5787.42,5788.17,300.0,48,77977.0,47.239,7,6,2,Sort,2,0,0,0,1,0,0,2,1,13427,0,0,0,225000.0,150000.0,25903104,5087232,2,0.002
retail_basket_statistics,"SELECT o.sales_channel, COUNT(DISTINCT o.order_id) AS orders, AVG(b.units) AS avg_units, AVG(b.lines) AS avg_lines FROM retail.customer_orders o JOIN (SELECT order_id, SUM(quantity) AS units, COUNT(*) AS lines FROM retail.order_items GROUP BY order_id) b ON b.order_id = o.order_id WHERE o.sales_channel = 'store' AND o.order_status <> 'cancelled' GROUP BY o.sales_channel",372,1,2,1,True,False,False,2,2,7,5,1,0,0,0,0,0.84,57294.29,1.0,79,812122.0,419.908,5,4,2,Aggregate,0,2,0,0,0,1,0,0,2,2408703,11604,0,0,750000.0,600000.0,87277568,31784960,2,1.6666666666666667e-06
retail_basket_statistics,"SELECT o.sales_channel, COUNT(DISTINCT o.order_id) AS orders, AVG(b.units) AS avg_units, AVG(b.lines) AS avg_lines FROM retail.customer_orders o JOIN (SELECT order_id, SUM(quantity) AS units, COUNT(*) AS lines FROM retail.order_items GROUP BY order_id) b ON b.order_id = o.order_id WHERE o.sales_channel = 'store' AND o.order_status <> 'cancelled' GROUP BY o.sales_channel",372,1,2,1,True,False,False,2,2,7,5,1,0,0,0,0,0.84,57294.29,1.0,79,812122.0,494.849,5,4,2,Aggregate,0,2,0,0,0,1,0,0,2,2418587,1720,0,0,750000.0,600000.0,87277568,31784960,2,1.6666666666666667e-06
retail_category_revenue,"SELECT c.category_name, COUNT(DISTINCT o.order_id) AS orders, SUM(i.quantity * i.unit_price) AS revenue FROM retail.categories c JOIN retail.products p ON p.category_id = c.category_id JOIN retail.order_items i ON i.product_id = p.product_id JOIN retail.customer_orders o ON o.order_id = i.order_id WHERE c.category_id = 47 AND o.ordered_at >= DATE '2023-10-26' - INTERVAL '180 days' GROUP BY c.category_name",408,3,2,0,True,False,False,4,4,3,2,3,0,0,0,0,12048.03,13201.13,1.0,51,271311.0,132.65,11,8,4,Aggregate,3,1,0,0,1,0,2,1,1,236836,0,0,0,765060.0,600000.0,90333184,32661504,6,1.6666666666666667e-06
retail_category_revenue,"SELECT c.category_name, COUNT(DISTINCT o.order_id) AS orders, SUM(i.quantity * i.unit_price) AS revenue FROM retail.categories c JOIN retail.products p ON p.category_id = c.category_id JOIN retail.order_items i ON i.product_id = p.product_id JOIN retail.customer_orders o ON o.order_id = i.order_id WHERE c.category_id = 47 AND o.ordered_at >= DATE '2023-10-26' - INTERVAL '180 days' GROUP BY c.category_name",408,3,2,0,True,False,False,4,4,3,2,3,0,0,0,0,12048.03,13201.13,1.0,51,271311.0,165.771,11,8,4,Aggregate,3,1,0,0,1,0,2,1,1,236836,0,0,0,765060.0,600000.0,90333184,32661504,6,1.6666666666666667e-06
retail_top_products,"SELECT p.product_id, p.product_name, SUM(i.quantity) AS units, SUM(i.quantity * i.unit_price) AS revenue FROM retail.customer_orders o JOIN retail.order_items i ON i.order_id = o.order_id JOIN retail.products p ON p.product_id = i.product_id WHERE o.ordered_at >= DATE '2023-03-25' - INTERVAL '120 days' AND o.order_status IN ('paid', 'processing', 'shipped', 'delivered') GROUP BY p.product_id ORDER BY revenue DESC LIMIT 25",425,2,2,0,True,True,False,3,3,4,2,2,0,0,0,0,20416.74,20416.81,25.0,61,806049.0,543.54,12,9,3,Limit,3,0,0,0,2,0,0,1,2,62137,0,0,0,765000.0,600000.0,90284032,32628736,4,4.1666666666666665e-05
retail_top_products,"SELECT p.product_id, p.product_name, SUM(i.quantity) AS units, SUM(i.quantity * i.unit_price) AS revenue FROM retail.customer_orders o JOIN retail.order_items i ON i.order_id = o.order_id JOIN retail.products p ON p.product_id = i.product_id WHERE o.ordered_at >= DATE '2023-03-25' - INTERVAL '120 days' AND o.order_status IN ('paid', 'processing', 'shipped', 'delivered') GROUP BY p.product_id ORDER BY revenue DESC LIMIT 25",425,2,2,0,True,True,False,3,3,4,2,2,0,0,0,0,20416.74,20416.81,25.0,61,806049.0,512.631,12,9,3,Limit,3,0,0,0,2,0,0,1,2,62137,0,0,0,765000.0,600000.0,90284032,32628736,4,4.1666666666666665e-05
retail_customer_history,"SELECT o.order_id, o.ordered_at, o.order_status, o.total_amount, COUNT(i.line_no) AS line_count, SUM(i.quantity) AS units FROM retail.customer_orders o JOIN retail.order_items i ON i.order_id = o.order_id WHERE o.customer_id = 42233 GROUP BY o.order_id ORDER BY o.ordered_at DESC",279,1,1,0,True,True,False,2,2,6,2,1,0,0,0,0,3700.81,3700.81,3.0,46,37.0,13.496,6,5,2,Sort,1,1,0,0,0,0,1,2,1,8930,0,0,0,750000.0,600000.0,87277568,31784960,2,5e-06
retail_customer_history,"SELECT o.order_id, o.ordered_at, o.order_status, o.total_amount, COUNT(i.line_no) AS line_count, SUM(i.quantity) AS units FROM retail.customer_orders o JOIN retail.order_items i ON i.order_id = o.order_id WHERE o.customer_id = 42233 GROUP BY o.order_id ORDER BY o.ordered_at DESC",279,1,1,0,True,True,False,2,2,6,2,1,0,0,0,0,3700.81,3700.81,3.0,46,37.0,14.341,6,5,2,Sort,1,1,0,0,0,0,1,2,1,8930,0,0,0,750000.0,600000.0,87277568,31784960,2,5e-06
retail_basket_statistics,"SELECT o.sales_channel, COUNT(DISTINCT o.order_id) AS orders, AVG(b.units) AS avg_units, AVG(b.lines) AS avg_lines FROM retail.customer_orders o JOIN (SELECT order_id, SUM(quantity) AS units, COUNT(*) AS lines FROM retail.order_items GROUP BY order_id) b ON b.order_id = o.order_id WHERE o.sales_channel = 'web' AND o.order_status <> 'cancelled' GROUP BY o.sales_channel",370,1,2,1,True,False,False,2,2,7,5,1,0,0,0,0,0.84,57302.31,1.0,79,812923.0,389.067,5,4,2,Aggregate,0,2,0,0,0,1,0,0,2,2420335,0,0,0,750000.0,600000.0,87277568,31784960,2,1.6666666666666667e-06
retail_basket_statistics,"SELECT o.sales_channel, COUNT(DISTINCT o.order_id) AS orders, AVG(b.units) AS avg_units, AVG(b.lines) AS avg_lines FROM retail.customer_orders o JOIN (SELECT order_id, SUM(quantity) AS units, COUNT(*) AS lines FROM retail.order_items GROUP BY order_id) b ON b.order_id = o.order_id WHERE o.sales_channel = 'web' AND o.order_status <> 'cancelled' GROUP BY o.sales_channel",370,1,2,1,True,False,False,2,2,7,5,1,0,0,0,0,0.84,57302.31,1.0,79,812923.0,374.361,5,4,2,Aggregate,0,2,0,0,0,1,0,0,2,2420335,0,0,0,750000.0,600000.0,87277568,31784960,2,1.6666666666666667e-06
retail_failed_payments,"SELECT p.payment_id, p.order_id, p.amount, o.customer_id, o.ordered_at FROM retail.payments p JOIN retail.customer_orders o ON o.order_id = p.order_id WHERE p.payment_status = 'failed' AND p.payment_method = 'cash' ORDER BY o.ordered_at DESC LIMIT 500",251,1,2,0,False,True,False,2,2,5,0,1,0,0,0,0,7070.68,7128.18,500.0,38,115630.0,16.324,7,6,2,Limit,2,0,0,0,1,0,0,1,0,8719,0,0,0,300000.0,150000.0,32792576,6782976,2,0.0033333333333333335
retail_failed_payments,"SELECT p.payment_id, p.order_id, p.amount, o.customer_id, o.ordered_at FROM retail.payments p JOIN retail.customer_orders o ON o.order_id = p.order_id WHERE p.payment_status = 'failed' AND p.payment_method = 'cash' ORDER BY o.ordered_at DESC LIMIT 500",251,1,2,0,False,True,False,2,2,5,0,1,0,0,0,0,7070.68,7128.18,500.0,38,115630.0,19.304,7,6,2,Limit,2,0,0,0,1,0,0,1,0,8719,0,0,0,300000.0,150000.0,32792576,6782976,2,0.0033333333333333335
retail_customer_history,"SELECT o.order_id, o.ordered_at, o.order_status, o.total_amount, COUNT(i.line_no) AS line_count, SUM(i.quantity) AS units FROM retail.customer_orders o JOIN retail.order_items i ON i.order_id = o.order_id WHERE o.customer_id = 9229 GROUP BY o.order_id ORDER BY o.ordered_at DESC",278,1,1,0,True,True,False,2,2,6,2,1,0,0,0,0,3700.81,3700.81,3.0,46,37.0,16.913,6,5,2,Sort,1,1,0,0,0,0,1,2,1,8925,5,0,0,750000.0,600000.0,87277568,31784960,2,5e-06
retail_customer_history,"SELECT o.order_id, o.ordered_at, o.order_status, o.total_amount, COUNT(i.line_no) AS line_count, SUM(i.quantity) AS units FROM retail.customer_orders o JOIN retail.order_items i ON i.order_id = o.order_id WHERE o.customer_id = 9229 GROUP BY o.order_id ORDER BY o.ordered_at DESC",278,1,1,0,True,True,False,2,2,6,2,1,0,0,0,0,3700.81,3700.81,3.0,46,37.0,15.162,6,5,2,Sort,1,1,0,0,0,0,1,2,1,8930,0,0,0,750000.0,600000.0,87277568,31784960,2,5e-06
retail_stock_by_region,"SELECT w.region, SUM(i.quantity) AS stock, SUM(i.reserved_quantity) AS reserved FROM retail.inventory i JOIN retail.warehouses w ON w.warehouse_id = i.warehouse_id JOIN retail.products p ON p.product_id = i.product_id WHERE p.category_id = 22 GROUP BY w.region ORDER BY stock DESC",280,2,1,0,True,True,False,3,3,3,2,2,0,0,0,0,4803.72,4803.76,15.0,25,137370.0,34.364,12,9,3,Sort,3,0,0,0,2,0,0,2,2,18139,0,0,0,240015.0,225000.0,23756800,7987200,5,6.666666666666667e-05
retail_stock_by_region,"SELECT w.region, SUM(i.quantity) AS stock, SUM(i.reserved_quantity) AS reserved FROM retail.inventory i JOIN retail.warehouses w ON w.warehouse_id = i.warehouse_id JOIN retail.products p ON p.product_id = i.product_id WHERE p.category_id = 22 GROUP BY w.region ORDER BY stock DESC",280,2,1,0,True,True,False,3,3,3,2,2,0,0,0,0,4803.72,4803.76,15.0,25,137370.0,34.439,12,9,3,Sort,3,0,0,0,2,0,0,2,2,18139,0,0,0,240015.0,225000.0,23756800,7987200,5,6.666666666666667e-05
retail_orders_by_status,"SELECT order_id, customer_id, ordered_at, total_amount FROM retail.customer_orders WHERE order_status = 'pending' AND ordered_at >= DATE '2023-07-01' AND ordered_at < DATE '2023-07-01' + INTERVAL '30 days' ORDER BY ordered_at DESC LIMIT 250",240,0,3,0,False,True,False,1,1,4,0,0,0,0,0,0,4327.22,4355.97,250.0,30,1498.0,23.545,4,4,1,Limit,1,0,0,0,0,0,0,1,0,7171,0,0,0,150000.0,150000.0,17883136,3391488,1,0.0016666666666666668
retail_orders_by_status,"SELECT order_id, customer_id, ordered_at, total_amount FROM retail.customer_orders WHERE order_status = 'pending' AND ordered_at >= DATE '2023-07-01' AND ordered_at < DATE '2023-07-01' + INTERVAL '30 days' ORDER BY ordered_at DESC LIMIT 250",240,0,3,0,False,True,False,1,1,4,0,0,0,0,0,0,4327.22,4355.97,250.0,30,1498.0,25.925,4,4,1,Limit,1,0,0,0,0,0,0,1,0,7171,0,0,0,150000.0,150000.0,17883136,3391488,1,0.0016666666666666668
retail_top_products,"SELECT p.product_id, p.product_name, SUM(i.quantity) AS units, SUM(i.quantity * i.unit_price) AS revenue FROM retail.customer_orders o JOIN retail.order_items i ON i.order_id = o.order_id JOIN retail.products p ON p.product_id = i.product_id WHERE o.ordered_at >= DATE '2024-02-15' - INTERVAL '120 days' AND o.order_status IN ('paid', 'processing', 'shipped', 'delivered') GROUP BY p.product_id ORDER BY revenue DESC LIMIT 100",426,2,2,0,True,True,False,3,3,4,2,2,0,0,0,0,19702.16,19702.41,100.0,61,686382.0,367.458,12,9,3,Limit,3,0,0,0,2,0,0,1,2,62137,0,6,30,765000.0,600000.0,90284032,32628736,4,0.00016666666666666666
retail_top_products,"SELECT p.product_id, p.product_name, SUM(i.quantity) AS units, SUM(i.quantity * i.unit_price) AS revenue FROM retail.customer_orders o JOIN retail.order_items i ON i.order_id = o.order_id JOIN retail.products p ON p.product_id = i.product_id WHERE o.ordered_at >= DATE '2024-02-15' - INTERVAL '120 days' AND o.order_status IN ('paid', 'processing', 'shipped', 'delivered') GROUP BY p.product_id ORDER BY revenue DESC LIMIT 100",426,2,2,0,True,True,False,3,3,4,2,2,0,0,0,0,19702.16,19702.41,100.0,61,686382.0,372.361,12,9,3,Limit,3,0,0,0,2,0,0,1,2,62137,0,6,30,765000.0,600000.0,90284032,32628736,4,0.00016666666666666666
retail_refund_report,"SELECT p.payment_method, COUNT(*) AS refunds, SUM(p.amount) AS refunded, AVG(o.total_amount) AS avg_order_value FROM retail.payments p JOIN retail.customer_orders o ON o.order_id = p.order_id WHERE p.payment_status = 'refunded' AND o.ordered_at >= DATE '2023-12-11' - INTERVAL '365 days' GROUP BY p.payment_method ORDER BY refunded DESC",336,1,2,0,True,True,False,2,2,4,3,1,0,0,0,0,7336.76,7336.77,4.0,79,155081.0,67.214,9,8,2,Sort,2,0,0,0,1,0,0,2,2,23693,0,0,0,300000.0,150000.0,32792576,6782976,2,2.6666666666666667e-05
retail_refund_report,"SELECT p.payment_method, COUNT(*) AS refunds, SUM(p.amount) AS refunded, AVG(o.total_amount) AS avg_order_value FROM retail.payments p JOIN retail.customer_orders o ON o.order_id = p.order_id WHERE p.payment_status = 'refunded' AND o.ordered_at >= DATE '2023-12-11' - INTERVAL '365 days' GROUP BY p.payment_method ORDER BY refunded DESC",336,1,2,0,True,True,False,2,2,4,3,1,0,0,0,0,7336.76,7336.77,4.0,79,155081.0,61.737,9,8,2,Sort,2,0,0,0,1,0,0,2,2,23693,0,0,0,300000.0,150000.0,32792576,6782976,2,2.6666666666666667e-05
retail_inventory_imbalance,"SELECT product_id, MAX(quantity) - MIN(quantity) AS stock_spread, AVG(quantity) AS avg_stock, SUM(reserved_quantity) AS reserved FROM retail.inventory GROUP BY product_id HAVING MAX(quantity) - MIN(quantity) > 100 ORDER BY stock_spread DESC LIMIT 200",250,0,0,0,True,True,False,1,1,4,6,0,0,0,0,0,7207.14,7207.64,200.0,52,235170.0,105.593,4,4,1,Limit,1,0,0,0,0,0,0,1,1,6620,0,0,0,225000.0,225000.0,20701184,7110656,1,0.0008888888888888889
retail_inventory_imbalance,"SELECT product_id, MAX(quantity) - MIN(quantity) AS stock_spread, AVG(quantity) AS avg_stock, SUM(reserved_quantity) AS reserved FROM retail.inventory GROUP BY product_id HAVING MAX(quantity) - MIN(quantity) > 100 ORDER BY stock_spread DESC LIMIT 200",250,0,0,0,True,True,False,1,1,4,6,0,0,0,0,0,7207.14,7207.64,200.0,52,235170.0,110.046,4,4,1,Limit,1,0,0,0,0,0,0,1,1,6620,0,0,0,225000.0,225000.0,20701184,7110656,1,0.0008888888888888889
retail_daily_channel_revenue,"SELECT ordered_at::date AS day, COUNT(*) AS orders, SUM(total_amount) AS revenue, AVG(discount_amount) AS avg_discount FROM retail.customer_orders WHERE sales_channel = 'marketplace' AND ordered_at >= DATE '2023-01-10' - INTERVAL '90 days' AND ordered_at < DATE '2023-01-10' + INTERVAL '90 days' AND order_status <> 'cancelled' GROUP BY ordered_at::date ORDER BY day",366,0,4,0,True,True,False,1,1,4,3,0,0,0,0,0,4620.06,4923.23,2753.0,76,9229.0,24.214,5,5,1,Aggregate,1,0,0,0,0,0,0,1,2,8973,0,0,0,150000.0,150000.0,17883136,3391488,1,0.018353333333333333
retail_daily_channel_revenue,"SELECT ordered_at::date AS day, COUNT(*) AS orders, SUM(total_amount) AS revenue, AVG(discount_amount) AS avg_discount FROM retail.customer_orders WHERE sales_channel = 'marketplace' AND ordered_at >= DATE '2023-01-10' - INTERVAL '90 days' AND ordered_at < DATE '2023-01-10' + INTERVAL '90 days' AND order_status <> 'cancelled' GROUP BY ordered_at::date ORDER BY day",366,0,4,0,True,True,False,1,1,4,3,0,0,0,0,0,4620.06,4923.23,2753.0,76,9229.0,24.583,5,5,1,Aggregate,1,0,0,0,0,0,0,1,2,8973,0,0,0,150000.0,150000.0,17883136,3391488,1,0.018353333333333333
retail_low_inventory,"SELECT w.warehouse_name, p.sku, p.product_name, i.quantity - i.reserved_quantity AS available FROM retail.inventory i JOIN retail.warehouses w ON w.warehouse_id = i.warehouse_id JOIN retail.products p ON p.product_id = i.product_id WHERE w.region = 'Region 4' AND i.quantity - i.reserved_quantity < 20 AND p.is_active ORDER BY available, p.sku LIMIT 300",353,2,3,0,False,True,False,3,3,4,0,2,0,0,0,0,3157.71,3158.46,300.0,42,64373.0,11.339,9,6,3,Limit,2,0,0,1,1,0,1,1,0,1878,342,0,0,240015.0,225000.0,23756800,7987200,5,0.0013333333333333333
retail_low_inventory,"SELECT w.warehouse_name, p.sku, p.product_name, i.quantity - i.reserved_quantity AS available FROM retail.inventory i JOIN retail.warehouses w ON w.warehouse_id = i.warehouse_id JOIN retail.products p ON p.product_id = i.product_id WHERE w.region = 'Region 4' AND i.quantity - i.reserved_quantity < 20 AND p.is_active ORDER BY available, p.sku LIMIT 300",353,2,3,0,False,True,False,3,3,4,0,2,0,0,0,0,3157.71,3158.46,300.0,42,64373.0,9.764,9,6,3,Limit,2,0,0,1,1,0,1,1,0,2220,0,0,0,240015.0,225000.0,23756800,7987200,5,0.0013333333333333333
retail_repeat_customers,"SELECT customer_id, COUNT(*) AS order_count, MIN(ordered_at) AS first_order, MAX(ordered_at) AS last_order FROM retail.customer_orders WHERE ordered_at >= DATE '2025-05-26' - INTERVAL '365 days' AND order_status = 'delivered' GROUP BY customer_id HAVING COUNT(*) >= 3 ORDER BY order_count DESC, last_order DESC LIMIT 300",320,0,2,0,True,True,False,1,1,4,4,0,0,0,0,0,4487.23,4487.98,300.0,32,21714.0,30.637,4,4,1,Limit,1,0,0,0,0,0,0,1,1,7060,0,0,0,150000.0,150000.0,17883136,3391488,1,0.002
retail_repeat_customers,"SELECT customer_id, COUNT(*) AS order_count, MIN(ordered_at) AS first_order, MAX(ordered_at) AS last_order FROM retail.customer_orders WHERE ordered_at >= DATE '2025-05-26' - INTERVAL '365 days' AND order_status = 'delivered' GROUP BY customer_id HAVING COUNT(*) >= 3 ORDER BY order_count DESC, last_order DESC LIMIT 300",320,0,2,0,True,True,False,1,1,4,4,0,0,0,0,0,4487.23,4487.98,300.0,32,21714.0,30.242,4,4,1,Limit,1,0,0,0,0,0,0,1,1,7060,0,0,0,150000.0,150000.0,17883136,3391488,1,0.002
retail_shipment_sla,"SELECT carrier, shipment_status, COUNT(*) AS shipments, AVG(delivered_at - shipped_at) AS avg_delivery_time FROM retail.shipments WHERE carrier = 'DHL' AND shipped_at IS NOT NULL AND (delivered_at IS NULL OR delivered_at - shipped_at > INTERVAL '24 hours') GROUP BY carrier, shipment_status ORDER BY shipments DESC",314,0,3,0,True,True,False,1,1,4,2,0,0,0,0,0,2309.67,2309.68,4.0,39,8216.0,15.3,3,3,1,Sort,1,0,0,0,0,0,0,1,1,2745,0,0,0,75000.0,75000.0,12288000,4759552,2,5.333333333333333e-05
retail_shipment_sla,"SELECT carrier, shipment_status, COUNT(*) AS shipments, AVG(delivered_at - shipped_at) AS avg_delivery_time FROM retail.shipments WHERE carrier = 'DHL' AND shipped_at IS NOT NULL AND (delivered_at IS NULL OR delivered_at - shipped_at > INTERVAL '24 hours') GROUP BY carrier, shipment_status ORDER BY shipments DESC",314,0,3,0,True,True,False,1,1,4,2,0,0,0,0,0,2309.67,2309.68,4.0,39,8216.0,14.637,3,3,1,Sort,1,0,0,0,0,0,0,1,1,2745,0,0,0,75000.0,75000.0,12288000,4759552,2,5.333333333333333e-05
retail_brand_performance,"SELECT p.brand, o.sales_channel, COUNT(DISTINCT o.order_id) AS orders, SUM(i.quantity) AS units, AVG(i.unit_price) AS avg_price FROM retail.products p JOIN retail.order_items i ON i.product_id = p.product_id JOIN retail.customer_orders o ON o.order_id = i.order_id WHERE p.brand = 'Brand 126' AND o.order_status <> 'cancelled' GROUP BY p.brand, o.sales_channel ORDER BY units DESC",380,2,2,0,True,True,False,3,3,5,3,2,0,0,0,0,10351.55,10351.56,4.0,64,254794.0,64.787,10,8,3,Sort,2,1,0,0,1,0,1,2,1,99544,0,0,0,765000.0,600000.0,90284032,32628736,4,6.666666666666667e-06
retail_brand_performance,"SELECT p.brand, o.sales_channel, COUNT(DISTINCT o.order_id) AS orders, SUM(i.quantity) AS units, AVG(i.unit_price) AS avg_price FROM retail.products p JOIN retail.order_items i ON i.product_id = p.product_id JOIN retail.customer_orders o ON o.order_id = i.order_id WHERE p.brand = 'Brand 126' AND o.order_status <> 'cancelled' GROUP BY p.brand, o.sales_channel ORDER BY units DESC",380,2,2,0,True,True,False,3,3,5,3,2,0,0,0,0,10351.55,10351.56,4.0,64,254794.0,60.596,10,8,3,Sort,2,1,0,0,1,0,1,2,1,99544,0,0,0,765000.0,600000.0,90284032,32628736,4,6.666666666666667e-06
retail_category_revenue,"SELECT c.category_name, COUNT(DISTINCT o.order_id) AS orders, SUM(i.quantity * i.unit_price) AS revenue FROM retail.categories c JOIN retail.products p ON p.category_id = c.category_id JOIN retail.order_items i ON i.product_id = p.product_id JOIN retail.customer_orders o ON o.order_id = i.order_id WHERE c.category_id = 30 AND o.ordered_at >= DATE '2023-07-26' - INTERVAL '180 days' GROUP BY c.category_name",408,3,2,0,True,False,False,4,4,3,2,3,0,0,0,0,12071.09,13330.85,1.0,51,272828.0,87.39,11,8,4,Aggregate,3,1,0,0,1,0,2,1,1,236836,0,0,0,765060.0,600000.0,90333184,32661504,6,1.6666666666666667e-06
retail_category_revenue,"SELECT c.category_name, COUNT(DISTINCT o.order_id) AS orders, SUM(i.quantity * i.unit_price) AS revenue FROM retail.categories c JOIN retail.products p ON p.category_id = c.category_id JOIN retail.order_items i ON i.product_id = p.product_id JOIN retail.customer_orders o ON o.order_id = i.order_id WHERE c.category_id = 30 AND o.ordered_at >= DATE '2023-07-26' - INTERVAL '180 days' GROUP BY c.category_name",408,3,2,0,True,False,False,4,4,3,2,3,0,0,0,0,12071.09,13330.85,1.0,51,272828.0,80.687,11,8,4,Aggregate,3,1,0,0,1,0,2,1,1,236836,0,0,0,765060.0,600000.0,90333184,32661504,6,1.6666666666666667e-06
retail_stale_pending_orders,"SELECT o.order_id, o.customer_id, o.ordered_at, o.total_amount FROM retail.customer_orders o LEFT JOIN retail.payments p ON p.order_id = o.order_id WHERE o.order_status = 'pending' AND o.ordered_at < DATE '2025-05-26' AND (p.payment_id IS NULL OR p.payment_status = 'failed') ORDER BY o.ordered_at LIMIT 250",307,1,3,0,False,True,False,2,2,4,0,0,1,0,0,0,6880.49,6909.24,250.0,30,120626.0,61.027,7,6,2,Limit,2,0,0,0,1,0,0,1,0,17907,0,0,0,300000.0,150000.0,32792576,6782976,2,0.0016666666666666668
retail_stale_pending_orders,"SELECT o.order_id, o.customer_id, o.ordered_at, o.total_amount FROM retail.customer_orders o LEFT JOIN retail.payments p ON p.order_id = o.order_id WHERE o.order_status = 'pending' AND o.ordered_at < DATE '2025-05-26' AND (p.payment_id IS NULL OR p.payment_status = 'failed') ORDER BY o.ordered_at LIMIT 250",307,1,3,0,False,True,False,2,2,4,0,0,1,0,0,0,6880.49,6909.24,250.0,30,120626.0,49.823,7,6,2,Limit,2,0,0,0,1,0,0,1,0,17907,0,0,0,300000.0,150000.0,32792576,6782976,2,0.0016666666666666668
retail_regional_sales,"SELECT a.city, COUNT(DISTINCT o.order_id) AS orders, SUM(o.total_amount) AS gross_sales FROM retail.addresses a JOIN retail.customer_orders o ON o.shipping_address_id = a.address_id WHERE a.region = 'Region 8' AND o.ordered_at >= DATE '2024-09-05' - INTERVAL '180 days' GROUP BY a.city ORDER BY gross_sales DESC",311,1,2,0,True,True,False,2,2,3,2,1,0,0,0,0,5971.65,5972.4,300.0,48,108018.0,53.749,7,6,2,Sort,2,0,0,0,1,0,0,2,1,13427,0,0,0,225000.0,150000.0,25903104,5087232,2,0.002
retail_regional_sales,"SELECT a.city, COUNT(DISTINCT o.order_id) AS orders, SUM(o.total_amount) AS gross_sales FROM retail.addresses a JOIN retail.customer_orders o ON o.shipping_address_id = a.address_id WHERE a.region = 'Region 8' AND o.ordered_at >= DATE '2024-09-05' - INTERVAL '180 days' GROUP BY a.city ORDER BY gross_sales DESC",311,1,2,0,True,True,False,2,2,3,2,1,0,0,0,0,5971.65,5972.4,300.0,48,108018.0,53.054,7,6,2,Sort,2,0,0,0,1,0,0,2,1,13427,0,0,0,225000.0,150000.0,25903104,5087232,2,0.002
retail_product_affinity,"SELECT second.product_id, p.product_name, COUNT(*) AS together_count FROM retail.order_items first JOIN retail.order_items second ON second.order_id = first.order_id AND second.product_id <> first.product_id JOIN retail.products p ON p.product_id = second.product_id WHERE first.product_id = 1992 GROUP BY second.product_id, p.product_name ORDER BY together_count DESC LIMIT 30",377,2,1,0,True,True,False,3,2,3,1,2,0,0,0,0,9510.84,9510.92,30.0,29,774.0,36.573,11,9,2,Limit,1,2,0,0,0,0,2,2,2,50593,33,0,0,615000.0,600000.0,72400896,29237248,3,5e-05
retail_product_affinity,"SELECT second.product_id, p.product_name, COUNT(*) AS together_count FROM retail.order_items first JOIN retail.order_items second ON second.order_id = first.order_id AND second.product_id <> first.product_id JOIN retail.products p ON p.product_id = second.product_id WHERE first.product_id = 1992 GROUP BY second.product_id, p.product_name ORDER BY together_count DESC LIMIT 30",377,2,1,0,True,True,False,3,2,3,1,2,0,0,0,0,9510.84,9510.92,30.0,29,774.0,33.836,11,9,2,Limit,1,2,0,0,0,0,2,2,2,50626,0,0,0,615000.0,600000.0,72400896,29237248,3,5e-05
retail_customer_lifetime_value,"SELECT c.customer_id, c.full_name, COUNT(o.order_id) AS orders, SUM(o.total_amount - o.discount_amount) AS lifetime_value, MAX(o.ordered_at) AS last_order FROM retail.customers c JOIN retail.customer_orders o ON o.customer_id = c.customer_id WHERE c.segment = 'consumer' AND o.order_status <> 'cancelled' GROUP BY c.customer_id HAVING COUNT(o.order_id) >= 4 ORDER BY lifetime_value DESC LIMIT 200",396,1,2,0,True,True,False,2,2,5,4,1,0,0,0,0,6458.92,6459.42,200.0,70,211083.0,98.222,7,6,2,Limit,2,0,0,0,1,0,0,1,1,8825,3894,36,105,200000.0,150000.0,28786688,8937472,3,0.0013333333333333333
retail_customer_lifetime_value,"SELECT c.customer_id, c.full_name, COUNT(o.order_id) AS orders, SUM(o.total_amount - o.discount_amount) AS lifetime_value, MAX(o.ordered_at) AS last_order FROM retail.customers c JOIN retail.customer_orders o ON o.customer_id = c.customer_id WHERE c.segment = 'consumer' AND o.order_status <> 'cancelled' GROUP BY c.customer_id HAVING COUNT(o.order_id) >= 4 ORDER BY lifetime_value DESC LIMIT 200",396,1,2,0,True,True,False,2,2,5,4,1,0,0,0,0,6458.92,6459.42,200.0,70,211083.0,92.488,7,6,2,Limit,2,0,0,0,1,0,0,1,1,10523,2196,36,105,200000.0,150000.0,28786688,8937472,3,0.0013333333333333333
retail_low_inventory,"SELECT w.warehouse_name, p.sku, p.product_name, i.quantity - i.reserved_quantity AS available FROM retail.inventory i JOIN retail.warehouses w ON w.warehouse_id = i.warehouse_id JOIN retail.products p ON p.product_id = i.product_id WHERE w.region = 'Region 18' AND i.quantity - i.reserved_quantity < 5 AND p.is_active ORDER BY available, p.sku LIMIT 300",353,2,3,0,False,True,False,3,3,4,0,2,0,0,0,0,3157.71,3158.46,300.0,42,64373.0,0.023,9,6,3,Limit,2,0,0,1,1,0,1,1,0,5,0,0,0,240015.0,225000.0,23756800,7987200,5,0.0013333333333333333
retail_low_inventory,"SELECT w.warehouse_name, p.sku, p.product_name, i.quantity - i.reserved_quantity AS available FROM retail.inventory i JOIN retail.warehouses w ON w.warehouse_id = i.warehouse_id JOIN retail.products p ON p.product_id = i.product_id WHERE w.region = 'Region 18' AND i.quantity - i.reserved_quantity < 5 AND p.is_active ORDER BY available, p.sku LIMIT 300",353,2,3,0,False,True,False,3,3,4,0,2,0,0,0,0,3157.71,3158.46,300.0,42,64373.0,0.027,9,6,3,Limit,2,0,0,1,1,0,1,1,0,5,0,0,0,240015.0,225000.0,23756800,7987200,5,0.0013333333333333333
retail_stock_by_region,"SELECT w.region, SUM(i.quantity) AS stock, SUM(i.reserved_quantity) AS reserved FROM retail.inventory i JOIN retail.warehouses w ON w.warehouse_id = i.warehouse_id JOIN retail.products p ON p.product_id = i.product_id WHERE p.category_id = 1 GROUP BY w.region ORDER BY stock DESC",279,2,1,0,True,True,False,3,3,3,2,2,0,0,0,0,4803.72,4803.76,15.0,25,137370.0,30.986,12,9,3,Sort,3,0,0,0,2,0,0,2,2,18139,0,0,0,240015.0,225000.0,23756800,7987200,5,6.666666666666667e-05
retail_stock_by_region,"SELECT w.region, SUM(i.quantity) AS stock, SUM(i.reserved_quantity) AS reserved FROM retail.inventory i JOIN retail.warehouses w ON w.warehouse_id = i.warehouse_id JOIN retail.products p ON p.product_id = i.product_id WHERE p.category_id = 1 GROUP BY w.region ORDER BY stock DESC",279,2,1,0,True,True,False,3,3,3,2,2,0,0,0,0,4803.72,4803.76,15.0,25,137370.0,32.567,12,9,3,Sort,3,0,0,0,2,0,0,2,2,18139,0,0,0,240015.0,225000.0,23756800,7987200,5,6.666666666666667e-05
retail_refund_report,"SELECT p.payment_method, COUNT(*) AS refunds, SUM(p.amount) AS refunded, AVG(o.total_amount) AS avg_order_value FROM retail.payments p JOIN retail.customer_orders o ON o.order_id = p.order_id WHERE p.payment_status = 'refunded' AND o.ordered_at >= DATE '2024-05-23' - INTERVAL '365 days' GROUP BY p.payment_method ORDER BY refunded DESC",336,1,2,0,True,True,False,2,2,4,3,1,0,0,0,0,7249.06,7249.07,4.0,79,140927.0,59.741,9,8,2,Sort,2,0,0,0,1,0,0,2,2,23693,0,0,0,300000.0,150000.0,32792576,6782976,2,2.6666666666666667e-05
retail_refund_report,"SELECT p.payment_method, COUNT(*) AS refunds, SUM(p.amount) AS refunded, AVG(o.total_amount) AS avg_order_value FROM retail.payments p JOIN retail.customer_orders o ON o.order_id = p.order_id WHERE p.payment_status = 'refunded' AND o.ordered_at >= DATE '2024-05-23' - INTERVAL '365 days' GROUP BY p.payment_method ORDER BY refunded DESC",336,1,2,0,True,True,False,2,2,4,3,1,0,0,0,0,7249.06,7249.07,4.0,79,140927.0,59.927,9,8,2,Sort,2,0,0,0,1,0,0,2,2,23693,0,0,0,300000.0,150000.0,32792576,6782976,2,2.6666666666666667e-05
retail_category_revenue,"SELECT c.category_name, COUNT(DISTINCT o.order_id) AS orders, SUM(i.quantity * i.unit_price) AS revenue FROM retail.categories c JOIN retail.products p ON p.category_id = c.category_id JOIN retail.order_items i ON i.product_id = p.product_id JOIN retail.customer_orders o ON o.order_id = i.order_id WHERE c.category_id = 25 AND o.ordered_at >= DATE '2025-01-31' - INTERVAL '180 days' GROUP BY c.category_name",408,3,2,0,True,False,False,4,4,3,2,3,0,0,0,0,11933.77,12537.99,1.0,51,263509.0,74.531,11,8,4,Aggregate,3,1,0,0,1,0,2,1,1,236836,0,0,0,765060.0,600000.0,90333184,32661504,6,1.6666666666666667e-06
retail_category_revenue,"SELECT c.category_name, COUNT(DISTINCT o.order_id) AS orders, SUM(i.quantity * i.unit_price) AS revenue FROM retail.categories c JOIN retail.products p ON p.category_id = c.category_id JOIN retail.order_items i ON i.product_id = p.product_id JOIN retail.customer_orders o ON o.order_id = i.order_id WHERE c.category_id = 25 AND o.ordered_at >= DATE '2025-01-31' - INTERVAL '180 days' GROUP BY c.category_name",408,3,2,0,True,False,False,4,4,3,2,3,0,0,0,0,11933.77,12537.99,1.0,51,263509.0,73.883,11,8,4,Aggregate,3,1,0,0,1,0,2,1,1,236836,0,0,0,765060.0,600000.0,90333184,32661504,6,1.6666666666666667e-06
retail_failed_payments,"SELECT p.payment_id, p.order_id, p.amount, o.customer_id, o.ordered_at FROM retail.payments p JOIN retail.customer_orders o ON o.order_id = p.order_id WHERE p.payment_status = 'failed' AND p.payment_method = 'bank_transfer' ORDER BY o.ordered_at DESC LIMIT 500",260,1,2,0,False,True,False,2,2,5,0,1,0,0,0,0,7064.96,7122.46,500.0,38,115210.0,68.971,7,6,2,Limit,2,0,0,0,1,0,0,1,0,17544,0,0,0,300000.0,150000.0,32792576,6782976,2,0.0033333333333333335
retail_failed_payments,"SELECT p.payment_id, p.order_id, p.amount, o.customer_id, o.ordered_at FROM retail.payments p JOIN retail.customer_orders o ON o.order_id = p.order_id WHERE p.payment_status = 'failed' AND p.payment_method = 'bank_transfer' ORDER BY o.ordered_at DESC LIMIT 500",260,1,2,0,False,True,False,2,2,5,0,1,0,0,0,0,7064.96,7122.46,500.0,38,115210.0,74.078,7,6,2,Limit,2,0,0,0,1,0,0,1,0,17544,0,0,0,300000.0,150000.0,32792576,6782976,2,0.0033333333333333335
retail_repeat_customers,"SELECT customer_id, COUNT(*) AS order_count, MIN(ordered_at) AS first_order, MAX(ordered_at) AS last_order FROM retail.customer_orders WHERE ordered_at >= DATE '2023-07-13' - INTERVAL '365 days' AND order_status = 'delivered' GROUP BY customer_id HAVING COUNT(*) >= 3 ORDER BY order_count DESC, last_order DESC LIMIT 300",320,0,2,0,True,True,False,1,1,4,4,0,0,0,0,0,4853.04,4853.79,300.0,32,39363.0,45.38,4,4,1,Limit,1,0,0,0,0,0,0,1,1,7060,0,0,0,150000.0,150000.0,17883136,3391488,1,0.002
retail_repeat_customers,"SELECT customer_id, COUNT(*) AS order_count, MIN(ordered_at) AS first_order, MAX(ordered_at) AS last_order FROM retail.customer_orders WHERE ordered_at >= DATE '2023-07-13' - INTERVAL '365 days' AND order_status = 'delivered' GROUP BY customer_id HAVING COUNT(*) >= 3 ORDER BY order_count DESC, last_order DESC LIMIT 300",320,0,2,0,True,True,False,1,1,4,4,0,0,0,0,0,4853.04,4853.79,300.0,32,39363.0,64.981,4,4,1,Limit,1,0,0,0,0,0,0,1,1,7060,0,0,0,150000.0,150000.0,17883136,3391488,1,0.002
retail_regional_sales,"SELECT a.city, COUNT(DISTINCT o.order_id) AS orders, SUM(o.total_amount) AS gross_sales FROM retail.addresses a JOIN retail.customer_orders o ON o.shipping_address_id = a.address_id WHERE a.region = 'Region 8' AND o.ordered_at >= DATE '2023-07-25' - INTERVAL '180 days' GROUP BY a.city ORDER BY gross_sales DESC",311,1,2,0,True,True,False,2,2,3,2,1,0,0,0,0,6345.98,6346.73,300.0,48,169744.0,67.428,7,6,2,Sort,2,0,0,0,1,0,0,2,1,8825,4602,0,0,225000.0,150000.0,25903104,5087232,2,0.002
retail_regional_sales,"SELECT a.city, COUNT(DISTINCT o.order_id) AS orders, SUM(o.total_amount) AS gross_sales FROM retail.addresses a JOIN retail.customer_orders o ON o.shipping_address_id = a.address_id WHERE a.region = 'Region 8' AND o.ordered_at >= DATE '2023-07-25' - INTERVAL '180 days' GROUP BY a.city ORDER BY gross_sales DESC",311,1,2,0,True,True,False,2,2,3,2,1,0,0,0,0,6345.98,6346.73,300.0,48,169744.0,67.483,7,6,2,Sort,2,0,0,0,1,0,0,2,1,13427,0,0,0,225000.0,150000.0,25903104,5087232,2,0.002
retail_inventory_imbalance,"SELECT product_id, MAX(quantity) - MIN(quantity) AS stock_spread, AVG(quantity) AS avg_stock, SUM(reserved_quantity) AS reserved FROM retail.inventory GROUP BY product_id HAVING MAX(quantity) - MIN(quantity) > 150 ORDER BY stock_spread DESC LIMIT 200",250,0,0,0,True,True,False,1,1,4,6,0,0,0,0,0,7207.14,7207.64,200.0,52,235170.0,109.24,4,4,1,Limit,1,0,0,0,0,0,0,1,1,6620,0,0,0,225000.0,225000.0,20701184,7110656,1,0.0008888888888888889
retail_inventory_imbalance,"SELECT product_id, MAX(quantity) - MIN(quantity) AS stock_spread, AVG(quantity) AS avg_stock, SUM(reserved_quantity) AS reserved FROM retail.inventory GROUP BY product_id HAVING MAX(quantity) - MIN(quantity) > 150 ORDER BY stock_spread DESC LIMIT 200",250,0,0,0,True,True,False,1,1,4,6,0,0,0,0,0,7207.14,7207.64,200.0,52,235170.0,101.994,4,4,1,Limit,1,0,0,0,0,0,0,1,1,6620,0,0,0,225000.0,225000.0,20701184,7110656,1,0.0008888888888888889
retail_basket_statistics,"SELECT o.sales_channel, COUNT(DISTINCT o.order_id) AS orders, AVG(b.units) AS avg_units, AVG(b.lines) AS avg_lines FROM retail.customer_orders o JOIN (SELECT order_id, SUM(quantity) AS units, COUNT(*) AS lines FROM retail.order_items GROUP BY order_id) b ON b.order_id = o.order_id WHERE o.sales_channel = 'mobile' AND o.order_status <> 'cancelled' GROUP BY o.sales_channel",373,1,2,1,True,False,False,2,2,7,5,1,0,0,0,0,0.84,57307.91,1.0,79,813482.0,358.357,5,4,2,Aggregate,0,2,0,0,0,1,0,0,2,2419599,692,0,0,750000.0,600000.0,87277568,31784960,2,1.6666666666666667e-06
retail_basket_statistics,"SELECT o.sales_channel, COUNT(DISTINCT o.order_id) AS orders, AVG(b.units) AS avg_units, AVG(b.lines) AS avg_lines FROM retail.customer_orders o JOIN (SELECT order_id, SUM(quantity) AS units, COUNT(*) AS lines FROM retail.order_items GROUP BY order_id) b ON b.order_id = o.order_id WHERE o.sales_channel = 'mobile' AND o.order_status <> 'cancelled' GROUP BY o.sales_channel",373,1,2,1,True,False,False,2,2,7,5,1,0,0,0,0,0.84,57307.91,1.0,79,813482.0,380.42,5,4,2,Aggregate,0,2,0,0,0,1,0,0,2,2420291,0,0,0,750000.0,600000.0,87277568,31784960,2,1.6666666666666667e-06
retail_customer_lifetime_value,"SELECT c.customer_id, c.full_name, COUNT(o.order_id) AS orders, SUM(o.total_amount - o.discount_amount) AS lifetime_value, MAX(o.ordered_at) AS last_order FROM retail.customers c JOIN retail.customer_orders o ON o.customer_id = c.customer_id WHERE c.segment = 'business' AND o.order_status <> 'cancelled' GROUP BY c.customer_id HAVING COUNT(o.order_id) >= 4 ORDER BY lifetime_value DESC LIMIT 200",396,1,2,0,True,True,False,2,2,5,4,1,0,0,0,0,6459.58,6460.08,200.0,70,211130.0,105.077,7,6,2,Limit,2,0,0,0,1,0,0,1,1,12719,0,36,105,200000.0,150000.0,28786688,8937472,3,0.0013333333333333333
retail_customer_lifetime_value,"SELECT c.customer_id, c.full_name, COUNT(o.order_id) AS orders, SUM(o.total_amount - o.discount_amount) AS lifetime_value, MAX(o.ordered_at) AS last_order FROM retail.customers c JOIN retail.customer_orders o ON o.customer_id = c.customer_id WHERE c.segment = 'business' AND o.order_status <> 'cancelled' GROUP BY c.customer_id HAVING COUNT(o.order_id) >= 4 ORDER BY lifetime_value DESC LIMIT 200",396,1,2,0,True,True,False,2,2,5,4,1,0,0,0,0,6459.58,6460.08,200.0,70,211130.0,97.574,7,6,2,Limit,2,0,0,0,1,0,0,1,1,12719,0,36,105,200000.0,150000.0,28786688,8937472,3,0.0013333333333333333
retail_product_affinity,"SELECT second.product_id, p.product_name, COUNT(*) AS together_count FROM retail.order_items first JOIN retail.order_items second ON second.order_id = first.order_id AND second.product_id <> first.product_id JOIN retail.products p ON p.product_id = second.product_id WHERE first.product_id = 1898 GROUP BY second.product_id, p.product_name ORDER BY together_count DESC LIMIT 30",377,2,1,0,True,True,False,3,2,3,1,2,0,0,0,0,9510.84,9510.92,30.0,29,774.0,34.228,11,9,2,Limit,1,2,0,0,0,0,2,2,2,50617,9,0,0,615000.0,600000.0,72400896,29237248,3,5e-05
retail_product_affinity,"SELECT second.product_id, p.product_name, COUNT(*) AS together_count FROM retail.order_items first JOIN retail.order_items second ON second.order_id = first.order_id AND second.product_id <> first.product_id JOIN retail.products p ON p.product_id = second.product_id WHERE first.product_id = 1898 GROUP BY second.product_id, p.product_name ORDER BY together_count DESC LIMIT 30",377,2,1,0,True,True,False,3,2,3,1,2,0,0,0,0,9510.84,9510.92,30.0,29,774.0,31.134,11,9,2,Limit,1,2,0,0,0,0,2,2,2,50626,0,0,0,615000.0,600000.0,72400896,29237248,3,5e-05
retail_stale_pending_orders,"SELECT o.order_id, o.customer_id, o.ordered_at, o.total_amount FROM retail.customer_orders o LEFT JOIN retail.payments p ON p.order_id = o.order_id WHERE o.order_status = 'pending' AND o.ordered_at < DATE '2024-12-07' AND (p.payment_id IS NULL OR p.payment_status = 'failed') ORDER BY o.ordered_at LIMIT 250",307,1,3,0,False,True,False,2,2,4,0,0,1,0,0,0,6826.97,6855.72,250.0,30,114392.0,46.819,7,6,2,Limit,2,0,0,0,1,0,0,1,0,17907,0,0,0,300000.0,150000.0,32792576,6782976,2,0.0016666666666666668
retail_stale_pending_orders,"SELECT o.order_id, o.customer_id, o.ordered_at, o.total_amount FROM retail.customer_orders o LEFT JOIN retail.payments p ON p.order_id = o.order_id WHERE o.order_status = 'pending' AND o.ordered_at < DATE '2024-12-07' AND (p.payment_id IS NULL OR p.payment_status = 'failed') ORDER BY o.ordered_at LIMIT 250",307,1,3,0,False,True,False,2,2,4,0,0,1,0,0,0,6826.97,6855.72,250.0,30,114392.0,46.967,7,6,2,Limit,2,0,0,0,1,0,0,1,0,17907,0,0,0,300000.0,150000.0,32792576,6782976,2,0.0016666666666666668
retail_orders_by_status,"SELECT order_id, customer_id, ordered_at, total_amount FROM retail.customer_orders WHERE order_status = 'pending' AND ordered_at >= DATE '2023-09-11' AND ordered_at < DATE '2023-09-11' + INTERVAL '30 days' ORDER BY ordered_at DESC LIMIT 250",240,0,3,0,False,True,False,1,1,4,0,0,0,0,0,0,4326.01,4354.76,250.0,30,1426.0,21.246,4,4,1,Limit,1,0,0,0,0,0,0,1,0,7171,0,0,0,150000.0,150000.0,17883136,3391488,1,0.0016666666666666668
retail_orders_by_status,"SELECT order_id, customer_id, ordered_at, total_amount FROM retail.customer_orders WHERE order_status = 'pending' AND ordered_at >= DATE '2023-09-11' AND ordered_at < DATE '2023-09-11' + INTERVAL '30 days' ORDER BY ordered_at DESC LIMIT 250",240,0,3,0,False,True,False,1,1,4,0,0,0,0,0,0,4326.01,4354.76,250.0,30,1426.0,21.476,4,4,1,Limit,1,0,0,0,0,0,0,1,0,7171,0,0,0,150000.0,150000.0,17883136,3391488,1,0.0016666666666666668
retail_daily_channel_revenue,"SELECT ordered_at::date AS day, COUNT(*) AS orders, SUM(total_amount) AS revenue, AVG(discount_amount) AS avg_discount FROM retail.customer_orders WHERE sales_channel = 'web' AND ordered_at >= DATE '2023-04-01' - INTERVAL '90 days' AND ordered_at < DATE '2023-04-01' + INTERVAL '90 days' AND order_status <> 'cancelled' GROUP BY ordered_at::date ORDER BY day",358,0,4,0,True,True,False,1,1,4,3,0,0,0,0,0,5089.25,5241.17,5064.0,76,15192.0,34.3,3,3,1,Aggregate,1,0,0,0,0,0,0,1,1,5295,0,0,0,150000.0,150000.0,17883136,3391488,1,0.03376
retail_daily_channel_revenue,"SELECT ordered_at::date AS day, COUNT(*) AS orders, SUM(total_amount) AS revenue, AVG(discount_amount) AS avg_discount FROM retail.customer_orders WHERE sales_channel = 'web' AND ordered_at >= DATE '2023-04-01' - INTERVAL '90 days' AND ordered_at < DATE '2023-04-01' + INTERVAL '90 days' AND order_status <> 'cancelled' GROUP BY ordered_at::date ORDER BY day",358,0,4,0,True,True,False,1,1,4,3,0,0,0,0,0,5089.25,5241.17,5064.0,76,15192.0,33.295,3,3,1,Aggregate,1,0,0,0,0,0,0,1,1,5295,0,0,0,150000.0,150000.0,17883136,3391488,1,0.03376
retail_top_products,"SELECT p.product_id, p.product_name, SUM(i.quantity) AS units, SUM(i.quantity * i.unit_price) AS revenue FROM retail.customer_orders o JOIN retail.order_items i ON i.order_id = o.order_id JOIN retail.products p ON p.product_id = i.product_id WHERE o.ordered_at >= DATE '2024-04-03' - INTERVAL '120 days' AND o.order_status IN ('paid', 'processing', 'shipped', 'delivered') GROUP BY p.product_id ORDER BY revenue DESC LIMIT 50",425,2,2,0,True,True,False,3,3,4,2,2,0,0,0,0,19483.07,19483.2,50.0,61,666376.0,341.835,12,9,3,Limit,3,0,0,0,2,0,0,1,2,62137,0,12,84,765000.0,600000.0,90284032,32628736,4,8.333333333333333e-05
retail_top_products,"SELECT p.product_id, p.product_name, SUM(i.quantity) AS units, SUM(i.quantity * i.unit_price) AS revenue FROM retail.customer_orders o JOIN retail.order_items i ON i.order_id = o.order_id JOIN retail.products p ON p.product_id = i.product_id WHERE o.ordered_at >= DATE '2024-04-03' - INTERVAL '120 days' AND o.order_status IN ('paid', 'processing', 'shipped', 'delivered') GROUP BY p.product_id ORDER BY revenue DESC LIMIT 50",425,2,2,0,True,True,False,3,3,4,2,2,0,0,0,0,19483.07,19483.2,50.0,61,666376.0,328.897,12,9,3,Limit,3,0,0,0,2,0,0,1,2,62137,0,0,0,765000.0,600000.0,90284032,32628736,4,8.333333333333333e-05
retail_shipment_sla,"SELECT carrier, shipment_status, COUNT(*) AS shipments, AVG(delivered_at - shipped_at) AS avg_delivery_time FROM retail.shipments WHERE carrier = 'FedEx' AND shipped_at IS NOT NULL AND (delivered_at IS NULL OR delivered_at - shipped_at > INTERVAL '48 hours') GROUP BY carrier, shipment_status ORDER BY shipments DESC",316,0,3,0,True,True,False,1,1,4,2,0,0,0,0,0,2311.71,2311.72,4.0,39,8420.0,15.418,3,3,1,Sort,1,0,0,0,0,0,0,1,1,0,2745,0,0,75000.0,75000.0,12288000,4759552,2,5.333333333333333e-05
retail_shipment_sla,"SELECT carrier, shipment_status, COUNT(*) AS shipments, AVG(delivered_at - shipped_at) AS avg_delivery_time FROM retail.shipments WHERE carrier = 'FedEx' AND shipped_at IS NOT NULL AND (delivered_at IS NULL OR delivered_at - shipped_at > INTERVAL '48 hours') GROUP BY carrier, shipment_status ORDER BY shipments DESC",316,0,3,0,True,True,False,1,1,4,2,0,0,0,0,0,2311.71,2311.72,4.0,39,8420.0,13.77,3,3,1,Sort,1,0,0,0,0,0,0,1,1,2727,18,0,0,75000.0,75000.0,12288000,4759552,2,5.333333333333333e-05
retail_customer_history,"SELECT o.order_id, o.ordered_at, o.order_status, o.total_amount, COUNT(i.line_no) AS line_count, SUM(i.quantity) AS units FROM retail.customer_orders o JOIN retail.order_items i ON i.order_id = o.order_id WHERE o.customer_id = 34801 GROUP BY o.order_id ORDER BY o.ordered_at DESC",279,1,1,0,True,True,False,2,2,6,2,1,0,0,0,0,3700.81,3700.81,3.0,46,37.0,12.157,6,5,2,Sort,1,1,0,0,0,0,1,2,1,8930,0,0,0,750000.0,600000.0,87277568,31784960,2,5e-06
retail_customer_history,"SELECT o.order_id, o.ordered_at, o.order_status, o.total_amount, COUNT(i.line_no) AS line_count, SUM(i.quantity) AS units FROM retail.customer_orders o JOIN retail.order_items i ON i.order_id = o.order_id WHERE o.customer_id = 34801 GROUP BY o.order_id ORDER BY o.ordered_at DESC",279,1,1,0,True,True,False,2,2,6,2,1,0,0,0,0,3700.81,3700.81,3.0,46,37.0,12.378,6,5,2,Sort,1,1,0,0,0,0,1,2,1,8930,0,0,0,750000.0,600000.0,87277568,31784960,2,5e-06
retail_brand_performance,"SELECT p.brand, o.sales_channel, COUNT(DISTINCT o.order_id) AS orders, SUM(i.quantity) AS units, AVG(i.unit_price) AS avg_price FROM retail.products p JOIN retail.order_items i ON i.product_id = p.product_id JOIN retail.customer_orders o ON o.order_id = i.order_id WHERE p.brand = 'Brand 99' AND o.order_status <> 'cancelled' GROUP BY p.brand, o.sales_channel ORDER BY units DESC",379,2,2,0,True,True,False,3,3,5,3,2,0,0,0,0,10351.55,10351.56,4.0,64,254794.0,59.493,10,8,3,Sort,2,1,0,0,1,0,1,2,1,99544,0,0,0,765000.0,600000.0,90284032,32628736,4,6.666666666666667e-06
retail_brand_performance,"SELECT p.brand, o.sales_channel, COUNT(DISTINCT o.order_id) AS orders, SUM(i.quantity) AS units, AVG(i.unit_price) AS avg_price FROM retail.products p JOIN retail.order_items i ON i.product_id = p.product_id JOIN retail.customer_orders o ON o.order_id = i.order_id WHERE p.brand = 'Brand 99' AND o.order_status <> 'cancelled' GROUP BY p.brand, o.sales_channel ORDER BY units DESC",379,2,2,0,True,True,False,3,3,5,3,2,0,0,0,0,10351.55,10351.56,4.0,64,254794.0,62.857,10,8,3,Sort,2,1,0,0,1,0,1,2,1,99544,0,0,0,765000.0,600000.0,90284032,32628736,4,6.666666666666667e-06
retail_inventory_imbalance,"SELECT product_id, MAX(quantity) - MIN(quantity) AS stock_spread, AVG(quantity) AS avg_stock, SUM(reserved_quantity) AS reserved FROM retail.inventory GROUP BY product_id HAVING MAX(quantity) - MIN(quantity) > 200 ORDER BY stock_spread DESC LIMIT 200",250,0,0,0,True,True,False,1,1,4,6,0,0,0,0,0,7207.14,7207.64,200.0,52,235170.0,106.433,4,4,1,Limit,1,0,0,0,0,0,0,1,1,6620,0,0,0,225000.0,225000.0,20701184,7110656,1,0.0008888888888888889
retail_inventory_imbalance,"SELECT product_id, MAX(quantity) - MIN(quantity) AS stock_spread, AVG(quantity) AS avg_stock, SUM(reserved_quantity) AS reserved FROM retail.inventory GROUP BY product_id HAVING MAX(quantity) - MIN(quantity) > 200 ORDER BY stock_spread DESC LIMIT 200",250,0,0,0,True,True,False,1,1,4,6,0,0,0,0,0,7207.14,7207.64,200.0,52,235170.0,106.053,4,4,1,Limit,1,0,0,0,0,0,0,1,1,6620,0,0,0,225000.0,225000.0,20701184,7110656,1,0.0008888888888888889
retail_repeat_customers,"SELECT customer_id, COUNT(*) AS order_count, MIN(ordered_at) AS first_order, MAX(ordered_at) AS last_order FROM retail.customer_orders WHERE ordered_at >= DATE '2023-09-29' - INTERVAL '365 days' AND order_status = 'delivered' GROUP BY customer_id HAVING COUNT(*) >= 3 ORDER BY order_count DESC, last_order DESC LIMIT 300",320,0,2,0,True,True,False,1,1,4,4,0,0,0,0,0,4853.04,4853.79,300.0,32,39363.0,42.288,4,4,1,Limit,1,0,0,0,0,0,0,1,1,7060,0,0,0,150000.0,150000.0,17883136,3391488,1,0.002
retail_repeat_customers,"SELECT customer_id, COUNT(*) AS order_count, MIN(ordered_at) AS first_order, MAX(ordered_at) AS last_order FROM retail.customer_orders WHERE ordered_at >= DATE '2023-09-29' - INTERVAL '365 days' AND order_status = 'delivered' GROUP BY customer_id HAVING COUNT(*) >= 3 ORDER BY order_count DESC, last_order DESC LIMIT 300",320,0,2,0,True,True,False,1,1,4,4,0,0,0,0,0,4853.04,4853.79,300.0,32,39363.0,40.706,4,4,1,Limit,1,0,0,0,0,0,0,1,1,7060,0,0,0,150000.0,150000.0,17883136,3391488,1,0.002
retail_category_revenue,"SELECT c.category_name, COUNT(DISTINCT o.order_id) AS orders, SUM(i.quantity * i.unit_price) AS revenue FROM retail.categories c JOIN retail.products p ON p.category_id = c.category_id JOIN retail.order_items i ON i.product_id = p.product_id JOIN retail.customer_orders o ON o.order_id = i.order_id WHERE c.category_id = 14 AND o.ordered_at >= DATE '2024-03-09' - INTERVAL '180 days' GROUP BY c.category_name",408,3,2,0,True,False,False,4,4,3,2,3,0,0,0,0,12013.32,13003.41,1.0,51,268995.0,75.939,11,8,4,Aggregate,3,1,0,0,1,0,2,1,1,236836,0,0,0,765060.0,600000.0,90333184,32661504,6,1.6666666666666667e-06
retail_category_revenue,"SELECT c.category_name, COUNT(DISTINCT o.order_id) AS orders, SUM(i.quantity * i.unit_price) AS revenue FROM retail.categories c JOIN retail.products p ON p.category_id = c.category_id JOIN retail.order_items i ON i.product_id = p.product_id JOIN retail.customer_orders o ON o.order_id = i.order_id WHERE c.category_id = 14 AND o.ordered_at >= DATE '2024-03-09' - INTERVAL '180 days' GROUP BY c.category_name",408,3,2,0,True,False,False,4,4,3,2,3,0,0,0,0,12013.32,13003.41,1.0,51,268995.0,77.793,11,8,4,Aggregate,3,1,0,0,1,0,2,1,1,236836,0,0,0,765060.0,600000.0,90333184,32661504,6,1.6666666666666667e-06
retail_regional_sales,"SELECT a.city, COUNT(DISTINCT o.order_id) AS orders, SUM(o.total_amount) AS gross_sales FROM retail.addresses a JOIN retail.customer_orders o ON o.shipping_address_id = a.address_id WHERE a.region = 'Region 4' AND o.ordered_at >= DATE '2023-06-14' - INTERVAL '180 days' GROUP BY a.city ORDER BY gross_sales DESC",311,1,2,0,True,True,False,2,2,3,2,1,0,0,0,0,6362.36,6363.11,300.0,48,173203.0,61.171,7,6,2,Sort,2,0,0,0,1,0,0,2,1,13427,0,0,0,225000.0,150000.0,25903104,5087232,2,0.002
retail_regional_sales,"SELECT a.city, COUNT(DISTINCT o.order_id) AS orders, SUM(o.total_amount) AS gross_sales FROM retail.addresses a JOIN retail.customer_orders o ON o.shipping_address_id = a.address_id WHERE a.region = 'Region 4' AND o.ordered_at >= DATE '2023-06-14' - INTERVAL '180 days' GROUP BY a.city ORDER BY gross_sales DESC",311,1,2,0,True,True,False,2,2,3,2,1,0,0,0,0,6362.36,6363.11,300.0,48,173203.0,64.526,7,6,2,Sort,2,0,0,0,1,0,0,2,1,13427,0,0,0,225000.0,150000.0,25903104,5087232,2,0.002
retail_basket_statistics,"SELECT o.sales_channel, COUNT(DISTINCT o.order_id) AS orders, AVG(b.units) AS avg_units, AVG(b.lines) AS avg_lines FROM retail.customer_orders o JOIN (SELECT order_id, SUM(quantity) AS units, COUNT(*) AS lines FROM retail.order_items GROUP BY order_id) b ON b.order_id = o.order_id WHERE o.sales_channel = 'store' AND o.order_status <> 'cancelled' GROUP BY o.sales_channel",372,1,2,1,True,False,False,2,2,7,5,1,0,0,0,0,0.84,57294.29,1.0,79,812122.0,384.464,5,4,2,Aggregate,0,2,0,0,0,1,0,0,2,2412915,7392,0,0,750000.0,600000.0,87277568,31784960,2,1.6666666666666667e-06
retail_basket_statistics,"SELECT o.sales_channel, COUNT(DISTINCT o.order_id) AS orders, AVG(b.units) AS avg_units, AVG(b.lines) AS avg_lines FROM retail.customer_orders o JOIN (SELECT order_id, SUM(quantity) AS units, COUNT(*) AS lines FROM retail.order_items GROUP BY order_id) b ON b.order_id = o.order_id WHERE o.sales_channel = 'store' AND o.order_status <> 'cancelled' GROUP BY o.sales_channel",372,1,2,1,True,False,False,2,2,7,5,1,0,0,0,0,0.84,57294.29,1.0,79,812122.0,410.436,5,4,2,Aggregate,0,2,0,0,0,1,0,0,2,2420307,0,0,0,750000.0,600000.0,87277568,31784960,2,1.6666666666666667e-06
retail_shipment_sla,"SELECT carrier, shipment_status, COUNT(*) AS shipments, AVG(delivered_at - shipped_at) AS avg_delivery_time FROM retail.shipments WHERE carrier = 'FedEx' AND shipped_at IS NOT NULL AND (delivered_at IS NULL OR delivered_at - shipped_at > INTERVAL '24 hours') GROUP BY carrier, shipment_status ORDER BY shipments DESC",316,0,3,0,True,True,False,1,1,4,2,0,0,0,0,0,2311.71,2311.72,4.0,39,8420.0,17.555,3,3,1,Sort,1,0,0,0,0,0,0,1,1,2745,0,0,0,75000.0,75000.0,12288000,4759552,2,5.333333333333333e-05
retail_shipment_sla,"SELECT carrier, shipment_status, COUNT(*) AS shipments, AVG(delivered_at - shipped_at) AS avg_delivery_time FROM retail.shipments WHERE carrier = 'FedEx' AND shipped_at IS NOT NULL AND (delivered_at IS NULL OR delivered_at - shipped_at > INTERVAL '24 hours') GROUP BY carrier, shipment_status ORDER BY shipments DESC",316,0,3,0,True,True,False,1,1,4,2,0,0,0,0,0,2311.71,2311.72,4.0,39,8420.0,27.703,3,3,1,Sort,1,0,0,0,0,0,0,1,1,2745,0,0,0,75000.0,75000.0,12288000,4759552,2,5.333333333333333e-05
retail_refund_report,"SELECT p.payment_method, COUNT(*) AS refunds, SUM(p.amount) AS refunded, AVG(o.total_amount) AS avg_order_value FROM retail.payments p JOIN retail.customer_orders o ON o.order_id = p.order_id WHERE p.payment_status = 'refunded' AND o.ordered_at >= DATE '2023-11-09' - INTERVAL '365 days' GROUP BY p.payment_method ORDER BY refunded DESC",336,1,2,0,True,True,False,2,2,4,3,1,0,0,0,0,7336.76,7336.77,4.0,79,155081.0,140.453,9,8,2,Sort,2,0,0,0,1,0,0,2,2,23693,0,0,0,300000.0,150000.0,32792576,6782976,2,2.6666666666666667e-05
retail_refund_report,"SELECT p.payment_method, COUNT(*) AS refunds, SUM(p.amount) AS refunded, AVG(o.total_amount) AS avg_order_value FROM retail.payments p JOIN retail.customer_orders o ON o.order_id = p.order_id WHERE p.payment_status = 'refunded' AND o.ordered_at >= DATE '2023-11-09' - INTERVAL '365 days' GROUP BY p.payment_method ORDER BY refunded DESC",336,1,2,0,True,True,False,2,2,4,3,1,0,0,0,0,7336.76,7336.77,4.0,79,155081.0,88.768,9,8,2,Sort,2,0,0,0,1,0,0,2,2,23693,0,0,0,300000.0,150000.0,32792576,6782976,2,2.6666666666666667e-05
retail_stale_pending_orders,"SELECT o.order_id, o.customer_id, o.ordered_at, o.total_amount FROM retail.customer_orders o LEFT JOIN retail.payments p ON p.order_id = o.order_id WHERE o.order_status = 'pending' AND o.ordered_at < DATE '2025-01-31' AND (p.payment_id IS NULL OR p.payment_status = 'failed') ORDER BY o.ordered_at LIMIT 250",307,1,3,0,False,True,False,2,2,4,0,0,1,0,0,0,6844.35,6873.1,250.0,30,116417.0,48.337,7,6,2,Limit,2,0,0,0,1,0,0,1,0,17907,0,0,0,300000.0,150000.0,32792576,6782976,2,0.0016666666666666668
retail_stale_pending_orders,"SELECT o.order_id, o.customer_id, o.ordered_at, o.total_amount FROM retail.customer_orders o LEFT JOIN retail.payments p ON p.order_id = o.order_id WHERE o.order_status = 'pending' AND o.ordered_at < DATE '2025-01-31' AND (p.payment_id IS NULL OR p.payment_status = 'failed') ORDER BY o.ordered_at LIMIT 250",307,1,3,0,False,True,False,2,2,4,0,0,1,0,0,0,6844.35,6873.1,250.0,30,116417.0,47.972,7,6,2,Limit,2,0,0,0,1,0,0,1,0,17907,0,0,0,300000.0,150000.0,32792576,6782976,2,0.0016666666666666668
retail_low_inventory,"SELECT w.warehouse_name, p.sku, p.product_name, i.quantity - i.reserved_quantity AS available FROM retail.inventory i JOIN retail.warehouses w ON w.warehouse_id = i.warehouse_id JOIN retail.products p ON p.product_id = i.product_id WHERE w.region = 'Region 14' AND i.quantity - i.reserved_quantity < 10 AND p.is_active ORDER BY available, p.sku LIMIT 300",354,2,3,0,False,True,False,3,3,4,0,2,0,0,0,0,3157.71,3158.46,300.0,42,64373.0,10.292,9,6,3,Limit,2,0,0,1,1,0,1,1,0,1860,360,0,0,240015.0,225000.0,23756800,7987200,5,0.0013333333333333333
retail_low_inventory,"SELECT w.warehouse_name, p.sku, p.product_name, i.quantity - i.reserved_quantity AS available FROM retail.inventory i JOIN retail.warehouses w ON w.warehouse_id = i.warehouse_id JOIN retail.products p ON p.product_id = i.product_id WHERE w.region = 'Region 14' AND i.quantity - i.reserved_quantity < 10 AND p.is_active ORDER BY available, p.sku LIMIT 300",354,2,3,0,False,True,False,3,3,4,0,2,0,0,0,0,3157.71,3158.46,300.0,42,64373.0,9.959,9,6,3,Limit,2,0,0,1,1,0,1,1,0,2220,0,0,0,240015.0,225000.0,23756800,7987200,5,0.0013333333333333333
retail_top_products,"SELECT p.product_id, p.product_name, SUM(i.quantity) AS units, SUM(i.quantity * i.unit_price) AS revenue FROM retail.customer_orders o JOIN retail.order_items i ON i.order_id = o.order_id JOIN retail.products p ON p.product_id = i.product_id WHERE o.ordered_at >= DATE '2024-04-12' - INTERVAL '120 days' AND o.order_status IN ('paid', 'processing', 'shipped', 'delivered') GROUP BY p.product_id ORDER BY revenue DESC LIMIT 25",425,2,2,0,True,True,False,3,3,4,2,2,0,0,0,0,19378.96,19379.03,25.0,61,662319.0,347.141,12,9,3,Limit,3,0,0,0,2,0,0,1,2,62137,0,12,81,765000.0,600000.0,90284032,32628736,4,4.1666666666666665e-05
retail_top_products,"SELECT p.product_id, p.product_name, SUM(i.quantity) AS units, SUM(i.quantity * i.unit_price) AS revenue FROM retail.customer_orders o JOIN retail.order_items i ON i.order_id = o.order_id JOIN retail.products p ON p.product_id = i.product_id WHERE o.ordered_at >= DATE '2024-04-12' - INTERVAL '120 days' AND o.order_status IN ('paid', 'processing', 'shipped', 'delivered') GROUP BY p.product_id ORDER BY revenue DESC LIMIT 25",425,2,2,0,True,True,False,3,3,4,2,2,0,0,0,0,19378.96,19379.03,25.0,61,662319.0,324.279,12,9,3,Limit,3,0,0,0,2,0,0,1,2,62137,0,0,0,765000.0,600000.0,90284032,32628736,4,4.1666666666666665e-05
retail_product_affinity,"SELECT second.product_id, p.product_name, COUNT(*) AS together_count FROM retail.order_items first JOIN retail.order_items second ON second.order_id = first.order_id AND second.product_id <> first.product_id JOIN retail.products p ON p.product_id = second.product_id WHERE first.product_id = 11019 GROUP BY second.product_id, p.product_name ORDER BY together_count DESC LIMIT 30",378,2,1,0,True,True,False,3,2,3,1,2,0,0,0,0,9510.84,9510.92,30.0,29,774.0,32.503,11,9,2,Limit,1,2,0,0,0,0,2,2,2,50592,34,0,0,615000.0,600000.0,72400896,29237248,3,5e-05
retail_product_affinity,"SELECT second.product_id, p.product_name, COUNT(*) AS together_count FROM retail.order_items first JOIN retail.order_items second ON second.order_id = first.order_id AND second.product_id <> first.product_id JOIN retail.products p ON p.product_id = second.product_id WHERE first.product_id = 11019 GROUP BY second.product_id, p.product_name ORDER BY together_count DESC LIMIT 30",378,2,1,0,True,True,False,3,2,3,1,2,0,0,0,0,9510.84,9510.92,30.0,29,774.0,31.942,11,9,2,Limit,1,2,0,0,0,0,2,2,2,50626,0,0,0,615000.0,600000.0,72400896,29237248,3,5e-05
retail_customer_lifetime_value,"SELECT c.customer_id, c.full_name, COUNT(o.order_id) AS orders, SUM(o.total_amount - o.discount_amount) AS lifetime_value, MAX(o.ordered_at) AS last_order FROM retail.customers c JOIN retail.customer_orders o ON o.customer_id = c.customer_id WHERE c.segment = 'business' AND o.order_status <> 'cancelled' GROUP BY c.customer_id HAVING COUNT(o.order_id) >= 4 ORDER BY lifetime_value DESC LIMIT 200",396,1,2,0,True,True,False,2,2,5,4,1,0,0,0,0,6459.58,6460.08,200.0,70,211130.0,99.57,7,6,2,Limit,2,0,0,0,1,0,0,1,1,8825,3894,36,105,200000.0,150000.0,28786688,8937472,3,0.0013333333333333333
retail_customer_lifetime_value,"SELECT c.customer_id, c.full_name, COUNT(o.order_id) AS orders, SUM(o.total_amount - o.discount_amount) AS lifetime_value, MAX(o.ordered_at) AS last_order FROM retail.customers c JOIN retail.customer_orders o ON o.customer_id = c.customer_id WHERE c.segment = 'business' AND o.order_status <> 'cancelled' GROUP BY c.customer_id HAVING COUNT(o.order_id) >= 4 ORDER BY lifetime_value DESC LIMIT 200",396,1,2,0,True,True,False,2,2,5,4,1,0,0,0,0,6459.58,6460.08,200.0,70,211130.0,93.357,7,6,2,Limit,2,0,0,0,1,0,0,1,1,12719,0,36,105,200000.0,150000.0,28786688,8937472,3,0.0013333333333333333
retail_daily_channel_revenue,"SELECT ordered_at::date AS day, COUNT(*) AS orders, SUM(total_amount) AS revenue, AVG(discount_amount) AS avg_discount FROM retail.customer_orders WHERE sales_channel = 'marketplace' AND ordered_at >= DATE '2023-11-14' - INTERVAL '90 days' AND ordered_at < DATE '2023-11-14' + INTERVAL '90 days' AND order_status <> 'cancelled' GROUP BY ordered_at::date ORDER BY day",366,0,4,0,True,True,False,1,1,4,3,0,0,0,0,0,5098.24,5253.94,5190.0,76,15570.0,29.652,3,3,1,Aggregate,1,0,0,0,0,0,0,1,1,5295,0,0,0,150000.0,150000.0,17883136,3391488,1,0.0346
retail_daily_channel_revenue,"SELECT ordered_at::date AS day, COUNT(*) AS orders, SUM(total_amount) AS revenue, AVG(discount_amount) AS avg_discount FROM retail.customer_orders WHERE sales_channel = 'marketplace' AND ordered_at >= DATE '2023-11-14' - INTERVAL '90 days' AND ordered_at < DATE '2023-11-14' + INTERVAL '90 days' AND order_status <> 'cancelled' GROUP BY ordered_at::date ORDER BY day",366,0,4,0,True,True,False,1,1,4,3,0,0,0,0,0,5098.24,5253.94,5190.0,76,15570.0,30.259,3,3,1,Aggregate,1,0,0,0,0,0,0,1,1,5295,0,0,0,150000.0,150000.0,17883136,3391488,1,0.0346
retail_stock_by_region,"SELECT w.region, SUM(i.quantity) AS stock, SUM(i.reserved_quantity) AS reserved FROM retail.inventory i JOIN retail.warehouses w ON w.warehouse_id = i.warehouse_id JOIN retail.products p ON p.product_id = i.product_id WHERE p.category_id = 20 GROUP BY w.region ORDER BY stock DESC",280,2,1,0,True,True,False,3,3,3,2,2,0,0,0,0,4803.72,4803.76,15.0,25,137370.0,32.169,12,9,3,Sort,3,0,0,0,2,0,0,2,2,18133,6,0,0,240015.0,225000.0,23756800,7987200,5,6.666666666666667e-05
retail_stock_by_region,"SELECT w.region, SUM(i.quantity) AS stock, SUM(i.reserved_quantity) AS reserved FROM retail.inventory i JOIN retail.warehouses w ON w.warehouse_id = i.warehouse_id JOIN retail.products p ON p.product_id = i.product_id WHERE p.category_id = 20 GROUP BY w.region ORDER BY stock DESC",280,2,1,0,True,True,False,3,3,3,2,2,0,0,0,0,4803.72,4803.76,15.0,25,137370.0,32.453,12,9,3,Sort,3,0,0,0,2,0,0,2,2,18139,0,0,0,240015.0,225000.0,23756800,7987200,5,6.666666666666667e-05
retail_customer_history,"SELECT o.order_id, o.ordered_at, o.order_status, o.total_amount, COUNT(i.line_no) AS line_count, SUM(i.quantity) AS units FROM retail.customer_orders o JOIN retail.order_items i ON i.order_id = o.order_id WHERE o.customer_id = 27019 GROUP BY o.order_id ORDER BY o.ordered_at DESC",279,1,1,0,True,True,False,2,2,6,2,1,0,0,0,0,3700.81,3700.81,3.0,46,37.0,12.596,6,5,2,Sort,1,1,0,0,0,0,1,2,1,8930,0,0,0,750000.0,600000.0,87277568,31784960,2,5e-06
retail_customer_history,"SELECT o.order_id, o.ordered_at, o.order_status, o.total_amount, COUNT(i.line_no) AS line_count, SUM(i.quantity) AS units FROM retail.customer_orders o JOIN retail.order_items i ON i.order_id = o.order_id WHERE o.customer_id = 27019 GROUP BY o.order_id ORDER BY o.ordered_at DESC",279,1,1,0,True,True,False,2,2,6,2,1,0,0,0,0,3700.81,3700.81,3.0,46,37.0,12.154,6,5,2,Sort,1,1,0,0,0,0,1,2,1,8930,0,0,0,750000.0,600000.0,87277568,31784960,2,5e-06
retail_brand_performance,"SELECT p.brand, o.sales_channel, COUNT(DISTINCT o.order_id) AS orders, SUM(i.quantity) AS units, AVG(i.unit_price) AS avg_price FROM retail.products p JOIN retail.order_items i ON i.product_id = p.product_id JOIN retail.customer_orders o ON o.order_id = i.order_id WHERE p.brand = 'Brand 123' AND o.order_status <> 'cancelled' GROUP BY p.brand, o.sales_channel ORDER BY units DESC",380,2,2,0,True,True,False,3,3,5,3,2,0,0,0,0,10351.55,10351.56,4.0,64,254794.0,63.977,10,8,3,Sort,2,1,0,0,1,0,1,2,1,99544,0,0,0,765000.0,600000.0,90284032,32628736,4,6.666666666666667e-06
retail_brand_performance,"SELECT p.brand, o.sales_channel, COUNT(DISTINCT o.order_id) AS orders, SUM(i.quantity) AS units, AVG(i.unit_price) AS avg_price FROM retail.products p JOIN retail.order_items i ON i.product_id = p.product_id JOIN retail.customer_orders o ON o.order_id = i.order_id WHERE p.brand = 'Brand 123' AND o.order_status <> 'cancelled' GROUP BY p.brand, o.sales_channel ORDER BY units DESC",380,2,2,0,True,True,False,3,3,5,3,2,0,0,0,0,10351.55,10351.56,4.0,64,254794.0,77.194,10,8,3,Sort,2,1,0,0,1,0,1,2,1,99544,0,0,0,765000.0,600000.0,90284032,32628736,4,6.666666666666667e-06
retail_failed_payments,"SELECT p.payment_id, p.order_id, p.amount, o.customer_id, o.ordered_at FROM retail.payments p JOIN retail.customer_orders o ON o.order_id = p.order_id WHERE p.payment_status = 'failed' AND p.payment_method = 'bank_transfer' ORDER BY o.ordered_at DESC LIMIT 500",260,1,2,0,False,True,False,2,2,5,0,1,0,0,0,0,7064.96,7122.46,500.0,38,115210.0,55.498,7,6,2,Limit,2,0,0,0,1,0,0,1,0,17544,0,0,0,300000.0,150000.0,32792576,6782976,2,0.0033333333333333335
retail_failed_payments,"SELECT p.payment_id, p.order_id, p.amount, o.customer_id, o.ordered_at FROM retail.payments p JOIN retail.customer_orders o ON o.order_id = p.order_id WHERE p.payment_status = 'failed' AND p.payment_method = 'bank_transfer' ORDER BY o.ordered_at DESC LIMIT 500",260,1,2,0,False,True,False,2,2,5,0,1,0,0,0,0,7064.96,7122.46,500.0,38,115210.0,53.75,7,6,2,Limit,2,0,0,0,1,0,0,1,0,17544,0,0,0,300000.0,150000.0,32792576,6782976,2,0.0033333333333333335
retail_orders_by_status,"SELECT order_id, customer_id, ordered_at, total_amount FROM retail.customer_orders WHERE order_status = 'delivered' AND ordered_at >= DATE '2025-04-25' AND ordered_at < DATE '2025-04-25' + INTERVAL '30 days' ORDER BY ordered_at DESC LIMIT 250",242,0,3,0,False,True,False,1,1,4,0,0,0,0,0,0,4326.21,4354.96,250.0,30,1438.0,19.11,4,4,1,Limit,1,0,0,0,0,0,0,1,0,7171,0,0,0,150000.0,150000.0,17883136,3391488,1,0.0016666666666666668
retail_orders_by_status,"SELECT order_id, customer_id, ordered_at, total_amount FROM retail.customer_orders WHERE order_status = 'delivered' AND ordered_at >= DATE '2025-04-25' AND ordered_at < DATE '2025-04-25' + INTERVAL '30 days' ORDER BY ordered_at DESC LIMIT 250",242,0,3,0,False,True,False,1,1,4,0,0,0,0,0,0,4326.21,4354.96,250.0,30,1438.0,19.233,4,4,1,Limit,1,0,0,0,0,0,0,1,0,7171,0,0,0,150000.0,150000.0,17883136,3391488,1,0.0016666666666666668
retail_shipment_sla,"SELECT carrier, shipment_status, COUNT(*) AS shipments, AVG(delivered_at - shipped_at) AS avg_delivery_time FROM retail.shipments WHERE carrier = 'DPD' AND shipped_at IS NOT NULL AND (delivered_at IS NULL OR delivered_at - shipped_at > INTERVAL '72 hours') GROUP BY carrier, shipment_status ORDER BY shipments DESC",314,0,3,0,True,True,False,1,1,4,2,0,0,0,0,0,2395.55,2395.56,4.0,39,16804.0,17.297,3,3,1,Sort,1,0,0,0,0,0,0,1,1,2745,0,0,0,75000.0,75000.0,12288000,4759552,2,5.333333333333333e-05
retail_shipment_sla,"SELECT carrier, shipment_status, COUNT(*) AS shipments, AVG(delivered_at - shipped_at) AS avg_delivery_time FROM retail.shipments WHERE carrier = 'DPD' AND shipped_at IS NOT NULL AND (delivered_at IS NULL OR delivered_at - shipped_at > INTERVAL '72 hours') GROUP BY carrier, shipment_status ORDER BY shipments DESC",314,0,3,0,True,True,False,1,1,4,2,0,0,0,0,0,2395.55,2395.56,4.0,39,16804.0,17.319,3,3,1,Sort,1,0,0,0,0,0,0,1,1,2745,0,0,0,75000.0,75000.0,12288000,4759552,2,5.333333333333333e-05
retail_refund_report,"SELECT p.payment_method, COUNT(*) AS refunds, SUM(p.amount) AS refunded, AVG(o.total_amount) AS avg_order_value FROM retail.payments p JOIN retail.customer_orders o ON o.order_id = p.order_id WHERE p.payment_status = 'refunded' AND o.ordered_at >= DATE '2025-05-29' - INTERVAL '365 days' GROUP BY p.payment_method ORDER BY refunded DESC",336,1,2,0,True,True,False,2,2,4,3,1,0,0,0,0,7014.58,7014.59,4.0,79,103081.0,70.291,9,8,2,Sort,2,0,0,0,1,0,0,2,2,23693,0,0,0,300000.0,150000.0,32792576,6782976,2,2.6666666666666667e-05
retail_refund_report,"SELECT p.payment_method, COUNT(*) AS refunds, SUM(p.amount) AS refunded, AVG(o.total_amount) AS avg_order_value FROM retail.payments p JOIN retail.customer_orders o ON o.order_id = p.order_id WHERE p.payment_status = 'refunded' AND o.ordered_at >= DATE '2025-05-29' - INTERVAL '365 days' GROUP BY p.payment_method ORDER BY refunded DESC",336,1,2,0,True,True,False,2,2,4,3,1,0,0,0,0,7014.58,7014.59,4.0,79,103081.0,56.06,9,8,2,Sort,2,0,0,0,1,0,0,2,2,23693,0,0,0,300000.0,150000.0,32792576,6782976,2,2.6666666666666667e-05
retail_inventory_imbalance,"SELECT product_id, MAX(quantity) - MIN(quantity) AS stock_spread, AVG(quantity) AS avg_stock, SUM(reserved_quantity) AS reserved FROM retail.inventory GROUP BY product_id HAVING MAX(quantity) - MIN(quantity) > 100 ORDER BY stock_spread DESC LIMIT 200",250,0,0,0,True,True,False,1,1,4,6,0,0,0,0,0,7207.14,7207.64,200.0,52,235170.0,117.715,4,4,1,Limit,1,0,0,0,0,0,0,1,1,6620,0,0,0,225000.0,225000.0,20701184,7110656,1,0.0008888888888888889
retail_inventory_imbalance,"SELECT product_id, MAX(quantity) - MIN(quantity) AS stock_spread, AVG(quantity) AS avg_stock, SUM(reserved_quantity) AS reserved FROM retail.inventory GROUP BY product_id HAVING MAX(quantity) - MIN(quantity) > 100 ORDER BY stock_spread DESC LIMIT 200",250,0,0,0,True,True,False,1,1,4,6,0,0,0,0,0,7207.14,7207.64,200.0,52,235170.0,110.787,4,4,1,Limit,1,0,0,0,0,0,0,1,1,6620,0,0,0,225000.0,225000.0,20701184,7110656,1,0.0008888888888888889
retail_product_affinity,"SELECT second.product_id, p.product_name, COUNT(*) AS together_count FROM retail.order_items first JOIN retail.order_items second ON second.order_id = first.order_id AND second.product_id <> first.product_id JOIN retail.products p ON p.product_id = second.product_id WHERE first.product_id = 9479 GROUP BY second.product_id, p.product_name ORDER BY together_count DESC LIMIT 30",377,2,1,0,True,True,False,3,2,3,1,2,0,0,0,0,9510.84,9510.92,30.0,29,774.0,32.824,11,9,2,Limit,1,2,0,0,0,0,2,2,2,50583,43,0,0,615000.0,600000.0,72400896,29237248,3,5e-05
retail_product_affinity,"SELECT second.product_id, p.product_name, COUNT(*) AS together_count FROM retail.order_items first JOIN retail.order_items second ON second.order_id = first.order_id AND second.product_id <> first.product_id JOIN retail.products p ON p.product_id = second.product_id WHERE first.product_id = 9479 GROUP BY second.product_id, p.product_name ORDER BY together_count DESC LIMIT 30",377,2,1,0,True,True,False,3,2,3,1,2,0,0,0,0,9510.84,9510.92,30.0,29,774.0,47.742,11,9,2,Limit,1,2,0,0,0,0,2,2,2,50626,0,0,0,615000.0,600000.0,72400896,29237248,3,5e-05
retail_stale_pending_orders,"SELECT o.order_id, o.customer_id, o.ordered_at, o.total_amount FROM retail.customer_orders o LEFT JOIN retail.payments p ON p.order_id = o.order_id WHERE o.order_status = 'pending' AND o.ordered_at < DATE '2025-08-28' AND (p.payment_id IS NULL OR p.payment_status = 'failed') ORDER BY o.ordered_at LIMIT 250",307,1,3,0,False,True,False,2,2,4,0,0,1,0,0,0,6909.56,6938.31,250.0,30,124013.0,55.434,7,6,2,Limit,2,0,0,0,1,0,0,1,0,17907,0,0,0,300000.0,150000.0,32792576,6782976,2,0.0016666666666666668
retail_stale_pending_orders,"SELECT o.order_id, o.customer_id, o.ordered_at, o.total_amount FROM retail.customer_orders o LEFT JOIN retail.payments p ON p.order_id = o.order_id WHERE o.order_status = 'pending' AND o.ordered_at < DATE '2025-08-28' AND (p.payment_id IS NULL OR p.payment_status = 'failed') ORDER BY o.ordered_at LIMIT 250",307,1,3,0,False,True,False,2,2,4,0,0,1,0,0,0,6909.56,6938.31,250.0,30,124013.0,53.4,7,6,2,Limit,2,0,0,0,1,0,0,1,0,17907,0,0,0,300000.0,150000.0,32792576,6782976,2,0.0016666666666666668
retail_customer_lifetime_value,"SELECT c.customer_id, c.full_name, COUNT(o.order_id) AS orders, SUM(o.total_amount - o.discount_amount) AS lifetime_value, MAX(o.ordered_at) AS last_order FROM retail.customers c JOIN retail.customer_orders o ON o.customer_id = c.customer_id WHERE c.segment = 'consumer' AND o.order_status <> 'cancelled' GROUP BY c.customer_id HAVING COUNT(o.order_id) >= 2 ORDER BY lifetime_value DESC LIMIT 200",396,1,2,0,True,True,False,2,2,5,4,1,0,0,0,0,6458.92,6459.42,200.0,70,211083.0,104.676,7,6,2,Limit,2,0,0,0,1,0,0,1,1,12719,0,36,105,200000.0,150000.0,28786688,8937472,3,0.0013333333333333333
retail_customer_lifetime_value,"SELECT c.customer_id, c.full_name, COUNT(o.order_id) AS orders, SUM(o.total_amount - o.discount_amount) AS lifetime_value, MAX(o.ordered_at) AS last_order FROM retail.customers c JOIN retail.customer_orders o ON o.customer_id = c.customer_id WHERE c.segment = 'consumer' AND o.order_status <> 'cancelled' GROUP BY c.customer_id HAVING COUNT(o.order_id) >= 2 ORDER BY lifetime_value DESC LIMIT 200",396,1,2,0,True,True,False,2,2,5,4,1,0,0,0,0,6458.92,6459.42,200.0,70,211083.0,98.648,7,6,2,Limit,2,0,0,0,1,0,0,1,1,12719,0,36,105,200000.0,150000.0,28786688,8937472,3,0.0013333333333333333
retail_daily_channel_revenue,"SELECT ordered_at::date AS day, COUNT(*) AS orders, SUM(total_amount) AS revenue, AVG(discount_amount) AS avg_discount FROM retail.customer_orders WHERE sales_channel = 'web' AND ordered_at >= DATE '2024-08-29' - INTERVAL '90 days' AND ordered_at < DATE '2024-08-29' + INTERVAL '90 days' AND order_status <> 'cancelled' GROUP BY ordered_at::date ORDER BY day",358,0,4,0,True,True,False,1,1,4,3,0,0,0,0,0,5095.38,5249.88,5150.0,76,15450.0,29.704,3,3,1,Aggregate,1,0,0,0,0,0,0,1,1,5295,0,0,0,150000.0,150000.0,17883136,3391488,1,0.034333333333333334
retail_daily_channel_revenue,"SELECT ordered_at::date AS day, COUNT(*) AS orders, SUM(total_amount) AS revenue, AVG(discount_amount) AS avg_discount FROM retail.customer_orders WHERE sales_channel = 'web' AND ordered_at >= DATE '2024-08-29' - INTERVAL '90 days' AND ordered_at < DATE '2024-08-29' + INTERVAL '90 days' AND order_status <> 'cancelled' GROUP BY ordered_at::date ORDER BY day",358,0,4,0,True,True,False,1,1,4,3,0,0,0,0,0,5095.38,5249.88,5150.0,76,15450.0,30.809,3,3,1,Aggregate,1,0,0,0,0,0,0,1,1,5295,0,0,0,150000.0,150000.0,17883136,3391488,1,0.034333333333333334
retail_orders_by_status,"SELECT order_id, customer_id, ordered_at, total_amount FROM retail.customer_orders WHERE order_status = 'delivered' AND ordered_at >= DATE '2024-02-16' AND ordered_at < DATE '2024-02-16' + INTERVAL '30 days' ORDER BY ordered_at DESC LIMIT 250",242,0,3,0,False,True,False,1,1,4,0,0,0,0,0,0,4326.01,4354.76,250.0,30,1426.0,21.817,4,4,1,Limit,1,0,0,0,0,0,0,1,0,7171,0,0,0,150000.0,150000.0,17883136,3391488,1,0.0016666666666666668
retail_orders_by_status,"SELECT order_id, customer_id, ordered_at, total_amount FROM retail.customer_orders WHERE order_status = 'delivered' AND ordered_at >= DATE '2024-02-16' AND ordered_at < DATE '2024-02-16' + INTERVAL '30 days' ORDER BY ordered_at DESC LIMIT 250",242,0,3,0,False,True,False,1,1,4,0,0,0,0,0,0,4326.01,4354.76,250.0,30,1426.0,21.41,4,4,1,Limit,1,0,0,0,0,0,0,1,0,7171,0,0,0,150000.0,150000.0,17883136,3391488,1,0.0016666666666666668
retail_basket_statistics,"SELECT o.sales_channel, COUNT(DISTINCT o.order_id) AS orders, AVG(b.units) AS avg_units, AVG(b.lines) AS avg_lines FROM retail.customer_orders o JOIN (SELECT order_id, SUM(quantity) AS units, COUNT(*) AS lines FROM retail.order_items GROUP BY order_id) b ON b.order_id = o.order_id WHERE o.sales_channel = 'mobile' AND o.order_status <> 'cancelled' GROUP BY o.sales_channel",373,1,2,1,True,False,False,2,2,7,5,1,0,0,0,0,0.84,57307.91,1.0,79,813482.0,358.796,5,4,2,Aggregate,0,2,0,0,0,1,0,0,2,2419975,316,0,0,750000.0,600000.0,87277568,31784960,2,1.6666666666666667e-06
retail_basket_statistics,"SELECT o.sales_channel, COUNT(DISTINCT o.order_id) AS orders, AVG(b.units) AS avg_units, AVG(b.lines) AS avg_lines FROM retail.customer_orders o JOIN (SELECT order_id, SUM(quantity) AS units, COUNT(*) AS lines FROM retail.order_items GROUP BY order_id) b ON b.order_id = o.order_id WHERE o.sales_channel = 'mobile' AND o.order_status <> 'cancelled' GROUP BY o.sales_channel",373,1,2,1,True,False,False,2,2,7,5,1,0,0,0,0,0.84,57307.91,1.0,79,813482.0,398.828,5,4,2,Aggregate,0,2,0,0,0,1,0,0,2,2420291,0,0,0,750000.0,600000.0,87277568,31784960,2,1.6666666666666667e-06
retail_customer_history,"SELECT o.order_id, o.ordered_at, o.order_status, o.total_amount, COUNT(i.line_no) AS line_count, SUM(i.quantity) AS units FROM retail.customer_orders o JOIN retail.order_items i ON i.order_id = o.order_id WHERE o.customer_id = 31004 GROUP BY o.order_id ORDER BY o.ordered_at DESC",279,1,1,0,True,True,False,2,2,6,2,1,0,0,0,0,3700.81,3700.81,3.0,46,37.0,13.208,6,5,2,Sort,1,1,0,0,0,0,1,2,1,8930,0,0,0,750000.0,600000.0,87277568,31784960,2,5e-06
retail_customer_history,"SELECT o.order_id, o.ordered_at, o.order_status, o.total_amount, COUNT(i.line_no) AS line_count, SUM(i.quantity) AS units FROM retail.customer_orders o JOIN retail.order_items i ON i.order_id = o.order_id WHERE o.customer_id = 31004 GROUP BY o.order_id ORDER BY o.ordered_at DESC",279,1,1,0,True,True,False,2,2,6,2,1,0,0,0,0,3700.81,3700.81,3.0,46,37.0,13.313,6,5,2,Sort,1,1,0,0,0,0,1,2,1,8930,0,0,0,750000.0,600000.0,87277568,31784960,2,5e-06
retail_stock_by_region,"SELECT w.region, SUM(i.quantity) AS stock, SUM(i.reserved_quantity) AS reserved FROM retail.inventory i JOIN retail.warehouses w ON w.warehouse_id = i.warehouse_id JOIN retail.products p ON p.product_id = i.product_id WHERE p.category_id = 10 GROUP BY w.region ORDER BY stock DESC",280,2,1,0,True,True,False,3,3,3,2,2,0,0,0,0,4803.72,4803.76,15.0,25,137370.0,34.572,12,9,3,Sort,3,0,0,0,2,0,0,2,2,18139,0,0,0,240015.0,225000.0,23756800,7987200,5,6.666666666666667e-05
retail_stock_by_region,"SELECT w.region, SUM(i.quantity) AS stock, SUM(i.reserved_quantity) AS reserved FROM retail.inventory i JOIN retail.warehouses w ON w.warehouse_id = i.warehouse_id JOIN retail.products p ON p.product_id = i.product_id WHERE p.category_id = 10 GROUP BY w.region ORDER BY stock DESC",280,2,1,0,True,True,False,3,3,3,2,2,0,0,0,0,4803.72,4803.76,15.0,25,137370.0,34.031,12,9,3,Sort,3,0,0,0,2,0,0,2,2,18139,0,0,0,240015.0,225000.0,23756800,7987200,5,6.666666666666667e-05
retail_category_revenue,"SELECT c.category_name, COUNT(DISTINCT o.order_id) AS orders, SUM(i.quantity * i.unit_price) AS revenue FROM retail.categories c JOIN retail.products p ON p.category_id = c.category_id JOIN retail.order_items i ON i.product_id = p.product_id JOIN retail.customer_orders o ON o.order_id = i.order_id WHERE c.category_id = 38 AND o.ordered_at >= DATE '2025-05-29' - INTERVAL '180 days' GROUP BY c.category_name",408,3,2,0,True,False,False,4,4,3,2,3,0,0,0,0,12122.44,12212.55,1.0,51,266980.0,72.221,11,8,4,Aggregate,2,2,0,0,1,0,2,0,1,281820,4,0,0,765060.0,600000.0,90333184,32661504,6,1.6666666666666667e-06
retail_category_revenue,"SELECT c.category_name, COUNT(DISTINCT o.order_id) AS orders, SUM(i.quantity * i.unit_price) AS revenue FROM retail.categories c JOIN retail.products p ON p.category_id = c.category_id JOIN retail.order_items i ON i.product_id = p.product_id JOIN retail.customer_orders o ON o.order_id = i.order_id WHERE c.category_id = 38 AND o.ordered_at >= DATE '2025-05-29' - INTERVAL '180 days' GROUP BY c.category_name",408,3,2,0,True,False,False,4,4,3,2,3,0,0,0,0,12122.44,12212.55,1.0,51,266980.0,68.919,11,8,4,Aggregate,2,2,0,0,1,0,2,0,1,281824,0,0,0,765060.0,600000.0,90333184,32661504,6,1.6666666666666667e-06
retail_repeat_customers,"SELECT customer_id, COUNT(*) AS order_count, MIN(ordered_at) AS first_order, MAX(ordered_at) AS last_order FROM retail.customer_orders WHERE ordered_at >= DATE '2024-03-17' - INTERVAL '365 days' AND order_status = 'delivered' GROUP BY customer_id HAVING COUNT(*) >= 3 ORDER BY order_count DESC, last_order DESC LIMIT 300",320,0,2,0,True,True,False,1,1,4,4,0,0,0,0,0,4803.34,4804.09,300.0,32,36900.0,42.197,4,4,1,Limit,1,0,0,0,0,0,0,1,1,7060,0,0,0,150000.0,150000.0,17883136,3391488,1,0.002
retail_repeat_customers,"SELECT customer_id, COUNT(*) AS order_count, MIN(ordered_at) AS first_order, MAX(ordered_at) AS last_order FROM retail.customer_orders WHERE ordered_at >= DATE '2024-03-17' - INTERVAL '365 days' AND order_status = 'delivered' GROUP BY customer_id HAVING COUNT(*) >= 3 ORDER BY order_count DESC, last_order DESC LIMIT 300",320,0,2,0,True,True,False,1,1,4,4,0,0,0,0,0,4803.34,4804.09,300.0,32,36900.0,39.891,4,4,1,Limit,1,0,0,0,0,0,0,1,1,7060,0,0,0,150000.0,150000.0,17883136,3391488,1,0.002
retail_top_products,"SELECT p.product_id, p.product_name, SUM(i.quantity) AS units, SUM(i.quantity * i.unit_price) AS revenue FROM retail.customer_orders o JOIN retail.order_items i ON i.order_id = o.order_id JOIN retail.products p ON p.product_id = i.product_id WHERE o.ordered_at >= DATE '2025-09-08' - INTERVAL '120 days' AND o.order_status IN ('paid', 'processing', 'shipped', 'delivered') GROUP BY p.product_id ORDER BY revenue DESC LIMIT 25",425,2,2,0,True,True,False,3,3,4,2,2,0,0,0,0,17848.74,17848.8,25.0,61,450389.0,236.004,12,9,3,Limit,3,0,0,0,2,0,0,1,2,62137,0,6,27,765000.0,600000.0,90284032,32628736,4,4.1666666666666665e-05
retail_top_products,"SELECT p.product_id, p.product_name, SUM(i.quantity) AS units, SUM(i.quantity * i.unit_price) AS revenue FROM retail.customer_orders o JOIN retail.order_items i ON i.order_id = o.order_id JOIN retail.products p ON p.product_id = i.product_id WHERE o.ordered_at >= DATE '2025-09-08' - INTERVAL '120 days' AND o.order_status IN ('paid', 'processing', 'shipped', 'delivered') GROUP BY p.product_id ORDER BY revenue DESC LIMIT 25",425,2,2,0,True,True,False,3,3,4,2,2,0,0,0,0,17848.74,17848.8,25.0,61,450389.0,188.062,12,9,3,Limit,3,0,0,0,2,0,0,1,2,62137,0,0,0,765000.0,600000.0,90284032,32628736,4,4.1666666666666665e-05
retail_low_inventory,"SELECT w.warehouse_name, p.sku, p.product_name, i.quantity - i.reserved_quantity AS available FROM retail.inventory i JOIN retail.warehouses w ON w.warehouse_id = i.warehouse_id JOIN retail.products p ON p.product_id = i.product_id WHERE w.region = 'Region 18' AND i.quantity - i.reserved_quantity < 20 AND p.is_active ORDER BY available, p.sku LIMIT 300",354,2,3,0,False,True,False,3,3,4,0,2,0,0,0,0,3157.71,3158.46,300.0,42,64373.0,0.025,9,6,3,Limit,2,0,0,1,1,0,1,1,0,5,0,0,0,240015.0,225000.0,23756800,7987200,5,0.0013333333333333333
retail_low_inventory,"SELECT w.warehouse_name, p.sku, p.product_name, i.quantity - i.reserved_quantity AS available FROM retail.inventory i JOIN retail.warehouses w ON w.warehouse_id = i.warehouse_id JOIN retail.products p ON p.product_id = i.product_id WHERE w.region = 'Region 18' AND i.quantity - i.reserved_quantity < 20 AND p.is_active ORDER BY available, p.sku LIMIT 300",354,2,3,0,False,True,False,3,3,4,0,2,0,0,0,0,3157.71,3158.46,300.0,42,64373.0,0.028,9,6,3,Limit,2,0,0,1,1,0,1,1,0,5,0,0,0,240015.0,225000.0,23756800,7987200,5,0.0013333333333333333
retail_failed_payments,"SELECT p.payment_id, p.order_id, p.amount, o.customer_id, o.ordered_at FROM retail.payments p JOIN retail.customer_orders o ON o.order_id = p.order_id WHERE p.payment_status = 'failed' AND p.payment_method = 'wallet' ORDER BY o.ordered_at DESC LIMIT 500",253,1,2,0,False,True,False,2,2,5,0,1,0,0,0,0,7076.07,7133.57,500.0,38,116025.0,16.983,7,6,2,Limit,2,0,0,0,1,0,0,1,0,8719,0,0,0,300000.0,150000.0,32792576,6782976,2,0.0033333333333333335
retail_failed_payments,"SELECT p.payment_id, p.order_id, p.amount, o.customer_id, o.ordered_at FROM retail.payments p JOIN retail.customer_orders o ON o.order_id = p.order_id WHERE p.payment_status = 'failed' AND p.payment_method = 'wallet' ORDER BY o.ordered_at DESC LIMIT 500",253,1,2,0,False,True,False,2,2,5,0,1,0,0,0,0,7076.07,7133.57,500.0,38,116025.0,16.932,7,6,2,Limit,2,0,0,0,1,0,0,1,0,8719,0,0,0,300000.0,150000.0,32792576,6782976,2,0.0033333333333333335
retail_regional_sales,"SELECT a.city, COUNT(DISTINCT o.order_id) AS orders, SUM(o.total_amount) AS gross_sales FROM retail.addresses a JOIN retail.customer_orders o ON o.shipping_address_id = a.address_id WHERE a.region = 'Region 4' AND o.ordered_at >= DATE '2024-03-06' - INTERVAL '180 days' GROUP BY a.city ORDER BY gross_sales DESC",311,1,2,0,True,True,False,2,2,3,2,1,0,0,0,0,6132.49,6133.24,300.0,48,135340.0,55.105,7,6,2,Sort,2,0,0,0,1,0,0,2,1,8825,4602,0,0,225000.0,150000.0,25903104,5087232,2,0.002
retail_regional_sales,"SELECT a.city, COUNT(DISTINCT o.order_id) AS orders, SUM(o.total_amount) AS gross_sales FROM retail.addresses a JOIN retail.customer_orders o ON o.shipping_address_id = a.address_id WHERE a.region = 'Region 4' AND o.ordered_at >= DATE '2024-03-06' - INTERVAL '180 days' GROUP BY a.city ORDER BY gross_sales DESC",311,1,2,0,True,True,False,2,2,3,2,1,0,0,0,0,6132.49,6133.24,300.0,48,135340.0,52.777,7,6,2,Sort,2,0,0,0,1,0,0,2,1,9773,3654,0,0,225000.0,150000.0,25903104,5087232,2,0.002
retail_brand_performance,"SELECT p.brand, o.sales_channel, COUNT(DISTINCT o.order_id) AS orders, SUM(i.quantity) AS units, AVG(i.unit_price) AS avg_price FROM retail.products p JOIN retail.order_items i ON i.product_id = p.product_id JOIN retail.customer_orders o ON o.order_id = i.order_id WHERE p.brand = 'Brand 228' AND o.order_status <> 'cancelled' GROUP BY p.brand, o.sales_channel ORDER BY units DESC",380,2,2,0,True,True,False,3,3,5,3,2,0,0,0,0,10351.55,10351.56,4.0,64,254794.0,59.338,10,8,3,Sort,2,1,0,0,1,0,1,2,1,99544,0,0,0,765000.0,600000.0,90284032,32628736,4,6.666666666666667e-06
retail_brand_performance,"SELECT p.brand, o.sales_channel, COUNT(DISTINCT o.order_id) AS orders, SUM(i.quantity) AS units, AVG(i.unit_price) AS avg_price FROM retail.products p JOIN retail.order_items i ON i.product_id = p.product_id JOIN retail.customer_orders o ON o.order_id = i.order_id WHERE p.brand = 'Brand 228' AND o.order_status <> 'cancelled' GROUP BY p.brand, o.sales_channel ORDER BY units DESC",380,2,2,0,True,True,False,3,3,5,3,2,0,0,0,0,10351.55,10351.56,4.0,64,254794.0,60.192,10,8,3,Sort,2,1,0,0,1,0,1,2,1,99544,0,0,0,765000.0,600000.0,90284032,32628736,4,6.666666666666667e-06
retail_brand_performance,"SELECT p.brand, o.sales_channel, COUNT(DISTINCT o.order_id) AS orders, SUM(i.quantity) AS units, AVG(i.unit_price) AS avg_price FROM retail.products p JOIN retail.order_items i ON i.product_id = p.product_id JOIN retail.customer_orders o ON o.order_id = i.order_id WHERE p.brand = 'Brand 107' AND o.order_status <> 'cancelled' GROUP BY p.brand, o.sales_channel ORDER BY units DESC",380,2,2,0,True,True,False,3,3,5,3,2,0,0,0,0,10351.55,10351.56,4.0,64,254794.0,68.369,10,8,3,Sort,2,1,0,0,1,0,1,2,1,99544,0,0,0,765000.0,600000.0,90284032,32628736,4,6.666666666666667e-06
retail_brand_performance,"SELECT p.brand, o.sales_channel, COUNT(DISTINCT o.order_id) AS orders, SUM(i.quantity) AS units, AVG(i.unit_price) AS avg_price FROM retail.products p JOIN retail.order_items i ON i.product_id = p.product_id JOIN retail.customer_orders o ON o.order_id = i.order_id WHERE p.brand = 'Brand 107' AND o.order_status <> 'cancelled' GROUP BY p.brand, o.sales_channel ORDER BY units DESC",380,2,2,0,True,True,False,3,3,5,3,2,0,0,0,0,10351.55,10351.56,4.0,64,254794.0,61.905,10,8,3,Sort,2,1,0,0,1,0,1,2,1,99544,0,0,0,765000.0,600000.0,90284032,32628736,4,6.666666666666667e-06
retail_regional_sales,"SELECT a.city, COUNT(DISTINCT o.order_id) AS orders, SUM(o.total_amount) AS gross_sales FROM retail.addresses a JOIN retail.customer_orders o ON o.shipping_address_id = a.address_id WHERE a.region = 'Region 12' AND o.ordered_at >= DATE '2024-03-17' - INTERVAL '180 days' GROUP BY a.city ORDER BY gross_sales DESC",312,1,2,0,True,True,False,2,2,3,2,1,0,0,0,0,6122.49,6123.24,300.0,48,133651.0,58.85,7,6,2,Sort,2,0,0,0,1,0,0,2,1,13427,0,0,0,225000.0,150000.0,25903104,5087232,2,0.002
retail_regional_sales,"SELECT a.city, COUNT(DISTINCT o.order_id) AS orders, SUM(o.total_amount) AS gross_sales FROM retail.addresses a JOIN retail.customer_orders o ON o.shipping_address_id = a.address_id WHERE a.region = 'Region 12' AND o.ordered_at >= DATE '2024-03-17' - INTERVAL '180 days' GROUP BY a.city ORDER BY gross_sales DESC",312,1,2,0,True,True,False,2,2,3,2,1,0,0,0,0,6122.49,6123.24,300.0,48,133651.0,63.577,7,6,2,Sort,2,0,0,0,1,0,0,2,1,13427,0,0,0,225000.0,150000.0,25903104,5087232,2,0.002
retail_customer_history,"SELECT o.order_id, o.ordered_at, o.order_status, o.total_amount, COUNT(i.line_no) AS line_count, SUM(i.quantity) AS units FROM retail.customer_orders o JOIN retail.order_items i ON i.order_id = o.order_id WHERE o.customer_id = 24660 GROUP BY o.order_id ORDER BY o.ordered_at DESC",279,1,1,0,True,True,False,2,2,6,2,1,0,0,0,0,3700.81,3700.81,3.0,46,37.0,17.009,6,5,2,Sort,1,1,0,0,0,0,1,2,1,8930,0,0,0,750000.0,600000.0,87277568,31784960,2,5e-06
retail_customer_history,"SELECT o.order_id, o.ordered_at, o.order_status, o.total_amount, COUNT(i.line_no) AS line_count, SUM(i.quantity) AS units FROM retail.customer_orders o JOIN retail.order_items i ON i.order_id = o.order_id WHERE o.customer_id = 24660 GROUP BY o.order_id ORDER BY o.ordered_at DESC",279,1,1,0,True,True,False,2,2,6,2,1,0,0,0,0,3700.81,3700.81,3.0,46,37.0,13.472,6,5,2,Sort,1,1,0,0,0,0,1,2,1,8930,0,0,0,750000.0,600000.0,87277568,31784960,2,5e-06
retail_stale_pending_orders,"SELECT o.order_id, o.customer_id, o.ordered_at, o.total_amount FROM retail.customer_orders o LEFT JOIN retail.payments p ON p.order_id = o.order_id WHERE o.order_status = 'pending' AND o.ordered_at < DATE '2024-11-07' AND (p.payment_id IS NULL OR p.payment_status = 'failed') ORDER BY o.ordered_at LIMIT 250",307,1,3,0,False,True,False,2,2,4,0,0,1,0,0,0,6817.41,6846.16,250.0,30,113280.0,47.762,7,6,2,Limit,2,0,0,0,1,0,0,1,0,17907,0,0,0,300000.0,150000.0,32792576,6782976,2,0.0016666666666666668
retail_stale_pending_orders,"SELECT o.order_id, o.customer_id, o.ordered_at, o.total_amount FROM retail.customer_orders o LEFT JOIN retail.payments p ON p.order_id = o.order_id WHERE o.order_status = 'pending' AND o.ordered_at < DATE '2024-11-07' AND (p.payment_id IS NULL OR p.payment_status = 'failed') ORDER BY o.ordered_at LIMIT 250",307,1,3,0,False,True,False,2,2,4,0,0,1,0,0,0,6817.41,6846.16,250.0,30,113280.0,49.72,7,6,2,Limit,2,0,0,0,1,0,0,1,0,17907,0,0,0,300000.0,150000.0,32792576,6782976,2,0.0016666666666666668
retail_repeat_customers,"SELECT customer_id, COUNT(*) AS order_count, MIN(ordered_at) AS first_order, MAX(ordered_at) AS last_order FROM retail.customer_orders WHERE ordered_at >= DATE '2024-10-07' - INTERVAL '365 days' AND order_status = 'delivered' GROUP BY customer_id HAVING COUNT(*) >= 3 ORDER BY order_count DESC, last_order DESC LIMIT 300",320,0,2,0,True,True,False,1,1,4,4,0,0,0,0,0,4658.12,4658.87,300.0,32,29825.0,36.209,4,4,1,Limit,1,0,0,0,0,0,0,1,1,7060,0,0,0,150000.0,150000.0,17883136,3391488,1,0.002
retail_repeat_customers,"SELECT customer_id, COUNT(*) AS order_count, MIN(ordered_at) AS first_order, MAX(ordered_at) AS last_order FROM retail.customer_orders WHERE ordered_at >= DATE '2024-10-07' - INTERVAL '365 days' AND order_status = 'delivered' GROUP BY customer_id HAVING COUNT(*) >= 3 ORDER BY order_count DESC, last_order DESC LIMIT 300",320,0,2,0,True,True,False,1,1,4,4,0,0,0,0,0,4658.12,4658.87,300.0,32,29825.0,36.598,4,4,1,Limit,1,0,0,0,0,0,0,1,1,7060,0,0,0,150000.0,150000.0,17883136,3391488,1,0.002
retail_failed_payments,"SELECT p.payment_id, p.order_id, p.amount, o.customer_id, o.ordered_at FROM retail.payments p JOIN retail.customer_orders o ON o.order_id = p.order_id WHERE p.payment_status = 'failed' AND p.payment_method = 'bank_transfer' ORDER BY o.ordered_at DESC LIMIT 500",260,1,2,0,False,True,False,2,2,5,0,1,0,0,0,0,7064.96,7122.46,500.0,38,115210.0,54.724,7,6,2,Limit,2,0,0,0,1,0,0,1,0,17544,0,0,0,300000.0,150000.0,32792576,6782976,2,0.0033333333333333335
retail_failed_payments,"SELECT p.payment_id, p.order_id, p.amount, o.customer_id, o.ordered_at FROM retail.payments p JOIN retail.customer_orders o ON o.order_id = p.order_id WHERE p.payment_status = 'failed' AND p.payment_method = 'bank_transfer' ORDER BY o.ordered_at DESC LIMIT 500",260,1,2,0,False,True,False,2,2,5,0,1,0,0,0,0,7064.96,7122.46,500.0,38,115210.0,54.44,7,6,2,Limit,2,0,0,0,1,0,0,1,0,17544,0,0,0,300000.0,150000.0,32792576,6782976,2,0.0033333333333333335
retail_inventory_imbalance,"SELECT product_id, MAX(quantity) - MIN(quantity) AS stock_spread, AVG(quantity) AS avg_stock, SUM(reserved_quantity) AS reserved FROM retail.inventory GROUP BY product_id HAVING MAX(quantity) - MIN(quantity) > 200 ORDER BY stock_spread DESC LIMIT 200",250,0,0,0,True,True,False,1,1,4,6,0,0,0,0,0,7207.14,7207.64,200.0,52,235170.0,124.277,4,4,1,Limit,1,0,0,0,0,0,0,1,1,6620,0,0,0,225000.0,225000.0,20701184,7110656,1,0.0008888888888888889
retail_inventory_imbalance,"SELECT product_id, MAX(quantity) - MIN(quantity) AS stock_spread, AVG(quantity) AS avg_stock, SUM(reserved_quantity) AS reserved FROM retail.inventory GROUP BY product_id HAVING MAX(quantity) - MIN(quantity) > 200 ORDER BY stock_spread DESC LIMIT 200",250,0,0,0,True,True,False,1,1,4,6,0,0,0,0,0,7207.14,7207.64,200.0,52,235170.0,104.791,4,4,1,Limit,1,0,0,0,0,0,0,1,1,6620,0,0,0,225000.0,225000.0,20701184,7110656,1,0.0008888888888888889
retail_category_revenue,"SELECT c.category_name, COUNT(DISTINCT o.order_id) AS orders, SUM(i.quantity * i.unit_price) AS revenue FROM retail.categories c JOIN retail.products p ON p.category_id = c.category_id JOIN retail.order_items i ON i.product_id = p.product_id JOIN retail.customer_orders o ON o.order_id = i.order_id WHERE c.category_id = 56 AND o.ordered_at >= DATE '2023-03-03' - INTERVAL '180 days' GROUP BY c.category_name",408,3,2,0,True,False,False,4,4,3,2,3,0,0,0,0,12077.55,13367.1,1.0,51,273251.0,80.367,11,8,4,Aggregate,3,1,0,0,1,0,2,1,1,236836,0,0,0,765060.0,600000.0,90333184,32661504,6,1.6666666666666667e-06
retail_category_revenue,"SELECT c.category_name, COUNT(DISTINCT o.order_id) AS orders, SUM(i.quantity * i.unit_price) AS revenue FROM retail.categories c JOIN retail.products p ON p.category_id = c.category_id JOIN retail.order_items i ON i.product_id = p.product_id JOIN retail.customer_orders o ON o.order_id = i.order_id WHERE c.category_id = 56 AND o.ordered_at >= DATE '2023-03-03' - INTERVAL '180 days' GROUP BY c.category_name",408,3,2,0,True,False,False,4,4,3,2,3,0,0,0,0,12077.55,13367.1,1.0,51,273251.0,79.381,11,8,4,Aggregate,3,1,0,0,1,0,2,1,1,236836,0,0,0,765060.0,600000.0,90333184,32661504,6,1.6666666666666667e-06
retail_refund_report,"SELECT p.payment_method, COUNT(*) AS refunds, SUM(p.amount) AS refunded, AVG(o.total_amount) AS avg_order_value FROM retail.payments p JOIN retail.customer_orders o ON o.order_id = p.order_id WHERE p.payment_status = 'refunded' AND o.ordered_at >= DATE '2023-12-19' - INTERVAL '365 days' GROUP BY p.payment_method ORDER BY refunded DESC",336,1,2,0,True,True,False,2,2,4,3,1,0,0,0,0,7336.76,7336.77,4.0,79,155081.0,64.561,9,8,2,Sort,2,0,0,0,1,0,0,2,2,23693,0,0,0,300000.0,150000.0,32792576,6782976,2,2.6666666666666667e-05
retail_refund_report,"SELECT p.payment_method, COUNT(*) AS refunds, SUM(p.amount) AS refunded, AVG(o.total_amount) AS avg_order_value FROM retail.payments p JOIN retail.customer_orders o ON o.order_id = p.order_id WHERE p.payment_status = 'refunded' AND o.ordered_at >= DATE '2023-12-19' - INTERVAL '365 days' GROUP BY p.payment_method ORDER BY refunded DESC",336,1,2,0,True,True,False,2,2,4,3,1,0,0,0,0,7336.76,7336.77,4.0,79,155081.0,65.136,9,8,2,Sort,2,0,0,0,1,0,0,2,2,23693,0,0,0,300000.0,150000.0,32792576,6782976,2,2.6666666666666667e-05
retail_low_inventory,"SELECT w.warehouse_name, p.sku, p.product_name, i.quantity - i.reserved_quantity AS available FROM retail.inventory i JOIN retail.warehouses w ON w.warehouse_id = i.warehouse_id JOIN retail.products p ON p.product_id = i.product_id WHERE w.region = 'Region 6' AND i.quantity - i.reserved_quantity < 5 AND p.is_active ORDER BY available, p.sku LIMIT 300",352,2,3,0,False,True,False,3,3,4,0,2,0,0,0,0,3157.71,3158.46,300.0,42,64373.0,10.257,9,6,3,Limit,2,0,0,1,1,0,1,1,0,1855,360,0,0,240015.0,225000.0,23756800,7987200,5,0.0013333333333333333
retail_low_inventory,"SELECT w.warehouse_name, p.sku, p.product_name, i.quantity - i.reserved_quantity AS available FROM retail.inventory i JOIN retail.warehouses w ON w.warehouse_id = i.warehouse_id JOIN retail.products p ON p.product_id = i.product_id WHERE w.region = 'Region 6' AND i.quantity - i.reserved_quantity < 5 AND p.is_active ORDER BY available, p.sku LIMIT 300",352,2,3,0,False,True,False,3,3,4,0,2,0,0,0,0,3157.71,3158.46,300.0,42,64373.0,9.968,9,6,3,Limit,2,0,0,1,1,0,1,1,0,2215,0,0,0,240015.0,225000.0,23756800,7987200,5,0.0013333333333333333
retail_customer_lifetime_value,"SELECT c.customer_id, c.full_name, COUNT(o.order_id) AS orders, SUM(o.total_amount - o.discount_amount) AS lifetime_value, MAX(o.ordered_at) AS last_order FROM retail.customers c JOIN retail.customer_orders o ON o.customer_id = c.customer_id WHERE c.segment = 'business' AND o.order_status <> 'cancelled' GROUP BY c.customer_id HAVING COUNT(o.order_id) >= 2 ORDER BY lifetime_value DESC LIMIT 200",396,1,2,0,True,True,False,2,2,5,4,1,0,0,0,0,6459.58,6460.08,200.0,70,211130.0,100.812,7,6,2,Limit,2,0,0,0,1,0,0,1,1,12719,0,36,105,200000.0,150000.0,28786688,8937472,3,0.0013333333333333333
retail_customer_lifetime_value,"SELECT c.customer_id, c.full_name, COUNT(o.order_id) AS orders, SUM(o.total_amount - o.discount_amount) AS lifetime_value, MAX(o.ordered_at) AS last_order FROM retail.customers c JOIN retail.customer_orders o ON o.customer_id = c.customer_id WHERE c.segment = 'business' AND o.order_status <> 'cancelled' GROUP BY c.customer_id HAVING COUNT(o.order_id) >= 2 ORDER BY lifetime_value DESC LIMIT 200",396,1,2,0,True,True,False,2,2,5,4,1,0,0,0,0,6459.58,6460.08,200.0,70,211130.0,113.787,7,6,2,Limit,2,0,0,0,1,0,0,1,1,12719,0,36,105,200000.0,150000.0,28786688,8937472,3,0.0013333333333333333
retail_stock_by_region,"SELECT w.region, SUM(i.quantity) AS stock, SUM(i.reserved_quantity) AS reserved FROM retail.inventory i JOIN retail.warehouses w ON w.warehouse_id = i.warehouse_id JOIN retail.products p ON p.product_id = i.product_id WHERE p.category_id = 45 GROUP BY w.region ORDER BY stock DESC",280,2,1,0,True,True,False,3,3,3,2,2,0,0,0,0,4803.72,4803.76,15.0,25,137370.0,33.784,12,9,3,Sort,3,0,0,0,2,0,0,2,2,18139,0,0,0,240015.0,225000.0,23756800,7987200,5,6.666666666666667e-05
retail_stock_by_region,"SELECT w.region, SUM(i.quantity) AS stock, SUM(i.reserved_quantity) AS reserved FROM retail.inventory i JOIN retail.warehouses w ON w.warehouse_id = i.warehouse_id JOIN retail.products p ON p.product_id = i.product_id WHERE p.category_id = 45 GROUP BY w.region ORDER BY stock DESC",280,2,1,0,True,True,False,3,3,3,2,2,0,0,0,0,4803.72,4803.76,15.0,25,137370.0,32.105,12,9,3,Sort,3,0,0,0,2,0,0,2,2,18139,0,0,0,240015.0,225000.0,23756800,7987200,5,6.666666666666667e-05
retail_basket_statistics,"SELECT o.sales_channel, COUNT(DISTINCT o.order_id) AS orders, AVG(b.units) AS avg_units, AVG(b.lines) AS avg_lines FROM retail.customer_orders o JOIN (SELECT order_id, SUM(quantity) AS units, COUNT(*) AS lines FROM retail.order_items GROUP BY order_id) b ON b.order_id = o.order_id WHERE o.sales_channel = 'marketplace' AND o.order_status <> 'cancelled' GROUP BY o.sales_channel",378,1,2,1,True,False,False,2,2,7,5,1,0,0,0,0,0.84,57301.05,1.0,79,812797.0,359.29,5,4,2,Aggregate,0,2,0,0,0,1,0,0,2,2417771,2488,0,0,750000.0,600000.0,87277568,31784960,2,1.6666666666666667e-06
retail_basket_statistics,"SELECT o.sales_channel, COUNT(DISTINCT o.order_id) AS orders, AVG(b.units) AS avg_units, AVG(b.lines) AS avg_lines FROM retail.customer_orders o JOIN (SELECT order_id, SUM(quantity) AS units, COUNT(*) AS lines FROM retail.order_items GROUP BY order_id) b ON b.order_id = o.order_id WHERE o.sales_channel = 'marketplace' AND o.order_status <> 'cancelled' GROUP BY o.sales_channel",378,1,2,1,True,False,False,2,2,7,5,1,0,0,0,0,0.84,57301.05,1.0,79,812797.0,398.821,5,4,2,Aggregate,0,2,0,0,0,1,0,0,2,2420259,0,0,0,750000.0,600000.0,87277568,31784960,2,1.6666666666666667e-06
retail_orders_by_status,"SELECT order_id, customer_id, ordered_at, total_amount FROM retail.customer_orders WHERE order_status = 'paid' AND ordered_at >= DATE '2025-04-30' AND ordered_at < DATE '2025-04-30' + INTERVAL '30 days' ORDER BY ordered_at DESC LIMIT 250",237,0,3,0,False,True,False,1,1,4,0,0,0,0,0,0,4326.11,4354.86,250.0,30,1432.0,18.393,4,4,1,Limit,1,0,0,0,0,0,0,1,0,7171,0,0,0,150000.0,150000.0,17883136,3391488,1,0.0016666666666666668
retail_orders_by_status,"SELECT order_id, customer_id, ordered_at, total_amount FROM retail.customer_orders WHERE order_status = 'paid' AND ordered_at >= DATE '2025-04-30' AND ordered_at < DATE '2025-04-30' + INTERVAL '30 days' ORDER BY ordered_at DESC LIMIT 250",237,0,3,0,False,True,False,1,1,4,0,0,0,0,0,0,4326.11,4354.86,250.0,30,1432.0,19.056,4,4,1,Limit,1,0,0,0,0,0,0,1,0,7171,0,0,0,150000.0,150000.0,17883136,3391488,1,0.0016666666666666668
retail_product_affinity,"SELECT second.product_id, p.product_name, COUNT(*) AS together_count FROM retail.order_items first JOIN retail.order_items second ON second.order_id = first.order_id AND second.product_id <> first.product_id JOIN retail.products p ON p.product_id = second.product_id WHERE first.product_id = 8920 GROUP BY second.product_id, p.product_name ORDER BY together_count DESC LIMIT 30",377,2,1,0,True,True,False,3,2,3,1,2,0,0,0,0,9510.84,9510.92,30.0,29,774.0,35.636,11,9,2,Limit,1,2,0,0,0,0,2,2,2,50610,16,0,0,615000.0,600000.0,72400896,29237248,3,5e-05
retail_product_affinity,"SELECT second.product_id, p.product_name, COUNT(*) AS together_count FROM retail.order_items first JOIN retail.order_items second ON second.order_id = first.order_id AND second.product_id <> first.product_id JOIN retail.products p ON p.product_id = second.product_id WHERE first.product_id = 8920 GROUP BY second.product_id, p.product_name ORDER BY together_count DESC LIMIT 30",377,2,1,0,True,True,False,3,2,3,1,2,0,0,0,0,9510.84,9510.92,30.0,29,774.0,31.152,11,9,2,Limit,1,2,0,0,0,0,2,2,2,50626,0,0,0,615000.0,600000.0,72400896,29237248,3,5e-05
retail_daily_channel_revenue,"SELECT ordered_at::date AS day, COUNT(*) AS orders, SUM(total_amount) AS revenue, AVG(discount_amount) AS avg_discount FROM retail.customer_orders WHERE sales_channel = 'marketplace' AND ordered_at >= DATE '2023-01-14' - INTERVAL '90 days' AND ordered_at < DATE '2023-01-14' + INTERVAL '90 days' AND order_status <> 'cancelled' GROUP BY ordered_at::date ORDER BY day",366,0,4,0,True,True,False,1,1,4,3,0,0,0,0,0,4624.49,4940.75,2871.0,76,9627.0,24.872,5,5,1,Aggregate,1,0,0,0,0,0,0,1,2,8973,0,0,0,150000.0,150000.0,17883136,3391488,1,0.01914
retail_daily_channel_revenue,"SELECT ordered_at::date AS day, COUNT(*) AS orders, SUM(total_amount) AS revenue, AVG(discount_amount) AS avg_discount FROM retail.customer_orders WHERE sales_channel = 'marketplace' AND ordered_at >= DATE '2023-01-14' - INTERVAL '90 days' AND ordered_at < DATE '2023-01-14' + INTERVAL '90 days' AND order_status <> 'cancelled' GROUP BY ordered_at::date ORDER BY day",366,0,4,0,True,True,False,1,1,4,3,0,0,0,0,0,4624.49,4940.75,2871.0,76,9627.0,23.973,5,5,1,Aggregate,1,0,0,0,0,0,0,1,2,8973,0,0,0,150000.0,150000.0,17883136,3391488,1,0.01914
retail_shipment_sla,"SELECT carrier, shipment_status, COUNT(*) AS shipments, AVG(delivered_at - shipped_at) AS avg_delivery_time FROM retail.shipments WHERE carrier = 'FedEx' AND shipped_at IS NOT NULL AND (delivered_at IS NULL OR delivered_at - shipped_at > INTERVAL '24 hours') GROUP BY carrier, shipment_status ORDER BY shipments DESC",316,0,3,0,True,True,False,1,1,4,2,0,0,0,0,0,2311.71,2311.72,4.0,39,8420.0,15.405,3,3,1,Sort,1,0,0,0,0,0,0,1,1,18,2727,0,0,75000.0,75000.0,12288000,4759552,2,5.333333333333333e-05
retail_shipment_sla,"SELECT carrier, shipment_status, COUNT(*) AS shipments, AVG(delivered_at - shipped_at) AS avg_delivery_time FROM retail.shipments WHERE carrier = 'FedEx' AND shipped_at IS NOT NULL AND (delivered_at IS NULL OR delivered_at - shipped_at > INTERVAL '24 hours') GROUP BY carrier, shipment_status ORDER BY shipments DESC",316,0,3,0,True,True,False,1,1,4,2,0,0,0,0,0,2311.71,2311.72,4.0,39,8420.0,13.255,3,3,1,Sort,1,0,0,0,0,0,0,1,1,2727,18,0,0,75000.0,75000.0,12288000,4759552,2,5.333333333333333e-05
retail_top_products,"SELECT p.product_id, p.product_name, SUM(i.quantity) AS units, SUM(i.quantity * i.unit_price) AS revenue FROM retail.customer_orders o JOIN retail.order_items i ON i.order_id = o.order_id JOIN retail.products p ON p.product_id = i.product_id WHERE o.ordered_at >= DATE '2023-01-06' - INTERVAL '120 days' AND o.order_status IN ('paid', 'processing', 'shipped', 'delivered') GROUP BY p.product_id ORDER BY revenue DESC LIMIT 100",426,2,2,0,True,True,False,3,3,4,2,2,0,0,0,0,20566.74,20566.99,100.0,61,806124.0,414.711,12,9,3,Limit,3,0,0,0,2,0,0,1,2,62137,0,0,0,765000.0,600000.0,90284032,32628736,4,0.00016666666666666666
retail_top_products,"SELECT p.product_id, p.product_name, SUM(i.quantity) AS units, SUM(i.quantity * i.unit_price) AS revenue FROM retail.customer_orders o JOIN retail.order_items i ON i.order_id = o.order_id JOIN retail.products p ON p.product_id = i.product_id WHERE o.ordered_at >= DATE '2023-01-06' - INTERVAL '120 days' AND o.order_status IN ('paid', 'processing', 'shipped', 'delivered') GROUP BY p.product_id ORDER BY revenue DESC LIMIT 100",426,2,2,0,True,True,False,3,3,4,2,2,0,0,0,0,20566.74,20566.99,100.0,61,806124.0,380.233,12,9,3,Limit,3,0,0,0,2,0,0,1,2,62137,0,0,0,765000.0,600000.0,90284032,32628736,4,0.00016666666666666666
retail_shipment_sla,"SELECT carrier, shipment_status, COUNT(*) AS shipments, AVG(delivered_at - shipped_at) AS avg_delivery_time FROM retail.shipments WHERE carrier = 'LocalPost' AND shipped_at IS NOT NULL AND (delivered_at IS NULL OR delivered_at - shipped_at > INTERVAL '48 hours') GROUP BY carrier, shipment_status ORDER BY shipments DESC",320,0,3,0,True,True,False,1,1,4,2,0,0,0,0,0,2394.82,2394.83,4.0,39,16731.0,12.147,3,3,1,Sort,1,0,0,0,0,0,0,1,1,2745,0,0,0,75000.0,75000.0,12288000,4759552,2,5.333333333333333e-05
retail_shipment_sla,"SELECT carrier, shipment_status, COUNT(*) AS shipments, AVG(delivered_at - shipped_at) AS avg_delivery_time FROM retail.shipments WHERE carrier = 'LocalPost' AND shipped_at IS NOT NULL AND (delivered_at IS NULL OR delivered_at - shipped_at > INTERVAL '48 hours') GROUP BY carrier, shipment_status ORDER BY shipments DESC",320,0,3,0,True,True,False,1,1,4,2,0,0,0,0,0,2394.82,2394.83,4.0,39,16731.0,12.408,3,3,1,Sort,1,0,0,0,0,0,0,1,1,2745,0,0,0,75000.0,75000.0,12288000,4759552,2,5.333333333333333e-05
retail_orders_by_status,"SELECT order_id, customer_id, ordered_at, total_amount FROM retail.customer_orders WHERE order_status = 'pending' AND ordered_at >= DATE '2025-08-05' AND ordered_at < DATE '2025-08-05' + INTERVAL '30 days' ORDER BY ordered_at DESC LIMIT 250",240,0,3,0,False,True,False,1,1,4,0,0,0,0,0,0,4326.26,4355.01,250.0,30,1441.0,23.088,4,4,1,Limit,1,0,0,0,0,0,0,1,0,7171,0,0,0,150000.0,150000.0,17883136,3391488,1,0.0016666666666666668
retail_orders_by_status,"SELECT order_id, customer_id, ordered_at, total_amount FROM retail.customer_orders WHERE order_status = 'pending' AND ordered_at >= DATE '2025-08-05' AND ordered_at < DATE '2025-08-05' + INTERVAL '30 days' ORDER BY ordered_at DESC LIMIT 250",240,0,3,0,False,True,False,1,1,4,0,0,0,0,0,0,4326.26,4355.01,250.0,30,1441.0,18.605,4,4,1,Limit,1,0,0,0,0,0,0,1,0,7171,0,0,0,150000.0,150000.0,17883136,3391488,1,0.0016666666666666668
retail_regional_sales,"SELECT a.city, COUNT(DISTINCT o.order_id) AS orders, SUM(o.total_amount) AS gross_sales FROM retail.addresses a JOIN retail.customer_orders o ON o.shipping_address_id = a.address_id WHERE a.region = 'Region 9' AND o.ordered_at >= DATE '2025-02-05' - INTERVAL '180 days' GROUP BY a.city ORDER BY gross_sales DESC",311,1,2,0,True,True,False,2,2,3,2,1,0,0,0,0,5824.0,5824.75,300.0,48,84412.0,43.715,7,6,2,Sort,2,0,0,0,1,0,0,2,1,13427,0,0,0,225000.0,150000.0,25903104,5087232,2,0.002
retail_regional_sales,"SELECT a.city, COUNT(DISTINCT o.order_id) AS orders, SUM(o.total_amount) AS gross_sales FROM retail.addresses a JOIN retail.customer_orders o ON o.shipping_address_id = a.address_id WHERE a.region = 'Region 9' AND o.ordered_at >= DATE '2025-02-05' - INTERVAL '180 days' GROUP BY a.city ORDER BY gross_sales DESC",311,1,2,0,True,True,False,2,2,3,2,1,0,0,0,0,5824.0,5824.75,300.0,48,84412.0,43.103,7,6,2,Sort,2,0,0,0,1,0,0,2,1,13427,0,0,0,225000.0,150000.0,25903104,5087232,2,0.002
retail_stock_by_region,"SELECT w.region, SUM(i.quantity) AS stock, SUM(i.reserved_quantity) AS reserved FROM retail.inventory i JOIN retail.warehouses w ON w.warehouse_id = i.warehouse_id JOIN retail.products p ON p.product_id = i.product_id WHERE p.category_id = 55 GROUP BY w.region ORDER BY stock DESC",280,2,1,0,True,True,False,3,3,3,2,2,0,0,0,0,4803.72,4803.76,15.0,25,137370.0,31.423,12,9,3,Sort,3,0,0,0,2,0,0,2,2,18139,0,0,0,240015.0,225000.0,23756800,7987200,5,6.666666666666667e-05
retail_stock_by_region,"SELECT w.region, SUM(i.quantity) AS stock, SUM(i.reserved_quantity) AS reserved FROM retail.inventory i JOIN retail.warehouses w ON w.warehouse_id = i.warehouse_id JOIN retail.products p ON p.product_id = i.product_id WHERE p.category_id = 55 GROUP BY w.region ORDER BY stock DESC",280,2,1,0,True,True,False,3,3,3,2,2,0,0,0,0,4803.72,4803.76,15.0,25,137370.0,32.161,12,9,3,Sort,3,0,0,0,2,0,0,2,2,18139,0,0,0,240015.0,225000.0,23756800,7987200,5,6.666666666666667e-05
retail_repeat_customers,"SELECT customer_id, COUNT(*) AS order_count, MIN(ordered_at) AS first_order, MAX(ordered_at) AS last_order FROM retail.customer_orders WHERE ordered_at >= DATE '2025-07-16' - INTERVAL '365 days' AND order_status = 'delivered' GROUP BY customer_id HAVING COUNT(*) >= 3 ORDER BY order_count DESC, last_order DESC LIMIT 300",320,0,2,0,True,True,False,1,1,4,4,0,0,0,0,0,4448.66,4449.41,300.0,32,19913.0,30.701,4,4,1,Limit,1,0,0,0,0,0,0,1,1,7060,0,0,0,150000.0,150000.0,17883136,3391488,1,0.002
retail_repeat_customers,"SELECT customer_id, COUNT(*) AS order_count, MIN(ordered_at) AS first_order, MAX(ordered_at) AS last_order FROM retail.customer_orders WHERE ordered_at >= DATE '2025-07-16' - INTERVAL '365 days' AND order_status = 'delivered' GROUP BY customer_id HAVING COUNT(*) >= 3 ORDER BY order_count DESC, last_order DESC LIMIT 300",320,0,2,0,True,True,False,1,1,4,4,0,0,0,0,0,4448.66,4449.41,300.0,32,19913.0,37.225,4,4,1,Limit,1,0,0,0,0,0,0,1,1,7060,0,0,0,150000.0,150000.0,17883136,3391488,1,0.002
retail_product_affinity,"SELECT second.product_id, p.product_name, COUNT(*) AS together_count FROM retail.order_items first JOIN retail.order_items second ON second.order_id = first.order_id AND second.product_id <> first.product_id JOIN retail.products p ON p.product_id = second.product_id WHERE first.product_id = 1996 GROUP BY second.product_id, p.product_name ORDER BY together_count DESC LIMIT 30",377,2,1,0,True,True,False,3,2,3,1,2,0,0,0,0,9510.84,9510.92,30.0,29,774.0,37.513,11,9,2,Limit,1,2,0,0,0,0,2,2,2,50584,42,0,0,615000.0,600000.0,72400896,29237248,3,5e-05
retail_product_affinity,"SELECT second.product_id, p.product_name, COUNT(*) AS together_count FROM retail.order_items first JOIN retail.order_items second ON second.order_id = first.order_id AND second.product_id <> first.product_id JOIN retail.products p ON p.product_id = second.product_id WHERE first.product_id = 1996 GROUP BY second.product_id, p.product_name ORDER BY together_count DESC LIMIT 30",377,2,1,0,True,True,False,3,2,3,1,2,0,0,0,0,9510.84,9510.92,30.0,29,774.0,35.052,11,9,2,Limit,1,2,0,0,0,0,2,2,2,50626,0,0,0,615000.0,600000.0,72400896,29237248,3,5e-05
retail_top_products,"SELECT p.product_id, p.product_name, SUM(i.quantity) AS units, SUM(i.quantity * i.unit_price) AS revenue FROM retail.customer_orders o JOIN retail.order_items i ON i.order_id = o.order_id JOIN retail.products p ON p.product_id = i.product_id WHERE o.ordered_at >= DATE '2024-01-06' - INTERVAL '120 days' AND o.order_status IN ('paid', 'processing', 'shipped', 'delivered') GROUP BY p.product_id ORDER BY revenue DESC LIMIT 25",425,2,2,0,True,True,False,3,3,4,2,2,0,0,0,0,19669.72,19669.78,25.0,61,702587.0,376.522,12,9,3,Limit,3,0,0,0,2,0,0,1,2,62137,0,9,54,765000.0,600000.0,90284032,32628736,4,4.1666666666666665e-05
retail_top_products,"SELECT p.product_id, p.product_name, SUM(i.quantity) AS units, SUM(i.quantity * i.unit_price) AS revenue FROM retail.customer_orders o JOIN retail.order_items i ON i.order_id = o.order_id JOIN retail.products p ON p.product_id = i.product_id WHERE o.ordered_at >= DATE '2024-01-06' - INTERVAL '120 days' AND o.order_status IN ('paid', 'processing', 'shipped', 'delivered') GROUP BY p.product_id ORDER BY revenue DESC LIMIT 25",425,2,2,0,True,True,False,3,3,4,2,2,0,0,0,0,19669.72,19669.78,25.0,61,702587.0,537.441,12,9,3,Limit,3,0,0,0,2,0,0,1,2,62137,0,3,3,765000.0,600000.0,90284032,32628736,4,4.1666666666666665e-05
retail_customer_lifetime_value,"SELECT c.customer_id, c.full_name, COUNT(o.order_id) AS orders, SUM(o.total_amount - o.discount_amount) AS lifetime_value, MAX(o.ordered_at) AS last_order FROM retail.customers c JOIN retail.customer_orders o ON o.customer_id = c.customer_id WHERE c.segment = 'business' AND o.order_status <> 'cancelled' GROUP BY c.customer_id HAVING COUNT(o.order_id) >= 4 ORDER BY lifetime_value DESC LIMIT 200",396,1,2,0,True,True,False,2,2,5,4,1,0,0,0,0,6459.58,6460.08,200.0,70,211130.0,95.408,7,6,2,Limit,2,0,0,0,1,0,0,1,1,12719,0,36,105,200000.0,150000.0,28786688,8937472,3,0.0013333333333333333
retail_customer_lifetime_value,"SELECT c.customer_id, c.full_name, COUNT(o.order_id) AS orders, SUM(o.total_amount - o.discount_amount) AS lifetime_value, MAX(o.ordered_at) AS last_order FROM retail.customers c JOIN retail.customer_orders o ON o.customer_id = c.customer_id WHERE c.segment = 'business' AND o.order_status <> 'cancelled' GROUP BY c.customer_id HAVING COUNT(o.order_id) >= 4 ORDER BY lifetime_value DESC LIMIT 200",396,1,2,0,True,True,False,2,2,5,4,1,0,0,0,0,6459.58,6460.08,200.0,70,211130.0,120.638,7,6,2,Limit,2,0,0,0,1,0,0,1,1,12719,0,36,105,200000.0,150000.0,28786688,8937472,3,0.0013333333333333333
retail_inventory_imbalance,"SELECT product_id, MAX(quantity) - MIN(quantity) AS stock_spread, AVG(quantity) AS avg_stock, SUM(reserved_quantity) AS reserved FROM retail.inventory GROUP BY product_id HAVING MAX(quantity) - MIN(quantity) > 100 ORDER BY stock_spread DESC LIMIT 200",250,0,0,0,True,True,False,1,1,4,6,0,0,0,0,0,7207.14,7207.64,200.0,52,235170.0,104.923,4,4,1,Limit,1,0,0,0,0,0,0,1,1,6620,0,0,0,225000.0,225000.0,20701184,7110656,1,0.0008888888888888889
retail_inventory_imbalance,"SELECT product_id, MAX(quantity) - MIN(quantity) AS stock_spread, AVG(quantity) AS avg_stock, SUM(reserved_quantity) AS reserved FROM retail.inventory GROUP BY product_id HAVING MAX(quantity) - MIN(quantity) > 100 ORDER BY stock_spread DESC LIMIT 200",250,0,0,0,True,True,False,1,1,4,6,0,0,0,0,0,7207.14,7207.64,200.0,52,235170.0,101.866,4,4,1,Limit,1,0,0,0,0,0,0,1,1,6620,0,0,0,225000.0,225000.0,20701184,7110656,1,0.0008888888888888889
retail_daily_channel_revenue,"SELECT ordered_at::date AS day, COUNT(*) AS orders, SUM(total_amount) AS revenue, AVG(discount_amount) AS avg_discount FROM retail.customer_orders WHERE sales_channel = 'mobile' AND ordered_at >= DATE '2023-09-08' - INTERVAL '90 days' AND ordered_at < DATE '2023-09-08' + INTERVAL '90 days' AND order_status <> 'cancelled' GROUP BY ordered_at::date ORDER BY day",361,0,4,0,True,True,False,1,1,4,3,0,0,0,0,0,5107.03,5266.42,5313.0,76,15939.0,30.38,3,3,1,Aggregate,1,0,0,0,0,0,0,1,1,5295,0,0,0,150000.0,150000.0,17883136,3391488,1,0.03542
retail_daily_channel_revenue,"SELECT ordered_at::date AS day, COUNT(*) AS orders, SUM(total_amount) AS revenue, AVG(discount_amount) AS avg_discount FROM retail.customer_orders WHERE sales_channel = 'mobile' AND ordered_at >= DATE '2023-09-08' - INTERVAL '90 days' AND ordered_at < DATE '2023-09-08' + INTERVAL '90 days' AND order_status <> 'cancelled' GROUP BY ordered_at::date ORDER BY day",361,0,4,0,True,True,False,1,1,4,3,0,0,0,0,0,5107.03,5266.42,5313.0,76,15939.0,30.676,3,3,1,Aggregate,1,0,0,0,0,0,0,1,1,5295,0,0,0,150000.0,150000.0,17883136,3391488,1,0.03542
retail_brand_performance,"SELECT p.brand, o.sales_channel, COUNT(DISTINCT o.order_id) AS orders, SUM(i.quantity) AS units, AVG(i.unit_price) AS avg_price FROM retail.products p JOIN retail.order_items i ON i.product_id = p.product_id JOIN retail.customer_orders o ON o.order_id = i.order_id WHERE p.brand = 'Brand 28' AND o.order_status <> 'cancelled' GROUP BY p.brand, o.sales_channel ORDER BY units DESC",379,2,2,0,True,True,False,3,3,5,3,2,0,0,0,0,10351.55,10351.56,4.0,64,254794.0,60.801,10,8,3,Sort,2,1,0,0,1,0,1,2,1,99544,0,0,0,765000.0,600000.0,90284032,32628736,4,6.666666666666667e-06
retail_brand_performance,"SELECT p.brand, o.sales_channel, COUNT(DISTINCT o.order_id) AS orders, SUM(i.quantity) AS units, AVG(i.unit_price) AS avg_price FROM retail.products p JOIN retail.order_items i ON i.product_id = p.product_id JOIN retail.customer_orders o ON o.order_id = i.order_id WHERE p.brand = 'Brand 28' AND o.order_status <> 'cancelled' GROUP BY p.brand, o.sales_channel ORDER BY units DESC",379,2,2,0,True,True,False,3,3,5,3,2,0,0,0,0,10351.55,10351.56,4.0,64,254794.0,60.724,10,8,3,Sort,2,1,0,0,1,0,1,2,1,99544,0,0,0,765000.0,600000.0,90284032,32628736,4,6.666666666666667e-06
retail_refund_report,"SELECT p.payment_method, COUNT(*) AS refunds, SUM(p.amount) AS refunded, AVG(o.total_amount) AS avg_order_value FROM retail.payments p JOIN retail.customer_orders o ON o.order_id = p.order_id WHERE p.payment_status = 'refunded' AND o.ordered_at >= DATE '2025-05-23' - INTERVAL '365 days' GROUP BY p.payment_method ORDER BY refunded DESC",336,1,2,0,True,True,False,2,2,4,3,1,0,0,0,0,7018.3,7018.31,4.0,79,103682.0,60.597,9,8,2,Sort,2,0,0,0,1,0,0,2,2,23693,0,0,0,300000.0,150000.0,32792576,6782976,2,2.6666666666666667e-05
retail_refund_report,"SELECT p.payment_method, COUNT(*) AS refunds, SUM(p.amount) AS refunded, AVG(o.total_amount) AS avg_order_value FROM retail.payments p JOIN retail.customer_orders o ON o.order_id = p.order_id WHERE p.payment_status = 'refunded' AND o.ordered_at >= DATE '2025-05-23' - INTERVAL '365 days' GROUP BY p.payment_method ORDER BY refunded DESC",336,1,2,0,True,True,False,2,2,4,3,1,0,0,0,0,7018.3,7018.31,4.0,79,103682.0,51.404,9,8,2,Sort,2,0,0,0,1,0,0,2,2,23693,0,0,0,300000.0,150000.0,32792576,6782976,2,2.6666666666666667e-05
retail_failed_payments,"SELECT p.payment_id, p.order_id, p.amount, o.customer_id, o.ordered_at FROM retail.payments p JOIN retail.customer_orders o ON o.order_id = p.order_id WHERE p.payment_status = 'failed' AND p.payment_method = 'bank_transfer' ORDER BY o.ordered_at DESC LIMIT 500",260,1,2,0,False,True,False,2,2,5,0,1,0,0,0,0,7064.96,7122.46,500.0,38,115210.0,53.159,7,6,2,Limit,2,0,0,0,1,0,0,1,0,17544,0,0,0,300000.0,150000.0,32792576,6782976,2,0.0033333333333333335
retail_failed_payments,"SELECT p.payment_id, p.order_id, p.amount, o.customer_id, o.ordered_at FROM retail.payments p JOIN retail.customer_orders o ON o.order_id = p.order_id WHERE p.payment_status = 'failed' AND p.payment_method = 'bank_transfer' ORDER BY o.ordered_at DESC LIMIT 500",260,1,2,0,False,True,False,2,2,5,0,1,0,0,0,0,7064.96,7122.46,500.0,38,115210.0,53.664,7,6,2,Limit,2,0,0,0,1,0,0,1,0,17544,0,0,0,300000.0,150000.0,32792576,6782976,2,0.0033333333333333335
retail_stale_pending_orders,"SELECT o.order_id, o.customer_id, o.ordered_at, o.total_amount FROM retail.customer_orders o LEFT JOIN retail.payments p ON p.order_id = o.order_id WHERE o.order_status = 'pending' AND o.ordered_at < DATE '2023-05-30' AND (p.payment_id IS NULL OR p.payment_status = 'failed') ORDER BY o.ordered_at LIMIT 250",307,1,3,0,False,True,False,2,2,4,0,0,1,0,0,0,6650.32,6679.07,250.0,30,93838.0,39.821,7,6,2,Limit,2,0,0,0,1,0,0,1,0,17907,0,0,0,300000.0,150000.0,32792576,6782976,2,0.0016666666666666668
retail_stale_pending_orders,"SELECT o.order_id, o.customer_id, o.ordered_at, o.total_amount FROM retail.customer_orders o LEFT JOIN retail.payments p ON p.order_id = o.order_id WHERE o.order_status = 'pending' AND o.ordered_at < DATE '2023-05-30' AND (p.payment_id IS NULL OR p.payment_status = 'failed') ORDER BY o.ordered_at LIMIT 250",307,1,3,0,False,True,False,2,2,4,0,0,1,0,0,0,6650.32,6679.07,250.0,30,93838.0,39.029,7,6,2,Limit,2,0,0,0,1,0,0,1,0,17907,0,0,0,300000.0,150000.0,32792576,6782976,2,0.0016666666666666668
retail_basket_statistics,"SELECT o.sales_channel, COUNT(DISTINCT o.order_id) AS orders, AVG(b.units) AS avg_units, AVG(b.lines) AS avg_lines FROM retail.customer_orders o JOIN (SELECT order_id, SUM(quantity) AS units, COUNT(*) AS lines FROM retail.order_items GROUP BY order_id) b ON b.order_id = o.order_id WHERE o.sales_channel = 'marketplace' AND o.order_status <> 'cancelled' GROUP BY o.sales_channel",378,1,2,1,True,False,False,2,2,7,5,1,0,0,0,0,0.84,57301.05,1.0,79,812797.0,367.295,5,4,2,Aggregate,0,2,0,0,0,1,0,0,2,2414383,5876,0,0,750000.0,600000.0,87277568,31784960,2,1.6666666666666667e-06
retail_basket_statistics,"SELECT o.sales_channel, COUNT(DISTINCT o.order_id) AS orders, AVG(b.units) AS avg_units, AVG(b.lines) AS avg_lines FROM retail.customer_orders o JOIN (SELECT order_id, SUM(quantity) AS units, COUNT(*) AS lines FROM retail.order_items GROUP BY order_id) b ON b.order_id = o.order_id WHERE o.sales_channel = 'marketplace' AND o.order_status <> 'cancelled' GROUP BY o.sales_channel",378,1,2,1,True,False,False,2,2,7,5,1,0,0,0,0,0.84,57301.05,1.0,79,812797.0,384.475,5,4,2,Aggregate,0,2,0,0,0,1,0,0,2,2413479,6780,0,0,750000.0,600000.0,87277568,31784960,2,1.6666666666666667e-06
retail_customer_history,"SELECT o.order_id, o.ordered_at, o.order_status, o.total_amount, COUNT(i.line_no) AS line_count, SUM(i.quantity) AS units FROM retail.customer_orders o JOIN retail.order_items i ON i.order_id = o.order_id WHERE o.customer_id = 2556 GROUP BY o.order_id ORDER BY o.ordered_at DESC",278,1,1,0,True,True,False,2,2,6,2,1,0,0,0,0,3700.81,3700.81,3.0,46,37.0,12.916,6,5,2,Sort,1,1,0,0,0,0,1,2,1,8930,0,0,0,750000.0,600000.0,87277568,31784960,2,5e-06
retail_customer_history,"SELECT o.order_id, o.ordered_at, o.order_status, o.total_amount, COUNT(i.line_no) AS line_count, SUM(i.quantity) AS units FROM retail.customer_orders o JOIN retail.order_items i ON i.order_id = o.order_id WHERE o.customer_id = 2556 GROUP BY o.order_id ORDER BY o.ordered_at DESC",278,1,1,0,True,True,False,2,2,6,2,1,0,0,0,0,3700.81,3700.81,3.0,46,37.0,13.196,6,5,2,Sort,1,1,0,0,0,0,1,2,1,8930,0,0,0,750000.0,600000.0,87277568,31784960,2,5e-06
retail_category_revenue,"SELECT c.category_name, COUNT(DISTINCT o.order_id) AS orders, SUM(i.quantity * i.unit_price) AS revenue FROM retail.categories c JOIN retail.products p ON p.category_id = c.category_id JOIN retail.order_items i ON i.product_id = p.product_id JOIN retail.customer_orders o ON o.order_id = i.order_id WHERE c.category_id = 28 AND o.ordered_at >= DATE '2025-04-12' - INTERVAL '180 days' GROUP BY c.category_name",408,3,2,0,True,False,False,4,4,3,2,3,0,0,0,0,12200.73,12301.91,1.0,51,268494.0,82.744,11,8,4,Aggregate,2,2,0,0,1,0,2,0,1,281820,4,0,0,765060.0,600000.0,90333184,32661504,6,1.6666666666666667e-06
retail_category_revenue,"SELECT c.category_name, COUNT(DISTINCT o.order_id) AS orders, SUM(i.quantity * i.unit_price) AS revenue FROM retail.categories c JOIN retail.products p ON p.category_id = c.category_id JOIN retail.order_items i ON i.product_id = p.product_id JOIN retail.customer_orders o ON o.order_id = i.order_id WHERE c.category_id = 28 AND o.ordered_at >= DATE '2025-04-12' - INTERVAL '180 days' GROUP BY c.category_name",408,3,2,0,True,False,False,4,4,3,2,3,0,0,0,0,12200.73,12301.91,1.0,51,268494.0,88.337,11,8,4,Aggregate,2,2,0,0,1,0,2,0,1,281824,0,0,0,765060.0,600000.0,90333184,32661504,6,1.6666666666666667e-06
retail_low_inventory,"SELECT w.warehouse_name, p.sku, p.product_name, i.quantity - i.reserved_quantity AS available FROM retail.inventory i JOIN retail.warehouses w ON w.warehouse_id = i.warehouse_id JOIN retail.products p ON p.product_id = i.product_id WHERE w.region = 'Region 12' AND i.quantity - i.reserved_quantity < 5 AND p.is_active ORDER BY available, p.sku LIMIT 300",353,2,3,0,False,True,False,3,3,4,0,2,0,0,0,0,3157.71,3158.46,300.0,42,64373.0,11.438,9,6,3,Limit,2,0,0,1,1,0,1,1,0,1855,360,0,0,240015.0,225000.0,23756800,7987200,5,0.0013333333333333333
retail_low_inventory,"SELECT w.warehouse_name, p.sku, p.product_name, i.quantity - i.reserved_quantity AS available FROM retail.inventory i JOIN retail.warehouses w ON w.warehouse_id = i.warehouse_id JOIN retail.products p ON p.product_id = i.product_id WHERE w.region = 'Region 12' AND i.quantity - i.reserved_quantity < 5 AND p.is_active ORDER BY available, p.sku LIMIT 300",353,2,3,0,False,True,False,3,3,4,0,2,0,0,0,0,3157.71,3158.46,300.0,42,64373.0,11.408,9,6,3,Limit,2,0,0,1,1,0,1,1,0,2215,0,0,0,240015.0,225000.0,23756800,7987200,5,0.0013333333333333333
